seed,seed_index,scenario,max_delay,policy,probe_num_agents,probe_updates,probe_cost,selected_num_agents,selected_eta,estimated_selected_lrv,true_selected_lrv,num_agents,eta,proxy_risk,lrv_used,predicted_exploitation_updates
20260729,0,independent,4,adaptive_probe,32.0,80.0,2880.0,16.0,0.005946035575013605,0.0301119681320557,0.09374999999999999,16.0,0.005946035575013605,0.00010381666456038717,0.0301119681320557,656.0
20260729,0,independent,4,probe_oracle,32.0,80.0,2880.0,32.0,0.009170040432046712,0.02599512189718732,0.04687499999999999,32.0,0.009170040432046712,0.00025788865357945375,0.04687499999999999,364.0
20260729,0,independent,4,all_agents_adaptive_eta,32.0,80.0,2880.0,32.0,0.011387886347566916,0.02599512189718732,0.04687499999999999,32.0,0.011387886347566916,0.00015849131005114288,0.02599512189718732,364.0
20260729,0,independent,4,fixed_q8_adaptive_eta,8.0,80.0,960.0,8.0,0.0031046445301837096,0.07135630551302079,0.18749999999999997,8.0,0.0031046445301837096,0.00012215368284451559,0.07135630551302079,1253.0
20260729,0,independent,4,fixed_q1_adaptive_eta,1.0,80.0,400.0,1.0,0.0025,1.3431016900002586,1.4999999999999998,1.0,0.0025,0.001680982670845314,1.3431016900002586,3120.0
20260729,0,independent,16,adaptive_probe,32.0,80.0,2880.0,16.0,0.005946035575013605,0.021485896466829933,0.09374999999999999,16.0,0.005946035575013605,7.341573550556482e-05,0.021485896466829933,656.0
20260729,0,independent,16,probe_oracle,32.0,80.0,2880.0,32.0,0.009170040432046712,0.04583660191940613,0.04687499999999999,32.0,0.009170040432046712,0.00024724253980583176,0.04687499999999999,364.0
20260729,0,independent,16,all_agents_adaptive_eta,32.0,80.0,2880.0,32.0,0.009170040432046712,0.04583660191940613,0.04687499999999999,32.0,0.009170040432046712,0.0002421674599064669,0.04583660191940613,364.0
20260729,0,independent,16,fixed_q8_adaptive_eta,8.0,80.0,960.0,8.0,0.0031046445301837096,0.07708901030875866,0.18749999999999997,8.0,0.0031046445301837096,0.0001268359226355447,0.07708901030875866,1253.0
20260729,0,independent,16,fixed_q1_adaptive_eta,1.0,80.0,400.0,1.0,0.0025,1.2799918496042224,1.4999999999999998,1.0,0.0025,0.0016019932431644438,1.2799918496042224,3120.0
20260729,0,clustered,4,adaptive_probe,32.0,80.0,2880.0,4.0,0.0025,0.5428997439519859,0.8950479968782517,4.0,0.0025,0.0007025402239580145,0.5428997439519859,1640.0
20260729,0,clustered,4,probe_oracle,32.0,80.0,2880.0,4.0,0.0025,0.5428997439519859,0.8950479968782517,4.0,0.0025,0.0011431566471043657,0.8950479968782517,1640.0
20260729,0,clustered,4,all_agents_adaptive_eta,32.0,80.0,2880.0,32.0,0.007384130729697496,0.49486869814992457,0.8688495057232047,32.0,0.007384130729697496,0.002211580374990971,0.49486869814992457,364.0
20260729,0,clustered,4,fixed_q8_adaptive_eta,8.0,80.0,960.0,8.0,0.0025,0.4235223123586907,0.8462644380853276,8.0,0.0025,0.0006735813236632043,0.4235223123586907,1253.0
20260729,0,clustered,4,fixed_q1_adaptive_eta,1.0,80.0,400.0,1.0,0.0025,1.9820664715755796,3.0564999999999993,1.0,0.0025,0.0024807083368091807,1.9820664715755796,3120.0
20260729,0,clustered,16,adaptive_probe,32.0,80.0,2880.0,4.0,0.0025,0.6275773681706499,0.8950479968782517,4.0,0.0025,0.0008053173188821817,0.6275773681706499,1640.0
20260729,0,clustered,16,probe_oracle,32.0,80.0,2880.0,4.0,0.0025,0.6275773681706499,0.8950479968782517,4.0,0.0025,0.0011399830477010198,0.8950479968782517,1640.0
20260729,0,clustered,16,all_agents_adaptive_eta,32.0,80.0,2880.0,32.0,0.007384130729697496,0.536743531913996,0.8688495057232047,32.0,0.007384130729697496,0.0023295930631971958,0.536743531913996,364.0
20260729,0,clustered,16,fixed_q8_adaptive_eta,8.0,80.0,960.0,8.0,0.0025,0.5401809539725095,0.8462644380853276,8.0,0.0025,0.0007996565760014755,0.5401809539725095,1253.0
20260729,0,clustered,16,fixed_q1_adaptive_eta,1.0,80.0,400.0,1.0,0.0025,1.309448971844247,3.0564999999999993,1.0,0.0025,0.0016388712914016217,1.309448971844247,3120.0
20260729,0,global,4,adaptive_probe,32.0,80.0,2880.0,2.0,0.0025,0.42578243455165354,17.014563995837655,2.0,0.0025,0.0005328892310836933,0.42578243455165354,2186.0
20260729,0,global,4,probe_oracle,32.0,80.0,2880.0,1.0,0.0025,1.1493927454991946,15.575999999999988,1.0,0.0025,0.01949433001640121,15.575999999999988,2624.0
20260729,0,global,4,all_agents_adaptive_eta,32.0,80.0,2880.0,32.0,0.0025,0.7335683584965558,23.418749999999978,32.0,0.0025,0.0008140474067492528,0.7335683584965558,364.0
20260729,0,global,4,fixed_q8_adaptive_eta,8.0,80.0,960.0,8.0,0.0025,0.8186634300578415,21.698450572320485,8.0,0.0025,0.0010231969173068675,0.8186634300578415,1253.0
20260729,0,global,4,fixed_q1_adaptive_eta,1.0,80.0,400.0,1.0,0.0025,1.1493927454991946,15.575999999999988,1.0,0.0025,0.0014385389186111833,1.1493927454991946,3120.0
20260729,0,global,16,adaptive_probe,32.0,80.0,2880.0,8.0,0.0025,0.11536931237117343,21.698450572320485,8.0,0.0025,0.00015633325966884853,0.11536931237117343,1093.0
20260729,0,global,16,probe_oracle,32.0,80.0,2880.0,1.0,0.0025,0.47346794784813023,15.575999999999988,1.0,0.0025,0.01949433534181774,15.575999999999988,2624.0
20260729,0,global,16,all_agents_adaptive_eta,32.0,80.0,2880.0,32.0,0.0038555270635198514,0.234897624840595,23.418749999999978,32.0,0.0038555270635198514,0.0006006720628849598,0.234897624840595,364.0
20260729,0,global,16,fixed_q8_adaptive_eta,8.0,80.0,960.0,8.0,0.0025,0.11536931237117343,21.698450572320485,8.0,0.0025,0.00014695313872203184,0.11536931237117343,1253.0
20260729,0,global,16,fixed_q1_adaptive_eta,1.0,80.0,400.0,1.0,0.0025,0.47346794784813023,15.575999999999988,1.0,0.0025,0.0005925757071464816,0.47346794784813023,3120.0
20260729,0,mixed,4,adaptive_probe,32.0,80.0,2880.0,8.0,0.0025,0.6456319696020998,11.382151578217128,8.0,0.0025,0.0008745746419445289,0.6456319696020998,1093.0
20260729,0,mixed,4,probe_oracle,32.0,80.0,2880.0,2.0,0.0025,1.1016654887342678,9.510085154353096,2.0,0.0025,0.011902568153269134,9.510085154353096,2186.0
20260729,0,mixed,4,all_agents_adaptive_eta,32.0,80.0,2880.0,32.0,0.0047880164034928676,0.6357014505439924,12.280795503815458,32.0,0.0047880164034928676,0.001983996951410363,0.6357014505439924,364.0
20260729,0,mixed,4,fixed_q8_adaptive_eta,8.0,80.0,960.0,8.0,0.0025,0.6456319696020998,11.382151578217128,8.0,0.0025,0.0008356079349436569,0.6456319696020998,1253.0
20260729,0,mixed,4,fixed_q1_adaptive_eta,1.0,80.0,400.0,1.0,0.0025,1.924507717327306,9.57566666666666,1.0,0.0025,0.0024086543966577085,1.924507717327306,3120.0
20260729,0,mixed,16,adaptive_probe,32.0,80.0,2880.0,8.0,0.0025,0.41705859765639197,11.382151578217128,8.0,0.0025,0.0005649732068754976,0.41705859765639197,1093.0
20260729,0,mixed,16,probe_oracle,32.0,80.0,2880.0,2.0,0.0025,0.9053278790019819,9.510085154353096,2.0,0.0025,0.011902461867978836,9.510085154353096,2186.0
20260729,0,mixed,16,all_agents_adaptive_eta,32.0,80.0,2880.0,32.0,0.0047880164034928676,0.4935929347868945,12.280795503815458,32.0,0.0047880164034928676,0.0014773359791109186,0.4935929347868945,364.0
20260729,0,mixed,16,fixed_q8_adaptive_eta,8.0,80.0,960.0,8.0,0.0025,0.41705859765639197,11.382151578217128,8.0,0.0025,0.0005443196072538446,0.41705859765639197,1253.0
20260729,0,mixed,16,fixed_q1_adaptive_eta,1.0,80.0,400.0,1.0,0.0025,0.7146961716564619,9.57566666666666,1.0,0.0025,0.0008944914041814965,0.7146961716564619,3120.0
20260730,1,independent,4,adaptive_probe,32.0,80.0,2880.0,16.0,0.005946035575013605,0.043202668848924944,0.09374999999999999,16.0,0.005946035575013605,0.00013888969857204578,0.043202668848924944,656.0
20260730,1,independent,4,probe_oracle,32.0,80.0,2880.0,32.0,0.009170040432046712,0.046612078232273826,0.04687499999999999,32.0,0.009170040432046712,0.00024645252719125834,0.04687499999999999,364.0
20260730,1,independent,4,all_agents_adaptive_eta,32.0,80.0,2880.0,32.0,0.009170040432046712,0.046612078232273826,0.04687499999999999,32.0,0.009170040432046712,0.00024522791062338723,0.046612078232273826,364.0
20260730,1,independent,4,fixed_q8_adaptive_eta,8.0,80.0,960.0,8.0,0.0025,0.15143463533425813,0.18749999999999997,8.0,0.0025,0.000240941648371853,0.15143463533425813,1253.0
20260730,1,independent,4,fixed_q1_adaptive_eta,1.0,80.0,400.0,1.0,0.0025,0.4266760420015881,1.4999999999999998,1.0,0.0025,0.0005340179534062644,0.4266760420015881,3120.0
20260730,1,independent,16,adaptive_probe,32.0,80.0,2880.0,16.0,0.0047880164034928676,0.04650567711960808,0.09374999999999999,16.0,0.0047880164034928676,0.0001405048368795333,0.04650567711960808,656.0
20260730,1,independent,16,probe_oracle,32.0,80.0,2880.0,32.0,0.007384130729697496,0.03443914726978151,0.04687499999999999,32.0,0.007384130729697496,0.0002360894959796473,0.04687499999999999,364.0
20260730,1,independent,16,all_agents_adaptive_eta,32.0,80.0,2880.0,32.0,0.009170040432046712,0.03443914726978151,0.04687499999999999,32.0,0.009170040432046712,0.00018063629604147153,0.03443914726978151,364.0
20260730,1,independent,16,fixed_q8_adaptive_eta,8.0,80.0,960.0,8.0,0.0031046445301837096,0.1096274474125511,0.18749999999999997,8.0,0.0031046445301837096,0.00018318523093528133,0.1096274474125511,1253.0
20260730,1,independent,16,fixed_q1_adaptive_eta,1.0,80.0,400.0,1.0,0.0025,0.19237364786767855,1.4999999999999998,1.0,0.0025,0.00024077407609073565,0.19237364786767855,3120.0
20260730,1,clustered,4,adaptive_probe,32.0,80.0,2880.0,8.0,0.0031046445301837096,0.18353485439885053,0.8462644380853276,8.0,0.0031046445301837096,0.0003267639861197581,0.18353485439885053,1093.0
20260730,1,clustered,4,probe_oracle,32.0,80.0,2880.0,4.0,0.0025,0.25972065937616884,0.8950479968782517,4.0,0.0025,0.0011300648347996845,0.8950479968782517,1640.0
20260730,1,clustered,4,all_agents_adaptive_eta,32.0,80.0,2880.0,32.0,0.007384130729697496,0.24636559141985426,0.8688495057232047,32.0,0.007384130729697496,0.0010782757616137858,0.24636559141985426,364.0
20260730,1,clustered,4,fixed_q8_adaptive_eta,8.0,80.0,960.0,8.0,0.0031046445301837096,0.18353485439885053,0.8462644380853276,8.0,0.0031046445301837096,0.0003017746241868961,0.18353485439885053,1253.0
20260730,1,clustered,4,fixed_q1_adaptive_eta,1.0,80.0,400.0,1.0,0.0025,1.7790165440632135,3.0564999999999993,1.0,0.0025,0.00222657088907565,1.7790165440632135,3120.0
20260730,1,clustered,16,adaptive_probe,32.0,80.0,2880.0,8.0,0.0031046445301837096,0.13597362134220986,0.8462644380853276,8.0,0.0031046445301837096,0.00024493221860267124,0.13597362134220986,1093.0
20260730,1,clustered,16,probe_oracle,32.0,80.0,2880.0,4.0,0.0025,0.29138459438359626,0.8950479968782517,4.0,0.0025,0.001128136483426926,0.8950479968782517,1640.0
20260730,1,clustered,16,all_agents_adaptive_eta,32.0,80.0,2880.0,32.0,0.007384130729697496,0.2701879762121032,0.8688495057232047,32.0,0.007384130729697496,0.0011495823085076388,0.2701879762121032,364.0
20260730,1,clustered,16,fixed_q8_adaptive_eta,8.0,80.0,960.0,8.0,0.0031046445301837096,0.13597362134220986,0.8462644380853276,8.0,0.0031046445301837096,0.0002311487535213188,0.13597362134220986,1253.0
20260730,1,clustered,16,fixed_q1_adaptive_eta,1.0,80.0,400.0,1.0,0.0025,1.4108866033491068,3.0564999999999993,1.0,0.0025,0.0017658245451769527,1.4108866033491068,3120.0
20260730,1,global,4,adaptive_probe,32.0,80.0,2880.0,1.0,0.0025,1.7858762712116218,15.575999999999988,1.0,0.0025,0.002235401820282388,1.7858762712116218,2624.0
20260730,1,global,4,probe_oracle,32.0,80.0,2880.0,1.0,0.0025,1.7858762712116218,15.575999999999988,1.0,0.0025,0.019494596480751875,15.575999999999988,2624.0
20260730,1,global,4,all_agents_adaptive_eta,32.0,80.0,2880.0,32.0,0.005946035575013605,2.4205493481538882,23.418749999999978,32.0,0.005946035575013605,0.008881859197681708,2.4205493481538882,364.0
20260730,1,global,4,fixed_q8_adaptive_eta,8.0,80.0,960.0,8.0,0.0025,2.372983649792579,21.698450572320485,8.0,0.0025,0.003218316909776974,2.372983649792579,1253.0
20260730,1,global,4,fixed_q1_adaptive_eta,1.0,80.0,400.0,1.0,0.0025,1.7858762712116218,15.575999999999988,1.0,0.0025,0.0022351585714873406,1.7858762712116218,3120.0
20260730,1,global,16,adaptive_probe,32.0,80.0,2880.0,1.0,0.0025,3.477754421424267,15.575999999999988,1.0,0.0025,0.004352626180501475,3.477754421424267,2624.0
20260730,1,global,16,probe_oracle,32.0,80.0,2880.0,1.0,0.0025,3.477754421424267,15.575999999999988,1.0,0.0025,0.019494330460855226,15.575999999999988,2624.0
20260730,1,global,16,all_agents_adaptive_eta,32.0,80.0,2880.0,32.0,0.0025,5.604997400745891,23.418749999999978,32.0,0.0025,0.006067460388009693,5.604997400745891,364.0
20260730,1,global,16,fixed_q8_adaptive_eta,8.0,80.0,960.0,8.0,0.0025,4.961853833742439,21.698450572320485,8.0,0.0025,0.00622394274873027,4.961853833742439,1253.0
20260730,1,global,16,fixed_q1_adaptive_eta,1.0,80.0,400.0,1.0,0.0025,3.477754421424267,15.575999999999988,1.0,0.0025,0.004352635388366566,3.477754421424267,3120.0
20260730,1,mixed,4,adaptive_probe,32.0,80.0,2880.0,4.0,0.0025,0.6890667183825604,10.848220516822746,4.0,0.0025,0.0008920905095733092,0.6890667183825604,1640.0
20260730,1,mixed,4,probe_oracle,32.0,80.0,2880.0,2.0,0.0025,1.9210431556137983,9.510085154353096,2.0,0.0025,0.01190421852343848,9.510085154353096,2186.0
20260730,1,mixed,4,all_agents_adaptive_eta,32.0,80.0,2880.0,32.0,0.007384130729697496,1.0855311004984491,12.280795503815458,32.0,0.007384130729697496,0.004516659065764548,1.0855311004984491,364.0
20260730,1,mixed,4,fixed_q8_adaptive_eta,8.0,80.0,960.0,8.0,0.0025,1.0225887393048925,11.382151578217128,8.0,0.0025,0.0014861287803015146,1.0225887393048925,1253.0
20260730,1,mixed,4,fixed_q1_adaptive_eta,1.0,80.0,400.0,1.0,0.0025,2.8810319540899885,9.57566666666666,1.0,0.0025,0.0036058246146389765,2.8810319540899885,3120.0
20260730,1,mixed,16,adaptive_probe,32.0,80.0,2880.0,4.0,0.0025,1.7395887773447092,10.848220516822746,4.0,0.0025,0.002178726664147308,1.7395887773447092,1640.0
20260730,1,mixed,16,probe_oracle,32.0,80.0,2880.0,2.0,0.0025,2.8704628465239246,9.510085154353096,2.0,0.0025,0.011902411452324652,9.510085154353096,2186.0
20260730,1,mixed,16,all_agents_adaptive_eta,32.0,80.0,2880.0,32.0,0.0025,2.6590908669845,12.280795503815458,32.0,0.0025,0.004005971605530386,2.6590908669845,364.0
20260730,1,mixed,16,fixed_q8_adaptive_eta,8.0,80.0,960.0,8.0,0.0025,2.213786187449984,11.382151578217128,8.0,0.0025,0.0028102268894027445,2.213786187449984,1253.0
20260730,1,mixed,16,fixed_q1_adaptive_eta,1.0,80.0,400.0,1.0,0.0025,3.9129114056560157,9.57566666666666,1.0,0.0025,0.0048972651314876416,3.9129114056560157,3120.0
20260731,2,independent,4,adaptive_probe,32.0,80.0,2880.0,16.0,0.005946035575013605,0.027436077336181378,0.09374999999999999,16.0,0.005946035575013605,9.314572021136275e-05,0.027436077336181378,656.0
20260731,2,independent,4,probe_oracle,32.0,80.0,2880.0,32.0,0.009170040432046712,0.04321603113446128,0.04687499999999999,32.0,0.009170040432046712,0.00025024968844741645,0.04687499999999999,364.0
20260731,2,independent,4,all_agents_adaptive_eta,32.0,80.0,2880.0,32.0,0.009170040432046712,0.04321603113446128,0.04687499999999999,32.0,0.009170040432046712,0.00023320722774583576,0.04321603113446128,364.0
20260731,2,independent,4,fixed_q8_adaptive_eta,8.0,80.0,960.0,8.0,0.0031046445301837096,0.05462053997411905,0.18749999999999997,8.0,0.0031046445301837096,9.75241311368005e-05,0.05462053997411905,1253.0
20260731,2,independent,4,fixed_q1_adaptive_eta,1.0,80.0,400.0,1.0,0.0025,0.2329758547995015,1.4999999999999998,1.0,0.0025,0.0002915905589284845,0.2329758547995015,3120.0
20260731,2,independent,16,adaptive_probe,32.0,80.0,2880.0,16.0,0.0047880164034928676,0.07929170505375048,0.09374999999999999,16.0,0.0047880164034928676,0.00021686391236043303,0.07929170505375048,656.0
20260731,2,independent,16,probe_oracle,32.0,80.0,2880.0,32.0,0.007384130729697496,0.07316336332384336,0.04687499999999999,32.0,0.007384130729697496,0.00022943249549240425,0.04687499999999999,364.0
20260731,2,independent,16,all_agents_adaptive_eta,32.0,80.0,2880.0,32.0,0.007384130729697496,0.07316336332384336,0.04687499999999999,32.0,0.007384130729697496,0.0003313432872548576,0.07316336332384336,364.0
20260731,2,independent,16,fixed_q8_adaptive_eta,8.0,80.0,960.0,8.0,0.0025,0.1368059263786313,0.18749999999999997,8.0,0.0025,0.00021195769274885934,0.1368059263786313,1253.0
20260731,2,independent,16,fixed_q1_adaptive_eta,1.0,80.0,400.0,1.0,0.0025,1.3419959080216834,1.4999999999999998,1.0,0.0025,0.0016796156894810733,1.3419959080216834,3120.0
20260731,2,clustered,4,adaptive_probe,32.0,80.0,2880.0,8.0,0.0025,0.722814126001453,0.8462644380853276,8.0,0.0025,0.0009313764537667969,0.722814126001453,1093.0
20260731,2,clustered,4,probe_oracle,32.0,80.0,2880.0,8.0,0.0025,0.722814126001453,0.8462644380853276,8.0,0.0025,0.0010852330135093,0.8462644380853276,1093.0
20260731,2,clustered,4,all_agents_adaptive_eta,32.0,80.0,2880.0,32.0,0.0031046445301837096,0.8150417732794992,0.8688495057232047,32.0,0.0031046445301837096,0.0018886583496114727,0.8150417732794992,364.0
20260731,2,clustered,4,fixed_q8_adaptive_eta,8.0,80.0,960.0,8.0,0.0025,0.722814126001453,0.8462644380853276,8.0,0.0025,0.0009201479207216803,0.722814126001453,1253.0
20260731,2,clustered,4,fixed_q1_adaptive_eta,1.0,80.0,400.0,1.0,0.0025,2.2354941263919623,3.0564999999999993,1.0,0.0025,0.002797871931651307,2.2354941263919623,3120.0
20260731,2,clustered,16,adaptive_probe,32.0,80.0,2880.0,8.0,0.0025,0.3438220540097062,0.8462644380853276,8.0,0.0025,0.00046483543089643803,0.3438220540097062,1093.0
20260731,2,clustered,16,probe_oracle,32.0,80.0,2880.0,8.0,0.0025,0.3438220540097062,0.8462644380853276,8.0,0.0025,0.001092232159836134,0.8462644380853276,1093.0
20260731,2,clustered,16,all_agents_adaptive_eta,32.0,80.0,2880.0,32.0,0.0047880164034928676,0.297539722354025,0.8688495057232047,32.0,0.0047880164034928676,0.0009470288884050168,0.297539722354025,364.0
20260731,2,clustered,16,fixed_q8_adaptive_eta,8.0,80.0,960.0,8.0,0.0025,0.3438220540097062,0.8462644380853276,8.0,0.0025,0.0004620153192313366,0.3438220540097062,1253.0
20260731,2,clustered,16,fixed_q1_adaptive_eta,1.0,80.0,400.0,1.0,0.0025,1.180637390641258,3.0564999999999993,1.0,0.0025,0.0014776580728261147,1.180637390641258,3120.0
20260731,2,global,4,adaptive_probe,32.0,80.0,2880.0,1.0,0.0025,1.7001859517390683,15.575999999999988,1.0,0.0025,0.002127985775553887,1.7001859517390683,2624.0
20260731,2,global,4,probe_oracle,32.0,80.0,2880.0,1.0,0.0025,1.7001859517390683,15.575999999999988,1.0,0.0025,0.01949442718256323,15.575999999999988,2624.0
20260731,2,global,4,all_agents_adaptive_eta,32.0,80.0,2880.0,32.0,0.0047880164034928676,2.3690396066798995,23.418749999999978,32.0,0.0047880164034928676,0.007023858180872795,2.3690396066798995,364.0
20260731,2,global,4,fixed_q8_adaptive_eta,8.0,80.0,960.0,8.0,0.0025,2.3070319258406107,21.698450572320485,8.0,0.0025,0.0029525866721860027,2.3070319258406107,1253.0
20260731,2,global,4,fixed_q1_adaptive_eta,1.0,80.0,400.0,1.0,0.0025,1.7001859517390683,15.575999999999988,1.0,0.0025,0.0021278942106570135,1.7001859517390683,3120.0
20260731,2,global,16,adaptive_probe,32.0,80.0,2880.0,1.0,0.0025,2.2584214462157703,15.575999999999988,1.0,0.0025,0.002826979221578872,2.2584214462157703,2624.0
20260731,2,global,16,probe_oracle,32.0,80.0,2880.0,1.0,0.0025,2.2584214462157703,15.575999999999988,1.0,0.0025,0.019494754303684733,15.575999999999988,2624.0
20260731,2,global,16,all_agents_adaptive_eta,32.0,80.0,2880.0,32.0,0.005946035575013605,3.6153497952760953,23.418749999999978,32.0,0.005946035575013605,0.013469513924387217,3.6153497952760953,364.0
20260731,2,global,16,fixed_q8_adaptive_eta,8.0,80.0,960.0,8.0,0.0025,3.4878290575978568,21.698450572320485,8.0,0.0025,0.004620947566371527,3.4878290575978568,1253.0
20260731,2,global,16,fixed_q1_adaptive_eta,1.0,80.0,400.0,1.0,0.0025,2.2584214462157703,15.575999999999988,1.0,0.0025,0.002826562723016644,2.2584214462157703,3120.0
20260731,2,mixed,4,adaptive_probe,32.0,80.0,2880.0,8.0,0.0025,2.6108404551120277,11.382151578217128,8.0,0.0025,0.003387666604488172,2.6108404551120277,1093.0
20260731,2,mixed,4,probe_oracle,32.0,80.0,2880.0,2.0,0.0025,3.561226908185358,9.510085154353096,2.0,0.0025,0.011902836527313438,9.510085154353096,2186.0
20260731,2,mixed,4,all_agents_adaptive_eta,32.0,80.0,2880.0,32.0,0.0038555270635198514,2.7769471735766786,12.280795503815458,32.0,0.0038555270635198514,0.006957573836326768,2.7769471735766786,364.0
20260731,2,mixed,4,fixed_q8_adaptive_eta,8.0,80.0,960.0,8.0,0.0025,2.6108404551120277,11.382151578217128,8.0,0.0025,0.0033056409767771265,2.6108404551120277,1253.0
20260731,2,mixed,4,fixed_q1_adaptive_eta,1.0,80.0,400.0,1.0,0.0025,3.2628814990072277,9.57566666666666,1.0,0.0025,0.00408370586003534,3.2628814990072277,3120.0
20260731,2,mixed,16,adaptive_probe,32.0,80.0,2880.0,1.0,0.0025,2.0823024934278913,9.57566666666666,1.0,0.0025,0.0026063315316525748,2.0823024934278913,2624.0
20260731,2,mixed,16,probe_oracle,32.0,80.0,2880.0,2.0,0.0025,2.6054615023652583,9.510085154353096,2.0,0.0025,0.011904074116238877,9.510085154353096,2186.0
20260731,2,mixed,16,all_agents_adaptive_eta,32.0,80.0,2880.0,32.0,0.005946035575013605,2.339581941284696,12.280795503815458,32.0,0.005946035575013605,0.008298237033843744,2.339581941284696,364.0
20260731,2,mixed,16,fixed_q8_adaptive_eta,8.0,80.0,960.0,8.0,0.0025,2.2778529916188113,11.382151578217128,8.0,0.0025,0.0029562692173961983,2.2778529916188113,1253.0
20260731,2,mixed,16,fixed_q1_adaptive_eta,1.0,80.0,400.0,1.0,0.0025,2.0823024934278913,9.57566666666666,1.0,0.0025,0.002606135484449478,2.0823024934278913,3120.0
20260732,3,independent,4,adaptive_probe,32.0,80.0,2880.0,8.0,0.0031046445301837096,0.0630745476778302,0.18749999999999997,8.0,0.0031046445301837096,0.0001211674837130795,0.0630745476778302,1093.0
20260732,3,independent,4,probe_oracle,32.0,80.0,2880.0,32.0,0.009170040432046712,0.03872991388256964,0.04687499999999999,32.0,0.009170040432046712,0.00024161242539657532,0.04687499999999999,364.0
20260732,3,independent,4,all_agents_adaptive_eta,32.0,80.0,2880.0,32.0,0.009170040432046712,0.03872991388256964,0.04687499999999999,32.0,0.009170040432046712,0.00020367487654922832,0.03872991388256964,364.0
20260732,3,independent,4,fixed_q8_adaptive_eta,8.0,80.0,960.0,8.0,0.0031046445301837096,0.0630745476778302,0.18749999999999997,8.0,0.0031046445301837096,0.00010759480663898796,0.0630745476778302,1253.0
20260732,3,independent,4,fixed_q1_adaptive_eta,1.0,80.0,400.0,1.0,0.0025,0.9069119476538312,1.4999999999999998,1.0,0.0025,0.0011350757366900303,0.9069119476538312,3120.0
20260732,3,independent,16,adaptive_probe,32.0,80.0,2880.0,8.0,0.0031046445301837096,0.05506913367781459,0.18749999999999997,8.0,0.0031046445301837096,9.46290035738126e-05,0.05506913367781459,1093.0
20260732,3,independent,16,probe_oracle,32.0,80.0,2880.0,32.0,0.007384130729697496,0.06057447954299312,0.04687499999999999,32.0,0.007384130729697496,0.00020804706970696968,0.04687499999999999,364.0
20260732,3,independent,16,all_agents_adaptive_eta,32.0,80.0,2880.0,32.0,0.007384130729697496,0.06057447954299312,0.04687499999999999,32.0,0.007384130729697496,0.0002611551612895935,0.06057447954299312,364.0
20260732,3,independent,16,fixed_q8_adaptive_eta,8.0,80.0,960.0,8.0,0.0031046445301837096,0.05506913367781459,0.18749999999999997,8.0,0.0031046445301837096,9.499559524263812e-05,0.05506913367781459,1253.0
20260732,3,independent,16,fixed_q1_adaptive_eta,1.0,80.0,400.0,1.0,0.0025,0.726432586622106,1.4999999999999998,1.0,0.0025,0.0009091878612726435,0.726432586622106,3120.0
20260732,3,clustered,4,adaptive_probe,32.0,80.0,2880.0,1.0,0.0025,0.9697405382996594,3.0564999999999993,1.0,0.0025,0.0012139922313895624,0.9697405382996594,2624.0
20260732,3,clustered,4,probe_oracle,32.0,80.0,2880.0,4.0,0.0025,1.0311775389868567,0.8950479968782517,4.0,0.0025,0.0011615135823479347,0.8950479968782517,1640.0
20260732,3,clustered,4,all_agents_adaptive_eta,32.0,80.0,2880.0,32.0,0.007384130729697496,1.1030097312805556,0.8688495057232047,32.0,0.007384130729697496,0.004767358911689411,1.1030097312805556,364.0
20260732,3,clustered,4,fixed_q8_adaptive_eta,8.0,80.0,960.0,8.0,0.0025,0.972091084644421,0.8462644380853276,8.0,0.0025,0.0014919546881850291,0.972091084644421,1253.0
20260732,3,clustered,4,fixed_q1_adaptive_eta,1.0,80.0,400.0,1.0,0.0025,0.9697405382996594,3.0564999999999993,1.0,0.0025,0.0012137138730046954,0.9697405382996594,3120.0
20260732,3,clustered,16,adaptive_probe,32.0,80.0,2880.0,4.0,0.0025,0.6260402730568339,0.8950479968782517,4.0,0.0025,0.0008137732138159873,0.6260402730568339,1640.0
20260732,3,clustered,16,probe_oracle,32.0,80.0,2880.0,4.0,0.0025,0.6260402730568339,0.8950479968782517,4.0,0.0025,0.0011503621932699127,0.8950479968782517,1640.0
20260732,3,clustered,16,all_agents_adaptive_eta,32.0,80.0,2880.0,32.0,0.007384130729697496,0.5841386619131329,0.8688495057232047,32.0,0.007384130729697496,0.002638531370169002,0.5841386619131329,364.0
20260732,3,clustered,16,fixed_q8_adaptive_eta,8.0,80.0,960.0,8.0,0.0031046445301837096,0.4641914132997519,0.8462644380853276,8.0,0.0031046445301837096,0.0007759710603083965,0.4641914132997519,1253.0
20260732,3,clustered,16,fixed_q1_adaptive_eta,1.0,80.0,400.0,1.0,0.0025,1.6084201338172757,3.0564999999999993,1.0,0.0025,0.002013065411951114,1.6084201338172757,3120.0
20260732,3,global,4,adaptive_probe,32.0,80.0,2880.0,2.0,0.0025,1.5832475560828536,17.014563995837655,2.0,0.0025,0.001982489226193371,1.5832475560828536,2186.0
20260732,3,global,4,probe_oracle,32.0,80.0,2880.0,1.0,0.0025,2.0224049856365527,15.575999999999988,1.0,0.0025,0.019494439772487635,15.575999999999988,2624.0
20260732,3,global,4,all_agents_adaptive_eta,32.0,80.0,2880.0,32.0,0.0047880164034928676,2.6445341343460753,23.418749999999978,32.0,0.0047880164034928676,0.007859703700099243,2.6445341343460753,364.0
20260732,3,global,4,fixed_q8_adaptive_eta,8.0,80.0,960.0,8.0,0.0025,2.2415739053116797,21.698450572320485,8.0,0.0025,0.002908971934504642,2.2415739053116797,1253.0
20260732,3,global,4,fixed_q1_adaptive_eta,1.0,80.0,400.0,1.0,0.0025,2.0224049856365527,15.575999999999988,1.0,0.0025,0.002531188382950386,2.0224049856365527,3120.0
20260732,3,global,16,adaptive_probe,32.0,80.0,2880.0,2.0,0.0025,1.3298347949659521,17.014563995837655,2.0,0.0025,0.0016659574282834075,1.3298347949659521,2186.0
20260732,3,global,16,probe_oracle,32.0,80.0,2880.0,1.0,0.0025,1.402304349947137,15.575999999999988,1.0,0.0025,0.019494509529191982,15.575999999999988,2624.0
20260732,3,global,16,all_agents_adaptive_eta,32.0,80.0,2880.0,32.0,0.0047880164034928676,2.713692121113746,23.418749999999978,32.0,0.0047880164034928676,0.009024996517265394,2.713692121113746,364.0
20260732,3,global,16,fixed_q8_adaptive_eta,8.0,80.0,960.0,8.0,0.0025,2.205787994723284,21.698450572320485,8.0,0.0025,0.0029660471468862326,2.205787994723284,1253.0
20260732,3,global,16,fixed_q1_adaptive_eta,1.0,80.0,400.0,1.0,0.0025,1.402304349947137,15.575999999999988,1.0,0.0025,0.0017550966017400838,1.402304349947137,3120.0
20260732,3,mixed,4,adaptive_probe,32.0,80.0,2880.0,1.0,0.0025,0.5959600106081464,9.57566666666666,1.0,0.0025,0.00074620632963001,0.5959600106081464,2624.0
20260732,3,mixed,4,probe_oracle,32.0,80.0,2880.0,2.0,0.0025,1.552632824892499,9.510085154353096,2.0,0.0025,0.011905190050396355,9.510085154353096,2186.0
20260732,3,mixed,4,all_agents_adaptive_eta,32.0,80.0,2880.0,32.0,0.005946035575013605,1.8878423712881718,12.280795503815458,32.0,0.005946035575013605,0.007677673897581205,1.8878423712881718,364.0
20260732,3,mixed,4,fixed_q8_adaptive_eta,8.0,80.0,960.0,8.0,0.0025,1.6083078406643383,11.382151578217128,8.0,0.0025,0.0023083820068713267,1.6083078406643383,1253.0
20260732,3,mixed,4,fixed_q1_adaptive_eta,1.0,80.0,400.0,1.0,0.0025,0.5959600106081464,9.57566666666666,1.0,0.0025,0.0007459054683698782,0.5959600106081464,3120.0
20260732,3,mixed,16,adaptive_probe,32.0,80.0,2880.0,4.0,0.0025,1.1205300987139943,10.848220516822746,4.0,0.0025,0.0014530344551128512,1.1205300987139943,1640.0
20260732,3,mixed,16,probe_oracle,32.0,80.0,2880.0,2.0,0.0025,1.2842980957777597,9.510085154353096,2.0,0.0025,0.0119055890780572,9.510085154353096,2186.0
20260732,3,mixed,16,all_agents_adaptive_eta,32.0,80.0,2880.0,32.0,0.007384130729697496,1.6431415580470872,12.280795503815458,32.0,0.007384130729697496,0.007007013450530444,1.6431415580470872,364.0
20260732,3,mixed,16,fixed_q8_adaptive_eta,8.0,80.0,960.0,8.0,0.0025,1.291854973508335,11.382151578217128,8.0,0.0025,0.0019877750220359505,1.291854973508335,1253.0
20260732,3,mixed,16,fixed_q1_adaptive_eta,1.0,80.0,400.0,1.0,0.0025,1.2888417898280138,9.57566666666666,1.0,0.0025,0.0016131012943073116,1.2888417898280138,3120.0
20260733,4,independent,4,adaptive_probe,32.0,80.0,2880.0,8.0,0.0031046445301837096,0.16245785423442988,0.18749999999999997,8.0,0.0031046445301837096,0.00028496409107264586,0.16245785423442988,1093.0
20260733,4,independent,4,probe_oracle,32.0,80.0,2880.0,32.0,0.009170040432046712,0.08728822544472356,0.04687499999999999,32.0,0.009170040432046712,0.00025118667014573917,0.04687499999999999,364.0
20260733,4,independent,4,all_agents_adaptive_eta,32.0,80.0,2880.0,32.0,0.009170040432046712,0.08728822544472356,0.04687499999999999,32.0,0.009170040432046712,0.00043942024954363764,0.08728822544472356,364.0
20260733,4,independent,4,fixed_q8_adaptive_eta,8.0,80.0,960.0,8.0,0.0025,0.16245785423442988,0.18749999999999997,8.0,0.0025,0.0002589126712136032,0.16245785423442988,1253.0
20260733,4,independent,4,fixed_q1_adaptive_eta,1.0,80.0,400.0,1.0,0.0025,2.607805740876646,1.4999999999999998,1.0,0.0025,0.0032638432001979223,2.607805740876646,3120.0
20260733,4,independent,16,adaptive_probe,32.0,80.0,2880.0,32.0,0.009170040432046712,0.02272625355270085,0.04687499999999999,32.0,0.009170040432046712,0.00012120936991264831,0.02272625355270085,364.0
20260733,4,independent,16,probe_oracle,32.0,80.0,2880.0,32.0,0.007384130729697496,0.02272625355270085,0.04687499999999999,32.0,0.007384130729697496,0.00022654004822431618,0.04687499999999999,364.0
20260733,4,independent,16,all_agents_adaptive_eta,32.0,80.0,2880.0,32.0,0.009170040432046712,0.02272625355270085,0.04687499999999999,32.0,0.009170040432046712,0.00012120936991264831,0.02272625355270085,364.0
20260733,4,independent,16,fixed_q8_adaptive_eta,8.0,80.0,960.0,8.0,0.0025,0.11539192760487813,0.18749999999999997,8.0,0.0025,0.00018128824831309607,0.11539192760487813,1253.0
20260733,4,independent,16,fixed_q1_adaptive_eta,1.0,80.0,400.0,1.0,0.0025,0.8692607042124876,1.4999999999999998,1.0,0.0025,0.0010879400254507415,0.8692607042124876,3120.0
20260733,4,clustered,4,adaptive_probe,32.0,80.0,2880.0,4.0,0.0025,0.20210559411633283,0.8950479968782517,4.0,0.0025,0.00026008169671063743,0.20210559411633283,1640.0
20260733,4,clustered,4,probe_oracle,32.0,80.0,2880.0,4.0,0.0025,0.20210559411633283,0.8950479968782517,4.0,0.0025,0.0011271080142182372,0.8950479968782517,1640.0
20260733,4,clustered,4,all_agents_adaptive_eta,32.0,80.0,2880.0,32.0,0.005946035575013605,0.5011391704424122,0.8688495057232047,32.0,0.005946035575013605,0.0018194517192584646,0.5011391704424122,364.0
20260733,4,clustered,4,fixed_q8_adaptive_eta,8.0,80.0,960.0,8.0,0.0025,0.30253672551309474,0.8462644380853276,8.0,0.0025,0.0004332036334734098,0.30253672551309474,1253.0
20260733,4,clustered,4,fixed_q1_adaptive_eta,1.0,80.0,400.0,1.0,0.0025,1.3690323556143897,3.0564999999999993,1.0,0.0025,0.0017134320577620792,1.3690323556143897,3120.0
20260733,4,clustered,16,adaptive_probe,32.0,80.0,2880.0,4.0,0.0025,0.22925201749706547,0.8950479968782517,4.0,0.0025,0.00028861797127113597,0.22925201749706547,1640.0
20260733,4,clustered,16,probe_oracle,32.0,80.0,2880.0,8.0,0.0025,0.32468382502447646,0.8462644380853276,8.0,0.0025,0.0010838205266963166,0.8462644380853276,1093.0
20260733,4,clustered,16,all_agents_adaptive_eta,32.0,80.0,2880.0,32.0,0.0038555270635198514,0.4901481548771425,0.8688495057232047,32.0,0.0038555270635198514,0.0012678211462896268,0.4901481548771425,364.0
20260733,4,clustered,16,fixed_q8_adaptive_eta,8.0,80.0,960.0,8.0,0.0025,0.32468382502447646,0.8462644380853276,8.0,0.0025,0.0004345872545425407,0.32468382502447646,1253.0
20260733,4,clustered,16,fixed_q1_adaptive_eta,1.0,80.0,400.0,1.0,0.0025,0.8364311586383437,3.0564999999999993,1.0,0.0025,0.0010468485396971125,0.8364311586383437,3120.0
20260733,4,global,4,adaptive_probe,32.0,80.0,2880.0,4.0,0.0025,3.128537143426711,20.628043704474486,4.0,0.0025,0.004003306450355201,3.128537143426711,1640.0
20260733,4,global,4,probe_oracle,32.0,80.0,2880.0,1.0,0.0025,4.346032778807826,15.575999999999988,1.0,0.0025,0.019494973734241604,15.575999999999988,2624.0
20260733,4,global,4,all_agents_adaptive_eta,32.0,80.0,2880.0,32.0,0.007384130729697496,2.811286384429506,23.418749999999978,32.0,0.007384130729697496,0.011880729344620634,2.811286384429506,364.0
20260733,4,global,4,fixed_q8_adaptive_eta,8.0,80.0,960.0,8.0,0.0025,2.994101632498343,21.698450572320485,8.0,0.0025,0.004318853239844647,2.994101632498343,1253.0
20260733,4,global,4,fixed_q1_adaptive_eta,1.0,80.0,400.0,1.0,0.0025,4.346032778807826,15.575999999999988,1.0,0.0025,0.005439382185136452,4.346032778807826,3120.0
20260733,4,global,16,adaptive_probe,32.0,80.0,2880.0,1.0,0.0025,4.309891590540345,15.575999999999988,1.0,0.0025,0.0053952316420315906,4.309891590540345,2624.0
20260733,4,global,16,probe_oracle,32.0,80.0,2880.0,1.0,0.0025,4.309891590540345,15.575999999999988,1.0,0.0025,0.01949546467321851,15.575999999999988,2624.0
20260733,4,global,16,all_agents_adaptive_eta,32.0,80.0,2880.0,32.0,0.007384130729697496,4.23323898798987,23.418749999999978,32.0,0.007384130729697496,0.01838777284225402,4.23323898798987,364.0
20260733,4,global,16,fixed_q8_adaptive_eta,8.0,80.0,960.0,8.0,0.0025,4.122676867139257,21.698450572320485,8.0,0.0025,0.0061229546255849344,4.122676867139257,1253.0
20260733,4,global,16,fixed_q1_adaptive_eta,1.0,80.0,400.0,1.0,0.0025,4.309891590540345,15.575999999999988,1.0,0.0025,0.00539417288195303,4.309891590540345,3120.0
20260733,4,mixed,4,adaptive_probe,32.0,80.0,2880.0,4.0,0.0025,0.9858884460197458,10.848220516822746,4.0,0.0025,0.0012875160783472203,0.9858884460197458,1640.0
20260733,4,mixed,4,probe_oracle,32.0,80.0,2880.0,2.0,0.0025,2.0950081368475635,9.510085154353096,2.0,0.0025,0.011905780722246765,9.510085154353096,2186.0
20260733,4,mixed,4,all_agents_adaptive_eta,32.0,80.0,2880.0,32.0,0.007384130729697496,0.9515535856366533,12.280795503815458,32.0,0.007384130729697496,0.004398387321597393,0.9515535856366533,364.0
20260733,4,mixed,4,fixed_q8_adaptive_eta,8.0,80.0,960.0,8.0,0.0025,1.0075737528804989,11.382151578217128,8.0,0.0025,0.0016211293068766508,1.0075737528804989,1253.0
20260733,4,mixed,4,fixed_q1_adaptive_eta,1.0,80.0,400.0,1.0,0.0025,2.022674867118241,9.57566666666666,1.0,0.0025,0.0025315200942164517,2.022674867118241,3120.0
20260733,4,mixed,16,adaptive_probe,32.0,80.0,2880.0,4.0,0.0025,1.3307871300641183,10.848220516822746,4.0,0.0025,0.0017437114394187557,1.3307871300641183,1640.0
20260733,4,mixed,16,probe_oracle,32.0,80.0,2880.0,2.0,0.0025,2.5445290996852816,9.510085154353096,2.0,0.0025,0.01190738287715027,9.510085154353096,2186.0
20260733,4,mixed,16,all_agents_adaptive_eta,32.0,80.0,2880.0,32.0,0.007384130729697496,1.389411846235583,12.280795503815458,32.0,0.007384130729697496,0.006373473877759112,1.389411846235583,364.0
20260733,4,mixed,16,fixed_q8_adaptive_eta,8.0,80.0,960.0,8.0,0.0031046445301837096,1.3201028053334953,11.382151578217128,8.0,0.0031046445301837096,0.0021699296084135952,1.3201028053334953,1253.0
20260733,4,mixed,16,fixed_q1_adaptive_eta,1.0,80.0,400.0,1.0,0.0025,2.295597549261303,9.57566666666666,1.0,0.0025,0.002873118309422175,2.295597549261303,3120.0
20260734,5,independent,4,adaptive_probe,32.0,80.0,2880.0,32.0,0.009170040432046712,0.03472363840984844,0.04687499999999999,32.0,0.009170040432046712,0.0001979717018838306,0.03472363840984844,364.0
20260734,5,independent,4,probe_oracle,32.0,80.0,2880.0,32.0,0.009170040432046712,0.03472363840984844,0.04687499999999999,32.0,0.009170040432046712,0.00025456936914503155,0.04687499999999999,364.0
20260734,5,independent,4,all_agents_adaptive_eta,32.0,80.0,2880.0,32.0,0.009170040432046712,0.03472363840984844,0.04687499999999999,32.0,0.009170040432046712,0.0001979717018838306,0.03472363840984844,364.0
20260734,5,independent,4,fixed_q8_adaptive_eta,8.0,80.0,960.0,8.0,0.0031046445301837096,0.1266660155419259,0.18749999999999997,8.0,0.0031046445301837096,0.00021870442070416157,0.1266660155419259,1253.0
20260734,5,independent,4,fixed_q1_adaptive_eta,1.0,80.0,400.0,1.0,0.0025,1.6282498910684504,1.4999999999999998,1.0,0.0025,0.0020378599507517928,1.6282498910684504,3120.0
20260734,5,independent,16,adaptive_probe,32.0,80.0,2880.0,32.0,0.009170040432046712,0.024493389121214744,0.04687499999999999,32.0,0.009170040432046712,0.00013284282335350475,0.024493389121214744,364.0
20260734,5,independent,16,probe_oracle,32.0,80.0,2880.0,32.0,0.007384130729697496,0.024493389121214744,0.04687499999999999,32.0,0.007384130729697496,0.0002396977032722302,0.04687499999999999,364.0
20260734,5,independent,16,all_agents_adaptive_eta,32.0,80.0,2880.0,32.0,0.009170040432046712,0.024493389121214744,0.04687499999999999,32.0,0.009170040432046712,0.00013284282335350475,0.024493389121214744,364.0
20260734,5,independent,16,fixed_q8_adaptive_eta,8.0,80.0,960.0,8.0,0.0025,0.25427732596180563,0.18749999999999997,8.0,0.0025,0.00037187669107561225,0.25427732596180563,1253.0
20260734,5,independent,16,fixed_q1_adaptive_eta,1.0,80.0,400.0,1.0,0.0025,1.8164845318905323,1.4999999999999998,1.0,0.0025,0.0022734477699641936,1.8164845318905323,3120.0
20260734,5,clustered,4,adaptive_probe,32.0,80.0,2880.0,4.0,0.0025,0.9019002156173138,0.8950479968782517,4.0,0.0025,0.0011491359148446435,0.9019002156173138,1640.0
20260734,5,clustered,4,probe_oracle,32.0,80.0,2880.0,4.0,0.0025,0.9019002156173138,0.8950479968782517,4.0,0.0025,0.001140562252796534,0.8950479968782517,1640.0
20260734,5,clustered,4,all_agents_adaptive_eta,32.0,80.0,2880.0,32.0,0.007384130729697496,0.671438453387533,0.8688495057232047,32.0,0.007384130729697496,0.0028283660853077783,0.671438453387533,364.0
20260734,5,clustered,4,fixed_q8_adaptive_eta,8.0,80.0,960.0,8.0,0.0025,0.8495321693140563,0.8462644380853276,8.0,0.0025,0.001233694825043801,0.8495321693140563,1253.0
20260734,5,clustered,4,fixed_q1_adaptive_eta,1.0,80.0,400.0,1.0,0.0025,1.3400012609000276,3.0564999999999993,1.0,0.0025,0.0016771066724970217,1.3400012609000276,3120.0
20260734,5,clustered,16,adaptive_probe,32.0,80.0,2880.0,2.0,0.0025,0.9827458910525408,1.6917047346514045,2.0,0.0025,0.0012304274432035501,0.9827458910525408,2186.0
20260734,5,clustered,16,probe_oracle,32.0,80.0,2880.0,4.0,0.0025,1.0300110960753526,0.8950479968782517,4.0,0.0025,0.0011272807133615296,0.8950479968782517,1640.0
20260734,5,clustered,16,all_agents_adaptive_eta,32.0,80.0,2880.0,32.0,0.0047880164034928676,0.8031024252454773,0.8688495057232047,32.0,0.0047880164034928676,0.0026575470069417676,0.8031024252454773,364.0
20260734,5,clustered,16,fixed_q8_adaptive_eta,8.0,80.0,960.0,8.0,0.0025,1.026072402425778,0.8462644380853276,8.0,0.0025,0.0013586612077079196,1.026072402425778,1253.0
20260734,5,clustered,16,fixed_q1_adaptive_eta,1.0,80.0,400.0,1.0,0.0025,1.0021200553508849,3.0564999999999993,1.0,0.0025,0.0012542200507016442,1.0021200553508849,3120.0
20260734,5,global,4,adaptive_probe,32.0,80.0,2880.0,1.0,0.0025,2.4908571407746107,15.575999999999988,1.0,0.0025,0.0031175024444862203,2.4908571407746107,2624.0
20260734,5,global,4,probe_oracle,32.0,80.0,2880.0,1.0,0.0025,2.4908571407746107,15.575999999999988,1.0,0.0025,0.01949436984676774,15.575999999999988,2624.0
20260734,5,global,4,all_agents_adaptive_eta,32.0,80.0,2880.0,32.0,0.0031046445301837096,2.8587245875628846,23.418749999999978,32.0,0.0031046445301837096,0.006112281349003865,2.8587245875628846,364.0
20260734,5,global,4,fixed_q8_adaptive_eta,8.0,80.0,960.0,8.0,0.0025,2.866777415833788,21.698450572320485,8.0,0.0025,0.003640065182803024,2.866777415833788,1253.0
20260734,5,global,4,fixed_q1_adaptive_eta,1.0,80.0,400.0,1.0,0.0025,2.4908571407746107,15.575999999999988,1.0,0.0025,0.003117468705989336,2.4908571407746107,3120.0
20260734,5,global,16,adaptive_probe,32.0,80.0,2880.0,2.0,0.0025,3.038944863827367,17.014563995837655,2.0,0.0025,0.003803605815737976,3.038944863827367,2186.0
20260734,5,global,16,probe_oracle,32.0,80.0,2880.0,1.0,0.0025,3.329656484398899,15.575999999999988,1.0,0.0025,0.019494356039401653,15.575999999999988,2624.0
20260734,5,global,16,all_agents_adaptive_eta,32.0,80.0,2880.0,32.0,0.0025,3.2945187717565005,23.418749999999978,32.0,0.0025,0.005600866995804997,3.2945187717565005,364.0
20260734,5,global,16,fixed_q8_adaptive_eta,8.0,80.0,960.0,8.0,0.0025,3.3540178127724567,21.698450572320485,8.0,0.0025,0.0042315424539685195,3.3540178127724567,1253.0
20260734,5,global,16,fixed_q1_adaptive_eta,1.0,80.0,400.0,1.0,0.0025,3.329656484398899,15.575999999999988,1.0,0.0025,0.004167279023706396,3.329656484398899,3120.0
20260734,5,mixed,4,adaptive_probe,32.0,80.0,2880.0,2.0,0.0025,1.277074268960359,9.510085154353096,2.0,0.0025,0.0015992556477255858,1.277074268960359,2186.0
20260734,5,mixed,4,probe_oracle,32.0,80.0,2880.0,2.0,0.0025,1.277074268960359,9.510085154353096,2.0,0.0025,0.0119032173678158,9.510085154353096,2186.0
20260734,5,mixed,4,all_agents_adaptive_eta,32.0,80.0,2880.0,32.0,0.0047880164034928676,1.9847152636899024,12.280795503815458,32.0,0.0047880164034928676,0.006237401319716909,1.9847152636899024,364.0
20260734,5,mixed,4,fixed_q8_adaptive_eta,8.0,80.0,960.0,8.0,0.0025,2.0894490762407907,11.382151578217128,8.0,0.0025,0.002732527654996872,2.0894490762407907,1253.0
20260734,5,mixed,4,fixed_q1_adaptive_eta,1.0,80.0,400.0,1.0,0.0025,1.620495534868265,9.57566666666666,1.0,0.0025,0.0020281607573348595,1.620495534868265,3120.0
20260734,5,mixed,16,adaptive_probe,32.0,80.0,2880.0,2.0,0.0025,0.9737697020359436,9.510085154353096,2.0,0.0025,0.0012190870964215352,0.9737697020359436,2186.0
20260734,5,mixed,16,probe_oracle,32.0,80.0,2880.0,2.0,0.0025,0.9737697020359436,9.510085154353096,2.0,0.0025,0.011902647324350795,9.510085154353096,2186.0
20260734,5,mixed,16,all_agents_adaptive_eta,32.0,80.0,2880.0,32.0,0.0038555270635198514,1.9285738066859524,12.280795503815458,32.0,0.0038555270635198514,0.0047563828836251956,1.9285738066859524,364.0
20260734,5,mixed,16,fixed_q8_adaptive_eta,8.0,80.0,960.0,8.0,0.0025,2.099173146171545,11.382151578217128,8.0,0.0025,0.0026792003086698116,2.099173146171545,1253.0
20260734,5,mixed,16,fixed_q1_adaptive_eta,1.0,80.0,400.0,1.0,0.0025,1.484216100014713,9.57566666666666,1.0,0.0025,0.0018575934648397913,1.484216100014713,3120.0
20260735,6,independent,4,adaptive_probe,32.0,80.0,2880.0,8.0,0.0031046445301837096,0.09556824399137467,0.18749999999999997,8.0,0.0031046445301837096,0.00018743063730486154,0.09556824399137467,1093.0
20260735,6,independent,4,probe_oracle,32.0,80.0,2880.0,32.0,0.009170040432046712,0.04650400277908956,0.04687499999999999,32.0,0.009170040432046712,0.00025751384714743457,0.04687499999999999,364.0
20260735,6,independent,4,all_agents_adaptive_eta,32.0,80.0,2880.0,32.0,0.009170040432046712,0.04650400277908956,0.04687499999999999,32.0,0.009170040432046712,0.0002557858451364552,0.04650400277908956,364.0
20260735,6,independent,4,fixed_q8_adaptive_eta,8.0,80.0,960.0,8.0,0.0031046445301837096,0.09556824399137467,0.18749999999999997,8.0,0.0031046445301837096,0.00016309322274993412,0.09556824399137467,1253.0
20260735,6,independent,4,fixed_q1_adaptive_eta,1.0,80.0,400.0,1.0,0.0025,0.7761056196761352,1.4999999999999998,1.0,0.0025,0.0009713474492634693,0.7761056196761352,3120.0
20260735,6,independent,16,adaptive_probe,32.0,80.0,2880.0,4.0,0.0025,0.06854739870535996,0.37499999999999994,4.0,0.0025,9.160825796034903e-05,0.06854739870535996,1640.0
20260735,6,independent,16,probe_oracle,32.0,80.0,2880.0,32.0,0.009170040432046712,0.0526900212427886,0.04687499999999999,32.0,0.009170040432046712,0.0002453692484158127,0.04687499999999999,364.0
20260735,6,independent,16,all_agents_adaptive_eta,32.0,80.0,2880.0,32.0,0.009170040432046712,0.0526900212427886,0.04687499999999999,32.0,0.009170040432046712,0.00027378965671123116,0.0526900212427886,364.0
20260735,6,independent,16,fixed_q8_adaptive_eta,8.0,80.0,960.0,8.0,0.0031046445301837096,0.06349353102557691,0.18749999999999997,8.0,0.0031046445301837096,0.00011261961063508259,0.06349353102557691,1253.0
20260735,6,independent,16,fixed_q1_adaptive_eta,1.0,80.0,400.0,1.0,0.0025,0.8029080036010395,1.4999999999999998,1.0,0.0025,0.001004892076576049,0.8029080036010395,3120.0
20260735,6,clustered,4,adaptive_probe,32.0,80.0,2880.0,4.0,0.0025,0.1285698187926035,0.8950479968782517,4.0,0.0025,0.0001638925955730311,0.1285698187926035,1640.0
20260735,6,clustered,4,probe_oracle,32.0,80.0,2880.0,8.0,0.0025,0.19486147709948604,0.8462644380853276,8.0,0.0025,0.0011014446380167282,0.8462644380853276,1093.0
20260735,6,clustered,4,all_agents_adaptive_eta,32.0,80.0,2880.0,32.0,0.005946035575013605,0.24254287522799473,0.8688495057232047,32.0,0.005946035575013605,0.0008592949594422721,0.24254287522799473,364.0
20260735,6,clustered,4,fixed_q8_adaptive_eta,8.0,80.0,960.0,8.0,0.0025,0.19486147709948604,0.8462644380853276,8.0,0.0025,0.0002701078426113191,0.19486147709948604,1253.0
20260735,6,clustered,4,fixed_q1_adaptive_eta,1.0,80.0,400.0,1.0,0.0025,0.6879507089328913,3.0564999999999993,1.0,0.0025,0.0008610160997205251,0.6879507089328913,3120.0
20260735,6,clustered,16,adaptive_probe,32.0,80.0,2880.0,4.0,0.0025,0.20729672527103868,0.8950479968782517,4.0,0.0025,0.0002606898861565535,0.20729672527103868,1640.0
20260735,6,clustered,16,probe_oracle,32.0,80.0,2880.0,8.0,0.0025,0.2666167021148419,0.8462644380853276,8.0,0.0025,0.00107682958157314,0.8462644380853276,1093.0
20260735,6,clustered,16,all_agents_adaptive_eta,32.0,80.0,2880.0,32.0,0.0038555270635198514,0.2670174969862636,0.8688495057232047,32.0,0.0038555270635198514,0.000761645524033868,0.2670174969862636,364.0
20260735,6,clustered,16,fixed_q8_adaptive_eta,8.0,80.0,960.0,8.0,0.0025,0.2666167021148419,0.8462644380853276,8.0,0.0025,0.00036008592181540955,0.2666167021148419,1253.0
20260735,6,clustered,16,fixed_q1_adaptive_eta,1.0,80.0,400.0,1.0,0.0025,1.8621729987102296,3.0564999999999993,1.0,0.0025,0.0023306293783341902,1.8621729987102296,3120.0
20260735,6,global,4,adaptive_probe,32.0,80.0,2880.0,1.0,0.0025,1.4385537433617492,15.575999999999988,1.0,0.0025,0.001800551747536697,1.4385537433617492,2624.0
20260735,6,global,4,probe_oracle,32.0,80.0,2880.0,1.0,0.0025,1.4385537433617492,15.575999999999988,1.0,0.0025,0.019494442081230138,15.575999999999988,2624.0
20260735,6,global,4,all_agents_adaptive_eta,32.0,80.0,2880.0,32.0,0.0047880164034928676,3.1458183928051913,23.418749999999978,32.0,0.0047880164034928676,0.009067093117044777,3.1458183928051913,364.0
20260735,6,global,4,fixed_q8_adaptive_eta,8.0,80.0,960.0,8.0,0.0025,2.501098907315292,21.698450572320485,8.0,0.0025,0.003231839536918929,2.501098907315292,1253.0
20260735,6,global,4,fixed_q1_adaptive_eta,1.0,80.0,400.0,1.0,0.0025,1.4385537433617492,15.575999999999988,1.0,0.0025,0.0018004472130412896,1.4385537433617492,3120.0
20260735,6,global,16,adaptive_probe,32.0,80.0,2880.0,1.0,0.0025,1.016798182444654,15.575999999999988,1.0,0.0025,0.0012727863964993949,1.016798182444654,2624.0
20260735,6,global,16,probe_oracle,32.0,80.0,2880.0,1.0,0.0025,1.016798182444654,15.575999999999988,1.0,0.0025,0.01949452995821048,15.575999999999988,2624.0
20260735,6,global,16,all_agents_adaptive_eta,32.0,80.0,2880.0,32.0,0.005946035575013605,1.2041259217262783,23.418749999999978,32.0,0.005946035575013605,0.004794278411628889,1.2041259217262783,364.0
20260735,6,global,16,fixed_q8_adaptive_eta,8.0,80.0,960.0,8.0,0.0025,1.16969501066049,21.698450572320485,8.0,0.0025,0.001682461289575492,1.16969501066049,1253.0
20260735,6,global,16,fixed_q1_adaptive_eta,1.0,80.0,400.0,1.0,0.0025,1.016798182444654,15.575999999999988,1.0,0.0025,0.0012725987914549665,1.016798182444654,3120.0
20260735,6,mixed,4,adaptive_probe,32.0,80.0,2880.0,1.0,0.0025,1.41299353879017,9.57566666666666,1.0,0.0025,0.001768497527923269,1.41299353879017,2624.0
20260735,6,mixed,4,probe_oracle,32.0,80.0,2880.0,2.0,0.0025,1.740872761212228,9.510085154353096,2.0,0.0025,0.01190270902449046,9.510085154353096,2186.0
20260735,6,mixed,4,all_agents_adaptive_eta,32.0,80.0,2880.0,32.0,0.0038555270635198514,2.321275833334852,12.280795503815458,32.0,0.0038555270635198514,0.005695989260065569,2.321275833334852,364.0
20260735,6,mixed,4,fixed_q8_adaptive_eta,8.0,80.0,960.0,8.0,0.0025,1.8507462222516775,11.382151578217128,8.0,0.0025,0.002364154955342073,1.8507462222516775,1253.0
20260735,6,mixed,4,fixed_q1_adaptive_eta,1.0,80.0,400.0,1.0,0.0025,1.41299353879017,9.57566666666666,1.0,0.0025,0.0017684522604963712,1.41299353879017,3120.0
20260735,6,mixed,16,adaptive_probe,32.0,80.0,2880.0,4.0,0.0025,0.7522017697088381,10.848220516822746,4.0,0.0025,0.0009525882356634744,0.7522017697088381,1640.0
20260735,6,mixed,16,probe_oracle,32.0,80.0,2880.0,2.0,0.0025,1.6955362015776607,9.510085154353096,2.0,0.0025,0.011903016189131522,9.510085154353096,2186.0
20260735,6,mixed,16,all_agents_adaptive_eta,32.0,80.0,2880.0,32.0,0.005946035575013605,0.9338392122018002,12.280795503815458,32.0,0.005946035575013605,0.0033157562975888824,0.9338392122018002,364.0
20260735,6,mixed,16,fixed_q8_adaptive_eta,8.0,80.0,960.0,8.0,0.0025,0.9095444542511595,11.382151578217128,8.0,0.0025,0.0012474196585420137,0.9095444542511595,1253.0
20260735,6,mixed,16,fixed_q1_adaptive_eta,1.0,80.0,400.0,1.0,0.0025,1.854694970028528,9.57566666666666,1.0,0.0025,0.0023212737942136063,1.854694970028528,3120.0
20260736,7,independent,4,adaptive_probe,32.0,80.0,2880.0,16.0,0.005946035575013605,0.04666949395358332,0.09374999999999999,16.0,0.005946035575013605,0.00015430832457071213,0.04666949395358332,656.0
20260736,7,independent,4,probe_oracle,32.0,80.0,2880.0,32.0,0.009170040432046712,0.030460522692106643,0.04687499999999999,32.0,0.009170040432046712,0.00026090389122635405,0.04687499999999999,364.0
20260736,7,independent,4,all_agents_adaptive_eta,32.0,80.0,2880.0,32.0,0.009170040432046712,0.030460522692106643,0.04687499999999999,32.0,0.009170040432046712,0.000184449815027055,0.030460522692106643,364.0
20260736,7,independent,4,fixed_q8_adaptive_eta,8.0,80.0,960.0,8.0,0.0031046445301837096,0.11941948653294338,0.18749999999999997,8.0,0.0031046445301837096,0.00020563064920491692,0.11941948653294338,1253.0
20260736,7,independent,4,fixed_q1_adaptive_eta,1.0,80.0,400.0,1.0,0.0025,1.1227154547353495,1.4999999999999998,1.0,0.0025,0.0014051532638938628,1.1227154547353495,3120.0
20260736,7,independent,16,adaptive_probe,32.0,80.0,2880.0,16.0,0.005946035575013605,0.05626378962731399,0.09374999999999999,16.0,0.005946035575013605,0.00018115663617864175,0.05626378962731399,656.0
20260736,7,independent,16,probe_oracle,32.0,80.0,2880.0,32.0,0.009170040432046712,0.04977729896403853,0.04687499999999999,32.0,0.009170040432046712,0.0002529371762746868,0.04687499999999999,364.0
20260736,7,independent,16,all_agents_adaptive_eta,32.0,80.0,2880.0,32.0,0.009170040432046712,0.04977729896403853,0.04687499999999999,32.0,0.009170040432046712,0.0002671219089023856,0.04977729896403853,364.0
20260736,7,independent,16,fixed_q8_adaptive_eta,8.0,80.0,960.0,8.0,0.0031046445301837096,0.19374228779942554,0.18749999999999997,8.0,0.0031046445301837096,0.0003214923348505224,0.19374228779942554,1253.0
20260736,7,independent,16,fixed_q1_adaptive_eta,1.0,80.0,400.0,1.0,0.0025,1.4452922867227183,1.4999999999999998,1.0,0.0025,0.0018088805020376694,1.4452922867227183,3120.0
20260736,7,clustered,4,adaptive_probe,32.0,80.0,2880.0,4.0,0.0025,1.0535335103278458,0.8950479968782517,4.0,0.0025,0.0013380665776708538,1.0535335103278458,1640.0
20260736,7,clustered,4,probe_oracle,32.0,80.0,2880.0,4.0,0.0025,1.0535335103278458,0.8950479968782517,4.0,0.0025,0.001139765664699138,0.8950479968782517,1640.0
20260736,7,clustered,4,all_agents_adaptive_eta,32.0,80.0,2880.0,32.0,0.005946035575013605,0.9620635900640018,0.8688495057232047,32.0,0.005946035575013605,0.003773749003047284,0.9620635900640018,364.0
20260736,7,clustered,4,fixed_q8_adaptive_eta,8.0,80.0,960.0,8.0,0.0025,0.9854324001392789,0.8462644380853276,8.0,0.0025,0.0013849694811438912,0.9854324001392789,1253.0
20260736,7,clustered,4,fixed_q1_adaptive_eta,1.0,80.0,400.0,1.0,0.0025,2.6757975856744434,3.0564999999999993,1.0,0.0025,0.0033489348883944834,2.6757975856744434,3120.0
20260736,7,clustered,16,adaptive_probe,32.0,80.0,2880.0,4.0,0.0025,0.8268609303029205,0.8950479968782517,4.0,0.0025,0.001048359897640956,0.8268609303029205,1640.0
20260736,7,clustered,16,probe_oracle,32.0,80.0,2880.0,4.0,0.0025,0.8268609303029205,0.8950479968782517,4.0,0.0025,0.0011336772068412811,0.8950479968782517,1640.0
20260736,7,clustered,16,all_agents_adaptive_eta,32.0,80.0,2880.0,32.0,0.005946035575013605,1.0980272814970917,0.8688495057232047,32.0,0.005946035575013605,0.003911743883285458,1.0980272814970917,364.0
20260736,7,clustered,16,fixed_q8_adaptive_eta,8.0,80.0,960.0,8.0,0.0025,0.795237447523489,0.8462644380853276,8.0,0.0025,0.0011194939745658556,0.795237447523489,1253.0
20260736,7,clustered,16,fixed_q1_adaptive_eta,1.0,80.0,400.0,1.0,0.0025,3.325321886315728,3.0564999999999993,1.0,0.0025,0.004161856764517974,3.325321886315728,3120.0
20260736,7,global,4,adaptive_probe,32.0,80.0,2880.0,8.0,0.0025,1.7362258145698297,21.698450572320485,8.0,0.0025,0.002178572226907002,1.7362258145698297,1093.0
20260736,7,global,4,probe_oracle,32.0,80.0,2880.0,1.0,0.0025,1.758930543960102,15.575999999999988,1.0,0.0025,0.019494336415931988,15.575999999999988,2624.0
20260736,7,global,4,all_agents_adaptive_eta,32.0,80.0,2880.0,32.0,0.0025,1.7003659163182734,23.418749999999978,32.0,0.0025,0.0023555577471903546,1.7003659163182734,364.0
20260736,7,global,4,fixed_q8_adaptive_eta,8.0,80.0,960.0,8.0,0.0025,1.7362258145698297,21.698450572320485,8.0,0.0025,0.0021700056007932524,1.7362258145698297,1253.0
20260736,7,global,4,fixed_q1_adaptive_eta,1.0,80.0,400.0,1.0,0.0025,1.758930543960102,15.575999999999988,1.0,0.0025,0.002201414880849424,1.758930543960102,3120.0
20260736,7,global,16,adaptive_probe,32.0,80.0,2880.0,1.0,0.0025,1.578356385580888,15.575999999999988,1.0,0.0025,0.001975503380097642,1.578356385580888,2624.0
20260736,7,global,16,probe_oracle,32.0,80.0,2880.0,1.0,0.0025,1.578356385580888,15.575999999999988,1.0,0.0025,0.019494422041051777,15.575999999999988,2624.0
20260736,7,global,16,all_agents_adaptive_eta,32.0,80.0,2880.0,32.0,0.0047880164034928676,2.218189041505122,23.418749999999978,32.0,0.0047880164034928676,0.006637926420542342,2.218189041505122,364.0
20260736,7,global,16,fixed_q8_adaptive_eta,8.0,80.0,960.0,8.0,0.0025,2.1642362350783224,21.698450572320485,8.0,0.0025,0.002738461537441473,2.1642362350783224,1253.0
20260736,7,global,16,fixed_q1_adaptive_eta,1.0,80.0,400.0,1.0,0.0025,1.578356385580888,15.575999999999988,1.0,0.0025,0.001975416118144391,1.578356385580888,3120.0
20260736,7,mixed,4,adaptive_probe,32.0,80.0,2880.0,8.0,0.0025,1.3475920908114805,11.382151578217128,8.0,0.0025,0.0017047093994911986,1.3475920908114805,1093.0
20260736,7,mixed,4,probe_oracle,32.0,80.0,2880.0,2.0,0.0025,1.647104789573394,9.510085154353096,2.0,0.0025,0.011902380171064156,9.510085154353096,2186.0
20260736,7,mixed,4,all_agents_adaptive_eta,32.0,80.0,2880.0,32.0,0.0025,1.2864847743217194,12.280795503815458,32.0,0.0025,0.0023189232967533602,1.2864847743217194,364.0
20260736,7,mixed,4,fixed_q8_adaptive_eta,8.0,80.0,960.0,8.0,0.0025,1.3475920908114805,11.382151578217128,8.0,0.0025,0.0017034653078652597,1.3475920908114805,1253.0
20260736,7,mixed,4,fixed_q1_adaptive_eta,1.0,80.0,400.0,1.0,0.0025,3.0557465496805176,9.57566666666666,1.0,0.0025,0.0038244631494165427,3.0557465496805176,3120.0
20260736,7,mixed,16,adaptive_probe,32.0,80.0,2880.0,8.0,0.0025,1.3941900425637375,11.382151578217128,8.0,0.0025,0.001755419557990901,1.3941900425637375,1093.0
20260736,7,mixed,16,probe_oracle,32.0,80.0,2880.0,2.0,0.0025,1.9433588173710212,9.510085154353096,2.0,0.0025,0.011902335780161394,9.510085154353096,2186.0
20260736,7,mixed,16,all_agents_adaptive_eta,32.0,80.0,2880.0,32.0,0.0025,1.6100166849352857,12.280795503815458,32.0,0.0025,0.0022917538494178703,1.6100166849352857,364.0
20260736,7,mixed,16,fixed_q8_adaptive_eta,8.0,80.0,960.0,8.0,0.0025,1.3941900425637375,11.382151578217128,8.0,0.0025,0.0017450760403456657,1.3941900425637375,1253.0
20260736,7,mixed,16,fixed_q1_adaptive_eta,1.0,80.0,400.0,1.0,0.0025,3.156359787519424,9.57566666666666,1.0,0.0025,0.0039503875612175434,3.156359787519424,3120.0
20260737,8,independent,4,adaptive_probe,32.0,80.0,2880.0,16.0,0.005946035575013605,0.05302265648381461,0.09374999999999999,16.0,0.005946035575013605,0.0001775751824071133,0.05302265648381461,656.0
20260737,8,independent,4,probe_oracle,32.0,80.0,2880.0,32.0,0.009170040432046712,0.0390129345620241,0.04687499999999999,32.0,0.009170040432046712,0.0002731214969028465,0.04687499999999999,364.0
20260737,8,independent,4,all_agents_adaptive_eta,32.0,80.0,2880.0,32.0,0.009170040432046712,0.0390129345620241,0.04687499999999999,32.0,0.009170040432046712,0.000236502179771753,0.0390129345620241,364.0
20260737,8,independent,4,fixed_q8_adaptive_eta,8.0,80.0,960.0,8.0,0.0031046445301837096,0.095018270563602,0.18749999999999997,8.0,0.0031046445301837096,0.0001630947640970807,0.095018270563602,1253.0
20260737,8,independent,4,fixed_q1_adaptive_eta,1.0,80.0,400.0,1.0,0.0025,1.221880880837022,1.4999999999999998,1.0,0.0025,0.0015292688253128307,1.221880880837022,3120.0
20260737,8,independent,16,adaptive_probe,32.0,80.0,2880.0,32.0,0.009170040432046712,0.03276956036456609,0.04687499999999999,32.0,0.009170040432046712,0.0001834287869666914,0.03276956036456609,364.0
20260737,8,independent,16,probe_oracle,32.0,80.0,2880.0,32.0,0.009170040432046712,0.03276956036456609,0.04687499999999999,32.0,0.009170040432046712,0.0002523678908646447,0.04687499999999999,364.0
20260737,8,independent,16,all_agents_adaptive_eta,32.0,80.0,2880.0,32.0,0.009170040432046712,0.03276956036456609,0.04687499999999999,32.0,0.009170040432046712,0.0001834287869666914,0.03276956036456609,364.0
20260737,8,independent,16,fixed_q8_adaptive_eta,8.0,80.0,960.0,8.0,0.0025,0.15553211716740414,0.18749999999999997,8.0,0.0025,0.0002429070833862881,0.15553211716740414,1253.0
20260737,8,independent,16,fixed_q1_adaptive_eta,1.0,80.0,400.0,1.0,0.0025,1.9025805555785233,1.4999999999999998,1.0,0.0025,0.002381208957788699,1.9025805555785233,3120.0
20260737,8,clustered,4,adaptive_probe,32.0,80.0,2880.0,4.0,0.0025,0.4620825872396361,0.8950479968782517,4.0,0.0025,0.0006260790140597594,0.4620825872396361,1640.0
20260737,8,clustered,4,probe_oracle,32.0,80.0,2880.0,4.0,0.0025,0.4620825872396361,0.8950479968782517,4.0,0.0025,0.0011678158210886053,0.8950479968782517,1640.0
20260737,8,clustered,4,all_agents_adaptive_eta,32.0,80.0,2880.0,32.0,0.007384130729697496,0.781777719517889,0.8688495057232047,32.0,0.007384130729697496,0.0036699204633831,0.781777719517889,364.0
20260737,8,clustered,4,fixed_q8_adaptive_eta,8.0,80.0,960.0,8.0,0.0031046445301837096,0.6284891576677669,0.8462644380853276,8.0,0.0031046445301837096,0.0010415443677656813,0.6284891576677669,1253.0
20260737,8,clustered,4,fixed_q1_adaptive_eta,1.0,80.0,400.0,1.0,0.0025,3.063456434776059,3.0564999999999993,1.0,0.0025,0.003834129291758117,3.063456434776059,3120.0
20260737,8,clustered,16,adaptive_probe,32.0,80.0,2880.0,4.0,0.0025,0.6729105437828969,0.8950479968782517,4.0,0.0025,0.0008708671483243985,0.6729105437828969,1640.0
20260737,8,clustered,16,probe_oracle,32.0,80.0,2880.0,4.0,0.0025,0.6729105437828969,0.8950479968782517,4.0,0.0025,0.0011488109098406868,0.8950479968782517,1640.0
20260737,8,clustered,16,all_agents_adaptive_eta,32.0,80.0,2880.0,32.0,0.007384130729697496,0.6444333911884993,0.8688495057232047,32.0,0.007384130729697496,0.0028580029251147232,0.6444333911884993,364.0
20260737,8,clustered,16,fixed_q8_adaptive_eta,8.0,80.0,960.0,8.0,0.0025,0.6673137997293748,0.8462644380853276,8.0,0.0025,0.0010253961450290296,0.6673137997293748,1253.0
20260737,8,clustered,16,fixed_q1_adaptive_eta,1.0,80.0,400.0,1.0,0.0025,5.486584398048957,3.0564999999999993,1.0,0.0025,0.006866842030560316,5.486584398048957,3120.0
20260737,8,global,4,adaptive_probe,32.0,80.0,2880.0,1.0,0.0025,3.496907332812632,15.575999999999988,1.0,0.0025,0.004376911920194219,3.496907332812632,2624.0
20260737,8,global,4,probe_oracle,32.0,80.0,2880.0,1.0,0.0025,3.496907332812632,15.575999999999988,1.0,0.0025,0.01949464514470629,15.575999999999988,2624.0
20260737,8,global,4,all_agents_adaptive_eta,32.0,80.0,2880.0,32.0,0.0047880164034928676,4.499593603143452,23.418749999999978,32.0,0.0047880164034928676,0.015291333801802007,4.499593603143452,364.0
20260737,8,global,4,fixed_q8_adaptive_eta,8.0,80.0,960.0,8.0,0.0025,4.035677264435305,21.698450572320485,8.0,0.0025,0.005314771282771361,4.035677264435305,1253.0
20260737,8,global,4,fixed_q1_adaptive_eta,1.0,80.0,400.0,1.0,0.0025,3.496907332812632,15.575999999999988,1.0,0.0025,0.004376624596518659,3.496907332812632,3120.0
20260737,8,global,16,adaptive_probe,32.0,80.0,2880.0,2.0,0.0025,5.280041106100294,17.014563995837655,2.0,0.0025,0.0066082215312142974,5.280041106100294,2186.0
20260737,8,global,16,probe_oracle,32.0,80.0,2880.0,1.0,0.0025,5.458504441824745,15.575999999999988,1.0,0.0025,0.019494332475922353,15.575999999999988,2624.0
20260737,8,global,16,all_agents_adaptive_eta,32.0,80.0,2880.0,32.0,0.0025,6.903418268359561,23.418749999999978,32.0,0.0025,0.007611538137803884,6.903418268359561,364.0
20260737,8,global,16,fixed_q8_adaptive_eta,8.0,80.0,960.0,8.0,0.0025,6.233469797634939,21.698450572320485,8.0,0.0025,0.0078115473975914375,6.233469797634939,1253.0
20260737,8,global,16,fixed_q1_adaptive_eta,1.0,80.0,400.0,1.0,0.0025,5.458504441824745,15.575999999999988,1.0,0.0025,0.006831671577988119,5.458504441824745,3120.0
20260737,8,mixed,4,adaptive_probe,32.0,80.0,2880.0,2.0,0.0025,1.5990118039289007,9.510085154353096,2.0,0.0025,0.002005886773382374,1.5990118039289007,2186.0
20260737,8,mixed,4,probe_oracle,32.0,80.0,2880.0,2.0,0.0025,1.5990118039289007,9.510085154353096,2.0,0.0025,0.011906930037180784,9.510085154353096,2186.0
20260737,8,mixed,4,all_agents_adaptive_eta,32.0,80.0,2880.0,32.0,0.007384130729697496,2.7575134886362203,12.280795503815458,32.0,0.007384130729697496,0.011406195792965439,2.7575134886362203,364.0
20260737,8,mixed,4,fixed_q8_adaptive_eta,8.0,80.0,960.0,8.0,0.0025,2.352560182920514,11.382151578217128,8.0,0.0025,0.00339346510653039,2.352560182920514,1253.0
20260737,8,mixed,4,fixed_q1_adaptive_eta,1.0,80.0,400.0,1.0,0.0025,4.220033956917381,9.57566666666666,1.0,0.0025,0.005281670748430264,4.220033956917381,3120.0
20260737,8,mixed,16,adaptive_probe,32.0,80.0,2880.0,4.0,0.0025,3.5491047846276884,10.848220516822746,4.0,0.0025,0.004452100837862707,3.5491047846276884,1640.0
20260737,8,mixed,16,probe_oracle,32.0,80.0,2880.0,2.0,0.0025,3.7115805192231006,9.510085154353096,2.0,0.0025,0.011903013576815804,9.510085154353096,2186.0
20260737,8,mixed,16,all_agents_adaptive_eta,32.0,80.0,2880.0,32.0,0.0038555270635198514,4.040784876979704,12.280795503815458,32.0,0.0038555270635198514,0.009826463474113532,4.040784876979704,364.0
20260737,8,mixed,16,fixed_q8_adaptive_eta,8.0,80.0,960.0,8.0,0.0025,3.654278528487568,11.382151578217128,8.0,0.0025,0.004667620091348358,3.654278528487568,1253.0
20260737,8,mixed,16,fixed_q1_adaptive_eta,1.0,80.0,400.0,1.0,0.0025,5.97427896892682,9.57566666666666,1.0,0.0025,0.007477211223119876,5.97427896892682,3120.0
20260738,9,independent,4,adaptive_probe,32.0,80.0,2880.0,32.0,0.009170040432046712,0.05014078976926245,0.04687499999999999,32.0,0.009170040432046712,0.00028323480103664895,0.05014078976926245,364.0
20260738,9,independent,4,probe_oracle,32.0,80.0,2880.0,32.0,0.009170040432046712,0.05014078976926245,0.04687499999999999,32.0,0.009170040432046712,0.0002680236593605131,0.04687499999999999,364.0
20260738,9,independent,4,all_agents_adaptive_eta,32.0,80.0,2880.0,32.0,0.009170040432046712,0.05014078976926245,0.04687499999999999,32.0,0.009170040432046712,0.00028323480103664895,0.05014078976926245,364.0
20260738,9,independent,4,fixed_q8_adaptive_eta,8.0,80.0,960.0,8.0,0.0025,0.41922878886304316,0.18749999999999997,8.0,0.0025,0.0006360988088954098,0.41922878886304316,1253.0
20260738,9,independent,4,fixed_q1_adaptive_eta,1.0,80.0,400.0,1.0,0.0025,1.1060246678463395,1.4999999999999998,1.0,0.0025,0.0013842712924315916,1.1060246678463395,3120.0
20260738,9,independent,16,adaptive_probe,32.0,80.0,2880.0,16.0,0.0047880164034928676,0.08273161891001557,0.09374999999999999,16.0,0.0047880164034928676,0.00024599860823148236,0.08273161891001557,656.0
20260738,9,independent,16,probe_oracle,32.0,80.0,2880.0,32.0,0.009170040432046712,0.07069164405008359,0.04687499999999999,32.0,0.009170040432046712,0.00024917040778832015,0.04687499999999999,364.0
20260738,9,independent,16,all_agents_adaptive_eta,32.0,80.0,2880.0,32.0,0.007384130729697496,0.07069164405008359,0.04687499999999999,32.0,0.007384130729697496,0.00036273241291398685,0.07069164405008359,364.0
20260738,9,independent,16,fixed_q8_adaptive_eta,8.0,80.0,960.0,8.0,0.0025,0.42652108561711943,0.18749999999999997,8.0,0.0025,0.0005954462748398186,0.42652108561711943,1253.0
20260738,9,independent,16,fixed_q1_adaptive_eta,1.0,80.0,400.0,1.0,0.0025,1.0128225150824326,1.4999999999999998,1.0,0.0025,0.0012676250565560588,1.0128225150824326,3120.0
20260738,9,clustered,4,adaptive_probe,32.0,80.0,2880.0,2.0,0.0025,0.4305854125320929,1.6917047346514045,2.0,0.0025,0.0005389101963942384,0.4305854125320929,2186.0
20260738,9,clustered,4,probe_oracle,32.0,80.0,2880.0,16.0,0.0025,0.7028505241654881,0.8392795265348594,16.0,0.0025,0.0010422092684376932,0.8392795265348594,656.0
20260738,9,clustered,4,all_agents_adaptive_eta,32.0,80.0,2880.0,32.0,0.0025,0.7786668710741175,0.8688495057232047,32.0,0.0025,0.0009502123221866249,0.7786668710741175,364.0
20260738,9,clustered,4,fixed_q8_adaptive_eta,8.0,80.0,960.0,8.0,0.0025,0.44573655770849674,0.8462644380853276,8.0,0.0025,0.0005642448157880468,0.44573655770849674,1253.0
20260738,9,clustered,4,fixed_q1_adaptive_eta,1.0,80.0,400.0,1.0,0.0025,2.5529185109880976,3.0564999999999993,1.0,0.0025,0.003195141658231002,2.5529185109880976,3120.0
20260738,9,clustered,16,adaptive_probe,32.0,80.0,2880.0,8.0,0.0025,0.7202800760985284,0.8462644380853276,8.0,0.0025,0.0009091700951813147,0.7202800760985284,1093.0
20260738,9,clustered,16,probe_oracle,32.0,80.0,2880.0,8.0,0.0025,0.7202800760985284,0.8462644380853276,8.0,0.0025,0.0010664859966920757,0.8462644380853276,1093.0
20260738,9,clustered,16,all_agents_adaptive_eta,32.0,80.0,2880.0,32.0,0.0025,1.0626605446656854,0.8688495057232047,32.0,0.0025,0.001514821526917011,1.0626605446656854,364.0
20260738,9,clustered,16,fixed_q8_adaptive_eta,8.0,80.0,960.0,8.0,0.0025,0.7202800760985284,0.8462644380853276,8.0,0.0025,0.000914860431574404,0.7202800760985284,1253.0
20260738,9,clustered,16,fixed_q1_adaptive_eta,1.0,80.0,400.0,1.0,0.0025,2.827566144566407,3.0564999999999993,1.0,0.0025,0.003538891517396594,2.827566144566407,3120.0
20260738,9,global,4,adaptive_probe,32.0,80.0,2880.0,1.0,0.0025,1.4430783359376929,15.575999999999988,1.0,0.0025,0.0018061717520352167,1.4430783359376929,2624.0
20260738,9,global,4,probe_oracle,32.0,80.0,2880.0,1.0,0.0025,1.4430783359376929,15.575999999999988,1.0,0.0025,0.019494399277652143,15.575999999999988,2624.0
20260738,9,global,4,all_agents_adaptive_eta,32.0,80.0,2880.0,32.0,0.0038555270635198514,3.3704608194525143,23.418749999999978,32.0,0.0038555270635198514,0.008253335310007666,3.3704608194525143,364.0
20260738,9,global,4,fixed_q8_adaptive_eta,8.0,80.0,960.0,8.0,0.0025,3.191778939298671,21.698450572320485,8.0,0.0025,0.004024582055324772,3.191778939298671,1253.0
20260738,9,global,4,fixed_q1_adaptive_eta,1.0,80.0,400.0,1.0,0.0025,1.4430783359376929,15.575999999999988,1.0,0.0025,0.0018061061740628993,1.4430783359376929,3120.0
20260738,9,global,16,adaptive_probe,32.0,80.0,2880.0,1.0,0.0025,1.4305076743808995,15.575999999999988,1.0,0.0025,0.001790552281612648,1.4305076743808995,2624.0
20260738,9,global,16,probe_oracle,32.0,80.0,2880.0,1.0,0.0025,1.4305076743808995,15.575999999999988,1.0,0.0025,0.019494512769390505,15.575999999999988,2624.0
20260738,9,global,16,all_agents_adaptive_eta,32.0,80.0,2880.0,32.0,0.0047880164034928676,2.699267993514218,23.418749999999978,32.0,0.0047880164034928676,0.009038115136553036,2.699267993514218,364.0
20260738,9,global,16,fixed_q8_adaptive_eta,8.0,80.0,960.0,8.0,0.0025,2.8496389911152793,21.698450572320485,8.0,0.0025,0.0036599434325733675,2.8496389911152793,1253.0
20260738,9,global,16,fixed_q1_adaptive_eta,1.0,80.0,400.0,1.0,0.0025,1.4305076743808995,15.575999999999988,1.0,0.0025,0.0017903735953319275,1.4305076743808995,3120.0
20260738,9,mixed,4,adaptive_probe,32.0,80.0,2880.0,2.0,0.0025,1.300867813131422,9.510085154353096,2.0,0.0025,0.001628928818497278,1.300867813131422,2186.0
20260738,9,mixed,4,probe_oracle,32.0,80.0,2880.0,2.0,0.0025,1.300867813131422,9.510085154353096,2.0,0.0025,0.011903111910605972,9.510085154353096,2186.0
20260738,9,mixed,4,all_agents_adaptive_eta,32.0,80.0,2880.0,32.0,0.0047880164034928676,1.9525358364920797,12.280795503815458,32.0,0.0047880164034928676,0.00598612716972705,1.9525358364920797,364.0
20260738,9,mixed,4,fixed_q8_adaptive_eta,8.0,80.0,960.0,8.0,0.0025,1.566896152909369,11.382151578217128,8.0,0.0025,0.002012688812990036,1.566896152909369,1253.0
20260738,9,mixed,4,fixed_q1_adaptive_eta,1.0,80.0,400.0,1.0,0.0025,2.8593252366504185,9.57566666666666,1.0,0.0025,0.0035786332871100366,2.8593252366504185,3120.0
20260738,9,mixed,16,adaptive_probe,32.0,80.0,2880.0,4.0,0.0025,1.2377466434918853,10.848220516822746,4.0,0.0025,0.0015671144217421103,1.2377466434918853,1640.0
20260738,9,mixed,16,probe_oracle,32.0,80.0,2880.0,2.0,0.0025,1.6361400078025805,9.510085154353096,2.0,0.0025,0.011903471210495757,9.510085154353096,2186.0
20260738,9,mixed,16,all_agents_adaptive_eta,32.0,80.0,2880.0,32.0,0.005946035575013605,1.5989729730551914,12.280795503815458,32.0,0.005946035575013605,0.005636035302503781,1.5989729730551914,364.0
20260738,9,mixed,16,fixed_q8_adaptive_eta,8.0,80.0,960.0,8.0,0.0025,1.4105615483891691,11.382151578217128,8.0,0.0025,0.0018296382746446215,1.4105615483891691,1253.0
20260738,9,mixed,16,fixed_q1_adaptive_eta,1.0,80.0,400.0,1.0,0.0025,3.7222272163641676,9.57566666666666,1.0,0.0025,0.004658606526610174,3.7222272163641676,3120.0
20260739,10,independent,4,adaptive_probe,32.0,80.0,2880.0,32.0,0.011387886347566916,0.018146462401826168,0.04687499999999999,32.0,0.011387886347566916,0.00011307951588005407,0.018146462401826168,364.0
20260739,10,independent,4,probe_oracle,32.0,80.0,2880.0,32.0,0.009170040432046712,0.018146462401826168,0.04687499999999999,32.0,0.009170040432046712,0.00025902143825849277,0.04687499999999999,364.0
20260739,10,independent,4,all_agents_adaptive_eta,32.0,80.0,2880.0,32.0,0.011387886347566916,0.018146462401826168,0.04687499999999999,32.0,0.011387886347566916,0.00011307951588005407,0.018146462401826168,364.0
20260739,10,independent,4,fixed_q8_adaptive_eta,8.0,80.0,960.0,8.0,0.0031046445301837096,0.15007771411723253,0.18749999999999997,8.0,0.0031046445301837096,0.0002612101497607922,0.15007771411723253,1253.0
20260739,10,independent,4,fixed_q1_adaptive_eta,1.0,80.0,400.0,1.0,0.0025,2.251162010367921,1.4999999999999998,1.0,0.0025,0.0028174836306551192,2.251162010367921,3120.0
20260739,10,independent,16,adaptive_probe,32.0,80.0,2880.0,32.0,0.009170040432046712,0.014659425299953656,0.04687499999999999,32.0,0.009170040432046712,8.820878465110832e-05,0.014659425299953656,364.0
20260739,10,independent,16,probe_oracle,32.0,80.0,2880.0,32.0,0.009170040432046712,0.014659425299953656,0.04687499999999999,32.0,0.009170040432046712,0.0002456595914873358,0.04687499999999999,364.0
20260739,10,independent,16,all_agents_adaptive_eta,32.0,80.0,2880.0,32.0,0.009170040432046712,0.014659425299953656,0.04687499999999999,32.0,0.009170040432046712,8.820878465110832e-05,0.014659425299953656,364.0
20260739,10,independent,16,fixed_q8_adaptive_eta,8.0,80.0,960.0,8.0,0.0031046445301837096,0.21130506127311216,0.18749999999999997,8.0,0.0031046445301837096,0.00034811685823952365,0.21130506127311216,1253.0
20260739,10,independent,16,fixed_q1_adaptive_eta,1.0,80.0,400.0,1.0,0.0025,2.237664078124184,1.4999999999999998,1.0,0.0025,0.002800587280111893,2.237664078124184,3120.0
20260739,10,clustered,4,adaptive_probe,32.0,80.0,2880.0,8.0,0.0025,1.1547371960963828,0.8462644380853276,8.0,0.0025,0.0015301931316485386,1.1547371960963828,1093.0
20260739,10,clustered,4,probe_oracle,32.0,80.0,2880.0,4.0,0.0025,1.2253476055791206,0.8950479968782517,4.0,0.0025,0.0011257934910501484,0.8950479968782517,1640.0
20260739,10,clustered,4,all_agents_adaptive_eta,32.0,80.0,2880.0,32.0,0.0047880164034928676,1.0047163197205708,0.8688495057232047,32.0,0.0047880164034928676,0.0029972854058125647,1.0047163197205708,364.0
20260739,10,clustered,4,fixed_q8_adaptive_eta,8.0,80.0,960.0,8.0,0.0025,1.1547371960963828,0.8462644380853276,8.0,0.0025,0.001514556689388241,1.1547371960963828,1253.0
20260739,10,clustered,4,fixed_q1_adaptive_eta,1.0,80.0,400.0,1.0,0.0025,2.3206032258097733,3.0564999999999993,1.0,0.0025,0.002904398861358046,2.3206032258097733,3120.0
20260739,10,clustered,16,adaptive_probe,32.0,80.0,2880.0,16.0,0.0025,0.9457417980779994,0.8392795265348594,16.0,0.0025,0.001377715448358713,0.9457417980779994,656.0
20260739,10,clustered,16,probe_oracle,32.0,80.0,2880.0,8.0,0.0025,1.3730872949798472,0.8462644380853276,8.0,0.0025,0.0010829744877407736,0.8462644380853276,1093.0
20260739,10,clustered,16,all_agents_adaptive_eta,32.0,80.0,2880.0,32.0,0.0025,1.116345793768235,0.8688495057232047,32.0,0.0025,0.0021607678510390674,1.116345793768235,364.0
20260739,10,clustered,16,fixed_q8_adaptive_eta,8.0,80.0,960.0,8.0,0.0025,1.3730872949798472,0.8462644380853276,8.0,0.0025,0.0017525111796163752,1.3730872949798472,1253.0
20260739,10,clustered,16,fixed_q1_adaptive_eta,1.0,80.0,400.0,1.0,0.0025,3.748484726687104,3.0564999999999993,1.0,0.0025,0.004691482313785054,3.748484726687104,3120.0
20260739,10,global,4,adaptive_probe,32.0,80.0,2880.0,1.0,0.0025,4.698480929377605,15.575999999999988,1.0,0.0025,0.0058826382727927,4.698480929377605,2624.0
20260739,10,global,4,probe_oracle,32.0,80.0,2880.0,1.0,0.0025,4.698480929377605,15.575999999999988,1.0,0.0025,0.019496527658782705,15.575999999999988,2624.0
20260739,10,global,4,all_agents_adaptive_eta,32.0,80.0,2880.0,32.0,0.007384130729697496,6.8498274448393435,23.418749999999978,32.0,0.007384130729697496,0.03031249883243793,6.8498274448393435,364.0
20260739,10,global,4,fixed_q8_adaptive_eta,8.0,80.0,960.0,8.0,0.0025,6.594584221970309,21.698450572320485,8.0,0.0025,0.01034452596115689,6.594584221970309,1253.0
20260739,10,global,4,fixed_q1_adaptive_eta,1.0,80.0,400.0,1.0,0.0025,4.698480929377605,15.575999999999988,1.0,0.0025,0.005880586612957201,4.698480929377605,3120.0
20260739,10,global,16,adaptive_probe,32.0,80.0,2880.0,1.0,0.0025,4.313731150472561,15.575999999999988,1.0,0.0025,0.005400935163938676,4.313731150472561,2624.0
20260739,10,global,16,probe_oracle,32.0,80.0,2880.0,1.0,0.0025,4.313731150472561,15.575999999999988,1.0,0.0025,0.019496362747866095,15.575999999999988,2624.0
20260739,10,global,16,all_agents_adaptive_eta,32.0,80.0,2880.0,32.0,0.007384130729697496,6.529873039718025,23.418749999999978,32.0,0.007384130729697496,0.02880031435044798,6.529873039718025,364.0
20260739,10,global,16,fixed_q8_adaptive_eta,8.0,80.0,960.0,8.0,0.0025,6.338497433461548,21.698450572320485,8.0,0.0025,0.009753125625204636,6.338497433461548,1253.0
20260739,10,global,16,fixed_q1_adaptive_eta,1.0,80.0,400.0,1.0,0.0025,4.313731150472561,15.575999999999988,1.0,0.0025,0.0053990298858194235,4.313731150472561,3120.0
20260739,10,mixed,4,adaptive_probe,32.0,80.0,2880.0,2.0,0.0025,1.1272037566510142,9.510085154353096,2.0,0.0025,0.0014211400140147887,1.1272037566510142,2186.0
20260739,10,mixed,4,probe_oracle,32.0,80.0,2880.0,2.0,0.0025,1.1272037566510142,9.510085154353096,2.0,0.0025,0.011912671025984072,9.510085154353096,2186.0
20260739,10,mixed,4,all_agents_adaptive_eta,32.0,80.0,2880.0,32.0,0.007384130729697496,2.3647625651697344,12.280795503815458,32.0,0.007384130729697496,0.011338961767950264,2.3647625651697344,364.0
20260739,10,mixed,4,fixed_q8_adaptive_eta,8.0,80.0,960.0,8.0,0.0031046445301837096,2.455035920830299,11.382151578217128,8.0,0.0031046445301837096,0.004064655641860178,2.455035920830299,1253.0
20260739,10,mixed,4,fixed_q1_adaptive_eta,1.0,80.0,400.0,1.0,0.0025,2.7316579963844583,9.57566666666666,1.0,0.0025,0.0034189417920234243,2.7316579963844583,3120.0
20260739,10,mixed,16,adaptive_probe,32.0,80.0,2880.0,2.0,0.0025,1.3326109178464423,9.510085154353096,2.0,0.0025,0.0016765986785229649,1.3326109178464423,2186.0
20260739,10,mixed,16,probe_oracle,32.0,80.0,2880.0,2.0,0.0025,1.3326109178464423,9.510085154353096,2.0,0.0025,0.011911053931034034,9.510085154353096,2186.0
20260739,10,mixed,16,all_agents_adaptive_eta,32.0,80.0,2880.0,32.0,0.007384130729697496,2.556132444889036,12.280795503815458,32.0,0.007384130729697496,0.011579605267618656,2.556132444889036,364.0
20260739,10,mixed,16,fixed_q8_adaptive_eta,8.0,80.0,960.0,8.0,0.0025,2.741900086118067,11.382151578217128,8.0,0.0025,0.004340222017202709,2.741900086118067,1253.0
20260739,10,mixed,16,fixed_q1_adaptive_eta,1.0,80.0,400.0,1.0,0.0025,3.4393780316042126,9.57566666666666,1.0,0.0025,0.004304688052738744,3.4393780316042126,3120.0
20260740,11,independent,4,adaptive_probe,32.0,80.0,2880.0,32.0,0.009170040432046712,0.056724932320798394,0.04687499999999999,32.0,0.009170040432046712,0.0002992845021608679,0.056724932320798394,364.0
20260740,11,independent,4,probe_oracle,32.0,80.0,2880.0,32.0,0.009170040432046712,0.056724932320798394,0.04687499999999999,32.0,0.009170040432046712,0.00025340625321716703,0.04687499999999999,364.0
20260740,11,independent,4,all_agents_adaptive_eta,32.0,80.0,2880.0,32.0,0.009170040432046712,0.056724932320798394,0.04687499999999999,32.0,0.009170040432046712,0.0002992845021608679,0.056724932320798394,364.0
20260740,11,independent,4,fixed_q8_adaptive_eta,8.0,80.0,960.0,8.0,0.0025,0.20770642093529118,0.18749999999999997,8.0,0.0025,0.0003145357542672541,0.20770642093529118,1253.0
20260740,11,independent,4,fixed_q1_adaptive_eta,1.0,80.0,400.0,1.0,0.0025,1.5955542465383927,1.4999999999999998,1.0,0.0025,0.001996938690082346,1.5955542465383927,3120.0
20260740,11,independent,16,adaptive_probe,32.0,80.0,2880.0,8.0,0.0025,0.22105598662480003,0.18749999999999997,8.0,0.0025,0.0003645349199486449,0.22105598662480003,1093.0
20260740,11,independent,16,probe_oracle,32.0,80.0,2880.0,32.0,0.009170040432046712,0.12464611460082686,0.04687499999999999,32.0,0.009170040432046712,0.000245230862441136,0.04687499999999999,364.0
20260740,11,independent,16,all_agents_adaptive_eta,32.0,80.0,2880.0,32.0,0.007384130729697496,0.12464611460082686,0.04687499999999999,32.0,0.007384130729697496,0.0005543803800132814,0.12464611460082686,364.0
20260740,11,independent,16,fixed_q8_adaptive_eta,8.0,80.0,960.0,8.0,0.0025,0.22105598662480003,0.18749999999999997,8.0,0.0025,0.0003315167935106367,0.22105598662480003,1253.0
20260740,11,independent,16,fixed_q1_adaptive_eta,1.0,80.0,400.0,1.0,0.0025,1.683195167577356,1.4999999999999998,1.0,0.0025,0.00210662766042459,1.683195167577356,3120.0
20260740,11,clustered,4,adaptive_probe,32.0,80.0,2880.0,8.0,0.0025,1.0564590034038126,0.8462644380853276,8.0,0.0025,0.001368184989264579,1.0564590034038126,1093.0
20260740,11,clustered,4,probe_oracle,32.0,80.0,2880.0,8.0,0.0025,1.0564590034038126,0.8462644380853276,8.0,0.0025,0.0011062187604995951,0.8462644380853276,1093.0
20260740,11,clustered,4,all_agents_adaptive_eta,32.0,80.0,2880.0,32.0,0.0038555270635198514,0.8078076241241784,0.8688495057232047,32.0,0.0038555270635198514,0.0022016000918884623,0.8078076241241784,364.0
20260740,11,clustered,4,fixed_q8_adaptive_eta,8.0,80.0,960.0,8.0,0.0025,1.0564590034038126,0.8462644380853276,8.0,0.0025,0.0013452866216396668,1.0564590034038126,1253.0
20260740,11,clustered,4,fixed_q1_adaptive_eta,1.0,80.0,400.0,1.0,0.0025,1.9075766631623805,3.0564999999999993,1.0,0.0025,0.0023874556695058897,1.9075766631623805,3120.0
20260740,11,clustered,16,adaptive_probe,32.0,80.0,2880.0,32.0,0.0025,0.7780400615713599,0.8688495057232047,32.0,0.0025,0.0008372725385574651,0.7780400615713599,364.0
20260740,11,clustered,16,probe_oracle,32.0,80.0,2880.0,32.0,0.0025,0.7780400615713599,0.8688495057232047,32.0,0.0025,0.0009347034257428875,0.8688495057232047,364.0
20260740,11,clustered,16,all_agents_adaptive_eta,32.0,80.0,2880.0,32.0,0.0025,0.7780400615713599,0.8688495057232047,32.0,0.0025,0.0008372725385574651,0.7780400615713599,364.0
20260740,11,clustered,16,fixed_q8_adaptive_eta,8.0,80.0,960.0,8.0,0.0025,0.7525606077798839,0.8462644380853276,8.0,0.0025,0.0009453465757061899,0.7525606077798839,1253.0
20260740,11,clustered,16,fixed_q1_adaptive_eta,1.0,80.0,400.0,1.0,0.0025,1.023753709840763,3.0564999999999993,1.0,0.0025,0.0012812935940076022,1.023753709840763,3120.0
20260740,11,global,4,adaptive_probe,32.0,80.0,2880.0,4.0,0.0025,0.7174926948711933,20.628043704474486,4.0,0.0025,0.0009576373699250111,0.7174926948711933,1640.0
20260740,11,global,4,probe_oracle,32.0,80.0,2880.0,1.0,0.0025,1.0543202828637195,15.575999999999988,1.0,0.0025,0.01949476399873061,15.575999999999988,2624.0
20260740,11,global,4,all_agents_adaptive_eta,32.0,80.0,2880.0,32.0,0.009170040432046712,0.4990107115729282,23.418749999999978,32.0,0.009170040432046712,0.0025719509033278205,0.4990107115729282,364.0
20260740,11,global,4,fixed_q8_adaptive_eta,8.0,80.0,960.0,8.0,0.0031046445301837096,0.6629034117862684,21.698450572320485,8.0,0.0031046445301837096,0.0011091695070158556,0.6629034117862684,1253.0
20260740,11,global,4,fixed_q1_adaptive_eta,1.0,80.0,400.0,1.0,0.0025,1.0543202828637195,15.575999999999988,1.0,0.0025,0.0013195830705990442,1.0543202828637195,3120.0
20260740,11,global,16,adaptive_probe,32.0,80.0,2880.0,1.0,0.0025,0.4888561231336025,15.575999999999988,1.0,0.0025,0.0006126351644891046,0.4888561231336025,2624.0
20260740,11,global,16,probe_oracle,32.0,80.0,2880.0,1.0,0.0025,0.4888561231336025,15.575999999999988,1.0,0.0025,0.019495130939182627,15.575999999999988,2624.0
20260740,11,global,16,all_agents_adaptive_eta,32.0,80.0,2880.0,32.0,0.009170040432046712,0.7192114277189618,23.418749999999978,32.0,0.009170040432046712,0.0038356663267717995,0.7192114277189618,364.0
20260740,11,global,16,fixed_q8_adaptive_eta,8.0,80.0,960.0,8.0,0.0031046445301837096,0.7791422632778687,21.698450572320485,8.0,0.0031046445301837096,0.0013304527447589,0.7791422632778687,1253.0
20260740,11,global,16,fixed_q1_adaptive_eta,1.0,80.0,400.0,1.0,0.0025,0.4888561231336025,15.575999999999988,1.0,0.0025,0.0006118721089987214,0.4888561231336025,3120.0
20260740,11,mixed,4,adaptive_probe,32.0,80.0,2880.0,4.0,0.0025,0.90560509068782,10.848220516822746,4.0,0.0025,0.0011637076572232155,0.90560509068782,1640.0
20260740,11,mixed,4,probe_oracle,32.0,80.0,2880.0,2.0,0.0025,1.9101583916359253,9.510085154353096,2.0,0.0025,0.01190426266217901,9.510085154353096,2186.0
20260740,11,mixed,4,all_agents_adaptive_eta,32.0,80.0,2880.0,32.0,0.007384130729697496,0.5901980622183928,12.280795503815458,32.0,0.007384130729697496,0.0026827947686550134,0.5901980622183928,364.0
20260740,11,mixed,4,fixed_q8_adaptive_eta,8.0,80.0,960.0,8.0,0.0025,0.848324935394884,11.382151578217128,8.0,0.0025,0.0012371479135322608,0.848324935394884,1253.0
20260740,11,mixed,4,fixed_q1_adaptive_eta,1.0,80.0,400.0,1.0,0.0025,1.5243685939496934,9.57566666666666,1.0,0.0025,0.0019078575288204427,1.5243685939496934,3120.0
20260740,11,mixed,16,adaptive_probe,32.0,80.0,2880.0,1.0,0.0025,0.8382898800425566,9.57566666666666,1.0,0.0025,0.0010497257633333792,0.8382898800425566,2624.0
20260740,11,mixed,16,probe_oracle,32.0,80.0,2880.0,2.0,0.0025,0.9915278085445174,9.510085154353096,2.0,0.0025,0.011907238075876013,9.510085154353096,2186.0
20260740,11,mixed,16,all_agents_adaptive_eta,32.0,80.0,2880.0,32.0,0.009170040432046712,0.6700975306132407,12.280795503815458,32.0,0.009170040432046712,0.0034987560302594456,0.6700975306132407,364.0
20260740,11,mixed,16,fixed_q8_adaptive_eta,8.0,80.0,960.0,8.0,0.0031046445301837096,0.676901215592314,11.382151578217128,8.0,0.0031046445301837096,0.0011316684264798425,0.676901215592314,1253.0
20260740,11,mixed,16,fixed_q1_adaptive_eta,1.0,80.0,400.0,1.0,0.0025,0.8382898800425566,9.57566666666666,1.0,0.0025,0.0010491964066606,0.8382898800425566,3120.0
20260741,12,independent,4,adaptive_probe,32.0,80.0,2880.0,4.0,0.0025,0.08363798844726154,0.37499999999999994,4.0,0.0025,0.00011969075846621395,0.08363798844726154,1640.0
20260741,12,independent,4,probe_oracle,32.0,80.0,2880.0,32.0,0.009170040432046712,0.03525110844705613,0.04687499999999999,32.0,0.009170040432046712,0.00028047855863614875,0.04687499999999999,364.0
20260741,12,independent,4,all_agents_adaptive_eta,32.0,80.0,2880.0,32.0,0.011387886347566916,0.03525110844705613,0.04687499999999999,32.0,0.011387886347566916,0.0002165157140501589,0.03525110844705613,364.0
20260741,12,independent,4,fixed_q8_adaptive_eta,8.0,80.0,960.0,8.0,0.0031046445301837096,0.11099136117744565,0.18749999999999997,8.0,0.0031046445301837096,0.00019457172221991817,0.11099136117744565,1253.0
20260741,12,independent,4,fixed_q1_adaptive_eta,1.0,80.0,400.0,1.0,0.0025,0.5495506590343867,1.4999999999999998,1.0,0.0025,0.0006878033310795294,0.5495506590343867,3120.0
20260741,12,independent,16,adaptive_probe,32.0,80.0,2880.0,32.0,0.009170040432046712,0.031515157018018436,0.04687499999999999,32.0,0.009170040432046712,0.00018228404127951844,0.031515157018018436,364.0
20260741,12,independent,16,probe_oracle,32.0,80.0,2880.0,32.0,0.009170040432046712,0.031515157018018436,0.04687499999999999,32.0,0.009170040432046712,0.0002573539319429088,0.04687499999999999,364.0
20260741,12,independent,16,all_agents_adaptive_eta,32.0,80.0,2880.0,32.0,0.009170040432046712,0.031515157018018436,0.04687499999999999,32.0,0.009170040432046712,0.00018228404127951844,0.031515157018018436,364.0
20260741,12,independent,16,fixed_q8_adaptive_eta,8.0,80.0,960.0,8.0,0.0031046445301837096,0.12488076697689043,0.18749999999999997,8.0,0.0031046445301837096,0.00021954890436960705,0.12488076697689043,1253.0
20260741,12,independent,16,fixed_q1_adaptive_eta,1.0,80.0,400.0,1.0,0.0025,0.5692621885457188,1.4999999999999998,1.0,0.0025,0.000712471393556125,0.5692621885457188,3120.0
20260741,12,clustered,4,adaptive_probe,32.0,80.0,2880.0,8.0,0.0038555270635198514,0.0940627909529926,0.8462644380853276,8.0,0.0038555270635198514,0.00021571124378464687,0.0940627909529926,1093.0
20260741,12,clustered,4,probe_oracle,32.0,80.0,2880.0,4.0,0.0025,0.167236907627285,0.8950479968782517,4.0,0.0025,0.0011629659742007881,0.8950479968782517,1640.0
20260741,12,clustered,4,all_agents_adaptive_eta,32.0,80.0,2880.0,32.0,0.009170040432046712,0.2555247149912166,0.8688495057232047,32.0,0.009170040432046712,0.0013678607066874428,0.2555247149912166,364.0
20260741,12,clustered,4,fixed_q8_adaptive_eta,8.0,80.0,960.0,8.0,0.0038555270635198514,0.0940627909529926,0.8462644380853276,8.0,0.0038555270635198514,0.00019104127823949088,0.0940627909529926,1253.0
20260741,12,clustered,4,fixed_q1_adaptive_eta,1.0,80.0,400.0,1.0,0.0025,2.6055090005059007,3.0564999999999993,1.0,0.0025,0.0032609858939467553,2.6055090005059007,3120.0
20260741,12,clustered,16,adaptive_probe,32.0,80.0,2880.0,4.0,0.0025,0.2278955339750122,0.8950479968782517,4.0,0.0025,0.0003091916126529768,0.2278955339750122,1640.0
20260741,12,clustered,16,probe_oracle,32.0,80.0,2880.0,4.0,0.0025,0.2278955339750122,0.8950479968782517,4.0,0.0025,0.0011439489327730755,0.8950479968782517,1640.0
20260741,12,clustered,16,all_agents_adaptive_eta,32.0,80.0,2880.0,32.0,0.007384130729697496,0.38772611336592777,0.8688495057232047,32.0,0.007384130729697496,0.0017971640306010564,0.38772611336592777,364.0
20260741,12,clustered,16,fixed_q8_adaptive_eta,8.0,80.0,960.0,8.0,0.0031046445301837096,0.1779964040979431,0.8462644380853276,8.0,0.0031046445301837096,0.0003227332641173144,0.1779964040979431,1253.0
20260741,12,clustered,16,fixed_q1_adaptive_eta,1.0,80.0,400.0,1.0,0.0025,2.173444740739276,3.0564999999999993,1.0,0.0025,0.0027202264323584187,2.173444740739276,3120.0
20260741,12,global,4,adaptive_probe,32.0,80.0,2880.0,1.0,0.0025,1.5764609485987366,15.575999999999988,1.0,0.0025,0.0019732974115667405,1.5764609485987366,2624.0
20260741,12,global,4,probe_oracle,32.0,80.0,2880.0,1.0,0.0025,1.5764609485987366,15.575999999999988,1.0,0.0025,0.019494588329397246,15.575999999999988,2624.0
20260741,12,global,4,all_agents_adaptive_eta,32.0,80.0,2880.0,32.0,0.005946035575013605,2.769317033290614,23.418749999999978,32.0,0.005946035575013605,0.009865926189145297,2.769317033290614,364.0
20260741,12,global,4,fixed_q8_adaptive_eta,8.0,80.0,960.0,8.0,0.0025,2.496700941929141,21.698450572320485,8.0,0.0025,0.0033607001640530293,2.496700941929141,1253.0
20260741,12,global,4,fixed_q1_adaptive_eta,1.0,80.0,400.0,1.0,0.0025,1.5764609485987366,15.575999999999988,1.0,0.0025,0.0019730572502494213,1.5764609485987366,3120.0
20260741,12,global,16,adaptive_probe,32.0,80.0,2880.0,1.0,0.0025,1.306975194631058,15.575999999999988,1.0,0.0025,0.0016358876313358824,1.306975194631058,2624.0
20260741,12,global,16,probe_oracle,32.0,80.0,2880.0,1.0,0.0025,1.306975194631058,15.575999999999988,1.0,0.0025,0.019494456674977678,15.575999999999988,2624.0
20260741,12,global,16,all_agents_adaptive_eta,32.0,80.0,2880.0,32.0,0.0047880164034928676,1.892836643838449,23.418749999999978,32.0,0.0047880164034928676,0.006290416973569381,1.892836643838449,364.0
20260741,12,global,16,fixed_q8_adaptive_eta,8.0,80.0,960.0,8.0,0.0025,1.6057553531053217,21.698450572320485,8.0,0.0025,0.002184945324450192,1.6057553531053217,1253.0
20260741,12,global,16,fixed_q1_adaptive_eta,1.0,80.0,400.0,1.0,0.0025,1.306975194631058,15.575999999999988,1.0,0.0025,0.0016357718698621886,1.306975194631058,3120.0
20260741,12,mixed,4,adaptive_probe,32.0,80.0,2880.0,4.0,0.0025,1.7450172702615494,10.848220516822746,4.0,0.0025,0.0022416478758655496,1.7450172702615494,1640.0
20260741,12,mixed,4,probe_oracle,32.0,80.0,2880.0,2.0,0.0025,2.4108326345796174,9.510085154353096,2.0,0.0025,0.011906059650963868,9.510085154353096,2186.0
20260741,12,mixed,4,all_agents_adaptive_eta,32.0,80.0,2880.0,32.0,0.007384130729697496,1.9369532886111576,12.280795503815458,32.0,0.007384130729697496,0.008136705561029016,1.9369532886111576,364.0
20260741,12,mixed,4,fixed_q8_adaptive_eta,8.0,80.0,960.0,8.0,0.0025,1.6488566658116697,11.382151578217128,8.0,0.0025,0.002444869733090053,1.6488566658116697,1253.0
20260741,12,mixed,4,fixed_q1_adaptive_eta,1.0,80.0,400.0,1.0,0.0025,2.5864178921753647,9.57566666666666,1.0,0.0025,0.0032370984842134743,2.5864178921753647,3120.0
20260741,12,mixed,16,adaptive_probe,32.0,80.0,2880.0,4.0,0.0025,1.234047098662428,10.848220516822746,4.0,0.0025,0.0015728899035752266,1.234047098662428,1640.0
20260741,12,mixed,16,probe_oracle,32.0,80.0,2880.0,2.0,0.0025,2.1609661715312236,9.510085154353096,2.0,0.0025,0.01190414746527956,9.510085154353096,2186.0
20260741,12,mixed,16,all_agents_adaptive_eta,32.0,80.0,2880.0,32.0,0.005946035575013605,1.7670708145079326,12.280795503815458,32.0,0.005946035575013605,0.006552829904200513,1.7670708145079326,364.0
20260741,12,mixed,16,fixed_q8_adaptive_eta,8.0,80.0,960.0,8.0,0.0025,1.3888510830563314,11.382151578217128,8.0,0.0025,0.0019880491055227854,1.3888510830563314,1253.0
20260741,12,mixed,16,fixed_q1_adaptive_eta,1.0,80.0,400.0,1.0,0.0025,2.7306383537197387,9.57566666666666,1.0,0.0025,0.0034175919197429756,2.7306383537197387,3120.0
20260742,13,independent,4,adaptive_probe,32.0,80.0,2880.0,4.0,0.0025,0.08359839041221956,0.37499999999999994,4.0,0.0025,0.0001155867822506456,0.08359839041221956,1640.0
20260742,13,independent,4,probe_oracle,32.0,80.0,2880.0,32.0,0.009170040432046712,0.12111486647064974,0.04687499999999999,32.0,0.009170040432046712,0.0002637111743925421,0.04687499999999999,364.0
20260742,13,independent,4,all_agents_adaptive_eta,32.0,80.0,2880.0,32.0,0.009170040432046712,0.12111486647064974,0.04687499999999999,32.0,0.009170040432046712,0.000609499852381296,0.12111486647064974,364.0
20260742,13,independent,4,fixed_q8_adaptive_eta,8.0,80.0,960.0,8.0,0.0025,0.39743051144789254,0.18749999999999997,8.0,0.0025,0.0005870402099875912,0.39743051144789254,1253.0
20260742,13,independent,4,fixed_q1_adaptive_eta,1.0,80.0,400.0,1.0,0.0025,0.9987811162990977,1.4999999999999998,1.0,0.0025,0.0012500390372967827,0.9987811162990977,3120.0
20260742,13,independent,16,adaptive_probe,32.0,80.0,2880.0,4.0,0.0025,0.1924615439178627,0.37499999999999994,4.0,0.0025,0.0002473788379849872,0.1924615439178627,1640.0
20260742,13,independent,16,probe_oracle,32.0,80.0,2880.0,32.0,0.009170040432046712,0.07930079075709795,0.04687499999999999,32.0,0.009170040432046712,0.00024736286048426066,0.04687499999999999,364.0
20260742,13,independent,16,all_agents_adaptive_eta,32.0,80.0,2880.0,32.0,0.007384130729697496,0.07930079075709795,0.04687499999999999,32.0,0.007384130729697496,0.0003880453323790343,0.07930079075709795,364.0
20260742,13,independent,16,fixed_q8_adaptive_eta,8.0,80.0,960.0,8.0,0.0025,0.42092495450997114,0.18749999999999997,8.0,0.0025,0.0006382979117666113,0.42092495450997114,1253.0
20260742,13,independent,16,fixed_q1_adaptive_eta,1.0,80.0,400.0,1.0,0.0025,0.8181104547912195,1.4999999999999998,1.0,0.0025,0.001023918376643784,0.8181104547912195,3120.0
20260742,13,clustered,4,adaptive_probe,32.0,80.0,2880.0,4.0,0.0025,0.7709647133057427,0.8950479968782517,4.0,0.0025,0.0009665492240011368,0.7709647133057427,1640.0
20260742,13,clustered,4,probe_oracle,32.0,80.0,2880.0,8.0,0.0025,1.1829019010252944,0.8462644380853276,8.0,0.0025,0.0010840736010137486,0.8462644380853276,1093.0
20260742,13,clustered,4,all_agents_adaptive_eta,32.0,80.0,2880.0,32.0,0.0025,1.1777392399246496,0.8688495057232047,32.0,0.0025,0.0023645159282570678,1.1777392399246496,364.0
20260742,13,clustered,4,fixed_q8_adaptive_eta,8.0,80.0,960.0,8.0,0.0025,1.1829019010252944,0.8462644380853276,8.0,0.0025,0.001497911667391822,1.1829019010252944,1253.0
20260742,13,clustered,4,fixed_q1_adaptive_eta,1.0,80.0,400.0,1.0,0.0025,0.9692359115324768,3.0564999999999993,1.0,0.0025,0.001213063249044457,0.9692359115324768,3120.0
20260742,13,clustered,16,adaptive_probe,32.0,80.0,2880.0,4.0,0.0025,1.016472935427821,0.8950479968782517,4.0,0.0025,0.0012729411230736484,1.016472935427821,1640.0
20260742,13,clustered,16,probe_oracle,32.0,80.0,2880.0,8.0,0.0025,1.222649337478021,0.8462644380853276,8.0,0.0025,0.00107364819164623,0.8462644380853276,1093.0
20260742,13,clustered,16,all_agents_adaptive_eta,32.0,80.0,2880.0,32.0,0.0025,0.9099742192431799,0.8688495057232047,32.0,0.0025,0.0016104127037879913,0.9099742192431799,364.0
20260742,13,clustered,16,fixed_q8_adaptive_eta,8.0,80.0,960.0,8.0,0.0025,1.222649337478021,0.8462644380853276,8.0,0.0025,0.0015679733454441016,1.222649337478021,1253.0
20260742,13,clustered,16,fixed_q1_adaptive_eta,1.0,80.0,400.0,1.0,0.0025,1.8485037776127116,3.0564999999999993,1.0,0.0025,0.002313522291300396,1.8485037776127116,3120.0
20260742,13,global,4,adaptive_probe,32.0,80.0,2880.0,1.0,0.0025,1.6990746495769051,15.575999999999988,1.0,0.0025,0.0021270638822141934,1.6990746495769051,2624.0
20260742,13,global,4,probe_oracle,32.0,80.0,2880.0,1.0,0.0025,1.6990746495769051,15.575999999999988,1.0,0.0025,0.019494896152766214,15.575999999999988,2624.0
20260742,13,global,4,all_agents_adaptive_eta,32.0,80.0,2880.0,32.0,0.007384130729697496,2.7980199140090227,23.418749999999978,32.0,0.007384130729697496,0.011661376701234471,2.7980199140090227,364.0
20260742,13,global,4,fixed_q8_adaptive_eta,8.0,80.0,960.0,8.0,0.0025,2.451203619070754,21.698450572320485,8.0,0.0025,0.0035928129869554994,2.451203619070754,1253.0
20260742,13,global,4,fixed_q1_adaptive_eta,1.0,80.0,400.0,1.0,0.0025,1.6990746495769051,15.575999999999988,1.0,0.0025,0.0021265170497013906,1.6990746495769051,3120.0
20260742,13,global,16,adaptive_probe,32.0,80.0,2880.0,1.0,0.0025,2.8864426973149753,15.575999999999988,1.0,0.0025,0.0036134505139399035,2.8864426973149753,2624.0
20260742,13,global,16,probe_oracle,32.0,80.0,2880.0,1.0,0.0025,2.8864426973149753,15.575999999999988,1.0,0.0025,0.01949521807089174,15.575999999999988,2624.0
20260742,13,global,16,all_agents_adaptive_eta,32.0,80.0,2880.0,32.0,0.007384130729697496,3.9892355160108037,23.418749999999978,32.0,0.007384130729697496,0.01701154079153479,3.9892355160108037,364.0
20260742,13,global,16,fixed_q8_adaptive_eta,8.0,80.0,960.0,8.0,0.0025,3.975528778568411,21.698450572320485,8.0,0.0025,0.005847778783747185,3.975528778568411,1253.0
20260742,13,global,16,fixed_q1_adaptive_eta,1.0,80.0,400.0,1.0,0.0025,2.8864426973149753,15.575999999999988,1.0,0.0025,0.0036126076267607417,2.8864426973149753,3120.0
20260742,13,mixed,4,adaptive_probe,32.0,80.0,2880.0,1.0,0.0025,2.0519766783498032,9.57566666666666,1.0,0.0025,0.0025684083414796288,2.0519766783498032,2624.0
20260742,13,mixed,4,probe_oracle,32.0,80.0,2880.0,2.0,0.0025,2.3980029089657364,9.510085154353096,2.0,0.0025,0.011904355875357864,9.510085154353096,2186.0
20260742,13,mixed,4,all_agents_adaptive_eta,32.0,80.0,2880.0,32.0,0.005946035575013605,2.4271213732560035,12.280795503815458,32.0,0.005946035575013605,0.00868482827198699,2.4271213732560035,364.0
20260742,13,mixed,4,fixed_q8_adaptive_eta,8.0,80.0,960.0,8.0,0.0025,2.1625739897118,11.382151578217128,8.0,0.0025,0.0029287586860000684,2.1625739897118,1253.0
20260742,13,mixed,4,fixed_q1_adaptive_eta,1.0,80.0,400.0,1.0,0.0025,2.0519766783498032,9.57566666666666,1.0,0.0025,0.00256818307820056,2.0519766783498032,3120.0
20260742,13,mixed,16,adaptive_probe,32.0,80.0,2880.0,4.0,0.0025,2.8931893626006744,10.848220516822746,4.0,0.0025,0.003674036592715366,2.8931893626006744,1640.0
20260742,13,mixed,16,probe_oracle,32.0,80.0,2880.0,2.0,0.0025,4.226955122295427,9.510085154353096,2.0,0.0025,0.011905784583860228,9.510085154353096,2186.0
20260742,13,mixed,16,all_agents_adaptive_eta,32.0,80.0,2880.0,32.0,0.005946035575013605,2.861561318197255,12.280795503815458,32.0,0.005946035575013605,0.010950059207744191,2.861561318197255,364.0
20260742,13,mixed,16,fixed_q8_adaptive_eta,8.0,80.0,960.0,8.0,0.0025,3.0146122713374206,11.382151578217128,8.0,0.0025,0.0041976048191348205,3.0146122713374206,1253.0
20260742,13,mixed,16,fixed_q1_adaptive_eta,1.0,80.0,400.0,1.0,0.0025,3.927132502665441,9.57566666666666,1.0,0.0025,0.00491508043883727,3.927132502665441,3120.0
20260743,14,independent,4,adaptive_probe,32.0,80.0,2880.0,32.0,0.009170040432046712,0.037963820184859144,0.04687499999999999,32.0,0.009170040432046712,0.00022940806621698077,0.037963820184859144,364.0
20260743,14,independent,4,probe_oracle,32.0,80.0,2880.0,32.0,0.009170040432046712,0.037963820184859144,0.04687499999999999,32.0,0.009170040432046712,0.0002709138667266817,0.04687499999999999,364.0
20260743,14,independent,4,all_agents_adaptive_eta,32.0,80.0,2880.0,32.0,0.009170040432046712,0.037963820184859144,0.04687499999999999,32.0,0.009170040432046712,0.00022940806621698077,0.037963820184859144,364.0
20260743,14,independent,4,fixed_q8_adaptive_eta,8.0,80.0,960.0,8.0,0.0025,0.23907063269082288,0.18749999999999997,8.0,0.0025,0.00037566373639512124,0.23907063269082288,1253.0
20260743,14,independent,4,fixed_q1_adaptive_eta,1.0,80.0,400.0,1.0,0.0025,0.8145774940125192,1.4999999999999998,1.0,0.0025,0.0010194989182304806,0.8145774940125192,3120.0
20260743,14,independent,16,adaptive_probe,32.0,80.0,2880.0,32.0,0.009170040432046712,0.02074984346278459,0.04687499999999999,32.0,0.009170040432046712,0.00012942139749333442,0.02074984346278459,364.0
20260743,14,independent,16,probe_oracle,32.0,80.0,2880.0,32.0,0.009170040432046712,0.02074984346278459,0.04687499999999999,32.0,0.009170040432046712,0.0002571058176474592,0.04687499999999999,364.0
20260743,14,independent,16,all_agents_adaptive_eta,32.0,80.0,2880.0,32.0,0.009170040432046712,0.02074984346278459,0.04687499999999999,32.0,0.009170040432046712,0.00012942139749333442,0.02074984346278459,364.0
20260743,14,independent,16,fixed_q8_adaptive_eta,8.0,80.0,960.0,8.0,0.0031046445301837096,0.2513121449478594,0.18749999999999997,8.0,0.0031046445301837096,0.0004161962743868661,0.2513121449478594,1253.0
20260743,14,independent,16,fixed_q1_adaptive_eta,1.0,80.0,400.0,1.0,0.0025,0.7291327882141575,1.4999999999999998,1.0,0.0025,0.0009125679725151613,0.7291327882141575,3120.0
20260743,14,clustered,4,adaptive_probe,32.0,80.0,2880.0,4.0,0.0025,0.7473995497492996,0.8950479968782517,4.0,0.0025,0.0009388593297595818,0.7473995497492996,1640.0
20260743,14,clustered,4,probe_oracle,32.0,80.0,2880.0,8.0,0.0025,0.8918894978314309,0.8462644380853276,8.0,0.0025,0.0011118353016121415,0.8462644380853276,1093.0
20260743,14,clustered,4,all_agents_adaptive_eta,32.0,80.0,2880.0,32.0,0.0038555270635198514,1.1719988585868564,0.8688495057232047,32.0,0.0038555270635198514,0.002943795809325594,1.1719988585868564,364.0
20260743,14,clustered,4,fixed_q8_adaptive_eta,8.0,80.0,960.0,8.0,0.0025,0.8918894978314309,0.8462644380853276,8.0,0.0025,0.0011415976628252247,0.8918894978314309,1253.0
20260743,14,clustered,4,fixed_q1_adaptive_eta,1.0,80.0,400.0,1.0,0.0025,4.029528299526867,3.0564999999999993,1.0,0.0025,0.005043214416816168,4.029528299526867,3120.0
20260743,14,clustered,16,adaptive_probe,32.0,80.0,2880.0,4.0,0.0025,0.697118864984531,0.8950479968782517,4.0,0.0025,0.0008763085885971165,0.697118864984531,1640.0
20260743,14,clustered,16,probe_oracle,32.0,80.0,2880.0,8.0,0.0025,0.8965593204580504,0.8462644380853276,8.0,0.0025,0.001118834404981101,0.8462644380853276,1093.0
20260743,14,clustered,16,all_agents_adaptive_eta,32.0,80.0,2880.0,32.0,0.0038555270635198514,1.1427063418448227,0.8688495057232047,32.0,0.0038555270635198514,0.0029762157904901125,1.1427063418448227,364.0
20260743,14,clustered,16,fixed_q8_adaptive_eta,8.0,80.0,960.0,8.0,0.0025,0.8965593204580504,0.8462644380853276,8.0,0.0025,0.0011872843922573482,0.8965593204580504,1253.0
20260743,14,clustered,16,fixed_q1_adaptive_eta,1.0,80.0,400.0,1.0,0.0025,4.150241012048238,3.0564999999999993,1.0,0.0025,0.005194300977590657,4.150241012048238,3120.0
20260743,14,global,4,adaptive_probe,32.0,80.0,2880.0,1.0,0.0025,5.736164474240449,15.575999999999988,1.0,0.0025,0.0071795758349659285,5.736164474240449,2624.0
20260743,14,global,4,probe_oracle,32.0,80.0,2880.0,1.0,0.0025,5.736164474240449,15.575999999999988,1.0,0.0025,0.01949473994125698,15.575999999999988,2624.0
20260743,14,global,4,all_agents_adaptive_eta,32.0,80.0,2880.0,32.0,0.0047880164034928676,7.398030516719443,23.418749999999978,32.0,0.0047880164034928676,0.02351958951596043,7.398030516719443,364.0
20260743,14,global,4,fixed_q8_adaptive_eta,8.0,80.0,960.0,8.0,0.0025,7.430022778830825,21.698450572320485,8.0,0.0025,0.009633210779940905,7.430022778830825,1253.0
20260743,14,global,4,fixed_q1_adaptive_eta,1.0,80.0,400.0,1.0,0.0025,5.736164474240449,15.575999999999988,1.0,0.0025,0.007179198363172639,5.736164474240449,3120.0
20260743,14,global,16,adaptive_probe,32.0,80.0,2880.0,1.0,0.0025,3.4917031634327738,15.575999999999988,1.0,0.0025,0.004370437970660994,3.4917031634327738,2624.0
20260743,14,global,16,probe_oracle,32.0,80.0,2880.0,1.0,0.0025,3.4917031634327738,15.575999999999988,1.0,0.0025,0.019494684535744874,15.575999999999988,2624.0
20260743,14,global,16,all_agents_adaptive_eta,32.0,80.0,2880.0,32.0,0.0047880164034928676,5.288438035603345,23.418749999999978,32.0,0.0047880164034928676,0.017532352615979747,5.288438035603345,364.0
20260743,14,global,16,fixed_q8_adaptive_eta,8.0,80.0,960.0,8.0,0.0025,5.204772697748038,21.698450572320485,8.0,0.0025,0.0068574900694704285,5.204772697748038,1253.0
20260743,14,global,16,fixed_q1_adaptive_eta,1.0,80.0,400.0,1.0,0.0025,3.4917031634327738,15.575999999999988,1.0,0.0025,0.004370117892789734,3.4917031634327738,3120.0
20260743,14,mixed,4,adaptive_probe,32.0,80.0,2880.0,2.0,0.0025,1.133263379008076,9.510085154353096,2.0,0.0025,0.0014199956819568112,1.133263379008076,2186.0
20260743,14,mixed,4,probe_oracle,32.0,80.0,2880.0,2.0,0.0025,1.133263379008076,9.510085154353096,2.0,0.0025,0.011903942819973475,9.510085154353096,2186.0
20260743,14,mixed,4,all_agents_adaptive_eta,32.0,80.0,2880.0,32.0,0.005946035575013605,2.41616611404675,12.280795503815458,32.0,0.005946035575013605,0.008357418805308133,2.41616611404675,364.0
20260743,14,mixed,4,fixed_q8_adaptive_eta,8.0,80.0,960.0,8.0,0.0025,2.4040642067052373,11.382151578217128,8.0,0.0025,0.0031710580079612125,2.4040642067052373,1253.0
20260743,14,mixed,4,fixed_q1_adaptive_eta,1.0,80.0,400.0,1.0,0.0025,4.41380470573915,9.57566666666666,1.0,0.0025,0.005524162216767681,4.41380470573915,3120.0
20260743,14,mixed,16,adaptive_probe,32.0,80.0,2880.0,2.0,0.0025,0.6791157772009433,9.510085154353096,2.0,0.0025,0.0008515736019033412,0.6791157772009433,2186.0
20260743,14,mixed,16,probe_oracle,32.0,80.0,2880.0,2.0,0.0025,0.6791157772009433,9.510085154353096,2.0,0.0025,0.011903905692816644,9.510085154353096,2186.0
20260743,14,mixed,16,all_agents_adaptive_eta,32.0,80.0,2880.0,32.0,0.005946035575013605,0.9770122108392778,12.280795503815458,32.0,0.005946035575013605,0.003984177905761645,0.9770122108392778,364.0
20260743,14,mixed,16,fixed_q8_adaptive_eta,8.0,80.0,960.0,8.0,0.0025,0.9710366674659476,11.382151578217128,8.0,0.0025,0.0014214841254695592,0.9710366674659476,1253.0
20260743,14,mixed,16,fixed_q1_adaptive_eta,1.0,80.0,400.0,1.0,0.0025,1.8054431218945988,9.57566666666666,1.0,0.0025,0.0022596462268771518,1.8054431218945988,3120.0
20260744,15,independent,4,adaptive_probe,32.0,80.0,2880.0,4.0,0.0025,0.09983612487834537,0.37499999999999994,4.0,0.0025,0.00013464593363536482,0.09983612487834537,1640.0
20260744,15,independent,4,probe_oracle,32.0,80.0,2880.0,32.0,0.009170040432046712,0.02884136805728417,0.04687499999999999,32.0,0.009170040432046712,0.00025847107655936114,0.04687499999999999,364.0
20260744,15,independent,4,all_agents_adaptive_eta,32.0,80.0,2880.0,32.0,0.009170040432046712,0.02884136805728417,0.04687499999999999,32.0,0.009170040432046712,0.00017447542778926587,0.02884136805728417,364.0
20260744,15,independent,4,fixed_q8_adaptive_eta,8.0,80.0,960.0,8.0,0.0031046445301837096,0.20340403392875514,0.18749999999999997,8.0,0.0031046445301837096,0.00033632472617790366,0.20340403392875514,1253.0
20260744,15,independent,4,fixed_q1_adaptive_eta,1.0,80.0,400.0,1.0,0.0025,1.5863635966819114,1.4999999999999998,1.0,0.0025,0.0019854446340497717,1.5863635966819114,3120.0
20260744,15,independent,16,adaptive_probe,32.0,80.0,2880.0,16.0,0.005946035575013605,0.03876154044196509,0.09374999999999999,16.0,0.005946035575013605,0.00012542283030975536,0.03876154044196509,656.0
20260744,15,independent,16,probe_oracle,32.0,80.0,2880.0,32.0,0.009170040432046712,0.05474938610451716,0.04687499999999999,32.0,0.009170040432046712,0.00024665168288874736,0.04687499999999999,364.0
20260744,15,independent,16,all_agents_adaptive_eta,32.0,80.0,2880.0,32.0,0.009170040432046712,0.05474938610451716,0.04687499999999999,32.0,0.009170040432046712,0.0002851370570296725,0.05474938610451716,364.0
20260744,15,independent,16,fixed_q8_adaptive_eta,8.0,80.0,960.0,8.0,0.0031046445301837096,0.11832650160213537,0.18749999999999997,8.0,0.0031046445301837096,0.00020445525922885342,0.11832650160213537,1253.0
20260744,15,independent,16,fixed_q1_adaptive_eta,1.0,80.0,400.0,1.0,0.0025,2.2905388326242813,1.4999999999999998,1.0,0.0025,0.0028667677836237406,2.2905388326242813,3120.0
20260744,15,clustered,4,adaptive_probe,32.0,80.0,2880.0,4.0,0.0025,0.35056997294446923,0.8950479968782517,4.0,0.0025,0.00044735933960282393,0.35056997294446923,1640.0
20260744,15,clustered,4,probe_oracle,32.0,80.0,2880.0,4.0,0.0025,0.35056997294446923,0.8950479968782517,4.0,0.0025,0.0011286234304905024,0.8950479968782517,1640.0
20260744,15,clustered,4,all_agents_adaptive_eta,32.0,80.0,2880.0,32.0,0.005946035575013605,0.3888859952171001,0.8688495057232047,32.0,0.005946035575013605,0.0015564580484115776,0.3888859952171001,364.0
20260744,15,clustered,4,fixed_q8_adaptive_eta,8.0,80.0,960.0,8.0,0.0025,0.41505232393165215,0.8462644380853276,8.0,0.0025,0.0005976010608760688,0.41505232393165215,1253.0
20260744,15,clustered,4,fixed_q1_adaptive_eta,1.0,80.0,400.0,1.0,0.0025,1.6702018257406155,3.0564999999999993,1.0,0.0025,0.0020903940551365964,1.6702018257406155,3120.0
20260744,15,clustered,16,adaptive_probe,32.0,80.0,2880.0,2.0,0.0025,0.21005662951635118,1.6917047346514045,2.0,0.0025,0.0002635148149390036,0.21005662951635118,2186.0
20260744,15,clustered,16,probe_oracle,32.0,80.0,2880.0,4.0,0.0025,0.34059542830111544,0.8950479968782517,4.0,0.0025,0.001129445426244503,0.8950479968782517,1640.0
20260744,15,clustered,16,all_agents_adaptive_eta,32.0,80.0,2880.0,32.0,0.007384130729697496,0.2986571273495708,0.8688495057232047,32.0,0.007384130729697496,0.0012767497800513995,0.2986571273495708,364.0
20260744,15,clustered,16,fixed_q8_adaptive_eta,8.0,80.0,960.0,8.0,0.0025,0.3676038964038343,0.8462644380853276,8.0,0.0025,0.0005753499925708563,0.3676038964038343,1253.0
20260744,15,clustered,16,fixed_q1_adaptive_eta,1.0,80.0,400.0,1.0,0.0025,1.13559643518426,3.0564999999999993,1.0,0.0025,0.0014213057646603735,1.13559643518426,3120.0
20260744,15,global,4,adaptive_probe,32.0,80.0,2880.0,1.0,0.0025,1.5094172992853547,15.575999999999988,1.0,0.0025,0.0018892137419249252,1.5094172992853547,2624.0
20260744,15,global,4,probe_oracle,32.0,80.0,2880.0,1.0,0.0025,1.5094172992853547,15.575999999999988,1.0,0.0025,0.019494413942732516,15.575999999999988,2624.0
20260744,15,global,4,all_agents_adaptive_eta,32.0,80.0,2880.0,32.0,0.0047880164034928676,2.371206770543343,23.418749999999978,32.0,0.0047880164034928676,0.006829070429575177,2.371206770543343,364.0
20260744,15,global,4,fixed_q8_adaptive_eta,8.0,80.0,960.0,8.0,0.0025,1.76965969876856,21.698450572320485,8.0,0.0025,0.002312372739786674,1.76965969876856,1253.0
20260744,15,global,4,fixed_q1_adaptive_eta,1.0,80.0,400.0,1.0,0.0025,1.5094172992853547,15.575999999999988,1.0,0.0025,0.0018891417546926929,1.5094172992853547,3120.0
20260744,15,global,16,adaptive_probe,32.0,80.0,2880.0,1.0,0.0025,2.334699967974413,15.575999999999988,1.0,0.0025,0.002922037937373236,2.334699967974413,2624.0
20260744,15,global,16,probe_oracle,32.0,80.0,2880.0,1.0,0.0025,2.334699967974413,15.575999999999988,1.0,0.0025,0.019494345721191055,15.575999999999988,2624.0
20260744,15,global,16,all_agents_adaptive_eta,32.0,80.0,2880.0,32.0,0.0025,4.117375978707207,23.418749999999978,32.0,0.0025,0.005789597846780911,4.117375978707207,364.0
20260744,15,global,16,fixed_q8_adaptive_eta,8.0,80.0,960.0,8.0,0.0025,3.388678352891098,21.698450572320485,8.0,0.0025,0.004241295112824802,3.388678352891098,1253.0
20260744,15,global,16,fixed_q1_adaptive_eta,1.0,80.0,400.0,1.0,0.0025,2.334699967974413,15.575999999999988,1.0,0.0025,0.0029220275644719013,2.334699967974413,3120.0
20260744,15,mixed,4,adaptive_probe,32.0,80.0,2880.0,2.0,0.0025,1.2807971894982169,9.510085154353096,2.0,0.0025,0.0016036328485462532,1.2807971894982169,2186.0
20260744,15,mixed,4,probe_oracle,32.0,80.0,2880.0,2.0,0.0025,1.2807971894982169,9.510085154353096,2.0,0.0025,0.011902935175949753,9.510085154353096,2186.0
20260744,15,mixed,4,all_agents_adaptive_eta,32.0,80.0,2880.0,32.0,0.0047880164034928676,1.862570344771721,12.280795503815458,32.0,0.0047880164034928676,0.005475539252886711,1.862570344771721,364.0
20260744,15,mixed,4,fixed_q8_adaptive_eta,8.0,80.0,960.0,8.0,0.0025,1.4567336492613148,11.382151578217128,8.0,0.0025,0.0019093780869360128,1.4567336492613148,1253.0
20260744,15,mixed,4,fixed_q1_adaptive_eta,1.0,80.0,400.0,1.0,0.0025,1.4807610384664334,9.57566666666666,1.0,0.0025,0.0018532929221572927,1.4807610384664334,3120.0
20260744,15,mixed,16,adaptive_probe,32.0,80.0,2880.0,2.0,0.0025,1.876523099553131,9.510085154353096,2.0,0.0025,0.0023485496150736957,1.876523099553131,2186.0
20260744,15,mixed,16,probe_oracle,32.0,80.0,2880.0,2.0,0.0025,1.876523099553131,9.510085154353096,2.0,0.0025,0.011902275742187874,9.510085154353096,2186.0
20260744,15,mixed,16,all_agents_adaptive_eta,32.0,80.0,2880.0,32.0,0.0025,2.295175217919953,12.280795503815458,32.0,0.0025,0.002470883846772712,2.295175217919953,364.0
20260744,15,mixed,16,fixed_q8_adaptive_eta,8.0,80.0,960.0,8.0,0.0025,1.9118915525825382,11.382151578217128,8.0,0.0025,0.002405969872549177,1.9118915525825382,1253.0
20260744,15,mixed,16,fixed_q1_adaptive_eta,1.0,80.0,400.0,1.0,0.0025,2.4154281359802625,9.57566666666666,1.0,0.0025,0.0030230765040624827,2.4154281359802625,3120.0
20260745,16,independent,4,adaptive_probe,32.0,80.0,2880.0,16.0,0.005946035575013605,0.0637564088056946,0.09374999999999999,16.0,0.005946035575013605,0.00020705088502951955,0.0637564088056946,656.0
20260745,16,independent,4,probe_oracle,32.0,80.0,2880.0,32.0,0.009170040432046712,0.043838635979554244,0.04687499999999999,32.0,0.009170040432046712,0.0002657604140057877,0.04687499999999999,364.0
20260745,16,independent,4,all_agents_adaptive_eta,32.0,80.0,2880.0,32.0,0.009170040432046712,0.043838635979554244,0.04687499999999999,32.0,0.009170040432046712,0.0002516178737449207,0.043838635979554244,364.0
20260745,16,independent,4,fixed_q8_adaptive_eta,8.0,80.0,960.0,8.0,0.0031046445301837096,0.15160675470778032,0.18749999999999997,8.0,0.0031046445301837096,0.00025804034485674707,0.15160675470778032,1253.0
20260745,16,independent,4,fixed_q1_adaptive_eta,1.0,80.0,400.0,1.0,0.0025,0.6056623806597824,1.4999999999999998,1.0,0.0025,0.0007580341854623016,0.6056623806597824,3120.0
20260745,16,independent,16,adaptive_probe,32.0,80.0,2880.0,2.0,0.0025,0.09958076473334371,0.7499999999999999,2.0,0.0025,0.00012501662949396887,0.09958076473334371,2186.0
20260745,16,independent,16,probe_oracle,32.0,80.0,2880.0,32.0,0.009170040432046712,0.07382437345064359,0.04687499999999999,32.0,0.009170040432046712,0.0002454299840188305,0.04687499999999999,364.0
20260745,16,independent,16,all_agents_adaptive_eta,32.0,80.0,2880.0,32.0,0.007384130729697496,0.07382437345064359,0.04687499999999999,32.0,0.007384130729697496,0.0003585049510184754,0.07382437345064359,364.0
20260745,16,independent,16,fixed_q8_adaptive_eta,8.0,80.0,960.0,8.0,0.0025,0.17549852472506472,0.18749999999999997,8.0,0.0025,0.00028068120184877393,0.17549852472506472,1253.0
20260745,16,independent,16,fixed_q1_adaptive_eta,1.0,80.0,400.0,1.0,0.0025,0.2658486808313691,1.4999999999999998,1.0,0.0025,0.00033273417978483237,0.2658486808313691,3120.0
20260745,16,clustered,4,adaptive_probe,32.0,80.0,2880.0,4.0,0.0025,0.28059860466464764,0.8950479968782517,4.0,0.0025,0.00035606763599924107,0.28059860466464764,1640.0
20260745,16,clustered,4,probe_oracle,32.0,80.0,2880.0,4.0,0.0025,0.28059860466464764,0.8950479968782517,4.0,0.0025,0.0011248815975959657,0.8950479968782517,1640.0
20260745,16,clustered,4,all_agents_adaptive_eta,32.0,80.0,2880.0,32.0,0.005946035575013605,0.30819762423782043,0.8688495057232047,32.0,0.005946035575013605,0.0011447901490112833,0.30819762423782043,364.0
20260745,16,clustered,4,fixed_q8_adaptive_eta,8.0,80.0,960.0,8.0,0.0025,0.41692460987993274,0.8462644380853276,8.0,0.0025,0.0005690602366772772,0.41692460987993274,1253.0
20260745,16,clustered,4,fixed_q1_adaptive_eta,1.0,80.0,400.0,1.0,0.0025,2.1079202127345904,3.0564999999999993,1.0,0.0025,0.0026382029508134866,2.1079202127345904,3120.0
20260745,16,clustered,16,adaptive_probe,32.0,80.0,2880.0,4.0,0.0025,0.16302610939999218,0.8950479968782517,4.0,0.0025,0.00020641732969157363,0.16302610939999218,1640.0
20260745,16,clustered,16,probe_oracle,32.0,80.0,2880.0,8.0,0.0025,0.3472039699936971,0.8462644380853276,8.0,0.0025,0.0010939724902701746,0.8462644380853276,1093.0
20260745,16,clustered,16,all_agents_adaptive_eta,32.0,80.0,2880.0,32.0,0.0047880164034928676,0.2961910114508754,0.8688495057232047,32.0,0.0047880164034928676,0.0009483727778525625,0.2961910114508754,364.0
20260745,16,clustered,16,fixed_q8_adaptive_eta,8.0,80.0,960.0,8.0,0.0025,0.3472039699936971,0.8462644380853276,8.0,0.0025,0.00046776871766649673,0.3472039699936971,1253.0
20260745,16,clustered,16,fixed_q1_adaptive_eta,1.0,80.0,400.0,1.0,0.0025,1.5371390392095294,3.0564999999999993,1.0,0.0025,0.0019238341170663463,1.5371390392095294,3120.0
20260745,16,global,4,adaptive_probe,32.0,80.0,2880.0,4.0,0.0025,1.3877445931238372,20.628043704474486,4.0,0.0025,0.001738440403510949,1.3877445931238372,1640.0
20260745,16,global,4,probe_oracle,32.0,80.0,2880.0,1.0,0.0025,1.5835451583447904,15.575999999999988,1.0,0.0025,0.019494344465074566,15.575999999999988,2624.0
20260745,16,global,4,all_agents_adaptive_eta,32.0,80.0,2880.0,32.0,0.0025,1.6358148014409606,23.418749999999978,32.0,0.0025,0.0029405945509143666,1.6358148014409606,364.0
20260745,16,global,4,fixed_q8_adaptive_eta,8.0,80.0,960.0,8.0,0.0025,1.458850895127968,21.698450572320485,8.0,0.0025,0.0018476577833532628,1.458850895127968,1253.0
20260745,16,global,4,fixed_q1_adaptive_eta,1.0,80.0,400.0,1.0,0.0025,1.5835451583447904,15.575999999999988,1.0,0.0025,0.001981911380705555,1.5835451583447904,3120.0
20260745,16,global,16,adaptive_probe,32.0,80.0,2880.0,2.0,0.0025,0.48844144283923263,17.014563995837655,2.0,0.0025,0.0006113200608234208,0.48844144283923263,2186.0
20260745,16,global,16,probe_oracle,32.0,80.0,2880.0,1.0,0.0025,0.5636283895398685,15.575999999999988,1.0,0.0025,0.019494331180250842,15.575999999999988,2624.0
20260745,16,global,16,all_agents_adaptive_eta,32.0,80.0,2880.0,32.0,0.0025,0.679981335680842,23.418749999999978,32.0,0.0025,0.000867945438691594,0.679981335680842,364.0
20260745,16,global,16,fixed_q8_adaptive_eta,8.0,80.0,960.0,8.0,0.0025,0.8694212129455239,21.698450572320485,8.0,0.0025,0.0010897049642278514,0.8694212129455239,1253.0
20260745,16,global,16,fixed_q1_adaptive_eta,1.0,80.0,400.0,1.0,0.0025,0.5636283895398685,15.575999999999988,1.0,0.0025,0.0007054181624453255,0.5636283895398685,3120.0
20260745,16,mixed,4,adaptive_probe,32.0,80.0,2880.0,4.0,0.0025,0.5959194261987674,10.848220516822746,4.0,0.0025,0.000746815426768977,0.5959194261987674,1640.0
20260745,16,mixed,4,probe_oracle,32.0,80.0,2880.0,2.0,0.0025,1.6038104714259835,9.510085154353096,2.0,0.0025,0.011902351366390918,9.510085154353096,2186.0
20260745,16,mixed,4,all_agents_adaptive_eta,32.0,80.0,2880.0,32.0,0.0031046445301837096,0.6881227817490896,12.280795503815458,32.0,0.0031046445301837096,0.0014130216274203145,0.6881227817490896,364.0
20260745,16,mixed,4,fixed_q8_adaptive_eta,8.0,80.0,960.0,8.0,0.0025,0.6951317550008201,11.382151578217128,8.0,0.0025,0.0008850432591267512,0.6951317550008201,1253.0
20260745,16,mixed,4,fixed_q1_adaptive_eta,1.0,80.0,400.0,1.0,0.0025,2.1034072155376102,9.57566666666666,1.0,0.0025,0.002632551777396084,2.1034072155376102,3120.0
20260745,16,mixed,16,adaptive_probe,32.0,80.0,2880.0,4.0,0.0025,0.3457231798563277,10.848220516822746,4.0,0.0025,0.000432699098490782,0.3457231798563277,1640.0
20260745,16,mixed,16,probe_oracle,32.0,80.0,2880.0,2.0,0.0025,0.8404910027372858,9.510085154353096,2.0,0.0025,0.011902282162735188,9.510085154353096,2186.0
20260745,16,mixed,16,all_agents_adaptive_eta,32.0,80.0,2880.0,32.0,0.0025,0.45822601233955895,12.280795503815458,32.0,0.0025,0.000566975625067879,0.45822601233955895,364.0
20260745,16,mixed,16,fixed_q8_adaptive_eta,8.0,80.0,960.0,8.0,0.0025,0.6045138769638664,11.382151578217128,8.0,0.0025,0.0007586647033646625,0.6045138769638664,1253.0
20260745,16,mixed,16,fixed_q1_adaptive_eta,1.0,80.0,400.0,1.0,0.0025,1.3697301709423355,9.57566666666666,1.0,0.0025,0.001714306944778316,1.3697301709423355,3120.0
20260746,17,independent,4,adaptive_probe,32.0,80.0,2880.0,16.0,0.005946035575013605,0.038921731131849456,0.09374999999999999,16.0,0.005946035575013605,0.00013413240530413717,0.038921731131849456,656.0
20260746,17,independent,4,probe_oracle,32.0,80.0,2880.0,32.0,0.009170040432046712,0.045935028445799234,0.04687499999999999,32.0,0.009170040432046712,0.0002693262678298717,0.04687499999999999,364.0
20260746,17,independent,4,all_agents_adaptive_eta,32.0,80.0,2880.0,32.0,0.009170040432046712,0.045935028445799234,0.04687499999999999,32.0,0.009170040432046712,0.00026494814140634674,0.045935028445799234,364.0
20260746,17,independent,4,fixed_q8_adaptive_eta,8.0,80.0,960.0,8.0,0.0031046445301837096,0.08715752666687741,0.18749999999999997,8.0,0.0031046445301837096,0.00015316736323840523,0.08715752666687741,1253.0
20260746,17,independent,4,fixed_q1_adaptive_eta,1.0,80.0,400.0,1.0,0.0025,1.2031123392368033,1.4999999999999998,1.0,0.0025,0.001505782663113148,1.2031123392368033,3120.0
20260746,17,independent,16,adaptive_probe,32.0,80.0,2880.0,16.0,0.005946035575013605,0.03326666186630827,0.09374999999999999,16.0,0.005946035575013605,0.00010989710284869352,0.03326666186630827,656.0
20260746,17,independent,16,probe_oracle,32.0,80.0,2880.0,32.0,0.009170040432046712,0.04982999129385469,0.04687499999999999,32.0,0.009170040432046712,0.0002487796785370409,0.04687499999999999,364.0
20260746,17,independent,16,all_agents_adaptive_eta,32.0,80.0,2880.0,32.0,0.009170040432046712,0.04982999129385469,0.04687499999999999,32.0,0.009170040432046712,0.00026322194032325644,0.04982999129385469,364.0
20260746,17,independent,16,fixed_q8_adaptive_eta,8.0,80.0,960.0,8.0,0.0031046445301837096,0.1228211691233472,0.18749999999999997,8.0,0.0031046445301837096,0.00020376667471646483,0.1228211691233472,1253.0
20260746,17,independent,16,fixed_q1_adaptive_eta,1.0,80.0,400.0,1.0,0.0025,1.240490315753298,1.4999999999999998,1.0,0.0025,0.001552566986626769,1.240490315753298,3120.0
20260746,17,clustered,4,adaptive_probe,32.0,80.0,2880.0,4.0,0.0025,0.3369356622600459,0.8950479968782517,4.0,0.0025,0.00043966876214735737,0.3369356622600459,1640.0
20260746,17,clustered,4,probe_oracle,32.0,80.0,2880.0,4.0,0.0025,0.3369356622600459,0.8950479968782517,4.0,0.0025,0.0011379924327884943,0.8950479968782517,1640.0
20260746,17,clustered,4,all_agents_adaptive_eta,32.0,80.0,2880.0,32.0,0.007384130729697496,0.36715373920985483,0.8688495057232047,32.0,0.007384130729697496,0.0016535525443994892,0.36715373920985483,364.0
20260746,17,clustered,4,fixed_q8_adaptive_eta,8.0,80.0,960.0,8.0,0.0025,0.31858059212520246,0.8462644380853276,8.0,0.0025,0.0005176443374601886,0.31858059212520246,1253.0
20260746,17,clustered,4,fixed_q1_adaptive_eta,1.0,80.0,400.0,1.0,0.0025,3.7202927451295924,3.0564999999999993,1.0,0.0025,0.004656230195800383,3.7202927451295924,3120.0
20260746,17,clustered,16,adaptive_probe,32.0,80.0,2880.0,8.0,0.0025,0.5397180188966132,0.8462644380853276,8.0,0.0025,0.0007343643096765584,0.5397180188966132,1093.0
20260746,17,clustered,16,probe_oracle,32.0,80.0,2880.0,8.0,0.0025,0.5397180188966132,0.8462644380853276,8.0,0.0025,0.0011171469465773294,0.8462644380853276,1093.0
20260746,17,clustered,16,all_agents_adaptive_eta,32.0,80.0,2880.0,32.0,0.0047880164034928676,0.5669226741407373,0.8688495057232047,32.0,0.0047880164034928676,0.001742872574091771,0.5669226741407373,364.0
20260746,17,clustered,16,fixed_q8_adaptive_eta,8.0,80.0,960.0,8.0,0.0025,0.5397180188966132,0.8462644380853276,8.0,0.0025,0.0007178013325202686,0.5397180188966132,1253.0
20260746,17,clustered,16,fixed_q1_adaptive_eta,1.0,80.0,400.0,1.0,0.0025,4.335881909187889,3.0564999999999993,1.0,0.0025,0.005426657940900052,4.335881909187889,3120.0
20260746,17,global,4,adaptive_probe,32.0,80.0,2880.0,2.0,0.0025,0.7859214550094624,17.014563995837655,2.0,0.0025,0.0009861070056288882,0.7859214550094624,2186.0
20260746,17,global,4,probe_oracle,32.0,80.0,2880.0,1.0,0.0025,0.8326326846891856,15.575999999999988,1.0,0.0025,0.019494607763245877,15.575999999999988,2624.0
20260746,17,global,4,all_agents_adaptive_eta,32.0,80.0,2880.0,32.0,0.007384130729697496,0.8425265958711932,23.418749999999978,32.0,0.007384130729697496,0.003745815323508717,0.8425265958711932,364.0
20260746,17,global,4,fixed_q8_adaptive_eta,8.0,80.0,960.0,8.0,0.0025,0.8203183309096453,21.698450572320485,8.0,0.0025,0.0012515647960104463,0.8203183309096453,1253.0
20260746,17,global,4,fixed_q1_adaptive_eta,1.0,80.0,400.0,1.0,0.0025,0.8326326846891856,15.575999999999988,1.0,0.0025,0.0010421018106231482,0.8326326846891856,3120.0
20260746,17,global,16,adaptive_probe,32.0,80.0,2880.0,2.0,0.0025,0.79507386547721,17.014563995837655,2.0,0.0025,0.0009987575446893232,0.79507386547721,2186.0
20260746,17,global,16,probe_oracle,32.0,80.0,2880.0,1.0,0.0025,0.917975219413638,15.575999999999988,1.0,0.0025,0.019494741239083686,15.575999999999988,2624.0
20260746,17,global,16,all_agents_adaptive_eta,32.0,80.0,2880.0,32.0,0.007384130729697496,0.623810217915698,23.418749999999978,32.0,0.007384130729697496,0.0031354108335059994,0.623810217915698,364.0
20260746,17,global,16,fixed_q8_adaptive_eta,8.0,80.0,960.0,8.0,0.0031046445301837096,0.638244457886153,21.698450572320485,8.0,0.0031046445301837096,0.0010529003095549685,0.638244457886153,1253.0
20260746,17,global,16,fixed_q1_adaptive_eta,1.0,80.0,400.0,1.0,0.0025,0.917975219413638,15.575999999999988,1.0,0.0025,0.0011489122347696447,0.917975219413638,3120.0
20260746,17,mixed,4,adaptive_probe,32.0,80.0,2880.0,2.0,0.0025,0.9247172324252604,9.510085154353096,2.0,0.0025,0.0011577985591283031,0.9247172324252604,2186.0
20260746,17,mixed,4,probe_oracle,32.0,80.0,2880.0,2.0,0.0025,0.9247172324252604,9.510085154353096,2.0,0.0025,0.011902750029724463,9.510085154353096,2186.0
20260746,17,mixed,4,all_agents_adaptive_eta,32.0,80.0,2880.0,32.0,0.0047880164034928676,1.0046693365004107,12.280795503815458,32.0,0.0047880164034928676,0.003154911504436169,1.0046693365004107,364.0
20260746,17,mixed,4,fixed_q8_adaptive_eta,8.0,80.0,960.0,8.0,0.0025,0.9072313474066993,11.382151578217128,8.0,0.0025,0.0011741349274017089,0.9072313474066993,1253.0
20260746,17,mixed,4,fixed_q1_adaptive_eta,1.0,80.0,400.0,1.0,0.0025,3.6118390718080313,9.57566666666666,1.0,0.0025,0.004520451878638308,3.6118390718080313,3120.0
20260746,17,mixed,16,adaptive_probe,32.0,80.0,2880.0,4.0,0.0025,0.9914900261744382,10.848220516822746,4.0,0.0025,0.0012664330134969448,0.9914900261744382,1640.0
20260746,17,mixed,16,probe_oracle,32.0,80.0,2880.0,2.0,0.0025,1.3815491030884748,9.510085154353096,2.0,0.0025,0.01190395484054371,9.510085154353096,2186.0
20260746,17,mixed,16,all_agents_adaptive_eta,32.0,80.0,2880.0,32.0,0.007384130729697496,0.8642372702441363,12.280795503815458,32.0,0.007384130729697496,0.0036820163464052606,0.8642372702441363,364.0
20260746,17,mixed,16,fixed_q8_adaptive_eta,8.0,80.0,960.0,8.0,0.0025,0.8218778100204716,11.382151578217128,8.0,0.0025,0.0011358608403346166,0.8218778100204716,1253.0
20260746,17,mixed,16,fixed_q1_adaptive_eta,1.0,80.0,400.0,1.0,0.0025,3.898222596301225,9.57566666666666,1.0,0.0025,0.00487887608274212,3.898222596301225,3120.0
20260747,18,independent,4,adaptive_probe,32.0,80.0,2880.0,4.0,0.0025,0.22190386024265263,0.37499999999999994,4.0,0.0025,0.0002860348869097396,0.22190386024265263,1640.0
20260747,18,independent,4,probe_oracle,32.0,80.0,2880.0,32.0,0.009170040432046712,0.061603219265442946,0.04687499999999999,32.0,0.009170040432046712,0.0002529613124660138,0.04687499999999999,364.0
20260747,18,independent,4,all_agents_adaptive_eta,32.0,80.0,2880.0,32.0,0.009170040432046712,0.061603219265442946,0.04687499999999999,32.0,0.009170040432046712,0.00032156126705967455,0.061603219265442946,364.0
20260747,18,independent,4,fixed_q8_adaptive_eta,8.0,80.0,960.0,8.0,0.0031046445301837096,0.21072692123066705,0.18749999999999997,8.0,0.0031046445301837096,0.0003463882689838475,0.21072692123066705,1253.0
20260747,18,independent,4,fixed_q1_adaptive_eta,1.0,80.0,400.0,1.0,0.0025,1.0557543621547902,1.4999999999999998,1.0,0.0025,0.001321346476126903,1.0557543621547902,3120.0
20260747,18,independent,16,adaptive_probe,32.0,80.0,2880.0,32.0,0.009170040432046712,0.030614687033146418,0.04687499999999999,32.0,0.009170040432046712,0.00016590867294633986,0.030614687033146418,364.0
20260747,18,independent,16,probe_oracle,32.0,80.0,2880.0,32.0,0.009170040432046712,0.030614687033146418,0.04687499999999999,32.0,0.009170040432046712,0.00024537953199132794,0.04687499999999999,364.0
20260747,18,independent,16,all_agents_adaptive_eta,32.0,80.0,2880.0,32.0,0.009170040432046712,0.030614687033146418,0.04687499999999999,32.0,0.009170040432046712,0.00016590867294633986,0.030614687033146418,364.0
20260747,18,independent,16,fixed_q8_adaptive_eta,8.0,80.0,960.0,8.0,0.0025,0.29588276204695807,0.18749999999999997,8.0,0.0025,0.00047377782936948464,0.29588276204695807,1253.0
20260747,18,independent,16,fixed_q1_adaptive_eta,1.0,80.0,400.0,1.0,0.0025,0.41449379075275317,1.4999999999999998,1.0,0.0025,0.0005187681577267972,0.41449379075275317,3120.0
20260747,18,clustered,4,adaptive_probe,32.0,80.0,2880.0,4.0,0.0025,0.7826157756070664,0.8950479968782517,4.0,0.0025,0.0009831512645780557,0.7826157756070664,1640.0
20260747,18,clustered,4,probe_oracle,32.0,80.0,2880.0,8.0,0.0025,0.9490863157750619,0.8462644380853276,8.0,0.0025,0.001115369126393059,0.8462644380853276,1093.0
20260747,18,clustered,4,all_agents_adaptive_eta,32.0,80.0,2880.0,32.0,0.0038555270635198514,0.8787869318336936,0.8688495057232047,32.0,0.0038555270635198514,0.002458371500312635,0.8787869318336936,364.0
20260747,18,clustered,4,fixed_q8_adaptive_eta,8.0,80.0,960.0,8.0,0.0025,0.9490863157750619,0.8462644380853276,8.0,0.0025,0.0012287693233592899,0.9490863157750619,1253.0
20260747,18,clustered,4,fixed_q1_adaptive_eta,1.0,80.0,400.0,1.0,0.0025,2.4600838582130775,3.0564999999999993,1.0,0.0025,0.0030789541998354378,2.4600838582130775,3120.0
20260747,18,clustered,16,adaptive_probe,32.0,80.0,2880.0,4.0,0.0025,0.959170529204159,0.8950479968782517,4.0,0.0025,0.0012033867121402759,0.959170529204159,1640.0
20260747,18,clustered,16,probe_oracle,32.0,80.0,2880.0,8.0,0.0025,0.9394880468480451,0.8462644380853276,8.0,0.0025,0.0011064280528188108,0.8462644380853276,1093.0
20260747,18,clustered,16,all_agents_adaptive_eta,32.0,80.0,2880.0,32.0,0.0038555270635198514,0.723474823810851,0.8688495057232047,32.0,0.0038555270635198514,0.002015591365299693,0.723474823810851,364.0
20260747,18,clustered,16,fixed_q8_adaptive_eta,8.0,80.0,960.0,8.0,0.0025,0.9394880468480451,0.8462644380853276,8.0,0.0025,0.0012389183915432005,0.9394880468480451,1253.0
20260747,18,clustered,16,fixed_q1_adaptive_eta,1.0,80.0,400.0,1.0,0.0025,1.8292499453950959,3.0564999999999993,1.0,0.0025,0.0022894273164454485,1.8292499453950959,3120.0
20260747,18,global,4,adaptive_probe,32.0,80.0,2880.0,4.0,0.0025,1.7219973173855019,20.628043704474486,4.0,0.0025,0.0021716752489829376,1.7219973173855019,1640.0
20260747,18,global,4,probe_oracle,32.0,80.0,2880.0,1.0,0.0025,1.951402371170369,15.575999999999988,1.0,0.0025,0.01949445335030709,15.575999999999988,2624.0
20260747,18,global,4,all_agents_adaptive_eta,32.0,80.0,2880.0,32.0,0.0047880164034928676,2.1621872968986575,23.418749999999978,32.0,0.0047880164034928676,0.0069291993323035445,2.1621872968986575,364.0
20260747,18,global,4,fixed_q8_adaptive_eta,8.0,80.0,960.0,8.0,0.0025,1.935189996132023,21.698450572320485,8.0,0.0025,0.0025614734133521384,1.935189996132023,1253.0
20260747,18,global,4,fixed_q1_adaptive_eta,1.0,80.0,400.0,1.0,0.0025,1.951402371170369,15.575999999999988,1.0,0.0025,0.002442312050607988,1.951402371170369,3120.0
20260747,18,global,16,adaptive_probe,32.0,80.0,2880.0,1.0,0.0025,1.2698923650469833,15.575999999999988,1.0,0.0025,0.0015895507770952175,1.2698923650469833,2624.0
20260747,18,global,16,probe_oracle,32.0,80.0,2880.0,1.0,0.0025,1.2698923650469833,15.575999999999988,1.0,0.0025,0.019494531280629605,15.575999999999988,2624.0
20260747,18,global,16,all_agents_adaptive_eta,32.0,80.0,2880.0,32.0,0.005946035575013605,2.4271697792313947,23.418749999999978,32.0,0.005946035575013605,0.008566505171720066,2.4271697792313947,364.0
20260747,18,global,16,fixed_q8_adaptive_eta,8.0,80.0,960.0,8.0,0.0025,2.135471132559916,21.698450572320485,8.0,0.0025,0.0029471396544193417,2.135471132559916,1253.0
20260747,18,global,16,fixed_q1_adaptive_eta,1.0,80.0,400.0,1.0,0.0025,1.2698923650469833,15.575999999999988,1.0,0.0025,0.001589365419821475,1.2698923650469833,3120.0
20260747,18,mixed,4,adaptive_probe,32.0,80.0,2880.0,4.0,0.0025,1.8598696265841412,10.848220516822746,4.0,0.0025,0.002336099652012236,1.8598696265841412,1640.0
20260747,18,mixed,4,probe_oracle,32.0,80.0,2880.0,2.0,0.0025,3.8252853374865174,9.510085154353096,2.0,0.0025,0.011902858283842946,9.510085154353096,2186.0
20260747,18,mixed,4,all_agents_adaptive_eta,32.0,80.0,2880.0,32.0,0.0038555270635198514,2.2776599217716047,12.280795503815458,32.0,0.0038555270635198514,0.006113650045861299,2.2776599217716047,364.0
20260747,18,mixed,4,fixed_q8_adaptive_eta,8.0,80.0,960.0,8.0,0.0025,2.1245934972655856,11.382151578217128,8.0,0.0025,0.002736063681844848,2.1245934972655856,1253.0
20260747,18,mixed,4,fixed_q1_adaptive_eta,1.0,80.0,400.0,1.0,0.0025,2.998181080707303,9.57566666666666,1.0,0.0025,0.003752419630437883,2.998181080707303,3120.0
20260747,18,mixed,16,adaptive_probe,32.0,80.0,2880.0,1.0,0.0025,2.0101847225648464,9.57566666666666,1.0,0.0025,0.002515982701917975,2.0101847225648464,2624.0
20260747,18,mixed,16,probe_oracle,32.0,80.0,2880.0,2.0,0.0025,2.7497832404461016,9.510085154353096,2.0,0.0025,0.011903276975489013,9.510085154353096,2186.0
20260747,18,mixed,16,all_agents_adaptive_eta,32.0,80.0,2880.0,32.0,0.0047880164034928676,2.5133260704707965,12.280795503815458,32.0,0.0047880164034928676,0.007603890874367373,2.5133260704707965,364.0
20260747,18,mixed,16,fixed_q8_adaptive_eta,8.0,80.0,960.0,8.0,0.0025,2.3863667442059064,11.382151578217128,8.0,0.0025,0.003157479774417323,2.3863667442059064,1253.0
20260747,18,mixed,16,fixed_q1_adaptive_eta,1.0,80.0,400.0,1.0,0.0025,2.0101847225648464,9.57566666666666,1.0,0.0025,0.0025158854877085925,2.0101847225648464,3120.0
20260748,19,independent,4,adaptive_probe,32.0,80.0,2880.0,32.0,0.009170040432046712,0.037061088450330945,0.04687499999999999,32.0,0.009170040432046712,0.0002039829602977646,0.037061088450330945,364.0
20260748,19,independent,4,probe_oracle,32.0,80.0,2880.0,32.0,0.009170040432046712,0.037061088450330945,0.04687499999999999,32.0,0.009170040432046712,0.00024969343449426977,0.04687499999999999,364.0
20260748,19,independent,4,all_agents_adaptive_eta,32.0,80.0,2880.0,32.0,0.009170040432046712,0.037061088450330945,0.04687499999999999,32.0,0.009170040432046712,0.0002039829602977646,0.037061088450330945,364.0
20260748,19,independent,4,fixed_q8_adaptive_eta,8.0,80.0,960.0,8.0,0.0025,0.1797678088445887,0.18749999999999997,8.0,0.0025,0.0002729967183668844,0.1797678088445887,1253.0
20260748,19,independent,4,fixed_q1_adaptive_eta,1.0,80.0,400.0,1.0,0.0025,0.19946779259191738,1.4999999999999998,1.0,0.0025,0.00024965591390517023,0.19946779259191738,3120.0
20260748,19,independent,16,adaptive_probe,32.0,80.0,2880.0,32.0,0.007384130729697496,0.06526798231652975,0.04687499999999999,32.0,0.007384130729697496,0.0003030091096046989,0.06526798231652975,364.0
20260748,19,independent,16,probe_oracle,32.0,80.0,2880.0,32.0,0.007384130729697496,0.06526798231652975,0.04687499999999999,32.0,0.007384130729697496,0.00023170594905189856,0.04687499999999999,364.0
20260748,19,independent,16,all_agents_adaptive_eta,32.0,80.0,2880.0,32.0,0.007384130729697496,0.06526798231652975,0.04687499999999999,32.0,0.007384130729697496,0.0003030091096046989,0.06526798231652975,364.0
20260748,19,independent,16,fixed_q8_adaptive_eta,8.0,80.0,960.0,8.0,0.0025,0.23901796962639793,0.18749999999999997,8.0,0.0025,0.0003282332579350916,0.23901796962639793,1253.0
20260748,19,independent,16,fixed_q1_adaptive_eta,1.0,80.0,400.0,1.0,0.0025,0.4200042375118957,1.4999999999999998,1.0,0.0025,0.0005256719904002019,0.4200042375118957,3120.0
20260748,19,clustered,4,adaptive_probe,32.0,80.0,2880.0,4.0,0.0025,0.6932757141404065,0.8950479968782517,4.0,0.0025,0.0008677585829764048,0.6932757141404065,1640.0
20260748,19,clustered,4,probe_oracle,32.0,80.0,2880.0,16.0,0.0025,0.7754716976095797,0.8392795265348594,16.0,0.0025,0.0010552762612140384,0.8392795265348594,656.0
20260748,19,clustered,4,all_agents_adaptive_eta,32.0,80.0,2880.0,32.0,0.0025,0.8257055412233972,0.8688495057232047,32.0,0.0025,0.0010563255985407602,0.8257055412233972,364.0
20260748,19,clustered,4,fixed_q8_adaptive_eta,8.0,80.0,960.0,8.0,0.0025,0.8789432226287418,0.8462644380853276,8.0,0.0025,0.0011013336863890735,0.8789432226287418,1253.0
20260748,19,clustered,4,fixed_q1_adaptive_eta,1.0,80.0,400.0,1.0,0.0025,1.8376269131321363,3.0564999999999993,1.0,0.0025,0.002299909857448916,1.8376269131321363,3120.0
20260748,19,clustered,16,adaptive_probe,32.0,80.0,2880.0,4.0,0.0025,0.4498634867041745,0.8950479968782517,4.0,0.0025,0.0005636276304540538,0.4498634867041745,1640.0
20260748,19,clustered,16,probe_oracle,32.0,80.0,2880.0,8.0,0.0025,0.5431075838354374,0.8462644380853276,8.0,0.0025,0.0010681593753659258,0.8462644380853276,1093.0
20260748,19,clustered,16,all_agents_adaptive_eta,32.0,80.0,2880.0,32.0,0.0025,0.4859417983740365,0.8688495057232047,32.0,0.0025,0.0009507643246495919,0.4859417983740365,364.0
20260748,19,clustered,16,fixed_q8_adaptive_eta,8.0,80.0,960.0,8.0,0.0025,0.5431075838354374,0.8462644380853276,8.0,0.0025,0.0006904433365610277,0.5431075838354374,1253.0
20260748,19,clustered,16,fixed_q1_adaptive_eta,1.0,80.0,400.0,1.0,0.0025,1.8133885818942046,3.0564999999999993,1.0,0.0025,0.002269583358370634,1.8133885818942046,3120.0
20260748,19,global,4,adaptive_probe,32.0,80.0,2880.0,2.0,0.0025,1.803464266805315,17.014563995837655,2.0,0.0025,0.0022608216081395262,1.803464266805315,2186.0
20260748,19,global,4,probe_oracle,32.0,80.0,2880.0,1.0,0.0025,2.2341270111446248,15.575999999999988,1.0,0.0025,0.019494743558295138,15.575999999999988,2624.0
20260748,19,global,4,all_agents_adaptive_eta,32.0,80.0,2880.0,32.0,0.005946035575013605,3.6513556050322054,23.418749999999978,32.0,0.005946035575013605,0.013478925505249883,3.6513556050322054,364.0
20260748,19,global,4,fixed_q8_adaptive_eta,8.0,80.0,960.0,8.0,0.0025,3.290518116333244,21.698450572320485,8.0,0.0025,0.004477467088441083,3.290518116333244,1253.0
20260748,19,global,4,fixed_q1_adaptive_eta,1.0,80.0,400.0,1.0,0.0025,2.2341270111446248,15.575999999999988,1.0,0.0025,0.0027961859621671303,2.2341270111446248,3120.0
20260748,19,global,16,adaptive_probe,32.0,80.0,2880.0,2.0,0.0025,2.105727960941051,17.014563995837655,2.0,0.0025,0.0026399190511593685,2.105727960941051,2186.0
20260748,19,global,16,probe_oracle,32.0,80.0,2880.0,1.0,0.0025,2.5181515879194967,15.575999999999988,1.0,0.0025,0.019494833028620897,15.575999999999988,2624.0
20260748,19,global,16,all_agents_adaptive_eta,32.0,80.0,2880.0,32.0,0.005946035575013605,3.689204415148452,23.418749999999978,32.0,0.005946035575013605,0.01408654955773433,3.689204415148452,364.0
20260748,19,global,16,fixed_q8_adaptive_eta,8.0,80.0,960.0,8.0,0.0025,3.3990388563259524,21.698450572320485,8.0,0.0025,0.004670307477773044,3.3990388563259524,1253.0
20260748,19,global,16,fixed_q1_adaptive_eta,1.0,80.0,400.0,1.0,0.0025,2.5181515879194967,15.575999999999988,1.0,0.0025,0.0031516682480475368,2.5181515879194967,3120.0
20260748,19,mixed,4,adaptive_probe,32.0,80.0,2880.0,4.0,0.0025,1.6409991092152336,10.848220516822746,4.0,0.0025,0.002071892076689736,1.6409991092152336,1640.0
20260748,19,mixed,4,probe_oracle,32.0,80.0,2880.0,2.0,0.0025,1.913279476436506,9.510085154353096,2.0,0.0025,0.011903485405978128,9.510085154353096,2186.0
20260748,19,mixed,4,all_agents_adaptive_eta,32.0,80.0,2880.0,32.0,0.0047880164034928676,2.146979164294443,12.280795503815458,32.0,0.0047880164034928676,0.007069766029936916,2.146979164294443,364.0
20260748,19,mixed,4,fixed_q8_adaptive_eta,8.0,80.0,960.0,8.0,0.0025,1.989119674871263,11.382151578217128,8.0,0.0025,0.002610636272657341,1.989119674871263,1253.0
20260748,19,mixed,4,fixed_q1_adaptive_eta,1.0,80.0,400.0,1.0,0.0025,2.1987910781928672,9.57566666666666,1.0,0.0025,0.0027519410038930286,2.1987910781928672,3120.0
20260748,19,mixed,16,adaptive_probe,32.0,80.0,2880.0,4.0,0.0025,1.4893094968604448,10.848220516822746,4.0,0.0025,0.0018935798188508659,1.4893094968604448,1640.0
20260748,19,mixed,16,probe_oracle,32.0,80.0,2880.0,2.0,0.0025,1.511956640749341,9.510085154353096,2.0,0.0025,0.011904231923350694,9.510085154353096,2186.0
20260748,19,mixed,16,all_agents_adaptive_eta,32.0,80.0,2880.0,32.0,0.005946035575013605,1.9806957511483894,12.280795503815458,32.0,0.005946035575013605,0.007279762850175076,1.9806957511483894,364.0
20260748,19,mixed,16,fixed_q8_adaptive_eta,8.0,80.0,960.0,8.0,0.0025,1.8466405721116033,11.382151578217128,8.0,0.0025,0.002505878883466245,1.8466405721116033,1253.0
20260748,19,mixed,16,fixed_q1_adaptive_eta,1.0,80.0,400.0,1.0,0.0025,2.6479281064368005,9.57566666666666,1.0,0.0025,0.0033140835213182787,2.6479281064368005,3120.0
20260749,20,independent,4,adaptive_probe,32.0,80.0,2880.0,8.0,0.0038555270635198514,0.10213260979383977,0.18749999999999997,8.0,0.0038555270635198514,0.00020671975074486074,0.10213260979383977,1093.0
20260749,20,independent,4,probe_oracle,32.0,80.0,2880.0,32.0,0.009170040432046712,0.05342516274816467,0.04687499999999999,32.0,0.009170040432046712,0.00026789085389340174,0.04687499999999999,364.0
20260749,20,independent,4,all_agents_adaptive_eta,32.0,80.0,2880.0,32.0,0.009170040432046712,0.05342516274816467,0.04687499999999999,32.0,0.009170040432046712,0.00029839969267471183,0.05342516274816467,364.0
20260749,20,independent,4,fixed_q8_adaptive_eta,8.0,80.0,960.0,8.0,0.0031046445301837096,0.10213260979383977,0.18749999999999997,8.0,0.0031046445301837096,0.0001684980558410966,0.10213260979383977,1253.0
20260749,20,independent,4,fixed_q1_adaptive_eta,1.0,80.0,400.0,1.0,0.0025,0.6402322235673825,1.4999999999999998,1.0,0.0025,0.0008012918600141176,0.6402322235673825,3120.0
20260749,20,independent,16,adaptive_probe,32.0,80.0,2880.0,8.0,0.0031046445301837096,0.07969230642107807,0.18749999999999997,8.0,0.0031046445301837096,0.00015439452953651964,0.07969230642107807,1093.0
20260749,20,independent,16,probe_oracle,32.0,80.0,2880.0,32.0,0.009170040432046712,0.038718679792526585,0.04687499999999999,32.0,0.009170040432046712,0.00025004139775222764,0.04687499999999999,364.0
20260749,20,independent,16,all_agents_adaptive_eta,32.0,80.0,2880.0,32.0,0.009170040432046712,0.038718679792526585,0.04687499999999999,32.0,0.009170040432046712,0.00021017809531424667,0.038718679792526585,364.0
20260749,20,independent,16,fixed_q8_adaptive_eta,8.0,80.0,960.0,8.0,0.0031046445301837096,0.07969230642107807,0.18749999999999997,8.0,0.0031046445301837096,0.00013375926371748977,0.07969230642107807,1253.0
20260749,20,independent,16,fixed_q1_adaptive_eta,1.0,80.0,400.0,1.0,0.0025,1.3279761639330472,1.4999999999999998,1.0,0.0025,0.0016620491265503304,1.3279761639330472,3120.0
20260749,20,clustered,4,adaptive_probe,32.0,80.0,2880.0,2.0,0.0025,0.506677436357053,1.6917047346514045,2.0,0.0025,0.0006354339972155071,0.506677436357053,2186.0
20260749,20,clustered,4,probe_oracle,32.0,80.0,2880.0,4.0,0.0025,0.8067673377690898,0.8950479968782517,4.0,0.0025,0.0011399949277293747,0.8950479968782517,1640.0
20260749,20,clustered,4,all_agents_adaptive_eta,32.0,80.0,2880.0,32.0,0.007384130729697496,0.7400391547189398,0.8688495057232047,32.0,0.007384130729697496,0.0030746810084371396,0.7400391547189398,364.0
20260749,20,clustered,4,fixed_q8_adaptive_eta,8.0,80.0,960.0,8.0,0.0025,0.8881346259085698,0.8462644380853276,8.0,0.0025,0.0012154640738780242,0.8881346259085698,1253.0
20260749,20,clustered,4,fixed_q1_adaptive_eta,1.0,80.0,400.0,1.0,0.0025,1.6457881777350227,3.0564999999999993,1.0,0.0025,0.0020598106613694506,1.6457881777350227,3120.0
20260749,20,clustered,16,adaptive_probe,32.0,80.0,2880.0,2.0,0.0025,0.7047024032388656,1.6917047346514045,2.0,0.0025,0.000882510403350001,0.7047024032388656,2186.0
20260749,20,clustered,16,probe_oracle,32.0,80.0,2880.0,4.0,0.0025,0.7514199669994566,0.8950479968782517,4.0,0.0025,0.0011282985781309199,0.8950479968782517,1640.0
20260749,20,clustered,16,all_agents_adaptive_eta,32.0,80.0,2880.0,32.0,0.0047880164034928676,0.8081486343980561,0.8688495057232047,32.0,0.0047880164034928676,0.002766713975902762,0.8081486343980561,364.0
20260749,20,clustered,16,fixed_q8_adaptive_eta,8.0,80.0,960.0,8.0,0.0025,0.8608894342010142,0.8462644380853276,8.0,0.0025,0.001139822886803296,0.8608894342010142,1253.0
20260749,20,clustered,16,fixed_q1_adaptive_eta,1.0,80.0,400.0,1.0,0.0025,1.554441400387947,3.0564999999999993,1.0,0.0025,0.00194548671102549,1.554441400387947,3120.0
20260749,20,global,4,adaptive_probe,32.0,80.0,2880.0,1.0,0.0025,2.110096367976157,15.575999999999988,1.0,0.0025,0.002641023446417685,2.110096367976157,2624.0
20260749,20,global,4,probe_oracle,32.0,80.0,2880.0,1.0,0.0025,2.110096367976157,15.575999999999988,1.0,0.0025,0.01949443655822611,15.575999999999988,2624.0
20260749,20,global,4,all_agents_adaptive_eta,32.0,80.0,2880.0,32.0,0.0038555270635198514,3.254138415568688,23.418749999999978,32.0,0.0038555270635198514,0.009152739862685184,3.254138415568688,364.0
20260749,20,global,4,fixed_q8_adaptive_eta,8.0,80.0,960.0,8.0,0.0025,3.044542726405672,21.698450572320485,8.0,0.0025,0.0038780129113442476,3.044542726405672,1253.0
20260749,20,global,4,fixed_q1_adaptive_eta,1.0,80.0,400.0,1.0,0.0025,2.110096367976157,15.575999999999988,1.0,0.0025,0.002640923254258743,2.110096367976157,3120.0
20260749,20,global,16,adaptive_probe,32.0,80.0,2880.0,1.0,0.0025,0.6762889314492716,15.575999999999988,1.0,0.0025,0.0008464783672181562,0.6762889314492716,2624.0
20260749,20,global,16,probe_oracle,32.0,80.0,2880.0,1.0,0.0025,0.6762889314492716,15.575999999999988,1.0,0.0025,0.019494390363832496,15.575999999999988,2624.0
20260749,20,global,16,all_agents_adaptive_eta,32.0,80.0,2880.0,32.0,0.0047880164034928676,1.448122689212644,23.418749999999978,32.0,0.0047880164034928676,0.004311619086139504,1.448122689212644,364.0
20260749,20,global,16,fixed_q8_adaptive_eta,8.0,80.0,960.0,8.0,0.0025,1.2674399000952665,21.698450572320485,8.0,0.0025,0.0016553732795981705,1.2674399000952665,1253.0
20260749,20,global,16,fixed_q1_adaptive_eta,1.0,80.0,400.0,1.0,0.0025,0.6762889314492716,15.575999999999988,1.0,0.0025,0.0008464230960644522,0.6762889314492716,3120.0
20260749,20,mixed,4,adaptive_probe,32.0,80.0,2880.0,4.0,0.0025,1.6412159909750748,10.848220516822746,4.0,0.0025,0.0020746721107430337,1.6412159909750748,1640.0
20260749,20,mixed,4,probe_oracle,32.0,80.0,2880.0,2.0,0.0025,1.910905193352388,9.510085154353096,2.0,0.0025,0.011903648461106593,9.510085154353096,2186.0
20260749,20,mixed,4,all_agents_adaptive_eta,32.0,80.0,2880.0,32.0,0.005946035575013605,1.877785276783543,12.280795503815458,32.0,0.005946035575013605,0.0065484486481618255,1.877785276783543,364.0
20260749,20,mixed,4,fixed_q8_adaptive_eta,8.0,80.0,960.0,8.0,0.0025,1.8632139597439017,11.382151578217128,8.0,0.0025,0.002444419523684233,1.8632139597439017,1253.0
20260749,20,mixed,4,fixed_q1_adaptive_eta,1.0,80.0,400.0,1.0,0.0025,2.7557299389387486,9.57566666666666,1.0,0.0025,0.0034489751394136017,2.7557299389387486,3120.0
20260749,20,mixed,16,adaptive_probe,32.0,80.0,2880.0,2.0,0.0025,1.1184319674516048,9.510085154353096,2.0,0.0025,0.0014003516200649078,1.1184319674516048,2186.0
20260749,20,mixed,16,probe_oracle,32.0,80.0,2880.0,2.0,0.0025,1.1184319674516048,9.510085154353096,2.0,0.0025,0.01190286089762689,9.510085154353096,2186.0
20260749,20,mixed,16,all_agents_adaptive_eta,32.0,80.0,2880.0,32.0,0.0047880164034928676,1.6142190358557769,12.280795503815458,32.0,0.0047880164034928676,0.004769807598776041,1.6142190358557769,364.0
20260749,20,mixed,16,fixed_q8_adaptive_eta,8.0,80.0,960.0,8.0,0.0025,1.504923506347641,11.382151578217128,8.0,0.0025,0.001958466068277719,1.504923506347641,1253.0
20260749,20,mixed,16,fixed_q1_adaptive_eta,1.0,80.0,400.0,1.0,0.0025,1.3724799418911497,9.57566666666666,1.0,0.0025,0.0017177513545185421,1.3724799418911497,3120.0
20260750,21,independent,4,adaptive_probe,32.0,80.0,2880.0,8.0,0.0038555270635198514,0.07430268119184694,0.18749999999999997,8.0,0.0038555270635198514,0.00015213078493225423,0.07430268119184694,1093.0
20260750,21,independent,4,probe_oracle,32.0,80.0,2880.0,32.0,0.009170040432046712,0.04418174790547233,0.04687499999999999,32.0,0.009170040432046712,0.0002634288770189546,0.04687499999999999,364.0
20260750,21,independent,4,all_agents_adaptive_eta,32.0,80.0,2880.0,32.0,0.009170040432046712,0.04418174790547233,0.04687499999999999,32.0,0.009170040432046712,0.0002508844568100989,0.04418174790547233,364.0
20260750,21,independent,4,fixed_q8_adaptive_eta,8.0,80.0,960.0,8.0,0.0031046445301837096,0.07430268119184694,0.18749999999999997,8.0,0.0031046445301837096,0.00013059750889583984,0.07430268119184694,1253.0
20260750,21,independent,4,fixed_q1_adaptive_eta,1.0,80.0,400.0,1.0,0.0025,0.7228084138047842,1.4999999999999998,1.0,0.0025,0.0009046494523198152,0.7228084138047842,3120.0
20260750,21,independent,16,adaptive_probe,32.0,80.0,2880.0,8.0,0.0031046445301837096,0.09438108650920012,0.18749999999999997,8.0,0.0031046445301837096,0.00017201519268302825,0.09438108650920012,1093.0
20260750,21,independent,16,probe_oracle,32.0,80.0,2880.0,32.0,0.009170040432046712,0.03959833576585521,0.04687499999999999,32.0,0.009170040432046712,0.0002462801000726739,0.04687499999999999,364.0
20260750,21,independent,16,all_agents_adaptive_eta,32.0,80.0,2880.0,32.0,0.009170040432046712,0.03959833576585521,0.04687499999999999,32.0,0.009170040432046712,0.00021071603935328634,0.03959833576585521,364.0
20260750,21,independent,16,fixed_q8_adaptive_eta,8.0,80.0,960.0,8.0,0.0031046445301837096,0.09438108650920012,0.18749999999999997,8.0,0.0031046445301837096,0.00016114709471145143,0.09438108650920012,1253.0
20260750,21,independent,16,fixed_q1_adaptive_eta,1.0,80.0,400.0,1.0,0.0025,0.8542250693788795,1.4999999999999998,1.0,0.0025,0.0010691289165094004,0.8542250693788795,3120.0
20260750,21,clustered,4,adaptive_probe,32.0,80.0,2880.0,4.0,0.0025,1.1122078297202036,0.8950479968782517,4.0,0.0025,0.0013920831524320554,1.1122078297202036,1640.0
20260750,21,clustered,4,probe_oracle,32.0,80.0,2880.0,8.0,0.0025,1.1555599102703311,0.8462644380853276,8.0,0.0025,0.001061842647533711,0.8462644380853276,1093.0
20260750,21,clustered,4,all_agents_adaptive_eta,32.0,80.0,2880.0,32.0,0.0025,1.1837187647053697,0.8688495057232047,32.0,0.0025,0.0015190874029056623,1.1837187647053697,364.0
20260750,21,clustered,4,fixed_q8_adaptive_eta,8.0,80.0,960.0,8.0,0.0025,1.1555599102703311,0.8462644380853276,8.0,0.0025,0.0014476817169066362,1.1555599102703311,1253.0
20260750,21,clustered,4,fixed_q1_adaptive_eta,1.0,80.0,400.0,1.0,0.0025,1.5145669522532066,3.0564999999999993,1.0,0.0025,0.0018955950309310888,1.5145669522532066,3120.0
20260750,21,clustered,16,adaptive_probe,32.0,80.0,2880.0,1.0,0.0025,0.6141851574357006,3.0564999999999993,1.0,0.0025,0.0007686908030655086,0.6141851574357006,2624.0
20260750,21,clustered,16,probe_oracle,32.0,80.0,2880.0,32.0,0.0025,1.0990938189276054,0.8688495057232047,32.0,0.0025,0.0009328464697341744,0.8688495057232047,364.0
20260750,21,clustered,16,all_agents_adaptive_eta,32.0,80.0,2880.0,32.0,0.0025,1.0990938189276054,0.8688495057232047,32.0,0.0025,0.0011798792306372402,1.0990938189276054,364.0
20260750,21,clustered,16,fixed_q8_adaptive_eta,8.0,80.0,960.0,8.0,0.0025,0.972842759696116,0.8462644380853276,8.0,0.0025,0.001223587624433139,0.972842759696116,1253.0
20260750,21,clustered,16,fixed_q1_adaptive_eta,1.0,80.0,400.0,1.0,0.0025,0.6141851574357006,3.0564999999999993,1.0,0.0025,0.0007687097262215383,0.6141851574357006,3120.0
20260750,21,global,4,adaptive_probe,32.0,80.0,2880.0,2.0,0.0025,1.1875994695683547,17.014563995837655,2.0,0.0025,0.0014864131442226328,1.1875994695683547,2186.0
20260750,21,global,4,probe_oracle,32.0,80.0,2880.0,1.0,0.0025,1.6090901182946202,15.575999999999988,1.0,0.0025,0.01949433868153725,15.575999999999988,2624.0
20260750,21,global,4,all_agents_adaptive_eta,32.0,80.0,2880.0,32.0,0.0025,2.4073748672551982,23.418749999999978,32.0,0.0025,0.0032846071070281087,2.4073748672551982,364.0
20260750,21,global,4,fixed_q8_adaptive_eta,8.0,80.0,960.0,8.0,0.0025,2.007700231119582,21.698450572320485,8.0,0.0025,0.0025140363512257016,2.007700231119582,1253.0
20260750,21,global,4,fixed_q1_adaptive_eta,1.0,80.0,400.0,1.0,0.0025,1.6090901182946202,15.575999999999988,1.0,0.0025,0.0020138796730442524,1.6090901182946202,3120.0
20260750,21,global,16,adaptive_probe,32.0,80.0,2880.0,1.0,0.0025,1.0020779215915665,15.575999999999988,1.0,0.0025,0.0012541751471158821,1.0020779215915665,2624.0
20260750,21,global,16,probe_oracle,32.0,80.0,2880.0,1.0,0.0025,1.0020779215915665,15.575999999999988,1.0,0.0025,0.019494342027755275,15.575999999999988,2624.0
20260750,21,global,16,all_agents_adaptive_eta,32.0,80.0,2880.0,32.0,0.0025,1.9674898982052529,23.418749999999978,32.0,0.0025,0.0030986555729846446,1.9674898982052529,364.0
20260750,21,global,16,fixed_q8_adaptive_eta,8.0,80.0,960.0,8.0,0.0025,1.7120630781641109,21.698450572320485,8.0,0.0025,0.002143395995534066,1.7120630781641109,1253.0
20260750,21,global,16,fixed_q1_adaptive_eta,1.0,80.0,400.0,1.0,0.0025,1.0020779215915665,15.575999999999988,1.0,0.0025,0.0012541656488842424,1.0020779215915665,3120.0
20260750,21,mixed,4,adaptive_probe,32.0,80.0,2880.0,4.0,0.0025,1.8768561644631168,10.848220516822746,4.0,0.0025,0.002352177752384555,1.8768561644631168,1640.0
20260750,21,mixed,4,probe_oracle,32.0,80.0,2880.0,2.0,0.0025,2.408795242077036,9.510085154353096,2.0,0.0025,0.011902521869357212,9.510085154353096,2186.0
20260750,21,mixed,4,all_agents_adaptive_eta,32.0,80.0,2880.0,32.0,0.0031046445301837096,2.3294946510819114,12.280795503815458,32.0,0.0031046445301837096,0.004708313261852316,2.3294946510819114,364.0
20260750,21,mixed,4,fixed_q8_adaptive_eta,8.0,80.0,960.0,8.0,0.0025,2.081316155796447,11.382151578217128,8.0,0.0025,0.0026198491302642994,2.081316155796447,1253.0
20260750,21,mixed,4,fixed_q1_adaptive_eta,1.0,80.0,400.0,1.0,0.0025,2.132284237825754,9.57566666666666,1.0,0.0025,0.002668694606180168,2.132284237825754,3120.0
20260750,21,mixed,16,adaptive_probe,32.0,80.0,2880.0,1.0,0.0025,0.8962008396377212,9.57566666666666,1.0,0.0025,0.0011216879424037496,0.8962008396377212,2624.0
20260750,21,mixed,16,probe_oracle,32.0,80.0,2880.0,2.0,0.0025,1.7806378077226972,9.510085154353096,2.0,0.0025,0.011902606095845775,9.510085154353096,2186.0
20260750,21,mixed,16,all_agents_adaptive_eta,32.0,80.0,2880.0,32.0,0.0031046445301837096,1.8703147396474247,12.280795503815458,32.0,0.0031046445301837096,0.004524249614211445,1.8703147396474247,364.0
20260750,21,mixed,16,fixed_q8_adaptive_eta,8.0,80.0,960.0,8.0,0.0025,1.6409158153556458,11.382151578217128,8.0,0.0025,0.0020616316206024552,1.6409158153556458,1253.0
20260750,21,mixed,16,fixed_q1_adaptive_eta,1.0,80.0,400.0,1.0,0.0025,0.8962008396377212,9.57566666666666,1.0,0.0025,0.0011216584751777366,0.8962008396377212,3120.0
20260751,22,independent,4,adaptive_probe,32.0,80.0,2880.0,8.0,0.0038555270635198514,0.05695468682949608,0.18749999999999997,8.0,0.0038555270635198514,0.00011780927546326239,0.05695468682949608,1093.0
20260751,22,independent,4,probe_oracle,32.0,80.0,2880.0,32.0,0.009170040432046712,0.0418682395357253,0.04687499999999999,32.0,0.009170040432046712,0.0002591774874184575,0.04687499999999999,364.0
20260751,22,independent,4,all_agents_adaptive_eta,32.0,80.0,2880.0,32.0,0.009170040432046712,0.0418682395357253,0.04687499999999999,32.0,0.009170040432046712,0.0002358573877974223,0.0418682395357253,364.0
20260751,22,independent,4,fixed_q8_adaptive_eta,8.0,80.0,960.0,8.0,0.0031046445301837096,0.05695468682949608,0.18749999999999997,8.0,0.0031046445301837096,0.00010255798814106724,0.05695468682949608,1253.0
20260751,22,independent,4,fixed_q1_adaptive_eta,1.0,80.0,400.0,1.0,0.0025,2.1021260502520995,1.4999999999999998,1.0,0.0025,0.002630952815350897,2.1021260502520995,3120.0
20260751,22,independent,16,adaptive_probe,32.0,80.0,2880.0,8.0,0.0038555270635198514,0.07551357974549094,0.18749999999999997,8.0,0.0038555270635198514,0.0001531583819522291,0.07551357974549094,1093.0
20260751,22,independent,16,probe_oracle,32.0,80.0,2880.0,32.0,0.009170040432046712,0.052694329166009565,0.04687499999999999,32.0,0.009170040432046712,0.0002543380219310246,0.04687499999999999,364.0
20260751,22,independent,16,all_agents_adaptive_eta,32.0,80.0,2880.0,32.0,0.009170040432046712,0.052694329166009565,0.04687499999999999,32.0,0.009170040432046712,0.0002827794848248242,0.052694329166009565,364.0
20260751,22,independent,16,fixed_q8_adaptive_eta,8.0,80.0,960.0,8.0,0.0031046445301837096,0.07551357974549094,0.18749999999999997,8.0,0.0031046445301837096,0.0001374617743916792,0.07551357974549094,1253.0
20260751,22,independent,16,fixed_q1_adaptive_eta,1.0,80.0,400.0,1.0,0.0025,3.121562544196636,1.4999999999999998,1.0,0.0025,0.003906850019784345,3.121562544196636,3120.0
20260751,22,clustered,4,adaptive_probe,32.0,80.0,2880.0,8.0,0.0025,0.622731278896005,0.8462644380853276,8.0,0.0025,0.0008099643694832642,0.622731278896005,1093.0
20260751,22,clustered,4,probe_oracle,32.0,80.0,2880.0,8.0,0.0025,0.622731278896005,0.8462644380853276,8.0,0.0025,0.001088554534876089,0.8462644380853276,1093.0
20260751,22,clustered,4,all_agents_adaptive_eta,32.0,80.0,2880.0,32.0,0.0038555270635198514,0.6219287760610926,0.8688495057232047,32.0,0.0038555270635198514,0.0016117659108740743,0.6219287760610926,364.0
20260751,22,clustered,4,fixed_q8_adaptive_eta,8.0,80.0,960.0,8.0,0.0025,0.622731278896005,0.8462644380853276,8.0,0.0025,0.0007952534418100931,0.622731278896005,1253.0
20260751,22,clustered,4,fixed_q1_adaptive_eta,1.0,80.0,400.0,1.0,0.0025,2.848849186407598,3.0564999999999993,1.0,0.0025,0.0035655185473852757,2.848849186407598,3120.0
20260751,22,clustered,16,adaptive_probe,32.0,80.0,2880.0,8.0,0.0025,0.7509790765055651,0.8462644380853276,8.0,0.0025,0.0009687873217986312,0.7509790765055651,1093.0
20260751,22,clustered,16,probe_oracle,32.0,80.0,2880.0,8.0,0.0025,0.7509790765055651,0.8462644380853276,8.0,0.0025,0.001087769569446715,0.8462644380853276,1093.0
20260751,22,clustered,16,all_agents_adaptive_eta,32.0,80.0,2880.0,32.0,0.0031046445301837096,0.7419966026383049,0.8688495057232047,32.0,0.0031046445301837096,0.0018101301140312465,0.7419966026383049,364.0
20260751,22,clustered,16,fixed_q8_adaptive_eta,8.0,80.0,960.0,8.0,0.0025,0.7509790765055651,0.8462644380853276,8.0,0.0025,0.0009808209397816703,0.7509790765055651,1253.0
20260751,22,clustered,16,fixed_q1_adaptive_eta,1.0,80.0,400.0,1.0,0.0025,2.142599213953244,3.0564999999999993,1.0,0.0025,0.0026816019226928098,2.142599213953244,3120.0
20260751,22,global,4,adaptive_probe,32.0,80.0,2880.0,1.0,0.0025,1.4560442368004403,15.575999999999988,1.0,0.0025,0.0018225224838296973,1.4560442368004403,2624.0
20260751,22,global,4,probe_oracle,32.0,80.0,2880.0,1.0,0.0025,1.4560442368004403,15.575999999999988,1.0,0.0025,0.019494522380794434,15.575999999999988,2624.0
20260751,22,global,4,all_agents_adaptive_eta,32.0,80.0,2880.0,32.0,0.005946035575013605,2.570865254393281,23.418749999999978,32.0,0.005946035575013605,0.008859524665600105,2.570865254393281,364.0
20260751,22,global,4,fixed_q8_adaptive_eta,8.0,80.0,960.0,8.0,0.0025,2.1647913825118468,21.698450572320485,8.0,0.0025,0.0028772103074315926,2.1647913825118468,1253.0
20260751,22,global,4,fixed_q1_adaptive_eta,1.0,80.0,400.0,1.0,0.0025,1.4560442368004403,15.575999999999988,1.0,0.0025,0.0018223474903679916,1.4560442368004403,3120.0
20260751,22,global,16,adaptive_probe,32.0,80.0,2880.0,2.0,0.0025,1.1774100970529349,17.014563995837655,2.0,0.0025,0.0014753129249285033,1.1774100970529349,2186.0
20260751,22,global,16,probe_oracle,32.0,80.0,2880.0,1.0,0.0025,1.4241557458941658,15.575999999999988,1.0,0.0025,0.019494523085372202,15.575999999999988,2624.0
20260751,22,global,16,all_agents_adaptive_eta,32.0,80.0,2880.0,32.0,0.005946035575013605,1.910935529438461,23.418749999999978,32.0,0.005946035575013605,0.006912934466264177,1.910935529438461,364.0
20260751,22,global,16,fixed_q8_adaptive_eta,8.0,80.0,960.0,8.0,0.0025,1.5328738769513108,21.698450572320485,8.0,0.0025,0.00212202348872121,1.5328738769513108,1253.0
20260751,22,global,16,fixed_q1_adaptive_eta,1.0,80.0,400.0,1.0,0.0025,1.4241557458941658,15.575999999999988,1.0,0.0025,0.0017824431725507546,1.4241557458941658,3120.0
20260751,22,mixed,4,adaptive_probe,32.0,80.0,2880.0,4.0,0.0025,0.7590109515784429,10.848220516822746,4.0,0.0025,0.0009599912421342152,0.7590109515784429,1640.0
20260751,22,mixed,4,probe_oracle,32.0,80.0,2880.0,2.0,0.0025,0.9139479888424041,9.510085154353096,2.0,0.0025,0.011902943600332522,9.510085154353096,2186.0
20260751,22,mixed,4,all_agents_adaptive_eta,32.0,80.0,2880.0,32.0,0.005946035575013605,0.8094697525396831,12.280795503815458,32.0,0.005946035575013605,0.0028782208531550964,0.8094697525396831,364.0
20260751,22,mixed,4,fixed_q8_adaptive_eta,8.0,80.0,960.0,8.0,0.0025,0.6508652741099739,11.382151578217128,8.0,0.0025,0.0008842509780416106,0.6508652741099739,1253.0
20260751,22,mixed,4,fixed_q1_adaptive_eta,1.0,80.0,400.0,1.0,0.0025,1.4483227492554571,9.57566666666666,1.0,0.0025,0.00181267310944972,1.4483227492554571,3120.0
20260751,22,mixed,16,adaptive_probe,32.0,80.0,2880.0,4.0,0.0025,0.25224316221230464,10.848220516822746,4.0,0.0025,0.0003265070369908575,0.25224316221230464,1640.0
20260751,22,mixed,16,probe_oracle,32.0,80.0,2880.0,2.0,0.0025,0.865363074634702,9.510085154353096,2.0,0.0025,0.011902982333637348,9.510085154353096,2186.0
20260751,22,mixed,16,all_agents_adaptive_eta,32.0,80.0,2880.0,32.0,0.005946035575013605,0.3689316401046128,12.280795503815458,32.0,0.005946035575013605,0.0015662392075348809,0.3689316401046128,364.0
20260751,22,mixed,16,fixed_q8_adaptive_eta,8.0,80.0,960.0,8.0,0.0031046445301837096,0.23944376203322346,11.382151578217128,8.0,0.0031046445301837096,0.00039667191352997955,0.23944376203322346,1253.0
20260751,22,mixed,16,fixed_q1_adaptive_eta,1.0,80.0,400.0,1.0,0.0025,1.01515092791701,9.57566666666666,1.0,0.0025,0.0012705320912617592,1.01515092791701,3120.0
20260752,23,independent,4,adaptive_probe,32.0,80.0,2880.0,32.0,0.011387886347566916,0.015398321110873959,0.04687499999999999,32.0,0.011387886347566916,9.58723907196683e-05,0.015398321110873959,364.0
20260752,23,independent,4,probe_oracle,32.0,80.0,2880.0,32.0,0.009170040432046712,0.015398321110873959,0.04687499999999999,32.0,0.009170040432046712,0.0002524159958839912,0.04687499999999999,364.0
20260752,23,independent,4,all_agents_adaptive_eta,32.0,80.0,2880.0,32.0,0.011387886347566916,0.015398321110873959,0.04687499999999999,32.0,0.011387886347566916,9.58723907196683e-05,0.015398321110873959,364.0
20260752,23,independent,4,fixed_q8_adaptive_eta,8.0,80.0,960.0,8.0,0.0025,0.23089963669521205,0.18749999999999997,8.0,0.0025,0.00036030330208481194,0.23089963669521205,1253.0
20260752,23,independent,4,fixed_q1_adaptive_eta,1.0,80.0,400.0,1.0,0.0025,0.7649421013043721,1.4999999999999998,1.0,0.0025,0.0009573800085412658,0.7649421013043721,3120.0
20260752,23,independent,16,adaptive_probe,32.0,80.0,2880.0,16.0,0.0047880164034928676,0.06512074972558812,0.09374999999999999,16.0,0.0047880164034928676,0.00019118549539193756,0.06512074972558812,656.0
20260752,23,independent,16,probe_oracle,32.0,80.0,2880.0,32.0,0.009170040432046712,0.045181290511068305,0.04687499999999999,32.0,0.009170040432046712,0.000243933408593403,0.04687499999999999,364.0
20260752,23,independent,16,all_agents_adaptive_eta,32.0,80.0,2880.0,32.0,0.009170040432046712,0.045181290511068305,0.04687499999999999,32.0,0.009170040432046712,0.0002356555514369983,0.045181290511068305,364.0
20260752,23,independent,16,fixed_q8_adaptive_eta,8.0,80.0,960.0,8.0,0.0025,0.3101430280052805,0.18749999999999997,8.0,0.0025,0.0004404139624658508,0.3101430280052805,1253.0
20260752,23,independent,16,fixed_q1_adaptive_eta,1.0,80.0,400.0,1.0,0.0025,2.7288603138578176,1.4999999999999998,1.0,0.0025,0.0034153511895858866,2.7288603138578176,3120.0
20260752,23,clustered,4,adaptive_probe,32.0,80.0,2880.0,8.0,0.0025,0.6944011467331003,0.8462644380853276,8.0,0.0025,0.0011073326067791798,0.6944011467331003,1093.0
20260752,23,clustered,4,probe_oracle,32.0,80.0,2880.0,4.0,0.0025,0.9407516896621844,0.8950479968782517,4.0,0.0025,0.0011355497985416883,0.8950479968782517,1640.0
20260752,23,clustered,4,all_agents_adaptive_eta,32.0,80.0,2880.0,32.0,0.005946035575013605,0.6476896950532163,0.8688495057232047,32.0,0.005946035575013605,0.002646051293710181,0.6476896950532163,364.0
20260752,23,clustered,4,fixed_q8_adaptive_eta,8.0,80.0,960.0,8.0,0.0025,0.6944011467331003,0.8462644380853276,8.0,0.0025,0.000985043499503972,0.6944011467331003,1253.0
20260752,23,clustered,4,fixed_q1_adaptive_eta,1.0,80.0,400.0,1.0,0.0025,1.2015530446011602,3.0564999999999993,1.0,0.0025,0.001503833775264683,1.2015530446011602,3120.0
20260752,23,clustered,16,adaptive_probe,32.0,80.0,2880.0,8.0,0.0025,0.755636329310325,0.8462644380853276,8.0,0.0025,0.00114654779751976,0.755636329310325,1093.0
20260752,23,clustered,16,probe_oracle,32.0,80.0,2880.0,4.0,0.0025,0.9121825122848057,0.8950479968782517,4.0,0.0025,0.0011331700504449373,0.8950479968782517,1640.0
20260752,23,clustered,16,all_agents_adaptive_eta,32.0,80.0,2880.0,32.0,0.005946035575013605,0.7118825357180698,0.8688495057232047,32.0,0.005946035575013605,0.002709013002544872,0.7118825357180698,364.0
20260752,23,clustered,16,fixed_q8_adaptive_eta,8.0,80.0,960.0,8.0,0.0025,0.755636329310325,0.8462644380853276,8.0,0.0025,0.0010501737518593837,0.755636329310325,1253.0
20260752,23,clustered,16,fixed_q1_adaptive_eta,1.0,80.0,400.0,1.0,0.0025,1.4948318838612897,3.0564999999999993,1.0,0.0025,0.00187089239868286,1.4948318838612897,3120.0
20260752,23,global,4,adaptive_probe,32.0,80.0,2880.0,1.0,0.0025,4.863206792370126,15.575999999999988,1.0,0.0025,0.006086608267866359,4.863206792370126,2624.0
20260752,23,global,4,probe_oracle,32.0,80.0,2880.0,1.0,0.0025,4.863206792370126,15.575999999999988,1.0,0.0025,0.019494333025393558,15.575999999999988,2624.0
20260752,23,global,4,all_agents_adaptive_eta,32.0,80.0,2880.0,32.0,0.0025,7.944460991610539,23.418749999999978,32.0,0.0025,0.008658850632492986,7.944460991610539,364.0
20260752,23,global,4,fixed_q8_adaptive_eta,8.0,80.0,960.0,8.0,0.0025,7.435142656580695,21.698450572320485,8.0,0.0025,0.00929758855179857,7.435142656580695,1253.0
20260752,23,global,4,fixed_q1_adaptive_eta,1.0,80.0,400.0,1.0,0.0025,4.863206792370126,15.575999999999988,1.0,0.0025,0.006086617027935659,4.863206792370126,3120.0
20260752,23,global,16,adaptive_probe,32.0,80.0,2880.0,1.0,0.0025,5.765922845377754,15.575999999999988,1.0,0.0025,0.007216451741220065,5.765922845377754,2624.0
20260752,23,global,16,probe_oracle,32.0,80.0,2880.0,1.0,0.0025,5.765922845377754,15.575999999999988,1.0,0.0025,0.019494371401388776,15.575999999999988,2624.0
20260752,23,global,16,all_agents_adaptive_eta,32.0,80.0,2880.0,32.0,0.0025,7.907298886499746,23.418749999999978,32.0,0.0025,0.011866199188623442,7.907298886499746,364.0
20260752,23,global,16,fixed_q8_adaptive_eta,8.0,80.0,960.0,8.0,0.0025,7.346807467393894,21.698450572320485,8.0,0.0025,0.009203757967423419,7.346807467393894,1253.0
20260752,23,global,16,fixed_q1_adaptive_eta,1.0,80.0,400.0,1.0,0.0025,5.765922845377754,15.575999999999988,1.0,0.0025,0.007216422901723207,5.765922845377754,3120.0
20260752,23,mixed,4,adaptive_probe,32.0,80.0,2880.0,4.0,0.0025,2.354205446003668,10.848220516822746,4.0,0.0025,0.002950433426274974,2.354205446003668,1640.0
20260752,23,mixed,4,probe_oracle,32.0,80.0,2880.0,2.0,0.0025,2.495352281925371,9.510085154353096,2.0,0.0025,0.01190258587108293,9.510085154353096,2186.0
20260752,23,mixed,4,all_agents_adaptive_eta,32.0,80.0,2880.0,32.0,0.0031046445301837096,2.922984901143866,12.280795503815458,32.0,0.0031046445301837096,0.005910190523844188,2.922984901143866,364.0
20260752,23,mixed,4,fixed_q8_adaptive_eta,8.0,80.0,960.0,8.0,0.0025,2.797137482457707,11.382151578217128,8.0,0.0025,0.003537601130201714,2.797137482457707,1253.0
20260752,23,mixed,4,fixed_q1_adaptive_eta,1.0,80.0,400.0,1.0,0.0025,2.516158475337239,9.57566666666666,1.0,0.0025,0.0031491400239433624,2.516158475337239,3120.0
20260752,23,mixed,16,adaptive_probe,32.0,80.0,2880.0,4.0,0.0025,2.337968105203114,10.848220516822746,4.0,0.0025,0.0029253244921577516,2.337968105203114,1640.0
20260752,23,mixed,16,probe_oracle,32.0,80.0,2880.0,2.0,0.0025,2.8470208503919903,9.510085154353096,2.0,0.0025,0.011902274382014294,9.510085154353096,2186.0
20260752,23,mixed,16,all_agents_adaptive_eta,32.0,80.0,2880.0,32.0,0.0025,2.8778271248993113,12.280795503815458,32.0,0.0025,0.003088269236918946,2.8778271248993113,364.0
20260752,23,mixed,16,fixed_q8_adaptive_eta,8.0,80.0,960.0,8.0,0.0025,2.7018131460846777,11.382151578217128,8.0,0.0025,0.0033870466680901456,2.7018131460846777,1253.0
20260752,23,mixed,16,fixed_q1_adaptive_eta,1.0,80.0,400.0,1.0,0.0025,3.2022588563330485,9.57566666666666,1.0,0.0025,0.004007835703170471,3.2022588563330485,3120.0
20260753,24,independent,4,adaptive_probe,32.0,80.0,2880.0,16.0,0.0047880164034928676,0.14114913674639973,0.09374999999999999,16.0,0.0047880164034928676,0.0003919107123304431,0.14114913674639973,656.0
20260753,24,independent,4,probe_oracle,32.0,80.0,2880.0,32.0,0.009170040432046712,0.0808721263983326,0.04687499999999999,32.0,0.009170040432046712,0.00025110093137337836,0.04687499999999999,364.0
20260753,24,independent,4,all_agents_adaptive_eta,32.0,80.0,2880.0,32.0,0.009170040432046712,0.0808721263983326,0.04687499999999999,32.0,0.009170040432046712,0.0004094501034768005,0.0808721263983326,364.0
20260753,24,independent,4,fixed_q8_adaptive_eta,8.0,80.0,960.0,8.0,0.0025,0.2966545419920214,0.18749999999999997,8.0,0.0025,0.0004609581536609586,0.2966545419920214,1253.0
20260753,24,independent,4,fixed_q1_adaptive_eta,1.0,80.0,400.0,1.0,0.0025,1.8047408197548862,1.4999999999999998,1.0,0.0025,0.0022587670598797766,1.8047408197548862,3120.0
20260753,24,independent,16,adaptive_probe,32.0,80.0,2880.0,16.0,0.0047880164034928676,0.06665539047969607,0.09374999999999999,16.0,0.0047880164034928676,0.00019158774115648108,0.06665539047969607,656.0
20260753,24,independent,16,probe_oracle,32.0,80.0,2880.0,32.0,0.007384130729697496,0.05274911702950725,0.04687499999999999,32.0,0.007384130729697496,0.00024013662389533587,0.04687499999999999,364.0
20260753,24,independent,16,all_agents_adaptive_eta,32.0,80.0,2880.0,32.0,0.007384130729697496,0.05274911702950725,0.04687499999999999,32.0,0.007384130729697496,0.00026290852148393303,0.05274911702950725,364.0
20260753,24,independent,16,fixed_q8_adaptive_eta,8.0,80.0,960.0,8.0,0.0031046445301837096,0.21119733948777394,0.18749999999999997,8.0,0.0031046445301837096,0.0003477853009199366,0.21119733948777394,1253.0
20260753,24,independent,16,fixed_q1_adaptive_eta,1.0,80.0,400.0,1.0,0.0025,2.4719682306832174,1.4999999999999998,1.0,0.0025,0.003093865232486209,2.4719682306832174,3120.0
20260753,24,clustered,4,adaptive_probe,32.0,80.0,2880.0,8.0,0.0025,0.5381866636274711,0.8462644380853276,8.0,0.0025,0.0008813716428943663,0.5381866636274711,1093.0
20260753,24,clustered,4,probe_oracle,32.0,80.0,2880.0,4.0,0.0025,0.7125977457938414,0.8950479968782517,4.0,0.0025,0.0011335274805482835,0.8950479968782517,1640.0
20260753,24,clustered,4,all_agents_adaptive_eta,32.0,80.0,2880.0,32.0,0.007384130729697496,0.47318188346867707,0.8688495057232047,32.0,0.007384130729697496,0.0019783801835304145,0.47318188346867707,364.0
20260753,24,clustered,4,fixed_q8_adaptive_eta,8.0,80.0,960.0,8.0,0.0025,0.5381866636274711,0.8462644380853276,8.0,0.0025,0.0007965701393265376,0.5381866636274711,1253.0
20260753,24,clustered,4,fixed_q1_adaptive_eta,1.0,80.0,400.0,1.0,0.0025,3.2446760812161637,3.0564999999999993,1.0,0.0025,0.0040609431839423804,3.2446760812161637,3120.0
20260753,24,clustered,16,adaptive_probe,32.0,80.0,2880.0,8.0,0.0025,0.6836268159750479,0.8462644380853276,8.0,0.0025,0.0009940772810259583,0.6836268159750479,1093.0
20260753,24,clustered,16,probe_oracle,32.0,80.0,2880.0,4.0,0.0025,0.9498681684287609,0.8950479968782517,4.0,0.0025,0.0011290828764072883,0.8950479968782517,1640.0
20260753,24,clustered,16,all_agents_adaptive_eta,32.0,80.0,2880.0,32.0,0.005946035575013605,0.5451872612249993,0.8688495057232047,32.0,0.005946035575013605,0.002036546701688113,0.5451872612249993,364.0
20260753,24,clustered,16,fixed_q8_adaptive_eta,8.0,80.0,960.0,8.0,0.0025,0.6836268159750479,0.8462644380853276,8.0,0.0025,0.0009735618228350064,0.6836268159750479,1253.0
20260753,24,clustered,16,fixed_q1_adaptive_eta,1.0,80.0,400.0,1.0,0.0025,3.98169934375768,3.0564999999999993,1.0,0.0025,0.004983392867452576,3.98169934375768,3120.0
20260753,24,global,4,adaptive_probe,32.0,80.0,2880.0,4.0,0.0025,1.1527008370292782,20.628043704474486,4.0,0.0025,0.0014716843663733594,1.1527008370292782,1640.0
20260753,24,global,4,probe_oracle,32.0,80.0,2880.0,1.0,0.0025,1.5084754256288142,15.575999999999988,1.0,0.0025,0.019494542771666516,15.575999999999988,2624.0
20260753,24,global,4,all_agents_adaptive_eta,32.0,80.0,2880.0,32.0,0.005946035575013605,1.9097792671560048,23.418749999999978,32.0,0.005946035575013605,0.0070281589961208295,1.9097792671560048,364.0
20260753,24,global,4,fixed_q8_adaptive_eta,8.0,80.0,960.0,8.0,0.0025,1.6885166492272117,21.698450572320485,8.0,0.0025,0.002243460832349769,1.6885166492272117,1253.0
20260753,24,global,4,fixed_q1_adaptive_eta,1.0,80.0,400.0,1.0,0.0025,1.5084754256288142,15.575999999999988,1.0,0.0025,0.0018879561255793751,1.5084754256288142,3120.0
20260753,24,global,16,adaptive_probe,32.0,80.0,2880.0,2.0,0.0025,1.2665527303391717,17.014563995837655,2.0,0.0025,0.0015897719738125202,1.2665527303391717,2186.0
20260753,24,global,16,probe_oracle,32.0,80.0,2880.0,1.0,0.0025,1.2869012304646996,15.575999999999988,1.0,0.0025,0.01949484600394008,15.575999999999988,2624.0
20260753,24,global,16,all_agents_adaptive_eta,32.0,80.0,2880.0,32.0,0.007384130729697496,2.1991372637099493,23.418749999999978,32.0,0.007384130729697496,0.009428418895206047,2.1991372637099493,364.0
20260753,24,global,16,fixed_q8_adaptive_eta,8.0,80.0,960.0,8.0,0.0025,1.8079136055247962,21.698450572320485,8.0,0.0025,0.002521645002762537,1.8079136055247962,1253.0
20260753,24,global,16,fixed_q1_adaptive_eta,1.0,80.0,400.0,1.0,0.0025,1.2869012304646996,15.575999999999988,1.0,0.0025,0.0016106412424322302,1.2869012304646996,3120.0
20260753,24,mixed,4,adaptive_probe,32.0,80.0,2880.0,4.0,0.0025,1.0920003050998497,10.848220516822746,4.0,0.0025,0.0013717635688975287,1.0920003050998497,1640.0
20260753,24,mixed,4,probe_oracle,32.0,80.0,2880.0,2.0,0.0025,2.602871781056821,9.510085154353096,2.0,0.0025,0.011902626935094014,9.510085154353096,2186.0
20260753,24,mixed,4,all_agents_adaptive_eta,32.0,80.0,2880.0,32.0,0.0038555270635198514,1.490056640609398,12.280795503815458,32.0,0.0038555270635198514,0.0039045712657515786,1.490056640609398,364.0
20260753,24,mixed,4,fixed_q8_adaptive_eta,8.0,80.0,960.0,8.0,0.0025,1.3602573335449608,11.382151578217128,8.0,0.0025,0.0017150108449407843,1.3602573335449608,1253.0
20260753,24,mixed,4,fixed_q1_adaptive_eta,1.0,80.0,400.0,1.0,0.0025,2.0477944618024764,9.57566666666666,1.0,0.0025,0.0025629469666608277,2.0477944618024764,3120.0
20260753,24,mixed,16,adaptive_probe,32.0,80.0,2880.0,4.0,0.0025,1.1502447131777165,10.848220516822746,4.0,0.0025,0.0014610446703348687,1.1502447131777165,1640.0
20260753,24,mixed,16,probe_oracle,32.0,80.0,2880.0,2.0,0.0025,1.3808528328560568,9.510085154353096,2.0,0.0025,0.011903693160258305,9.510085154353096,2186.0
20260753,24,mixed,16,all_agents_adaptive_eta,32.0,80.0,2880.0,32.0,0.005946035575013605,1.5376762518592284,12.280795503815458,32.0,0.005946035575013605,0.005597460378070423,1.5376762518592284,364.0
20260753,24,mixed,16,fixed_q8_adaptive_eta,8.0,80.0,960.0,8.0,0.0025,1.3731164540651744,11.382151578217128,8.0,0.0025,0.0017715285962191906,1.3731164540651744,1253.0
20260753,24,mixed,16,fixed_q1_adaptive_eta,1.0,80.0,400.0,1.0,0.0025,2.0954857201936763,9.57566666666666,1.0,0.0025,0.0026226370482486565,2.0954857201936763,3120.0
20260754,25,independent,4,adaptive_probe,32.0,80.0,2880.0,16.0,0.005946035575013605,0.05168513261217343,0.09374999999999999,16.0,0.005946035575013605,0.00016767275759213275,0.05168513261217343,656.0
20260754,25,independent,4,probe_oracle,32.0,80.0,2880.0,32.0,0.009170040432046712,0.03794535520253391,0.04687499999999999,32.0,0.009170040432046712,0.00025629156568520535,0.04687499999999999,364.0
20260754,25,independent,4,all_agents_adaptive_eta,32.0,80.0,2880.0,32.0,0.009170040432046712,0.03794535520253391,0.04687499999999999,32.0,0.009170040432046712,0.00021469976041645964,0.03794535520253391,364.0
20260754,25,independent,4,fixed_q8_adaptive_eta,8.0,80.0,960.0,8.0,0.0031046445301837096,0.16378704595238947,0.18749999999999997,8.0,0.0031046445301837096,0.00027442110256015,0.16378704595238947,1253.0
20260754,25,independent,4,fixed_q1_adaptive_eta,1.0,80.0,400.0,1.0,0.0025,2.813135792005684,1.4999999999999998,1.0,0.0025,0.00352082066463569,2.813135792005684,3120.0
20260754,25,independent,16,adaptive_probe,32.0,80.0,2880.0,32.0,0.009170040432046712,0.017500870696135904,0.04687499999999999,32.0,0.009170040432046712,0.00010509176809996704,0.017500870696135904,364.0
20260754,25,independent,16,probe_oracle,32.0,80.0,2880.0,32.0,0.009170040432046712,0.017500870696135904,0.04687499999999999,32.0,0.009170040432046712,0.00024865525880492787,0.04687499999999999,364.0
20260754,25,independent,16,all_agents_adaptive_eta,32.0,80.0,2880.0,32.0,0.009170040432046712,0.017500870696135904,0.04687499999999999,32.0,0.009170040432046712,0.00010509176809996704,0.017500870696135904,364.0
20260754,25,independent,16,fixed_q8_adaptive_eta,8.0,80.0,960.0,8.0,0.0031046445301837096,0.10165842276029602,0.18749999999999997,8.0,0.0031046445301837096,0.0001781943695229237,0.10165842276029602,1253.0
20260754,25,independent,16,fixed_q1_adaptive_eta,1.0,80.0,400.0,1.0,0.0025,1.1468960893674638,1.4999999999999998,1.0,0.0025,0.0014354155407070143,1.1468960893674638,3120.0
20260754,25,clustered,4,adaptive_probe,32.0,80.0,2880.0,8.0,0.0025,0.6066862149082047,0.8462644380853276,8.0,0.0025,0.000963341939615561,0.6066862149082047,1093.0
20260754,25,clustered,4,probe_oracle,32.0,80.0,2880.0,4.0,0.0025,1.04104058134999,0.8950479968782517,4.0,0.0025,0.0011333075346796851,0.8950479968782517,1640.0
20260754,25,clustered,4,all_agents_adaptive_eta,32.0,80.0,2880.0,32.0,0.005946035575013605,0.5708463612952714,0.8688495057232047,32.0,0.005946035575013605,0.002313937113075676,0.5708463612952714,364.0
20260754,25,clustered,4,fixed_q8_adaptive_eta,8.0,80.0,960.0,8.0,0.0025,0.6066862149082047,0.8462644380853276,8.0,0.0025,0.0008730198251504528,0.6066862149082047,1253.0
20260754,25,clustered,4,fixed_q1_adaptive_eta,1.0,80.0,400.0,1.0,0.0025,1.7457450594429715,3.0564999999999993,1.0,0.0025,0.002184912131444894,1.7457450594429715,3120.0
20260754,25,clustered,16,adaptive_probe,32.0,80.0,2880.0,8.0,0.0025,0.5756104511505558,0.8462644380853276,8.0,0.0025,0.0008838659647404137,0.5756104511505558,1093.0
20260754,25,clustered,16,probe_oracle,32.0,80.0,2880.0,4.0,0.0025,0.7384025846326482,0.8950479968782517,4.0,0.0025,0.001130693454135215,0.8950479968782517,1640.0
20260754,25,clustered,16,all_agents_adaptive_eta,32.0,80.0,2880.0,32.0,0.005946035575013605,0.5356897500810432,0.8688495057232047,32.0,0.005946035575013605,0.002071105755927466,0.5356897500810432,364.0
20260754,25,clustered,16,fixed_q8_adaptive_eta,8.0,80.0,960.0,8.0,0.0025,0.5756104511505558,0.8462644380853276,8.0,0.0025,0.0008368238909398622,0.5756104511505558,1253.0
20260754,25,clustered,16,fixed_q1_adaptive_eta,1.0,80.0,400.0,1.0,0.0025,1.2794719607992324,3.0564999999999993,1.0,0.0025,0.0016013436166721971,1.2794719607992324,3120.0
20260754,25,global,4,adaptive_probe,32.0,80.0,2880.0,2.0,0.0025,3.732009625345451,17.014563995837655,2.0,0.0025,0.004672052765643395,3.732009625345451,2186.0
20260754,25,global,4,probe_oracle,32.0,80.0,2880.0,1.0,0.0025,4.11882657835489,15.575999999999988,1.0,0.0025,0.019494472901570192,15.575999999999988,2624.0
20260754,25,global,4,all_agents_adaptive_eta,32.0,80.0,2880.0,32.0,0.0047880164034928676,3.9715247615824376,23.418749999999978,32.0,0.0047880164034928676,0.011471141351427872,3.9715247615824376,364.0
20260754,25,global,4,fixed_q8_adaptive_eta,8.0,80.0,960.0,8.0,0.0025,3.595752574741314,21.698450572320485,8.0,0.0025,0.00458130467019662,3.595752574741314,1253.0
20260754,25,global,4,fixed_q1_adaptive_eta,1.0,80.0,400.0,1.0,0.0025,4.11882657835489,15.575999999999988,1.0,0.0025,0.005154986416858748,4.11882657835489,3120.0
20260754,25,global,16,adaptive_probe,32.0,80.0,2880.0,2.0,0.0025,3.409781003946289,17.014563995837655,2.0,0.0025,0.004268269551437701,3.409781003946289,2186.0
20260754,25,global,16,probe_oracle,32.0,80.0,2880.0,1.0,0.0025,4.093358243990063,15.575999999999988,1.0,0.0025,0.01949441704610012,15.575999999999988,2624.0
20260754,25,global,16,all_agents_adaptive_eta,32.0,80.0,2880.0,32.0,0.0031046445301837096,4.32840213686744,23.418749999999978,32.0,0.0031046445301837096,0.010521545523090998,4.32840213686744,364.0
20260754,25,global,16,fixed_q8_adaptive_eta,8.0,80.0,960.0,8.0,0.0025,3.912523790528886,21.698450572320485,8.0,0.0025,0.004917414210853785,3.912523790528886,1253.0
20260754,25,global,16,fixed_q1_adaptive_eta,1.0,80.0,400.0,1.0,0.0025,4.093358243990063,15.575999999999988,1.0,0.0025,0.005123103604904219,4.093358243990063,3120.0
20260754,25,mixed,4,adaptive_probe,32.0,80.0,2880.0,8.0,0.0025,2.8785631369599045,11.382151578217128,8.0,0.0025,0.0036350749824601075,2.8785631369599045,1093.0
20260754,25,mixed,4,probe_oracle,32.0,80.0,2880.0,2.0,0.0025,4.236242353912302,9.510085154353096,2.0,0.0025,0.011902473954741385,9.510085154353096,2186.0
20260754,25,mixed,4,all_agents_adaptive_eta,32.0,80.0,2880.0,32.0,0.0025,3.1053026004519726,12.280795503815458,32.0,0.0025,0.005091838512674984,3.1053026004519726,364.0
20260754,25,mixed,4,fixed_q8_adaptive_eta,8.0,80.0,960.0,8.0,0.0025,2.8785631369599045,11.382151578217128,8.0,0.0025,0.003603866928124567,2.8785631369599045,1253.0
20260754,25,mixed,4,fixed_q1_adaptive_eta,1.0,80.0,400.0,1.0,0.0025,3.2644778569670185,9.57566666666666,1.0,0.0025,0.0040857125777666765,3.2644778569670185,3120.0
20260754,25,mixed,16,adaptive_probe,32.0,80.0,2880.0,8.0,0.0025,2.9925313450523294,11.382151578217128,8.0,0.0025,0.0037567103630544176,2.9925313450523294,1093.0
20260754,25,mixed,16,probe_oracle,32.0,80.0,2880.0,2.0,0.0025,3.0281727820317577,9.510085154353096,2.0,0.0025,0.011902359093627841,9.510085154353096,2186.0
20260754,25,mixed,16,all_agents_adaptive_eta,32.0,80.0,2880.0,32.0,0.0025,3.2567209389327925,12.280795503815458,32.0,0.0025,0.004227586689164357,3.2567209389327925,364.0
20260754,25,mixed,16,fixed_q8_adaptive_eta,8.0,80.0,960.0,8.0,0.0025,2.9925313450523294,11.382151578217128,8.0,0.0025,0.003745896390726292,2.9925313450523294,1253.0
20260754,25,mixed,16,fixed_q1_adaptive_eta,1.0,80.0,400.0,1.0,0.0025,3.4082150937955014,9.57566666666666,1.0,0.0025,0.004265600679964211,3.4082150937955014,3120.0
20260755,26,independent,4,adaptive_probe,32.0,80.0,2880.0,32.0,0.011387886347566916,0.017385365194778568,0.04687499999999999,32.0,0.011387886347566916,0.00011038086908356206,0.017385365194778568,364.0
20260755,26,independent,4,probe_oracle,32.0,80.0,2880.0,32.0,0.009170040432046712,0.017385365194778568,0.04687499999999999,32.0,0.009170040432046712,0.00026828833972912205,0.04687499999999999,364.0
20260755,26,independent,4,all_agents_adaptive_eta,32.0,80.0,2880.0,32.0,0.011387886347566916,0.017385365194778568,0.04687499999999999,32.0,0.011387886347566916,0.00011038086908356206,0.017385365194778568,364.0
20260755,26,independent,4,fixed_q8_adaptive_eta,8.0,80.0,960.0,8.0,0.0031046445301837096,0.2518857872070144,0.18749999999999997,8.0,0.0031046445301837096,0.0004160442256087955,0.2518857872070144,1253.0
20260755,26,independent,4,fixed_q1_adaptive_eta,1.0,80.0,400.0,1.0,0.0025,2.30124841806033,1.4999999999999998,1.0,0.0025,0.0028801692258256786,2.30124841806033,3120.0
20260755,26,independent,16,adaptive_probe,32.0,80.0,2880.0,32.0,0.009170040432046712,0.038590979136840606,0.04687499999999999,32.0,0.009170040432046712,0.00021101174248201916,0.038590979136840606,364.0
20260755,26,independent,16,probe_oracle,32.0,80.0,2880.0,32.0,0.009170040432046712,0.038590979136840606,0.04687499999999999,32.0,0.009170040432046712,0.00025149917071811117,0.04687499999999999,364.0
20260755,26,independent,16,all_agents_adaptive_eta,32.0,80.0,2880.0,32.0,0.009170040432046712,0.038590979136840606,0.04687499999999999,32.0,0.009170040432046712,0.00021101174248201916,0.038590979136840606,364.0
20260755,26,independent,16,fixed_q8_adaptive_eta,8.0,80.0,960.0,8.0,0.0025,0.3662900860236271,0.18749999999999997,8.0,0.0025,0.0005744384430200473,0.3662900860236271,1253.0
20260755,26,independent,16,fixed_q1_adaptive_eta,1.0,80.0,400.0,1.0,0.0025,2.580942176876526,1.4999999999999998,1.0,0.0025,0.003230238989716393,2.580942176876526,3120.0
20260755,26,clustered,4,adaptive_probe,32.0,80.0,2880.0,4.0,0.0025,0.3962523778676674,0.8950479968782517,4.0,0.0025,0.000497449543499417,0.3962523778676674,1640.0
20260755,26,clustered,4,probe_oracle,32.0,80.0,2880.0,8.0,0.0025,0.47132000026046117,0.8462644380853276,8.0,0.0025,0.0010801997423124077,0.8462644380853276,1093.0
20260755,26,clustered,4,all_agents_adaptive_eta,32.0,80.0,2880.0,32.0,0.0038555270635198514,0.47370629222201915,0.8688495057232047,32.0,0.0038555270635198514,0.0012233906323093576,0.47370629222201915,364.0
20260755,26,clustered,4,fixed_q8_adaptive_eta,8.0,80.0,960.0,8.0,0.0025,0.47132000026046117,0.8462644380853276,8.0,0.0025,0.0006124509327987572,0.47132000026046117,1253.0
20260755,26,clustered,4,fixed_q1_adaptive_eta,1.0,80.0,400.0,1.0,0.0025,2.4703878128136876,3.0564999999999993,1.0,0.0025,0.0030918511998195915,2.4703878128136876,3120.0
20260755,26,clustered,16,adaptive_probe,32.0,80.0,2880.0,32.0,0.0025,0.31368856899246833,0.8688495057232047,32.0,0.0025,0.00041948774917866937,0.31368856899246833,364.0
20260755,26,clustered,16,probe_oracle,32.0,80.0,2880.0,32.0,0.0025,0.31368856899246833,0.8688495057232047,32.0,0.0025,0.0010151286883074316,0.8688495057232047,364.0
20260755,26,clustered,16,all_agents_adaptive_eta,32.0,80.0,2880.0,32.0,0.0025,0.31368856899246833,0.8688495057232047,32.0,0.0025,0.00041948774917866937,0.31368856899246833,364.0
20260755,26,clustered,16,fixed_q8_adaptive_eta,8.0,80.0,960.0,8.0,0.0025,0.4915311681326765,0.8462644380853276,8.0,0.0025,0.0006231374131930955,0.4915311681326765,1253.0
20260755,26,clustered,16,fixed_q1_adaptive_eta,1.0,80.0,400.0,1.0,0.0025,2.4384573006075163,3.0564999999999993,1.0,0.0025,0.0030518877745173553,2.4384573006075163,3120.0
20260755,26,global,4,adaptive_probe,32.0,80.0,2880.0,4.0,0.0025,1.3946655682731972,20.628043704474486,4.0,0.0025,0.0018272279904306063,1.3946655682731972,1640.0
20260755,26,global,4,probe_oracle,32.0,80.0,2880.0,1.0,0.0025,1.7696331664344775,15.575999999999988,1.0,0.0025,0.01949492573722106,15.575999999999988,2624.0
20260755,26,global,4,all_agents_adaptive_eta,32.0,80.0,2880.0,32.0,0.007384130729697496,1.249928849826017,23.418749999999978,32.0,0.007384130729697496,0.005957560864739328,1.249928849826017,364.0
20260755,26,global,4,fixed_q8_adaptive_eta,8.0,80.0,960.0,8.0,0.0025,1.1666757199823157,21.698450572320485,8.0,0.0025,0.001907307782656787,1.1666757199823157,1253.0
20260755,26,global,4,fixed_q1_adaptive_eta,1.0,80.0,400.0,1.0,0.0025,1.7696331664344775,15.575999999999988,1.0,0.0025,0.0022148327438609935,1.7696331664344775,3120.0
20260755,26,global,16,adaptive_probe,32.0,80.0,2880.0,4.0,0.0025,0.576801325724363,20.628043704474486,4.0,0.0025,0.0007871806393359471,0.576801325724363,1640.0
20260755,26,global,16,probe_oracle,32.0,80.0,2880.0,1.0,0.0025,1.4279424081609386,15.575999999999988,1.0,0.0025,0.019494804475704113,15.575999999999988,2624.0
20260755,26,global,16,all_agents_adaptive_eta,32.0,80.0,2880.0,32.0,0.007384130729697496,0.829120685250893,23.418749999999978,32.0,0.007384130729697496,0.004026968622037102,0.829120685250893,364.0
20260755,26,global,16,fixed_q8_adaptive_eta,8.0,80.0,960.0,8.0,0.0031046445301837096,0.5873162843435239,21.698450572320485,8.0,0.0031046445301837096,0.0009674959679896059,0.5873162843435239,1253.0
20260755,26,global,16,fixed_q1_adaptive_eta,1.0,80.0,400.0,1.0,0.0025,1.4279424081609386,15.575999999999988,1.0,0.0025,0.0017871665718218331,1.4279424081609386,3120.0
20260755,26,mixed,4,adaptive_probe,32.0,80.0,2880.0,4.0,0.0025,0.5342493884942985,10.848220516822746,4.0,0.0025,0.0007195400963371856,0.5342493884942985,1640.0
20260755,26,mixed,4,probe_oracle,32.0,80.0,2880.0,2.0,0.0025,1.5176201428843759,9.510085154353096,2.0,0.0025,0.01190559390508286,9.510085154353096,2186.0
20260755,26,mixed,4,all_agents_adaptive_eta,32.0,80.0,2880.0,32.0,0.009170040432046712,0.58129238540454,12.280795503815458,32.0,0.009170040432046712,0.0029188361552130245,0.58129238540454,364.0
20260755,26,mixed,4,fixed_q8_adaptive_eta,8.0,80.0,960.0,8.0,0.0031046445301837096,0.5249397206007365,11.382151578217128,8.0,0.0031046445301837096,0.0008743977012579926,0.5249397206007365,1253.0
20260755,26,mixed,4,fixed_q1_adaptive_eta,1.0,80.0,400.0,1.0,0.0025,2.3370536599884186,9.57566666666666,1.0,0.0025,0.0029249867231960994,2.3370536599884186,3120.0
20260755,26,mixed,16,adaptive_probe,32.0,80.0,2880.0,4.0,0.0025,0.4819955412605562,10.848220516822746,4.0,0.0025,0.0006588757578671908,0.4819955412605562,1640.0
20260755,26,mixed,16,probe_oracle,32.0,80.0,2880.0,2.0,0.0025,1.396374457578899,9.510085154353096,2.0,0.0025,0.011905900490846243,9.510085154353096,2186.0
20260755,26,mixed,16,all_agents_adaptive_eta,32.0,80.0,2880.0,32.0,0.007384130729697496,0.5827210875936449,12.280795503815458,32.0,0.007384130729697496,0.002957558443654919,0.5827210875936449,364.0
20260755,26,mixed,16,fixed_q8_adaptive_eta,8.0,80.0,960.0,8.0,0.0031046445301837096,0.5048164796408076,11.382151578217128,8.0,0.0031046445301837096,0.0008294584207403685,0.5048164796408076,1253.0
20260755,26,mixed,16,fixed_q1_adaptive_eta,1.0,80.0,400.0,1.0,0.0025,1.8459295145407293,9.57566666666666,1.0,0.0025,0.002310307147906526,1.8459295145407293,3120.0
20260756,27,independent,4,adaptive_probe,32.0,80.0,2880.0,32.0,0.009170040432046712,0.018476872818912898,0.04687499999999999,32.0,0.009170040432046712,0.00010867600436752262,0.018476872818912898,364.0
20260756,27,independent,4,probe_oracle,32.0,80.0,2880.0,32.0,0.009170040432046712,0.018476872818912898,0.04687499999999999,32.0,0.009170040432046712,0.00024094659323215615,0.04687499999999999,364.0
20260756,27,independent,4,all_agents_adaptive_eta,32.0,80.0,2880.0,32.0,0.009170040432046712,0.018476872818912898,0.04687499999999999,32.0,0.009170040432046712,0.00010867600436752262,0.018476872818912898,364.0
20260756,27,independent,4,fixed_q8_adaptive_eta,8.0,80.0,960.0,8.0,0.0025,0.2727985883980362,0.18749999999999997,8.0,0.0025,0.00038187924596142636,0.2727985883980362,1253.0
20260756,27,independent,4,fixed_q1_adaptive_eta,1.0,80.0,400.0,1.0,0.0025,1.1867167901147349,1.4999999999999998,1.0,0.0025,0.0014852525186008678,1.1867167901147349,3120.0
20260756,27,independent,16,adaptive_probe,32.0,80.0,2880.0,32.0,0.009170040432046712,0.022927978575326788,0.04687499999999999,32.0,0.009170040432046712,0.00011960924260256967,0.022927978575326788,364.0
20260756,27,independent,16,probe_oracle,32.0,80.0,2880.0,32.0,0.007384130729697496,0.022927978575326788,0.04687499999999999,32.0,0.007384130729697496,0.00021509719676048928,0.04687499999999999,364.0
20260756,27,independent,16,all_agents_adaptive_eta,32.0,80.0,2880.0,32.0,0.009170040432046712,0.022927978575326788,0.04687499999999999,32.0,0.009170040432046712,0.00011960924260256967,0.022927978575326788,364.0
20260756,27,independent,16,fixed_q8_adaptive_eta,8.0,80.0,960.0,8.0,0.0025,0.5038003814121051,0.18749999999999997,8.0,0.0025,0.0006433369239037897,0.5038003814121051,1253.0
20260756,27,independent,16,fixed_q1_adaptive_eta,1.0,80.0,400.0,1.0,0.0025,1.5929944538444594,1.4999999999999998,1.0,0.0025,0.0019937350898429165,1.5929944538444594,3120.0
20260756,27,clustered,4,adaptive_probe,32.0,80.0,2880.0,8.0,0.0025,0.9725279661812326,0.8462644380853276,8.0,0.0025,0.0012347855708813283,0.9725279661812326,1093.0
20260756,27,clustered,4,probe_oracle,32.0,80.0,2880.0,8.0,0.0025,0.9725279661812326,0.8462644380853276,8.0,0.0025,0.0010774228900920883,0.8462644380853276,1093.0
20260756,27,clustered,4,all_agents_adaptive_eta,32.0,80.0,2880.0,32.0,0.0031046445301837096,0.85717382951344,0.8688495057232047,32.0,0.0031046445301837096,0.0017568535054940343,0.85717382951344,364.0
20260756,27,clustered,4,fixed_q8_adaptive_eta,8.0,80.0,960.0,8.0,0.0025,0.9725279661812326,0.8462644380853276,8.0,0.0025,0.0012293734814978526,0.9725279661812326,1253.0
20260756,27,clustered,4,fixed_q1_adaptive_eta,1.0,80.0,400.0,1.0,0.0025,1.3394064237118468,3.0564999999999993,1.0,0.0025,0.0016763542326001593,1.3394064237118468,3120.0
20260756,27,clustered,16,adaptive_probe,32.0,80.0,2880.0,16.0,0.0025,0.18120032885773052,0.8392795265348594,16.0,0.0025,0.0002831496752210487,0.18120032885773052,656.0
20260756,27,clustered,16,probe_oracle,32.0,80.0,2880.0,8.0,0.0025,0.30275034260570205,0.8462644380853276,8.0,0.0025,0.0010638913422687107,0.8462644380853276,1093.0
20260756,27,clustered,16,all_agents_adaptive_eta,32.0,80.0,2880.0,32.0,0.0038555270635198514,0.14345690090431634,0.8688495057232047,32.0,0.0038555270635198514,0.0003649375981032912,0.14345690090431634,364.0
20260756,27,clustered,16,fixed_q8_adaptive_eta,8.0,80.0,960.0,8.0,0.0025,0.30275034260570205,0.8462644380853276,8.0,0.0025,0.0003842015305468271,0.30275034260570205,1253.0
20260756,27,clustered,16,fixed_q1_adaptive_eta,1.0,80.0,400.0,1.0,0.0025,2.1273579923828363,3.0564999999999993,1.0,0.0025,0.0026625253155212795,2.1273579923828363,3120.0
20260756,27,global,4,adaptive_probe,32.0,80.0,2880.0,4.0,0.0025,0.7639925061646046,20.628043704474486,4.0,0.0025,0.000957801251164622,0.7639925061646046,1640.0
20260756,27,global,4,probe_oracle,32.0,80.0,2880.0,1.0,0.0025,1.6011868330254728,15.575999999999988,1.0,0.0025,0.019494343119881533,15.575999999999988,2624.0
20260756,27,global,4,all_agents_adaptive_eta,32.0,80.0,2880.0,32.0,0.0031046445301837096,0.7927626110490784,23.418749999999978,32.0,0.0031046445301837096,0.0018228063290258193,0.7927626110490784,364.0
20260756,27,global,4,fixed_q8_adaptive_eta,8.0,80.0,960.0,8.0,0.0025,0.9193685903067068,21.698450572320485,8.0,0.0025,0.0011559058043499938,0.9193685903067068,1253.0
20260756,27,global,4,fixed_q1_adaptive_eta,1.0,80.0,400.0,1.0,0.0025,1.6011868330254728,15.575999999999988,1.0,0.0025,0.002003989684980195,1.6011868330254728,3120.0
20260756,27,global,16,adaptive_probe,32.0,80.0,2880.0,4.0,0.0025,1.2179615728216218,20.628043704474486,4.0,0.0025,0.0015343801033748084,1.2179615728216218,1640.0
20260756,27,global,16,probe_oracle,32.0,80.0,2880.0,1.0,0.0025,2.1004679257773677,15.575999999999988,1.0,0.0025,0.019494405229501053,15.575999999999988,2624.0
20260756,27,global,16,all_agents_adaptive_eta,32.0,80.0,2880.0,32.0,0.005946035575013605,0.9079985061425331,23.418749999999978,32.0,0.005946035575013605,0.00320939283244367,0.9079985061425331,364.0
20260756,27,global,16,fixed_q8_adaptive_eta,8.0,80.0,960.0,8.0,0.0025,1.3300496690992047,21.698450572320485,8.0,0.0025,0.0017091008096489079,1.3300496690992047,1253.0
20260756,27,global,16,fixed_q1_adaptive_eta,1.0,80.0,400.0,1.0,0.0025,2.1004679257773677,15.575999999999988,1.0,0.0025,0.002628875715141561,2.1004679257773677,3120.0
20260756,27,mixed,4,adaptive_probe,32.0,80.0,2880.0,8.0,0.0025,1.0714736184504916,11.382151578217128,8.0,0.0025,0.001361077913950965,1.0714736184504916,1093.0
20260756,27,mixed,4,probe_oracle,32.0,80.0,2880.0,2.0,0.0025,1.9494052848774082,9.510085154353096,2.0,0.0025,0.011902382255743176,9.510085154353096,2186.0
20260756,27,mixed,4,all_agents_adaptive_eta,32.0,80.0,2880.0,32.0,0.0031046445301837096,0.9497759815309359,12.280795503815458,32.0,0.0031046445301837096,0.001961063633425106,0.9497759815309359,364.0
20260756,27,mixed,4,fixed_q8_adaptive_eta,8.0,80.0,960.0,8.0,0.0025,1.0714736184504916,11.382151578217128,8.0,0.0025,0.0013443196506017468,1.0714736184504916,1253.0
20260756,27,mixed,4,fixed_q1_adaptive_eta,1.0,80.0,400.0,1.0,0.0025,1.153607125495793,9.57566666666666,1.0,0.0025,0.001443818097939106,1.153607125495793,3120.0
20260756,27,mixed,16,adaptive_probe,32.0,80.0,2880.0,4.0,0.0025,0.7504502639294313,10.848220516822746,4.0,0.0025,0.000946180737084165,0.7504502639294313,1640.0
20260756,27,mixed,16,probe_oracle,32.0,80.0,2880.0,2.0,0.0025,1.0809665649330589,9.510085154353096,2.0,0.0025,0.011902742164696691,9.510085154353096,2186.0
20260756,27,mixed,16,all_agents_adaptive_eta,32.0,80.0,2880.0,32.0,0.005946035575013605,0.5429319867482688,12.280795503815458,32.0,0.005946035575013605,0.0019547789106530815,0.5429319867482688,364.0
20260756,27,mixed,16,fixed_q8_adaptive_eta,8.0,80.0,960.0,8.0,0.0025,0.8302351860693999,11.382151578217128,8.0,0.0025,0.0010664030674367453,0.8302351860693999,1253.0
20260756,27,mixed,16,fixed_q1_adaptive_eta,1.0,80.0,400.0,1.0,0.0025,1.4910688350029986,9.57566666666666,1.0,0.0025,0.0018661705095608032,1.4910688350029986,3120.0
20260757,28,independent,4,adaptive_probe,32.0,80.0,2880.0,32.0,0.009170040432046712,0.06291819877969253,0.04687499999999999,32.0,0.009170040432046712,0.00033699151175306,0.06291819877969253,364.0
20260757,28,independent,4,probe_oracle,32.0,80.0,2880.0,32.0,0.009170040432046712,0.06291819877969253,0.04687499999999999,32.0,0.009170040432046712,0.00026226674781596615,0.04687499999999999,364.0
20260757,28,independent,4,all_agents_adaptive_eta,32.0,80.0,2880.0,32.0,0.009170040432046712,0.06291819877969253,0.04687499999999999,32.0,0.009170040432046712,0.00033699151175306,0.06291819877969253,364.0
20260757,28,independent,4,fixed_q8_adaptive_eta,8.0,80.0,960.0,8.0,0.0031046445301837096,0.28571346549818916,0.18749999999999997,8.0,0.0031046445301837096,0.00046893898023498716,0.28571346549818916,1253.0
20260757,28,independent,4,fixed_q1_adaptive_eta,1.0,80.0,400.0,1.0,0.0025,2.1033483934356174,1.4999999999999998,1.0,0.0025,0.0026324838329718557,2.1033483934356174,3120.0
20260757,28,independent,16,adaptive_probe,32.0,80.0,2880.0,8.0,0.0031046445301837096,0.18627209716620702,0.18749999999999997,8.0,0.0031046445301837096,0.0003132676875487365,0.18627209716620702,1093.0
20260757,28,independent,16,probe_oracle,32.0,80.0,2880.0,32.0,0.009170040432046712,0.12772931706188412,0.04687499999999999,32.0,0.009170040432046712,0.00024501156606938424,0.04687499999999999,364.0
20260757,28,independent,16,all_agents_adaptive_eta,32.0,80.0,2880.0,32.0,0.007384130729697496,0.12772931706188412,0.04687499999999999,32.0,0.007384130729697496,0.0005655267567621999,0.12772931706188412,364.0
20260757,28,independent,16,fixed_q8_adaptive_eta,8.0,80.0,960.0,8.0,0.0031046445301837096,0.18627209716620702,0.18749999999999997,8.0,0.0031046445301837096,0.00031535739563086205,0.18627209716620702,1253.0
20260757,28,independent,16,fixed_q1_adaptive_eta,1.0,80.0,400.0,1.0,0.0025,2.7867128658468996,1.4999999999999998,1.0,0.0025,0.0034877530132949508,2.7867128658468996,3120.0
20260757,28,clustered,4,adaptive_probe,32.0,80.0,2880.0,4.0,0.0025,0.9077366528791152,0.8950479968782517,4.0,0.0025,0.0011692139136963867,0.9077366528791152,1640.0
20260757,28,clustered,4,probe_oracle,32.0,80.0,2880.0,4.0,0.0025,0.9077366528791152,0.8950479968782517,4.0,0.0025,0.0011533375599869003,0.8950479968782517,1640.0
20260757,28,clustered,4,all_agents_adaptive_eta,32.0,80.0,2880.0,32.0,0.007384130729697496,1.0533257985865885,0.8688495057232047,32.0,0.007384130729697496,0.004453682429559265,1.0533257985865885,364.0
20260757,28,clustered,4,fixed_q8_adaptive_eta,8.0,80.0,960.0,8.0,0.0025,0.927918081442318,0.8462644380853276,8.0,0.0025,0.0014255429255440094,0.927918081442318,1253.0
20260757,28,clustered,4,fixed_q1_adaptive_eta,1.0,80.0,400.0,1.0,0.0025,2.4486957173210984,3.0564999999999993,1.0,0.0025,0.003064716934777596,2.4486957173210984,3120.0
20260757,28,clustered,16,adaptive_probe,32.0,80.0,2880.0,4.0,0.0025,0.7921759434329989,0.8950479968782517,4.0,0.0025,0.0010091923299582952,0.7921759434329989,1640.0
20260757,28,clustered,16,probe_oracle,32.0,80.0,2880.0,4.0,0.0025,0.7921759434329989,0.8950479968782517,4.0,0.0025,0.0011379083348059987,0.8950479968782517,1640.0
20260757,28,clustered,16,all_agents_adaptive_eta,32.0,80.0,2880.0,32.0,0.005946035575013605,0.9213555818838581,0.8688495057232047,32.0,0.005946035575013605,0.0035262418835425814,0.9213555818838581,364.0
20260757,28,clustered,16,fixed_q8_adaptive_eta,8.0,80.0,960.0,8.0,0.0025,0.8647249436981087,0.8462644380853276,8.0,0.0025,0.001272632745557804,0.8647249436981087,1253.0
20260757,28,clustered,16,fixed_q1_adaptive_eta,1.0,80.0,400.0,1.0,0.0025,2.2561852077897067,3.0564999999999993,1.0,0.0025,0.002823769431015659,2.2561852077897067,3120.0
20260757,28,global,4,adaptive_probe,32.0,80.0,2880.0,1.0,0.0025,5.969552051989748,15.575999999999988,1.0,0.0025,0.0074727136184470425,5.969552051989748,2624.0
20260757,28,global,4,probe_oracle,32.0,80.0,2880.0,1.0,0.0025,5.969552051989748,15.575999999999988,1.0,0.0025,0.019495778704096127,15.575999999999988,2624.0
20260757,28,global,4,all_agents_adaptive_eta,32.0,80.0,2880.0,32.0,0.007384130729697496,6.344280405213402,23.418749999999978,32.0,0.007384130729697496,0.026800550826136523,6.344280405213402,364.0
20260757,28,global,4,fixed_q8_adaptive_eta,8.0,80.0,960.0,8.0,0.0025,6.523190286685434,21.698450572320485,8.0,0.0025,0.009541440054296633,6.523190286685434,1253.0
20260757,28,global,4,fixed_q1_adaptive_eta,1.0,80.0,400.0,1.0,0.0025,5.969552051989748,15.575999999999988,1.0,0.0025,0.00747136782049828,5.969552051989748,3120.0
20260757,28,global,16,adaptive_probe,32.0,80.0,2880.0,1.0,0.0025,6.670397733325373,15.575999999999988,1.0,0.0025,0.008350212212071401,6.670397733325373,2624.0
20260757,28,global,16,probe_oracle,32.0,80.0,2880.0,1.0,0.0025,6.670397733325373,15.575999999999988,1.0,0.0025,0.019496125483928622,15.575999999999988,2624.0
20260757,28,global,16,all_agents_adaptive_eta,32.0,80.0,2880.0,32.0,0.007384130729697496,6.553211790389187,23.418749999999978,32.0,0.007384130729697496,0.02852176305629118,6.553211790389187,364.0
20260757,28,global,16,fixed_q8_adaptive_eta,8.0,80.0,960.0,8.0,0.0025,6.817195236733717,21.698450572320485,8.0,0.0025,0.010261974808594337,6.817195236733717,1253.0
20260757,28,global,16,fixed_q1_adaptive_eta,1.0,80.0,400.0,1.0,0.0025,6.670397733325373,15.575999999999988,1.0,0.0025,0.008348526985029251,6.670397733325373,3120.0
20260757,28,mixed,4,adaptive_probe,32.0,80.0,2880.0,4.0,0.0025,4.501806774531531,10.848220516822746,4.0,0.0025,0.00580231547485683,4.501806774531531,1640.0
20260757,28,mixed,4,probe_oracle,32.0,80.0,2880.0,2.0,0.0025,5.203706917533245,9.510085154353096,2.0,0.0025,0.011913294164950823,9.510085154353096,2186.0
20260757,28,mixed,4,all_agents_adaptive_eta,32.0,80.0,2880.0,32.0,0.007384130729697496,4.4041493921923145,12.280795503815458,32.0,0.007384130729697496,0.01909323867487506,4.4041493921923145,364.0
20260757,28,mixed,4,fixed_q8_adaptive_eta,8.0,80.0,960.0,8.0,0.0025,4.367228988808052,11.382151578217128,8.0,0.0025,0.006635286022170645,4.367228988808052,1253.0
20260757,28,mixed,4,fixed_q1_adaptive_eta,1.0,80.0,400.0,1.0,0.0025,5.910607667432765,9.57566666666666,1.0,0.0025,0.00739757917972975,5.910607667432765,3120.0
20260757,28,mixed,16,adaptive_probe,32.0,80.0,2880.0,4.0,0.0025,4.199881730194616,10.848220516822746,4.0,0.0025,0.0054324694651606545,4.199881730194616,1640.0
20260757,28,mixed,16,probe_oracle,32.0,80.0,2880.0,2.0,0.0025,4.862094249510773,9.510085154353096,2.0,0.0025,0.011913809583780974,9.510085154353096,2186.0
20260757,28,mixed,16,all_agents_adaptive_eta,32.0,80.0,2880.0,32.0,0.007384130729697496,4.001147501399629,12.280795503815458,32.0,0.007384130729697496,0.017730025655890276,4.001147501399629,364.0
20260757,28,mixed,16,fixed_q8_adaptive_eta,8.0,80.0,960.0,8.0,0.0025,4.1488055099644585,11.382151578217128,8.0,0.0025,0.0064383555486173145,4.1488055099644585,1253.0
20260757,28,mixed,16,fixed_q1_adaptive_eta,1.0,80.0,400.0,1.0,0.0025,5.687413238313158,9.57566666666666,1.0,0.0025,0.007118232791864305,5.687413238313158,3120.0
20260758,29,independent,4,adaptive_probe,32.0,80.0,2880.0,32.0,0.009170040432046712,0.037872276015117605,0.04687499999999999,32.0,0.009170040432046712,0.00021103807689018092,0.037872276015117605,364.0
20260758,29,independent,4,probe_oracle,32.0,80.0,2880.0,32.0,0.009170040432046712,0.037872276015117605,0.04687499999999999,32.0,0.009170040432046712,0.00025297026471625747,0.04687499999999999,364.0
20260758,29,independent,4,all_agents_adaptive_eta,32.0,80.0,2880.0,32.0,0.009170040432046712,0.037872276015117605,0.04687499999999999,32.0,0.009170040432046712,0.00021103807689018092,0.037872276015117605,364.0
20260758,29,independent,4,fixed_q8_adaptive_eta,8.0,80.0,960.0,8.0,0.0025,0.15660631048153906,0.18749999999999997,8.0,0.0025,0.00022905427662008504,0.15660631048153906,1253.0
20260758,29,independent,4,fixed_q1_adaptive_eta,1.0,80.0,400.0,1.0,0.0025,0.28077450658477665,1.4999999999999998,1.0,0.0025,0.00035141029627587013,0.28077450658477665,3120.0
20260758,29,independent,16,adaptive_probe,32.0,80.0,2880.0,32.0,0.009170040432046712,0.024705031701910914,0.04687499999999999,32.0,0.009170040432046712,0.00013727903472639816,0.024705031701910914,364.0
20260758,29,independent,16,probe_oracle,32.0,80.0,2880.0,32.0,0.009170040432046712,0.024705031701910914,0.04687499999999999,32.0,0.009170040432046712,0.00024563281790639183,0.04687499999999999,364.0
20260758,29,independent,16,all_agents_adaptive_eta,32.0,80.0,2880.0,32.0,0.009170040432046712,0.024705031701910914,0.04687499999999999,32.0,0.009170040432046712,0.00013727903472639816,0.024705031701910914,364.0
20260758,29,independent,16,fixed_q8_adaptive_eta,8.0,80.0,960.0,8.0,0.0031046445301837096,0.09538304708526997,0.18749999999999997,8.0,0.0031046445301837096,0.00016005541396771098,0.09538304708526997,1253.0
20260758,29,independent,16,fixed_q1_adaptive_eta,1.0,80.0,400.0,1.0,0.0025,0.6167242418705406,1.4999999999999998,1.0,0.0025,0.0007718839557853258,0.6167242418705406,3120.0
20260758,29,clustered,4,adaptive_probe,32.0,80.0,2880.0,2.0,0.0025,0.6072680279277175,1.6917047346514045,2.0,0.0025,0.000760055591678147,0.6072680279277175,2186.0
20260758,29,clustered,4,probe_oracle,32.0,80.0,2880.0,8.0,0.0025,1.090423594855919,0.8462644380853276,8.0,0.0025,0.00106277713422456,0.8462644380853276,1093.0
20260758,29,clustered,4,all_agents_adaptive_eta,32.0,80.0,2880.0,32.0,0.0025,1.0107509903186578,0.8688495057232047,32.0,0.0025,0.001373927082103475,1.0107509903186578,364.0
20260758,29,clustered,4,fixed_q8_adaptive_eta,8.0,80.0,960.0,8.0,0.0025,1.090423594855919,0.8462644380853276,8.0,0.0025,0.0013642811492910471,1.090423594855919,1253.0
20260758,29,clustered,4,fixed_q1_adaptive_eta,1.0,80.0,400.0,1.0,0.0025,1.727637013316352,3.0564999999999993,1.0,0.0025,0.0021622488768861833,1.727637013316352,3120.0
20260758,29,clustered,16,adaptive_probe,32.0,80.0,2880.0,2.0,0.0025,0.7323035116772535,1.6917047346514045,2.0,0.0025,0.0009165783538078481,0.7323035116772535,2186.0
20260758,29,clustered,16,probe_oracle,32.0,80.0,2880.0,8.0,0.0025,1.3418768615888996,0.8462644380853276,8.0,0.0025,0.0010730800820917656,0.8462644380853276,1093.0
20260758,29,clustered,16,all_agents_adaptive_eta,32.0,80.0,2880.0,32.0,0.0025,1.12170001242103,0.8688495057232047,32.0,0.0025,0.001817747258500201,1.12170001242103,364.0
20260758,29,clustered,16,fixed_q8_adaptive_eta,8.0,80.0,960.0,8.0,0.0025,1.3418768615888996,0.8462644380853276,8.0,0.0025,0.001701346299680184,1.3418768615888996,1253.0
20260758,29,clustered,16,fixed_q1_adaptive_eta,1.0,80.0,400.0,1.0,0.0025,1.1074669026510326,3.0564999999999993,1.0,0.0025,0.0013860724315603644,1.1074669026510326,3120.0
20260758,29,global,4,adaptive_probe,32.0,80.0,2880.0,4.0,0.0025,0.3996415537488154,20.628043704474486,4.0,0.0025,0.0005093109958139772,0.3996415537488154,1640.0
20260758,29,global,4,probe_oracle,32.0,80.0,2880.0,1.0,0.0025,0.4332337846163029,15.575999999999988,1.0,0.0025,0.01949439676169757,15.575999999999988,2624.0
20260758,29,global,4,all_agents_adaptive_eta,32.0,80.0,2880.0,32.0,0.005946035575013605,0.7141408424632107,23.418749999999978,32.0,0.005946035575013605,0.002548676225650255,0.7141408424632107,364.0
20260758,29,global,4,fixed_q8_adaptive_eta,8.0,80.0,960.0,8.0,0.0025,0.5947101739013186,21.698450572320485,8.0,0.0025,0.0007910766859472731,0.5947101739013186,1253.0
20260758,29,global,4,fixed_q1_adaptive_eta,1.0,80.0,400.0,1.0,0.0025,0.4332337846163029,15.575999999999988,1.0,0.0025,0.0005422241305670064,0.4332337846163029,3120.0
20260758,29,global,16,adaptive_probe,32.0,80.0,2880.0,4.0,0.0025,1.2826107632505934,20.628043704474486,4.0,0.0025,0.0016290268247866916,1.2826107632505934,1640.0
20260758,29,global,16,probe_oracle,32.0,80.0,2880.0,1.0,0.0025,1.9703078809274674,15.575999999999988,1.0,0.0025,0.019494505020355296,15.575999999999988,2624.0
20260758,29,global,16,all_agents_adaptive_eta,32.0,80.0,2880.0,32.0,0.005946035575013605,1.6734494958468147,23.418749999999978,32.0,0.005946035575013605,0.006109817728956905,1.6734494958468147,364.0
20260758,29,global,16,fixed_q8_adaptive_eta,8.0,80.0,960.0,8.0,0.0025,1.6714690563758785,21.698450572320485,8.0,0.0025,0.0022648492029813993,1.6714690563758785,1253.0
20260758,29,global,16,fixed_q1_adaptive_eta,1.0,80.0,400.0,1.0,0.0025,1.9703078809274674,15.575999999999988,1.0,0.0025,0.002465988308014124,1.9703078809274674,3120.0
20260758,29,mixed,4,adaptive_probe,32.0,80.0,2880.0,2.0,0.0025,0.47342250060674557,9.510085154353096,2.0,0.0025,0.0005926020301595676,0.47342250060674557,2186.0
20260758,29,mixed,4,probe_oracle,32.0,80.0,2880.0,2.0,0.0025,0.47342250060674557,9.510085154353096,2.0,0.0025,0.011902367966067166,9.510085154353096,2186.0
20260758,29,mixed,4,all_agents_adaptive_eta,32.0,80.0,2880.0,32.0,0.0031046445301837096,0.8229031184206368,12.280795503815458,32.0,0.0031046445301837096,0.0016997817508119621,0.8229031184206368,364.0
20260758,29,mixed,4,fixed_q8_adaptive_eta,8.0,80.0,960.0,8.0,0.0025,0.8144132324675857,11.382151578217128,8.0,0.0025,0.001024999323715509,0.8144132324675857,1253.0
20260758,29,mixed,4,fixed_q1_adaptive_eta,1.0,80.0,400.0,1.0,0.0025,0.8425072734803218,9.57566666666666,1.0,0.0025,0.0010544525959317072,0.8425072734803218,3120.0
20260758,29,mixed,16,adaptive_probe,32.0,80.0,2880.0,4.0,0.0025,1.3232147484229781,10.848220516822746,4.0,0.0025,0.0016648715136246062,1.3232147484229781,1640.0
20260758,29,mixed,16,probe_oracle,32.0,80.0,2880.0,2.0,0.0025,1.6232964434962516,9.510085154353096,2.0,0.0025,0.011902874366832785,9.510085154353096,2186.0
20260758,29,mixed,16,all_agents_adaptive_eta,32.0,80.0,2880.0,32.0,0.0047880164034928676,1.6048700924432482,12.280795503815458,32.0,0.0047880164034928676,0.0047985719696576525,1.6048700924432482,364.0
20260758,29,mixed,16,fixed_q8_adaptive_eta,8.0,80.0,960.0,8.0,0.0025,1.7772537263207397,11.382151578217128,8.0,0.0025,0.002308912494578598,1.7772537263207397,1253.0
20260758,29,mixed,16,fixed_q1_adaptive_eta,1.0,80.0,400.0,1.0,0.0025,1.564446129044836,9.57566666666666,1.0,0.0025,0.0019580172169183126,1.564446129044836,3120.0
20260759,30,independent,4,adaptive_probe,32.0,80.0,2880.0,32.0,0.009170040432046712,0.04498024800516606,0.04687499999999999,32.0,0.009170040432046712,0.00025028617557690816,0.04498024800516606,364.0
20260759,30,independent,4,probe_oracle,32.0,80.0,2880.0,32.0,0.009170040432046712,0.04498024800516606,0.04687499999999999,32.0,0.009170040432046712,0.0002591114041038102,0.04687499999999999,364.0
20260759,30,independent,4,all_agents_adaptive_eta,32.0,80.0,2880.0,32.0,0.009170040432046712,0.04498024800516606,0.04687499999999999,32.0,0.009170040432046712,0.00025028617557690816,0.04498024800516606,364.0
20260759,30,independent,4,fixed_q8_adaptive_eta,8.0,80.0,960.0,8.0,0.0025,0.41664447301709545,0.18749999999999997,8.0,0.0025,0.0006063320036369249,0.41664447301709545,1253.0
20260759,30,independent,4,fixed_q1_adaptive_eta,1.0,80.0,400.0,1.0,0.0025,1.255581828862749,1.4999999999999998,1.0,0.0025,0.0015714586485301055,1.255581828862749,3120.0
20260759,30,independent,16,adaptive_probe,32.0,80.0,2880.0,32.0,0.009170040432046712,0.034473948724243086,0.04687499999999999,32.0,0.009170040432046712,0.000188399570798385,0.034473948724243086,364.0
20260759,30,independent,16,probe_oracle,32.0,80.0,2880.0,32.0,0.009170040432046712,0.034473948724243086,0.04687499999999999,32.0,0.009170040432046712,0.0002490086254921243,0.04687499999999999,364.0
20260759,30,independent,16,all_agents_adaptive_eta,32.0,80.0,2880.0,32.0,0.009170040432046712,0.034473948724243086,0.04687499999999999,32.0,0.009170040432046712,0.000188399570798385,0.034473948724243086,364.0
20260759,30,independent,16,fixed_q8_adaptive_eta,8.0,80.0,960.0,8.0,0.0025,0.43926399375679714,0.18749999999999997,8.0,0.0025,0.0006504109593325134,0.43926399375679714,1253.0
20260759,30,independent,16,fixed_q1_adaptive_eta,1.0,80.0,400.0,1.0,0.0025,0.6609917347778039,1.4999999999999998,1.0,0.0025,0.0008272970575914218,0.6609917347778039,3120.0
20260759,30,clustered,4,adaptive_probe,32.0,80.0,2880.0,4.0,0.0025,1.2269186056220611,0.8950479968782517,4.0,0.0025,0.0015455338458225238,1.2269186056220611,1640.0
20260759,30,clustered,4,probe_oracle,32.0,80.0,2880.0,4.0,0.0025,1.2269186056220611,0.8950479968782517,4.0,0.0025,0.0011302893022049317,0.8950479968782517,1640.0
20260759,30,clustered,4,all_agents_adaptive_eta,32.0,80.0,2880.0,32.0,0.005946035575013605,0.7836144073234386,0.8688495057232047,32.0,0.005946035575013605,0.0028053789804426753,0.7836144073234386,364.0
20260759,30,clustered,4,fixed_q8_adaptive_eta,8.0,80.0,960.0,8.0,0.0025,1.2039384171771796,0.8462644380853276,8.0,0.0025,0.0015902087175193834,1.2039384171771796,1253.0
20260759,30,clustered,4,fixed_q1_adaptive_eta,1.0,80.0,400.0,1.0,0.0025,3.062430192521331,3.0564999999999993,1.0,0.0025,0.003832829677237107,3.062430192521331,3120.0
20260759,30,clustered,16,adaptive_probe,32.0,80.0,2880.0,1.0,0.0025,1.362915712964453,3.0564999999999993,1.0,0.0025,0.0017057960377668034,1.362915712964453,2624.0
20260759,30,clustered,16,probe_oracle,32.0,80.0,2880.0,8.0,0.0025,1.4279730910153754,0.8462644380853276,8.0,0.0025,0.0011042735340728192,0.8462644380853276,1093.0
20260759,30,clustered,16,all_agents_adaptive_eta,32.0,80.0,2880.0,32.0,0.0038555270635198514,0.9755664357905698,0.8688495057232047,32.0,0.0038555270635198514,0.0024503622170359654,0.9755664357905698,364.0
20260759,30,clustered,16,fixed_q8_adaptive_eta,8.0,80.0,960.0,8.0,0.0025,1.4279730910153754,0.8462644380853276,8.0,0.0025,0.0018434394525435132,1.4279730910153754,1253.0
20260759,30,clustered,16,fixed_q1_adaptive_eta,1.0,80.0,400.0,1.0,0.0025,1.362915712964453,3.0564999999999993,1.0,0.0025,0.0017057783876570844,1.362915712964453,3120.0
20260759,30,global,4,adaptive_probe,32.0,80.0,2880.0,1.0,0.0025,4.977547079436698,15.575999999999988,1.0,0.0025,0.006229750661247291,4.977547079436698,2624.0
20260759,30,global,4,probe_oracle,32.0,80.0,2880.0,1.0,0.0025,4.977547079436698,15.575999999999988,1.0,0.0025,0.01949437146185377,15.575999999999988,2624.0
20260759,30,global,4,all_agents_adaptive_eta,32.0,80.0,2880.0,32.0,0.0025,5.417182402639761,23.418749999999978,32.0,0.0025,0.009124030377996523,5.417182402639761,364.0
20260759,30,global,4,fixed_q8_adaptive_eta,8.0,80.0,960.0,8.0,0.0025,5.513628090390967,21.698450572320485,8.0,0.0025,0.0069401443754804615,5.513628090390967,1253.0
20260759,30,global,4,fixed_q1_adaptive_eta,1.0,80.0,400.0,1.0,0.0025,4.977547079436698,15.575999999999988,1.0,0.0025,0.006229729770926923,4.977547079436698,3120.0
20260759,30,global,16,adaptive_probe,32.0,80.0,2880.0,1.0,0.0025,4.191009684927971,15.575999999999988,1.0,0.0025,0.005245369451535674,4.191009684927971,2624.0
20260759,30,global,16,probe_oracle,32.0,80.0,2880.0,1.0,0.0025,4.191009684927971,15.575999999999988,1.0,0.0025,0.0194943905567765,15.575999999999988,2624.0
20260759,30,global,16,all_agents_adaptive_eta,32.0,80.0,2880.0,32.0,0.0031046445301837096,3.9772378807211988,23.418749999999978,32.0,0.0031046445301837096,0.008749812188942503,3.9772378807211988,364.0
20260759,30,global,16,fixed_q8_adaptive_eta,8.0,80.0,960.0,8.0,0.0025,4.882965275356102,21.698450572320485,8.0,0.0025,0.006222568900289858,4.882965275356102,1253.0
20260759,30,global,16,fixed_q1_adaptive_eta,1.0,80.0,400.0,1.0,0.0025,4.191009684927971,15.575999999999988,1.0,0.0025,0.0052453362430398285,4.191009684927971,3120.0
20260759,30,mixed,4,adaptive_probe,32.0,80.0,2880.0,8.0,0.0025,3.6496532272948286,11.382151578217128,8.0,0.0025,0.004660184040425585,3.6496532272948286,1093.0
20260759,30,mixed,4,probe_oracle,32.0,80.0,2880.0,2.0,0.0025,4.759490947814034,9.510085154353096,2.0,0.0025,0.011902743384139361,9.510085154353096,2186.0
20260759,30,mixed,4,all_agents_adaptive_eta,32.0,80.0,2880.0,32.0,0.0031046445301837096,3.338704764822635,12.280795503815458,32.0,0.0031046445301837096,0.007408136898610154,3.338704764822635,364.0
20260759,30,mixed,4,fixed_q8_adaptive_eta,8.0,80.0,960.0,8.0,0.0025,3.6496532272948286,11.382151578217128,8.0,0.0025,0.004621935593188143,3.6496532272948286,1253.0
20260759,30,mixed,4,fixed_q1_adaptive_eta,1.0,80.0,400.0,1.0,0.0025,4.613601909351858,9.57566666666666,1.0,0.0025,0.005774220695523302,4.613601909351858,3120.0
20260759,30,mixed,16,adaptive_probe,32.0,80.0,2880.0,1.0,0.0025,3.2073700781467314,9.57566666666666,1.0,0.0025,0.0040142548062714325,3.2073700781467314,2624.0
20260759,30,mixed,16,probe_oracle,32.0,80.0,2880.0,2.0,0.0025,4.0137113006591845,9.510085154353096,2.0,0.0025,0.011902563971643397,9.510085154353096,2186.0
20260759,30,mixed,16,all_agents_adaptive_eta,32.0,80.0,2880.0,32.0,0.0025,2.8248878238629866,12.280795503815458,32.0,0.0025,0.005585630370703433,2.8248878238629866,364.0
20260759,30,mixed,16,fixed_q8_adaptive_eta,8.0,80.0,960.0,8.0,0.0025,3.6288368115632297,11.382151578217128,8.0,0.0025,0.004614092951146566,3.6288368115632297,1253.0
20260759,30,mixed,16,fixed_q1_adaptive_eta,1.0,80.0,400.0,1.0,0.0025,3.2073700781467314,9.57566666666666,1.0,0.0025,0.00401423310577489,3.2073700781467314,3120.0
20260760,31,independent,4,adaptive_probe,32.0,80.0,2880.0,8.0,0.0038555270635198514,0.0803470871411928,0.18749999999999997,8.0,0.0038555270635198514,0.00016287846311681736,0.0803470871411928,1093.0
20260760,31,independent,4,probe_oracle,32.0,80.0,2880.0,32.0,0.009170040432046712,0.03070677662046605,0.04687499999999999,32.0,0.009170040432046712,0.0002585993327552676,0.04687499999999999,364.0
20260760,31,independent,4,all_agents_adaptive_eta,32.0,80.0,2880.0,32.0,0.009170040432046712,0.03070677662046605,0.04687499999999999,32.0,0.009170040432046712,0.0001832922389575412,0.03070677662046605,364.0
20260760,31,independent,4,fixed_q8_adaptive_eta,8.0,80.0,960.0,8.0,0.0031046445301837096,0.0803470871411928,0.18749999999999997,8.0,0.0031046445301837096,0.00013467477628149936,0.0803470871411928,1253.0
20260760,31,independent,4,fixed_q1_adaptive_eta,1.0,80.0,400.0,1.0,0.0025,1.020984825171569,1.4999999999999998,1.0,0.0025,0.0012778289374504052,1.020984825171569,3120.0
20260760,31,independent,16,adaptive_probe,32.0,80.0,2880.0,8.0,0.0038555270635198514,0.04796751736027982,0.18749999999999997,8.0,0.0038555270635198514,9.772363296665488e-05,0.04796751736027982,1093.0
20260760,31,independent,16,probe_oracle,32.0,80.0,2880.0,32.0,0.009170040432046712,0.0389485265634992,0.04687499999999999,32.0,0.009170040432046712,0.00024649236110171,0.04687499999999999,364.0
20260760,31,independent,16,all_agents_adaptive_eta,32.0,80.0,2880.0,32.0,0.009170040432046712,0.0389485265634992,0.04687499999999999,32.0,0.009170040432046712,0.00020775241467631912,0.0389485265634992,364.0
20260760,31,independent,16,fixed_q8_adaptive_eta,8.0,80.0,960.0,8.0,0.0031046445301837096,0.04796751736027982,0.18749999999999997,8.0,0.0031046445301837096,8.570622093494172e-05,0.04796751736027982,1253.0
20260760,31,independent,16,fixed_q1_adaptive_eta,1.0,80.0,400.0,1.0,0.0025,0.8473078630407518,1.4999999999999998,1.0,0.0025,0.0010604608590336104,0.8473078630407518,3120.0
20260760,31,clustered,4,adaptive_probe,32.0,80.0,2880.0,2.0,0.0025,0.34793427232842145,1.6917047346514045,2.0,0.0025,0.0004365578714756995,0.34793427232842145,2186.0
20260760,31,clustered,4,probe_oracle,32.0,80.0,2880.0,4.0,0.0025,0.6649574160272462,0.8950479968782517,4.0,0.0025,0.0011368819322063281,0.8950479968782517,1640.0
20260760,31,clustered,4,all_agents_adaptive_eta,32.0,80.0,2880.0,32.0,0.005946035575013605,0.8910099772502298,0.8688495057232047,32.0,0.005946035575013605,0.003429079614334703,0.8910099772502298,364.0
20260760,31,clustered,4,fixed_q8_adaptive_eta,8.0,80.0,960.0,8.0,0.0025,0.7348526406561215,0.8462644380853276,8.0,0.0025,0.0010179130226025527,0.7348526406561215,1253.0
20260760,31,clustered,4,fixed_q1_adaptive_eta,1.0,80.0,400.0,1.0,0.0025,0.8035226692268059,3.0564999999999993,1.0,0.0025,0.0010056611431780132,0.8035226692268059,3120.0
20260760,31,clustered,16,adaptive_probe,32.0,80.0,2880.0,1.0,0.0025,0.5630279192449797,3.0564999999999993,1.0,0.0025,0.0007047708890122809,0.5630279192449797,2624.0
20260760,31,clustered,16,probe_oracle,32.0,80.0,2880.0,4.0,0.0025,0.5672426510543193,0.8950479968782517,4.0,0.0025,0.0011345932104964527,0.8950479968782517,1640.0
20260760,31,clustered,16,all_agents_adaptive_eta,32.0,80.0,2880.0,32.0,0.005946035575013605,0.9740565196510652,0.8688495057232047,32.0,0.005946035575013605,0.0035677381670001485,0.9740565196510652,364.0
20260760,31,clustered,16,fixed_q8_adaptive_eta,8.0,80.0,960.0,8.0,0.0025,0.6776229614921658,0.8462644380853276,8.0,0.0025,0.0009611279011497514,0.6776229614921658,1253.0
20260760,31,clustered,16,fixed_q1_adaptive_eta,1.0,80.0,400.0,1.0,0.0025,0.5630279192449797,3.0564999999999993,1.0,0.0025,0.000704667157116991,0.5630279192449797,3120.0
20260760,31,global,4,adaptive_probe,32.0,80.0,2880.0,4.0,0.0025,2.7942980318081103,20.628043704474486,4.0,0.0025,0.0035560112289888595,2.7942980318081103,1640.0
20260760,31,global,4,probe_oracle,32.0,80.0,2880.0,1.0,0.0025,3.1779120013522455,15.575999999999988,1.0,0.0025,0.019494762727202967,15.575999999999988,2624.0
20260760,31,global,4,all_agents_adaptive_eta,32.0,80.0,2880.0,32.0,0.005946035575013605,3.105260570420185,23.418749999999978,32.0,0.005946035575013605,0.011972316686288512,3.105260570420185,364.0
20260760,31,global,4,fixed_q8_adaptive_eta,8.0,80.0,960.0,8.0,0.0025,2.5812694403693195,21.698450572320485,8.0,0.0025,0.00358397677225922,2.5812694403693195,1253.0
20260760,31,global,4,fixed_q1_adaptive_eta,1.0,80.0,400.0,1.0,0.0025,3.1779120013522455,15.575999999999988,1.0,0.0025,0.00397738000176204,3.1779120013522455,3120.0
20260760,31,global,16,adaptive_probe,32.0,80.0,2880.0,1.0,0.0025,5.488568338390934,15.575999999999988,1.0,0.0025,0.006869291740462766,5.488568338390934,2624.0
20260760,31,global,16,probe_oracle,32.0,80.0,2880.0,1.0,0.0025,5.488568338390934,15.575999999999988,1.0,0.0025,0.019494337758609752,15.575999999999988,2624.0
20260760,31,global,16,all_agents_adaptive_eta,32.0,80.0,2880.0,32.0,0.0025,7.609970085030737,23.418749999999978,32.0,0.0025,0.0087469055983711,7.609970085030737,364.0
20260760,31,global,16,fixed_q8_adaptive_eta,8.0,80.0,960.0,8.0,0.0025,6.474272917913249,21.698450572320485,8.0,0.0025,0.008123508404614028,6.474272917913249,1253.0
20260760,31,global,16,fixed_q1_adaptive_eta,1.0,80.0,400.0,1.0,0.0025,5.488568338390934,15.575999999999988,1.0,0.0025,0.006869296438800731,5.488568338390934,3120.0
20260760,31,mixed,4,adaptive_probe,32.0,80.0,2880.0,2.0,0.0025,0.6865884854258559,9.510085154353096,2.0,0.0025,0.000862656647280935,0.6865884854258559,2186.0
20260760,31,mixed,4,probe_oracle,32.0,80.0,2880.0,2.0,0.0025,0.6865884854258559,9.510085154353096,2.0,0.0025,0.011905636327446,9.510085154353096,2186.0
20260760,31,mixed,4,all_agents_adaptive_eta,32.0,80.0,2880.0,32.0,0.007384130729697496,1.040885693945748,12.280795503815458,32.0,0.007384130729697496,0.004695153364703053,1.040885693945748,364.0
20260760,31,mixed,4,fixed_q8_adaptive_eta,8.0,80.0,960.0,8.0,0.0031046445301837096,0.7142584726397526,11.382151578217128,8.0,0.0031046445301837096,0.0011797818241149588,0.7142584726397526,1253.0
20260760,31,mixed,4,fixed_q1_adaptive_eta,1.0,80.0,400.0,1.0,0.0025,1.574706308527352,9.57566666666666,1.0,0.0025,0.001970856345698981,1.574706308527352,3120.0
20260760,31,mixed,16,adaptive_probe,32.0,80.0,2880.0,2.0,0.0025,2.5104641555749705,9.510085154353096,2.0,0.0025,0.0031423825927013194,2.5104641555749705,2186.0
20260760,31,mixed,16,probe_oracle,32.0,80.0,2880.0,2.0,0.0025,2.5104641555749705,9.510085154353096,2.0,0.0025,0.01190270464626665,9.510085154353096,2186.0
20260760,31,mixed,16,all_agents_adaptive_eta,32.0,80.0,2880.0,32.0,0.0031046445301837096,3.3154548121406355,12.280795503815458,32.0,0.0031046445301837096,0.0070482337272326735,3.3154548121406355,364.0
20260760,31,mixed,16,fixed_q8_adaptive_eta,8.0,80.0,960.0,8.0,0.0025,2.562069041140122,11.382151578217128,8.0,0.0025,0.0032709990887878327,2.562069041140122,1253.0
20260760,31,mixed,16,fixed_q1_adaptive_eta,1.0,80.0,400.0,1.0,0.0025,2.5804609712170357,9.57566666666666,1.0,0.0025,0.0032296135488631746,2.5804609712170357,3120.0
20260761,32,independent,4,adaptive_probe,32.0,80.0,2880.0,32.0,0.009170040432046712,0.025191947183601442,0.04687499999999999,32.0,0.009170040432046712,0.00015245493766282293,0.025191947183601442,364.0
20260761,32,independent,4,probe_oracle,32.0,80.0,2880.0,32.0,0.009170040432046712,0.025191947183601442,0.04687499999999999,32.0,0.009170040432046712,0.00025344857524037663,0.04687499999999999,364.0
20260761,32,independent,4,all_agents_adaptive_eta,32.0,80.0,2880.0,32.0,0.009170040432046712,0.025191947183601442,0.04687499999999999,32.0,0.009170040432046712,0.00015245493766282293,0.025191947183601442,364.0
20260761,32,independent,4,fixed_q8_adaptive_eta,8.0,80.0,960.0,8.0,0.0025,0.13533787030526104,0.18749999999999997,8.0,0.0025,0.00020513621356047076,0.13533787030526104,1253.0
20260761,32,independent,4,fixed_q1_adaptive_eta,1.0,80.0,400.0,1.0,0.0025,1.0905266023290303,1.4999999999999998,1.0,0.0025,0.001364866780813094,1.0905266023290303,3120.0
20260761,32,independent,16,adaptive_probe,32.0,80.0,2880.0,32.0,0.009170040432046712,0.04473851494206359,0.04687499999999999,32.0,0.009170040432046712,0.0002384364879961018,0.04473851494206359,364.0
20260761,32,independent,16,probe_oracle,32.0,80.0,2880.0,32.0,0.009170040432046712,0.04473851494206359,0.04687499999999999,32.0,0.009170040432046712,0.0002488783720629767,0.04687499999999999,364.0
20260761,32,independent,16,all_agents_adaptive_eta,32.0,80.0,2880.0,32.0,0.009170040432046712,0.04473851494206359,0.04687499999999999,32.0,0.009170040432046712,0.0002384364879961018,0.04473851494206359,364.0
20260761,32,independent,16,fixed_q8_adaptive_eta,8.0,80.0,960.0,8.0,0.0025,0.18186430306057322,0.18749999999999997,8.0,0.0025,0.0002701069076622996,0.18186430306057322,1253.0
20260761,32,independent,16,fixed_q1_adaptive_eta,1.0,80.0,400.0,1.0,0.0025,1.0058479231588853,1.4999999999999998,1.0,0.0025,0.0012588837214561398,1.0058479231588853,3120.0
20260761,32,clustered,4,adaptive_probe,32.0,80.0,2880.0,2.0,0.0025,0.4900210605130463,1.6917047346514045,2.0,0.0025,0.0006142113437025646,0.4900210605130463,2186.0
20260761,32,clustered,4,probe_oracle,32.0,80.0,2880.0,4.0,0.0025,0.5916450924452011,0.8950479968782517,4.0,0.0025,0.0011342024233196005,0.8950479968782517,1640.0
20260761,32,clustered,4,all_agents_adaptive_eta,32.0,80.0,2880.0,32.0,0.005946035575013605,0.9007397116765967,0.8688495057232047,32.0,0.005946035575013605,0.0033336630795525136,0.9007397116765967,364.0
20260761,32,clustered,4,fixed_q8_adaptive_eta,8.0,80.0,960.0,8.0,0.0025,0.7046299759546206,0.8462644380853276,8.0,0.0025,0.0009618302511684275,0.7046299759546206,1253.0
20260761,32,clustered,4,fixed_q1_adaptive_eta,1.0,80.0,400.0,1.0,0.0025,3.517360863610524,3.0564999999999993,1.0,0.0025,0.004402213566172125,3.517360863610524,3120.0
20260761,32,clustered,16,adaptive_probe,32.0,80.0,2880.0,2.0,0.0025,0.3887018967277176,1.6917047346514045,2.0,0.0025,0.000486681519827336,0.3887018967277176,2186.0
20260761,32,clustered,16,probe_oracle,32.0,80.0,2880.0,8.0,0.0025,0.8385172286425229,0.8462644380853276,8.0,0.0025,0.0011048789212122993,0.8462644380853276,1093.0
20260761,32,clustered,16,all_agents_adaptive_eta,32.0,80.0,2880.0,32.0,0.0038555270635198514,1.0486944019299447,0.8688495057232047,32.0,0.0038555270635198514,0.002588119882160087,1.0486944019299447,364.0
20260761,32,clustered,16,fixed_q8_adaptive_eta,8.0,80.0,960.0,8.0,0.0025,0.8385172286425229,0.8462644380853276,8.0,0.0025,0.001080937154968079,0.8385172286425229,1253.0
20260761,32,clustered,16,fixed_q1_adaptive_eta,1.0,80.0,400.0,1.0,0.0025,2.3085974867372827,3.0564999999999993,1.0,0.0025,0.0028893695243451096,2.3085974867372827,3120.0
20260761,32,global,4,adaptive_probe,32.0,80.0,2880.0,1.0,0.0025,1.6024323600927206,15.575999999999988,1.0,0.0025,0.0020056710283507745,1.6024323600927206,2624.0
20260761,32,global,4,probe_oracle,32.0,80.0,2880.0,1.0,0.0025,1.6024323600927206,15.575999999999988,1.0,0.0025,0.019494457114796332,15.575999999999988,2624.0
20260761,32,global,4,all_agents_adaptive_eta,32.0,80.0,2880.0,32.0,0.005946035575013605,1.6491215127084216,23.418749999999978,32.0,0.005946035575013605,0.005707021113118219,1.6491215127084216,364.0
20260761,32,global,4,fixed_q8_adaptive_eta,8.0,80.0,960.0,8.0,0.0025,2.0082444879801225,21.698450572320485,8.0,0.0025,0.002631254942194138,2.0082444879801225,1253.0
20260761,32,global,4,fixed_q1_adaptive_eta,1.0,80.0,400.0,1.0,0.0025,1.6024323600927206,15.575999999999988,1.0,0.0025,0.002005567591408747,1.6024323600927206,3120.0
20260761,32,global,16,adaptive_probe,32.0,80.0,2880.0,1.0,0.0025,1.8507324241569825,15.575999999999988,1.0,0.0025,0.0023163613434474474,1.8507324241569825,2624.0
20260761,32,global,16,probe_oracle,32.0,80.0,2880.0,1.0,0.0025,1.8507324241569825,15.575999999999988,1.0,0.0025,0.019494384508241636,15.575999999999988,2624.0
20260761,32,global,16,all_agents_adaptive_eta,32.0,80.0,2880.0,32.0,0.0038555270635198514,2.184942946368239,23.418749999999978,32.0,0.0038555270635198514,0.005611881302139692,2.184942946368239,364.0
20260761,32,global,16,fixed_q8_adaptive_eta,8.0,80.0,960.0,8.0,0.0025,2.376194952066969,21.698450572320485,8.0,0.0025,0.003009116602102506,2.376194952066969,1253.0
20260761,32,global,16,fixed_q1_adaptive_eta,1.0,80.0,400.0,1.0,0.0025,1.8507324241569825,15.575999999999988,1.0,0.0025,0.002316317913500267,1.8507324241569825,3120.0
20260761,32,mixed,4,adaptive_probe,32.0,80.0,2880.0,4.0,0.0025,0.7302894900465162,10.848220516822746,4.0,0.0025,0.000915796259134264,0.7302894900465162,1640.0
20260761,32,mixed,4,probe_oracle,32.0,80.0,2880.0,2.0,0.0025,1.1003724573150266,9.510085154353096,2.0,0.0025,0.01190240685761679,9.510085154353096,2186.0
20260761,32,mixed,4,all_agents_adaptive_eta,32.0,80.0,2880.0,32.0,0.0038555270635198514,0.7454129568743515,12.280795503815458,32.0,0.0038555270635198514,0.0018057417266091275,0.7454129568743515,364.0
20260761,32,mixed,4,fixed_q8_adaptive_eta,8.0,80.0,960.0,8.0,0.0025,0.8500878038590111,11.382151578217128,8.0,0.0025,0.0010769809678171257,0.8500878038590111,1253.0
20260761,32,mixed,4,fixed_q1_adaptive_eta,1.0,80.0,400.0,1.0,0.0025,3.783780217958233,9.57566666666666,1.0,0.0025,0.0047356736364873855,3.783780217958233,3120.0
20260761,32,mixed,16,adaptive_probe,32.0,80.0,2880.0,4.0,0.0025,0.5377433228948431,10.848220516822746,4.0,0.0025,0.0006763281961393304,0.5377433228948431,1640.0
20260761,32,mixed,16,probe_oracle,32.0,80.0,2880.0,2.0,0.0025,0.7389507742797141,9.510085154353096,2.0,0.0025,0.011902501126600197,9.510085154353096,2186.0
20260761,32,mixed,16,all_agents_adaptive_eta,32.0,80.0,2880.0,32.0,0.0047880164034928676,0.6696535363598523,12.280795503815458,32.0,0.0047880164034928676,0.0019607982793311933,0.6696535363598523,364.0
20260761,32,mixed,16,fixed_q8_adaptive_eta,8.0,80.0,960.0,8.0,0.0025,0.7101458928764994,11.382151578217128,8.0,0.0025,0.0008991858760419837,0.7101458928764994,1253.0
20260761,32,mixed,16,fixed_q1_adaptive_eta,1.0,80.0,400.0,1.0,0.0025,2.453506760807589,9.57566666666666,1.0,0.0025,0.0030707433192475406,2.453506760807589,3120.0
20260762,33,independent,4,adaptive_probe,32.0,80.0,2880.0,32.0,0.011387886347566916,0.023888513564872732,0.04687499999999999,32.0,0.011387886347566916,0.00014698844134091303,0.023888513564872732,364.0
20260762,33,independent,4,probe_oracle,32.0,80.0,2880.0,32.0,0.009170040432046712,0.023888513564872732,0.04687499999999999,32.0,0.009170040432046712,0.00026186596187992474,0.04687499999999999,364.0
20260762,33,independent,4,all_agents_adaptive_eta,32.0,80.0,2880.0,32.0,0.011387886347566916,0.023888513564872732,0.04687499999999999,32.0,0.011387886347566916,0.00014698844134091303,0.023888513564872732,364.0
20260762,33,independent,4,fixed_q8_adaptive_eta,8.0,80.0,960.0,8.0,0.0025,0.16797555198712777,0.18749999999999997,8.0,0.0025,0.00024117363187580636,0.16797555198712777,1253.0
20260762,33,independent,4,fixed_q1_adaptive_eta,1.0,80.0,400.0,1.0,0.0025,1.7482504634156237,1.4999999999999998,1.0,0.0025,0.002188060258227678,1.7482504634156237,3120.0
20260762,33,independent,16,adaptive_probe,32.0,80.0,2880.0,32.0,0.009170040432046712,0.03343657878785384,0.04687499999999999,32.0,0.009170040432046712,0.00018318731222796662,0.03343657878785384,364.0
20260762,33,independent,16,probe_oracle,32.0,80.0,2880.0,32.0,0.009170040432046712,0.03343657878785384,0.04687499999999999,32.0,0.009170040432046712,0.0002488664218560945,0.04687499999999999,364.0
20260762,33,independent,16,all_agents_adaptive_eta,32.0,80.0,2880.0,32.0,0.009170040432046712,0.03343657878785384,0.04687499999999999,32.0,0.009170040432046712,0.00018318731222796662,0.03343657878785384,364.0
20260762,33,independent,16,fixed_q8_adaptive_eta,8.0,80.0,960.0,8.0,0.0025,0.14437683165473306,0.18749999999999997,8.0,0.0025,0.0002296982380189037,0.14437683165473306,1253.0
20260762,33,independent,16,fixed_q1_adaptive_eta,1.0,80.0,400.0,1.0,0.0025,2.886620668081151,1.4999999999999998,1.0,0.0025,0.003612819642078822,2.886620668081151,3120.0
20260762,33,clustered,4,adaptive_probe,32.0,80.0,2880.0,4.0,0.0025,0.5914229492415944,0.8950479968782517,4.0,0.0025,0.0007448842894897099,0.5914229492415944,1640.0
20260762,33,clustered,4,probe_oracle,32.0,80.0,2880.0,4.0,0.0025,0.5914229492415944,0.8950479968782517,4.0,0.0025,0.0011247873029381857,0.8950479968782517,1640.0
20260762,33,clustered,4,all_agents_adaptive_eta,32.0,80.0,2880.0,32.0,0.0047880164034928676,0.5802669537662635,0.8688495057232047,32.0,0.0047880164034928676,0.0018925198246209775,0.5802669537662635,364.0
20260762,33,clustered,4,fixed_q8_adaptive_eta,8.0,80.0,960.0,8.0,0.0025,0.7253652452122643,0.8462644380853276,8.0,0.0025,0.0009246091862131898,0.7253652452122643,1253.0
20260762,33,clustered,4,fixed_q1_adaptive_eta,1.0,80.0,400.0,1.0,0.0025,1.0663794748276976,3.0564999999999993,1.0,0.0025,0.0013346440816728023,1.0663794748276976,3120.0
20260762,33,clustered,16,adaptive_probe,32.0,80.0,2880.0,4.0,0.0025,0.48698052004259174,0.8950479968782517,4.0,0.0025,0.0006117414521720094,0.48698052004259174,1640.0
20260762,33,clustered,16,probe_oracle,32.0,80.0,2880.0,8.0,0.0025,0.6961523836214646,0.8462644380853276,8.0,0.0025,0.0010937415168034558,0.8462644380853276,1093.0
20260762,33,clustered,16,all_agents_adaptive_eta,32.0,80.0,2880.0,32.0,0.0038555270635198514,0.5727496243208667,0.8688495057232047,32.0,0.0038555270635198514,0.0015601274158436747,0.5727496243208667,364.0
20260762,33,clustered,16,fixed_q8_adaptive_eta,8.0,80.0,960.0,8.0,0.0025,0.6961523836214646,0.8462644380853276,8.0,0.0025,0.0008970804970663245,0.6961523836214646,1253.0
20260762,33,clustered,16,fixed_q1_adaptive_eta,1.0,80.0,400.0,1.0,0.0025,1.1406492777266322,3.0564999999999993,1.0,0.0025,0.001427598146427088,1.1406492777266322,3120.0
20260762,33,global,4,adaptive_probe,32.0,80.0,2880.0,2.0,0.0025,1.426550846482656,17.014563995837655,2.0,0.0025,0.0017859442987587337,1.426550846482656,2186.0
20260762,33,global,4,probe_oracle,32.0,80.0,2880.0,1.0,0.0025,1.8769409069354617,15.575999999999988,1.0,0.0025,0.019494391516595988,15.575999999999988,2624.0
20260762,33,global,4,all_agents_adaptive_eta,32.0,80.0,2880.0,32.0,0.0047880164034928676,1.4510209678797172,23.418749999999978,32.0,0.0047880164034928676,0.004334493985732867,1.4510209678797172,364.0
20260762,33,global,4,fixed_q8_adaptive_eta,8.0,80.0,960.0,8.0,0.0025,1.528586381089472,21.698450572320485,8.0,0.0025,0.0019451792857391819,1.528586381089472,1253.0
20260762,33,global,4,fixed_q1_adaptive_eta,1.0,80.0,400.0,1.0,0.0025,1.8769409069354617,15.575999999999988,1.0,0.0025,0.002349121072273125,1.8769409069354617,3120.0
20260762,33,global,16,adaptive_probe,32.0,80.0,2880.0,2.0,0.0025,1.0949390910813648,17.014563995837655,2.0,0.0025,0.001371844146302877,1.0949390910813648,2186.0
20260762,33,global,16,probe_oracle,32.0,80.0,2880.0,1.0,0.0025,2.5214854723410465,15.575999999999988,1.0,0.0025,0.019494494867756715,15.575999999999988,2624.0
20260762,33,global,16,all_agents_adaptive_eta,32.0,80.0,2880.0,32.0,0.005946035575013605,1.2319928238750444,23.418749999999978,32.0,0.005946035575013605,0.00469186402997806,1.2319928238750444,364.0
20260762,33,global,16,fixed_q8_adaptive_eta,8.0,80.0,960.0,8.0,0.0025,1.248315406270995,21.698450572320485,8.0,0.0025,0.0017192306580768083,1.248315406270995,1253.0
20260762,33,global,16,fixed_q1_adaptive_eta,1.0,80.0,400.0,1.0,0.0025,2.5214854723410465,15.575999999999988,1.0,0.0025,0.0031558316927526703,2.5214854723410465,3120.0
20260762,33,mixed,4,adaptive_probe,32.0,80.0,2880.0,4.0,0.0025,1.2304556695100115,10.848220516822746,4.0,0.0025,0.0015443437998247734,1.2304556695100115,1640.0
20260762,33,mixed,4,probe_oracle,32.0,80.0,2880.0,2.0,0.0025,1.2812594487149513,9.510085154353096,2.0,0.0025,0.011902584136403948,9.510085154353096,2186.0
20260762,33,mixed,4,all_agents_adaptive_eta,32.0,80.0,2880.0,32.0,0.0038555270635198514,1.2592929091835339,12.280795503815458,32.0,0.0038555270635198514,0.003338380756898892,1.2592929091835339,364.0
20260762,33,mixed,4,fixed_q8_adaptive_eta,8.0,80.0,960.0,8.0,0.0025,1.3763594105403532,11.382151578217128,8.0,0.0025,0.001739380314942565,1.3763594105403532,1253.0
20260762,33,mixed,4,fixed_q1_adaptive_eta,1.0,80.0,400.0,1.0,0.0025,1.3340046637177991,9.57566666666666,1.0,0.0025,0.001669594562660204,1.3340046637177991,3120.0
20260762,33,mixed,16,adaptive_probe,32.0,80.0,2880.0,4.0,0.0025,1.1561624079057229,10.848220516822746,4.0,0.0025,0.0014572856288633652,1.1561624079057229,1640.0
20260762,33,mixed,16,probe_oracle,32.0,80.0,2880.0,2.0,0.0025,1.178145196405381,9.510085154353096,2.0,0.0025,0.011902967575386897,9.510085154353096,2186.0
20260762,33,mixed,16,all_agents_adaptive_eta,32.0,80.0,2880.0,32.0,0.0047880164034928676,1.2172452507819032,12.280795503815458,32.0,0.0047880164034928676,0.003995650278494505,1.2172452507819032,364.0
20260762,33,mixed,16,fixed_q8_adaptive_eta,8.0,80.0,960.0,8.0,0.0025,1.269485742877027,11.382151578217128,8.0,0.0025,0.001673330477391738,1.269485742877027,1253.0
20260762,33,mixed,16,fixed_q1_adaptive_eta,1.0,80.0,400.0,1.0,0.0025,1.7207366796151304,9.57566666666666,1.0,0.0025,0.0021536195696174685,1.7207366796151304,3120.0
20260763,34,independent,4,adaptive_probe,32.0,80.0,2880.0,16.0,0.005946035575013605,0.04951225807759824,0.09374999999999999,16.0,0.005946035575013605,0.0001610460675399968,0.04951225807759824,656.0
20260763,34,independent,4,probe_oracle,32.0,80.0,2880.0,32.0,0.009170040432046712,0.028469913171590866,0.04687499999999999,32.0,0.009170040432046712,0.000255882876784115,0.04687499999999999,364.0
20260763,34,independent,4,all_agents_adaptive_eta,32.0,80.0,2880.0,32.0,0.009170040432046712,0.028469913171590866,0.04687499999999999,32.0,0.009170040432046712,0.00017015709432759764,0.028469913171590866,364.0
20260763,34,independent,4,fixed_q8_adaptive_eta,8.0,80.0,960.0,8.0,0.0031046445301837096,0.14426168563459144,0.18749999999999997,8.0,0.0031046445301837096,0.00023781902239671006,0.14426168563459144,1253.0
20260763,34,independent,4,fixed_q1_adaptive_eta,1.0,80.0,400.0,1.0,0.0025,1.4661082982044227,1.4999999999999998,1.0,0.0025,0.0018349288825040674,1.4661082982044227,3120.0
20260763,34,independent,16,adaptive_probe,32.0,80.0,2880.0,32.0,0.009170040432046712,0.01576625477086617,0.04687499999999999,32.0,0.009170040432046712,9.596853625029281e-05,0.01576625477086617,364.0
20260763,34,independent,16,probe_oracle,32.0,80.0,2880.0,32.0,0.009170040432046712,0.01576625477086617,0.04687499999999999,32.0,0.009170040432046712,0.0002480098107454741,0.04687499999999999,364.0
20260763,34,independent,16,all_agents_adaptive_eta,32.0,80.0,2880.0,32.0,0.009170040432046712,0.01576625477086617,0.04687499999999999,32.0,0.009170040432046712,9.596853625029281e-05,0.01576625477086617,364.0
20260763,34,independent,16,fixed_q8_adaptive_eta,8.0,80.0,960.0,8.0,0.0025,0.15980468029683126,0.18749999999999997,8.0,0.0025,0.0002572161586119678,0.15980468029683126,1253.0
20260763,34,independent,16,fixed_q1_adaptive_eta,1.0,80.0,400.0,1.0,0.0025,1.7099462502482263,1.4999999999999998,1.0,0.0025,0.0021401086061941348,1.7099462502482263,3120.0
20260763,34,clustered,4,adaptive_probe,32.0,80.0,2880.0,1.0,0.0025,0.5498646899464787,3.0564999999999993,1.0,0.0025,0.0006882977328410454,0.5498646899464787,2624.0
20260763,34,clustered,4,probe_oracle,32.0,80.0,2880.0,4.0,0.0025,0.7221574241685542,0.8950479968782517,4.0,0.0025,0.001134791885667163,0.8950479968782517,1640.0
20260763,34,clustered,4,all_agents_adaptive_eta,32.0,80.0,2880.0,32.0,0.007384130729697496,0.4240525503572062,0.8688495057232047,32.0,0.007384130729697496,0.0018159466154157539,0.4240525503572062,364.0
20260763,34,clustered,4,fixed_q8_adaptive_eta,8.0,80.0,960.0,8.0,0.0025,0.5460838955276389,0.8462644380853276,8.0,0.0025,0.0007860561438361887,0.5460838955276389,1253.0
20260763,34,clustered,4,fixed_q1_adaptive_eta,1.0,80.0,400.0,1.0,0.0025,0.5498646899464787,3.0564999999999993,1.0,0.0025,0.0006881911542464359,0.5498646899464787,3120.0
20260763,34,clustered,16,adaptive_probe,32.0,80.0,2880.0,2.0,0.0025,0.5165887775546976,1.6917047346514045,2.0,0.0025,0.00064706107029212,0.5165887775546976,2186.0
20260763,34,clustered,16,probe_oracle,32.0,80.0,2880.0,4.0,0.0025,0.782798924507354,0.8950479968782517,4.0,0.0025,0.0011280344798899116,0.8950479968782517,1640.0
20260763,34,clustered,16,all_agents_adaptive_eta,32.0,80.0,2880.0,32.0,0.005946035575013605,0.527952645702224,0.8688495057232047,32.0,0.005946035575013605,0.0019354521529556896,0.527952645702224,364.0
20260763,34,clustered,16,fixed_q8_adaptive_eta,8.0,80.0,960.0,8.0,0.0025,0.5718364319968121,0.8462644380853276,8.0,0.0025,0.0007867457869221896,0.5718364319968121,1253.0
20260763,34,clustered,16,fixed_q1_adaptive_eta,1.0,80.0,400.0,1.0,0.0025,1.4980520484107558,3.0564999999999993,1.0,0.0025,0.0018749122696159527,1.4980520484107558,3120.0
20260763,34,global,4,adaptive_probe,32.0,80.0,2880.0,4.0,0.0025,2.2818003799379705,20.628043704474486,4.0,0.0025,0.0028678434551171416,2.2818003799379705,1640.0
20260763,34,global,4,probe_oracle,32.0,80.0,2880.0,1.0,0.0025,3.112009599316351,15.575999999999988,1.0,0.0025,0.019494422367577233,15.575999999999988,2624.0
20260763,34,global,4,all_agents_adaptive_eta,32.0,80.0,2880.0,32.0,0.0038555270635198514,2.8615732387278165,23.418749999999978,32.0,0.0038555270635198514,0.008018472055322415,2.8615732387278165,364.0
20260763,34,global,4,fixed_q8_adaptive_eta,8.0,80.0,960.0,8.0,0.0025,2.955592420458614,21.698450572320485,8.0,0.0025,0.0037620992933155425,2.955592420458614,1253.0
20260763,34,global,4,fixed_q1_adaptive_eta,1.0,80.0,400.0,1.0,0.0025,3.112009599316351,15.575999999999988,1.0,0.0025,0.003894888255057543,3.112009599316351,3120.0
20260763,34,global,16,adaptive_probe,32.0,80.0,2880.0,4.0,0.0025,2.3826987727779154,20.628043704474486,4.0,0.0025,0.003038737908694721,2.3826987727779154,1640.0
20260763,34,global,16,probe_oracle,32.0,80.0,2880.0,1.0,0.0025,3.221412346246063,15.575999999999988,1.0,0.0025,0.019494746257331937,15.575999999999988,2624.0
20260763,34,global,16,all_agents_adaptive_eta,32.0,80.0,2880.0,32.0,0.005946035575013605,2.570026675602788,23.418749999999978,32.0,0.005946035575013605,0.010216209884107803,2.570026675602788,364.0
20260763,34,global,16,fixed_q8_adaptive_eta,8.0,80.0,960.0,8.0,0.0025,2.7956940574886553,21.698450572320485,8.0,0.0025,0.003756595706556444,2.7956940574886553,1253.0
20260763,34,global,16,fixed_q1_adaptive_eta,1.0,80.0,400.0,1.0,0.0025,3.221412346246063,15.575999999999988,1.0,0.0025,0.004031835410976082,3.221412346246063,3120.0
20260763,34,mixed,4,adaptive_probe,32.0,80.0,2880.0,4.0,0.0025,1.5744596639052393,10.848220516822746,4.0,0.0025,0.001970945380697978,1.5744596639052393,1640.0
20260763,34,mixed,4,probe_oracle,32.0,80.0,2880.0,2.0,0.0025,2.448693744540587,9.510085154353096,2.0,0.0025,0.011902335553212073,9.510085154353096,2186.0
20260763,34,mixed,4,all_agents_adaptive_eta,32.0,80.0,2880.0,32.0,0.0025,1.795114212842694,12.280795503815458,32.0,0.0025,0.0024494210545216886,1.795114212842694,364.0
20260763,34,mixed,4,fixed_q8_adaptive_eta,8.0,80.0,960.0,8.0,0.0025,1.945523239868328,11.382151578217128,8.0,0.0025,0.002433605478521631,1.945523239868328,1253.0
20260763,34,mixed,4,fixed_q1_adaptive_eta,1.0,80.0,400.0,1.0,0.0025,1.8445388653495876,9.57566666666666,1.0,0.0025,0.002308566771743722,1.8445388653495876,3120.0
20260763,34,mixed,16,adaptive_probe,32.0,80.0,2880.0,4.0,0.0025,1.8194180201274146,10.848220516822746,4.0,0.0025,0.002295712736406208,1.8194180201274146,1640.0
20260763,34,mixed,16,probe_oracle,32.0,80.0,2880.0,2.0,0.0025,2.2314428631453698,9.510085154353096,2.0,0.0025,0.011903523012898846,9.510085154353096,2186.0
20260763,34,mixed,16,all_agents_adaptive_eta,32.0,80.0,2880.0,32.0,0.0047880164034928676,1.841426082195381,12.280795503815458,32.0,0.0047880164034928676,0.006397042231986363,1.841426082195381,364.0
20260763,34,mixed,16,fixed_q8_adaptive_eta,8.0,80.0,960.0,8.0,0.0025,1.9858156625043626,11.382151578217128,8.0,0.0025,0.002557860970641315,1.9858156625043626,1253.0
20260763,34,mixed,16,fixed_q1_adaptive_eta,1.0,80.0,400.0,1.0,0.0025,3.03060227019816,9.57566666666666,1.0,0.0025,0.0037930225603543333,3.03060227019816,3120.0
20260764,35,independent,4,adaptive_probe,32.0,80.0,2880.0,8.0,0.0038555270635198514,0.06292018203664414,0.18749999999999997,8.0,0.0038555270635198514,0.00012796712094235646,0.06292018203664414,1093.0
20260764,35,independent,4,probe_oracle,32.0,80.0,2880.0,32.0,0.009170040432046712,0.04852776706324246,0.04687499999999999,32.0,0.009170040432046712,0.00025205240182790765,0.04687499999999999,364.0
20260764,35,independent,4,all_agents_adaptive_eta,32.0,80.0,2880.0,32.0,0.009170040432046712,0.04852776706324246,0.04687499999999999,32.0,0.009170040432046712,0.00025975053175447357,0.04852776706324246,364.0
20260764,35,independent,4,fixed_q8_adaptive_eta,8.0,80.0,960.0,8.0,0.0031046445301837096,0.06292018203664414,0.18749999999999997,8.0,0.0031046445301837096,0.00012523462274598824,0.06292018203664414,1253.0
20260764,35,independent,4,fixed_q1_adaptive_eta,1.0,80.0,400.0,1.0,0.0025,2.4937509264177447,1.4999999999999998,1.0,0.0025,0.0031210962152607145,2.4937509264177447,3120.0
20260764,35,independent,16,adaptive_probe,32.0,80.0,2880.0,8.0,0.0031046445301837096,0.10428763604812394,0.18749999999999997,8.0,0.0031046445301837096,0.00018331393888175164,0.10428763604812394,1093.0
20260764,35,independent,16,probe_oracle,32.0,80.0,2880.0,32.0,0.009170040432046712,0.044122116296377134,0.04687499999999999,32.0,0.009170040432046712,0.00024362090265864838,0.04687499999999999,364.0
20260764,35,independent,16,all_agents_adaptive_eta,32.0,80.0,2880.0,32.0,0.009170040432046712,0.044122116296377134,0.04687499999999999,32.0,0.009170040432046712,0.00023016642406258292,0.044122116296377134,364.0
20260764,35,independent,16,fixed_q8_adaptive_eta,8.0,80.0,960.0,8.0,0.0031046445301837096,0.10428763604812394,0.18749999999999997,8.0,0.0031046445301837096,0.00018241073572540802,0.10428763604812394,1253.0
20260764,35,independent,16,fixed_q1_adaptive_eta,1.0,80.0,400.0,1.0,0.0025,2.2860665304653027,1.4999999999999998,1.0,0.0025,0.0028611640041847214,2.2860665304653027,3120.0
20260764,35,clustered,4,adaptive_probe,32.0,80.0,2880.0,1.0,0.0025,0.31127401432032586,3.0564999999999993,1.0,0.0025,0.00038965435539885056,0.31127401432032586,2624.0
20260764,35,clustered,4,probe_oracle,32.0,80.0,2880.0,4.0,0.0025,0.8143458789409821,0.8950479968782517,4.0,0.0025,0.0011303314606772238,0.8950479968782517,1640.0
20260764,35,clustered,4,all_agents_adaptive_eta,32.0,80.0,2880.0,32.0,0.005946035575013605,0.5227095615323623,0.8688495057232047,32.0,0.005946035575013605,0.002034157518973622,0.5227095615323623,364.0
20260764,35,clustered,4,fixed_q8_adaptive_eta,8.0,80.0,960.0,8.0,0.0025,0.4867980537989335,0.8462644380853276,8.0,0.0025,0.0007302557328421678,0.4867980537989335,1253.0
20260764,35,clustered,4,fixed_q1_adaptive_eta,1.0,80.0,400.0,1.0,0.0025,0.31127401432032586,3.0564999999999993,1.0,0.0025,0.0003895835696431357,0.31127401432032586,3120.0
20260764,35,clustered,16,adaptive_probe,32.0,80.0,2880.0,1.0,0.0025,0.2809337130050364,3.0564999999999993,1.0,0.0025,0.0003517290972986812,0.2809337130050364,2624.0
20260764,35,clustered,16,probe_oracle,32.0,80.0,2880.0,4.0,0.0025,1.2404903900769095,0.8950479968782517,4.0,0.0025,0.0011368806360794596,0.8950479968782517,1640.0
20260764,35,clustered,16,all_agents_adaptive_eta,32.0,80.0,2880.0,32.0,0.005946035575013605,0.9908177849991726,0.8688495057232047,32.0,0.005946035575013605,0.003716011598854777,0.9908177849991726,364.0
20260764,35,clustered,16,fixed_q8_adaptive_eta,8.0,80.0,960.0,8.0,0.0025,0.9386181979694431,0.8462644380853276,8.0,0.0025,0.0013440700452896147,0.9386181979694431,1253.0
20260764,35,clustered,16,fixed_q1_adaptive_eta,1.0,80.0,400.0,1.0,0.0025,0.2809337130050364,3.0564999999999993,1.0,0.0025,0.0003516115097267528,0.2809337130050364,3120.0
20260764,35,global,4,adaptive_probe,32.0,80.0,2880.0,1.0,0.0025,1.3155672014267636,15.575999999999988,1.0,0.0025,0.0016465139397417387,1.3155672014267636,2624.0
20260764,35,global,4,probe_oracle,32.0,80.0,2880.0,1.0,0.0025,1.3155672014267636,15.575999999999988,1.0,0.0025,0.019494329554282562,15.575999999999988,2624.0
20260764,35,global,4,all_agents_adaptive_eta,32.0,80.0,2880.0,32.0,0.0025,3.557530375029198,23.418749999999978,32.0,0.0025,0.003752656671931401,3.557530375029198,364.0
20260764,35,global,4,fixed_q8_adaptive_eta,8.0,80.0,960.0,8.0,0.0025,2.940876544984383,21.698450572320485,8.0,0.0025,0.00368396651092525,2.940876544984383,1253.0
20260764,35,global,4,fixed_q1_adaptive_eta,1.0,80.0,400.0,1.0,0.0025,1.3155672014267636,15.575999999999988,1.0,0.0025,0.0016465175820960358,1.3155672014267636,3120.0
20260764,35,global,16,adaptive_probe,32.0,80.0,2880.0,1.0,0.0025,1.4737559293731741,15.575999999999988,1.0,0.0025,0.0018445011924300306,1.4737559293731741,2624.0
20260764,35,global,16,probe_oracle,32.0,80.0,2880.0,1.0,0.0025,1.4737559293731741,15.575999999999988,1.0,0.0025,0.01949433380823825,15.575999999999988,2624.0
20260764,35,global,16,all_agents_adaptive_eta,32.0,80.0,2880.0,32.0,0.0025,3.6092581780263226,23.418749999999978,32.0,0.0025,0.004215220510961067,3.6092581780263226,364.0
20260764,35,global,16,fixed_q8_adaptive_eta,8.0,80.0,960.0,8.0,0.0025,2.9820928942512266,21.698450572320485,8.0,0.0025,0.0037386859068498693,2.9820928942512266,1253.0
20260764,35,global,16,fixed_q1_adaptive_eta,1.0,80.0,400.0,1.0,0.0025,1.4737559293731741,15.575999999999988,1.0,0.0025,0.0018445007615095024,1.4737559293731741,3120.0
20260764,35,mixed,4,adaptive_probe,32.0,80.0,2880.0,1.0,0.0025,1.1044055086360018,9.57566666666666,1.0,0.0025,0.001382241751859403,1.1044055086360018,2624.0
20260764,35,mixed,4,probe_oracle,32.0,80.0,2880.0,2.0,0.0025,1.5416599122351515,9.510085154353096,2.0,0.0025,0.011902362033559348,9.510085154353096,2186.0
20260764,35,mixed,4,all_agents_adaptive_eta,32.0,80.0,2880.0,32.0,0.0025,1.7675632057822075,12.280795503815458,32.0,0.0025,0.0026614473009621393,1.7675632057822075,364.0
20260764,35,mixed,4,fixed_q8_adaptive_eta,8.0,80.0,960.0,8.0,0.0025,1.3898798814696889,11.382151578217128,8.0,0.0025,0.0017686899377377058,1.3898798814696889,1253.0
20260764,35,mixed,4,fixed_q1_adaptive_eta,1.0,80.0,400.0,1.0,0.0025,1.1044055086360018,9.57566666666666,1.0,0.0025,0.0013822352680487261,1.1044055086360018,3120.0
20260764,35,mixed,16,adaptive_probe,32.0,80.0,2880.0,1.0,0.0025,0.957983609903253,9.57566666666666,1.0,0.0025,0.0011989945145792324,0.957983609903253,2624.0
20260764,35,mixed,16,probe_oracle,32.0,80.0,2880.0,2.0,0.0025,1.131719575318406,9.510085154353096,2.0,0.0025,0.01190244128518372,9.510085154353096,2186.0
20260764,35,mixed,16,all_agents_adaptive_eta,32.0,80.0,2880.0,32.0,0.0025,1.8392882945836369,12.280795503815458,32.0,0.0025,0.0034584119772519987,1.8392882945836369,364.0
20260764,35,mixed,16,fixed_q8_adaptive_eta,8.0,80.0,960.0,8.0,0.0025,1.4607514876008545,11.382151578217128,8.0,0.0025,0.0018848586284694981,1.4607514876008545,1253.0
20260764,35,mixed,16,fixed_q1_adaptive_eta,1.0,80.0,400.0,1.0,0.0025,0.957983609903253,9.57566666666666,1.0,0.0025,0.0011989793209744176,0.957983609903253,3120.0
20260765,36,independent,4,adaptive_probe,32.0,80.0,2880.0,8.0,0.0038555270635198514,0.10054033267396931,0.18749999999999997,8.0,0.0038555270635198514,0.00020388899441770527,0.10054033267396931,1093.0
20260765,36,independent,4,probe_oracle,32.0,80.0,2880.0,32.0,0.009170040432046712,0.06642861563915375,0.04687499999999999,32.0,0.009170040432046712,0.0002691335276307797,0.04687499999999999,364.0
20260765,36,independent,4,all_agents_adaptive_eta,32.0,80.0,2880.0,32.0,0.009170040432046712,0.06642861563915375,0.04687499999999999,32.0,0.009170040432046712,0.0003602088382852821,0.06642861563915375,364.0
20260765,36,independent,4,fixed_q8_adaptive_eta,8.0,80.0,960.0,8.0,0.0031046445301837096,0.10054033267396931,0.18749999999999997,8.0,0.0031046445301837096,0.00017828081926646918,0.10054033267396931,1253.0
20260765,36,independent,4,fixed_q1_adaptive_eta,1.0,80.0,400.0,1.0,0.0025,1.4561159198254516,1.4999999999999998,1.0,0.0025,0.0018224251408104064,1.4561159198254516,3120.0
20260765,36,independent,16,adaptive_probe,32.0,80.0,2880.0,8.0,0.0031046445301837096,0.06647374906014479,0.18749999999999997,8.0,0.0031046445301837096,0.0001301001332091088,0.06647374906014479,1093.0
20260765,36,independent,16,probe_oracle,32.0,80.0,2880.0,32.0,0.009170040432046712,0.06294728602998918,0.04687499999999999,32.0,0.009170040432046712,0.00024730913832913225,0.04687499999999999,364.0
20260765,36,independent,16,all_agents_adaptive_eta,32.0,80.0,2880.0,32.0,0.007384130729697496,0.06294728602998918,0.04687499999999999,32.0,0.007384130729697496,0.0003245190443860591,0.06294728602998918,364.0
20260765,36,independent,16,fixed_q8_adaptive_eta,8.0,80.0,960.0,8.0,0.0031046445301837096,0.06647374906014479,0.18749999999999997,8.0,0.0031046445301837096,0.00012370836564544406,0.06647374906014479,1253.0
20260765,36,independent,16,fixed_q1_adaptive_eta,1.0,80.0,400.0,1.0,0.0025,1.1061070106259967,1.4999999999999998,1.0,0.0025,0.0013843639922827386,1.1061070106259967,3120.0
20260765,36,clustered,4,adaptive_probe,32.0,80.0,2880.0,4.0,0.0025,0.08622425005355638,0.8950479968782517,4.0,0.0025,0.00012701564424374116,0.08622425005355638,1640.0
20260765,36,clustered,4,probe_oracle,32.0,80.0,2880.0,4.0,0.0025,0.08622425005355638,0.8950479968782517,4.0,0.0025,0.0011390355061067158,0.8950479968782517,1640.0
20260765,36,clustered,4,all_agents_adaptive_eta,32.0,80.0,2880.0,32.0,0.009170040432046712,0.1246733075476429,0.8688495057232047,32.0,0.009170040432046712,0.0006597039832374077,0.1246733075476429,364.0
20260765,36,clustered,4,fixed_q8_adaptive_eta,8.0,80.0,960.0,8.0,0.0031046445301837096,0.1196282399282401,0.8462644380853276,8.0,0.0031046445301837096,0.00021772485574730302,0.1196282399282401,1253.0
20260765,36,clustered,4,fixed_q1_adaptive_eta,1.0,80.0,400.0,1.0,0.0025,0.24828512560970473,3.0564999999999993,1.0,0.0025,0.0003107447909410827,0.24828512560970473,3120.0
20260765,36,clustered,16,adaptive_probe,32.0,80.0,2880.0,4.0,0.0025,0.2539072253904567,0.8950479968782517,4.0,0.0025,0.00033573030867408403,0.2539072253904567,1640.0
20260765,36,clustered,16,probe_oracle,32.0,80.0,2880.0,4.0,0.0025,0.2539072253904567,0.8950479968782517,4.0,0.0025,0.001137941170488,0.8950479968782517,1640.0
20260765,36,clustered,16,all_agents_adaptive_eta,32.0,80.0,2880.0,32.0,0.007384130729697496,0.23692793454233269,0.8688495057232047,32.0,0.007384130729697496,0.0011419373737615384,0.23692793454233269,364.0
20260765,36,clustered,16,fixed_q8_adaptive_eta,8.0,80.0,960.0,8.0,0.0031046445301837096,0.19603873603008667,0.8462644380853276,8.0,0.0031046445301837096,0.0003423549343286671,0.19603873603008667,1253.0
20260765,36,clustered,16,fixed_q1_adaptive_eta,1.0,80.0,400.0,1.0,0.0025,3.844394320279439,3.0564999999999993,1.0,0.0025,0.00481152018341883,3.844394320279439,3120.0
20260765,36,global,4,adaptive_probe,32.0,80.0,2880.0,2.0,0.0025,7.206470305166971,17.014563995837655,2.0,0.0025,0.009019368419246006,7.206470305166971,2186.0
20260765,36,global,4,probe_oracle,32.0,80.0,2880.0,1.0,0.0025,8.662954559661346,15.575999999999988,1.0,0.0025,0.01949434800958895,15.575999999999988,2624.0
20260765,36,global,4,all_agents_adaptive_eta,32.0,80.0,2880.0,32.0,0.0025,10.204624220803726,23.418749999999978,32.0,0.0025,0.012266683995654665,10.204624220803726,364.0
20260765,36,global,4,fixed_q8_adaptive_eta,8.0,80.0,960.0,8.0,0.0025,9.803404983235044,21.698450572320485,8.0,0.0025,0.01225617976982737,9.803404983235044,1253.0
20260765,36,global,4,fixed_q1_adaptive_eta,1.0,80.0,400.0,1.0,0.0025,8.662954559661346,15.575999999999988,1.0,0.0025,0.010842254286408157,8.662954559661346,3120.0
20260765,36,global,16,adaptive_probe,32.0,80.0,2880.0,2.0,0.0025,4.225994039430683,17.014563995837655,2.0,0.0025,0.0052896581675682276,4.225994039430683,2186.0
20260765,36,global,16,probe_oracle,32.0,80.0,2880.0,1.0,0.0025,5.3917752732020165,15.575999999999988,1.0,0.0025,0.019494401804893945,15.575999999999988,2624.0
20260765,36,global,16,all_agents_adaptive_eta,32.0,80.0,2880.0,32.0,0.0025,6.769698527781539,23.418749999999978,32.0,0.0025,0.013103403384116205,6.769698527781539,364.0
20260765,36,global,16,fixed_q8_adaptive_eta,8.0,80.0,960.0,8.0,0.0025,5.845347236493376,21.698450572320485,8.0,0.0025,0.007337683935064704,5.845347236493376,1253.0
20260765,36,global,16,fixed_q1_adaptive_eta,1.0,80.0,400.0,1.0,0.0025,5.3917752732020165,15.575999999999988,1.0,0.0025,0.006748159107160958,5.3917752732020165,3120.0
20260765,36,mixed,4,adaptive_probe,32.0,80.0,2880.0,1.0,0.0025,3.39767703344593,9.57566666666666,1.0,0.0025,0.004252406448288304,3.39767703344593,2624.0
20260765,36,mixed,4,probe_oracle,32.0,80.0,2880.0,2.0,0.0025,4.628179395470286,9.510085154353096,2.0,0.0025,0.011902301368846393,9.510085154353096,2186.0
20260765,36,mixed,4,all_agents_adaptive_eta,32.0,80.0,2880.0,32.0,0.0025,4.8911691377427156,12.280795503815458,32.0,0.0025,0.005400837986431601,4.8911691377427156,364.0
20260765,36,mixed,4,fixed_q8_adaptive_eta,8.0,80.0,960.0,8.0,0.0025,4.779100357928027,11.382151578217128,8.0,0.0025,0.00597649542661718,4.779100357928027,1253.0
20260765,36,mixed,4,fixed_q1_adaptive_eta,1.0,80.0,400.0,1.0,0.0025,3.39767703344593,9.57566666666666,1.0,0.0025,0.004252414756465447,3.39767703344593,3120.0
20260765,36,mixed,16,adaptive_probe,32.0,80.0,2880.0,2.0,0.0025,2.895320233920114,9.510085154353096,2.0,0.0025,0.003623616536648545,2.895320233920114,2186.0
20260765,36,mixed,16,probe_oracle,32.0,80.0,2880.0,2.0,0.0025,2.895320233920114,9.510085154353096,2.0,0.0025,0.011902274912828465,9.510085154353096,2186.0
20260765,36,mixed,16,all_agents_adaptive_eta,32.0,80.0,2880.0,32.0,0.0025,3.525092408223979,12.280795503815458,32.0,0.0025,0.0037904835129201828,3.525092408223979,364.0
20260765,36,mixed,16,fixed_q8_adaptive_eta,8.0,80.0,960.0,8.0,0.0025,3.0049343232158456,11.382151578217128,8.0,0.0025,0.0037668519163691207,3.0049343232158456,1253.0
20260765,36,mixed,16,fixed_q1_adaptive_eta,1.0,80.0,400.0,1.0,0.0025,3.8408368271357523,9.57566666666666,1.0,0.0025,0.004807055075702227,3.8408368271357523,3120.0
20260766,37,independent,4,adaptive_probe,32.0,80.0,2880.0,16.0,0.005946035575013605,0.028871478916277594,0.09374999999999999,16.0,0.005946035575013605,9.846270575144296e-05,0.028871478916277594,656.0
20260766,37,independent,4,probe_oracle,32.0,80.0,2880.0,32.0,0.009170040432046712,0.03435008013129401,0.04687499999999999,32.0,0.009170040432046712,0.00025321525098453675,0.04687499999999999,364.0
20260766,37,independent,4,all_agents_adaptive_eta,32.0,80.0,2880.0,32.0,0.009170040432046712,0.03435008013129401,0.04687499999999999,32.0,0.009170040432046712,0.0001948776530171813,0.03435008013129401,364.0
20260766,37,independent,4,fixed_q8_adaptive_eta,8.0,80.0,960.0,8.0,0.0031046445301837096,0.05838354775563243,0.18749999999999997,8.0,0.0031046445301837096,0.00010461757345071814,0.05838354775563243,1253.0
20260766,37,independent,4,fixed_q1_adaptive_eta,1.0,80.0,400.0,1.0,0.0025,2.3805356167045373,1.4999999999999998,1.0,0.0025,0.00297939945203198,2.3805356167045373,3120.0
20260766,37,independent,16,adaptive_probe,32.0,80.0,2880.0,16.0,0.005946035575013605,0.05145558676208663,0.09374999999999999,16.0,0.005946035575013605,0.00016369646999537334,0.05145558676208663,656.0
20260766,37,independent,16,probe_oracle,32.0,80.0,2880.0,32.0,0.009170040432046712,0.04283285214924147,0.04687499999999999,32.0,0.009170040432046712,0.00024656100619170157,0.04687499999999999,364.0
20260766,37,independent,16,all_agents_adaptive_eta,32.0,80.0,2880.0,32.0,0.009170040432046712,0.04283285214924147,0.04687499999999999,32.0,0.009170040432046712,0.0002268053617129353,0.04283285214924147,364.0
20260766,37,independent,16,fixed_q8_adaptive_eta,8.0,80.0,960.0,8.0,0.0031046445301837096,0.09449394234014008,0.18749999999999997,8.0,0.0031046445301837096,0.0001679359282427811,0.09449394234014008,1253.0
20260766,37,independent,16,fixed_q1_adaptive_eta,1.0,80.0,400.0,1.0,0.0025,1.8127192337796736,1.4999999999999998,1.0,0.0025,0.0022687497930893503,1.8127192337796736,3120.0
20260766,37,clustered,4,adaptive_probe,32.0,80.0,2880.0,4.0,0.0025,0.28023730235761546,0.8950479968782517,4.0,0.0025,0.0003754815549714734,0.28023730235761546,1640.0
20260766,37,clustered,4,probe_oracle,32.0,80.0,2880.0,4.0,0.0025,0.28023730235761546,0.8950479968782517,4.0,0.0025,0.0011447475867655543,0.8950479968782517,1640.0
20260766,37,clustered,4,all_agents_adaptive_eta,32.0,80.0,2880.0,32.0,0.009170040432046712,0.3008443781923664,0.8688495057232047,32.0,0.009170040432046712,0.0015037056744589834,0.3008443781923664,364.0
20260766,37,clustered,4,fixed_q8_adaptive_eta,8.0,80.0,960.0,8.0,0.0031046445301837096,0.2118593820437794,0.8462644380853276,8.0,0.0031046445301837096,0.000368300753369378,0.2118593820437794,1253.0
20260766,37,clustered,4,fixed_q1_adaptive_eta,1.0,80.0,400.0,1.0,0.0025,2.4892472213953054,3.0564999999999993,1.0,0.0025,0.0031154629315201564,2.4892472213953054,3120.0
20260766,37,clustered,16,adaptive_probe,32.0,80.0,2880.0,4.0,0.0025,0.23808139445253784,0.8950479968782517,4.0,0.0025,0.0003105716850271071,0.23808139445253784,1640.0
20260766,37,clustered,16,probe_oracle,32.0,80.0,2880.0,4.0,0.0025,0.23808139445253784,0.8950479968782517,4.0,0.0025,0.0011325842098146137,0.8950479968782517,1640.0
20260766,37,clustered,16,all_agents_adaptive_eta,32.0,80.0,2880.0,32.0,0.007384130729697496,0.2942282878072713,0.8688495057232047,32.0,0.007384130729697496,0.0012952625998111317,0.2942282878072713,364.0
20260766,37,clustered,16,fixed_q8_adaptive_eta,8.0,80.0,960.0,8.0,0.0031046445301837096,0.20694955722920938,0.8462644380853276,8.0,0.0031046445301837096,0.0003530962248463624,0.20694955722920938,1253.0
20260766,37,clustered,16,fixed_q1_adaptive_eta,1.0,80.0,400.0,1.0,0.0025,1.559205382448075,3.0564999999999993,1.0,0.0025,0.0019514627959784127,1.559205382448075,3120.0
20260766,37,global,4,adaptive_probe,32.0,80.0,2880.0,2.0,0.0025,5.692433296984987,17.014563995837655,2.0,0.0025,0.007124484995225564,5.692433296984987,2186.0
20260766,37,global,4,probe_oracle,32.0,80.0,2880.0,1.0,0.0025,6.254074385758318,15.575999999999988,1.0,0.0025,0.019494347786159858,15.575999999999988,2624.0
20260766,37,global,4,all_agents_adaptive_eta,32.0,80.0,2880.0,32.0,0.0025,6.592831648518549,23.418749999999978,32.0,0.0025,0.00843471125729698,6.592831648518549,364.0
20260766,37,global,4,fixed_q8_adaptive_eta,8.0,80.0,960.0,8.0,0.0025,6.4048123280788625,21.698450572320485,8.0,0.0025,0.008022524680803568,6.4048123280788625,1253.0
20260766,37,global,4,fixed_q1_adaptive_eta,1.0,80.0,400.0,1.0,0.0025,6.254074385758318,15.575999999999988,1.0,0.0025,0.007827378584415403,6.254074385758318,3120.0
20260766,37,global,16,adaptive_probe,32.0,80.0,2880.0,2.0,0.0025,2.9977849196484465,17.014563995837655,2.0,0.0025,0.0037518665007084213,2.9977849196484465,2186.0
20260766,37,global,16,probe_oracle,32.0,80.0,2880.0,1.0,0.0025,3.2961499809321255,15.575999999999988,1.0,0.0025,0.019494330826401486,15.575999999999988,2624.0
20260766,37,global,16,all_agents_adaptive_eta,32.0,80.0,2880.0,32.0,0.0025,4.027720922944799,23.418749999999978,32.0,0.0025,0.0044378718669880165,4.027720922944799,364.0
20260766,37,global,16,fixed_q8_adaptive_eta,8.0,80.0,960.0,8.0,0.0025,3.844764542035076,21.698450572320485,8.0,0.0025,0.0048188774692976425,3.844764542035076,1253.0
20260766,37,global,16,fixed_q1_adaptive_eta,1.0,80.0,400.0,1.0,0.0025,3.2961499809321255,15.575999999999988,1.0,0.0025,0.004125346685731624,3.2961499809321255,3120.0
20260766,37,mixed,4,adaptive_probe,32.0,80.0,2880.0,4.0,0.0025,4.004847112753269,10.848220516822746,4.0,0.0025,0.005024253570667008,4.004847112753269,1640.0
20260766,37,mixed,4,probe_oracle,32.0,80.0,2880.0,2.0,0.0025,4.9770822809983475,9.510085154353096,2.0,0.0025,0.01190313816865326,9.510085154353096,2186.0
20260766,37,mixed,4,all_agents_adaptive_eta,32.0,80.0,2880.0,32.0,0.0038555270635198514,4.242594827404563,12.280795503815458,32.0,0.0038555270635198514,0.01063917762652104,4.242594827404563,364.0
20260766,37,mixed,4,fixed_q8_adaptive_eta,8.0,80.0,960.0,8.0,0.0025,4.057220678891582,11.382151578217128,8.0,0.0025,0.005167349383201979,4.057220678891582,1253.0
20260766,37,mixed,4,fixed_q1_adaptive_eta,1.0,80.0,400.0,1.0,0.0025,6.319926984289125,9.57566666666666,1.0,0.0025,0.0079098006359498,6.319926984289125,3120.0
20260766,37,mixed,16,adaptive_probe,32.0,80.0,2880.0,2.0,0.0025,2.510392046750879,9.510085154353096,2.0,0.0025,0.003141971904552369,2.510392046750879,2186.0
20260766,37,mixed,16,probe_oracle,32.0,80.0,2880.0,2.0,0.0025,2.510392046750879,9.510085154353096,2.0,0.0025,0.011902384205364238,9.510085154353096,2186.0
20260766,37,mixed,16,all_agents_adaptive_eta,32.0,80.0,2880.0,32.0,0.0025,2.9186072777398526,12.280795503815458,32.0,0.0025,0.004067755006993898,2.9186072777398526,364.0
20260766,37,mixed,16,fixed_q8_adaptive_eta,8.0,80.0,960.0,8.0,0.0025,2.7239765778895637,11.382151578217128,8.0,0.0025,0.0034527861614493532,2.7239765778895637,1253.0
20260766,37,mixed,16,fixed_q1_adaptive_eta,1.0,80.0,400.0,1.0,0.0025,2.918913359046304,9.57566666666666,1.0,0.0025,0.003653215142042169,2.918913359046304,3120.0
20260767,38,independent,4,adaptive_probe,32.0,80.0,2880.0,16.0,0.005946035575013605,0.061404381461032984,0.09374999999999999,16.0,0.005946035575013605,0.00019872227957403309,0.061404381461032984,656.0
20260767,38,independent,4,probe_oracle,32.0,80.0,2880.0,32.0,0.009170040432046712,0.03726018311881523,0.04687499999999999,32.0,0.009170040432046712,0.00026203744377770627,0.04687499999999999,364.0
20260767,38,independent,4,all_agents_adaptive_eta,32.0,80.0,2880.0,32.0,0.009170040432046712,0.03726018311881523,0.04687499999999999,32.0,0.009170040432046712,0.0002172542972487018,0.03726018311881523,364.0
20260767,38,independent,4,fixed_q8_adaptive_eta,8.0,80.0,960.0,8.0,0.0031046445301837096,0.15186901474503756,0.18749999999999997,8.0,0.0031046445301837096,0.0002605885890383368,0.15186901474503756,1253.0
20260767,38,independent,4,fixed_q1_adaptive_eta,1.0,80.0,400.0,1.0,0.0025,1.288761499500435,1.4999999999999998,1.0,0.0025,0.001612976517681331,1.288761499500435,3120.0
20260767,38,independent,16,adaptive_probe,32.0,80.0,2880.0,16.0,0.005946035575013605,0.04103545760160309,0.09374999999999999,16.0,0.005946035575013605,0.0001341536540253895,0.04103545760160309,656.0
20260767,38,independent,16,probe_oracle,32.0,80.0,2880.0,32.0,0.009170040432046712,0.0493181422000953,0.04687499999999999,32.0,0.009170040432046712,0.00025074358858159584,0.04687499999999999,364.0
20260767,38,independent,16,all_agents_adaptive_eta,32.0,80.0,2880.0,32.0,0.009170040432046712,0.0493181422000953,0.04687499999999999,32.0,0.009170040432046712,0.00026268423263970384,0.0493181422000953,364.0
20260767,38,independent,16,fixed_q8_adaptive_eta,8.0,80.0,960.0,8.0,0.0031046445301837096,0.17900618231943616,0.18749999999999997,8.0,0.0031046445301837096,0.00029558221511139486,0.17900618231943616,1253.0
20260767,38,independent,16,fixed_q1_adaptive_eta,1.0,80.0,400.0,1.0,0.0025,1.408222270085797,1.4999999999999998,1.0,0.0025,0.001762482455967469,1.408222270085797,3120.0
20260767,38,clustered,4,adaptive_probe,32.0,80.0,2880.0,4.0,0.0025,0.7169295931579224,0.8950479968782517,4.0,0.0025,0.0009195286543336709,0.7169295931579224,1640.0
20260767,38,clustered,4,probe_oracle,32.0,80.0,2880.0,4.0,0.0025,0.7169295931579224,0.8950479968782517,4.0,0.0025,0.0011423947151237611,0.8950479968782517,1640.0
20260767,38,clustered,4,all_agents_adaptive_eta,32.0,80.0,2880.0,32.0,0.005946035575013605,0.9232168263389169,0.8688495057232047,32.0,0.005946035575013605,0.003779485287135957,0.9232168263389169,364.0
20260767,38,clustered,4,fixed_q8_adaptive_eta,8.0,80.0,960.0,8.0,0.0025,0.6690957991308876,0.8462644380853276,8.0,0.0025,0.0010172191602380487,0.6690957991308876,1253.0
20260767,38,clustered,4,fixed_q1_adaptive_eta,1.0,80.0,400.0,1.0,0.0025,1.2043019582210044,3.0564999999999993,1.0,0.0025,0.0015072804234202862,1.2043019582210044,3120.0
20260767,38,clustered,16,adaptive_probe,32.0,80.0,2880.0,4.0,0.0025,0.7815318537288201,0.8950479968782517,4.0,0.0025,0.0009989958405948382,0.7815318537288201,1640.0
20260767,38,clustered,16,probe_oracle,32.0,80.0,2880.0,4.0,0.0025,0.7815318537288201,0.8950479968782517,4.0,0.0025,0.0011410299882819049,0.8950479968782517,1640.0
20260767,38,clustered,16,all_agents_adaptive_eta,32.0,80.0,2880.0,32.0,0.005946035575013605,1.063939064268663,0.8688495057232047,32.0,0.005946035575013605,0.004101335577178211,1.063939064268663,364.0
20260767,38,clustered,16,fixed_q8_adaptive_eta,8.0,80.0,960.0,8.0,0.0025,0.8000194168877455,0.8462644380853276,8.0,0.0025,0.001164617792767849,0.8000194168877455,1253.0
20260767,38,clustered,16,fixed_q1_adaptive_eta,1.0,80.0,400.0,1.0,0.0025,1.2795827067560417,3.0564999999999993,1.0,0.0025,0.0016015075043662344,1.2795827067560417,3120.0
20260767,38,global,4,adaptive_probe,32.0,80.0,2880.0,2.0,0.0025,2.7911312933125494,17.014563995837655,2.0,0.0025,0.0034976638786743362,2.7911312933125494,2186.0
20260767,38,global,4,probe_oracle,32.0,80.0,2880.0,1.0,0.0025,3.9653033898417513,15.575999999999988,1.0,0.0025,0.019494825610569498,15.575999999999988,2624.0
20260767,38,global,4,all_agents_adaptive_eta,32.0,80.0,2880.0,32.0,0.005946035575013605,3.7873899088139327,23.418749999999978,32.0,0.005946035575013605,0.014403799497977599,3.7873899088139327,364.0
20260767,38,global,4,fixed_q8_adaptive_eta,8.0,80.0,960.0,8.0,0.0025,3.487915428191563,21.698450572320485,8.0,0.0025,0.0048629075148701705,3.487915428191563,1253.0
20260767,38,global,4,fixed_q1_adaptive_eta,1.0,80.0,400.0,1.0,0.0025,3.9653033898417513,15.575999999999988,1.0,0.0025,0.0049628668144178064,3.9653033898417513,3120.0
20260767,38,global,16,adaptive_probe,32.0,80.0,2880.0,2.0,0.0025,2.940438110295008,17.014563995837655,2.0,0.0025,0.0036891128298234283,2.940438110295008,2186.0
20260767,38,global,16,probe_oracle,32.0,80.0,2880.0,1.0,0.0025,3.765681604800708,15.575999999999988,1.0,0.0025,0.01949533736022799,15.575999999999988,2624.0
20260767,38,global,16,all_agents_adaptive_eta,32.0,80.0,2880.0,32.0,0.005946035575013605,4.940907848831689,23.418749999999978,32.0,0.005946035575013605,0.020752687056097622,4.940907848831689,364.0
20260767,38,global,16,fixed_q8_adaptive_eta,8.0,80.0,960.0,8.0,0.0025,4.109885381145531,21.698450572320485,8.0,0.0025,0.006042788452452135,4.109885381145531,1253.0
20260767,38,global,16,fixed_q1_adaptive_eta,1.0,80.0,400.0,1.0,0.0025,3.765681604800708,15.575999999999988,1.0,0.0025,0.004713041664404476,3.765681604800708,3120.0
20260767,38,mixed,4,adaptive_probe,32.0,80.0,2880.0,4.0,0.0025,1.133492151579234,10.848220516822746,4.0,0.0025,0.0014827138688437841,1.133492151579234,1640.0
20260767,38,mixed,4,probe_oracle,32.0,80.0,2880.0,2.0,0.0025,1.251839320088163,9.510085154353096,2.0,0.0025,0.011906463997795462,9.510085154353096,2186.0
20260767,38,mixed,4,all_agents_adaptive_eta,32.0,80.0,2880.0,32.0,0.007384130729697496,1.5699200507288371,12.280795503815458,32.0,0.007384130729697496,0.006869641895375432,1.5699200507288371,364.0
20260767,38,mixed,4,fixed_q8_adaptive_eta,8.0,80.0,960.0,8.0,0.0025,1.246695867117806,11.382151578217128,8.0,0.0025,0.002022330878831998,1.246695867117806,1253.0
20260767,38,mixed,4,fixed_q1_adaptive_eta,1.0,80.0,400.0,1.0,0.0025,2.9696973108238076,9.57566666666666,1.0,0.0025,0.0037168060000890594,2.9696973108238076,3120.0
20260767,38,mixed,16,adaptive_probe,32.0,80.0,2880.0,4.0,0.0025,1.7764679835673,10.848220516822746,4.0,0.0025,0.0023364719312153974,1.7764679835673,1640.0
20260767,38,mixed,16,probe_oracle,32.0,80.0,2880.0,2.0,0.0025,2.1904110580576526,9.510085154353096,2.0,0.0025,0.01190966516047489,9.510085154353096,2186.0
20260767,38,mixed,16,all_agents_adaptive_eta,32.0,80.0,2880.0,32.0,0.007384130729697496,2.586476877415915,12.280795503815458,32.0,0.007384130729697496,0.011462860200930812,2.586476877415915,364.0
20260767,38,mixed,16,fixed_q8_adaptive_eta,8.0,80.0,960.0,8.0,0.0025,1.9361891340404727,11.382151578217128,8.0,0.0025,0.0031569179207289154,1.9361891340404727,1253.0
20260767,38,mixed,16,fixed_q1_adaptive_eta,1.0,80.0,400.0,1.0,0.0025,3.496294652449464,9.57566666666666,1.0,0.0025,0.004375908124665147,3.496294652449464,3120.0
20260768,39,independent,4,adaptive_probe,32.0,80.0,2880.0,32.0,0.009170040432046712,0.0479944188766834,0.04687499999999999,32.0,0.009170040432046712,0.00025824894889989533,0.0479944188766834,364.0
20260768,39,independent,4,probe_oracle,32.0,80.0,2880.0,32.0,0.009170040432046712,0.0479944188766834,0.04687499999999999,32.0,0.009170040432046712,0.00025303500668951914,0.04687499999999999,364.0
20260768,39,independent,4,all_agents_adaptive_eta,32.0,80.0,2880.0,32.0,0.009170040432046712,0.0479944188766834,0.04687499999999999,32.0,0.009170040432046712,0.00025824894889989533,0.0479944188766834,364.0
20260768,39,independent,4,fixed_q8_adaptive_eta,8.0,80.0,960.0,8.0,0.0025,0.39220720810604676,0.18749999999999997,8.0,0.0025,0.0005759879361437735,0.39220720810604676,1253.0
20260768,39,independent,4,fixed_q1_adaptive_eta,1.0,80.0,400.0,1.0,0.0025,0.39808641435455117,1.4999999999999998,1.0,0.0025,0.0004982389442056717,0.39808641435455117,3120.0
20260768,39,independent,16,adaptive_probe,32.0,80.0,2880.0,16.0,0.0047880164034928676,0.14312006720636253,0.09374999999999999,16.0,0.0047880164034928676,0.0003774696379268435,0.14312006720636253,656.0
20260768,39,independent,16,probe_oracle,32.0,80.0,2880.0,32.0,0.007384130729697496,0.0936632753639822,0.04687499999999999,32.0,0.007384130729697496,0.0002417658885127908,0.04687499999999999,364.0
20260768,39,independent,16,all_agents_adaptive_eta,32.0,80.0,2880.0,32.0,0.007384130729697496,0.0936632753639822,0.04687499999999999,32.0,0.007384130729697496,0.0004231476705889067,0.0936632753639822,364.0
20260768,39,independent,16,fixed_q8_adaptive_eta,8.0,80.0,960.0,8.0,0.0025,0.3249233192580594,0.18749999999999997,8.0,0.0025,0.0004758946071396703,0.3249233192580594,1253.0
20260768,39,independent,16,fixed_q1_adaptive_eta,1.0,80.0,400.0,1.0,0.0025,0.8865536416147697,1.4999999999999998,1.0,0.0025,0.0011095989352450637,0.8865536416147697,3120.0
20260768,39,clustered,4,adaptive_probe,32.0,80.0,2880.0,4.0,0.0025,1.532543171415575,0.8950479968782517,4.0,0.0025,0.001925503147432522,1.532543171415575,1640.0
20260768,39,clustered,4,probe_oracle,32.0,80.0,2880.0,4.0,0.0025,1.532543171415575,0.8950479968782517,4.0,0.0025,0.0011278537448199564,0.8950479968782517,1640.0
20260768,39,clustered,4,all_agents_adaptive_eta,32.0,80.0,2880.0,32.0,0.0047880164034928676,1.3263428603236507,0.8688495057232047,32.0,0.0047880164034928676,0.003975719208794689,1.3263428603236507,364.0
20260768,39,clustered,4,fixed_q8_adaptive_eta,8.0,80.0,960.0,8.0,0.0025,1.5167237070343584,0.8462644380853276,8.0,0.0025,0.0019676854280254717,1.5167237070343584,1253.0
20260768,39,clustered,4,fixed_q1_adaptive_eta,1.0,80.0,400.0,1.0,0.0025,2.898772544895088,3.0564999999999993,1.0,0.0025,0.003628015180719086,2.898772544895088,3120.0
20260768,39,clustered,16,adaptive_probe,32.0,80.0,2880.0,4.0,0.0025,1.1104493443982497,0.8950479968782517,4.0,0.0025,0.0013986643268708288,1.1104493443982497,1640.0
20260768,39,clustered,16,probe_oracle,32.0,80.0,2880.0,4.0,0.0025,1.1104493443982497,0.8950479968782517,4.0,0.0025,0.0011291489437999427,0.8950479968782517,1640.0
20260768,39,clustered,16,all_agents_adaptive_eta,32.0,80.0,2880.0,32.0,0.0047880164034928676,0.9877794158734345,0.8688495057232047,32.0,0.0047880164034928676,0.0032903930824951366,0.9877794158734345,364.0
20260768,39,clustered,16,fixed_q8_adaptive_eta,8.0,80.0,960.0,8.0,0.0025,1.0851611441182354,0.8462644380853276,8.0,0.0025,0.0014521339868999337,1.0851611441182354,1253.0
20260768,39,clustered,16,fixed_q1_adaptive_eta,1.0,80.0,400.0,1.0,0.0025,3.5964970759291464,3.0564999999999993,1.0,0.0025,0.00450129904982189,3.5964970759291464,3120.0
20260768,39,global,4,adaptive_probe,32.0,80.0,2880.0,1.0,0.0025,4.696988973234796,15.575999999999988,1.0,0.0025,0.005878711987560456,4.696988973234796,2624.0
20260768,39,global,4,probe_oracle,32.0,80.0,2880.0,1.0,0.0025,4.696988973234796,15.575999999999988,1.0,0.0025,0.019494468649145665,15.575999999999988,2624.0
20260768,39,global,4,all_agents_adaptive_eta,32.0,80.0,2880.0,32.0,0.0031046445301837096,7.277702396573283,23.418749999999978,32.0,0.0031046445301837096,0.017461066942304572,7.277702396573283,364.0
20260768,39,global,4,fixed_q8_adaptive_eta,8.0,80.0,960.0,8.0,0.0025,7.6419847961070815,21.698450572320485,8.0,0.0025,0.009699014129588176,7.6419847961070815,1253.0
20260768,39,global,4,fixed_q1_adaptive_eta,1.0,80.0,400.0,1.0,0.0025,4.696988973234796,15.575999999999988,1.0,0.0025,0.0058785961903186565,4.696988973234796,3120.0
20260768,39,global,16,adaptive_probe,32.0,80.0,2880.0,1.0,0.0025,3.413568702548349,15.575999999999988,1.0,0.0025,0.004272392423793987,3.413568702548349,2624.0
20260768,39,global,16,probe_oracle,32.0,80.0,2880.0,1.0,0.0025,3.413568702548349,15.575999999999988,1.0,0.0025,0.019494429110026665,15.575999999999988,2624.0
20260768,39,global,16,all_agents_adaptive_eta,32.0,80.0,2880.0,32.0,0.0031046445301837096,5.881398594027031,23.418749999999978,32.0,0.0031046445301837096,0.013332744248287405,5.881398594027031,364.0
20260768,39,global,16,fixed_q8_adaptive_eta,8.0,80.0,960.0,8.0,0.0025,6.548931983105957,21.698450572320485,8.0,0.0025,0.008318401855396616,6.548931983105957,1253.0
20260768,39,global,16,fixed_q1_adaptive_eta,1.0,80.0,400.0,1.0,0.0025,3.413568702548349,15.575999999999988,1.0,0.0025,0.004272320161799675,3.413568702548349,3120.0
20260768,39,mixed,4,adaptive_probe,32.0,80.0,2880.0,4.0,0.0025,6.767050376830611,10.848220516822746,4.0,0.0025,0.008481968622729838,6.767050376830611,1640.0
20260768,39,mixed,4,probe_oracle,32.0,80.0,2880.0,2.0,0.0025,8.522925165997652,9.510085154353096,2.0,0.0025,0.011903240826259745,9.510085154353096,2186.0
20260768,39,mixed,4,all_agents_adaptive_eta,32.0,80.0,2880.0,32.0,0.0031046445301837096,6.930944780801188,12.280795503815458,32.0,0.0031046445301837096,0.015340437897752942,6.930944780801188,364.0
20260768,39,mixed,4,fixed_q8_adaptive_eta,8.0,80.0,960.0,8.0,0.0025,7.074019893236331,11.382151578217128,8.0,0.0025,0.008956223640146137,7.074019893236331,1253.0
20260768,39,mixed,4,fixed_q1_adaptive_eta,1.0,80.0,400.0,1.0,0.0025,7.487927417048677,9.57566666666666,1.0,0.0025,0.00937164012138654,7.487927417048677,3120.0
20260768,39,mixed,16,adaptive_probe,32.0,80.0,2880.0,4.0,0.0025,5.223010808251702,10.848220516822746,4.0,0.0025,0.006550471619269041,5.223010808251702,1640.0
20260768,39,mixed,16,probe_oracle,32.0,80.0,2880.0,2.0,0.0025,6.839606630378741,9.510085154353096,2.0,0.0025,0.01190326960042097,9.510085154353096,2186.0
20260768,39,mixed,16,all_agents_adaptive_eta,32.0,80.0,2880.0,32.0,0.0038555270635198514,5.167222789905209,12.280795503815458,32.0,0.0038555270635198514,0.012757552435947011,5.167222789905209,364.0
20260768,39,mixed,16,fixed_q8_adaptive_eta,8.0,80.0,960.0,8.0,0.0025,5.521153457127545,11.382151578217128,8.0,0.0025,0.0070392220651713305,5.521153457127545,1253.0
20260768,39,mixed,16,fixed_q1_adaptive_eta,1.0,80.0,400.0,1.0,0.0025,6.229086013831725,9.57566666666666,1.0,0.0025,0.007796148613618082,6.229086013831725,3120.0
20260769,40,independent,4,adaptive_probe,32.0,80.0,2880.0,16.0,0.005946035575013605,0.02915386615891069,0.09374999999999999,16.0,0.005946035575013605,0.00010553561055229554,0.02915386615891069,656.0
20260769,40,independent,4,probe_oracle,32.0,80.0,2880.0,32.0,0.009170040432046712,0.020415788179066908,0.04687499999999999,32.0,0.009170040432046712,0.0002709493439979559,0.04687499999999999,364.0
20260769,40,independent,4,all_agents_adaptive_eta,32.0,80.0,2880.0,32.0,0.011387886347566916,0.020415788179066908,0.04687499999999999,32.0,0.011387886347566916,0.00012849576109749417,0.020415788179066908,364.0
20260769,40,independent,4,fixed_q8_adaptive_eta,8.0,80.0,960.0,8.0,0.0025,0.25603911016284203,0.18749999999999997,8.0,0.0025,0.0003675697445905276,0.25603911016284203,1253.0
20260769,40,independent,4,fixed_q1_adaptive_eta,1.0,80.0,400.0,1.0,0.0025,1.4703253112669192,1.4999999999999998,1.0,0.0025,0.0018402115304105434,1.4703253112669192,3120.0
20260769,40,independent,16,adaptive_probe,32.0,80.0,2880.0,32.0,0.011387886347566916,0.015929939405634842,0.04687499999999999,32.0,0.011387886347566916,0.00010179685660558319,0.015929939405634842,364.0
20260769,40,independent,16,probe_oracle,32.0,80.0,2880.0,32.0,0.009170040432046712,0.015929939405634842,0.04687499999999999,32.0,0.009170040432046712,0.0002530659059741899,0.04687499999999999,364.0
20260769,40,independent,16,all_agents_adaptive_eta,32.0,80.0,2880.0,32.0,0.011387886347566916,0.015929939405634842,0.04687499999999999,32.0,0.011387886347566916,0.00010179685660558319,0.015929939405634842,364.0
20260769,40,independent,16,fixed_q8_adaptive_eta,8.0,80.0,960.0,8.0,0.0025,0.19522278898113993,0.18749999999999997,8.0,0.0025,0.00028814905053471207,0.19522278898113993,1253.0
20260769,40,independent,16,fixed_q1_adaptive_eta,1.0,80.0,400.0,1.0,0.0025,2.3948620619910836,1.4999999999999998,1.0,0.0025,0.002997326648884767,2.3948620619910836,3120.0
20260769,40,clustered,4,adaptive_probe,32.0,80.0,2880.0,8.0,0.0025,0.43802292507392265,0.8462644380853276,8.0,0.0025,0.0006600820168856194,0.43802292507392265,1093.0
20260769,40,clustered,4,probe_oracle,32.0,80.0,2880.0,4.0,0.0025,0.6858948735889463,0.8950479968782517,4.0,0.0025,0.0011272895140618032,0.8950479968782517,1640.0
20260769,40,clustered,4,all_agents_adaptive_eta,32.0,80.0,2880.0,32.0,0.005946035575013605,0.3937057310358424,0.8688495057232047,32.0,0.005946035575013605,0.00150892058944553,0.3937057310358424,364.0
20260769,40,clustered,4,fixed_q8_adaptive_eta,8.0,80.0,960.0,8.0,0.0025,0.43802292507392265,0.8462644380853276,8.0,0.0025,0.0005806931945507593,0.43802292507392265,1253.0
20260769,40,clustered,4,fixed_q1_adaptive_eta,1.0,80.0,400.0,1.0,0.0025,2.077559869099466,3.0564999999999993,1.0,0.0025,0.0026001999738190368,2.077559869099466,3120.0
20260769,40,clustered,16,adaptive_probe,32.0,80.0,2880.0,8.0,0.0025,0.6289383977948355,0.8462644380853276,8.0,0.0025,0.0008095581299972875,0.6289383977948355,1093.0
20260769,40,clustered,16,probe_oracle,32.0,80.0,2880.0,8.0,0.0025,0.6289383977948355,0.8462644380853276,8.0,0.0025,0.0010809318259933434,0.8462644380853276,1093.0
20260769,40,clustered,16,all_agents_adaptive_eta,32.0,80.0,2880.0,32.0,0.0031046445301837096,0.6850367853190148,0.8688495057232047,32.0,0.0031046445301837096,0.0015425302402930622,0.6850367853190148,364.0
20260769,40,clustered,16,fixed_q8_adaptive_eta,8.0,80.0,960.0,8.0,0.0025,0.6289383977948355,0.8462644380853276,8.0,0.0025,0.0008013915269213339,0.6289383977948355,1253.0
20260769,40,clustered,16,fixed_q1_adaptive_eta,1.0,80.0,400.0,1.0,0.0025,2.7503233954138286,3.0564999999999993,1.0,0.0025,0.0034422083486477387,2.7503233954138286,3120.0
20260769,40,global,4,adaptive_probe,32.0,80.0,2880.0,1.0,0.0025,3.102006530862264,15.575999999999988,1.0,0.0025,0.0038823646881380285,3.102006530862264,2624.0
20260769,40,global,4,probe_oracle,32.0,80.0,2880.0,1.0,0.0025,3.102006530862264,15.575999999999988,1.0,0.0025,0.019494340745164245,15.575999999999988,2624.0
20260769,40,global,4,all_agents_adaptive_eta,32.0,80.0,2880.0,32.0,0.0025,5.547160292322651,23.418749999999978,32.0,0.0025,0.0067596155088900005,5.547160292322651,364.0
20260769,40,global,4,fixed_q8_adaptive_eta,8.0,80.0,960.0,8.0,0.0025,5.165759909422909,21.698450572320485,8.0,0.0025,0.006471825009451744,5.165759909422909,1253.0
20260769,40,global,4,fixed_q1_adaptive_eta,1.0,80.0,400.0,1.0,0.0025,3.102006530862264,15.575999999999988,1.0,0.0025,0.0038823608076202117,3.102006530862264,3120.0
20260769,40,global,16,adaptive_probe,32.0,80.0,2880.0,1.0,0.0025,3.4514944561678056,15.575999999999988,1.0,0.0025,0.004319769998343971,3.4514944561678056,2624.0
20260769,40,global,16,probe_oracle,32.0,80.0,2880.0,1.0,0.0025,3.4514944561678056,15.575999999999988,1.0,0.0025,0.019494340253003107,15.575999999999988,2624.0
20260769,40,global,16,all_agents_adaptive_eta,32.0,80.0,2880.0,32.0,0.0025,6.618727703820598,23.418749999999978,32.0,0.0025,0.007965584876829487,6.618727703820598,364.0
20260769,40,global,16,fixed_q8_adaptive_eta,8.0,80.0,960.0,8.0,0.0025,6.51983323242657,21.698450572320485,8.0,0.0025,0.008166757252675114,6.51983323242657,1253.0
20260769,40,global,16,fixed_q1_adaptive_eta,1.0,80.0,400.0,1.0,0.0025,3.4514944561678056,15.575999999999988,1.0,0.0025,0.004319767769342033,3.4514944561678056,3120.0
20260769,40,mixed,4,adaptive_probe,32.0,80.0,2880.0,1.0,0.0025,1.962408893350648,9.57566666666666,1.0,0.0025,0.0024560780672080148,1.962408893350648,2624.0
20260769,40,mixed,4,probe_oracle,32.0,80.0,2880.0,2.0,0.0025,3.1425552462166033,9.510085154353096,2.0,0.0025,0.011902289405671927,9.510085154353096,2186.0
20260769,40,mixed,4,all_agents_adaptive_eta,32.0,80.0,2880.0,32.0,0.0025,3.5690355391175546,12.280795503815458,32.0,0.0025,0.0038996422303095193,3.5690355391175546,364.0
20260769,40,mixed,4,fixed_q8_adaptive_eta,8.0,80.0,960.0,8.0,0.0025,3.3578491941309716,11.382151578217128,8.0,0.0025,0.004199201957837648,3.3578491941309716,1253.0
20260769,40,mixed,4,fixed_q1_adaptive_eta,1.0,80.0,400.0,1.0,0.0025,1.962408893350648,9.57566666666666,1.0,0.0025,0.0024560821300635793,1.962408893350648,3120.0
20260769,40,mixed,16,adaptive_probe,32.0,80.0,2880.0,1.0,0.0025,3.493413915858257,9.57566666666666,1.0,0.0025,0.004372225223465958,3.493413915858257,2624.0
20260769,40,mixed,16,probe_oracle,32.0,80.0,2880.0,2.0,0.0025,4.153310186718393,9.510085154353096,2.0,0.0025,0.011902284635248584,9.510085154353096,2186.0
20260769,40,mixed,16,all_agents_adaptive_eta,32.0,80.0,2880.0,32.0,0.0025,4.016882726981015,12.280795503815458,32.0,0.0025,0.0044015637157547895,4.016882726981015,364.0
20260769,40,mixed,16,fixed_q8_adaptive_eta,8.0,80.0,960.0,8.0,0.0025,3.9439160198207572,11.382151578217128,8.0,0.0025,0.004937680038547775,3.9439160198207572,1253.0
20260769,40,mixed,16,fixed_q1_adaptive_eta,1.0,80.0,400.0,1.0,0.0025,3.493413915858257,9.57566666666666,1.0,0.0025,0.004372232509051613,3.493413915858257,3120.0
20260770,41,independent,4,adaptive_probe,32.0,80.0,2880.0,16.0,0.005946035575013605,0.04612285139778087,0.09374999999999999,16.0,0.005946035575013605,0.000147029797490847,0.04612285139778087,656.0
20260770,41,independent,4,probe_oracle,32.0,80.0,2880.0,32.0,0.009170040432046712,0.04612766633820695,0.04687499999999999,32.0,0.009170040432046712,0.00024483076592614653,0.04687499999999999,364.0
20260770,41,independent,4,all_agents_adaptive_eta,32.0,80.0,2880.0,32.0,0.009170040432046712,0.04612766633820695,0.04687499999999999,32.0,0.009170040432046712,0.00024134989330051925,0.04612766633820695,364.0
20260770,41,independent,4,fixed_q8_adaptive_eta,8.0,80.0,960.0,8.0,0.0025,0.2873419210839589,0.18749999999999997,8.0,0.0025,0.0004367806676600213,0.2873419210839589,1253.0
20260770,41,independent,4,fixed_q1_adaptive_eta,1.0,80.0,400.0,1.0,0.0025,2.276705830226292,1.4999999999999998,1.0,0.0025,0.002849453342240797,2.276705830226292,3120.0
20260770,41,independent,16,adaptive_probe,32.0,80.0,2880.0,4.0,0.0025,0.12433469310805206,0.37499999999999994,4.0,0.0025,0.0001594812527930357,0.12433469310805206,1640.0
20260770,41,independent,16,probe_oracle,32.0,80.0,2880.0,32.0,0.007384130729697496,0.06034502907986514,0.04687499999999999,32.0,0.007384130729697496,0.00022982810601417745,0.04687499999999999,364.0
20260770,41,independent,16,all_agents_adaptive_eta,32.0,80.0,2880.0,32.0,0.007384130729697496,0.06034502907986514,0.04687499999999999,32.0,0.007384130729697496,0.00028204669838836536,0.06034502907986514,364.0
20260770,41,independent,16,fixed_q8_adaptive_eta,8.0,80.0,960.0,8.0,0.0031046445301837096,0.17883152879660502,0.18749999999999997,8.0,0.0031046445301837096,0.0002966290453408187,0.17883152879660502,1253.0
20260770,41,independent,16,fixed_q1_adaptive_eta,1.0,80.0,400.0,1.0,0.0025,0.7005167261044094,1.4999999999999998,1.0,0.0025,0.000876749747720205,0.7005167261044094,3120.0
20260770,41,clustered,4,adaptive_probe,32.0,80.0,2880.0,8.0,0.0025,1.1387257591284596,0.8462644380853276,8.0,0.0025,0.0014754529420384808,1.1387257591284596,1093.0
20260770,41,clustered,4,probe_oracle,32.0,80.0,2880.0,8.0,0.0025,1.1387257591284596,0.8462644380853276,8.0,0.0025,0.0011109573652037128,0.8462644380853276,1093.0
20260770,41,clustered,4,all_agents_adaptive_eta,32.0,80.0,2880.0,32.0,0.0038555270635198514,1.3045358379374457,0.8688495057232047,32.0,0.0038555270635198514,0.003172917771649194,1.3045358379374457,364.0
20260770,41,clustered,4,fixed_q8_adaptive_eta,8.0,80.0,960.0,8.0,0.0025,1.1387257591284596,0.8462644380853276,8.0,0.0025,0.001467413011324174,1.1387257591284596,1253.0
20260770,41,clustered,4,fixed_q1_adaptive_eta,1.0,80.0,400.0,1.0,0.0025,2.7109109199330153,3.0564999999999993,1.0,0.0025,0.0033928974304219804,2.7109109199330153,3120.0
20260770,41,clustered,16,adaptive_probe,32.0,80.0,2880.0,8.0,0.0025,0.899957695652629,0.8462644380853276,8.0,0.0025,0.0011488563278548834,0.899957695652629,1093.0
20260770,41,clustered,16,probe_oracle,32.0,80.0,2880.0,8.0,0.0025,0.899957695652629,0.8462644380853276,8.0,0.0025,0.0010818098858517515,0.8462644380853276,1093.0
20260770,41,clustered,16,all_agents_adaptive_eta,32.0,80.0,2880.0,32.0,0.0025,1.1727216034105556,0.8688495057232047,32.0,0.0025,0.002189392250941103,1.1727216034105556,364.0
20260770,41,clustered,16,fixed_q8_adaptive_eta,8.0,80.0,960.0,8.0,0.0025,0.899957695652629,0.8462644380853276,8.0,0.0025,0.001174972893445397,0.899957695652629,1253.0
20260770,41,clustered,16,fixed_q1_adaptive_eta,1.0,80.0,400.0,1.0,0.0025,1.9789588455466944,3.0564999999999993,1.0,0.0025,0.0024768009775447664,1.9789588455466944,3120.0
20260770,41,global,4,adaptive_probe,32.0,80.0,2880.0,2.0,0.0025,0.7373650850639248,17.014563995837655,2.0,0.0025,0.0009250065856794639,0.7373650850639248,2186.0
20260770,41,global,4,probe_oracle,32.0,80.0,2880.0,1.0,0.0025,1.4359133509692847,15.575999999999988,1.0,0.0025,0.019494570924371717,15.575999999999988,2624.0
20260770,41,global,4,all_agents_adaptive_eta,32.0,80.0,2880.0,32.0,0.007384130729697496,1.234006431564117,23.418749999999978,32.0,0.007384130729697496,0.00512388210331829,1.234006431564117,364.0
20260770,41,global,4,fixed_q8_adaptive_eta,8.0,80.0,960.0,8.0,0.0025,0.9198364304625808,21.698450572320485,8.0,0.0025,0.0014157010172605564,0.9198364304625808,1253.0
20260770,41,global,4,fixed_q1_adaptive_eta,1.0,80.0,400.0,1.0,0.0025,1.4359133509692847,15.575999999999988,1.0,0.0025,0.0017971605808669252,1.4359133509692847,3120.0
20260770,41,global,16,adaptive_probe,32.0,80.0,2880.0,2.0,0.0025,0.776113420587482,17.014563995837655,2.0,0.0025,0.0009724675702808711,0.776113420587482,2186.0
20260770,41,global,16,probe_oracle,32.0,80.0,2880.0,1.0,0.0025,1.0702815523938103,15.575999999999988,1.0,0.0025,0.01949445549724187,15.575999999999988,2624.0
20260770,41,global,16,all_agents_adaptive_eta,32.0,80.0,2880.0,32.0,0.005946035575013605,0.8911744610958285,23.418749999999978,32.0,0.005946035575013605,0.0034137466056248754,0.8911744610958285,364.0
20260770,41,global,16,fixed_q8_adaptive_eta,8.0,80.0,960.0,8.0,0.0025,0.8938341891700686,21.698450572320485,8.0,0.0025,0.001306055949303199,0.8938341891700686,1253.0
20260770,41,global,16,fixed_q1_adaptive_eta,1.0,80.0,400.0,1.0,0.0025,1.0702815523938103,15.575999999999988,1.0,0.0025,0.0013395415749176216,1.0702815523938103,3120.0
20260770,41,mixed,4,adaptive_probe,32.0,80.0,2880.0,4.0,0.0025,1.7104207042496058,10.848220516822746,4.0,0.0025,0.002158149998737112,1.7104207042496058,1640.0
20260770,41,mixed,4,probe_oracle,32.0,80.0,2880.0,2.0,0.0025,1.9220295279721933,9.510085154353096,2.0,0.0025,0.011903446144109705,9.510085154353096,2186.0
20260770,41,mixed,4,all_agents_adaptive_eta,32.0,80.0,2880.0,32.0,0.0047880164034928676,2.022921295008808,12.280795503815458,32.0,0.0047880164034928676,0.006706951812125805,2.022921295008808,364.0
20260770,41,mixed,4,fixed_q8_adaptive_eta,8.0,80.0,960.0,8.0,0.0025,1.628685182019889,11.382151578217128,8.0,0.0025,0.0021888101672500803,1.628685182019889,1253.0
20260770,41,mixed,4,fixed_q1_adaptive_eta,1.0,80.0,400.0,1.0,0.0025,2.331622218506052,9.57566666666666,1.0,0.0025,0.002918202994328793,2.331622218506052,3120.0
20260770,41,mixed,16,adaptive_probe,32.0,80.0,2880.0,4.0,0.0025,1.724637982355612,10.848220516822746,4.0,0.0025,0.002166318749323147,1.724637982355612,1640.0
20260770,41,mixed,16,probe_oracle,32.0,80.0,2880.0,2.0,0.0025,1.9739273742215233,9.510085154353096,2.0,0.0025,0.011902820859104867,9.510085154353096,2186.0
20260770,41,mixed,16,all_agents_adaptive_eta,32.0,80.0,2880.0,32.0,0.0038555270635198514,1.9339269536178418,12.280795503815458,32.0,0.0038555270635198514,0.005314151270977599,1.9339269536178418,364.0
20260770,41,mixed,16,fixed_q8_adaptive_eta,8.0,80.0,960.0,8.0,0.0025,1.6633065434259773,11.382151578217128,8.0,0.0025,0.002195814430153257,1.6633065434259773,1253.0
20260770,41,mixed,16,fixed_q1_adaptive_eta,1.0,80.0,400.0,1.0,0.0025,2.40388401776932,9.57566666666666,1.0,0.0025,0.0030086272594451796,2.40388401776932,3120.0
20260771,42,independent,4,adaptive_probe,32.0,80.0,2880.0,16.0,0.0047880164034928676,0.12913101758347018,0.09374999999999999,16.0,0.0047880164034928676,0.0003753793850876663,0.12913101758347018,656.0
20260771,42,independent,4,probe_oracle,32.0,80.0,2880.0,32.0,0.009170040432046712,0.09041881853942722,0.04687499999999999,32.0,0.009170040432046712,0.00025870442560217406,0.04687499999999999,364.0
20260771,42,independent,4,all_agents_adaptive_eta,32.0,80.0,2880.0,32.0,0.009170040432046712,0.09041881853942722,0.04687499999999999,32.0,0.009170040432046712,0.00046151943811682355,0.09041881853942722,364.0
20260771,42,independent,4,fixed_q8_adaptive_eta,8.0,80.0,960.0,8.0,0.0025,0.2533429714332979,0.18749999999999997,8.0,0.0025,0.00038598021069773423,0.2533429714332979,1253.0
20260771,42,independent,4,fixed_q1_adaptive_eta,1.0,80.0,400.0,1.0,0.0025,3.106481049464303,1.4999999999999998,1.0,0.0025,0.003887966044781107,3.106481049464303,3120.0
20260771,42,independent,16,adaptive_probe,32.0,80.0,2880.0,16.0,0.0047880164034928676,0.09251926245803282,0.09374999999999999,16.0,0.0047880164034928676,0.0002628775863288996,0.09251926245803282,656.0
20260771,42,independent,16,probe_oracle,32.0,80.0,2880.0,32.0,0.009170040432046712,0.10340351172781535,0.04687499999999999,32.0,0.009170040432046712,0.0002463505454519626,0.04687499999999999,364.0
20260771,42,independent,16,all_agents_adaptive_eta,32.0,80.0,2880.0,32.0,0.007384130729697496,0.10340351172781535,0.04687499999999999,32.0,0.007384130729697496,0.0004768704370297118,0.10340351172781535,364.0
20260771,42,independent,16,fixed_q8_adaptive_eta,8.0,80.0,960.0,8.0,0.0025,0.23933878874506792,0.18749999999999997,8.0,0.0025,0.00035139507155224097,0.23933878874506792,1253.0
20260771,42,independent,16,fixed_q1_adaptive_eta,1.0,80.0,400.0,1.0,0.0025,3.4057777825768616,1.4999999999999998,1.0,0.0025,0.00426255217620302,3.4057777825768616,3120.0
20260771,42,clustered,4,adaptive_probe,32.0,80.0,2880.0,8.0,0.0025,0.4838891064247842,0.8462644380853276,8.0,0.0025,0.0006887883608056573,0.4838891064247842,1093.0
20260771,42,clustered,4,probe_oracle,32.0,80.0,2880.0,4.0,0.0025,0.6701079637715421,0.8950479968782517,4.0,0.0025,0.0011254491487551006,0.8950479968782517,1640.0
20260771,42,clustered,4,all_agents_adaptive_eta,32.0,80.0,2880.0,32.0,0.005946035575013605,0.47668349245069797,0.8688495057232047,32.0,0.005946035575013605,0.001671228054386125,0.47668349245069797,364.0
20260771,42,clustered,4,fixed_q8_adaptive_eta,8.0,80.0,960.0,8.0,0.0025,0.4838891064247842,0.8462644380853276,8.0,0.0025,0.0006468911575049366,0.4838891064247842,1253.0
20260771,42,clustered,4,fixed_q1_adaptive_eta,1.0,80.0,400.0,1.0,0.0025,2.4630334040539603,3.0564999999999993,1.0,0.0025,0.0030826446682730635,2.4630334040539603,3120.0
20260771,42,clustered,16,adaptive_probe,32.0,80.0,2880.0,8.0,0.0025,0.38610436061139003,0.8462644380853276,8.0,0.0025,0.0005741930871504197,0.38610436061139003,1093.0
20260771,42,clustered,16,probe_oracle,32.0,80.0,2880.0,4.0,0.0025,0.5356239504956256,0.8950479968782517,4.0,0.0025,0.0011259238233662348,0.8950479968782517,1640.0
20260771,42,clustered,16,all_agents_adaptive_eta,32.0,80.0,2880.0,32.0,0.005946035575013605,0.26463383095093657,0.8688495057232047,32.0,0.005946035575013605,0.0010474843192161863,0.26463383095093657,364.0
20260771,42,clustered,16,fixed_q8_adaptive_eta,8.0,80.0,960.0,8.0,0.0025,0.38610436061139003,0.8462644380853276,8.0,0.0025,0.0005366696826382354,0.38610436061139003,1253.0
20260771,42,clustered,16,fixed_q1_adaptive_eta,1.0,80.0,400.0,1.0,0.0025,3.489953327650378,3.0564999999999993,1.0,0.0025,0.004367901331918482,3.489953327650378,3120.0
20260771,42,global,4,adaptive_probe,32.0,80.0,2880.0,2.0,0.0025,3.9974280106741125,17.014563995837655,2.0,0.0025,0.005003269334865763,3.9974280106741125,2186.0
20260771,42,global,4,probe_oracle,32.0,80.0,2880.0,1.0,0.0025,4.14864091753551,15.575999999999988,1.0,0.0025,0.019494365110790144,15.575999999999988,2624.0
20260771,42,global,4,all_agents_adaptive_eta,32.0,80.0,2880.0,32.0,0.0025,4.291078681749614,23.418749999999978,32.0,0.0025,0.00742023905797751,4.291078681749614,364.0
20260771,42,global,4,fixed_q8_adaptive_eta,8.0,80.0,960.0,8.0,0.0025,4.1277149461589335,21.698450572320485,8.0,0.0025,0.0051803006949152925,4.1277149461589335,1253.0
20260771,42,global,4,fixed_q1_adaptive_eta,1.0,80.0,400.0,1.0,0.0025,4.14864091753551,15.575999999999988,1.0,0.0025,0.00519229141222127,4.14864091753551,3120.0
20260771,42,global,16,adaptive_probe,32.0,80.0,2880.0,1.0,0.0025,4.584926898838887,15.575999999999988,1.0,0.0025,0.005738333714287722,4.584926898838887,2624.0
20260771,42,global,16,probe_oracle,32.0,80.0,2880.0,1.0,0.0025,4.584926898838887,15.575999999999988,1.0,0.0025,0.019494343008415838,15.575999999999988,2624.0
20260771,42,global,16,all_agents_adaptive_eta,32.0,80.0,2880.0,32.0,0.0025,6.044240280292178,23.418749999999978,32.0,0.0025,0.007605186900600936,6.044240280292178,364.0
20260771,42,global,16,fixed_q8_adaptive_eta,8.0,80.0,960.0,8.0,0.0025,5.462416805235655,21.698450572320485,8.0,0.0025,0.006861594017340332,5.462416805235655,1253.0
20260771,42,global,16,fixed_q1_adaptive_eta,1.0,80.0,400.0,1.0,0.0025,4.584926898838887,15.575999999999988,1.0,0.0025,0.005738332201277839,4.584926898838887,3120.0
20260771,42,mixed,4,adaptive_probe,32.0,80.0,2880.0,1.0,0.0025,2.35584042960791,9.57566666666666,1.0,0.0025,0.00294849223795484,2.35584042960791,2624.0
20260771,42,mixed,4,probe_oracle,32.0,80.0,2880.0,2.0,0.0025,2.7935754226224896,9.510085154353096,2.0,0.0025,0.011902380932393956,9.510085154353096,2186.0
20260771,42,mixed,4,all_agents_adaptive_eta,32.0,80.0,2880.0,32.0,0.0025,2.538748590182229,12.280795503815458,32.0,0.0025,0.0036442346449003463,2.538748590182229,364.0
20260771,42,mixed,4,fixed_q8_adaptive_eta,8.0,80.0,960.0,8.0,0.0025,2.47157418899827,11.382151578217128,8.0,0.0025,0.003093945973076498,2.47157418899827,1253.0
20260771,42,mixed,4,fixed_q1_adaptive_eta,1.0,80.0,400.0,1.0,0.0025,2.35584042960791,9.57566666666666,1.0,0.0025,0.002948490212264848,2.35584042960791,3120.0
20260771,42,mixed,16,adaptive_probe,32.0,80.0,2880.0,2.0,0.0025,2.816594254629684,9.510085154353096,2.0,0.0025,0.003525267482107152,2.816594254629684,2186.0
20260771,42,mixed,16,probe_oracle,32.0,80.0,2880.0,2.0,0.0025,2.816594254629684,9.510085154353096,2.0,0.0025,0.011902454754735446,9.510085154353096,2186.0
20260771,42,mixed,16,all_agents_adaptive_eta,32.0,80.0,2880.0,32.0,0.0025,3.0840356209190025,12.280795503815458,32.0,0.0025,0.004942875274788144,3.0840356209190025,364.0
20260771,42,mixed,16,fixed_q8_adaptive_eta,8.0,80.0,960.0,8.0,0.0025,2.854897118553029,11.382151578217128,8.0,0.0025,0.0036045511615492754,2.854897118553029,1253.0
20260771,42,mixed,16,fixed_q1_adaptive_eta,1.0,80.0,400.0,1.0,0.0025,3.2940044559725794,9.57566666666666,1.0,0.0025,0.004122658594417053,3.2940044559725794,3120.0
20260772,43,independent,4,adaptive_probe,32.0,80.0,2880.0,32.0,0.009170040432046712,0.030642766361429916,0.04687499999999999,32.0,0.009170040432046712,0.00018621787393027507,0.030642766361429916,364.0
20260772,43,independent,4,probe_oracle,32.0,80.0,2880.0,32.0,0.009170040432046712,0.030642766361429916,0.04687499999999999,32.0,0.009170040432046712,0.00026182310973582113,0.04687499999999999,364.0
20260772,43,independent,4,all_agents_adaptive_eta,32.0,80.0,2880.0,32.0,0.009170040432046712,0.030642766361429916,0.04687499999999999,32.0,0.009170040432046712,0.00018621787393027507,0.030642766361429916,364.0
20260772,43,independent,4,fixed_q8_adaptive_eta,8.0,80.0,960.0,8.0,0.0025,0.2205091150144915,0.18749999999999997,8.0,0.0025,0.0003548266716146478,0.2205091150144915,1253.0
20260772,43,independent,4,fixed_q1_adaptive_eta,1.0,80.0,400.0,1.0,0.0025,1.291137417027889,1.4999999999999998,1.0,0.0025,0.0016159443640277726,1.291137417027889,3120.0
20260772,43,independent,16,adaptive_probe,32.0,80.0,2880.0,32.0,0.007384130729697496,0.06782138048649718,0.04687499999999999,32.0,0.007384130729697496,0.00032401930005473837,0.06782138048649718,364.0
20260772,43,independent,16,probe_oracle,32.0,80.0,2880.0,32.0,0.007384130729697496,0.06782138048649718,0.04687499999999999,32.0,0.007384130729697496,0.00024281750770122176,0.04687499999999999,364.0
20260772,43,independent,16,all_agents_adaptive_eta,32.0,80.0,2880.0,32.0,0.007384130729697496,0.06782138048649718,0.04687499999999999,32.0,0.007384130729697496,0.00032401930005473837,0.06782138048649718,364.0
20260772,43,independent,16,fixed_q8_adaptive_eta,8.0,80.0,960.0,8.0,0.0025,0.4243390255771811,0.18749999999999997,8.0,0.0025,0.000576030442175778,0.4243390255771811,1253.0
20260772,43,independent,16,fixed_q1_adaptive_eta,1.0,80.0,400.0,1.0,0.0025,1.2819087391296273,1.4999999999999998,1.0,0.0025,0.0016043914803464728,1.2819087391296273,3120.0
20260772,43,clustered,4,adaptive_probe,32.0,80.0,2880.0,4.0,0.0025,2.066835384356725,0.8950479968782517,4.0,0.0025,0.00260521249021204,2.066835384356725,1640.0
20260772,43,clustered,4,probe_oracle,32.0,80.0,2880.0,4.0,0.0025,2.066835384356725,0.8950479968782517,4.0,0.0025,0.0011390437301276916,0.8950479968782517,1640.0
20260772,43,clustered,4,all_agents_adaptive_eta,32.0,80.0,2880.0,32.0,0.005946035575013605,1.6262201233833955,0.8688495057232047,32.0,0.005946035575013605,0.00571082395940625,1.6262201233833955,364.0
20260772,43,clustered,4,fixed_q8_adaptive_eta,8.0,80.0,960.0,8.0,0.0025,1.9341077775951752,0.8462644380853276,8.0,0.0025,0.0025508412751930106,1.9341077775951752,1253.0
20260772,43,clustered,4,fixed_q1_adaptive_eta,1.0,80.0,400.0,1.0,0.0025,3.311628005960747,3.0564999999999993,1.0,0.0025,0.0041447201471919715,3.311628005960747,3120.0
20260772,43,clustered,16,adaptive_probe,32.0,80.0,2880.0,4.0,0.0025,1.6626438064324724,0.8950479968782517,4.0,0.0025,0.0020984414003152037,1.6626438064324724,1640.0
20260772,43,clustered,16,probe_oracle,32.0,80.0,2880.0,4.0,0.0025,1.6626438064324724,0.8950479968782517,4.0,0.0025,0.0011380069321120468,0.8950479968782517,1640.0
20260772,43,clustered,16,all_agents_adaptive_eta,32.0,80.0,2880.0,32.0,0.005946035575013605,1.4916786274964087,0.8688495057232047,32.0,0.005946035575013605,0.005292607274499345,1.4916786274964087,364.0
20260772,43,clustered,16,fixed_q8_adaptive_eta,8.0,80.0,960.0,8.0,0.0025,1.6956260351425299,0.8462644380853276,8.0,0.0025,0.0022589531137208697,1.6956260351425299,1253.0
20260772,43,clustered,16,fixed_q1_adaptive_eta,1.0,80.0,400.0,1.0,0.0025,1.937204263190759,3.0564999999999993,1.0,0.0025,0.0024245357084220387,1.937204263190759,3120.0
20260772,43,global,4,adaptive_probe,32.0,80.0,2880.0,1.0,0.0025,8.993242400965519,15.575999999999988,1.0,0.0025,0.011255805081964445,8.993242400965519,2624.0
20260772,43,global,4,probe_oracle,32.0,80.0,2880.0,1.0,0.0025,8.993242400965519,15.575999999999988,1.0,0.0025,0.01949453426517265,15.575999999999988,2624.0
20260772,43,global,4,all_agents_adaptive_eta,32.0,80.0,2880.0,32.0,0.0038555270635198514,10.46792398466721,23.418749999999978,32.0,0.0038555270635198514,0.025282107751903843,10.46792398466721,364.0
20260772,43,global,4,fixed_q8_adaptive_eta,8.0,80.0,960.0,8.0,0.0025,10.288408145697066,21.698450572320485,8.0,0.0025,0.013001515319550455,10.288408145697066,1253.0
20260772,43,global,4,fixed_q1_adaptive_eta,1.0,80.0,400.0,1.0,0.0025,8.993242400965519,15.575999999999988,1.0,0.0025,0.011255630584680874,8.993242400965519,3120.0
20260772,43,global,16,adaptive_probe,32.0,80.0,2880.0,1.0,0.0025,11.95042746600225,15.575999999999988,1.0,0.0025,0.014957710780148454,11.95042746600225,2624.0
20260772,43,global,16,probe_oracle,32.0,80.0,2880.0,1.0,0.0025,11.95042746600225,15.575999999999988,1.0,0.0025,0.019495339546255,15.575999999999988,2624.0
20260772,43,global,16,all_agents_adaptive_eta,32.0,80.0,2880.0,32.0,0.0047880164034928676,13.232569146802684,23.418749999999978,32.0,0.0047880164034928676,0.045877660523756726,13.232569146802684,364.0
20260772,43,global,16,fixed_q8_adaptive_eta,8.0,80.0,960.0,8.0,0.0025,13.52689966889304,21.698450572320485,8.0,0.0025,0.017548429004123067,13.52689966889304,1253.0
20260772,43,global,16,fixed_q1_adaptive_eta,1.0,80.0,400.0,1.0,0.0025,11.95042746600225,15.575999999999988,1.0,0.0025,0.014956770786841477,11.95042746600225,3120.0
20260772,43,mixed,4,adaptive_probe,32.0,80.0,2880.0,8.0,0.0025,5.269613809095667,11.382151578217128,8.0,0.0025,0.006621758559848833,5.269613809095667,1093.0
20260772,43,mixed,4,probe_oracle,32.0,80.0,2880.0,2.0,0.0025,6.217191721450822,9.510085154353096,2.0,0.0025,0.011902502154556908,9.510085154353096,2186.0
20260772,43,mixed,4,all_agents_adaptive_eta,32.0,80.0,2880.0,32.0,0.0025,4.937312358241623,12.280795503815458,32.0,0.0025,0.007282837570576472,4.937312358241623,364.0
20260772,43,mixed,4,fixed_q8_adaptive_eta,8.0,80.0,960.0,8.0,0.0025,5.269613809095667,11.382151578217128,8.0,0.0025,0.006597210148380806,5.269613809095667,1253.0
20260772,43,mixed,4,fixed_q1_adaptive_eta,1.0,80.0,400.0,1.0,0.0025,5.6805991980468455,9.57566666666666,1.0,0.0025,0.00710963683220807,5.6805991980468455,3120.0
20260772,43,mixed,16,adaptive_probe,32.0,80.0,2880.0,1.0,0.0025,5.980942135992171,9.57566666666666,1.0,0.0025,0.007485787219135783,5.980942135992171,2624.0
20260772,43,mixed,16,probe_oracle,32.0,80.0,2880.0,2.0,0.0025,7.309783771359709,9.510085154353096,2.0,0.0025,0.011904670013703503,9.510085154353096,2186.0
20260772,43,mixed,16,all_agents_adaptive_eta,32.0,80.0,2880.0,32.0,0.0047880164034928676,6.0181418283630075,12.280795503815458,32.0,0.0047880164034928676,0.01821950881874812,6.0181418283630075,364.0
20260772,43,mixed,16,fixed_q8_adaptive_eta,8.0,80.0,960.0,8.0,0.0025,6.562533454089628,11.382151578217128,8.0,0.0025,0.008351001710243763,6.562533454089628,1253.0
20260772,43,mixed,16,fixed_q1_adaptive_eta,1.0,80.0,400.0,1.0,0.0025,5.980942135992171,9.57566666666666,1.0,0.0025,0.007485557188625374,5.980942135992171,3120.0
20260773,44,independent,4,adaptive_probe,32.0,80.0,2880.0,32.0,0.011387886347566916,0.042139711810236916,0.04687499999999999,32.0,0.011387886347566916,0.00025661530972858075,0.042139711810236916,364.0
20260773,44,independent,4,probe_oracle,32.0,80.0,2880.0,32.0,0.009170040432046712,0.042139711810236916,0.04687499999999999,32.0,0.009170040432046712,0.0002807876153859648,0.04687499999999999,364.0
20260773,44,independent,4,all_agents_adaptive_eta,32.0,80.0,2880.0,32.0,0.011387886347566916,0.042139711810236916,0.04687499999999999,32.0,0.011387886347566916,0.00025661530972858075,0.042139711810236916,364.0
20260773,44,independent,4,fixed_q8_adaptive_eta,8.0,80.0,960.0,8.0,0.0025,0.23284118417897381,0.18749999999999997,8.0,0.0025,0.0003666988892669865,0.23284118417897381,1253.0
20260773,44,independent,4,fixed_q1_adaptive_eta,1.0,80.0,400.0,1.0,0.0025,1.0496909368540754,1.4999999999999998,1.0,0.0025,0.0013137556509840102,1.0496909368540754,3120.0
20260773,44,independent,16,adaptive_probe,32.0,80.0,2880.0,16.0,0.005946035575013605,0.0686143277184423,0.09374999999999999,16.0,0.005946035575013605,0.00022168810796899415,0.0686143277184423,656.0
20260773,44,independent,16,probe_oracle,32.0,80.0,2880.0,32.0,0.009170040432046712,0.07720290185650022,0.04687499999999999,32.0,0.009170040432046712,0.0002594991604341072,0.04687499999999999,364.0
20260773,44,independent,16,all_agents_adaptive_eta,32.0,80.0,2880.0,32.0,0.009170040432046712,0.07720290185650022,0.04687499999999999,32.0,0.009170040432046712,0.0004077241311638398,0.07720290185650022,364.0
20260773,44,independent,16,fixed_q8_adaptive_eta,8.0,80.0,960.0,8.0,0.0025,0.22565055646117982,0.18749999999999997,8.0,0.0025,0.00034713909161229826,0.22565055646117982,1253.0
20260773,44,independent,16,fixed_q1_adaptive_eta,1.0,80.0,400.0,1.0,0.0025,0.23052799176648192,1.4999999999999998,1.0,0.0025,0.00028852153408114565,0.23052799176648192,3120.0
20260773,44,clustered,4,adaptive_probe,32.0,80.0,2880.0,4.0,0.0025,1.0104060405858353,0.8950479968782517,4.0,0.0025,0.0012839750879767475,1.0104060405858353,1640.0
20260773,44,clustered,4,probe_oracle,32.0,80.0,2880.0,4.0,0.0025,1.0104060405858353,0.8950479968782517,4.0,0.0025,0.0011396363097002052,0.8950479968782517,1640.0
20260773,44,clustered,4,all_agents_adaptive_eta,32.0,80.0,2880.0,32.0,0.007384130729697496,0.6680405316937253,0.8688495057232047,32.0,0.007384130729697496,0.0028007866654464887,0.6680405316937253,364.0
20260773,44,clustered,4,fixed_q8_adaptive_eta,8.0,80.0,960.0,8.0,0.0025,0.8110272716083713,0.8462644380853276,8.0,0.0025,0.0011271172573905208,0.8110272716083713,1253.0
20260773,44,clustered,4,fixed_q1_adaptive_eta,1.0,80.0,400.0,1.0,0.0025,3.661147309655139,3.0564999999999993,1.0,0.0025,0.004582183483932604,3.661147309655139,3120.0
20260773,44,clustered,16,adaptive_probe,32.0,80.0,2880.0,4.0,0.0025,0.43795976373075357,0.8950479968782517,4.0,0.0025,0.0005804570740922257,0.43795976373075357,1640.0
20260773,44,clustered,16,probe_oracle,32.0,80.0,2880.0,4.0,0.0025,0.43795976373075357,0.8950479968782517,4.0,0.0025,0.0011523769421538917,0.8950479968782517,1640.0
20260773,44,clustered,16,all_agents_adaptive_eta,32.0,80.0,2880.0,32.0,0.007384130729697496,0.5512608317843614,0.8688495057232047,32.0,0.007384130729697496,0.0025489880232188074,0.5512608317843614,364.0
20260773,44,clustered,16,fixed_q8_adaptive_eta,8.0,80.0,960.0,8.0,0.0025,0.6751370929961173,0.8462644380853276,8.0,0.0025,0.0010591191608452905,0.6751370929961173,1253.0
20260773,44,clustered,16,fixed_q1_adaptive_eta,1.0,80.0,400.0,1.0,0.0025,4.715371290857381,3.0564999999999993,1.0,0.0025,0.005901643248289014,4.715371290857381,3120.0
20260773,44,global,4,adaptive_probe,32.0,80.0,2880.0,8.0,0.0025,1.764197881132549,21.698450572320485,8.0,0.0025,0.0022189095036182467,1.764197881132549,1093.0
20260773,44,global,4,probe_oracle,32.0,80.0,2880.0,1.0,0.0025,2.3200414949214925,15.575999999999988,1.0,0.0025,0.019494338984814133,15.575999999999988,2624.0
20260773,44,global,4,all_agents_adaptive_eta,32.0,80.0,2880.0,32.0,0.0025,1.8143662837406755,23.418749999999978,32.0,0.0025,0.0026823024805943587,1.8143662837406755,364.0
20260773,44,global,4,fixed_q8_adaptive_eta,8.0,80.0,960.0,8.0,0.0025,1.764197881132549,21.698450572320485,8.0,0.0025,0.002209816589298894,1.764197881132549,1253.0
20260773,44,global,4,fixed_q1_adaptive_eta,1.0,80.0,400.0,1.0,0.0025,2.3200414949214925,15.575999999999988,1.0,0.0025,0.0029036813759147767,2.3200414949214925,3120.0
20260773,44,global,16,adaptive_probe,32.0,80.0,2880.0,8.0,0.0025,0.8135518017234089,21.698450572320485,8.0,0.0025,0.0010186244693331469,0.8135518017234089,1093.0
20260773,44,global,16,probe_oracle,32.0,80.0,2880.0,1.0,0.0025,0.8537847480002759,15.575999999999988,1.0,0.0025,0.01949433082006974,15.575999999999988,2624.0
20260773,44,global,16,all_agents_adaptive_eta,32.0,80.0,2880.0,32.0,0.0025,0.9711317527051784,23.418749999999978,32.0,0.0025,0.0011381194480579325,0.9711317527051784,364.0
20260773,44,global,16,fixed_q8_adaptive_eta,8.0,80.0,960.0,8.0,0.0025,0.8135518017234089,21.698450572320485,8.0,0.0025,0.0010221218816026927,0.8135518017234089,1253.0
20260773,44,global,16,fixed_q1_adaptive_eta,1.0,80.0,400.0,1.0,0.0025,0.8537847480002759,15.575999999999988,1.0,0.0025,0.0010685664684391125,0.8537847480002759,3120.0
20260773,44,mixed,4,adaptive_probe,32.0,80.0,2880.0,8.0,0.0025,1.7605270496311578,11.382151578217128,8.0,0.0025,0.0022892633399948284,1.7605270496311578,1093.0
20260773,44,mixed,4,probe_oracle,32.0,80.0,2880.0,2.0,0.0025,3.6018073501643717,9.510085154353096,2.0,0.0025,0.01190267404322126,9.510085154353096,2186.0
20260773,44,mixed,4,all_agents_adaptive_eta,32.0,80.0,2880.0,32.0,0.0038555270635198514,1.7763356408025954,12.280795503815458,32.0,0.0038555270635198514,0.0045817306502595025,1.7763356408025954,364.0
20260773,44,mixed,4,fixed_q8_adaptive_eta,8.0,80.0,960.0,8.0,0.0025,1.7605270496311578,11.382151578217128,8.0,0.0025,0.0022339996337627705,1.7605270496311578,1253.0
20260773,44,mixed,4,fixed_q1_adaptive_eta,1.0,80.0,400.0,1.0,0.0025,4.598243994968764,9.57566666666666,1.0,0.0025,0.005755007826253462,4.598243994968764,3120.0
20260773,44,mixed,16,adaptive_probe,32.0,80.0,2880.0,4.0,0.0025,0.41515328702972987,10.848220516822746,4.0,0.0025,0.0005304146330775591,0.41515328702972987,1640.0
20260773,44,mixed,16,probe_oracle,32.0,80.0,2880.0,2.0,0.0025,1.1178379169898571,9.510085154353096,2.0,0.0025,0.011902986916050795,9.510085154353096,2186.0
20260773,44,mixed,16,all_agents_adaptive_eta,32.0,80.0,2880.0,32.0,0.005946035575013605,0.43808516439650114,12.280795503815458,32.0,0.005946035575013605,0.0017831304042779416,0.43808516439650114,364.0
20260773,44,mixed,16,fixed_q8_adaptive_eta,8.0,80.0,960.0,8.0,0.0025,0.424402801138558,11.382151578217128,8.0,0.0025,0.0006139489701698141,0.424402801138558,1253.0
20260773,44,mixed,16,fixed_q1_adaptive_eta,1.0,80.0,400.0,1.0,0.0025,3.7697604815958643,9.57566666666666,1.0,0.0025,0.004718125493224641,3.7697604815958643,3120.0
20260774,45,independent,4,adaptive_probe,32.0,80.0,2880.0,8.0,0.0031046445301837096,0.1522670788004585,0.18749999999999997,8.0,0.0031046445301837096,0.0002844349850535701,0.1522670788004585,1093.0
20260774,45,independent,4,probe_oracle,32.0,80.0,2880.0,32.0,0.009170040432046712,0.06012750740413876,0.04687499999999999,32.0,0.009170040432046712,0.0002665941996981435,0.04687499999999999,364.0
20260774,45,independent,4,all_agents_adaptive_eta,32.0,80.0,2880.0,32.0,0.009170040432046712,0.06012750740413876,0.04687499999999999,32.0,0.009170040432046712,0.00032832069831900245,0.06012750740413876,364.0
20260774,45,independent,4,fixed_q8_adaptive_eta,8.0,80.0,960.0,8.0,0.0031046445301837096,0.1522670788004585,0.18749999999999997,8.0,0.0031046445301837096,0.0002497518655010114,0.1522670788004585,1253.0
20260774,45,independent,4,fixed_q1_adaptive_eta,1.0,80.0,400.0,1.0,0.0025,0.8982238232252375,1.4999999999999998,1.0,0.0025,0.0011241895498375833,0.8982238232252375,3120.0
20260774,45,independent,16,adaptive_probe,32.0,80.0,2880.0,16.0,0.005946035575013605,0.03931816896521502,0.09374999999999999,16.0,0.005946035575013605,0.00012975230990244768,0.03931816896521502,656.0
20260774,45,independent,16,probe_oracle,32.0,80.0,2880.0,32.0,0.009170040432046712,0.05472599333823727,0.04687499999999999,32.0,0.009170040432046712,0.00025249496963020927,0.04687499999999999,364.0
20260774,45,independent,16,all_agents_adaptive_eta,32.0,80.0,2880.0,32.0,0.009170040432046712,0.05472599333823727,0.04687499999999999,32.0,0.009170040432046712,0.00029086601366964807,0.05472599333823727,364.0
20260774,45,independent,16,fixed_q8_adaptive_eta,8.0,80.0,960.0,8.0,0.0031046445301837096,0.14116980411980834,0.18749999999999997,8.0,0.0031046445301837096,0.00023418297092313843,0.14116980411980834,1253.0
20260774,45,independent,16,fixed_q1_adaptive_eta,1.0,80.0,400.0,1.0,0.0025,0.6345870569592262,1.4999999999999998,1.0,0.0025,0.0007942280116550726,0.6345870569592262,3120.0
20260774,45,clustered,4,adaptive_probe,32.0,80.0,2880.0,4.0,0.0025,0.7555432136869851,0.8950479968782517,4.0,0.0025,0.0009841140198250404,0.7555432136869851,1640.0
20260774,45,clustered,4,probe_oracle,32.0,80.0,2880.0,4.0,0.0025,0.7555432136869851,0.8950479968782517,4.0,0.0025,0.0011586657833813217,0.8950479968782517,1640.0
20260774,45,clustered,4,all_agents_adaptive_eta,32.0,80.0,2880.0,32.0,0.007384130729697496,0.7987854774218353,0.8688495057232047,32.0,0.007384130729697496,0.0035888472574462883,0.7987854774218353,364.0
20260774,45,clustered,4,fixed_q8_adaptive_eta,8.0,80.0,960.0,8.0,0.0025,0.6150874154720332,0.8462644380853276,8.0,0.0025,0.000997904229525831,0.6150874154720332,1253.0
20260774,45,clustered,4,fixed_q1_adaptive_eta,1.0,80.0,400.0,1.0,0.0025,2.985347431795206,3.0564999999999993,1.0,0.0025,0.003736373170080909,2.985347431795206,3120.0
20260774,45,clustered,16,adaptive_probe,32.0,80.0,2880.0,4.0,0.0025,0.5348295886526755,0.8950479968782517,4.0,0.0025,0.0006918131972125399,0.5348295886526755,1640.0
20260774,45,clustered,16,probe_oracle,32.0,80.0,2880.0,4.0,0.0025,0.5348295886526755,0.8950479968782517,4.0,0.0025,0.0011425271941297947,0.8950479968782517,1640.0
20260774,45,clustered,16,all_agents_adaptive_eta,32.0,80.0,2880.0,32.0,0.007384130729697496,0.6043539362610616,0.8688495057232047,32.0,0.007384130729697496,0.0026188156052134406,0.6043539362610616,364.0
20260774,45,clustered,16,fixed_q8_adaptive_eta,8.0,80.0,960.0,8.0,0.0031046445301837096,0.39737424030996,0.8462644380853276,8.0,0.0031046445301837096,0.0006540128992243139,0.39737424030996,1253.0
20260774,45,clustered,16,fixed_q1_adaptive_eta,1.0,80.0,400.0,1.0,0.0025,2.5752221835130715,3.0564999999999993,1.0,0.0025,0.0032230643508788983,2.5752221835130715,3120.0
20260774,45,global,4,adaptive_probe,32.0,80.0,2880.0,2.0,0.0025,6.910821211413225,17.014563995837655,2.0,0.0025,0.008661403669517054,6.910821211413225,2186.0
20260774,45,global,4,probe_oracle,32.0,80.0,2880.0,1.0,0.0025,7.500752364412213,15.575999999999988,1.0,0.0025,0.019495693204750864,15.575999999999988,2624.0
20260774,45,global,4,all_agents_adaptive_eta,32.0,80.0,2880.0,32.0,0.005946035575013605,9.119019373280423,23.418749999999978,32.0,0.005946035575013605,0.03575614148992862,9.119019373280423,364.0
20260774,45,global,4,fixed_q8_adaptive_eta,8.0,80.0,960.0,8.0,0.0025,8.000765856734667,21.698450572320485,8.0,0.0025,0.011136243541456235,8.000765856734667,1253.0
20260774,45,global,4,fixed_q1_adaptive_eta,1.0,80.0,400.0,1.0,0.0025,7.500752364412213,15.575999999999988,1.0,0.0025,0.009387748056277883,7.500752364412213,3120.0
20260774,45,global,16,adaptive_probe,32.0,80.0,2880.0,2.0,0.0025,6.720424057460751,17.014563995837655,2.0,0.0025,0.008420952787660856,6.720424057460751,2186.0
20260774,45,global,16,probe_oracle,32.0,80.0,2880.0,1.0,0.0025,7.2003856016839505,15.575999999999988,1.0,0.0025,0.019495452039254593,15.575999999999988,2624.0
20260774,45,global,16,all_agents_adaptive_eta,32.0,80.0,2880.0,32.0,0.005946035575013605,8.816229554929349,23.418749999999978,32.0,0.005946035575013605,0.0331648280423678,8.816229554929349,364.0
20260774,45,global,16,fixed_q8_adaptive_eta,8.0,80.0,960.0,8.0,0.0025,7.597961120180159,21.698450572320485,8.0,0.0025,0.010416616398087861,7.597961120180159,1253.0
20260774,45,global,16,fixed_q1_adaptive_eta,1.0,80.0,400.0,1.0,0.0025,7.2003856016839505,15.575999999999988,1.0,0.0025,0.009011795396773745,7.2003856016839505,3120.0
20260774,45,mixed,4,adaptive_probe,32.0,80.0,2880.0,4.0,0.0025,5.865855896335747,10.848220516822746,4.0,0.0025,0.007509025291544678,5.865855896335747,1640.0
20260774,45,mixed,4,probe_oracle,32.0,80.0,2880.0,2.0,0.0025,5.997855846193144,9.510085154353096,2.0,0.0025,0.011913292768691311,9.510085154353096,2186.0
20260774,45,mixed,4,all_agents_adaptive_eta,32.0,80.0,2880.0,32.0,0.005946035575013605,6.95037215633171,12.280795503815458,32.0,0.005946035575013605,0.02846464327724149,6.95037215633171,364.0
20260774,45,mixed,4,fixed_q8_adaptive_eta,8.0,80.0,960.0,8.0,0.0025,6.0559879690841525,11.382151578217128,8.0,0.0025,0.008596418364717036,6.0559879690841525,1253.0
20260774,45,mixed,4,fixed_q1_adaptive_eta,1.0,80.0,400.0,1.0,0.0025,7.511643901106659,9.57566666666666,1.0,0.0025,0.009401377055270978,7.511643901106659,3120.0
20260774,45,mixed,16,adaptive_probe,32.0,80.0,2880.0,4.0,0.0025,5.542126139149791,10.848220516822746,4.0,0.0025,0.007060133341667315,5.542126139149791,1640.0
20260774,45,mixed,16,probe_oracle,32.0,80.0,2880.0,2.0,0.0025,5.666140083606447,9.510085154353096,2.0,0.0025,0.011910443738286562,9.510085154353096,2186.0
20260774,45,mixed,16,all_agents_adaptive_eta,32.0,80.0,2880.0,32.0,0.005946035575013605,6.616606812740001,12.280795503815458,32.0,0.005946035575013605,0.025247876240733408,6.616606812740001,364.0
20260774,45,mixed,16,fixed_q8_adaptive_eta,8.0,80.0,960.0,8.0,0.0025,5.646189414833691,11.382151578217128,8.0,0.0025,0.007816745187728652,5.646189414833691,1253.0
20260774,45,mixed,16,fixed_q1_adaptive_eta,1.0,80.0,400.0,1.0,0.0025,6.923693844722481,9.57566666666666,1.0,0.0025,0.008665490936796468,6.923693844722481,3120.0
20260775,46,independent,4,adaptive_probe,32.0,80.0,2880.0,8.0,0.0038555270635198514,0.030673834290769537,0.18749999999999997,8.0,0.0038555270635198514,6.706422862516243e-05,0.030673834290769537,1093.0
20260775,46,independent,4,probe_oracle,32.0,80.0,2880.0,32.0,0.009170040432046712,0.03235478352625845,0.04687499999999999,32.0,0.009170040432046712,0.00025918804598844356,0.04687499999999999,364.0
20260775,46,independent,4,all_agents_adaptive_eta,32.0,80.0,2880.0,32.0,0.009170040432046712,0.03235478352625845,0.04687499999999999,32.0,0.009170040432046712,0.00019155691062600855,0.03235478352625845,364.0
20260775,46,independent,4,fixed_q8_adaptive_eta,8.0,80.0,960.0,8.0,0.0038555270635198514,0.030673834290769537,0.18749999999999997,8.0,0.0038555270635198514,6.225794392306288e-05,0.030673834290769537,1253.0
20260775,46,independent,4,fixed_q1_adaptive_eta,1.0,80.0,400.0,1.0,0.0025,0.4427542258155639,1.4999999999999998,1.0,0.0025,0.0005541387872660915,0.4427542258155639,3120.0
20260775,46,independent,16,adaptive_probe,32.0,80.0,2880.0,32.0,0.009170040432046712,0.02607850037901452,0.04687499999999999,32.0,0.009170040432046712,0.0001474956814690452,0.02607850037901452,364.0
20260775,46,independent,16,probe_oracle,32.0,80.0,2880.0,32.0,0.009170040432046712,0.02607850037901452,0.04687499999999999,32.0,0.009170040432046712,0.00024913675648263956,0.04687499999999999,364.0
20260775,46,independent,16,all_agents_adaptive_eta,32.0,80.0,2880.0,32.0,0.009170040432046712,0.02607850037901452,0.04687499999999999,32.0,0.009170040432046712,0.0001474956814690452,0.02607850037901452,364.0
20260775,46,independent,16,fixed_q8_adaptive_eta,8.0,80.0,960.0,8.0,0.0031046445301837096,0.08150690654331566,0.18749999999999997,8.0,0.0031046445301837096,0.00015376427155964405,0.08150690654331566,1253.0
20260775,46,independent,16,fixed_q1_adaptive_eta,1.0,80.0,400.0,1.0,0.0025,0.2560136619778099,1.4999999999999998,1.0,0.0025,0.00032042247786525296,0.2560136619778099,3120.0
20260775,46,clustered,4,adaptive_probe,32.0,80.0,2880.0,4.0,0.0025,0.6782093071870344,0.8950479968782517,4.0,0.0025,0.0008640198258686306,0.6782093071870344,1640.0
20260775,46,clustered,4,probe_oracle,32.0,80.0,2880.0,4.0,0.0025,0.6782093071870344,0.8950479968782517,4.0,0.0025,0.001135333646276795,0.8950479968782517,1640.0
20260775,46,clustered,4,all_agents_adaptive_eta,32.0,80.0,2880.0,32.0,0.007384130729697496,0.535787239428137,0.8688495057232047,32.0,0.007384130729697496,0.0022399796564308606,0.535787239428137,364.0
20260775,46,clustered,4,fixed_q8_adaptive_eta,8.0,80.0,960.0,8.0,0.0025,0.6008293284221192,0.8462644380853276,8.0,0.0025,0.0008763683195611738,0.6008293284221192,1253.0
20260775,46,clustered,4,fixed_q1_adaptive_eta,1.0,80.0,400.0,1.0,0.0025,3.2640898430373384,3.0564999999999993,1.0,0.0025,0.004085240702815475,3.2640898430373384,3120.0
20260775,46,clustered,16,adaptive_probe,32.0,80.0,2880.0,4.0,0.0025,0.35361206297921677,0.8950479968782517,4.0,0.0025,0.00045202678625761393,0.35361206297921677,1640.0
20260775,46,clustered,16,probe_oracle,32.0,80.0,2880.0,4.0,0.0025,0.35361206297921677,0.8950479968782517,4.0,0.0025,0.0011294845404139263,0.8950479968782517,1640.0
20260775,46,clustered,16,all_agents_adaptive_eta,32.0,80.0,2880.0,32.0,0.007384130729697496,0.27957768919797044,0.8688495057232047,32.0,0.007384130729697496,0.0012018689276858433,0.27957768919797044,364.0
20260775,46,clustered,16,fixed_q8_adaptive_eta,8.0,80.0,960.0,8.0,0.0031046445301837096,0.3107354575405464,0.8462644380853276,8.0,0.0031046445301837096,0.0005123813105027044,0.3107354575405464,1253.0
20260775,46,clustered,16,fixed_q1_adaptive_eta,1.0,80.0,400.0,1.0,0.0025,2.9934239307724564,3.0564999999999993,1.0,0.0025,0.003746494144593451,2.9934239307724564,3120.0
20260775,46,global,4,adaptive_probe,32.0,80.0,2880.0,1.0,0.0025,4.090786706930182,15.575999999999988,1.0,0.0025,0.005119895663857921,4.090786706930182,2624.0
20260775,46,global,4,probe_oracle,32.0,80.0,2880.0,1.0,0.0025,4.090786706930182,15.575999999999988,1.0,0.0025,0.019494352038624627,15.575999999999988,2624.0
20260775,46,global,4,all_agents_adaptive_eta,32.0,80.0,2880.0,32.0,0.0025,6.1787192875906625,23.418749999999978,32.0,0.0025,0.00834132252000076,6.1787192875906625,364.0
20260775,46,global,4,fixed_q8_adaptive_eta,8.0,80.0,960.0,8.0,0.0025,5.485450743107034,21.698450572320485,8.0,0.0025,0.00686284970382418,5.485450743107034,1253.0
20260775,46,global,4,fixed_q1_adaptive_eta,1.0,80.0,400.0,1.0,0.0025,4.090786706930182,15.575999999999988,1.0,0.0025,0.005119883294929596,4.090786706930182,3120.0
20260775,46,global,16,adaptive_probe,32.0,80.0,2880.0,1.0,0.0025,5.3982205945557125,15.575999999999988,1.0,0.0025,0.00675624316863773,5.3982205945557125,2624.0
20260775,46,global,16,probe_oracle,32.0,80.0,2880.0,1.0,0.0025,5.3982205945557125,15.575999999999988,1.0,0.0025,0.019494364988616068,15.575999999999988,2624.0
20260775,46,global,16,all_agents_adaptive_eta,32.0,80.0,2880.0,32.0,0.0025,8.766109346351508,23.418749999999978,32.0,0.0025,0.012304989110384449,8.766109346351508,364.0
20260775,46,global,16,fixed_q8_adaptive_eta,8.0,80.0,960.0,8.0,0.0025,8.315736272233563,21.698450572320485,8.0,0.0025,0.01047258755753047,8.315736272233563,1253.0
20260775,46,global,16,fixed_q1_adaptive_eta,1.0,80.0,400.0,1.0,0.0025,5.3982205945557125,15.575999999999988,1.0,0.0025,0.006756223134026924,5.3982205945557125,3120.0
20260775,46,mixed,4,adaptive_probe,32.0,80.0,2880.0,32.0,0.0025,2.8131462242442726,12.280795503815458,32.0,0.0025,0.003024515579552549,2.8131462242442726,364.0
20260775,46,mixed,4,probe_oracle,32.0,80.0,2880.0,2.0,0.0025,2.6459845066055285,9.510085154353096,2.0,0.0025,0.011902280719089641,9.510085154353096,2186.0
20260775,46,mixed,4,all_agents_adaptive_eta,32.0,80.0,2880.0,32.0,0.0025,2.8131462242442726,12.280795503815458,32.0,0.0025,0.003024515579552549,2.8131462242442726,364.0
20260775,46,mixed,4,fixed_q8_adaptive_eta,8.0,80.0,960.0,8.0,0.0025,2.5204341525900658,11.382151578217128,8.0,0.0025,0.003152449409940454,2.5204341525900658,1253.0
20260775,46,mixed,4,fixed_q1_adaptive_eta,1.0,80.0,400.0,1.0,0.0025,4.983815188963962,9.57566666666666,1.0,0.0025,0.006237569590117862,4.983815188963962,3120.0
20260775,46,mixed,16,adaptive_probe,32.0,80.0,2880.0,4.0,0.0025,3.0609880589537357,10.848220516822746,4.0,0.0025,0.0038373244382308167,3.0609880589537357,1640.0
20260775,46,mixed,16,probe_oracle,32.0,80.0,2880.0,2.0,0.0025,3.406415541476914,9.510085154353096,2.0,0.0025,0.01190275144950866,9.510085154353096,2186.0
20260775,46,mixed,16,all_agents_adaptive_eta,32.0,80.0,2880.0,32.0,0.0031046445301837096,3.630917959152929,12.280795503815458,32.0,0.0031046445301837096,0.007914280534372117,3.630917959152929,364.0
20260775,46,mixed,16,fixed_q8_adaptive_eta,8.0,80.0,960.0,8.0,0.0025,3.502801781234371,11.382151578217128,8.0,0.0025,0.004474223308453993,3.502801781234371,1253.0
20260775,46,mixed,16,fixed_q1_adaptive_eta,1.0,80.0,400.0,1.0,0.0025,5.565950532090406,9.57566666666666,1.0,0.0025,0.006966166549111725,5.565950532090406,3120.0
20260776,47,independent,4,adaptive_probe,32.0,80.0,2880.0,16.0,0.0047880164034928676,0.10634539157374867,0.09374999999999999,16.0,0.0047880164034928676,0.00032460225607456,0.10634539157374867,656.0
20260776,47,independent,4,probe_oracle,32.0,80.0,2880.0,32.0,0.009170040432046712,0.08240069519392762,0.04687499999999999,32.0,0.009170040432046712,0.00026105436605724147,0.04687499999999999,364.0
20260776,47,independent,4,all_agents_adaptive_eta,32.0,80.0,2880.0,32.0,0.009170040432046712,0.08240069519392762,0.04687499999999999,32.0,0.009170040432046712,0.0004265231870524437,0.08240069519392762,364.0
20260776,47,independent,4,fixed_q8_adaptive_eta,8.0,80.0,960.0,8.0,0.0025,0.21314935838056842,0.18749999999999997,8.0,0.0025,0.00032523144068608847,0.21314935838056842,1253.0
20260776,47,independent,4,fixed_q1_adaptive_eta,1.0,80.0,400.0,1.0,0.0025,1.288972409763718,1.4999999999999998,1.0,0.0025,0.0016132405190844295,1.288972409763718,3120.0
20260776,47,independent,16,adaptive_probe,32.0,80.0,2880.0,32.0,0.007384130729697496,0.07545679152626952,0.04687499999999999,32.0,0.007384130729697496,0.0003778325696426437,0.07545679152626952,364.0
20260776,47,independent,16,probe_oracle,32.0,80.0,2880.0,32.0,0.009170040432046712,0.07545679152626952,0.04687499999999999,32.0,0.009170040432046712,0.000248419867798468,0.04687499999999999,364.0
20260776,47,independent,16,all_agents_adaptive_eta,32.0,80.0,2880.0,32.0,0.007384130729697496,0.07545679152626952,0.04687499999999999,32.0,0.007384130729697496,0.0003778325696426437,0.07545679152626952,364.0
20260776,47,independent,16,fixed_q8_adaptive_eta,8.0,80.0,960.0,8.0,0.0025,0.31154413717442325,0.18749999999999997,8.0,0.0025,0.0004287298911921987,0.31154413717442325,1253.0
20260776,47,independent,16,fixed_q1_adaptive_eta,1.0,80.0,400.0,1.0,0.0025,0.8356211075622701,1.4999999999999998,1.0,0.0025,0.0010458441817572982,0.8356211075622701,3120.0
20260776,47,clustered,4,adaptive_probe,32.0,80.0,2880.0,4.0,0.0025,0.5909302075269386,0.8950479968782517,4.0,0.0025,0.0007583142579194871,0.5909302075269386,1640.0
20260776,47,clustered,4,probe_oracle,32.0,80.0,2880.0,4.0,0.0025,0.5909302075269386,0.8950479968782517,4.0,0.0025,0.001138833801735621,0.8950479968782517,1640.0
20260776,47,clustered,4,all_agents_adaptive_eta,32.0,80.0,2880.0,32.0,0.007384130729697496,0.44973207736468795,0.8688495057232047,32.0,0.007384130729697496,0.0019749986593879144,0.44973207736468795,364.0
20260776,47,clustered,4,fixed_q8_adaptive_eta,8.0,80.0,960.0,8.0,0.0025,0.4934664102290167,0.8462644380853276,8.0,0.0025,0.0007343955894745375,0.4934664102290167,1253.0
20260776,47,clustered,4,fixed_q1_adaptive_eta,1.0,80.0,400.0,1.0,0.0025,1.4023016785983002,3.0564999999999993,1.0,0.0025,0.001755087521512256,1.4023016785983002,3120.0
20260776,47,clustered,16,adaptive_probe,32.0,80.0,2880.0,4.0,0.0025,0.5531322332430544,0.8950479968782517,4.0,0.0025,0.0007035045870938158,0.5531322332430544,1640.0
20260776,47,clustered,16,probe_oracle,32.0,80.0,2880.0,4.0,0.0025,0.5531322332430544,0.8950479968782517,4.0,0.0025,0.0011313178718067131,0.8950479968782517,1640.0
20260776,47,clustered,16,all_agents_adaptive_eta,32.0,80.0,2880.0,32.0,0.007384130729697496,0.35583614326449303,0.8688495057232047,32.0,0.007384130729697496,0.0015180018159090848,0.35583614326449303,364.0
20260776,47,clustered,16,fixed_q8_adaptive_eta,8.0,80.0,960.0,8.0,0.0025,0.5144882822565322,0.8462644380853276,8.0,0.0025,0.0007201026168383849,0.5144882822565322,1253.0
20260776,47,clustered,16,fixed_q1_adaptive_eta,1.0,80.0,400.0,1.0,0.0025,1.6909089056450013,3.0564999999999993,1.0,0.0025,0.0021162983324634808,1.6909089056450013,3120.0
20260776,47,global,4,adaptive_probe,32.0,80.0,2880.0,1.0,0.0025,1.6377580458218333,15.575999999999988,1.0,0.0025,0.002049755851185608,1.6377580458218333,2624.0
20260776,47,global,4,probe_oracle,32.0,80.0,2880.0,1.0,0.0025,1.6377580458218333,15.575999999999988,1.0,0.0025,0.019494329652193835,15.575999999999988,2624.0
20260776,47,global,4,all_agents_adaptive_eta,32.0,80.0,2880.0,32.0,0.0025,2.323551115382162,23.418749999999978,32.0,0.0025,0.00246028426580833,2.323551115382162,364.0
20260776,47,global,4,fixed_q8_adaptive_eta,8.0,80.0,960.0,8.0,0.0025,2.3800788469773915,21.698450572320485,8.0,0.0025,0.002973447609098395,2.3800788469773915,1253.0
20260776,47,global,4,fixed_q1_adaptive_eta,1.0,80.0,400.0,1.0,0.0025,1.6377580458218333,15.575999999999988,1.0,0.0025,0.0020497603300624443,1.6377580458218333,3120.0
20260776,47,global,16,adaptive_probe,32.0,80.0,2880.0,1.0,0.0025,2.1774394431645314,15.575999999999988,1.0,0.0025,0.002725221388703776,2.1774394431645314,2624.0
20260776,47,global,16,probe_oracle,32.0,80.0,2880.0,1.0,0.0025,2.1774394431645314,15.575999999999988,1.0,0.0025,0.019494350467491935,15.575999999999988,2624.0
20260776,47,global,16,all_agents_adaptive_eta,32.0,80.0,2880.0,32.0,0.0025,3.019158657557602,23.418749999999978,32.0,0.0025,0.004943713778215499,3.019158657557602,364.0
20260776,47,global,16,fixed_q8_adaptive_eta,8.0,80.0,960.0,8.0,0.0025,2.9442451239455725,21.698450572320485,8.0,0.0025,0.003694270165456516,2.9442451239455725,1253.0
20260776,47,global,16,fixed_q1_adaptive_eta,1.0,80.0,400.0,1.0,0.0025,2.1774394431645314,15.575999999999988,1.0,0.0025,0.002725205651573093,2.1774394431645314,3120.0
20260776,47,mixed,4,adaptive_probe,32.0,80.0,2880.0,1.0,0.0025,0.730977631490123,9.57566666666666,1.0,0.0025,0.0009148920858373744,0.730977631490123,2624.0
20260776,47,mixed,4,probe_oracle,32.0,80.0,2880.0,2.0,0.0025,1.0110786827780396,9.510085154353096,2.0,0.0025,0.011902527520534938,9.510085154353096,2186.0
20260776,47,mixed,4,all_agents_adaptive_eta,32.0,80.0,2880.0,32.0,0.0031046445301837096,1.490183232646816,12.280795503815458,32.0,0.0031046445301837096,0.0035648121839830854,1.490183232646816,364.0
20260776,47,mixed,4,fixed_q8_adaptive_eta,8.0,80.0,960.0,8.0,0.0025,1.5485926330462658,11.382151578217128,8.0,0.0025,0.001960471256225243,1.5485926330462658,1253.0
20260776,47,mixed,4,fixed_q1_adaptive_eta,1.0,80.0,400.0,1.0,0.0025,0.730977631490123,9.57566666666666,1.0,0.0025,0.0009148718472506114,0.730977631490123,3120.0
20260776,47,mixed,16,adaptive_probe,32.0,80.0,2880.0,2.0,0.0025,1.412137931683421,9.510085154353096,2.0,0.0025,0.0017673527629370057,1.412137931683421,2186.0
20260776,47,mixed,16,probe_oracle,32.0,80.0,2880.0,2.0,0.0025,1.412137931683421,9.510085154353096,2.0,0.0025,0.011902276590347788,9.510085154353096,2186.0
20260776,47,mixed,16,all_agents_adaptive_eta,32.0,80.0,2880.0,32.0,0.0025,1.9034064691614885,12.280795503815458,32.0,0.0025,0.0020583312861233395,1.9034064691614885,364.0
20260776,47,mixed,16,fixed_q8_adaptive_eta,8.0,80.0,960.0,8.0,0.0025,1.9294960949439834,11.382151578217128,8.0,0.0025,0.002417078154143628,1.9294960949439834,1253.0
20260776,47,mixed,16,fixed_q1_adaptive_eta,1.0,80.0,400.0,1.0,0.0025,1.5686072534770188,9.57566666666666,1.0,0.0025,0.001963217307848636,1.5686072534770188,3120.0
20260777,48,independent,4,adaptive_probe,32.0,80.0,2880.0,8.0,0.0031046445301837096,0.0875862474474823,0.18749999999999997,8.0,0.0031046445301837096,0.00017133540634929313,0.0875862474474823,1093.0
20260777,48,independent,4,probe_oracle,32.0,80.0,2880.0,32.0,0.009170040432046712,0.03926475131206569,0.04687499999999999,32.0,0.009170040432046712,0.00025380364272105805,0.04687499999999999,364.0
20260777,48,independent,4,all_agents_adaptive_eta,32.0,80.0,2880.0,32.0,0.009170040432046712,0.03926475131206569,0.04687499999999999,32.0,0.009170040432046712,0.00021835721806986595,0.03926475131206569,364.0
20260777,48,independent,4,fixed_q8_adaptive_eta,8.0,80.0,960.0,8.0,0.0025,0.0875862474474823,0.18749999999999997,8.0,0.0025,0.00013937550213842802,0.0875862474474823,1253.0
20260777,48,independent,4,fixed_q1_adaptive_eta,1.0,80.0,400.0,1.0,0.0025,1.6286571045871565,1.4999999999999998,1.0,0.0025,0.002038369044052999,1.6286571045871565,3120.0
20260777,48,independent,16,adaptive_probe,32.0,80.0,2880.0,8.0,0.0038555270635198514,0.04335224273558019,0.18749999999999997,8.0,0.0038555270635198514,8.876696749310933e-05,0.04335224273558019,1093.0
20260777,48,independent,16,probe_oracle,32.0,80.0,2880.0,32.0,0.009170040432046712,0.03392083581450875,0.04687499999999999,32.0,0.009170040432046712,0.00024659924957683827,0.04687499999999999,364.0
20260777,48,independent,16,all_agents_adaptive_eta,32.0,80.0,2880.0,32.0,0.009170040432046712,0.03392083581450875,0.04687499999999999,32.0,0.009170040432046712,0.00018328690385942278,0.03392083581450875,364.0
20260777,48,independent,16,fixed_q8_adaptive_eta,8.0,80.0,960.0,8.0,0.0031046445301837096,0.04335224273558019,0.18749999999999997,8.0,0.0031046445301837096,7.314787554056554e-05,0.04335224273558019,1253.0
20260777,48,independent,16,fixed_q1_adaptive_eta,1.0,80.0,400.0,1.0,0.0025,1.0700554700207088,1.4999999999999998,1.0,0.0025,0.0013392438202202233,1.0700554700207088,3120.0
20260777,48,clustered,4,adaptive_probe,32.0,80.0,2880.0,4.0,0.0025,0.1799009665393506,0.8950479968782517,4.0,0.0025,0.00023161622343562157,0.1799009665393506,1640.0
20260777,48,clustered,4,probe_oracle,32.0,80.0,2880.0,4.0,0.0025,0.1799009665393506,0.8950479968782517,4.0,0.0025,0.0011264255087670468,0.8950479968782517,1640.0
20260777,48,clustered,4,all_agents_adaptive_eta,32.0,80.0,2880.0,32.0,0.007384130729697496,0.2401398047729963,0.8688495057232047,32.0,0.007384130729697496,0.0009975174684055523,0.2401398047729963,364.0
20260777,48,clustered,4,fixed_q8_adaptive_eta,8.0,80.0,960.0,8.0,0.0025,0.17314171106890464,0.8462644380853276,8.0,0.0025,0.0002449685516943303,0.17314171106890464,1253.0
20260777,48,clustered,4,fixed_q1_adaptive_eta,1.0,80.0,400.0,1.0,0.0025,5.2506295559045215,3.0564999999999993,1.0,0.0025,0.006571509119903966,5.2506295559045215,3120.0
20260777,48,clustered,16,adaptive_probe,32.0,80.0,2880.0,4.0,0.0025,0.4708626802151985,0.8950479968782517,4.0,0.0025,0.0005893637069962658,0.4708626802151985,1640.0
20260777,48,clustered,16,probe_oracle,32.0,80.0,2880.0,32.0,0.0025,0.5999050141572281,0.8688495057232047,32.0,0.0025,0.0010435981231751378,0.8688495057232047,364.0
20260777,48,clustered,16,all_agents_adaptive_eta,32.0,80.0,2880.0,32.0,0.0025,0.5999050141572281,0.8688495057232047,32.0,0.0025,0.0007550433295449746,0.5999050141572281,364.0
20260777,48,clustered,16,fixed_q8_adaptive_eta,8.0,80.0,960.0,8.0,0.0025,0.6485875837568571,0.8462644380853276,8.0,0.0025,0.0008134970138972429,0.6485875837568571,1253.0
20260777,48,clustered,16,fixed_q1_adaptive_eta,1.0,80.0,400.0,1.0,0.0025,5.303860844848021,3.0564999999999993,1.0,0.0025,0.006638134310052904,5.303860844848021,3120.0
20260777,48,global,4,adaptive_probe,32.0,80.0,2880.0,4.0,0.0025,2.052448198377435,20.628043704474486,4.0,0.0025,0.0027651449296446835,2.052448198377435,1640.0
20260777,48,global,4,probe_oracle,32.0,80.0,2880.0,1.0,0.0025,2.226354763109079,15.575999999999988,1.0,0.0025,0.019495759136241686,15.575999999999988,2624.0
20260777,48,global,4,all_agents_adaptive_eta,32.0,80.0,2880.0,32.0,0.009170040432046712,2.1768183006333013,23.418749999999978,32.0,0.009170040432046712,0.01095345092859869,2.1768183006333013,364.0
20260777,48,global,4,fixed_q8_adaptive_eta,8.0,80.0,960.0,8.0,0.0031046445301837096,2.076218635000335,21.698450572320485,8.0,0.0031046445301837096,0.00348225220745201,2.076218635000335,1253.0
20260777,48,global,4,fixed_q1_adaptive_eta,1.0,80.0,400.0,1.0,0.0025,2.226354763109079,15.575999999999988,1.0,0.0025,0.002786483575101148,2.226354763109079,3120.0
20260777,48,global,16,adaptive_probe,32.0,80.0,2880.0,1.0,0.0025,2.121831981106418,15.575999999999988,1.0,0.0025,0.002657414673780088,2.121831981106418,2624.0
20260777,48,global,16,probe_oracle,32.0,80.0,2880.0,1.0,0.0025,2.121831981106418,15.575999999999988,1.0,0.0025,0.019496139938295867,15.575999999999988,2624.0
20260777,48,global,16,all_agents_adaptive_eta,32.0,80.0,2880.0,32.0,0.009170040432046712,2.2398813761512755,23.418749999999978,32.0,0.009170040432046712,0.011660851824984999,2.2398813761512755,364.0
20260777,48,global,16,fixed_q8_adaptive_eta,8.0,80.0,960.0,8.0,0.0031046445301837096,2.239663075072721,21.698450572320485,8.0,0.0031046445301837096,0.0037967082117508076,2.239663075072721,1253.0
20260777,48,global,16,fixed_q1_adaptive_eta,1.0,80.0,400.0,1.0,0.0025,2.121831981106418,15.575999999999988,1.0,0.0025,0.0026556924799691437,2.121831981106418,3120.0
20260777,48,mixed,4,adaptive_probe,32.0,80.0,2880.0,4.0,0.0025,1.306711280912157,10.848220516822746,4.0,0.0025,0.001744295540208877,1.306711280912157,1640.0
20260777,48,mixed,4,probe_oracle,32.0,80.0,2880.0,2.0,0.0025,2.249887233523839,9.510085154353096,2.0,0.0025,0.011909378822087117,9.510085154353096,2186.0
20260777,48,mixed,4,all_agents_adaptive_eta,32.0,80.0,2880.0,32.0,0.007384130729697496,1.4522521050069193,12.280795503815458,32.0,0.007384130729697496,0.007138104182951367,1.4522521050069193,364.0
20260777,48,mixed,4,fixed_q8_adaptive_eta,8.0,80.0,960.0,8.0,0.0031046445301837096,1.342599077230058,11.382151578217128,8.0,0.0031046445301837096,0.002226968921966177,1.342599077230058,1253.0
20260777,48,mixed,4,fixed_q1_adaptive_eta,1.0,80.0,400.0,1.0,0.0025,4.365892136351499,9.57566666666666,1.0,0.0025,0.005464252319551621,4.365892136351499,3120.0
20260777,48,mixed,16,adaptive_probe,32.0,80.0,2880.0,4.0,0.0025,1.580364583008087,10.848220516822746,4.0,0.0025,0.0020821717669579493,1.580364583008087,1640.0
20260777,48,mixed,16,probe_oracle,32.0,80.0,2880.0,2.0,0.0025,2.5564831961294034,9.510085154353096,2.0,0.0025,0.011909084685020657,9.510085154353096,2186.0
20260777,48,mixed,16,all_agents_adaptive_eta,32.0,80.0,2880.0,32.0,0.007384130729697496,1.5256862548468542,12.280795503815458,32.0,0.007384130729697496,0.007220144169160354,1.5256862548468542,364.0
20260777,48,mixed,16,fixed_q8_adaptive_eta,8.0,80.0,960.0,8.0,0.0025,1.5893092746973694,11.382151578217128,8.0,0.0025,0.0025979579023564137,1.5893092746973694,1253.0
20260777,48,mixed,16,fixed_q1_adaptive_eta,1.0,80.0,400.0,1.0,0.0025,4.129849903287805,9.57566666666666,1.0,0.0025,0.005168847161987725,4.129849903287805,3120.0
20260778,49,independent,4,adaptive_probe,32.0,80.0,2880.0,32.0,0.011387886347566916,0.037665769862833605,0.04687499999999999,32.0,0.011387886347566916,0.00022967427392119692,0.037665769862833605,364.0
20260778,49,independent,4,probe_oracle,32.0,80.0,2880.0,32.0,0.009170040432046712,0.037665769862833605,0.04687499999999999,32.0,0.009170040432046712,0.0002757963043860635,0.04687499999999999,364.0
20260778,49,independent,4,all_agents_adaptive_eta,32.0,80.0,2880.0,32.0,0.011387886347566916,0.037665769862833605,0.04687499999999999,32.0,0.011387886347566916,0.00022967427392119692,0.037665769862833605,364.0
20260778,49,independent,4,fixed_q8_adaptive_eta,8.0,80.0,960.0,8.0,0.0031046445301837096,0.1549475651541901,0.18749999999999997,8.0,0.0031046445301837096,0.00026749969072144926,0.1549475651541901,1253.0
20260778,49,independent,4,fixed_q1_adaptive_eta,1.0,80.0,400.0,1.0,0.0025,0.633324195888832,1.4999999999999998,1.0,0.0025,0.0007926511426690872,0.633324195888832,3120.0
20260778,49,independent,16,adaptive_probe,32.0,80.0,2880.0,2.0,0.0025,0.17982853608717864,0.7499999999999999,2.0,0.0025,0.00022558870298534502,0.17982853608717864,2186.0
20260778,49,independent,16,probe_oracle,32.0,80.0,2880.0,32.0,0.009170040432046712,0.0614362913644103,0.04687499999999999,32.0,0.009170040432046712,0.0002515235132117006,0.04687499999999999,364.0
20260778,49,independent,16,all_agents_adaptive_eta,32.0,80.0,2880.0,32.0,0.009170040432046712,0.0614362913644103,0.04687499999999999,32.0,0.009170040432046712,0.00032269055260958834,0.0614362913644103,364.0
20260778,49,independent,16,fixed_q8_adaptive_eta,8.0,80.0,960.0,8.0,0.0031046445301837096,0.15672601783899914,0.18749999999999997,8.0,0.0031046445301837096,0.0002664835773167027,0.15672601783899914,1253.0
20260778,49,independent,16,fixed_q1_adaptive_eta,1.0,80.0,400.0,1.0,0.0025,0.5238684452722432,1.4999999999999998,1.0,0.0025,0.0006556612220046463,0.5238684452722432,3120.0
20260778,49,clustered,4,adaptive_probe,32.0,80.0,2880.0,1.0,0.0025,0.469537562005373,3.0564999999999993,1.0,0.0025,0.0005877135730924188,0.469537562005373,2624.0
20260778,49,clustered,4,probe_oracle,32.0,80.0,2880.0,4.0,0.0025,1.1611408925193452,0.8950479968782517,4.0,0.0025,0.0011279297721427449,0.8950479968782517,1640.0
20260778,49,clustered,4,all_agents_adaptive_eta,32.0,80.0,2880.0,32.0,0.0047880164034928676,1.053007870069693,0.8688495057232047,32.0,0.0047880164034928676,0.0033432443570040565,1.053007870069693,364.0
20260778,49,clustered,4,fixed_q8_adaptive_eta,8.0,80.0,960.0,8.0,0.0025,1.07605523438412,0.8462644380853276,8.0,0.0025,0.0014188575325204446,1.07605523438412,1253.0
20260778,49,clustered,4,fixed_q1_adaptive_eta,1.0,80.0,400.0,1.0,0.0025,0.469537562005373,3.0564999999999993,1.0,0.0025,0.000587660958466183,0.469537562005373,3120.0
20260778,49,clustered,16,adaptive_probe,32.0,80.0,2880.0,2.0,0.0025,0.4949962996865198,1.6917047346514045,2.0,0.0025,0.0006199171340225753,0.4949962996865198,2186.0
20260778,49,clustered,16,probe_oracle,32.0,80.0,2880.0,4.0,0.0025,0.6869196219022748,0.8950479968782517,4.0,0.0025,0.0011261876800912438,0.8950479968782517,1640.0
20260778,49,clustered,16,all_agents_adaptive_eta,32.0,80.0,2880.0,32.0,0.0047880164034928676,0.6373509337981573,0.8688495057232047,32.0,0.0047880164034928676,0.0021530606803876542,0.6373509337981573,364.0
20260778,49,clustered,16,fixed_q8_adaptive_eta,8.0,80.0,960.0,8.0,0.0025,0.69957018470413,0.8462644380853276,8.0,0.0025,0.0009621063846104941,0.69957018470413,1253.0
20260778,49,clustered,16,fixed_q1_adaptive_eta,1.0,80.0,400.0,1.0,0.0025,0.7435123234255505,3.0564999999999993,1.0,0.0025,0.0009305576315478463,0.7435123234255505,3120.0
20260778,49,global,4,adaptive_probe,32.0,80.0,2880.0,32.0,0.0025,2.066646875303752,23.418749999999978,32.0,0.0025,0.002280683007162364,2.066646875303752,364.0
20260778,49,global,4,probe_oracle,32.0,80.0,2880.0,1.0,0.0025,2.137513097253814,15.575999999999988,1.0,0.0025,0.019494330783057397,15.575999999999988,2624.0
20260778,49,global,4,all_agents_adaptive_eta,32.0,80.0,2880.0,32.0,0.0025,2.066646875303752,23.418749999999978,32.0,0.0025,0.002280683007162364,2.066646875303752,364.0
20260778,49,global,4,fixed_q8_adaptive_eta,8.0,80.0,960.0,8.0,0.0025,2.2845931638415964,21.698450572320485,8.0,0.0025,0.0028602944514859578,2.2845931638415964,1253.0
20260778,49,global,4,fixed_q1_adaptive_eta,1.0,80.0,400.0,1.0,0.0025,2.137513097253814,15.575999999999988,1.0,0.0025,0.0026752352310601807,2.137513097253814,3120.0
20260778,49,global,16,adaptive_probe,32.0,80.0,2880.0,1.0,0.0025,2.12073792422392,15.575999999999988,1.0,0.0025,0.002654305721468565,2.12073792422392,2624.0
20260778,49,global,16,probe_oracle,32.0,80.0,2880.0,1.0,0.0025,2.12073792422392,15.575999999999988,1.0,0.0025,0.01949440026599053,15.575999999999988,2624.0
20260778,49,global,16,all_agents_adaptive_eta,32.0,80.0,2880.0,32.0,0.0038555270635198514,2.795121191774628,23.418749999999978,32.0,0.0038555270635198514,0.007276763237361497,2.795121191774628,364.0
20260778,49,global,16,fixed_q8_adaptive_eta,8.0,80.0,960.0,8.0,0.0025,2.9377454909429086,21.698450572320485,8.0,0.0025,0.0036918477859367088,2.9377454909429086,1253.0
20260778,49,global,16,fixed_q1_adaptive_eta,1.0,80.0,400.0,1.0,0.0025,2.12073792422392,15.575999999999988,1.0,0.0025,0.002654240333528641,2.12073792422392,3120.0
20260778,49,mixed,4,adaptive_probe,32.0,80.0,2880.0,1.0,0.0025,1.2452468560321115,9.57566666666666,1.0,0.0025,0.001558507382188609,1.2452468560321115,2624.0
20260778,49,mixed,4,probe_oracle,32.0,80.0,2880.0,2.0,0.0025,1.2692108960859598,9.510085154353096,2.0,0.0025,0.011902307860006317,9.510085154353096,2186.0
20260778,49,mixed,4,all_agents_adaptive_eta,32.0,80.0,2880.0,32.0,0.0025,2.0562147713573014,12.280795503815458,32.0,0.0025,0.0024717170297360634,2.0562147713573014,364.0
20260778,49,mixed,4,fixed_q8_adaptive_eta,8.0,80.0,960.0,8.0,0.0025,2.1800427933480275,11.382151578217128,8.0,0.0025,0.002734314688545938,2.1800427933480275,1253.0
20260778,49,mixed,4,fixed_q1_adaptive_eta,1.0,80.0,400.0,1.0,0.0025,1.2452468560321115,9.57566666666666,1.0,0.0025,0.0015585132353949204,1.2452468560321115,3120.0
20260778,49,mixed,16,adaptive_probe,32.0,80.0,2880.0,2.0,0.0025,0.9397124252502486,9.510085154353096,2.0,0.0025,0.0011762592389496852,0.9397124252502486,2186.0
20260778,49,mixed,16,probe_oracle,32.0,80.0,2880.0,2.0,0.0025,0.9397124252502486,9.510085154353096,2.0,0.0025,0.011902443590808253,9.510085154353096,2186.0
20260778,49,mixed,16,all_agents_adaptive_eta,32.0,80.0,2880.0,32.0,0.0025,2.0157174168572936,12.280795503815458,32.0,0.0025,0.003699363399997424,2.0157174168572936,364.0
20260778,49,mixed,16,fixed_q8_adaptive_eta,8.0,80.0,960.0,8.0,0.0025,2.1261724855759927,11.382151578217128,8.0,0.0025,0.0026611290056844884,2.1261724855759927,1253.0
20260778,49,mixed,16,fixed_q1_adaptive_eta,1.0,80.0,400.0,1.0,0.0025,1.388735267713639,9.57566666666666,1.0,0.0025,0.0017381037542408804,1.388735267713639,3120.0
20260779,50,independent,4,adaptive_probe,32.0,80.0,2880.0,16.0,0.005946035575013605,0.024065903708559364,0.09374999999999999,16.0,0.005946035575013605,8.919424779085228e-05,0.024065903708559364,656.0
20260779,50,independent,4,probe_oracle,32.0,80.0,2880.0,32.0,0.009170040432046712,0.03342197523034145,0.04687499999999999,32.0,0.009170040432046712,0.00026772345830812803,0.04687499999999999,364.0
20260779,50,independent,4,all_agents_adaptive_eta,32.0,80.0,2880.0,32.0,0.011387886347566916,0.03342197523034145,0.04687499999999999,32.0,0.011387886347566916,0.00020350226736575285,0.03342197523034145,364.0
20260779,50,independent,4,fixed_q8_adaptive_eta,8.0,80.0,960.0,8.0,0.0031046445301837096,0.08435395401542992,0.18749999999999997,8.0,0.0031046445301837096,0.0001437753223294876,0.08435395401542992,1253.0
20260779,50,independent,4,fixed_q1_adaptive_eta,1.0,80.0,400.0,1.0,0.0025,0.8014505478754981,1.4999999999999998,1.0,0.0025,0.001003085121429911,0.8014505478754981,3120.0
20260779,50,independent,16,adaptive_probe,32.0,80.0,2880.0,32.0,0.011387886347566916,0.00980950402314608,0.04687499999999999,32.0,0.011387886347566916,6.320056864121985e-05,0.00980950402314608,364.0
20260779,50,independent,16,probe_oracle,32.0,80.0,2880.0,32.0,0.009170040432046712,0.00980950402314608,0.04687499999999999,32.0,0.009170040432046712,0.0002473864408378341,0.04687499999999999,364.0
20260779,50,independent,16,all_agents_adaptive_eta,32.0,80.0,2880.0,32.0,0.011387886347566916,0.00980950402314608,0.04687499999999999,32.0,0.011387886347566916,6.320056864121985e-05,0.00980950402314608,364.0
20260779,50,independent,16,fixed_q8_adaptive_eta,8.0,80.0,960.0,8.0,0.0031046445301837096,0.06045518789633642,0.18749999999999997,8.0,0.0031046445301837096,0.00010204277097471762,0.06045518789633642,1253.0
20260779,50,independent,16,fixed_q1_adaptive_eta,1.0,80.0,400.0,1.0,0.0025,0.4378734434272007,1.4999999999999998,1.0,0.0025,0.0005480374006429239,0.4378734434272007,3120.0
20260779,50,clustered,4,adaptive_probe,32.0,80.0,2880.0,2.0,0.0025,0.16539900185007758,1.6917047346514045,2.0,0.0025,0.00020807754649332773,0.16539900185007758,2186.0
20260779,50,clustered,4,probe_oracle,32.0,80.0,2880.0,4.0,0.0025,0.4270129687142733,0.8950479968782517,4.0,0.0025,0.001136424906439276,0.8950479968782517,1640.0
20260779,50,clustered,4,all_agents_adaptive_eta,32.0,80.0,2880.0,32.0,0.007384130729697496,0.27857358764517576,0.8688495057232047,32.0,0.007384130729697496,0.0012992417066719447,0.27857358764517576,364.0
20260779,50,clustered,4,fixed_q8_adaptive_eta,8.0,80.0,960.0,8.0,0.0025,0.34946089805556196,0.8462644380853276,8.0,0.0025,0.0005355239375498474,0.34946089805556196,1253.0
20260779,50,clustered,4,fixed_q1_adaptive_eta,1.0,80.0,400.0,1.0,0.0025,0.5931625598307132,3.0564999999999993,1.0,0.0025,0.0007423988445825981,0.5931625598307132,3120.0
20260779,50,clustered,16,adaptive_probe,32.0,80.0,2880.0,2.0,0.0025,0.7240066186842304,1.6917047346514045,2.0,0.0025,0.0009072111682595522,0.7240066186842304,2186.0
20260779,50,clustered,16,probe_oracle,32.0,80.0,2880.0,4.0,0.0025,0.9046846954240257,0.8950479968782517,4.0,0.0025,0.0011366177943098704,0.8950479968782517,1640.0
20260779,50,clustered,16,all_agents_adaptive_eta,32.0,80.0,2880.0,32.0,0.007384130729697496,0.5140962876632228,0.8688495057232047,32.0,0.007384130729697496,0.002200451278703825,0.5140962876632228,364.0
20260779,50,clustered,16,fixed_q8_adaptive_eta,8.0,80.0,960.0,8.0,0.0025,0.6527907697457533,0.8462644380853276,8.0,0.0025,0.0009323503578865911,0.6527907697457533,1253.0
20260779,50,clustered,16,fixed_q1_adaptive_eta,1.0,80.0,400.0,1.0,0.0025,1.0091769566471738,3.0564999999999993,1.0,0.0025,0.0012630702741425698,1.0091769566471738,3120.0
20260779,50,global,4,adaptive_probe,32.0,80.0,2880.0,2.0,0.0025,0.8588387916589059,17.014563995837655,2.0,0.0025,0.0010757655888428794,0.8588387916589059,2186.0
20260779,50,global,4,probe_oracle,32.0,80.0,2880.0,1.0,0.0025,1.253888110779082,15.575999999999988,1.0,0.0025,0.01949442912528953,15.575999999999988,2624.0
20260779,50,global,4,all_agents_adaptive_eta,32.0,80.0,2880.0,32.0,0.0047880164034928676,1.7760964057316735,23.418749999999978,32.0,0.0047880164034928676,0.005660991111928896,1.7760964057316735,364.0
20260779,50,global,4,fixed_q8_adaptive_eta,8.0,80.0,960.0,8.0,0.0025,1.3964072037136868,21.698450572320485,8.0,0.0025,0.0018220035157800567,1.3964072037136868,1253.0
20260779,50,global,4,fixed_q1_adaptive_eta,1.0,80.0,400.0,1.0,0.0025,1.253888110779082,15.575999999999988,1.0,0.0025,0.0015693362963713532,1.253888110779082,3120.0
20260779,50,global,16,adaptive_probe,32.0,80.0,2880.0,4.0,0.0025,0.7594898812818311,20.628043704474486,4.0,0.0025,0.0009523164271705596,0.7594898812818311,1640.0
20260779,50,global,16,probe_oracle,32.0,80.0,2880.0,1.0,0.0025,1.2623567964988027,15.575999999999988,1.0,0.0025,0.01949434420055029,15.575999999999988,2624.0
20260779,50,global,16,all_agents_adaptive_eta,32.0,80.0,2880.0,32.0,0.0031046445301837096,0.863260455820565,23.418749999999978,32.0,0.0031046445301837096,0.0019432082089570271,0.863260455820565,364.0
20260779,50,global,16,fixed_q8_adaptive_eta,8.0,80.0,960.0,8.0,0.0025,0.9101911296831898,21.698450572320485,8.0,0.0025,0.0011562167323943755,0.9101911296831898,1253.0
20260779,50,global,16,fixed_q1_adaptive_eta,1.0,80.0,400.0,1.0,0.0025,1.2623567964988027,15.575999999999988,1.0,0.0025,0.0015799260651449018,1.2623567964988027,3120.0
20260779,50,mixed,4,adaptive_probe,32.0,80.0,2880.0,4.0,0.0025,0.5132567912633071,10.848220516822746,4.0,0.0025,0.0006595364317432594,0.5132567912633071,1640.0
20260779,50,mixed,4,probe_oracle,32.0,80.0,2880.0,2.0,0.0025,0.6958471113710214,9.510085154353096,2.0,0.0025,0.011903401095938591,9.510085154353096,2186.0
20260779,50,mixed,4,all_agents_adaptive_eta,32.0,80.0,2880.0,32.0,0.005946035575013605,0.9146983257717789,12.280795503815458,32.0,0.005946035575013605,0.003515945425335401,0.9146983257717789,364.0
20260779,50,mixed,4,fixed_q8_adaptive_eta,8.0,80.0,960.0,8.0,0.0025,0.7352214972349201,11.382151578217128,8.0,0.0025,0.0010236437949758064,0.7352214972349201,1253.0
20260779,50,mixed,4,fixed_q1_adaptive_eta,1.0,80.0,400.0,1.0,0.0025,1.7426156274671323,9.57566666666666,1.0,0.0025,0.0021810123019963845,1.7426156274671323,3120.0
20260779,50,mixed,16,adaptive_probe,32.0,80.0,2880.0,4.0,0.0025,0.7970854873670781,10.848220516822746,4.0,0.0025,0.0010063640073333217,0.7970854873670781,1640.0
20260779,50,mixed,16,probe_oracle,32.0,80.0,2880.0,2.0,0.0025,1.0405765284656237,9.510085154353096,2.0,0.0025,0.011902861248415995,9.510085154353096,2186.0
20260779,50,mixed,16,all_agents_adaptive_eta,32.0,80.0,2880.0,32.0,0.005946035575013605,0.6373012036204349,12.280795503815458,32.0,0.005946035575013605,0.0023057957095392774,0.6373012036204349,364.0
20260779,50,mixed,16,fixed_q8_adaptive_eta,8.0,80.0,960.0,8.0,0.0025,0.7659266292112722,11.382151578217128,8.0,0.0025,0.0010272512988210335,0.7659266292112722,1253.0
20260779,50,mixed,16,fixed_q1_adaptive_eta,1.0,80.0,400.0,1.0,0.0025,1.5129448184166683,9.57566666666666,1.0,0.0025,0.0018935614103953013,1.5129448184166683,3120.0
20260780,51,independent,4,adaptive_probe,32.0,80.0,2880.0,4.0,0.0025,0.17870777238235142,0.37499999999999994,4.0,0.0025,0.00023449238327546442,0.17870777238235142,1640.0
20260780,51,independent,4,probe_oracle,32.0,80.0,2880.0,32.0,0.009170040432046712,0.05748392554194927,0.04687499999999999,32.0,0.009170040432046712,0.0002632475491386189,0.04687499999999999,364.0
20260780,51,independent,4,all_agents_adaptive_eta,32.0,80.0,2880.0,32.0,0.009170040432046712,0.05748392554194927,0.04687499999999999,32.0,0.009170040432046712,0.00031266097769700753,0.05748392554194927,364.0
20260780,51,independent,4,fixed_q8_adaptive_eta,8.0,80.0,960.0,8.0,0.0031046445301837096,0.16035047148712067,0.18749999999999997,8.0,0.0031046445301837096,0.0002686465216203929,0.16035047148712067,1253.0
20260780,51,independent,4,fixed_q1_adaptive_eta,1.0,80.0,400.0,1.0,0.0025,1.578500010978051,1.4999999999999998,1.0,0.0025,0.0019756082538264583,1.578500010978051,3120.0
20260780,51,independent,16,adaptive_probe,32.0,80.0,2880.0,4.0,0.0025,0.15061633780158265,0.37499999999999994,4.0,0.0025,0.00019461158688431355,0.15061633780158265,1640.0
20260780,51,independent,16,probe_oracle,32.0,80.0,2880.0,32.0,0.009170040432046712,0.08105910962046167,0.04687499999999999,32.0,0.009170040432046712,0.00024609546770833646,0.04687499999999999,364.0
20260780,51,independent,16,all_agents_adaptive_eta,32.0,80.0,2880.0,32.0,0.007384130729697496,0.08105910962046167,0.04687499999999999,32.0,0.007384130729697496,0.00038938892537569714,0.08105910962046167,364.0
20260780,51,independent,16,fixed_q8_adaptive_eta,8.0,80.0,960.0,8.0,0.0025,0.1801148244961029,0.18749999999999997,8.0,0.0025,0.0002710027315508676,0.1801148244961029,1253.0
20260780,51,independent,16,fixed_q1_adaptive_eta,1.0,80.0,400.0,1.0,0.0025,0.6084451337177572,1.4999999999999998,1.0,0.0025,0.0007615343744468939,0.6084451337177572,3120.0
20260780,51,clustered,4,adaptive_probe,32.0,80.0,2880.0,4.0,0.0025,0.3099919697209292,0.8950479968782517,4.0,0.0025,0.0004014115519455656,0.3099919697209292,1640.0
20260780,51,clustered,4,probe_oracle,32.0,80.0,2880.0,4.0,0.0025,0.3099919697209292,0.8950479968782517,4.0,0.0025,0.001133447823272035,0.8950479968782517,1640.0
20260780,51,clustered,4,all_agents_adaptive_eta,32.0,80.0,2880.0,32.0,0.007384130729697496,0.3489054571796173,0.8688495057232047,32.0,0.007384130729697496,0.0015141632351342907,0.3489054571796173,364.0
20260780,51,clustered,4,fixed_q8_adaptive_eta,8.0,80.0,960.0,8.0,0.0025,0.27242552361153227,0.8462644380853276,8.0,0.0025,0.0004462068389277542,0.27242552361153227,1253.0
20260780,51,clustered,4,fixed_q1_adaptive_eta,1.0,80.0,400.0,1.0,0.0025,0.6968067938820186,3.0564999999999993,1.0,0.0025,0.0008721152960412068,0.6968067938820186,3120.0
20260780,51,clustered,16,adaptive_probe,32.0,80.0,2880.0,1.0,0.0025,0.41579115885994666,3.0564999999999993,1.0,0.0025,0.0005204497925671418,0.41579115885994666,2624.0
20260780,51,clustered,16,probe_oracle,32.0,80.0,2880.0,4.0,0.0025,0.4773921869724108,0.8950479968782517,4.0,0.0025,0.0011283673896897149,0.8950479968782517,1640.0
20260780,51,clustered,16,all_agents_adaptive_eta,32.0,80.0,2880.0,32.0,0.005946035575013605,0.5547968504507543,0.8688495057232047,32.0,0.005946035575013605,0.0020369678323231,0.5547968504507543,364.0
20260780,51,clustered,16,fixed_q8_adaptive_eta,8.0,80.0,960.0,8.0,0.0025,0.4915875570825675,0.8462644380853276,8.0,0.0025,0.0006901679546031418,0.4915875570825675,1253.0
20260780,51,clustered,16,fixed_q1_adaptive_eta,1.0,80.0,400.0,1.0,0.0025,0.41579115885994666,3.0564999999999993,1.0,0.0025,0.0005204089808162199,0.41579115885994666,3120.0
20260780,51,global,4,adaptive_probe,32.0,80.0,2880.0,1.0,0.0025,2.0305916777095665,15.575999999999988,1.0,0.0025,0.0025418060955566357,2.0305916777095665,2624.0
20260780,51,global,4,probe_oracle,32.0,80.0,2880.0,1.0,0.0025,2.0305916777095665,15.575999999999988,1.0,0.0025,0.019494724255522594,15.575999999999988,2624.0
20260780,51,global,4,all_agents_adaptive_eta,32.0,80.0,2880.0,32.0,0.005946035575013605,3.059761442056596,23.418749999999978,32.0,0.005946035575013605,0.011592047879374099,3.059761442056596,364.0
20260780,51,global,4,fixed_q8_adaptive_eta,8.0,80.0,960.0,8.0,0.0025,2.919957328234668,21.698450572320485,8.0,0.0025,0.004034605469036115,2.919957328234668,1253.0
20260780,51,global,4,fixed_q1_adaptive_eta,1.0,80.0,400.0,1.0,0.0025,2.0305916777095665,15.575999999999988,1.0,0.0025,0.0025414507582548207,2.0305916777095665,3120.0
20260780,51,global,16,adaptive_probe,32.0,80.0,2880.0,1.0,0.0025,2.5743715944017547,15.575999999999988,1.0,0.0025,0.0032219936300573863,2.5743715944017547,2624.0
20260780,51,global,16,probe_oracle,32.0,80.0,2880.0,1.0,0.0025,2.5743715944017547,15.575999999999988,1.0,0.0025,0.01949433751678084,15.575999999999988,2624.0
20260780,51,global,16,all_agents_adaptive_eta,32.0,80.0,2880.0,32.0,0.0025,4.778223438252314,23.418749999999978,32.0,0.0025,0.005712248705315931,4.778223438252314,364.0
20260780,51,global,16,fixed_q8_adaptive_eta,8.0,80.0,960.0,8.0,0.0025,4.879364567048422,21.698450572320485,8.0,0.0025,0.006128366646569309,4.879364567048422,1253.0
20260780,51,global,16,fixed_q1_adaptive_eta,1.0,80.0,400.0,1.0,0.0025,2.5743715944017547,15.575999999999988,1.0,0.0025,0.0032220040031422504,2.5743715944017547,3120.0
20260780,51,mixed,4,adaptive_probe,32.0,80.0,2880.0,2.0,0.0025,0.8525742100903517,9.510085154353096,2.0,0.0025,0.001069788435884489,0.8525742100903517,2186.0
20260780,51,mixed,4,probe_oracle,32.0,80.0,2880.0,2.0,0.0025,0.8525742100903517,9.510085154353096,2.0,0.0025,0.011905029953567724,9.510085154353096,2186.0
20260780,51,mixed,4,all_agents_adaptive_eta,32.0,80.0,2880.0,32.0,0.005946035575013605,2.119603516049186,12.280795503815458,32.0,0.005946035575013605,0.008248412395775088,2.119603516049186,364.0
20260780,51,mixed,4,fixed_q8_adaptive_eta,8.0,80.0,960.0,8.0,0.0025,1.9167594137680068,11.382151578217128,8.0,0.0025,0.0026993482509098036,1.9167594137680068,1253.0
20260780,51,mixed,4,fixed_q1_adaptive_eta,1.0,80.0,400.0,1.0,0.0025,1.6822559637956622,9.57566666666666,1.0,0.0025,0.0021054837560472344,1.6822559637956622,3120.0
20260780,51,mixed,16,adaptive_probe,32.0,80.0,2880.0,2.0,0.0025,1.8692955922836951,9.510085154353096,2.0,0.0025,0.0023397169718337974,1.8692955922836951,2186.0
20260780,51,mixed,16,probe_oracle,32.0,80.0,2880.0,2.0,0.0025,1.8692955922836951,9.510085154353096,2.0,0.0025,0.011902488630318288,9.510085154353096,2186.0
20260780,51,mixed,16,all_agents_adaptive_eta,32.0,80.0,2880.0,32.0,0.0025,3.3212893675751993,12.280795503815458,32.0,0.0025,0.005406553956895672,3.3212893675751993,364.0
20260780,51,mixed,16,fixed_q8_adaptive_eta,8.0,80.0,960.0,8.0,0.0025,3.2734389820709433,11.382151578217128,8.0,0.0025,0.004140982731769861,3.2734389820709433,1253.0
20260780,51,mixed,16,fixed_q1_adaptive_eta,1.0,80.0,400.0,1.0,0.0025,1.8817542384679906,9.57566666666666,1.0,0.0025,0.0023551501659502833,1.8817542384679906,3120.0
20260781,52,independent,4,adaptive_probe,32.0,80.0,2880.0,16.0,0.0047880164034928676,0.06380737077478807,0.09374999999999999,16.0,0.0047880164034928676,0.00018476833391731925,0.06380737077478807,656.0
20260781,52,independent,4,probe_oracle,32.0,80.0,2880.0,32.0,0.009170040432046712,0.04262916078996154,0.04687499999999999,32.0,0.009170040432046712,0.00023782990992170702,0.04687499999999999,364.0
20260781,52,independent,4,all_agents_adaptive_eta,32.0,80.0,2880.0,32.0,0.009170040432046712,0.04262916078996154,0.04687499999999999,32.0,0.009170040432046712,0.0002180539701579624,0.04262916078996154,364.0
20260781,52,independent,4,fixed_q8_adaptive_eta,8.0,80.0,960.0,8.0,0.0025,0.23902704206378966,0.18749999999999997,8.0,0.0025,0.00033759289026546606,0.23902704206378966,1253.0
20260781,52,independent,4,fixed_q1_adaptive_eta,1.0,80.0,400.0,1.0,0.0025,0.8293924077547319,1.4999999999999998,1.0,0.0025,0.0010380448942789299,0.8293924077547319,3120.0
20260781,52,independent,16,adaptive_probe,32.0,80.0,2880.0,16.0,0.0047880164034928676,0.08936911176703159,0.09374999999999999,16.0,0.0047880164034928676,0.00024148709666302378,0.08936911176703159,656.0
20260781,52,independent,16,probe_oracle,32.0,80.0,2880.0,32.0,0.007384130729697496,0.12130531355505804,0.04687499999999999,32.0,0.007384130729697496,0.00023144388997345324,0.04687499999999999,364.0
20260781,52,independent,16,all_agents_adaptive_eta,32.0,80.0,2880.0,32.0,0.007384130729697496,0.12130531355505804,0.04687499999999999,32.0,0.007384130729697496,0.0005199841879023036,0.12130531355505804,364.0
20260781,52,independent,16,fixed_q8_adaptive_eta,8.0,80.0,960.0,8.0,0.0025,0.3314347572970556,0.18749999999999997,8.0,0.0025,0.00048013171003120334,0.3314347572970556,1253.0
20260781,52,independent,16,fixed_q1_adaptive_eta,1.0,80.0,400.0,1.0,0.0025,1.542424061184287,1.4999999999999998,1.0,0.0025,0.0019304443898704856,1.542424061184287,3120.0
20260781,52,clustered,4,adaptive_probe,32.0,80.0,2880.0,4.0,0.0025,0.7448417983502551,0.8950479968782517,4.0,0.0025,0.0009326956346687428,0.7448417983502551,1640.0
20260781,52,clustered,4,probe_oracle,32.0,80.0,2880.0,8.0,0.0025,0.9920459553818441,0.8462644380853276,8.0,0.0025,0.0010660138140346457,0.8462644380853276,1093.0
20260781,52,clustered,4,all_agents_adaptive_eta,32.0,80.0,2880.0,32.0,0.0025,1.086209976195432,0.8688495057232047,32.0,0.0025,0.0015775802184101017,1.086209976195432,364.0
20260781,52,clustered,4,fixed_q8_adaptive_eta,8.0,80.0,960.0,8.0,0.0025,0.9920459553818441,0.8462644380853276,8.0,0.0025,0.0012407524348420943,0.9920459553818441,1253.0
20260781,52,clustered,4,fixed_q1_adaptive_eta,1.0,80.0,400.0,1.0,0.0025,3.3180061878238627,3.0564999999999993,1.0,0.0025,0.004152697995215415,3.3180061878238627,3120.0
20260781,52,clustered,16,adaptive_probe,32.0,80.0,2880.0,32.0,0.0025,1.1995990588146854,0.8688495057232047,32.0,0.0025,0.0012888752511983563,1.1995990588146854,364.0
20260781,52,clustered,16,probe_oracle,32.0,80.0,2880.0,32.0,0.0025,1.1995990588146854,0.8688495057232047,32.0,0.0025,0.000934008830696979,0.8688495057232047,364.0
20260781,52,clustered,16,all_agents_adaptive_eta,32.0,80.0,2880.0,32.0,0.0025,1.1995990588146854,0.8688495057232047,32.0,0.0025,0.0012888752511983563,1.1995990588146854,364.0
20260781,52,clustered,16,fixed_q8_adaptive_eta,8.0,80.0,960.0,8.0,0.0025,1.2971112771195843,0.8462644380853276,8.0,0.0025,0.0016348519503353858,1.2971112771195843,1253.0
20260781,52,clustered,16,fixed_q1_adaptive_eta,1.0,80.0,400.0,1.0,0.0025,2.953404255356271,3.0564999999999993,1.0,0.0025,0.0036963754072896946,2.953404255356271,3120.0
20260781,52,global,4,adaptive_probe,32.0,80.0,2880.0,2.0,0.0025,0.8979103498778884,17.014563995837655,2.0,0.0025,0.0011246920195095726,0.8979103498778884,2186.0
20260781,52,global,4,probe_oracle,32.0,80.0,2880.0,1.0,0.0025,0.9146968725920139,15.575999999999988,1.0,0.0025,0.01949443210765163,15.575999999999988,2624.0
20260781,52,global,4,all_agents_adaptive_eta,32.0,80.0,2880.0,32.0,0.0047880164034928676,1.580883433359985,23.418749999999978,32.0,0.0047880164034928676,0.005251327237540079,1.580883433359985,364.0
20260781,52,global,4,fixed_q8_adaptive_eta,8.0,80.0,960.0,8.0,0.0025,1.5052356114027465,21.698450572320485,8.0,0.0025,0.001952706212867463,1.5052356114027465,1253.0
20260781,52,global,4,fixed_q1_adaptive_eta,1.0,80.0,400.0,1.0,0.0025,0.9146968725920139,15.575999999999988,1.0,0.0025,0.001144803419287835,0.9146968725920139,3120.0
20260781,52,global,16,adaptive_probe,32.0,80.0,2880.0,2.0,0.0025,0.7421300165406574,17.014563995837655,2.0,0.0025,0.0009305525049601807,0.7421300165406574,2186.0
20260781,52,global,16,probe_oracle,32.0,80.0,2880.0,1.0,0.0025,1.3703340206679184,15.575999999999988,1.0,0.0025,0.01949452431656211,15.575999999999988,2624.0
20260781,52,global,16,all_agents_adaptive_eta,32.0,80.0,2880.0,32.0,0.005946035575013605,1.5234171995684185,23.418749999999978,32.0,0.005946035575013605,0.005749697894699451,1.5234171995684185,364.0
20260781,52,global,16,fixed_q8_adaptive_eta,8.0,80.0,960.0,8.0,0.0025,1.3756759503584726,21.698450572320485,8.0,0.0025,0.0018020105341998007,1.3756759503584726,1253.0
20260781,52,global,16,fixed_q1_adaptive_eta,1.0,80.0,400.0,1.0,0.0025,1.3703340206679184,15.575999999999988,1.0,0.0025,0.001715067173331493,1.3703340206679184,3120.0
20260781,52,mixed,4,adaptive_probe,32.0,80.0,2880.0,4.0,0.0025,1.6356861987214115,10.848220516822746,4.0,0.0025,0.0020677549870828467,1.6356861987214115,1640.0
20260781,52,mixed,4,probe_oracle,32.0,80.0,2880.0,2.0,0.0025,2.5942129868789725,9.510085154353096,2.0,0.0025,0.011903648583712541,9.510085154353096,2186.0
20260781,52,mixed,4,all_agents_adaptive_eta,32.0,80.0,2880.0,32.0,0.0047880164034928676,2.344652124760852,12.280795503815458,32.0,0.0047880164034928676,0.007806167775738553,2.344652124760852,364.0
20260781,52,mixed,4,fixed_q8_adaptive_eta,8.0,80.0,960.0,8.0,0.0025,2.120443078057801,11.382151578217128,8.0,0.0025,0.0027598907911311286,2.120443078057801,1253.0
20260781,52,mixed,4,fixed_q1_adaptive_eta,1.0,80.0,400.0,1.0,0.0025,4.173165794513602,9.57566666666666,1.0,0.0025,0.005222989229894854,4.173165794513602,3120.0
20260781,52,mixed,16,adaptive_probe,32.0,80.0,2880.0,4.0,0.0025,1.6185241013695941,10.848220516822746,4.0,0.0025,0.0020474525997069555,1.6185241013695941,1640.0
20260781,52,mixed,16,probe_oracle,32.0,80.0,2880.0,2.0,0.0025,2.1094569422229124,9.510085154353096,2.0,0.0025,0.011903724710784153,9.510085154353096,2186.0
20260781,52,mixed,16,all_agents_adaptive_eta,32.0,80.0,2880.0,32.0,0.0047880164034928676,2.088128309161104,12.280795503815458,32.0,0.0047880164034928676,0.007242853180707151,2.088128309161104,364.0
20260781,52,mixed,16,fixed_q8_adaptive_eta,8.0,80.0,960.0,8.0,0.0025,1.9729030084008108,11.382151578217128,8.0,0.0025,0.002530650980978992,1.9729030084008108,1253.0
20260781,52,mixed,16,fixed_q1_adaptive_eta,1.0,80.0,400.0,1.0,0.0025,3.5966449569507484,9.57566666666666,1.0,0.0025,0.004501436889509144,3.5966449569507484,3120.0
20260782,53,independent,4,adaptive_probe,32.0,80.0,2880.0,16.0,0.005946035575013605,0.03351794236557384,0.09374999999999999,16.0,0.005946035575013605,0.00011741953272455789,0.03351794236557384,656.0
20260782,53,independent,4,probe_oracle,32.0,80.0,2880.0,32.0,0.009170040432046712,0.020468431376967543,0.04687499999999999,32.0,0.009170040432046712,0.00026766241491119655,0.04687499999999999,364.0
20260782,53,independent,4,all_agents_adaptive_eta,32.0,80.0,2880.0,32.0,0.011387886347566916,0.020468431376967543,0.04687499999999999,32.0,0.011387886347566916,0.00012818767277211597,0.020468431376967543,364.0
20260782,53,independent,4,fixed_q8_adaptive_eta,8.0,80.0,960.0,8.0,0.0025,0.22086744143244438,0.18749999999999997,8.0,0.0025,0.0003497402553423811,0.22086744143244438,1253.0
20260782,53,independent,4,fixed_q1_adaptive_eta,1.0,80.0,400.0,1.0,0.0025,1.3557035563538564,1.4999999999999998,1.0,0.0025,0.001696753283042451,1.3557035563538564,3120.0
20260782,53,independent,16,adaptive_probe,32.0,80.0,2880.0,16.0,0.005946035575013605,0.03997651943105214,0.09374999999999999,16.0,0.005946035575013605,0.00013263574118947284,0.03997651943105214,656.0
20260782,53,independent,16,probe_oracle,32.0,80.0,2880.0,32.0,0.009170040432046712,0.029841861844115095,0.04687499999999999,32.0,0.009170040432046712,0.000254367801580666,0.04687499999999999,364.0
20260782,53,independent,16,all_agents_adaptive_eta,32.0,80.0,2880.0,32.0,0.009170040432046712,0.029841861844115095,0.04687499999999999,32.0,0.009170040432046712,0.00017111982694207754,0.029841861844115095,364.0
20260782,53,independent,16,fixed_q8_adaptive_eta,8.0,80.0,960.0,8.0,0.0031046445301837096,0.11975199319368776,0.18749999999999997,8.0,0.0031046445301837096,0.00020375067096556975,0.11975199319368776,1253.0
20260782,53,independent,16,fixed_q1_adaptive_eta,1.0,80.0,400.0,1.0,0.0025,1.4839016493361725,1.4999999999999998,1.0,0.0025,0.001857201507714758,1.4839016493361725,3120.0
20260782,53,clustered,4,adaptive_probe,32.0,80.0,2880.0,16.0,0.0025,1.2944021688625895,0.8392795265348594,16.0,0.0025,0.001659769048323791,1.2944021688625895,656.0
20260782,53,clustered,4,probe_oracle,32.0,80.0,2880.0,8.0,0.0025,1.4098054877784603,0.8462644380853276,8.0,0.0025,0.0010658482957530075,0.8462644380853276,1093.0
20260782,53,clustered,4,all_agents_adaptive_eta,32.0,80.0,2880.0,32.0,0.0025,1.3837763175478404,0.8688495057232047,32.0,0.0025,0.0018832088624867295,1.3837763175478404,364.0
20260782,53,clustered,4,fixed_q8_adaptive_eta,8.0,80.0,960.0,8.0,0.0025,1.4098054877784603,0.8462644380853276,8.0,0.0025,0.001768101058352293,1.4098054877784603,1253.0
20260782,53,clustered,4,fixed_q1_adaptive_eta,1.0,80.0,400.0,1.0,0.0025,3.0693113524057187,3.0564999999999993,1.0,0.0025,0.003841440403633907,3.0693113524057187,3120.0
20260782,53,clustered,16,adaptive_probe,32.0,80.0,2880.0,32.0,0.0025,0.7647291297552548,0.8688495057232047,32.0,0.0025,0.000849224969064339,0.7647291297552548,364.0
20260782,53,clustered,16,probe_oracle,32.0,80.0,2880.0,32.0,0.0025,0.7647291297552548,0.8688495057232047,32.0,0.0025,0.0009609373652736379,0.8688495057232047,364.0
20260782,53,clustered,16,all_agents_adaptive_eta,32.0,80.0,2880.0,32.0,0.0025,0.7647291297552548,0.8688495057232047,32.0,0.0025,0.000849224969064339,0.7647291297552548,364.0
20260782,53,clustered,16,fixed_q8_adaptive_eta,8.0,80.0,960.0,8.0,0.0025,0.952436189976998,0.8462644380853276,8.0,0.0025,0.001196101442767801,0.952436189976998,1253.0
20260782,53,clustered,16,fixed_q1_adaptive_eta,1.0,80.0,400.0,1.0,0.0025,2.2092968734560987,3.0564999999999993,1.0,0.0025,0.0027650774041812895,2.2092968734560987,3120.0
20260782,53,global,4,adaptive_probe,32.0,80.0,2880.0,2.0,0.0025,1.467151445313897,17.014563995837655,2.0,0.0025,0.0018419032705064473,1.467151445313897,2186.0
20260782,53,global,4,probe_oracle,32.0,80.0,2880.0,1.0,0.0025,2.307760323876903,15.575999999999988,1.0,0.0025,0.01949496581884,15.575999999999988,2624.0
20260782,53,global,4,all_agents_adaptive_eta,32.0,80.0,2880.0,32.0,0.007384130729697496,1.8229375720346639,23.418749999999978,32.0,0.007384130729697496,0.008178462599515827,1.8229375720346639,364.0
20260782,53,global,4,fixed_q8_adaptive_eta,8.0,80.0,960.0,8.0,0.0025,1.8963227562198566,21.698450572320485,8.0,0.0025,0.0029340802207117743,1.8963227562198566,1253.0
20260782,53,global,4,fixed_q1_adaptive_eta,1.0,80.0,400.0,1.0,0.0025,2.307760323876903,15.575999999999988,1.0,0.0025,0.0028883438778694918,2.307760323876903,3120.0
20260782,53,global,16,adaptive_probe,32.0,80.0,2880.0,4.0,0.0025,1.7331319538342447,20.628043704474486,4.0,0.0025,0.0022005149091334133,1.7331319538342447,1640.0
20260782,53,global,16,probe_oracle,32.0,80.0,2880.0,1.0,0.0025,2.599517252478994,15.575999999999988,1.0,0.0025,0.019494561495543402,15.575999999999988,2624.0
20260782,53,global,16,all_agents_adaptive_eta,32.0,80.0,2880.0,32.0,0.005946035575013605,2.0436284867336783,23.418749999999978,32.0,0.005946035575013605,0.007511270056018951,2.0436284867336783,364.0
20260782,53,global,16,fixed_q8_adaptive_eta,8.0,80.0,960.0,8.0,0.0025,1.95398739400683,21.698450572320485,8.0,0.0025,0.002688972529551978,1.95398739400683,1253.0
20260782,53,global,16,fixed_q1_adaptive_eta,1.0,80.0,400.0,1.0,0.0025,2.599517252478994,15.575999999999988,1.0,0.0025,0.003253477199404058,2.599517252478994,3120.0
20260782,53,mixed,4,adaptive_probe,32.0,80.0,2880.0,4.0,0.0025,2.180708926045663,10.848220516822746,4.0,0.0025,0.0027592540112116306,2.180708926045663,1640.0
20260782,53,mixed,4,probe_oracle,32.0,80.0,2880.0,2.0,0.0025,2.529491235108186,9.510085154353096,2.0,0.0025,0.011904269522713189,9.510085154353096,2186.0
20260782,53,mixed,4,all_agents_adaptive_eta,32.0,80.0,2880.0,32.0,0.005946035575013605,2.0996124304873436,12.280795503815458,32.0,0.005946035575013605,0.0076489490560980224,2.0996124304873436,364.0
20260782,53,mixed,4,fixed_q8_adaptive_eta,8.0,80.0,960.0,8.0,0.0025,2.112943447912845,11.382151578217128,8.0,0.0025,0.00284866832056012,2.112943447912845,1253.0
20260782,53,mixed,4,fixed_q1_adaptive_eta,1.0,80.0,400.0,1.0,0.0025,3.7234210380482873,9.57566666666666,1.0,0.0025,0.004660111233775615,3.7234210380482873,3120.0
20260782,53,mixed,16,adaptive_probe,32.0,80.0,2880.0,4.0,0.0025,1.5009489486896779,10.848220516822746,4.0,0.0025,0.001883322322811599,1.5009489486896779,1640.0
20260782,53,mixed,16,probe_oracle,32.0,80.0,2880.0,2.0,0.0025,1.7903677423244861,9.510085154353096,2.0,0.0025,0.011902618635417167,9.510085154353096,2186.0
20260782,53,mixed,16,all_agents_adaptive_eta,32.0,80.0,2880.0,32.0,0.0038555270635198514,1.5127651905058315,12.280795503815458,32.0,0.0038555270635198514,0.003887814911396607,1.5127651905058315,364.0
20260782,53,mixed,16,fixed_q8_adaptive_eta,8.0,80.0,960.0,8.0,0.0025,1.6034579200356922,11.382151578217128,8.0,0.0025,0.0020720620439345057,1.6034579200356922,1253.0
20260782,53,mixed,16,fixed_q1_adaptive_eta,1.0,80.0,400.0,1.0,0.0025,2.2131207016389745,9.57566666666666,1.0,0.0025,0.002769867513924981,2.2131207016389745,3120.0
20260783,54,independent,4,adaptive_probe,32.0,80.0,2880.0,8.0,0.0031046445301837096,0.22137977112347715,0.18749999999999997,8.0,0.0031046445301837096,0.00036923981081054766,0.22137977112347715,1093.0
20260783,54,independent,4,probe_oracle,32.0,80.0,2880.0,32.0,0.009170040432046712,0.07384252327875046,0.04687499999999999,32.0,0.009170040432046712,0.00024387965022640564,0.04687499999999999,364.0
20260783,54,independent,4,all_agents_adaptive_eta,32.0,80.0,2880.0,32.0,0.009170040432046712,0.07384252327875046,0.04687499999999999,32.0,0.009170040432046712,0.00036948688346242814,0.07384252327875046,364.0
20260783,54,independent,4,fixed_q8_adaptive_eta,8.0,80.0,960.0,8.0,0.0025,0.22137977112347715,0.18749999999999997,8.0,0.0025,0.0003160551536007765,0.22137977112347715,1253.0
20260783,54,independent,4,fixed_q1_adaptive_eta,1.0,80.0,400.0,1.0,0.0025,1.9864285434721807,1.4999999999999998,1.0,0.0025,0.002486142986874161,1.9864285434721807,3120.0
20260783,54,independent,16,adaptive_probe,32.0,80.0,2880.0,32.0,0.007384130729697496,0.03318344136445795,0.04687499999999999,32.0,0.007384130729697496,0.00017004664546114694,0.03318344136445795,364.0
20260783,54,independent,16,probe_oracle,32.0,80.0,2880.0,32.0,0.007384130729697496,0.03318344136445795,0.04687499999999999,32.0,0.007384130729697496,0.00022312403045546497,0.04687499999999999,364.0
20260783,54,independent,16,all_agents_adaptive_eta,32.0,80.0,2880.0,32.0,0.007384130729697496,0.03318344136445795,0.04687499999999999,32.0,0.007384130729697496,0.00017004664546114694,0.03318344136445795,364.0
20260783,54,independent,16,fixed_q8_adaptive_eta,8.0,80.0,960.0,8.0,0.0025,0.21676492654693014,0.18749999999999997,8.0,0.0025,0.00031529575371204503,0.21676492654693014,1253.0
20260783,54,independent,16,fixed_q1_adaptive_eta,1.0,80.0,400.0,1.0,0.0025,1.3692886694458033,1.4999999999999998,1.0,0.0025,0.0017137554384869082,1.3692886694458033,3120.0
20260783,54,clustered,4,adaptive_probe,32.0,80.0,2880.0,8.0,0.0025,0.6229226562225784,0.8462644380853276,8.0,0.0025,0.0007929641640243803,0.6229226562225784,1093.0
20260783,54,clustered,4,probe_oracle,32.0,80.0,2880.0,8.0,0.0025,0.6229226562225784,0.8462644380853276,8.0,0.0025,0.001071315815179515,0.8462644380853276,1093.0
20260783,54,clustered,4,all_agents_adaptive_eta,32.0,80.0,2880.0,32.0,0.0025,0.777919464558267,0.8688495057232047,32.0,0.0025,0.0014532549046179632,0.777919464558267,364.0
20260783,54,clustered,4,fixed_q8_adaptive_eta,8.0,80.0,960.0,8.0,0.0025,0.6229226562225784,0.8462644380853276,8.0,0.0025,0.0007863635989628181,0.6229226562225784,1253.0
20260783,54,clustered,4,fixed_q1_adaptive_eta,1.0,80.0,400.0,1.0,0.0025,2.0564003578281485,3.0564999999999993,1.0,0.0025,0.002573717205765696,2.0564003578281485,3120.0
20260783,54,clustered,16,adaptive_probe,32.0,80.0,2880.0,4.0,0.0025,0.33083856411357926,0.8950479968782517,4.0,0.0025,0.00041410158296159295,0.33083856411357926,1640.0
20260783,54,clustered,16,probe_oracle,32.0,80.0,2880.0,32.0,0.0025,0.5518920238399039,0.8688495057232047,32.0,0.0025,0.0010216462353394675,0.8688495057232047,364.0
20260783,54,clustered,16,all_agents_adaptive_eta,32.0,80.0,2880.0,32.0,0.0025,0.5518920238399039,0.8688495057232047,32.0,0.0025,0.0006815775459164848,0.5518920238399039,364.0
20260783,54,clustered,16,fixed_q8_adaptive_eta,8.0,80.0,960.0,8.0,0.0025,0.37954176153144226,0.8462644380853276,8.0,0.0025,0.0004768849939694818,0.37954176153144226,1253.0
20260783,54,clustered,16,fixed_q1_adaptive_eta,1.0,80.0,400.0,1.0,0.0025,1.1970100251656635,3.0564999999999993,1.0,0.0025,0.0014981351816739444,1.1970100251656635,3120.0
20260783,54,global,4,adaptive_probe,32.0,80.0,2880.0,2.0,0.0025,6.23374017814719,17.014563995837655,2.0,0.0025,0.007804558798486793,6.23374017814719,2186.0
20260783,54,global,4,probe_oracle,32.0,80.0,2880.0,1.0,0.0025,6.4575249982193,15.575999999999988,1.0,0.0025,0.01949463856687013,15.575999999999988,2624.0
20260783,54,global,4,all_agents_adaptive_eta,32.0,80.0,2880.0,32.0,0.0047880164034928676,8.295264709435195,23.418749999999978,32.0,0.0047880164034928676,0.02409068695318986,8.295264709435195,364.0
20260783,54,global,4,fixed_q8_adaptive_eta,8.0,80.0,960.0,8.0,0.0025,7.698817919758708,21.698450572320485,8.0,0.0025,0.009889365322933047,7.698817919758708,1253.0
20260783,54,global,4,fixed_q1_adaptive_eta,1.0,80.0,400.0,1.0,0.0025,6.4575249982193,15.575999999999988,1.0,0.0025,0.00808201869611808,6.4575249982193,3120.0
20260783,54,global,16,adaptive_probe,32.0,80.0,2880.0,1.0,0.0025,2.486072053567738,15.575999999999988,1.0,0.0025,0.003111814577789541,2.486072053567738,2624.0
20260783,54,global,16,probe_oracle,32.0,80.0,2880.0,1.0,0.0025,2.486072053567738,15.575999999999988,1.0,0.0025,0.019494670813325565,15.575999999999988,2624.0
20260783,54,global,16,all_agents_adaptive_eta,32.0,80.0,2880.0,32.0,0.0047880164034928676,4.900445605381311,23.418749999999978,32.0,0.0047880164034928676,0.016448664390128057,4.900445605381311,364.0
20260783,54,global,16,fixed_q8_adaptive_eta,8.0,80.0,960.0,8.0,0.0025,4.432460651135756,21.698450572320485,8.0,0.0025,0.005884950479139737,4.432460651135756,1253.0
20260783,54,global,16,fixed_q1_adaptive_eta,1.0,80.0,400.0,1.0,0.0025,2.486072053567738,15.575999999999988,1.0,0.0025,0.0031115009586088925,2.486072053567738,3120.0
20260783,54,mixed,4,adaptive_probe,32.0,80.0,2880.0,2.0,0.0025,3.3083253237466,9.510085154353096,2.0,0.0025,0.0041415963659237505,3.3083253237466,2186.0
20260783,54,mixed,4,probe_oracle,32.0,80.0,2880.0,2.0,0.0025,3.3083253237466,9.510085154353096,2.0,0.0025,0.011903361384981437,9.510085154353096,2186.0
20260783,54,mixed,4,all_agents_adaptive_eta,32.0,80.0,2880.0,32.0,0.0038555270635198514,3.8160305400033017,12.280795503815458,32.0,0.0038555270635198514,0.01060795470438606,3.8160305400033017,364.0
20260783,54,mixed,4,fixed_q8_adaptive_eta,8.0,80.0,960.0,8.0,0.0025,3.465913540046934,11.382151578217128,8.0,0.0025,0.0044389784952457885,3.465913540046934,1253.0
20260783,54,mixed,4,fixed_q1_adaptive_eta,1.0,80.0,400.0,1.0,0.0025,4.132646864084523,9.57566666666666,1.0,0.0025,0.005172276549742176,4.132646864084523,3120.0
20260783,54,mixed,16,adaptive_probe,32.0,80.0,2880.0,1.0,0.0025,0.7051451038076368,9.57566666666666,1.0,0.0025,0.0008826217549467025,0.7051451038076368,2624.0
20260783,54,mixed,16,probe_oracle,32.0,80.0,2880.0,2.0,0.0025,2.0849626186550148,9.510085154353096,2.0,0.0025,0.01190307118723174,9.510085154353096,2186.0
20260783,54,mixed,16,all_agents_adaptive_eta,32.0,80.0,2880.0,32.0,0.0038555270635198514,3.154941871929882,12.280795503815458,32.0,0.0038555270635198514,0.008385133552466595,3.154941871929882,364.0
20260783,54,mixed,16,fixed_q8_adaptive_eta,8.0,80.0,960.0,8.0,0.0025,2.7272698117071115,11.382151578217128,8.0,0.0025,0.003522426622286274,2.7272698117071115,1253.0
20260783,54,mixed,16,fixed_q1_adaptive_eta,1.0,80.0,400.0,1.0,0.0025,0.7051451038076368,9.57566666666666,1.0,0.0025,0.0008825382993484056,0.7051451038076368,3120.0
20260784,55,independent,4,adaptive_probe,32.0,80.0,2880.0,16.0,0.005946035575013605,0.05729924471204624,0.09374999999999999,16.0,0.005946035575013605,0.00018807250269915743,0.05729924471204624,656.0
20260784,55,independent,4,probe_oracle,32.0,80.0,2880.0,32.0,0.009170040432046712,0.033028152746135346,0.04687499999999999,32.0,0.009170040432046712,0.0002666048311075343,0.04687499999999999,364.0
20260784,55,independent,4,all_agents_adaptive_eta,32.0,80.0,2880.0,32.0,0.011387886347566916,0.033028152746135346,0.04687499999999999,32.0,0.011387886347566916,0.00020099997853844883,0.033028152746135346,364.0
20260784,55,independent,4,fixed_q8_adaptive_eta,8.0,80.0,960.0,8.0,0.0031046445301837096,0.19622522589286856,0.18749999999999997,8.0,0.0031046445301837096,0.0003325237909574143,0.19622522589286856,1253.0
20260784,55,independent,4,fixed_q1_adaptive_eta,1.0,80.0,400.0,1.0,0.0025,1.3847984064649665,1.4999999999999998,1.0,0.0025,0.0017331691617053075,1.3847984064649665,3120.0
20260784,55,independent,16,adaptive_probe,32.0,80.0,2880.0,16.0,0.005946035575013605,0.039278301071047274,0.09374999999999999,16.0,0.005946035575013605,0.00012969811386907956,0.039278301071047274,656.0
20260784,55,independent,16,probe_oracle,32.0,80.0,2880.0,32.0,0.009170040432046712,0.03406933643878276,0.04687499999999999,32.0,0.009170040432046712,0.0002523482070746959,0.04687499999999999,364.0
20260784,55,independent,16,all_agents_adaptive_eta,32.0,80.0,2880.0,32.0,0.009170040432046712,0.03406933643878276,0.04687499999999999,32.0,0.009170040432046712,0.00018976164518467838,0.03406933643878276,364.0
20260784,55,independent,16,fixed_q8_adaptive_eta,8.0,80.0,960.0,8.0,0.0031046445301837096,0.1453168505252893,0.18749999999999997,8.0,0.0031046445301837096,0.00024776188088165173,0.1453168505252893,1253.0
20260784,55,independent,16,fixed_q1_adaptive_eta,1.0,80.0,400.0,1.0,0.0025,1.5340502444396533,1.4999999999999998,1.0,0.0025,0.0019199725174199466,1.5340502444396533,3120.0
20260784,55,clustered,4,adaptive_probe,32.0,80.0,2880.0,8.0,0.0031046445301837096,0.32326658907662315,0.8462644380853276,8.0,0.0031046445301837096,0.0005639888984532264,0.32326658907662315,1093.0
20260784,55,clustered,4,probe_oracle,32.0,80.0,2880.0,4.0,0.0025,0.5995654382590095,0.8950479968782517,4.0,0.0025,0.0011349872272293279,0.8950479968782517,1640.0
20260784,55,clustered,4,all_agents_adaptive_eta,32.0,80.0,2880.0,32.0,0.007384130729697496,0.20635512701422332,0.8688495057232047,32.0,0.007384130729697496,0.0010068100103811225,0.20635512701422332,364.0
20260784,55,clustered,4,fixed_q8_adaptive_eta,8.0,80.0,960.0,8.0,0.0031046445301837096,0.32326658907662315,0.8462644380853276,8.0,0.0031046445301837096,0.0005318503367226152,0.32326658907662315,1253.0
20260784,55,clustered,4,fixed_q1_adaptive_eta,1.0,80.0,400.0,1.0,0.0025,3.0016401913534136,3.0564999999999993,1.0,0.0025,0.003756750381954285,3.0016401913534136,3120.0
20260784,55,clustered,16,adaptive_probe,32.0,80.0,2880.0,8.0,0.0031046445301837096,0.22433416598282907,0.8462644380853276,8.0,0.0031046445301837096,0.00038715046348439876,0.22433416598282907,1093.0
20260784,55,clustered,16,probe_oracle,32.0,80.0,2880.0,4.0,0.0025,0.40923971530686004,0.8950479968782517,4.0,0.0025,0.0011292924469496351,0.8950479968782517,1640.0
20260784,55,clustered,16,all_agents_adaptive_eta,32.0,80.0,2880.0,32.0,0.007384130729697496,0.15521254785232555,0.8688495057232047,32.0,0.007384130729697496,0.0007160922651321876,0.15521254785232555,364.0
20260784,55,clustered,16,fixed_q8_adaptive_eta,8.0,80.0,960.0,8.0,0.0031046445301837096,0.22433416598282907,0.8462644380853276,8.0,0.0031046445301837096,0.00037170151406927955,0.22433416598282907,1253.0
20260784,55,clustered,16,fixed_q1_adaptive_eta,1.0,80.0,400.0,1.0,0.0025,2.311406661002867,3.0564999999999993,1.0,0.0025,0.0028928763754854318,2.311406661002867,3120.0
20260784,55,global,4,adaptive_probe,32.0,80.0,2880.0,2.0,0.0025,0.9184147364314603,17.014563995837655,2.0,0.0025,0.0011561111715318378,0.9184147364314603,2186.0
20260784,55,global,4,probe_oracle,32.0,80.0,2880.0,1.0,0.0025,1.4468000612465668,15.575999999999988,1.0,0.0025,0.01949507465298239,15.575999999999988,2624.0
20260784,55,global,4,all_agents_adaptive_eta,32.0,80.0,2880.0,32.0,0.009170040432046712,0.7566583032599956,23.418749999999978,32.0,0.009170040432046712,0.0039488789752821956,0.7566583032599956,364.0
20260784,55,global,4,fixed_q8_adaptive_eta,8.0,80.0,960.0,8.0,0.0031046445301837096,0.8918292877317178,21.698450572320485,8.0,0.0031046445301837096,0.0015489620254266665,0.8918292877317178,1253.0
20260784,55,global,4,fixed_q1_adaptive_eta,1.0,80.0,400.0,1.0,0.0025,1.4468000612465668,15.575999999999988,1.0,0.0025,0.0018108059083193015,1.4468000612465668,3120.0
20260784,55,global,16,adaptive_probe,32.0,80.0,2880.0,2.0,0.0025,1.0642589967840494,17.014563995837655,2.0,0.0025,0.0013388818138148162,1.0642589967840494,2186.0
20260784,55,global,16,probe_oracle,32.0,80.0,2880.0,1.0,0.0025,1.5962572328291433,15.575999999999988,1.0,0.0025,0.019495101481327583,15.575999999999988,2624.0
20260784,55,global,16,all_agents_adaptive_eta,32.0,80.0,2880.0,32.0,0.009170040432046712,0.8700534281905824,23.418749999999978,32.0,0.009170040432046712,0.004554061630276688,0.8700534281905824,364.0
20260784,55,global,16,fixed_q8_adaptive_eta,8.0,80.0,960.0,8.0,0.0031046445301837096,0.7756834207093071,21.698450572320485,8.0,0.0031046445301837096,0.0013673869497568367,0.7756834207093071,1253.0
20260784,55,global,16,fixed_q1_adaptive_eta,1.0,80.0,400.0,1.0,0.0025,1.5962572328291433,15.575999999999988,1.0,0.0025,0.0019978715565976044,1.5962572328291433,3120.0
20260784,55,mixed,4,adaptive_probe,32.0,80.0,2880.0,4.0,0.0025,0.8281886190893548,10.848220516822746,4.0,0.0025,0.0011098212828121725,0.8281886190893548,1640.0
20260784,55,mixed,4,probe_oracle,32.0,80.0,2880.0,2.0,0.0025,1.0232307810102326,9.510085154353096,2.0,0.0025,0.011907056156315508,9.510085154353096,2186.0
20260784,55,mixed,4,all_agents_adaptive_eta,32.0,80.0,2880.0,32.0,0.009170040432046712,0.5003944835782816,12.280795503815458,32.0,0.009170040432046712,0.0026346255543167624,0.5003944835782816,364.0
20260784,55,mixed,4,fixed_q8_adaptive_eta,8.0,80.0,960.0,8.0,0.0031046445301837096,0.6361152445005711,11.382151578217128,8.0,0.0031046445301837096,0.001106099034177239,0.6361152445005711,1253.0
20260784,55,mixed,4,fixed_q1_adaptive_eta,1.0,80.0,400.0,1.0,0.0025,2.5716950342423077,9.57566666666666,1.0,0.0025,0.0032186687146576617,2.5716950342423077,3120.0
20260784,55,mixed,16,adaptive_probe,32.0,80.0,2880.0,4.0,0.0025,0.6680485251269673,10.848220516822746,4.0,0.0025,0.0009051614533215043,0.6680485251269673,1640.0
20260784,55,mixed,16,probe_oracle,32.0,80.0,2880.0,2.0,0.0025,0.7553218932186418,9.510085154353096,2.0,0.0025,0.01190677740706107,9.510085154353096,2186.0
20260784,55,mixed,16,all_agents_adaptive_eta,32.0,80.0,2880.0,32.0,0.009170040432046712,0.5211139319245387,12.280795503815458,32.0,0.009170040432046712,0.0027423300754901058,0.5211139319245387,364.0
20260784,55,mixed,16,fixed_q8_adaptive_eta,8.0,80.0,960.0,8.0,0.0031046445301837096,0.4958396089994467,11.382151578217128,8.0,0.0031046445301837096,0.0008810876959244257,0.4958396089994467,1253.0
20260784,55,mixed,16,fixed_q1_adaptive_eta,1.0,80.0,400.0,1.0,0.0025,1.8858202191233309,9.57566666666666,1.0,0.0025,0.0023602484971715497,1.8858202191233309,3120.0
20260785,56,independent,4,adaptive_probe,32.0,80.0,2880.0,32.0,0.009170040432046712,0.028405138833349934,0.04687499999999999,32.0,0.009170040432046712,0.0001594987210107633,0.028405138833349934,364.0
20260785,56,independent,4,probe_oracle,32.0,80.0,2880.0,32.0,0.009170040432046712,0.028405138833349934,0.04687499999999999,32.0,0.009170040432046712,0.0002455262043438142,0.04687499999999999,364.0
20260785,56,independent,4,all_agents_adaptive_eta,32.0,80.0,2880.0,32.0,0.009170040432046712,0.028405138833349934,0.04687499999999999,32.0,0.009170040432046712,0.0001594987210107633,0.028405138833349934,364.0
20260785,56,independent,4,fixed_q8_adaptive_eta,8.0,80.0,960.0,8.0,0.0025,0.23111468188476783,0.18749999999999997,8.0,0.0025,0.0003373375379300901,0.23111468188476783,1253.0
20260785,56,independent,4,fixed_q1_adaptive_eta,1.0,80.0,400.0,1.0,0.0025,1.5320945670586616,1.4999999999999998,1.0,0.0025,0.0019175260615135151,1.5320945670586616,3120.0
20260785,56,independent,16,adaptive_probe,32.0,80.0,2880.0,16.0,0.005946035575013605,0.024452100916593132,0.09374999999999999,16.0,0.005946035575013605,7.926470461755832e-05,0.024452100916593132,656.0
20260785,56,independent,16,probe_oracle,32.0,80.0,2880.0,32.0,0.007384130729697496,0.01965054108177522,0.04687499999999999,32.0,0.007384130729697496,0.00023173325925563955,0.04687499999999999,364.0
20260785,56,independent,16,all_agents_adaptive_eta,32.0,80.0,2880.0,32.0,0.009170040432046712,0.01965054108177522,0.04687499999999999,32.0,0.009170040432046712,0.00010736528950241487,0.01965054108177522,364.0
20260785,56,independent,16,fixed_q8_adaptive_eta,8.0,80.0,960.0,8.0,0.0025,0.14216043979345946,0.18749999999999997,8.0,0.0025,0.000226029337634511,0.14216043979345946,1253.0
20260785,56,independent,16,fixed_q1_adaptive_eta,1.0,80.0,400.0,1.0,0.0025,2.1025015507180553,1.4999999999999998,1.0,0.0025,0.002631445847677183,2.1025015507180553,3120.0
20260785,56,clustered,4,adaptive_probe,32.0,80.0,2880.0,8.0,0.0025,0.31429527563250714,0.8462644380853276,8.0,0.0025,0.0004696386510381294,0.31429527563250714,1093.0
20260785,56,clustered,4,probe_oracle,32.0,80.0,2880.0,4.0,0.0025,0.4085796184136869,0.8950479968782517,4.0,0.0025,0.001124945719979038,0.8950479968782517,1640.0
20260785,56,clustered,4,all_agents_adaptive_eta,32.0,80.0,2880.0,32.0,0.005946035575013605,0.4328228427559503,0.8688495057232047,32.0,0.005946035575013605,0.0015171052022534227,0.4328228427559503,364.0
20260785,56,clustered,4,fixed_q8_adaptive_eta,8.0,80.0,960.0,8.0,0.0025,0.31429527563250714,0.8462644380853276,8.0,0.0025,0.0004314370924835794,0.31429527563250714,1253.0
20260785,56,clustered,4,fixed_q1_adaptive_eta,1.0,80.0,400.0,1.0,0.0025,2.0569069623196734,3.0564999999999993,1.0,0.0025,0.002574362937030261,2.0569069623196734,3120.0
20260785,56,clustered,16,adaptive_probe,32.0,80.0,2880.0,4.0,0.0025,0.37239987802671315,0.8950479968782517,4.0,0.0025,0.0004692522470334265,0.37239987802671315,1640.0
20260785,56,clustered,16,probe_oracle,32.0,80.0,2880.0,8.0,0.0025,0.36050064167364904,0.8462644380853276,8.0,0.0025,0.0011071824929341943,0.8462644380853276,1093.0
20260785,56,clustered,16,all_agents_adaptive_eta,32.0,80.0,2880.0,32.0,0.0047880164034928676,0.5394074891653121,0.8688495057232047,32.0,0.0047880164034928676,0.0016284706844326806,0.5394074891653121,364.0
20260785,56,clustered,16,fixed_q8_adaptive_eta,8.0,80.0,960.0,8.0,0.0025,0.36050064167364904,0.8462644380853276,8.0,0.0025,0.0004963565584904891,0.36050064167364904,1253.0
20260785,56,clustered,16,fixed_q1_adaptive_eta,1.0,80.0,400.0,1.0,0.0025,2.1441333397751183,3.0564999999999993,1.0,0.0025,0.0026835350477810572,2.1441333397751183,3120.0
20260785,56,global,4,adaptive_probe,32.0,80.0,2880.0,2.0,0.0025,6.267351417391948,17.014563995837655,2.0,0.0025,0.007845423580659127,6.267351417391948,2186.0
20260785,56,global,4,probe_oracle,32.0,80.0,2880.0,1.0,0.0025,7.4626385113088824,15.575999999999988,1.0,0.0025,0.01949450451098761,15.575999999999988,2624.0
20260785,56,global,4,all_agents_adaptive_eta,32.0,80.0,2880.0,32.0,0.0038555270635198514,7.392495551742956,23.418749999999978,32.0,0.0038555270635198514,0.018755918763020223,7.392495551742956,364.0
20260785,56,global,4,fixed_q8_adaptive_eta,8.0,80.0,960.0,8.0,0.0025,7.1795468148741985,21.698450572320485,8.0,0.0025,0.009130944090604666,7.1795468148741985,1253.0
20260785,56,global,4,fixed_q1_adaptive_eta,1.0,80.0,400.0,1.0,0.0025,7.4626385113088824,15.575999999999988,1.0,0.0025,0.009339990297123986,7.4626385113088824,3120.0
20260785,56,global,16,adaptive_probe,32.0,80.0,2880.0,2.0,0.0025,5.396901404713911,17.014563995837655,2.0,0.0025,0.006755855887703172,5.396901404713911,2186.0
20260785,56,global,16,probe_oracle,32.0,80.0,2880.0,1.0,0.0025,6.176783481297225,15.575999999999988,1.0,0.0025,0.019494486358017028,15.575999999999988,2624.0
20260785,56,global,16,all_agents_adaptive_eta,32.0,80.0,2880.0,32.0,0.0038555270635198514,7.243799347328545,23.418749999999978,32.0,0.0038555270635198514,0.017942163852629908,7.243799347328545,364.0
20260785,56,global,16,fixed_q8_adaptive_eta,8.0,80.0,960.0,8.0,0.0025,6.728635241277264,21.698450572320485,8.0,0.0025,0.008579667795237342,6.728635241277264,1253.0
20260785,56,global,16,fixed_q1_adaptive_eta,1.0,80.0,400.0,1.0,0.0025,6.176783481297225,15.575999999999988,1.0,0.0025,0.007730673299915797,6.176783481297225,3120.0
20260785,56,mixed,4,adaptive_probe,32.0,80.0,2880.0,2.0,0.0025,3.380497304252356,9.510085154353096,2.0,0.0025,0.004231824634110304,3.380497304252356,2186.0
20260785,56,mixed,4,probe_oracle,32.0,80.0,2880.0,2.0,0.0025,3.380497304252356,9.510085154353096,2.0,0.0025,0.01190326336370397,9.510085154353096,2186.0
20260785,56,mixed,4,all_agents_adaptive_eta,32.0,80.0,2880.0,32.0,0.0038555270635198514,3.5815653914341388,12.280795503815458,32.0,0.0038555270635198514,0.009854742743927931,3.5815653914341388,364.0
20260785,56,mixed,4,fixed_q8_adaptive_eta,8.0,80.0,960.0,8.0,0.0025,3.4143603004575858,11.382151578217128,8.0,0.0025,0.004370578516438485,3.4143603004575858,1253.0
20260785,56,mixed,4,fixed_q1_adaptive_eta,1.0,80.0,400.0,1.0,0.0025,5.098148231040087,9.57566666666666,1.0,0.0025,0.006380677572351473,5.098148231040087,3120.0
20260785,56,mixed,16,adaptive_probe,32.0,80.0,2880.0,2.0,0.0025,2.599772967166834,9.510085154353096,2.0,0.0025,0.0032545968765471766,2.599772967166834,2186.0
20260785,56,mixed,16,probe_oracle,32.0,80.0,2880.0,2.0,0.0025,2.599772967166834,9.510085154353096,2.0,0.0025,0.011903145170947193,9.510085154353096,2186.0
20260785,56,mixed,16,all_agents_adaptive_eta,32.0,80.0,2880.0,32.0,0.0038555270635198514,3.540918226265624,12.280795503815458,32.0,0.0038555270635198514,0.00935842711999586,3.540918226265624,364.0
20260785,56,mixed,16,fixed_q8_adaptive_eta,8.0,80.0,960.0,8.0,0.0025,3.178297538342407,11.382151578217128,8.0,0.0025,0.00409018961809874,3.178297538342407,1253.0
20260785,56,mixed,16,fixed_q1_adaptive_eta,1.0,80.0,400.0,1.0,0.0025,3.5850181277067357,9.57566666666666,1.0,0.0025,0.0044869011294460266,3.5850181277067357,3120.0
20260786,57,independent,4,adaptive_probe,32.0,80.0,2880.0,32.0,0.009170040432046712,0.04022018508307087,0.04687499999999999,32.0,0.009170040432046712,0.0002204807112207027,0.04022018508307087,364.0
20260786,57,independent,4,probe_oracle,32.0,80.0,2880.0,32.0,0.009170040432046712,0.04022018508307087,0.04687499999999999,32.0,0.009170040432046712,0.0002514769907371066,0.04687499999999999,364.0
20260786,57,independent,4,all_agents_adaptive_eta,32.0,80.0,2880.0,32.0,0.009170040432046712,0.04022018508307087,0.04687499999999999,32.0,0.009170040432046712,0.0002204807112207027,0.04022018508307087,364.0
20260786,57,independent,4,fixed_q8_adaptive_eta,8.0,80.0,960.0,8.0,0.0025,0.260215706705742,0.18749999999999997,8.0,0.0025,0.0003668839956817202,0.260215706705742,1253.0
20260786,57,independent,4,fixed_q1_adaptive_eta,1.0,80.0,400.0,1.0,0.0025,3.1840641147687028,1.4999999999999998,1.0,0.0025,0.003985063715266687,3.1840641147687028,3120.0
20260786,57,independent,16,adaptive_probe,32.0,80.0,2880.0,32.0,0.007384130729697496,0.06997587783374448,0.04687499999999999,32.0,0.007384130729697496,0.0003462506107315667,0.06997587783374448,364.0
20260786,57,independent,16,probe_oracle,32.0,80.0,2880.0,32.0,0.009170040432046712,0.06997587783374448,0.04687499999999999,32.0,0.009170040432046712,0.00024613411134657856,0.04687499999999999,364.0
20260786,57,independent,16,all_agents_adaptive_eta,32.0,80.0,2880.0,32.0,0.007384130729697496,0.06997587783374448,0.04687499999999999,32.0,0.007384130729697496,0.0003462506107315667,0.06997587783374448,364.0
20260786,57,independent,16,fixed_q8_adaptive_eta,8.0,80.0,960.0,8.0,0.0025,0.28248577639254074,0.18749999999999997,8.0,0.0025,0.0004010862841411072,0.28248577639254074,1253.0
20260786,57,independent,16,fixed_q1_adaptive_eta,1.0,80.0,400.0,1.0,0.0025,2.539596604760038,1.4999999999999998,1.0,0.0025,0.0031784685414449564,2.539596604760038,3120.0
20260786,57,clustered,4,adaptive_probe,32.0,80.0,2880.0,8.0,0.0025,0.6931297127652629,0.8462644380853276,8.0,0.0025,0.0009173339747651963,0.6931297127652629,1093.0
20260786,57,clustered,4,probe_oracle,32.0,80.0,2880.0,8.0,0.0025,0.6931297127652629,0.8462644380853276,8.0,0.0025,0.001108186323513012,0.8462644380853276,1093.0
20260786,57,clustered,4,all_agents_adaptive_eta,32.0,80.0,2880.0,32.0,0.0038555270635198514,0.7398906012899702,0.8688495057232047,32.0,0.0038555270635198514,0.0021045463123616605,0.7398906012899702,364.0
20260786,57,clustered,4,fixed_q8_adaptive_eta,8.0,80.0,960.0,8.0,0.0025,0.6931297127652629,0.8462644380853276,8.0,0.0025,0.0008866117891100873,0.6931297127652629,1253.0
20260786,57,clustered,4,fixed_q1_adaptive_eta,1.0,80.0,400.0,1.0,0.0025,0.9658684051535402,3.0564999999999993,1.0,0.0025,0.0012088466322579888,0.9658684051535402,3120.0
20260786,57,clustered,16,adaptive_probe,32.0,80.0,2880.0,8.0,0.0025,0.6932198478102215,0.8462644380853276,8.0,0.0025,0.0009060195054201189,0.6932198478102215,1093.0
20260786,57,clustered,16,probe_oracle,32.0,80.0,2880.0,8.0,0.0025,0.6932198478102215,0.8462644380853276,8.0,0.0025,0.00109712534832621,0.8462644380853276,1093.0
20260786,57,clustered,16,all_agents_adaptive_eta,32.0,80.0,2880.0,32.0,0.0038555270635198514,0.7970303832674539,0.8688495057232047,32.0,0.0038555270635198514,0.002025229467814446,0.7970303832674539,364.0
20260786,57,clustered,16,fixed_q8_adaptive_eta,8.0,80.0,960.0,8.0,0.0025,0.6932198478102215,0.8462644380853276,8.0,0.0025,0.0008973710904394219,0.6932198478102215,1253.0
20260786,57,clustered,16,fixed_q1_adaptive_eta,1.0,80.0,400.0,1.0,0.0025,0.9752864949057939,3.0564999999999993,1.0,0.0025,0.0012206352443867694,0.9752864949057939,3120.0
20260786,57,global,4,adaptive_probe,32.0,80.0,2880.0,1.0,0.0025,3.4264167724783463,15.575999999999988,1.0,0.0025,0.004290673021238164,3.4264167724783463,2624.0
20260786,57,global,4,probe_oracle,32.0,80.0,2880.0,1.0,0.0025,3.4264167724783463,15.575999999999988,1.0,0.0025,0.019496629551535024,15.575999999999988,2624.0
20260786,57,global,4,all_agents_adaptive_eta,32.0,80.0,2880.0,32.0,0.007384130729697496,7.075473039844914,23.418749999999978,32.0,0.007384130729697496,0.031376544892966415,7.075473039844914,364.0
20260786,57,global,4,fixed_q8_adaptive_eta,8.0,80.0,960.0,8.0,0.0025,6.168986169820007,21.698450572320485,8.0,0.0025,0.009665347920902364,6.168986169820007,1253.0
20260786,57,global,4,fixed_q1_adaptive_eta,1.0,80.0,400.0,1.0,0.0025,3.4264167724783463,15.575999999999988,1.0,0.0025,0.0042884609285027886,3.4264167724783463,3120.0
20260786,57,global,16,adaptive_probe,32.0,80.0,2880.0,1.0,0.0025,1.9718101972116497,15.575999999999988,1.0,0.0025,0.002470397177490077,1.9718101972116497,2624.0
20260786,57,global,16,probe_oracle,32.0,80.0,2880.0,1.0,0.0025,1.9718101972116497,15.575999999999988,1.0,0.0025,0.01949688400401022,15.575999999999988,2624.0
20260786,57,global,16,all_agents_adaptive_eta,32.0,80.0,2880.0,32.0,0.007384130729697496,4.867880963863743,23.418749999999978,32.0,0.007384130729697496,0.023255823324124975,4.867880963863743,364.0
20260786,57,global,16,fixed_q8_adaptive_eta,8.0,80.0,960.0,8.0,0.0031046445301837096,4.38590507818825,21.698450572320485,8.0,0.0031046445301837096,0.007284348695517893,4.38590507818825,1253.0
20260786,57,global,16,fixed_q1_adaptive_eta,1.0,80.0,400.0,1.0,0.0025,1.9718101972116497,15.575999999999988,1.0,0.0025,0.0024679472714351502,1.9718101972116497,3120.0
20260786,57,mixed,4,adaptive_probe,32.0,80.0,2880.0,4.0,0.0025,1.7127814417679637,10.848220516822746,4.0,0.0025,0.0023016838374379967,1.7127814417679637,1640.0
20260786,57,mixed,4,probe_oracle,32.0,80.0,2880.0,2.0,0.0025,2.3765554341670976,9.510085154353096,2.0,0.0025,0.01191258338724633,9.510085154353096,2186.0
20260786,57,mixed,4,all_agents_adaptive_eta,32.0,80.0,2880.0,32.0,0.007384130729697496,2.8497511027087064,12.280795503815458,32.0,0.007384130729697496,0.01312589086849613,2.8497511027087064,364.0
20260786,57,mixed,4,fixed_q8_adaptive_eta,8.0,80.0,960.0,8.0,0.0031046445301837096,2.3231155314704783,11.382151578217128,8.0,0.0031046445301837096,0.003826057827388565,2.3231155314704783,1253.0
20260786,57,mixed,4,fixed_q1_adaptive_eta,1.0,80.0,400.0,1.0,0.0025,3.20674107996758,9.57566666666666,1.0,0.0025,0.004013494154214386,3.20674107996758,3120.0
20260786,57,mixed,16,adaptive_probe,32.0,80.0,2880.0,4.0,0.0025,1.5467625561424527,10.848220516822746,4.0,0.0025,0.002112347285019932,1.5467625561424527,1640.0
20260786,57,mixed,16,probe_oracle,32.0,80.0,2880.0,2.0,0.0025,1.875300795720973,9.510085154353096,2.0,0.0025,0.011913778696641496,9.510085154353096,2186.0
20260786,57,mixed,16,all_agents_adaptive_eta,32.0,80.0,2880.0,32.0,0.007384130729697496,2.176796740643843,12.280795503815458,32.0,0.007384130729697496,0.010638610102768072,2.176796740643843,364.0
20260786,57,mixed,16,fixed_q8_adaptive_eta,8.0,80.0,960.0,8.0,0.0031046445301837096,1.8438457831093382,11.382151578217128,8.0,0.0031046445301837096,0.003108076765049914,1.8438457831093382,1253.0
20260786,57,mixed,16,fixed_q1_adaptive_eta,1.0,80.0,400.0,1.0,0.0025,2.2751813169960218,9.57566666666666,1.0,0.0025,0.0028475997331867758,2.2751813169960218,3120.0
20260787,58,independent,4,adaptive_probe,32.0,80.0,2880.0,32.0,0.009170040432046712,0.05140423402639635,0.04687499999999999,32.0,0.009170040432046712,0.00026277298451010163,0.05140423402639635,364.0
20260787,58,independent,4,probe_oracle,32.0,80.0,2880.0,32.0,0.009170040432046712,0.05140423402639635,0.04687499999999999,32.0,0.009170040432046712,0.0002416770704043233,0.04687499999999999,364.0
20260787,58,independent,4,all_agents_adaptive_eta,32.0,80.0,2880.0,32.0,0.009170040432046712,0.05140423402639635,0.04687499999999999,32.0,0.009170040432046712,0.00026277298451010163,0.05140423402639635,364.0
20260787,58,independent,4,fixed_q8_adaptive_eta,8.0,80.0,960.0,8.0,0.0025,0.21942390852282617,0.18749999999999997,8.0,0.0025,0.0003034171361503324,0.21942390852282617,1253.0
20260787,58,independent,4,fixed_q1_adaptive_eta,1.0,80.0,400.0,1.0,0.0025,3.9613578948949657,1.4999999999999998,1.0,0.0025,0.00495789578275967,3.9613578948949657,3120.0
20260787,58,independent,16,adaptive_probe,32.0,80.0,2880.0,16.0,0.0047880164034928676,0.04244334755526914,0.09374999999999999,16.0,0.0047880164034928676,0.0001200648288384694,0.04244334755526914,656.0
20260787,58,independent,16,probe_oracle,32.0,80.0,2880.0,32.0,0.007384130729697496,0.06545759632954821,0.04687499999999999,32.0,0.007384130729697496,0.0002150518526824446,0.04687499999999999,364.0
20260787,58,independent,16,all_agents_adaptive_eta,32.0,80.0,2880.0,32.0,0.007384130729697496,0.06545759632954821,0.04687499999999999,32.0,0.007384130729697496,0.0002870900804571149,0.06545759632954821,364.0
20260787,58,independent,16,fixed_q8_adaptive_eta,8.0,80.0,960.0,8.0,0.0025,0.09807669676365788,0.18749999999999997,8.0,0.0025,0.00015242869761210426,0.09807669676365788,1253.0
20260787,58,independent,16,fixed_q1_adaptive_eta,1.0,80.0,400.0,1.0,0.0025,4.137347362919009,1.4999999999999998,1.0,0.0025,0.005178159285370791,4.137347362919009,3120.0
20260787,58,clustered,4,adaptive_probe,32.0,80.0,2880.0,8.0,0.0025,0.7876555913494655,0.8462644380853276,8.0,0.0025,0.0010263841419986795,0.7876555913494655,1093.0
20260787,58,clustered,4,probe_oracle,32.0,80.0,2880.0,8.0,0.0025,0.7876555913494655,0.8462644380853276,8.0,0.0025,0.0010994285545808753,0.8462644380853276,1093.0
20260787,58,clustered,4,all_agents_adaptive_eta,32.0,80.0,2880.0,32.0,0.0038555270635198514,0.6704015552204592,0.8688495057232047,32.0,0.0038555270635198514,0.00185455552707186,0.6704015552204592,364.0
20260787,58,clustered,4,fixed_q8_adaptive_eta,8.0,80.0,960.0,8.0,0.0025,0.7876555913494655,0.8462644380853276,8.0,0.0025,0.0010007084176446733,0.7876555913494655,1253.0
20260787,58,clustered,4,fixed_q1_adaptive_eta,1.0,80.0,400.0,1.0,0.0025,5.124707310850166,3.0564999999999993,1.0,0.0025,0.006413900477144528,5.124707310850166,3120.0
20260787,58,clustered,16,adaptive_probe,32.0,80.0,2880.0,8.0,0.0025,0.6400718089547894,0.8462644380853276,8.0,0.0025,0.0008169309456893806,0.6400718089547894,1093.0
20260787,58,clustered,16,probe_oracle,32.0,80.0,2880.0,8.0,0.0025,0.6400718089547894,0.8462644380853276,8.0,0.0025,0.0010744024193310333,0.8462644380853276,1093.0
20260787,58,clustered,16,all_agents_adaptive_eta,32.0,80.0,2880.0,32.0,0.0031046445301837096,0.5077495383311981,0.8688495057232047,32.0,0.0031046445301837096,0.0011427052579701742,0.5077495383311981,364.0
20260787,58,clustered,16,fixed_q8_adaptive_eta,8.0,80.0,960.0,8.0,0.0025,0.6400718089547894,0.8462644380853276,8.0,0.0025,0.0008190642994242912,0.6400718089547894,1253.0
20260787,58,clustered,16,fixed_q1_adaptive_eta,1.0,80.0,400.0,1.0,0.0025,3.2801364559268014,3.0564999999999993,1.0,0.0025,0.004105302246534319,3.2801364559268014,3120.0
20260787,58,global,4,adaptive_probe,32.0,80.0,2880.0,16.0,0.0025,0.7086985736471234,22.83752497398542,16.0,0.0025,0.0009650488104257616,0.7086985736471234,656.0
20260787,58,global,4,probe_oracle,32.0,80.0,2880.0,1.0,0.0025,2.7916920432075933,15.575999999999988,1.0,0.0025,0.019494335345927323,15.575999999999988,2624.0
20260787,58,global,4,all_agents_adaptive_eta,32.0,80.0,2880.0,32.0,0.0025,0.5867784936518876,23.418749999999978,32.0,0.0025,0.0010953248550361287,0.5867784936518876,364.0
20260787,58,global,4,fixed_q8_adaptive_eta,8.0,80.0,960.0,8.0,0.0025,0.7687612711390559,21.698450572320485,8.0,0.0025,0.0009656990920117659,0.7687612711390559,1253.0
20260787,58,global,4,fixed_q1_adaptive_eta,1.0,80.0,400.0,1.0,0.0025,2.7916920432075933,15.575999999999988,1.0,0.0025,0.0034939821095836205,2.7916920432075933,3120.0
20260787,58,global,16,adaptive_probe,32.0,80.0,2880.0,2.0,0.0025,1.5905370888229506,17.014563995837655,2.0,0.0025,0.0019922692037452733,1.5905370888229506,2186.0
20260787,58,global,16,probe_oracle,32.0,80.0,2880.0,1.0,0.0025,3.63904840335885,15.575999999999988,1.0,0.0025,0.01949451308020777,15.575999999999988,2624.0
20260787,58,global,16,all_agents_adaptive_eta,32.0,80.0,2880.0,32.0,0.005946035575013605,1.698066338040022,23.418749999999978,32.0,0.005946035575013605,0.006247999372777581,1.698066338040022,364.0
20260787,58,global,16,fixed_q8_adaptive_eta,8.0,80.0,960.0,8.0,0.0025,1.7416217439044983,21.698450572320485,8.0,0.0025,0.0022799649076487506,1.7416217439044983,1253.0
20260787,58,global,16,fixed_q1_adaptive_eta,1.0,80.0,400.0,1.0,0.0025,3.63904840335885,15.575999999999988,1.0,0.0025,0.0045545067716440055,3.63904840335885,3120.0
20260787,58,mixed,4,adaptive_probe,32.0,80.0,2880.0,32.0,0.0025,0.9232062378592729,12.280795503815458,32.0,0.0025,0.0011665195948215386,0.9232062378592729,364.0
20260787,58,mixed,4,probe_oracle,32.0,80.0,2880.0,2.0,0.0025,2.3321322401227147,9.510085154353096,2.0,0.0025,0.011902295441302701,9.510085154353096,2186.0
20260787,58,mixed,4,all_agents_adaptive_eta,32.0,80.0,2880.0,32.0,0.0025,0.9232062378592729,12.280795503815458,32.0,0.0025,0.0011665195948215386,0.9232062378592729,364.0
20260787,58,mixed,4,fixed_q8_adaptive_eta,8.0,80.0,960.0,8.0,0.0025,1.0677972349865625,11.382151578217128,8.0,0.0025,0.001336070747960527,1.0677972349865625,1253.0
20260787,58,mixed,4,fixed_q1_adaptive_eta,1.0,80.0,400.0,1.0,0.0025,4.253905706696312,9.57566666666666,1.0,0.0025,0.005324037808261592,4.253905706696312,3120.0
20260787,58,mixed,16,adaptive_probe,32.0,80.0,2880.0,2.0,0.0025,1.5846091460062415,9.510085154353096,2.0,0.0025,0.001984065722242102,1.5846091460062415,2186.0
20260787,58,mixed,16,probe_oracle,32.0,80.0,2880.0,2.0,0.0025,1.5846091460062415,9.510085154353096,2.0,0.0025,0.011903134522259095,9.510085154353096,2186.0
20260787,58,mixed,16,all_agents_adaptive_eta,32.0,80.0,2880.0,32.0,0.0047880164034928676,1.3663403098625202,12.280795503815458,32.0,0.0047880164034928676,0.004639361655388234,1.3663403098625202,364.0
20260787,58,mixed,16,fixed_q8_adaptive_eta,8.0,80.0,960.0,8.0,0.0025,1.4856126999064647,11.382151578217128,8.0,0.0025,0.0019053713343236268,1.4856126999064647,1253.0
20260787,58,mixed,16,fixed_q1_adaptive_eta,1.0,80.0,400.0,1.0,0.0025,2.9429665977887636,9.57566666666666,1.0,0.0025,0.0036833147467828444,2.9429665977887636,3120.0
20260788,59,independent,4,adaptive_probe,32.0,80.0,2880.0,32.0,0.009170040432046712,0.03499815934854422,0.04687499999999999,32.0,0.009170040432046712,0.00020392043709376294,0.03499815934854422,364.0
20260788,59,independent,4,probe_oracle,32.0,80.0,2880.0,32.0,0.009170040432046712,0.03499815934854422,0.04687499999999999,32.0,0.009170040432046712,0.00025923946207037185,0.04687499999999999,364.0
20260788,59,independent,4,all_agents_adaptive_eta,32.0,80.0,2880.0,32.0,0.009170040432046712,0.03499815934854422,0.04687499999999999,32.0,0.009170040432046712,0.00020392043709376294,0.03499815934854422,364.0
20260788,59,independent,4,fixed_q8_adaptive_eta,8.0,80.0,960.0,8.0,0.0025,0.27980424907495965,0.18749999999999997,8.0,0.0025,0.0003866720343807864,0.27980424907495965,1253.0
20260788,59,independent,4,fixed_q1_adaptive_eta,1.0,80.0,400.0,1.0,0.0025,0.36254758571130663,1.4999999999999998,1.0,0.0025,0.0004537585179356851,0.36254758571130663,3120.0
20260788,59,independent,16,adaptive_probe,32.0,80.0,2880.0,32.0,0.009170040432046712,0.02286811313446654,0.04687499999999999,32.0,0.009170040432046712,0.00012945742253217462,0.02286811313446654,364.0
20260788,59,independent,16,probe_oracle,32.0,80.0,2880.0,32.0,0.009170040432046712,0.02286811313446654,0.04687499999999999,32.0,0.009170040432046712,0.0002467889847283579,0.04687499999999999,364.0
20260788,59,independent,16,all_agents_adaptive_eta,32.0,80.0,2880.0,32.0,0.009170040432046712,0.02286811313446654,0.04687499999999999,32.0,0.009170040432046712,0.00012945742253217462,0.02286811313446654,364.0
20260788,59,independent,16,fixed_q8_adaptive_eta,8.0,80.0,960.0,8.0,0.0025,0.28330568115439114,0.18749999999999997,8.0,0.0025,0.0004052153203165783,0.28330568115439114,1253.0
20260788,59,independent,16,fixed_q1_adaptive_eta,1.0,80.0,400.0,1.0,0.0025,0.8331630081250561,1.4999999999999998,1.0,0.0025,0.0010427708393183498,0.8331630081250561,3120.0
20260788,59,clustered,4,adaptive_probe,32.0,80.0,2880.0,4.0,0.0025,0.7601475996095515,0.8950479968782517,4.0,0.0025,0.0009565866709188272,0.7601475996095515,1640.0
20260788,59,clustered,4,probe_oracle,32.0,80.0,2880.0,4.0,0.0025,0.7601475996095515,0.8950479968782517,4.0,0.0025,0.001125377315289856,0.8950479968782517,1640.0
20260788,59,clustered,4,all_agents_adaptive_eta,32.0,80.0,2880.0,32.0,0.0047880164034928676,0.6497195820281414,0.8688495057232047,32.0,0.0047880164034928676,0.0021209287223847937,0.6497195820281414,364.0
20260788,59,clustered,4,fixed_q8_adaptive_eta,8.0,80.0,960.0,8.0,0.0025,0.8178920457787493,0.8462644380853276,8.0,0.0025,0.001048961218861924,0.8178920457787493,1253.0
20260788,59,clustered,4,fixed_q1_adaptive_eta,1.0,80.0,400.0,1.0,0.0025,2.405444331915113,3.0564999999999993,1.0,0.0025,0.003010568261589849,2.405444331915113,3120.0
20260788,59,clustered,16,adaptive_probe,32.0,80.0,2880.0,16.0,0.0031046445301837096,0.41398579064151836,0.8392795265348594,16.0,0.0031046445301837096,0.0008212416518864972,0.41398579064151836,656.0
20260788,59,clustered,16,probe_oracle,32.0,80.0,2880.0,8.0,0.0025,0.6839383926187549,0.8462644380853276,8.0,0.0025,0.0011033397397497578,0.8462644380853276,1093.0
20260788,59,clustered,16,all_agents_adaptive_eta,32.0,80.0,2880.0,32.0,0.0047880164034928676,0.427021965181617,0.8688495057232047,32.0,0.0047880164034928676,0.0013283076116407456,0.427021965181617,364.0
20260788,59,clustered,16,fixed_q8_adaptive_eta,8.0,80.0,960.0,8.0,0.0025,0.6839383926187549,0.8462644380853276,8.0,0.0025,0.0008881249003608368,0.6839383926187549,1253.0
20260788,59,clustered,16,fixed_q1_adaptive_eta,1.0,80.0,400.0,1.0,0.0025,3.366582083197071,3.0564999999999993,1.0,0.0025,0.004213497820881829,3.366582083197071,3120.0
20260788,59,global,4,adaptive_probe,32.0,80.0,2880.0,2.0,0.0025,0.9554628435011008,17.014563995837655,2.0,0.0025,0.0012080509310153566,0.9554628435011008,2186.0
20260788,59,global,4,probe_oracle,32.0,80.0,2880.0,1.0,0.0025,1.1593223708563496,15.575999999999988,1.0,0.0025,0.01949569659960277,15.575999999999988,2624.0
20260788,59,global,4,all_agents_adaptive_eta,32.0,80.0,2880.0,32.0,0.009170040432046712,1.1531837965098903,23.418749999999978,32.0,0.009170040432046712,0.006149437010508487,1.1531837965098903,364.0
20260788,59,global,4,fixed_q8_adaptive_eta,8.0,80.0,960.0,8.0,0.0031046445301837096,1.5152851448532787,21.698450572320485,8.0,0.0031046445301837096,0.0026001414101770163,1.5152851448532787,1253.0
20260788,59,global,4,fixed_q1_adaptive_eta,1.0,80.0,400.0,1.0,0.0025,1.1593223708563496,15.575999999999988,1.0,0.0025,0.0014510493016895829,1.1593223708563496,3120.0
20260788,59,global,16,adaptive_probe,32.0,80.0,2880.0,1.0,0.0025,0.6572538842431896,15.575999999999988,1.0,0.0025,0.0008236080986031985,0.6572538842431896,2624.0
20260788,59,global,16,probe_oracle,32.0,80.0,2880.0,1.0,0.0025,0.6572538842431896,15.575999999999988,1.0,0.0025,0.019495343636729,15.575999999999988,2624.0
20260788,59,global,16,all_agents_adaptive_eta,32.0,80.0,2880.0,32.0,0.007384130729697496,1.3682665863355337,23.418749999999978,32.0,0.007384130729697496,0.0070334217640996705,1.3682665863355337,364.0
20260788,59,global,16,fixed_q8_adaptive_eta,8.0,80.0,960.0,8.0,0.0031046445301837096,1.4747090899616142,21.698450572320485,8.0,0.0031046445301837096,0.0024894032875749715,1.4747090899616142,1253.0
20260788,59,global,16,fixed_q1_adaptive_eta,1.0,80.0,400.0,1.0,0.0025,0.6572538842431896,15.575999999999988,1.0,0.0025,0.000822671794690642,0.6572538842431896,3120.0
20260788,59,mixed,4,adaptive_probe,32.0,80.0,2880.0,2.0,0.0025,1.0656736091026604,9.510085154353096,2.0,0.0025,0.0013401976070971816,1.0656736091026604,2186.0
20260788,59,mixed,4,probe_oracle,32.0,80.0,2880.0,2.0,0.0025,1.0656736091026604,9.510085154353096,2.0,0.0025,0.01190873620399443,9.510085154353096,2186.0
20260788,59,mixed,4,all_agents_adaptive_eta,32.0,80.0,2880.0,32.0,0.009170040432046712,0.7743343405486214,12.280795503815458,32.0,0.009170040432046712,0.004017406171466789,0.7743343405486214,364.0
20260788,59,mixed,4,fixed_q8_adaptive_eta,8.0,80.0,960.0,8.0,0.0031046445301837096,1.1166893372323428,11.382151578217128,8.0,0.0031046445301837096,0.0018664708184199543,1.1166893372323428,1253.0
20260788,59,mixed,4,fixed_q1_adaptive_eta,1.0,80.0,400.0,1.0,0.0025,1.0908051480101078,9.57566666666666,1.0,0.0025,0.0013652354997815907,1.0908051480101078,3120.0
20260788,59,mixed,16,adaptive_probe,32.0,80.0,2880.0,2.0,0.0025,0.9442426733334006,9.510085154353096,2.0,0.0025,0.00118642227534127,0.9442426733334006,2186.0
20260788,59,mixed,16,probe_oracle,32.0,80.0,2880.0,2.0,0.0025,0.9442426733334006,9.510085154353096,2.0,0.0025,0.011906936829906829,9.510085154353096,2186.0
20260788,59,mixed,16,all_agents_adaptive_eta,32.0,80.0,2880.0,32.0,0.007384130729697496,0.9347245830513369,12.280795503815458,32.0,0.007384130729697496,0.004510192529016998,0.9347245830513369,364.0
20260788,59,mixed,16,fixed_q8_adaptive_eta,8.0,80.0,960.0,8.0,0.0031046445301837096,1.1698008004816005,11.382151578217128,8.0,0.0031046445301837096,0.001925476841178342,1.1698008004816005,1253.0
20260788,59,mixed,16,fixed_q1_adaptive_eta,1.0,80.0,400.0,1.0,0.0025,1.2149575259084608,9.57566666666666,1.0,0.0025,0.0015206334003549306,1.2149575259084608,3120.0
20260789,60,independent,4,adaptive_probe,32.0,80.0,2880.0,4.0,0.0025,0.09862678031965182,0.37499999999999994,4.0,0.0025,0.00013762974163620637,0.09862678031965182,1640.0
20260789,60,independent,4,probe_oracle,32.0,80.0,2880.0,32.0,0.009170040432046712,0.03281203447037854,0.04687499999999999,32.0,0.009170040432046712,0.0002771146453646779,0.04687499999999999,364.0
20260789,60,independent,4,all_agents_adaptive_eta,32.0,80.0,2880.0,32.0,0.011387886347566916,0.03281203447037854,0.04687499999999999,32.0,0.011387886347566916,0.00020170963465766854,0.03281203447037854,364.0
20260789,60,independent,4,fixed_q8_adaptive_eta,8.0,80.0,960.0,8.0,0.0031046445301837096,0.07826453589554297,0.18749999999999997,8.0,0.0031046445301837096,0.00013715245651485332,0.07826453589554297,1253.0
20260789,60,independent,4,fixed_q1_adaptive_eta,1.0,80.0,400.0,1.0,0.0025,0.888331402419243,1.4999999999999998,1.0,0.0025,0.001111819100097864,0.888331402419243,3120.0
20260789,60,independent,16,adaptive_probe,32.0,80.0,2880.0,4.0,0.0025,0.11233332295202286,0.37499999999999994,4.0,0.0025,0.00014953537636363493,0.11233332295202286,1640.0
20260789,60,independent,16,probe_oracle,32.0,80.0,2880.0,32.0,0.009170040432046712,0.04249283360118782,0.04687499999999999,32.0,0.009170040432046712,0.0002540611290452934,0.04687499999999999,364.0
20260789,60,independent,16,all_agents_adaptive_eta,32.0,80.0,2880.0,32.0,0.009170040432046712,0.04249283360118782,0.04687499999999999,32.0,0.009170040432046712,0.00023264367361859918,0.04249283360118782,364.0
20260789,60,independent,16,fixed_q8_adaptive_eta,8.0,80.0,960.0,8.0,0.0031046445301837096,0.08268614658113499,0.18749999999999997,8.0,0.0031046445301837096,0.00014240218322138294,0.08268614658113499,1253.0
20260789,60,independent,16,fixed_q1_adaptive_eta,1.0,80.0,400.0,1.0,0.0025,0.9021318818238123,1.4999999999999998,1.0,0.0025,0.0011290916889966772,0.9021318818238123,3120.0
20260789,60,clustered,4,adaptive_probe,32.0,80.0,2880.0,4.0,0.0025,0.5078733520509244,0.8950479968782517,4.0,0.0025,0.0006702654806915035,0.5078733520509244,1640.0
20260789,60,clustered,4,probe_oracle,32.0,80.0,2880.0,4.0,0.0025,0.5078733520509244,0.8950479968782517,4.0,0.0025,0.001154707773729078,0.8950479968782517,1640.0
20260789,60,clustered,4,all_agents_adaptive_eta,32.0,80.0,2880.0,32.0,0.007384130729697496,0.6192152660749274,0.8688495057232047,32.0,0.007384130729697496,0.0028580199742489175,0.6192152660749274,364.0
20260789,60,clustered,4,fixed_q8_adaptive_eta,8.0,80.0,960.0,8.0,0.0025,0.5765592004631397,0.8462644380853276,8.0,0.0025,0.0009274096907878326,0.5765592004631397,1253.0
20260789,60,clustered,4,fixed_q1_adaptive_eta,1.0,80.0,400.0,1.0,0.0025,3.8157618891116147,3.0564999999999993,1.0,0.0025,0.004775681338702421,3.8157618891116147,3120.0
20260789,60,clustered,16,adaptive_probe,32.0,80.0,2880.0,4.0,0.0025,0.6804314261022717,0.8950479968782517,4.0,0.0025,0.0008861139546058666,0.6804314261022717,1640.0
20260789,60,clustered,16,probe_oracle,32.0,80.0,2880.0,4.0,0.0025,0.6804314261022717,0.8950479968782517,4.0,0.0025,0.0011546474060072232,0.8950479968782517,1640.0
20260789,60,clustered,16,all_agents_adaptive_eta,32.0,80.0,2880.0,32.0,0.007384130729697496,0.9147884296301234,0.8688495057232047,32.0,0.007384130729697496,0.00397904913486151,0.9147884296301234,364.0
20260789,60,clustered,16,fixed_q8_adaptive_eta,8.0,80.0,960.0,8.0,0.0025,0.8153666885079278,0.8462644380853276,8.0,0.0025,0.0012519267032750825,0.8153666885079278,1253.0
20260789,60,clustered,16,fixed_q1_adaptive_eta,1.0,80.0,400.0,1.0,0.0025,4.274051161926683,3.0564999999999993,1.0,0.0025,0.0053492628203302035,4.274051161926683,3120.0
20260789,60,global,4,adaptive_probe,32.0,80.0,2880.0,1.0,0.0025,1.9498939434895513,15.575999999999988,1.0,0.0025,0.002440838230995953,1.9498939434895513,2624.0
20260789,60,global,4,probe_oracle,32.0,80.0,2880.0,1.0,0.0025,1.9498939434895513,15.575999999999988,1.0,0.0025,0.019494754607580846,15.575999999999988,2624.0
20260789,60,global,4,all_agents_adaptive_eta,32.0,80.0,2880.0,32.0,0.005946035575013605,4.02137016330264,23.418749999999978,32.0,0.005946035575013605,0.014646866432249352,4.02137016330264,364.0
20260789,60,global,4,fixed_q8_adaptive_eta,8.0,80.0,960.0,8.0,0.0025,3.607463726023223,21.698450572320485,8.0,0.0025,0.004881931641469444,3.607463726023223,1253.0
20260789,60,global,4,fixed_q1_adaptive_eta,1.0,80.0,400.0,1.0,0.0025,1.9498939434895513,15.575999999999988,1.0,0.0025,0.0024404294100410636,1.9498939434895513,3120.0
20260789,60,global,16,adaptive_probe,32.0,80.0,2880.0,1.0,0.0025,1.738822572139513,15.575999999999988,1.0,0.0025,0.002176870217847969,1.738822572139513,2624.0
20260789,60,global,16,probe_oracle,32.0,80.0,2880.0,1.0,0.0025,1.738822572139513,15.575999999999988,1.0,0.0025,0.01949495549944258,15.575999999999988,2624.0
20260789,60,global,16,all_agents_adaptive_eta,32.0,80.0,2880.0,32.0,0.005946035575013605,3.9328507280376463,23.418749999999978,32.0,0.005946035575013605,0.01551270028310124,3.9328507280376463,364.0
20260789,60,global,16,fixed_q8_adaptive_eta,8.0,80.0,960.0,8.0,0.0025,3.550433384692475,21.698450572320485,8.0,0.0025,0.004844852498188536,3.550433384692475,1253.0
20260789,60,global,16,fixed_q1_adaptive_eta,1.0,80.0,400.0,1.0,0.0025,1.738822572139513,15.575999999999988,1.0,0.0025,0.0021762600515364463,1.738822572139513,3120.0
20260789,60,mixed,4,adaptive_probe,32.0,80.0,2880.0,4.0,0.0025,0.8268210125297671,10.848220516822746,4.0,0.0025,0.0010407970644862412,0.8268210125297671,1640.0
20260789,60,mixed,4,probe_oracle,32.0,80.0,2880.0,2.0,0.0025,1.0553135673550493,9.510085154353096,2.0,0.0025,0.011902681028572868,9.510085154353096,2186.0
20260789,60,mixed,4,all_agents_adaptive_eta,32.0,80.0,2880.0,32.0,0.0047880164034928676,1.0224329825726495,12.280795503815458,32.0,0.0047880164034928676,0.0030800681431455814,1.0224329825726495,364.0
20260789,60,mixed,4,fixed_q8_adaptive_eta,8.0,80.0,960.0,8.0,0.0025,0.8933863052619191,11.382151578217128,8.0,0.0025,0.0011567480386110208,0.8933863052619191,1253.0
20260789,60,mixed,4,fixed_q1_adaptive_eta,1.0,80.0,400.0,1.0,0.0025,2.0621680677393726,9.57566666666666,1.0,0.0025,0.0025809388258831722,2.0621680677393726,3120.0
20260789,60,mixed,16,adaptive_probe,32.0,80.0,2880.0,4.0,0.0025,0.80007498306633,10.848220516822746,4.0,0.0025,0.0010117785560878872,0.80007498306633,1640.0
20260789,60,mixed,16,probe_oracle,32.0,80.0,2880.0,2.0,0.0025,1.5064450743097746,9.510085154353096,2.0,0.0025,0.011902970054211419,9.510085154353096,2186.0
20260789,60,mixed,16,all_agents_adaptive_eta,32.0,80.0,2880.0,32.0,0.005946035575013605,0.8927619937193672,12.280795503815458,32.0,0.005946035575013605,0.003166595652665175,0.8927619937193672,364.0
20260789,60,mixed,16,fixed_q8_adaptive_eta,8.0,80.0,960.0,8.0,0.0025,0.7664086707438633,11.382151578217128,8.0,0.0025,0.0009944135980042338,0.7664086707438633,1253.0
20260789,60,mixed,16,fixed_q1_adaptive_eta,1.0,80.0,400.0,1.0,0.0025,1.8544315581296342,9.57566666666666,1.0,0.0025,0.0023209421846348173,1.8544315581296342,3120.0
20260790,61,independent,4,adaptive_probe,32.0,80.0,2880.0,4.0,0.0025,0.04732158423793792,0.37499999999999994,4.0,0.0025,7.171691410145976e-05,0.04732158423793792,1640.0
20260790,61,independent,4,probe_oracle,32.0,80.0,2880.0,32.0,0.009170040432046712,0.03468264588481648,0.04687499999999999,32.0,0.009170040432046712,0.0002699784476318135,0.04687499999999999,364.0
20260790,61,independent,4,all_agents_adaptive_eta,32.0,80.0,2880.0,32.0,0.011387886347566916,0.03468264588481648,0.04687499999999999,32.0,0.011387886347566916,0.00021125023848255484,0.03468264588481648,364.0
20260790,61,independent,4,fixed_q8_adaptive_eta,8.0,80.0,960.0,8.0,0.0031046445301837096,0.259733524710717,0.18749999999999997,8.0,0.0031046445301837096,0.0004335862744336244,0.259733524710717,1253.0
20260790,61,independent,4,fixed_q1_adaptive_eta,1.0,80.0,400.0,1.0,0.0025,1.0331481535895017,1.4999999999999998,1.0,0.0025,0.0012930841825328449,1.0331481535895017,3120.0
20260790,61,independent,16,adaptive_probe,32.0,80.0,2880.0,4.0,0.0025,0.12634397885624482,0.37499999999999994,4.0,0.0025,0.00016686037734230254,0.12634397885624482,1640.0
20260790,61,independent,16,probe_oracle,32.0,80.0,2880.0,32.0,0.009170040432046712,0.029604926888521392,0.04687499999999999,32.0,0.009170040432046712,0.00025379246276567504,0.04687499999999999,364.0
20260790,61,independent,16,all_agents_adaptive_eta,32.0,80.0,2880.0,32.0,0.009170040432046712,0.029604926888521392,0.04687499999999999,32.0,0.009170040432046712,0.00016938648923141948,0.029604926888521392,364.0
20260790,61,independent,16,fixed_q8_adaptive_eta,8.0,80.0,960.0,8.0,0.0025,0.4099534431688663,0.18749999999999997,8.0,0.0025,0.0006420294975356404,0.4099534431688663,1253.0
20260790,61,independent,16,fixed_q1_adaptive_eta,1.0,80.0,400.0,1.0,0.0025,0.9905455564628443,1.4999999999999998,1.0,0.0025,0.0012397524580363218,0.9905455564628443,3120.0
20260790,61,clustered,4,adaptive_probe,32.0,80.0,2880.0,4.0,0.0025,0.43108205472526884,0.8950479968782517,4.0,0.0025,0.0005416963227093323,0.43108205472526884,1640.0
20260790,61,clustered,4,probe_oracle,32.0,80.0,2880.0,8.0,0.0025,0.6915731564073728,0.8462644380853276,8.0,0.0025,0.0010905139786410402,0.8462644380853276,1093.0
20260790,61,clustered,4,all_agents_adaptive_eta,32.0,80.0,2880.0,32.0,0.0038555270635198514,0.5294083097557513,0.8688495057232047,32.0,0.0038555270635198514,0.0014704238734064151,0.5294083097557513,364.0
20260790,61,clustered,4,fixed_q8_adaptive_eta,8.0,80.0,960.0,8.0,0.0025,0.6915731564073728,0.8462644380853276,8.0,0.0025,0.0008972015688535623,0.6915731564073728,1253.0
20260790,61,clustered,4,fixed_q1_adaptive_eta,1.0,80.0,400.0,1.0,0.0025,2.5339625818499916,3.0564999999999993,1.0,0.0025,0.0031714675192307464,2.5339625818499916,3120.0
20260790,61,clustered,16,adaptive_probe,32.0,80.0,2880.0,4.0,0.0025,0.5581132700269335,0.8950479968782517,4.0,0.0025,0.0006991815151520057,0.5581132700269335,1640.0
20260790,61,clustered,16,probe_oracle,32.0,80.0,2880.0,8.0,0.0025,0.8750984309876263,0.8462644380853276,8.0,0.0025,0.00106982867623737,0.8462644380853276,1093.0
20260790,61,clustered,16,all_agents_adaptive_eta,32.0,80.0,2880.0,32.0,0.0025,0.515797976340623,0.8688495057232047,32.0,0.0025,0.0010415609327341841,0.515797976340623,364.0
20260790,61,clustered,16,fixed_q8_adaptive_eta,8.0,80.0,960.0,8.0,0.0025,0.8750984309876263,0.8462644380853276,8.0,0.0025,0.0011264917273949573,0.8750984309876263,1253.0
20260790,61,clustered,16,fixed_q1_adaptive_eta,1.0,80.0,400.0,1.0,0.0025,2.3266088501865965,3.0564999999999993,1.0,0.0025,0.0029119437242439146,2.3266088501865965,3120.0
20260790,61,global,4,adaptive_probe,32.0,80.0,2880.0,4.0,0.0025,1.9558801133520611,20.628043704474486,4.0,0.0025,0.0024508613195421036,1.9558801133520611,1640.0
20260790,61,global,4,probe_oracle,32.0,80.0,2880.0,1.0,0.0025,2.729005478246056,15.575999999999988,1.0,0.0025,0.019494355752719995,15.575999999999988,2624.0
20260790,61,global,4,all_agents_adaptive_eta,32.0,80.0,2880.0,32.0,0.0031046445301837096,2.133261832003029,23.418749999999978,32.0,0.0031046445301837096,0.004353166984078355,2.133261832003029,364.0
20260790,61,global,4,fixed_q8_adaptive_eta,8.0,80.0,960.0,8.0,0.0025,2.2177555547130647,21.698450572320485,8.0,0.0025,0.002777924898807187,2.2177555547130647,1253.0
20260790,61,global,4,fixed_q1_adaptive_eta,1.0,80.0,400.0,1.0,0.0025,2.729005478246056,15.575999999999988,1.0,0.0025,0.003415527364200812,2.729005478246056,3120.0
20260790,61,global,16,adaptive_probe,32.0,80.0,2880.0,1.0,0.0025,2.8401065595872814,15.575999999999988,1.0,0.0025,0.003554591397255105,2.8401065595872814,2624.0
20260790,61,global,16,probe_oracle,32.0,80.0,2880.0,1.0,0.0025,2.8401065595872814,15.575999999999988,1.0,0.0025,0.01949435150282977,15.575999999999988,2624.0
20260790,61,global,16,all_agents_adaptive_eta,32.0,80.0,2880.0,32.0,0.0025,3.5396985443121083,23.418749999999978,32.0,0.0025,0.005577637371715152,3.5396985443121083,364.0
20260790,61,global,16,fixed_q8_adaptive_eta,8.0,80.0,960.0,8.0,0.0025,3.2072698006356894,21.698450572320485,8.0,0.0025,0.0040667597070691945,3.2072698006356894,1253.0
20260790,61,global,16,fixed_q1_adaptive_eta,1.0,80.0,400.0,1.0,0.0025,2.8401065595872814,15.575999999999988,1.0,0.0025,0.0035545853143485137,2.8401065595872814,3120.0
20260790,61,mixed,4,adaptive_probe,32.0,80.0,2880.0,4.0,0.0025,1.1221934261209823,10.848220516822746,4.0,0.0025,0.001407763674555259,1.1221934261209823,1640.0
20260790,61,mixed,4,probe_oracle,32.0,80.0,2880.0,2.0,0.0025,1.3716687194021637,9.510085154353096,2.0,0.0025,0.011902511354083078,9.510085154353096,2186.0
20260790,61,mixed,4,all_agents_adaptive_eta,32.0,80.0,2880.0,32.0,0.0038555270635198514,1.3177131074282826,12.280795503815458,32.0,0.0038555270635198514,0.0031996952008747238,1.3177131074282826,364.0
20260790,61,mixed,4,fixed_q8_adaptive_eta,8.0,80.0,960.0,8.0,0.0025,1.4254559622432867,11.382151578217128,8.0,0.0025,0.001789800453788064,1.4254559622432867,1253.0
20260790,61,mixed,4,fixed_q1_adaptive_eta,1.0,80.0,400.0,1.0,0.0025,2.9828402608144735,9.57566666666666,1.0,0.0025,0.0037332327088922916,2.9828402608144735,3120.0
20260790,61,mixed,16,adaptive_probe,32.0,80.0,2880.0,4.0,0.0025,0.9742842851745561,10.848220516822746,4.0,0.0025,0.0012192834476667158,0.9742842851745561,1640.0
20260790,61,mixed,16,probe_oracle,32.0,80.0,2880.0,2.0,0.0025,1.1362368446201179,9.510085154353096,2.0,0.0025,0.01190228953793809,9.510085154353096,2186.0
20260790,61,mixed,16,all_agents_adaptive_eta,32.0,80.0,2880.0,32.0,0.0025,1.3074535170773094,12.280795503815458,32.0,0.0025,0.001543760865972091,1.3074535170773094,364.0
20260790,61,mixed,16,fixed_q8_adaptive_eta,8.0,80.0,960.0,8.0,0.0025,1.3237583888428066,11.382151578217128,8.0,0.0025,0.00167334481217748,1.3237583888428066,1253.0
20260790,61,mixed,16,fixed_q1_adaptive_eta,1.0,80.0,400.0,1.0,0.0025,2.422377100563787,9.57566666666666,1.0,0.0025,0.003031789360414651,2.422377100563787,3120.0
20260791,62,independent,4,adaptive_probe,32.0,80.0,2880.0,8.0,0.0031046445301837096,0.1518136255604145,0.18749999999999997,8.0,0.0031046445301837096,0.00027522850012398213,0.1518136255604145,1093.0
20260791,62,independent,4,probe_oracle,32.0,80.0,2880.0,32.0,0.009170040432046712,0.12314520809050625,0.04687499999999999,32.0,0.009170040432046712,0.0002579677598935859,0.04687499999999999,364.0
20260791,62,independent,4,all_agents_adaptive_eta,32.0,80.0,2880.0,32.0,0.007384130729697496,0.12314520809050625,0.04687499999999999,32.0,0.007384130729697496,0.0006105079986970098,0.12314520809050625,364.0
20260791,62,independent,4,fixed_q8_adaptive_eta,8.0,80.0,960.0,8.0,0.0031046445301837096,0.1518136255604145,0.18749999999999997,8.0,0.0031046445301837096,0.0002563109232756093,0.1518136255604145,1253.0
20260791,62,independent,4,fixed_q1_adaptive_eta,1.0,80.0,400.0,1.0,0.0025,1.0400832935350282,1.4999999999999998,1.0,0.0025,0.0013017341931403966,1.0400832935350282,3120.0
20260791,62,independent,16,adaptive_probe,32.0,80.0,2880.0,8.0,0.0031046445301837096,0.10264887453741321,0.18749999999999997,8.0,0.0031046445301837096,0.00017854162792854003,0.10264887453741321,1093.0
20260791,62,independent,16,probe_oracle,32.0,80.0,2880.0,32.0,0.007384130729697496,0.05450580713274786,0.04687499999999999,32.0,0.007384130729697496,0.0002382726598038281,0.04687499999999999,364.0
20260791,62,independent,16,all_agents_adaptive_eta,32.0,80.0,2880.0,32.0,0.007384130729697496,0.05450580713274786,0.04687499999999999,32.0,0.007384130729697496,0.00026785463062129535,0.05450580713274786,364.0
20260791,62,independent,16,fixed_q8_adaptive_eta,8.0,80.0,960.0,8.0,0.0031046445301837096,0.10264887453741321,0.18749999999999997,8.0,0.0031046445301837096,0.00017136580124027658,0.10264887453741321,1253.0
20260791,62,independent,16,fixed_q1_adaptive_eta,1.0,80.0,400.0,1.0,0.0025,0.6890969669254219,1.4999999999999998,1.0,0.0025,0.000862451706399851,0.6890969669254219,3120.0
20260791,62,clustered,4,adaptive_probe,32.0,80.0,2880.0,8.0,0.0025,0.2737055719379061,0.8462644380853276,8.0,0.0025,0.00037383850989214796,0.2737055719379061,1093.0
20260791,62,clustered,4,probe_oracle,32.0,80.0,2880.0,8.0,0.0025,0.2737055719379061,0.8462644380853276,8.0,0.0025,0.0010874206459636968,0.8462644380853276,1093.0
20260791,62,clustered,4,all_agents_adaptive_eta,32.0,80.0,2880.0,32.0,0.0047880164034928676,0.2841679161597959,0.8688495057232047,32.0,0.0047880164034928676,0.0008964424772252184,0.2841679161597959,364.0
20260791,62,clustered,4,fixed_q8_adaptive_eta,8.0,80.0,960.0,8.0,0.0025,0.2737055719379061,0.8462644380853276,8.0,0.0025,0.0003670990716196743,0.2737055719379061,1253.0
20260791,62,clustered,4,fixed_q1_adaptive_eta,1.0,80.0,400.0,1.0,0.0025,3.0894229843705467,3.0564999999999993,1.0,0.0025,0.0038666116594121913,3.0894229843705467,3120.0
20260791,62,clustered,16,adaptive_probe,32.0,80.0,2880.0,32.0,0.0025,0.34200287578401317,0.8688495057232047,32.0,0.0025,0.0003755549369312518,0.34200287578401317,364.0
20260791,62,clustered,16,probe_oracle,32.0,80.0,2880.0,32.0,0.0025,0.34200287578401317,0.8688495057232047,32.0,0.0025,0.0009408170090103758,0.8688495057232047,364.0
20260791,62,clustered,16,all_agents_adaptive_eta,32.0,80.0,2880.0,32.0,0.0025,0.34200287578401317,0.8688495057232047,32.0,0.0025,0.0003755549369312518,0.34200287578401317,364.0
20260791,62,clustered,16,fixed_q8_adaptive_eta,8.0,80.0,960.0,8.0,0.0025,0.46497870213933834,0.8462644380853276,8.0,0.0025,0.000588129546360774,0.46497870213933834,1253.0
20260791,62,clustered,16,fixed_q1_adaptive_eta,1.0,80.0,400.0,1.0,0.0025,2.445763494572482,3.0564999999999993,1.0,0.0025,0.003061030226073393,2.445763494572482,3120.0
20260791,62,global,4,adaptive_probe,32.0,80.0,2880.0,1.0,0.0025,1.3104491667372025,15.575999999999988,1.0,0.0025,0.001640131132126927,1.3104491667372025,2624.0
20260791,62,global,4,probe_oracle,32.0,80.0,2880.0,1.0,0.0025,1.3104491667372025,15.575999999999988,1.0,0.0025,0.01949435228433539,15.575999999999988,2624.0
20260791,62,global,4,all_agents_adaptive_eta,32.0,80.0,2880.0,32.0,0.0031046445301837096,1.5223334599397447,23.418749999999978,32.0,0.0031046445301837096,0.0033215139216956372,1.5223334599397447,364.0
20260791,62,global,4,fixed_q8_adaptive_eta,8.0,80.0,960.0,8.0,0.0025,1.6446575990401893,21.698450572320485,8.0,0.0025,0.0020629147387394376,1.6446575990401893,1253.0
20260791,62,global,4,fixed_q1_adaptive_eta,1.0,80.0,400.0,1.0,0.0025,1.3104491667372025,15.575999999999988,1.0,0.0025,0.0016401122068320365,1.3104491667372025,3120.0
20260791,62,global,16,adaptive_probe,32.0,80.0,2880.0,1.0,0.0025,1.0175480893112185,15.575999999999988,1.0,0.0025,0.0012737427944029532,1.0175480893112185,2624.0
20260791,62,global,16,probe_oracle,32.0,80.0,2880.0,1.0,0.0025,1.0175480893112185,15.575999999999988,1.0,0.0025,0.019494547801185758,15.575999999999988,2624.0
20260791,62,global,16,all_agents_adaptive_eta,32.0,80.0,2880.0,32.0,0.005946035575013605,1.8120711423190232,23.418749999999978,32.0,0.005946035575013605,0.006790132826930823,1.8120711423190232,364.0
20260791,62,global,16,fixed_q8_adaptive_eta,8.0,80.0,960.0,8.0,0.0025,1.9208384911855567,21.698450572320485,8.0,0.0025,0.00252088097438499,1.9208384911855567,1253.0
20260791,62,global,16,fixed_q1_adaptive_eta,1.0,80.0,400.0,1.0,0.0025,1.0175480893112185,15.575999999999988,1.0,0.0025,0.0012735334458334631,1.0175480893112185,3120.0
20260791,62,mixed,4,adaptive_probe,32.0,80.0,2880.0,4.0,0.0025,0.6918540011848733,10.848220516822746,4.0,0.0025,0.0008685240336596333,0.6918540011848733,1640.0
20260791,62,mixed,4,probe_oracle,32.0,80.0,2880.0,2.0,0.0025,1.0729431928627513,9.510085154353096,2.0,0.0025,0.011902460102236086,9.510085154353096,2186.0
20260791,62,mixed,4,all_agents_adaptive_eta,32.0,80.0,2880.0,32.0,0.0047880164034928676,0.5703204444084808,12.280795503815458,32.0,0.0047880164034928676,0.0016494710443790612,0.5703204444084808,364.0
20260791,62,mixed,4,fixed_q8_adaptive_eta,8.0,80.0,960.0,8.0,0.0025,0.709148079658196,11.382151578217128,8.0,0.0025,0.0008942517111108953,0.709148079658196,1253.0
20260791,62,mixed,4,fixed_q1_adaptive_eta,1.0,80.0,400.0,1.0,0.0025,1.54385115399202,9.57566666666666,1.0,0.0025,0.0019322304120852562,1.54385115399202,3120.0
20260791,62,mixed,16,adaptive_probe,32.0,80.0,2880.0,1.0,0.0025,1.0406933286606603,9.57566666666666,1.0,0.0025,0.0013026688003773817,1.0406933286606603,2624.0
20260791,62,mixed,16,probe_oracle,32.0,80.0,2880.0,2.0,0.0025,1.0679976132663522,9.510085154353096,2.0,0.0025,0.011903856439822504,9.510085154353096,2186.0
20260791,62,mixed,16,all_agents_adaptive_eta,32.0,80.0,2880.0,32.0,0.005946035575013605,1.1174361749617259,12.280795503815458,32.0,0.005946035575013605,0.004424706704793632,1.1174361749617259,364.0
20260791,62,mixed,16,fixed_q8_adaptive_eta,8.0,80.0,960.0,8.0,0.0025,1.3120828008946714,11.382151578217128,8.0,0.0025,0.0017330810868407863,1.3120828008946714,1253.0
20260791,62,mixed,16,fixed_q1_adaptive_eta,1.0,80.0,400.0,1.0,0.0025,1.0406933286606603,9.57566666666666,1.0,0.0025,0.0013025010286254397,1.0406933286606603,3120.0
20260792,63,independent,4,adaptive_probe,32.0,80.0,2880.0,32.0,0.009170040432046712,0.06148349653289802,0.04687499999999999,32.0,0.009170040432046712,0.00031606875993654823,0.06148349653289802,364.0
20260792,63,independent,4,probe_oracle,32.0,80.0,2880.0,32.0,0.009170040432046712,0.06148349653289802,0.04687499999999999,32.0,0.009170040432046712,0.00024802644057824006,0.04687499999999999,364.0
20260792,63,independent,4,all_agents_adaptive_eta,32.0,80.0,2880.0,32.0,0.009170040432046712,0.06148349653289802,0.04687499999999999,32.0,0.009170040432046712,0.00031606875993654823,0.06148349653289802,364.0
20260792,63,independent,4,fixed_q8_adaptive_eta,8.0,80.0,960.0,8.0,0.0025,0.22984645139566834,0.18749999999999997,8.0,0.0025,0.0003418987260879817,0.22984645139566834,1253.0
20260792,63,independent,4,fixed_q1_adaptive_eta,1.0,80.0,400.0,1.0,0.0025,3.452117812348548,1.4999999999999998,1.0,0.0025,0.004320557938354802,3.452117812348548,3120.0
20260792,63,independent,16,adaptive_probe,32.0,80.0,2880.0,32.0,0.007384130729697496,0.07274406215349279,0.04687499999999999,32.0,0.007384130729697496,0.00033432966245994873,0.07274406215349279,364.0
20260792,63,independent,16,probe_oracle,32.0,80.0,2880.0,32.0,0.007384130729697496,0.07274406215349279,0.04687499999999999,32.0,0.007384130729697496,0.00023404435470846059,0.04687499999999999,364.0
20260792,63,independent,16,all_agents_adaptive_eta,32.0,80.0,2880.0,32.0,0.007384130729697496,0.07274406215349279,0.04687499999999999,32.0,0.007384130729697496,0.00033432966245994873,0.07274406215349279,364.0
20260792,63,independent,16,fixed_q8_adaptive_eta,8.0,80.0,960.0,8.0,0.0025,0.3517720770230193,0.18749999999999997,8.0,0.0025,0.0005298239066850347,0.3517720770230193,1253.0
20260792,63,independent,16,fixed_q1_adaptive_eta,1.0,80.0,400.0,1.0,0.0025,3.976492040423572,1.4999999999999998,1.0,0.0025,0.004976866961699285,3.976492040423572,3120.0
20260792,63,clustered,4,adaptive_probe,32.0,80.0,2880.0,4.0,0.0025,0.5914774613212374,0.8950479968782517,4.0,0.0025,0.0007537098931719821,0.5914774613212374,1640.0
20260792,63,clustered,4,probe_oracle,32.0,80.0,2880.0,4.0,0.0025,0.5914774613212374,0.8950479968782517,4.0,0.0025,0.001133544699786118,0.8950479968782517,1640.0
20260792,63,clustered,4,all_agents_adaptive_eta,32.0,80.0,2880.0,32.0,0.005946035575013605,0.6478615937692296,0.8688495057232047,32.0,0.005946035575013605,0.002553349642448635,0.6478615937692296,364.0
20260792,63,clustered,4,fixed_q8_adaptive_eta,8.0,80.0,960.0,8.0,0.0025,0.8131316592878715,0.8462644380853276,8.0,0.0025,0.001111528262124874,0.8131316592878715,1253.0
20260792,63,clustered,4,fixed_q1_adaptive_eta,1.0,80.0,400.0,1.0,0.0025,2.7336311353094134,3.0564999999999993,1.0,0.0025,0.003421326027523585,2.7336311353094134,3120.0
20260792,63,clustered,16,adaptive_probe,32.0,80.0,2880.0,4.0,0.0025,0.44778764685889483,0.8950479968782517,4.0,0.0025,0.0005726256855568301,0.44778764685889483,1640.0
20260792,63,clustered,16,probe_oracle,32.0,80.0,2880.0,4.0,0.0025,0.44778764685889483,0.8950479968782517,4.0,0.0025,0.0011322486682157204,0.8950479968782517,1640.0
20260792,63,clustered,16,all_agents_adaptive_eta,32.0,80.0,2880.0,32.0,0.007384130729697496,0.3427567859930076,0.8688495057232047,32.0,0.007384130729697496,0.001482265348429238,0.3427567859930076,364.0
20260792,63,clustered,16,fixed_q8_adaptive_eta,8.0,80.0,960.0,8.0,0.0025,0.6161729878436367,0.8462644380853276,8.0,0.0025,0.0009102900640970308,0.6161729878436367,1253.0
20260792,63,clustered,16,fixed_q1_adaptive_eta,1.0,80.0,400.0,1.0,0.0025,2.7338106393764203,3.0564999999999993,1.0,0.0025,0.0034215621338246406,2.7338106393764203,3120.0
20260792,63,global,4,adaptive_probe,32.0,80.0,2880.0,2.0,0.0025,6.761058346731935,17.014563995837655,2.0,0.0025,0.008461825327666936,6.761058346731935,2186.0
20260792,63,global,4,probe_oracle,32.0,80.0,2880.0,1.0,0.0025,6.9843785342972176,15.575999999999988,1.0,0.0025,0.019494337834498693,15.575999999999988,2624.0
20260792,63,global,4,all_agents_adaptive_eta,32.0,80.0,2880.0,32.0,0.0025,9.697939309870092,23.418749999999978,32.0,0.0025,0.010902875158746918,9.697939309870092,364.0
20260792,63,global,4,fixed_q8_adaptive_eta,8.0,80.0,960.0,8.0,0.0025,9.17549932555121,21.698450572320485,8.0,0.0025,0.011471774380493226,9.17549932555121,1253.0
20260792,63,global,4,fixed_q1_adaptive_eta,1.0,80.0,400.0,1.0,0.0025,6.9843785342972176,15.575999999999988,1.0,0.0025,0.008741401869527484,6.9843785342972176,3120.0
20260792,63,global,16,adaptive_probe,32.0,80.0,2880.0,2.0,0.0025,5.410641646413278,17.014563995837655,2.0,0.0025,0.006773597543928729,5.410641646413278,2186.0
20260792,63,global,16,probe_oracle,32.0,80.0,2880.0,1.0,0.0025,6.8590003288700885,15.575999999999988,1.0,0.0025,0.0194945472036987,15.575999999999988,2624.0
20260792,63,global,16,all_agents_adaptive_eta,32.0,80.0,2880.0,32.0,0.0038555270635198514,6.872171074877757,23.418749999999978,32.0,0.0038555270635198514,0.019055100991292935,6.872171074877757,364.0
20260792,63,global,16,fixed_q8_adaptive_eta,8.0,80.0,960.0,8.0,0.0025,7.294053417170629,21.698450572320485,8.0,0.0025,0.009374921375058366,7.294053417170629,1253.0
20260792,63,global,16,fixed_q1_adaptive_eta,1.0,80.0,400.0,1.0,0.0025,6.8590003288700885,15.575999999999988,1.0,0.0025,0.008584516647889132,6.8590003288700885,3120.0
20260792,63,mixed,4,adaptive_probe,32.0,80.0,2880.0,2.0,0.0025,3.288574226983405,9.510085154353096,2.0,0.0025,0.004116139689983953,3.288574226983405,2186.0
20260792,63,mixed,4,probe_oracle,32.0,80.0,2880.0,2.0,0.0025,3.288574226983405,9.510085154353096,2.0,0.0025,0.011902624042929421,9.510085154353096,2186.0
20260792,63,mixed,4,all_agents_adaptive_eta,32.0,80.0,2880.0,32.0,0.0025,6.455452983527211,12.280795503815458,32.0,0.0025,0.00999123124603064,6.455452983527211,364.0
20260792,63,mixed,4,fixed_q8_adaptive_eta,8.0,80.0,960.0,8.0,0.0025,6.168192301466641,11.382151578217128,8.0,0.0025,0.0077435963322707736,6.168192301466641,1253.0
20260792,63,mixed,4,fixed_q1_adaptive_eta,1.0,80.0,400.0,1.0,0.0025,4.2885911315133205,9.57566666666666,1.0,0.0025,0.005367452998455615,4.2885911315133205,3120.0
20260792,63,mixed,16,adaptive_probe,32.0,80.0,2880.0,2.0,0.0025,3.523090443350296,9.510085154353096,2.0,0.0025,0.004411345528010387,3.523090443350296,2186.0
20260792,63,mixed,16,probe_oracle,32.0,80.0,2880.0,2.0,0.0025,3.523090443350296,9.510085154353096,2.0,0.0025,0.011904322906433062,9.510085154353096,2186.0
20260792,63,mixed,16,all_agents_adaptive_eta,32.0,80.0,2880.0,32.0,0.0047880164034928676,5.095086467364236,12.280795503815458,32.0,0.0047880164034928676,0.015433068026354059,5.095086467364236,364.0
20260792,63,mixed,16,fixed_q8_adaptive_eta,8.0,80.0,960.0,8.0,0.0025,5.413498628289083,11.382151578217128,8.0,0.0025,0.007027598804497251,5.413498628289083,1253.0
20260792,63,mixed,16,fixed_q1_adaptive_eta,1.0,80.0,400.0,1.0,0.0025,4.954465782526794,9.57566666666666,1.0,0.0025,0.006200863151880165,4.954465782526794,3120.0
