seed,seed_index,scenario,max_delay,policy,final_window_mse,budget_auc_mse,finite,within_budget,budget_used,observed_messages,total_updates
20260729,0,independent,4,adaptive_probe,0.00034927106584575497,0.05283626921180237,True,True,16000,13056,736
20260729,0,independent,4,probe_oracle,0.0017121517511566719,0.05339305827515299,True,True,15984,14208,444
20260729,0,independent,4,all_agents_adaptive_eta,0.002552952179263919,0.05293582423738109,True,True,15984,14208,444
20260729,0,independent,4,fixed_q8_adaptive_eta,5.4236668543047094e-05,0.0163748124669437,True,True,15996,10664,1333
20260729,0,independent,4,fixed_q1_adaptive_eta,0.0028694567232175274,0.006116540746323163,True,True,16000,3200,3200
20260729,0,independent,16,adaptive_probe,0.00033621610407681045,0.046915287833271965,True,True,16000,13056,736
20260729,0,independent,16,probe_oracle,0.0021758793626487686,0.04721574337937263,True,True,15984,14208,444
20260729,0,independent,16,all_agents_adaptive_eta,0.0021758793626487686,0.04721574337937263,True,True,15984,14208,444
20260729,0,independent,16,fixed_q8_adaptive_eta,4.0008228617152906e-05,0.014768117006369253,True,True,15996,10664,1333
20260729,0,independent,16,fixed_q1_adaptive_eta,0.0030353391326279466,0.005945375497972385,True,True,16000,3200,3200
20260729,0,clustered,4,adaptive_probe,0.0016409143331491001,0.05981464433846598,True,True,16000,9120,1720
20260729,0,clustered,4,probe_oracle,0.0016409143331491001,0.05981464433846598,True,True,16000,9120,1720
20260729,0,clustered,4,all_agents_adaptive_eta,0.0034699381258443372,0.06914720349966007,True,True,15984,14208,444
20260729,0,clustered,4,fixed_q8_adaptive_eta,0.0006513402846640483,0.025200398571731387,True,True,15996,10664,1333
20260729,0,clustered,4,fixed_q1_adaptive_eta,0.001210650127701548,0.017918027892099626,True,True,16000,3200,3200
20260729,0,clustered,16,adaptive_probe,0.0016337039114059035,0.05523394414869935,True,True,16000,9120,1720
20260729,0,clustered,16,probe_oracle,0.0016337039114059035,0.05523394414869935,True,True,16000,9120,1720
20260729,0,clustered,16,all_agents_adaptive_eta,0.0053554431895284655,0.06261288950321356,True,True,15984,14208,444
20260729,0,clustered,16,fixed_q8_adaptive_eta,0.0007213341600014968,0.023612835325043477,True,True,15996,10664,1333
20260729,0,clustered,16,fixed_q1_adaptive_eta,0.0013185364889544723,0.014131698834771207,True,True,16000,3200,3200
20260729,0,global,4,adaptive_probe,0.010294008343048017,0.051912211869720934,True,True,15996,6932,2266
20260729,0,global,4,probe_oracle,0.019915965344926713,0.052275080929583356,True,True,16000,5184,2704
20260729,0,global,4,all_agents_adaptive_eta,0.013921269444435582,0.05355655389417533,True,True,15984,14208,444
20260729,0,global,4,fixed_q8_adaptive_eta,0.00868317127077255,0.022675653146015096,True,True,15996,10664,1333
20260729,0,global,4,fixed_q1_adaptive_eta,0.01260996251425096,0.013122688741209284,True,True,16000,3200,3200
20260729,0,global,16,adaptive_probe,0.007750457623257057,0.03810288806912614,True,True,15996,11304,1173
20260729,0,global,16,probe_oracle,0.020401072360934157,0.03731472986998252,True,True,16000,5184,2704
20260729,0,global,16,all_agents_adaptive_eta,0.01810882131824269,0.04676444097712231,True,True,15984,14208,444
20260729,0,global,16,fixed_q8_adaptive_eta,0.009277890316397763,0.018467000480683612,True,True,15996,10664,1333
20260729,0,global,16,fixed_q1_adaptive_eta,0.012627117841216623,0.012463073808299035,True,True,16000,3200,3200
20260729,0,mixed,4,adaptive_probe,0.004691846402197528,0.05561022749686024,True,True,15996,11304,1173
20260729,0,mixed,4,probe_oracle,0.004529648179927935,0.0520543862392945,True,True,15996,6932,2266
20260729,0,mixed,4,all_agents_adaptive_eta,0.01854933739095891,0.07700172026201597,True,True,15984,14208,444
20260729,0,mixed,4,fixed_q8_adaptive_eta,0.002253777494052785,0.023034432990489594,True,True,15996,10664,1333
20260729,0,mixed,4,fixed_q1_adaptive_eta,0.005676462763557948,0.016058654122434107,True,True,16000,3200,3200
20260729,0,mixed,16,adaptive_probe,0.0048220566230008175,0.041763919282179096,True,True,15996,11304,1173
20260729,0,mixed,16,probe_oracle,0.004729494497630401,0.039021700008829374,True,True,15996,6932,2266
20260729,0,mixed,16,all_agents_adaptive_eta,0.015190741973182514,0.062261830435543015,True,True,15984,14208,444
20260729,0,mixed,16,fixed_q8_adaptive_eta,0.0023865904767756243,0.019444925425964325,True,True,15996,10664,1333
20260729,0,mixed,16,fixed_q1_adaptive_eta,0.0059307028124821115,0.01355961467038039,True,True,16000,3200,3200
20260730,1,independent,4,adaptive_probe,9.700079650768198e-05,0.04920481045469843,True,True,16000,13056,736
20260730,1,independent,4,probe_oracle,0.0003575138060808929,0.048833414292866584,True,True,15984,14208,444
20260730,1,independent,4,all_agents_adaptive_eta,0.0003575138060808929,0.048833414292866584,True,True,15984,14208,444
20260730,1,independent,4,fixed_q8_adaptive_eta,9.718938907020292e-05,0.01661453676247769,True,True,15996,10664,1333
20260730,1,independent,4,fixed_q1_adaptive_eta,0.0017353199006614338,0.007630623442980575,True,True,16000,3200,3200
20260730,1,independent,16,adaptive_probe,0.0001452619817869615,0.04553638224172397,True,True,16000,13056,736
20260730,1,independent,16,probe_oracle,0.0004117174583049379,0.04501391088919709,True,True,15984,14208,444
20260730,1,independent,16,all_agents_adaptive_eta,0.0002699622285227363,0.044528682457815404,True,True,15984,14208,444
20260730,1,independent,16,fixed_q8_adaptive_eta,0.0001084393739996074,0.01760271913017809,True,True,15996,10664,1333
20260730,1,independent,16,fixed_q1_adaptive_eta,0.0015981224082172122,0.008239333861562989,True,True,16000,3200,3200
20260730,1,clustered,4,adaptive_probe,0.0025073668243606557,0.0519214805911062,True,True,15996,11304,1173
20260730,1,clustered,4,probe_oracle,0.0008709430607538461,0.05076608451050622,True,True,16000,9120,1720
20260730,1,clustered,4,all_agents_adaptive_eta,0.012730184522150323,0.055946733933602256,True,True,15984,14208,444
20260730,1,clustered,4,fixed_q8_adaptive_eta,0.003687943319875711,0.019693702426050886,True,True,15996,10664,1333
20260730,1,clustered,4,fixed_q1_adaptive_eta,0.0015000750309656754,0.01019699891224955,True,True,16000,3200,3200
20260730,1,clustered,16,adaptive_probe,0.0027450255541131563,0.051701132699546744,True,True,15996,11304,1173
20260730,1,clustered,16,probe_oracle,0.0009032898475201641,0.05058214520108603,True,True,16000,9120,1720
20260730,1,clustered,16,all_agents_adaptive_eta,0.012169745883241259,0.05547739191466844,True,True,15984,14208,444
20260730,1,clustered,16,fixed_q8_adaptive_eta,0.003642208440987931,0.023125747783553748,True,True,15996,10664,1333
20260730,1,clustered,16,fixed_q1_adaptive_eta,0.0017043479662198235,0.010944112840845984,True,True,16000,3200,3200
20260730,1,global,4,adaptive_probe,0.004574339247008313,0.09736443931772384,True,True,16000,5184,2704
20260730,1,global,4,probe_oracle,0.004574339247008313,0.09736443931772384,True,True,16000,5184,2704
20260730,1,global,4,all_agents_adaptive_eta,0.09030466958274101,0.10600619870874063,True,True,15984,14208,444
20260730,1,global,4,fixed_q8_adaptive_eta,0.08305358891986488,0.05339414596695081,True,True,15996,10664,1333
20260730,1,global,4,fixed_q1_adaptive_eta,0.0049322490619616655,0.027529595081892344,True,True,16000,3200,3200
20260730,1,global,16,adaptive_probe,0.005096440893911598,0.10418324373174867,True,True,16000,5184,2704
20260730,1,global,16,probe_oracle,0.005096440893911598,0.10418324373174867,True,True,16000,5184,2704
20260730,1,global,16,all_agents_adaptive_eta,0.009377924620065745,0.09344737075234576,True,True,15984,14208,444
20260730,1,global,16,fixed_q8_adaptive_eta,0.09332895836205994,0.054234349302894634,True,True,15996,10664,1333
20260730,1,global,16,fixed_q1_adaptive_eta,0.004621952610108356,0.028134658060369685,True,True,16000,3200,3200
20260730,1,mixed,4,adaptive_probe,0.03089289773434884,0.08206847882891109,True,True,16000,9120,1720
20260730,1,mixed,4,probe_oracle,0.0030852980757053038,0.07826195151171557,True,True,15996,6932,2266
20260730,1,mixed,4,all_agents_adaptive_eta,0.10496161796101275,0.09336349890335997,True,True,15984,14208,444
20260730,1,mixed,4,fixed_q8_adaptive_eta,0.026260199656900202,0.03600137408012705,True,True,15996,10664,1333
20260730,1,mixed,4,fixed_q1_adaptive_eta,0.0009340611740914342,0.018167642791455493,True,True,16000,3200,3200
20260730,1,mixed,16,adaptive_probe,0.03182328637716031,0.08559179371005374,True,True,16000,9120,1720
20260730,1,mixed,16,probe_oracle,0.0031035422289497393,0.08266734693245477,True,True,15996,6932,2266
20260730,1,mixed,16,all_agents_adaptive_eta,0.016334749590417592,0.07659492698564288,True,True,15984,14208,444
20260730,1,mixed,16,fixed_q8_adaptive_eta,0.030580185368808705,0.033824920403345546,True,True,15996,10664,1333
20260730,1,mixed,16,fixed_q1_adaptive_eta,0.00108266339583136,0.018734799438110614,True,True,16000,3200,3200
20260731,2,independent,4,adaptive_probe,0.00038961865370626517,0.04997220830229018,True,True,16000,13056,736
20260731,2,independent,4,probe_oracle,0.00040275892236913525,0.04949536893848415,True,True,15984,14208,444
20260731,2,independent,4,all_agents_adaptive_eta,0.00040275892236913525,0.04949536893848415,True,True,15984,14208,444
20260731,2,independent,4,fixed_q8_adaptive_eta,0.0003232409213143936,0.01691704050178141,True,True,15996,10664,1333
20260731,2,independent,4,fixed_q1_adaptive_eta,0.000938232329579875,0.008003805491275757,True,True,16000,3200,3200
20260731,2,independent,16,adaptive_probe,0.0004750736051976639,0.04522156407741508,True,True,16000,13056,736
20260731,2,independent,16,probe_oracle,0.00041644291236206084,0.044564762502077124,True,True,15984,14208,444
20260731,2,independent,16,all_agents_adaptive_eta,0.00041644291236206084,0.044564762502077124,True,True,15984,14208,444
20260731,2,independent,16,fixed_q8_adaptive_eta,0.0004332122457177827,0.0162193066831762,True,True,15996,10664,1333
20260731,2,independent,16,fixed_q1_adaptive_eta,0.0008353194950065541,0.014243008158651012,True,True,16000,3200,3200
20260731,2,clustered,4,adaptive_probe,0.0007115197143694973,0.054250913640276094,True,True,15996,11304,1173
20260731,2,clustered,4,probe_oracle,0.0007115197143694973,0.054250913640276094,True,True,15996,11304,1173
20260731,2,clustered,4,all_agents_adaptive_eta,0.0026834524845815028,0.05492368630134851,True,True,15984,14208,444
20260731,2,clustered,4,fixed_q8_adaptive_eta,0.00016671669843215572,0.01648161508937361,True,True,15996,10664,1333
20260731,2,clustered,4,fixed_q1_adaptive_eta,0.0011017639708330491,0.009528969409064544,True,True,16000,3200,3200
20260731,2,clustered,16,adaptive_probe,0.0006667049393267778,0.044626163795719105,True,True,15996,11304,1173
20260731,2,clustered,16,probe_oracle,0.0006667049393267778,0.044626163795719105,True,True,15996,11304,1173
20260731,2,clustered,16,all_agents_adaptive_eta,0.0031398716408929015,0.04464582598187367,True,True,15984,14208,444
20260731,2,clustered,16,fixed_q8_adaptive_eta,0.00014216761730298204,0.015663458402052584,True,True,15996,10664,1333
20260731,2,clustered,16,fixed_q1_adaptive_eta,0.0013438349769153617,0.012156359708309961,True,True,16000,3200,3200
20260731,2,global,4,adaptive_probe,0.016442828403207193,0.05402255990414519,True,True,16000,5184,2704
20260731,2,global,4,probe_oracle,0.016442828403207193,0.05402255990414519,True,True,16000,5184,2704
20260731,2,global,4,all_agents_adaptive_eta,0.03518942452173368,0.09954689411715771,True,True,15984,14208,444
20260731,2,global,4,fixed_q8_adaptive_eta,0.013478870955035397,0.02855794570062002,True,True,15996,10664,1333
20260731,2,global,4,fixed_q1_adaptive_eta,0.003270731124414999,0.014096231463527936,True,True,16000,3200,3200
20260731,2,global,16,adaptive_probe,0.015126179896830873,0.06703994640410112,True,True,16000,5184,2704
20260731,2,global,16,probe_oracle,0.015126179896830873,0.06703994640410112,True,True,16000,5184,2704
20260731,2,global,16,all_agents_adaptive_eta,0.06714327172558418,0.15162577974747457,True,True,15984,14208,444
20260731,2,global,16,fixed_q8_adaptive_eta,0.015290119915121159,0.042821262975250136,True,True,15996,10664,1333
20260731,2,global,16,fixed_q1_adaptive_eta,0.003515060191981311,0.014236183509422455,True,True,16000,3200,3200
20260731,2,mixed,4,adaptive_probe,0.0021344463305150146,0.05694727867404545,True,True,15996,11304,1173
20260731,2,mixed,4,probe_oracle,0.023416447590918498,0.05808218978930916,True,True,15996,6932,2266
20260731,2,mixed,4,all_agents_adaptive_eta,0.010397284720549776,0.07735447788965799,True,True,15984,14208,444
20260731,2,mixed,4,fixed_q8_adaptive_eta,0.009990670087928342,0.02324832661179067,True,True,15996,10664,1333
20260731,2,mixed,4,fixed_q1_adaptive_eta,0.0036776760464446575,0.009788733661929661,True,True,16000,3200,3200
20260731,2,mixed,16,adaptive_probe,0.010829069457091136,0.05415194034711433,True,True,16000,5184,2704
20260731,2,mixed,16,probe_oracle,0.02357406811494337,0.0601319206751098,True,True,15996,6932,2266
20260731,2,mixed,16,all_agents_adaptive_eta,0.04726560528342117,0.10324118271829225,True,True,15984,14208,444
20260731,2,mixed,16,fixed_q8_adaptive_eta,0.010929172600962852,0.026724169440425893,True,True,15996,10664,1333
20260731,2,mixed,16,fixed_q1_adaptive_eta,0.0039712077774789935,0.009421672498787422,True,True,16000,3200,3200
20260732,3,independent,4,adaptive_probe,2.281232989296234e-05,0.04831634302379868,True,True,15996,11304,1173
20260732,3,independent,4,probe_oracle,0.00024251071723599733,0.04842892493230904,True,True,15984,14208,444
20260732,3,independent,4,all_agents_adaptive_eta,0.00024251071723599733,0.04842892493230904,True,True,15984,14208,444
20260732,3,independent,4,fixed_q8_adaptive_eta,0.00021297537439217513,0.015227053524877177,True,True,15996,10664,1333
20260732,3,independent,4,fixed_q1_adaptive_eta,0.0002949551155060219,0.012955195751957733,True,True,16000,3200,3200
20260732,3,independent,16,adaptive_probe,3.1414331235293576e-05,0.042039349781029405,True,True,15996,11304,1173
20260732,3,independent,16,probe_oracle,0.0002399413040500335,0.042401280997884865,True,True,15984,14208,444
20260732,3,independent,16,all_agents_adaptive_eta,0.0002399413040500335,0.042401280997884865,True,True,15984,14208,444
20260732,3,independent,16,fixed_q8_adaptive_eta,0.00021421626180023442,0.015177688424543123,True,True,15996,10664,1333
20260732,3,independent,16,fixed_q1_adaptive_eta,0.00018553831777668158,0.012519705815826405,True,True,16000,3200,3200
20260732,3,clustered,4,adaptive_probe,0.0034807647031802683,0.05959411122497352,True,True,16000,5184,2704
20260732,3,clustered,4,probe_oracle,0.0008442261413130406,0.062026204776905826,True,True,16000,9120,1720
20260732,3,clustered,4,all_agents_adaptive_eta,0.000811311609561095,0.06490197544425497,True,True,15984,14208,444
20260732,3,clustered,4,fixed_q8_adaptive_eta,0.0008471008695806659,0.030744544789269274,True,True,15996,10664,1333
20260732,3,clustered,4,fixed_q1_adaptive_eta,0.0013935167575028677,0.014846454421219008,True,True,16000,3200,3200
20260732,3,clustered,16,adaptive_probe,0.0009089075438560986,0.0676360509809052,True,True,16000,9120,1720
20260732,3,clustered,16,probe_oracle,0.0009089075438560986,0.0676360509809052,True,True,16000,9120,1720
20260732,3,clustered,16,all_agents_adaptive_eta,0.0007167563696681556,0.06799867750011111,True,True,15984,14208,444
20260732,3,clustered,16,fixed_q8_adaptive_eta,0.0019440112784033091,0.029713525370914904,True,True,15996,10664,1333
20260732,3,clustered,16,fixed_q1_adaptive_eta,0.0017520331275094117,0.017167685263395117,True,True,16000,3200,3200
20260732,3,global,4,adaptive_probe,0.01558942418666753,0.06338459828356957,True,True,15996,6932,2266
20260732,3,global,4,probe_oracle,0.002524607630395083,0.06124584201031486,True,True,16000,5184,2704
20260732,3,global,4,all_agents_adaptive_eta,0.08495214864586471,0.09818663352387301,True,True,15984,14208,444
20260732,3,global,4,fixed_q8_adaptive_eta,0.007556940400510406,0.033317252981043,True,True,15996,10664,1333
20260732,3,global,4,fixed_q1_adaptive_eta,0.015472388565206293,0.018280489919626993,True,True,16000,3200,3200
20260732,3,global,16,adaptive_probe,0.013800607196284212,0.05598430153915647,True,True,15996,6932,2266
20260732,3,global,16,probe_oracle,0.0025509846168294123,0.05437882531762042,True,True,16000,5184,2704
20260732,3,global,16,all_agents_adaptive_eta,0.08281875021817588,0.09712774651394028,True,True,15984,14208,444
20260732,3,global,16,fixed_q8_adaptive_eta,0.009012650458364406,0.03565490137225111,True,True,15996,10664,1333
20260732,3,global,16,fixed_q1_adaptive_eta,0.015533815681787804,0.020264000921253446,True,True,16000,3200,3200
20260732,3,mixed,4,adaptive_probe,0.003930548452769772,0.06335548470340567,True,True,16000,5184,2704
20260732,3,mixed,4,probe_oracle,0.00675102082748665,0.06260781565692235,True,True,15996,6932,2266
20260732,3,mixed,4,all_agents_adaptive_eta,0.05486549406207079,0.10161823994386378,True,True,15984,14208,444
20260732,3,mixed,4,fixed_q8_adaptive_eta,0.001993616493869494,0.03359098959561699,True,True,15996,10664,1333
20260732,3,mixed,4,fixed_q1_adaptive_eta,0.006434108703550059,0.017332014102561653,True,True,16000,3200,3200
20260732,3,mixed,16,adaptive_probe,0.004101999193181298,0.07045498416695146,True,True,16000,9120,1720
20260732,3,mixed,16,probe_oracle,0.006036024099198146,0.06730802454654873,True,True,15996,6932,2266
20260732,3,mixed,16,all_agents_adaptive_eta,0.07965109055045014,0.1150229465791225,True,True,15984,14208,444
20260732,3,mixed,16,fixed_q8_adaptive_eta,0.0023659873848599416,0.03928660792789985,True,True,15996,10664,1333
20260732,3,mixed,16,fixed_q1_adaptive_eta,0.006560964728668237,0.02069343263802756,True,True,16000,3200,3200
20260733,4,independent,4,adaptive_probe,9.657236309002653e-05,0.0504948747057679,True,True,15996,11304,1173
20260733,4,independent,4,probe_oracle,6.650678998034177e-05,0.049852385547479984,True,True,15984,14208,444
20260733,4,independent,4,all_agents_adaptive_eta,6.650678998034177e-05,0.049852385547479984,True,True,15984,14208,444
20260733,4,independent,4,fixed_q8_adaptive_eta,5.037874612994173e-05,0.017238596586210183,True,True,15996,10664,1333
20260733,4,independent,4,fixed_q1_adaptive_eta,0.0011542860119580938,0.007109494360403792,True,True,16000,3200,3200
20260733,4,independent,16,adaptive_probe,2.343601458527301e-05,0.04274631411166682,True,True,15984,14208,444
20260733,4,independent,16,probe_oracle,5.643329504624636e-05,0.04301044002853975,True,True,15984,14208,444
20260733,4,independent,16,all_agents_adaptive_eta,2.343601458527301e-05,0.04274631411166682,True,True,15984,14208,444
20260733,4,independent,16,fixed_q8_adaptive_eta,3.3514480671068254e-05,0.013751104235289018,True,True,15996,10664,1333
20260733,4,independent,16,fixed_q1_adaptive_eta,0.001256603929716395,0.004866070800294472,True,True,16000,3200,3200
20260733,4,clustered,4,adaptive_probe,0.0002766381930325662,0.05132784818081635,True,True,16000,9120,1720
20260733,4,clustered,4,probe_oracle,0.0002766381930325662,0.05132784818081635,True,True,16000,9120,1720
20260733,4,clustered,4,all_agents_adaptive_eta,0.0021008233521604214,0.05260215856625465,True,True,15984,14208,444
20260733,4,clustered,4,fixed_q8_adaptive_eta,4.794620051762782e-05,0.01672334627490751,True,True,15996,10664,1333
20260733,4,clustered,4,fixed_q1_adaptive_eta,0.0006981313873292276,0.003448401119860471,True,True,16000,3200,3200
20260733,4,clustered,16,adaptive_probe,0.00023572218081861432,0.047731973111304615,True,True,16000,9120,1720
20260733,4,clustered,16,probe_oracle,2.4615154507876956e-05,0.04785238184626603,True,True,15996,11304,1173
20260733,4,clustered,16,all_agents_adaptive_eta,0.000997861338617516,0.04830067833565713,True,True,15984,14208,444
20260733,4,clustered,16,fixed_q8_adaptive_eta,5.615355610771377e-05,0.01469062158968885,True,True,15996,10664,1333
20260733,4,clustered,16,fixed_q1_adaptive_eta,0.0006355759063912704,0.004203762806673953,True,True,16000,3200,3200
20260733,4,global,4,adaptive_probe,0.08524884262746894,0.14494896764329174,True,True,16000,9120,1720
20260733,4,global,4,probe_oracle,0.017781894475917773,0.11502729390138815,True,True,16000,5184,2704
20260733,4,global,4,all_agents_adaptive_eta,0.26858346340435,0.26665187282761,True,True,15984,14208,444
20260733,4,global,4,fixed_q8_adaptive_eta,0.04388458655900397,0.1074537152081819,True,True,15996,10664,1333
20260733,4,global,4,fixed_q1_adaptive_eta,0.006346724548328663,0.048003451083257404,True,True,16000,3200,3200
20260733,4,global,16,adaptive_probe,0.017055454570259483,0.12195679295778061,True,True,16000,5184,2704
20260733,4,global,16,probe_oracle,0.017055454570259483,0.12195679295778061,True,True,16000,5184,2704
20260733,4,global,16,all_agents_adaptive_eta,0.2489837552269115,0.288917014787501,True,True,15984,14208,444
20260733,4,global,16,fixed_q8_adaptive_eta,0.04809277030248098,0.1340761216150238,True,True,15996,10664,1333
20260733,4,global,16,fixed_q1_adaptive_eta,0.006278112077822248,0.05387974650451121,True,True,16000,3200,3200
20260733,4,mixed,4,adaptive_probe,0.03956813042080613,0.10280348649608802,True,True,16000,9120,1720
20260733,4,mixed,4,probe_oracle,0.010033476458095126,0.09428168648282688,True,True,15996,6932,2266
20260733,4,mixed,4,all_agents_adaptive_eta,0.09965975349292283,0.15535848740129762,True,True,15984,14208,444
20260733,4,mixed,4,fixed_q8_adaptive_eta,0.021750007048664914,0.06550384361026648,True,True,15996,10664,1333
20260733,4,mixed,4,fixed_q1_adaptive_eta,0.004723948629694797,0.021609899842285906,True,True,16000,3200,3200
20260733,4,mixed,16,adaptive_probe,0.03755018214935485,0.10471392690745054,True,True,16000,9120,1720
20260733,4,mixed,16,probe_oracle,0.01116010483833663,0.09432636977942467,True,True,15996,6932,2266
20260733,4,mixed,16,all_agents_adaptive_eta,0.08838035781982805,0.15724264602906382,True,True,15984,14208,444
20260733,4,mixed,16,fixed_q8_adaptive_eta,0.03751450456888035,0.07443521047521805,True,True,15996,10664,1333
20260733,4,mixed,16,fixed_q1_adaptive_eta,0.004906617949984705,0.02780170000418799,True,True,16000,3200,3200
20260734,5,independent,4,adaptive_probe,0.00011851429850257799,0.051662097392281954,True,True,15984,14208,444
20260734,5,independent,4,probe_oracle,0.00011851429850257799,0.051662097392281954,True,True,15984,14208,444
20260734,5,independent,4,all_agents_adaptive_eta,0.00011851429850257799,0.051662097392281954,True,True,15984,14208,444
20260734,5,independent,4,fixed_q8_adaptive_eta,3.0440636549709214e-05,0.01892283692521548,True,True,15996,10664,1333
20260734,5,independent,4,fixed_q1_adaptive_eta,0.001976868637104433,0.004035890479231339,True,True,16000,3200,3200
20260734,5,independent,16,adaptive_probe,9.248444916890634e-05,0.04580103198321034,True,True,15984,14208,444
20260734,5,independent,16,probe_oracle,0.00015702834099238982,0.04629823333871083,True,True,15984,14208,444
20260734,5,independent,16,all_agents_adaptive_eta,9.248444916890634e-05,0.04580103198321034,True,True,15984,14208,444
20260734,5,independent,16,fixed_q8_adaptive_eta,2.438494322771207e-05,0.01651628453773427,True,True,15996,10664,1333
20260734,5,independent,16,fixed_q1_adaptive_eta,0.0022811856561829554,0.004238357689966254,True,True,16000,3200,3200
20260734,5,clustered,4,adaptive_probe,0.00014146827931087896,0.06934779358551509,True,True,16000,9120,1720
20260734,5,clustered,4,probe_oracle,0.00014146827931087896,0.06934779358551509,True,True,16000,9120,1720
20260734,5,clustered,4,all_agents_adaptive_eta,0.0003142686732716462,0.07238643573814543,True,True,15984,14208,444
20260734,5,clustered,4,fixed_q8_adaptive_eta,0.00011117062147349758,0.028301056547179848,True,True,15996,10664,1333
20260734,5,clustered,4,fixed_q1_adaptive_eta,0.005636093032326308,0.010047140088115216,True,True,16000,3200,3200
20260734,5,clustered,16,adaptive_probe,0.0005724051992344261,0.055959179259532886,True,True,15996,6932,2266
20260734,5,clustered,16,probe_oracle,0.00018838730157300042,0.056088495062521025,True,True,16000,9120,1720
20260734,5,clustered,16,all_agents_adaptive_eta,0.00012891737679656662,0.0581974946958328,True,True,15984,14208,444
20260734,5,clustered,16,fixed_q8_adaptive_eta,0.00021726424436808734,0.02026545696765332,True,True,15996,10664,1333
20260734,5,clustered,16,fixed_q1_adaptive_eta,0.0052464173564094685,0.007233062522623156,True,True,16000,3200,3200
20260734,5,global,4,adaptive_probe,0.03178235403736171,0.04337750357521867,True,True,16000,5184,2704
20260734,5,global,4,probe_oracle,0.03178235403736171,0.04337750357521867,True,True,16000,5184,2704
20260734,5,global,4,all_agents_adaptive_eta,0.010130183478053466,0.03314063789618753,True,True,15984,14208,444
20260734,5,global,4,fixed_q8_adaptive_eta,0.012211698568934285,0.028150594864405135,True,True,15996,10664,1333
20260734,5,global,4,fixed_q1_adaptive_eta,0.015145127748886664,0.017243107917626663,True,True,16000,3200,3200
20260734,5,global,16,adaptive_probe,0.025101793016428963,0.03479261754541392,True,True,15996,6932,2266
20260734,5,global,16,probe_oracle,0.0319669994360985,0.03404886847622253,True,True,16000,5184,2704
20260734,5,global,16,all_agents_adaptive_eta,0.007778574505624791,0.022416193567115602,True,True,15984,14208,444
20260734,5,global,16,fixed_q8_adaptive_eta,0.012504835996582706,0.02622273821609035,True,True,15996,10664,1333
20260734,5,global,16,fixed_q1_adaptive_eta,0.013966818851963145,0.018755755557372057,True,True,16000,3200,3200
20260734,5,mixed,4,adaptive_probe,0.014134602833613966,0.05058480378299755,True,True,15996,6932,2266
20260734,5,mixed,4,probe_oracle,0.014134602833613966,0.05058480378299755,True,True,15996,6932,2266
20260734,5,mixed,4,all_agents_adaptive_eta,0.01397519869993968,0.04881810719384428,True,True,15984,14208,444
20260734,5,mixed,4,fixed_q8_adaptive_eta,0.007548483738522314,0.0238848436728802,True,True,15996,10664,1333
20260734,5,mixed,4,fixed_q1_adaptive_eta,0.016850804674285694,0.012471899278405479,True,True,16000,3200,3200
20260734,5,mixed,16,adaptive_probe,0.014840985181974459,0.03966520482360481,True,True,15996,6932,2266
20260734,5,mixed,16,probe_oracle,0.014840985181974459,0.03966520482360481,True,True,15996,6932,2266
20260734,5,mixed,16,all_agents_adaptive_eta,0.013240983917192847,0.03492524763700734,True,True,15984,14208,444
20260734,5,mixed,16,fixed_q8_adaptive_eta,0.008241512900823915,0.0205584375997822,True,True,15996,10664,1333
20260734,5,mixed,16,fixed_q1_adaptive_eta,0.015413881322265389,0.01226831340308513,True,True,16000,3200,3200
20260735,6,independent,4,adaptive_probe,0.0004305891400694026,0.05522765746611807,True,True,15996,11304,1173
20260735,6,independent,4,probe_oracle,0.00021875203026907098,0.05598180173839485,True,True,15984,14208,444
20260735,6,independent,4,all_agents_adaptive_eta,0.00021875203026907098,0.05598180173839485,True,True,15984,14208,444
20260735,6,independent,4,fixed_q8_adaptive_eta,0.0009570247311360162,0.01829110997466472,True,True,15996,10664,1333
20260735,6,independent,4,fixed_q1_adaptive_eta,0.001003670367773468,0.00816310706416162,True,True,16000,3200,3200
20260735,6,independent,16,adaptive_probe,0.0006624648907876795,0.04853115045919477,True,True,16000,9120,1720
20260735,6,independent,16,probe_oracle,0.00014861403693185185,0.04871326867335918,True,True,15984,14208,444
20260735,6,independent,16,all_agents_adaptive_eta,0.00014861403693185185,0.04871326867335918,True,True,15984,14208,444
20260735,6,independent,16,fixed_q8_adaptive_eta,0.0009680557886078446,0.01673071239695194,True,True,15996,10664,1333
20260735,6,independent,16,fixed_q1_adaptive_eta,0.0008291262244730305,0.006604278692272064,True,True,16000,3200,3200
20260735,6,clustered,4,adaptive_probe,0.00023094969631347532,0.04529123699848463,True,True,16000,9120,1720
20260735,6,clustered,4,probe_oracle,0.0008316333296915331,0.045639784206726784,True,True,15996,11304,1173
20260735,6,clustered,4,all_agents_adaptive_eta,0.00829814038800263,0.046875051294357956,True,True,15984,14208,444
20260735,6,clustered,4,fixed_q8_adaptive_eta,0.0020385813400512153,0.014808359139729856,True,True,15996,10664,1333
20260735,6,clustered,4,fixed_q1_adaptive_eta,0.017916143584471047,0.010752749556113259,True,True,16000,3200,3200
20260735,6,clustered,16,adaptive_probe,0.00021979607196770693,0.044411096782487995,True,True,16000,9120,1720
20260735,6,clustered,16,probe_oracle,0.0008740542883865235,0.044552650182876595,True,True,15996,11304,1173
20260735,6,clustered,16,all_agents_adaptive_eta,0.00618234816716603,0.045550507850477776,True,True,15984,14208,444
20260735,6,clustered,16,fixed_q8_adaptive_eta,0.0020540265423776606,0.015486500877110326,True,True,15996,10664,1333
20260735,6,clustered,16,fixed_q1_adaptive_eta,0.017366469167804013,0.01014472771632428,True,True,16000,3200,3200
20260735,6,global,4,adaptive_probe,0.008436467394988616,0.040861406816893646,True,True,16000,5184,2704
20260735,6,global,4,probe_oracle,0.008436467394988616,0.040861406816893646,True,True,16000,5184,2704
20260735,6,global,4,all_agents_adaptive_eta,0.006286300624138612,0.04940735303146765,True,True,15984,14208,444
20260735,6,global,4,fixed_q8_adaptive_eta,0.02014305396193938,0.01922638473757472,True,True,15996,10664,1333
20260735,6,global,4,fixed_q1_adaptive_eta,0.045381304769235284,0.0200179057237994,True,True,16000,3200,3200
20260735,6,global,16,adaptive_probe,0.008451279048909589,0.06553325772036935,True,True,16000,5184,2704
20260735,6,global,16,probe_oracle,0.008451279048909589,0.06553325772036935,True,True,16000,5184,2704
20260735,6,global,16,all_agents_adaptive_eta,0.008736360572586758,0.07956240661381424,True,True,15984,14208,444
20260735,6,global,16,fixed_q8_adaptive_eta,0.023659397687983356,0.03302676974268704,True,True,15996,10664,1333
20260735,6,global,16,fixed_q1_adaptive_eta,0.04638114785211543,0.02179812429845091,True,True,16000,3200,3200
20260735,6,mixed,4,adaptive_probe,0.005111239915723632,0.03737184295212272,True,True,16000,5184,2704
20260735,6,mixed,4,probe_oracle,0.002720710139141348,0.03636528475809565,True,True,15996,6932,2266
20260735,6,mixed,4,all_agents_adaptive_eta,0.0006865068068568631,0.03633466764160481,True,True,15984,14208,444
20260735,6,mixed,4,fixed_q8_adaptive_eta,0.013971240722545495,0.014259747204580502,True,True,15996,10664,1333
20260735,6,mixed,4,fixed_q1_adaptive_eta,0.0026329406981995865,0.0068296937594904406,True,True,16000,3200,3200
20260735,6,mixed,16,adaptive_probe,0.007413967963324162,0.05586566342528258,True,True,16000,9120,1720
20260735,6,mixed,16,probe_oracle,0.0027983835546861115,0.05447654344277679,True,True,15996,6932,2266
20260735,6,mixed,16,all_agents_adaptive_eta,0.0028238390124777314,0.05626340296468464,True,True,15984,14208,444
20260735,6,mixed,16,fixed_q8_adaptive_eta,0.015899393183847546,0.023896620720046044,True,True,15996,10664,1333
20260735,6,mixed,16,fixed_q1_adaptive_eta,0.002713824485918816,0.008229140228400515,True,True,16000,3200,3200
20260736,7,independent,4,adaptive_probe,8.78787162713681e-05,0.04976707167039094,True,True,16000,13056,736
20260736,7,independent,4,probe_oracle,0.0004031700000934813,0.04986259029493659,True,True,15984,14208,444
20260736,7,independent,4,all_agents_adaptive_eta,0.0004031700000934813,0.04986259029493659,True,True,15984,14208,444
20260736,7,independent,4,fixed_q8_adaptive_eta,2.8586950527635457e-05,0.019527355870457883,True,True,15996,10664,1333
20260736,7,independent,4,fixed_q1_adaptive_eta,0.0008397702876296335,0.006973071885404235,True,True,16000,3200,3200
20260736,7,independent,16,adaptive_probe,5.829877994885029e-05,0.045114302551007554,True,True,16000,13056,736
20260736,7,independent,16,probe_oracle,0.00033609213327825976,0.044917459435329536,True,True,15984,14208,444
20260736,7,independent,16,all_agents_adaptive_eta,0.00033609213327825976,0.044917459435329536,True,True,15984,14208,444
20260736,7,independent,16,fixed_q8_adaptive_eta,2.7557374530925707e-05,0.019272928998592846,True,True,15996,10664,1333
20260736,7,independent,16,fixed_q1_adaptive_eta,0.0010704039732552845,0.00553990707324032,True,True,16000,3200,3200
20260736,7,clustered,4,adaptive_probe,0.002252344058649095,0.05385018732585335,True,True,16000,9120,1720
20260736,7,clustered,4,probe_oracle,0.002252344058649095,0.05385018732585335,True,True,16000,9120,1720
20260736,7,clustered,4,all_agents_adaptive_eta,0.0011071867330493775,0.058120620149905156,True,True,15984,14208,444
20260736,7,clustered,4,fixed_q8_adaptive_eta,0.0011273600730562282,0.024129602348182774,True,True,15996,10664,1333
20260736,7,clustered,4,fixed_q1_adaptive_eta,0.005881389015347125,0.009804250204178905,True,True,16000,3200,3200
20260736,7,clustered,16,adaptive_probe,0.0023813921368981807,0.044507886702617364,True,True,16000,9120,1720
20260736,7,clustered,16,probe_oracle,0.0023813921368981807,0.044507886702617364,True,True,16000,9120,1720
20260736,7,clustered,16,all_agents_adaptive_eta,0.0005398694115598695,0.04631928120220254,True,True,15984,14208,444
20260736,7,clustered,16,fixed_q8_adaptive_eta,0.0013906933458773443,0.020663665212978514,True,True,15996,10664,1333
20260736,7,clustered,16,fixed_q1_adaptive_eta,0.005684012525197637,0.008433000464491526,True,True,16000,3200,3200
20260736,7,global,4,adaptive_probe,0.01721046880299908,0.0797004987879601,True,True,15996,11304,1173
20260736,7,global,4,probe_oracle,0.022246556246330772,0.0664418233617003,True,True,16000,5184,2704
20260736,7,global,4,all_agents_adaptive_eta,0.0036160531170741175,0.05999681367716866,True,True,15984,14208,444
20260736,7,global,4,fixed_q8_adaptive_eta,0.03642703190519249,0.049087079029365314,True,True,15996,10664,1333
20260736,7,global,4,fixed_q1_adaptive_eta,0.035038114853216916,0.026746974144982665,True,True,16000,3200,3200
20260736,7,global,16,adaptive_probe,0.02295040160870095,0.07003200858473307,True,True,16000,5184,2704
20260736,7,global,16,probe_oracle,0.02295040160870095,0.07003200858473307,True,True,16000,5184,2704
20260736,7,global,16,all_agents_adaptive_eta,0.007828888633780414,0.08615068862689965,True,True,15984,14208,444
20260736,7,global,16,fixed_q8_adaptive_eta,0.037988711973608924,0.05618066987825452,True,True,15996,10664,1333
20260736,7,global,16,fixed_q1_adaptive_eta,0.034827384693174195,0.027616233753469645,True,True,16000,3200,3200
20260736,7,mixed,4,adaptive_probe,0.008366645038937045,0.06255190008738536,True,True,15996,11304,1173
20260736,7,mixed,4,probe_oracle,0.0009196696260831327,0.05571644798393123,True,True,15996,6932,2266
20260736,7,mixed,4,all_agents_adaptive_eta,0.0006013184474650463,0.04930123456907283,True,True,15984,14208,444
20260736,7,mixed,4,fixed_q8_adaptive_eta,0.02686336730735513,0.032003688815460035,True,True,15996,10664,1333
20260736,7,mixed,4,fixed_q1_adaptive_eta,0.03454189965426848,0.020024534162107876,True,True,16000,3200,3200
20260736,7,mixed,16,adaptive_probe,0.010018801419590688,0.061263430530338996,True,True,15996,11304,1173
20260736,7,mixed,16,probe_oracle,0.0006124420412546036,0.05094708622575391,True,True,15996,6932,2266
20260736,7,mixed,16,all_agents_adaptive_eta,0.00377167823294555,0.04906131847556258,True,True,15984,14208,444
20260736,7,mixed,16,fixed_q8_adaptive_eta,0.028447037182557384,0.03336503613701322,True,True,15996,10664,1333
20260736,7,mixed,16,fixed_q1_adaptive_eta,0.03390747879158971,0.020562637797100658,True,True,16000,3200,3200
20260737,8,independent,4,adaptive_probe,0.0011442669369134835,0.057760437205184034,True,True,16000,13056,736
20260737,8,independent,4,probe_oracle,0.00016907059870681533,0.05938163890850611,True,True,15984,14208,444
20260737,8,independent,4,all_agents_adaptive_eta,0.00016907059870681533,0.05938163890850611,True,True,15984,14208,444
20260737,8,independent,4,fixed_q8_adaptive_eta,0.00025151625609091054,0.016547993562684358,True,True,15996,10664,1333
20260737,8,independent,4,fixed_q1_adaptive_eta,0.00033953602753524664,0.005531672714659367,True,True,16000,3200,3200
20260737,8,independent,16,adaptive_probe,9.391905041965262e-05,0.05197294665524743,True,True,15984,14208,444
20260737,8,independent,16,probe_oracle,9.391905041965262e-05,0.05197294665524743,True,True,15984,14208,444
20260737,8,independent,16,all_agents_adaptive_eta,9.391905041965262e-05,0.05197294665524743,True,True,15984,14208,444
20260737,8,independent,16,fixed_q8_adaptive_eta,0.0001356050104305653,0.015859129612322442,True,True,15996,10664,1333
20260737,8,independent,16,fixed_q1_adaptive_eta,0.00036464032054238913,0.006076111151620968,True,True,16000,3200,3200
20260737,8,clustered,4,adaptive_probe,0.00036171980435189345,0.09889957461576765,True,True,16000,9120,1720
20260737,8,clustered,4,probe_oracle,0.00036171980435189345,0.09889957461576765,True,True,16000,9120,1720
20260737,8,clustered,4,all_agents_adaptive_eta,0.0012052338345895927,0.10962049087081334,True,True,15984,14208,444
20260737,8,clustered,4,fixed_q8_adaptive_eta,0.001495952046797109,0.04023243882386209,True,True,15996,10664,1333
20260737,8,clustered,4,fixed_q1_adaptive_eta,0.000753554384286719,0.01902292479441227,True,True,16000,3200,3200
20260737,8,clustered,16,adaptive_probe,0.0003793173780493003,0.07931591435043546,True,True,16000,9120,1720
20260737,8,clustered,16,probe_oracle,0.0003793173780493003,0.07931591435043546,True,True,16000,9120,1720
20260737,8,clustered,16,all_agents_adaptive_eta,0.0007713753959783495,0.08572933205629264,True,True,15984,14208,444
20260737,8,clustered,16,fixed_q8_adaptive_eta,0.0017483486085206688,0.03458556560074891,True,True,15996,10664,1333
20260737,8,clustered,16,fixed_q1_adaptive_eta,0.0006496085443728412,0.02335912218665857,True,True,16000,3200,3200
20260737,8,global,4,adaptive_probe,0.09782777653210153,0.17987936678352665,True,True,16000,5184,2704
20260737,8,global,4,probe_oracle,0.09782777653210153,0.17987936678352665,True,True,16000,5184,2704
20260737,8,global,4,all_agents_adaptive_eta,0.0021408675831537977,0.17344163517708203,True,True,15984,14208,444
20260737,8,global,4,fixed_q8_adaptive_eta,0.007813559046875383,0.06791700994996405,True,True,15996,10664,1333
20260737,8,global,4,fixed_q1_adaptive_eta,0.02204844962430432,0.04682089591718351,True,True,16000,3200,3200
20260737,8,global,16,adaptive_probe,0.06603597445810519,0.1367887685739383,True,True,15996,6932,2266
20260737,8,global,16,probe_oracle,0.09549891582670555,0.1419156460921508,True,True,16000,5184,2704
20260737,8,global,16,all_agents_adaptive_eta,0.00010628030257293359,0.11547999892675655,True,True,15984,14208,444
20260737,8,global,16,fixed_q8_adaptive_eta,0.010184697378716802,0.045501023998322204,True,True,15996,10664,1333
20260737,8,global,16,fixed_q1_adaptive_eta,0.02035685012822421,0.03857406278986752,True,True,16000,3200,3200
20260737,8,mixed,4,adaptive_probe,0.017863959422357016,0.1731615447838376,True,True,15996,6932,2266
20260737,8,mixed,4,probe_oracle,0.017863959422357016,0.1731615447838376,True,True,15996,6932,2266
20260737,8,mixed,4,all_agents_adaptive_eta,0.0022430266763271353,0.18214883086660627,True,True,15984,14208,444
20260737,8,mixed,4,fixed_q8_adaptive_eta,0.0021959841308056465,0.07692069043840646,True,True,15996,10664,1333
20260737,8,mixed,4,fixed_q1_adaptive_eta,0.00864237197637662,0.034463278450884226,True,True,16000,3200,3200
20260737,8,mixed,16,adaptive_probe,0.009163935011456967,0.12415438852815935,True,True,16000,9120,1720
20260737,8,mixed,16,probe_oracle,0.019456523004121463,0.12552802807970465,True,True,15996,6932,2266
20260737,8,mixed,16,all_agents_adaptive_eta,0.0018372216840252676,0.12766177980709517,True,True,15984,14208,444
20260737,8,mixed,16,fixed_q8_adaptive_eta,0.0027134865136776262,0.04475237966419843,True,True,15996,10664,1333
20260737,8,mixed,16,fixed_q1_adaptive_eta,0.008147595745359153,0.02747183900499845,True,True,16000,3200,3200
20260738,9,independent,4,adaptive_probe,0.0001358338457227754,0.05649121588398148,True,True,15984,14208,444
20260738,9,independent,4,probe_oracle,0.0001358338457227754,0.05649121588398148,True,True,15984,14208,444
20260738,9,independent,4,all_agents_adaptive_eta,0.0001358338457227754,0.05649121588398148,True,True,15984,14208,444
20260738,9,independent,4,fixed_q8_adaptive_eta,0.0006912366980480306,0.019561064549202683,True,True,15996,10664,1333
20260738,9,independent,4,fixed_q1_adaptive_eta,0.0012119283199068605,0.006839033874712809,True,True,16000,3200,3200
20260738,9,independent,16,adaptive_probe,6.036854127023833e-05,0.05236894059594072,True,True,16000,13056,736
20260738,9,independent,16,probe_oracle,8.339566815478624e-05,0.05185251245331664,True,True,15984,14208,444
20260738,9,independent,16,all_agents_adaptive_eta,0.00016468780484032135,0.05241474682854573,True,True,15984,14208,444
20260738,9,independent,16,fixed_q8_adaptive_eta,0.0005687273419810648,0.017988790823117308,True,True,15996,10664,1333
20260738,9,independent,16,fixed_q1_adaptive_eta,0.001246648876760587,0.008603992752480466,True,True,16000,3200,3200
20260738,9,clustered,4,adaptive_probe,0.0013536788912734952,0.048074053218511686,True,True,15996,6932,2266
20260738,9,clustered,4,probe_oracle,0.001121517178834398,0.048949360658238315,True,True,16000,13056,736
20260738,9,clustered,4,all_agents_adaptive_eta,0.0037483942454315236,0.049381375763044265,True,True,15984,14208,444
20260738,9,clustered,4,fixed_q8_adaptive_eta,0.00010174243701356164,0.012762966915684668,True,True,15996,10664,1333
20260738,9,clustered,4,fixed_q1_adaptive_eta,0.0022794895277909893,0.004989361843086103,True,True,16000,3200,3200
20260738,9,clustered,16,adaptive_probe,0.00016444446843249047,0.040437783855439925,True,True,15996,11304,1173
20260738,9,clustered,16,probe_oracle,0.00016444446843249047,0.040437783855439925,True,True,15996,11304,1173
20260738,9,clustered,16,all_agents_adaptive_eta,0.004587124374798028,0.04254984277702193,True,True,15984,14208,444
20260738,9,clustered,16,fixed_q8_adaptive_eta,8.410529760380637e-05,0.012616373972021916,True,True,15996,10664,1333
20260738,9,clustered,16,fixed_q1_adaptive_eta,0.0023676623398390514,0.011243106496669104,True,True,16000,3200,3200
20260738,9,global,4,adaptive_probe,0.005444126405969721,0.052728104201701494,True,True,16000,5184,2704
20260738,9,global,4,probe_oracle,0.005444126405969721,0.052728104201701494,True,True,16000,5184,2704
20260738,9,global,4,all_agents_adaptive_eta,0.0077389506944730915,0.0698239066323266,True,True,15984,14208,444
20260738,9,global,4,fixed_q8_adaptive_eta,0.004816143688842004,0.01749350684664723,True,True,15996,10664,1333
20260738,9,global,4,fixed_q1_adaptive_eta,0.0018319002377385572,0.009079398935639168,True,True,16000,3200,3200
20260738,9,global,16,adaptive_probe,0.005144028671202006,0.04529020883170161,True,True,16000,5184,2704
20260738,9,global,16,probe_oracle,0.005144028671202006,0.04529020883170161,True,True,16000,5184,2704
20260738,9,global,16,all_agents_adaptive_eta,0.008026291984806536,0.06950264048269537,True,True,15984,14208,444
20260738,9,global,16,fixed_q8_adaptive_eta,0.005298094739849839,0.016865309172591773,True,True,15996,10664,1333
20260738,9,global,16,fixed_q1_adaptive_eta,0.00166307858272314,0.009580175627642662,True,True,16000,3200,3200
20260738,9,mixed,4,adaptive_probe,0.002383291254737965,0.0521667322146545,True,True,15996,6932,2266
20260738,9,mixed,4,probe_oracle,0.002383291254737965,0.0521667322146545,True,True,15996,6932,2266
20260738,9,mixed,4,all_agents_adaptive_eta,0.011412747947069365,0.07017532069904857,True,True,15984,14208,444
20260738,9,mixed,4,fixed_q8_adaptive_eta,0.004073655377478587,0.015330276290708046,True,True,15996,10664,1333
20260738,9,mixed,4,fixed_q1_adaptive_eta,0.002882425532816048,0.01039117340961232,True,True,16000,3200,3200
20260738,9,mixed,16,adaptive_probe,0.034092111017077986,0.04685905746657804,True,True,16000,9120,1720
20260738,9,mixed,16,probe_oracle,0.0025679749925816096,0.043262528899071395,True,True,15996,6932,2266
20260738,9,mixed,16,all_agents_adaptive_eta,0.012946733439670793,0.07067736042119695,True,True,15984,14208,444
20260738,9,mixed,16,fixed_q8_adaptive_eta,0.004165086666602084,0.013872776519244259,True,True,15996,10664,1333
20260738,9,mixed,16,fixed_q1_adaptive_eta,0.002812159632115253,0.01316054029178457,True,True,16000,3200,3200
20260739,10,independent,4,adaptive_probe,0.0003538059224574905,0.05360568505620551,True,True,15984,14208,444
20260739,10,independent,4,probe_oracle,0.0004597231172711618,0.05450684943654654,True,True,15984,14208,444
20260739,10,independent,4,all_agents_adaptive_eta,0.0003538059224574905,0.05360568505620551,True,True,15984,14208,444
20260739,10,independent,4,fixed_q8_adaptive_eta,0.00024135636071749843,0.022239346147002535,True,True,15996,10664,1333
20260739,10,independent,4,fixed_q1_adaptive_eta,0.0007508229000684406,0.006346326622783325,True,True,16000,3200,3200
20260739,10,independent,16,adaptive_probe,0.00028642389141892154,0.04905312392961734,True,True,15984,14208,444
20260739,10,independent,16,probe_oracle,0.00028642389141892154,0.04905312392961734,True,True,15984,14208,444
20260739,10,independent,16,all_agents_adaptive_eta,0.00028642389141892154,0.04905312392961734,True,True,15984,14208,444
20260739,10,independent,16,fixed_q8_adaptive_eta,0.0002820357991103972,0.019630347868923606,True,True,15996,10664,1333
20260739,10,independent,16,fixed_q1_adaptive_eta,0.0005844205107887227,0.004818218782009035,True,True,16000,3200,3200
20260739,10,clustered,4,adaptive_probe,7.508706421368805e-05,0.049699864810835444,True,True,15996,11304,1173
20260739,10,clustered,4,probe_oracle,0.0004536057981090298,0.04906702228154164,True,True,16000,9120,1720
20260739,10,clustered,4,all_agents_adaptive_eta,0.0009279717739076002,0.05020185458474029,True,True,15984,14208,444
20260739,10,clustered,4,fixed_q8_adaptive_eta,0.00018071206106541686,0.017591354955377003,True,True,15996,10664,1333
20260739,10,clustered,4,fixed_q1_adaptive_eta,0.015386548861045743,0.01293822788925635,True,True,16000,3200,3200
20260739,10,clustered,16,adaptive_probe,0.0007829141021793766,0.04226558732518628,True,True,16000,13056,736
20260739,10,clustered,16,probe_oracle,0.0001791878528405318,0.041802812179858456,True,True,15996,11304,1173
20260739,10,clustered,16,all_agents_adaptive_eta,0.0007952232639954028,0.04253725072459031,True,True,15984,14208,444
20260739,10,clustered,16,fixed_q8_adaptive_eta,0.0002467470368021968,0.014388451189877091,True,True,15996,10664,1333
20260739,10,clustered,16,fixed_q1_adaptive_eta,0.015038933947807077,0.011126747019657282,True,True,16000,3200,3200
20260739,10,global,4,adaptive_probe,0.011181099336825073,0.21252305436616603,True,True,16000,5184,2704
20260739,10,global,4,probe_oracle,0.011181099336825073,0.21252305436616603,True,True,16000,5184,2704
20260739,10,global,4,all_agents_adaptive_eta,0.05854196822134202,0.3937699814033609,True,True,15984,14208,444
20260739,10,global,4,fixed_q8_adaptive_eta,0.02391773987282826,0.24814565631522656,True,True,15996,10664,1333
20260739,10,global,4,fixed_q1_adaptive_eta,0.008611049165645047,0.0796097448525333,True,True,16000,3200,3200
20260739,10,global,16,adaptive_probe,0.010695286037013245,0.23341848749300148,True,True,16000,5184,2704
20260739,10,global,16,probe_oracle,0.010695286037013245,0.23341848749300148,True,True,16000,5184,2704
20260739,10,global,16,all_agents_adaptive_eta,0.05301574324278054,0.3870084916125215,True,True,15984,14208,444
20260739,10,global,16,fixed_q8_adaptive_eta,0.01766695236898977,0.22849304239071583,True,True,15996,10664,1333
20260739,10,global,16,fixed_q1_adaptive_eta,0.007863016831190842,0.07492517161303323,True,True,16000,3200,3200
20260739,10,mixed,4,adaptive_probe,0.026022818713558653,0.1383883882898299,True,True,15996,6932,2266
20260739,10,mixed,4,probe_oracle,0.026022818713558653,0.1383883882898299,True,True,15996,6932,2266
20260739,10,mixed,4,all_agents_adaptive_eta,0.031684543175196846,0.21375250814374205,True,True,15984,14208,444
20260739,10,mixed,4,fixed_q8_adaptive_eta,0.007734379540555741,0.11549439304237712,True,True,15996,10664,1333
20260739,10,mixed,4,fixed_q1_adaptive_eta,0.02281818425869818,0.054375120563916184,True,True,16000,3200,3200
20260739,10,mixed,16,adaptive_probe,0.025843268306736313,0.14170068676026035,True,True,15996,6932,2266
20260739,10,mixed,16,probe_oracle,0.025843268306736313,0.14170068676026035,True,True,15996,6932,2266
20260739,10,mixed,16,all_agents_adaptive_eta,0.031763520743434186,0.20080879336638038,True,True,15984,14208,444
20260739,10,mixed,16,fixed_q8_adaptive_eta,0.007957867031755389,0.11632748921580774,True,True,15996,10664,1333
20260739,10,mixed,16,fixed_q1_adaptive_eta,0.022212222111086373,0.051458863979032425,True,True,16000,3200,3200
20260740,11,independent,4,adaptive_probe,0.0003500465807863574,0.04848758508346755,True,True,15984,14208,444
20260740,11,independent,4,probe_oracle,0.0003500465807863574,0.04848758508346755,True,True,15984,14208,444
20260740,11,independent,4,all_agents_adaptive_eta,0.0003500465807863574,0.04848758508346755,True,True,15984,14208,444
20260740,11,independent,4,fixed_q8_adaptive_eta,0.0005855373098909075,0.015315182637877359,True,True,15996,10664,1333
20260740,11,independent,4,fixed_q1_adaptive_eta,0.0017790560410660932,0.0025890278755742423,True,True,16000,3200,3200
20260740,11,independent,16,adaptive_probe,0.00047028208061655215,0.04204569794560654,True,True,15996,11304,1173
20260740,11,independent,16,probe_oracle,0.0002664657496684752,0.041716501488872,True,True,15984,14208,444
20260740,11,independent,16,all_agents_adaptive_eta,0.000436826612897747,0.04236194447378094,True,True,15984,14208,444
20260740,11,independent,16,fixed_q8_adaptive_eta,0.0005489950037722316,0.013946169139705027,True,True,15996,10664,1333
20260740,11,independent,16,fixed_q1_adaptive_eta,0.002143256097801019,0.001701694211592975,True,True,16000,3200,3200
20260740,11,clustered,4,adaptive_probe,0.0016361116178664312,0.04414674446807082,True,True,15996,11304,1173
20260740,11,clustered,4,probe_oracle,0.0016361116178664312,0.04414674446807082,True,True,15996,11304,1173
20260740,11,clustered,4,all_agents_adaptive_eta,8.673871210770537e-05,0.04456204467732549,True,True,15984,14208,444
20260740,11,clustered,4,fixed_q8_adaptive_eta,0.00013382407617016948,0.012872721799860997,True,True,15996,10664,1333
20260740,11,clustered,4,fixed_q1_adaptive_eta,0.004610274302349455,0.004511103412701653,True,True,16000,3200,3200
20260740,11,clustered,16,adaptive_probe,0.0002526657051241157,0.03234985073348783,True,True,15984,14208,444
20260740,11,clustered,16,probe_oracle,0.0002526657051241157,0.03234985073348783,True,True,15984,14208,444
20260740,11,clustered,16,all_agents_adaptive_eta,0.0002526657051241157,0.03234985073348783,True,True,15984,14208,444
20260740,11,clustered,16,fixed_q8_adaptive_eta,9.129294007457646e-05,0.009027466692583488,True,True,15996,10664,1333
20260740,11,clustered,16,fixed_q1_adaptive_eta,0.004563839665418604,0.0036235534630242,True,True,16000,3200,3200
20260740,11,global,4,adaptive_probe,0.031410345697192615,0.0720001096773192,True,True,16000,9120,1720
20260740,11,global,4,probe_oracle,0.007178435906238474,0.05724252653354736,True,True,16000,5184,2704
20260740,11,global,4,all_agents_adaptive_eta,0.5814123386528072,0.2425964035552436,True,True,15984,14208,444
20260740,11,global,4,fixed_q8_adaptive_eta,0.09842766685755759,0.07487995599174853,True,True,15996,10664,1333
20260740,11,global,4,fixed_q1_adaptive_eta,0.0354945321908555,0.0363211688311423,True,True,16000,3200,3200
20260740,11,global,16,adaptive_probe,0.007069926731141228,0.0642110196485297,True,True,16000,5184,2704
20260740,11,global,16,probe_oracle,0.007069926731141228,0.0642110196485297,True,True,16000,5184,2704
20260740,11,global,16,all_agents_adaptive_eta,0.6124355627882802,0.2741731378474826,True,True,15984,14208,444
20260740,11,global,16,fixed_q8_adaptive_eta,0.09576151011199573,0.07687610941293897,True,True,15996,10664,1333
20260740,11,global,16,fixed_q1_adaptive_eta,0.03595536108751402,0.03556959436833574,True,True,16000,3200,3200
20260740,11,mixed,4,adaptive_probe,0.018204965766242635,0.0547995590125959,True,True,16000,9120,1720
20260740,11,mixed,4,probe_oracle,0.009925409111277855,0.04431438158509406,True,True,15996,6932,2266
20260740,11,mixed,4,all_agents_adaptive_eta,0.1932257689600726,0.11363490461281098,True,True,15984,14208,444
20260740,11,mixed,4,fixed_q8_adaptive_eta,0.046352940062492826,0.03868471964755115,True,True,15996,10664,1333
20260740,11,mixed,4,fixed_q1_adaptive_eta,0.017963583072757257,0.01676742895333063,True,True,16000,3200,3200
20260740,11,mixed,16,adaptive_probe,0.006021127968031272,0.04589499835413023,True,True,16000,5184,2704
20260740,11,mixed,16,probe_oracle,0.00889155021696966,0.047162691892425335,True,True,15996,6932,2266
20260740,11,mixed,16,all_agents_adaptive_eta,0.28372058735011657,0.15063497572719262,True,True,15984,14208,444
20260740,11,mixed,16,fixed_q8_adaptive_eta,0.052862507927391514,0.048066538720569596,True,True,15996,10664,1333
20260740,11,mixed,16,fixed_q1_adaptive_eta,0.01858936796700958,0.01791937270374994,True,True,16000,3200,3200
20260741,12,independent,4,adaptive_probe,6.603746326280899e-05,0.056100447610795426,True,True,16000,9120,1720
20260741,12,independent,4,probe_oracle,0.0010133995945205048,0.057833581676303564,True,True,15984,14208,444
20260741,12,independent,4,all_agents_adaptive_eta,0.000688557219064981,0.05638154189741931,True,True,15984,14208,444
20260741,12,independent,4,fixed_q8_adaptive_eta,0.00043665181216005734,0.02157879078099697,True,True,15996,10664,1333
20260741,12,independent,4,fixed_q1_adaptive_eta,0.0004518602828642605,0.006226782208014124,True,True,16000,3200,3200
20260741,12,independent,16,adaptive_probe,0.0007267668011481599,0.05269786852973127,True,True,15984,14208,444
20260741,12,independent,16,probe_oracle,0.0007267668011481599,0.05269786852973127,True,True,15984,14208,444
20260741,12,independent,16,all_agents_adaptive_eta,0.0007267668011481599,0.05269786852973127,True,True,15984,14208,444
20260741,12,independent,16,fixed_q8_adaptive_eta,0.0004579128693331729,0.02223581992652217,True,True,15996,10664,1333
20260741,12,independent,16,fixed_q1_adaptive_eta,0.0005260118689431965,0.006400403184559752,True,True,16000,3200,3200
20260741,12,clustered,4,adaptive_probe,0.000765010172005159,0.08606674203053409,True,True,15996,11304,1173
20260741,12,clustered,4,probe_oracle,0.0004039810907499546,0.08538872653703505,True,True,16000,9120,1720
20260741,12,clustered,4,all_agents_adaptive_eta,0.00475320992706367,0.09448079975150143,True,True,15984,14208,444
20260741,12,clustered,4,fixed_q8_adaptive_eta,0.003552389262858375,0.03887844906866941,True,True,15996,10664,1333
20260741,12,clustered,4,fixed_q1_adaptive_eta,0.0039318782242550795,0.01886945691898678,True,True,16000,3200,3200
20260741,12,clustered,16,adaptive_probe,0.000536348012812274,0.07307843793227602,True,True,16000,9120,1720
20260741,12,clustered,16,probe_oracle,0.000536348012812274,0.07307843793227602,True,True,16000,9120,1720
20260741,12,clustered,16,all_agents_adaptive_eta,0.00471593677387577,0.08279363513232164,True,True,15984,14208,444
20260741,12,clustered,16,fixed_q8_adaptive_eta,0.0021041869626601947,0.03618723090484289,True,True,15996,10664,1333
20260741,12,clustered,16,fixed_q1_adaptive_eta,0.004243207698687246,0.01840167486226378,True,True,16000,3200,3200
20260741,12,global,4,adaptive_probe,0.016788486704927195,0.11840646057480127,True,True,16000,5184,2704
20260741,12,global,4,probe_oracle,0.016788486704927195,0.11840646057480127,True,True,16000,5184,2704
20260741,12,global,4,all_agents_adaptive_eta,0.011932428142408262,0.14063112885126375,True,True,15984,14208,444
20260741,12,global,4,fixed_q8_adaptive_eta,0.048574398611685325,0.06618021276268006,True,True,15996,10664,1333
20260741,12,global,4,fixed_q1_adaptive_eta,0.08607607721558826,0.046725301483398624,True,True,16000,3200,3200
20260741,12,global,16,adaptive_probe,0.0166969560358338,0.09004237428072302,True,True,16000,5184,2704
20260741,12,global,16,probe_oracle,0.0166969560358338,0.09004237428072302,True,True,16000,5184,2704
20260741,12,global,16,all_agents_adaptive_eta,0.005739796318600188,0.09791324500651337,True,True,15984,14208,444
20260741,12,global,16,fixed_q8_adaptive_eta,0.04846204699199709,0.05470320435165435,True,True,15996,10664,1333
20260741,12,global,16,fixed_q1_adaptive_eta,0.08877806759868673,0.04395496495761661,True,True,16000,3200,3200
20260741,12,mixed,4,adaptive_probe,0.02572232695161898,0.13021810698978886,True,True,16000,9120,1720
20260741,12,mixed,4,probe_oracle,0.022595487359466523,0.1293034804835793,True,True,15996,6932,2266
20260741,12,mixed,4,all_agents_adaptive_eta,0.0033992691291900475,0.15271547662567012,True,True,15984,14208,444
20260741,12,mixed,4,fixed_q8_adaptive_eta,0.027489748134118364,0.07237455610080834,True,True,15996,10664,1333
20260741,12,mixed,4,fixed_q1_adaptive_eta,0.04463928219349847,0.04098963946774384,True,True,16000,3200,3200
20260741,12,mixed,16,adaptive_probe,0.02805892413340279,0.09920369462265896,True,True,16000,9120,1720
20260741,12,mixed,16,probe_oracle,0.021083940712373486,0.10031958799268109,True,True,15996,6932,2266
20260741,12,mixed,16,all_agents_adaptive_eta,0.0013512578754614837,0.11238528485761734,True,True,15984,14208,444
20260741,12,mixed,16,fixed_q8_adaptive_eta,0.02889278790362413,0.05601705229697404,True,True,15996,10664,1333
20260741,12,mixed,16,fixed_q1_adaptive_eta,0.0448214089835197,0.037280974171518315,True,True,16000,3200,3200
20260742,13,independent,4,adaptive_probe,0.00027736868507632895,0.0526363548167148,True,True,16000,9120,1720
20260742,13,independent,4,probe_oracle,0.00014302542058358702,0.05313369390568685,True,True,15984,14208,444
20260742,13,independent,4,all_agents_adaptive_eta,0.00014302542058358702,0.05313369390568685,True,True,15984,14208,444
20260742,13,independent,4,fixed_q8_adaptive_eta,6.613067592760491e-05,0.0208915640549346,True,True,15996,10664,1333
20260742,13,independent,4,fixed_q1_adaptive_eta,0.0009927355458669456,0.002232529969926498,True,True,16000,3200,3200
20260742,13,independent,16,adaptive_probe,0.0002529880572964488,0.046271204067116434,True,True,16000,9120,1720
20260742,13,independent,16,probe_oracle,0.00021870281640525355,0.04650199628455187,True,True,15984,14208,444
20260742,13,independent,16,all_agents_adaptive_eta,4.933080775023077e-05,0.047118325758476215,True,True,15984,14208,444
20260742,13,independent,16,fixed_q8_adaptive_eta,7.047509510347245e-05,0.020675796056156298,True,True,15996,10664,1333
20260742,13,independent,16,fixed_q1_adaptive_eta,0.0008834458910223674,0.002375863229369772,True,True,16000,3200,3200
20260742,13,clustered,4,adaptive_probe,0.0007125693233733459,0.04258022230112074,True,True,16000,9120,1720
20260742,13,clustered,4,probe_oracle,0.0001554627089689748,0.04272478768122185,True,True,15996,11304,1173
20260742,13,clustered,4,all_agents_adaptive_eta,0.006304126142939975,0.04568634800783409,True,True,15984,14208,444
20260742,13,clustered,4,fixed_q8_adaptive_eta,0.00022866886240398965,0.013825559135558656,True,True,15996,10664,1333
20260742,13,clustered,4,fixed_q1_adaptive_eta,0.005134075171982865,0.004591199506682749,True,True,16000,3200,3200
20260742,13,clustered,16,adaptive_probe,0.0006620174805771208,0.035728034825023056,True,True,16000,9120,1720
20260742,13,clustered,16,probe_oracle,8.81555292850035e-05,0.03565095269448277,True,True,15996,11304,1173
20260742,13,clustered,16,all_agents_adaptive_eta,0.0051488608764441906,0.03798590138671042,True,True,15984,14208,444
20260742,13,clustered,16,fixed_q8_adaptive_eta,0.00026812351288695664,0.013740743942082918,True,True,15996,10664,1333
20260742,13,clustered,16,fixed_q1_adaptive_eta,0.004442148203869034,0.006191394919863626,True,True,16000,3200,3200
20260742,13,global,4,adaptive_probe,0.003034549581843917,0.10509733334790272,True,True,16000,5184,2704
20260742,13,global,4,probe_oracle,0.003034549581843917,0.10509733334790272,True,True,16000,5184,2704
20260742,13,global,4,all_agents_adaptive_eta,0.05848182119178175,0.2824389387507125,True,True,15984,14208,444
20260742,13,global,4,fixed_q8_adaptive_eta,0.004675883169506478,0.13247095585106,True,True,15996,10664,1333
20260742,13,global,4,fixed_q1_adaptive_eta,0.0024846175824311395,0.03354115678439307,True,True,16000,3200,3200
20260742,13,global,16,adaptive_probe,0.0031746031228789147,0.11955513216695493,True,True,16000,5184,2704
20260742,13,global,16,probe_oracle,0.0031746031228789147,0.11955513216695493,True,True,16000,5184,2704
20260742,13,global,16,all_agents_adaptive_eta,0.05185753399093389,0.3105793103082066,True,True,15984,14208,444
20260742,13,global,16,fixed_q8_adaptive_eta,0.0048007579847203444,0.16747202273429806,True,True,15996,10664,1333
20260742,13,global,16,fixed_q1_adaptive_eta,0.0027914453038052453,0.04637738993196606,True,True,16000,3200,3200
20260742,13,mixed,4,adaptive_probe,0.006358750787698844,0.07245803188362943,True,True,16000,5184,2704
20260742,13,mixed,4,probe_oracle,0.0031716877665073557,0.07404731957402652,True,True,15996,6932,2266
20260742,13,mixed,4,all_agents_adaptive_eta,0.06886747066649383,0.16807221062586528,True,True,15984,14208,444
20260742,13,mixed,4,fixed_q8_adaptive_eta,0.0031009253230218957,0.07125770297482976,True,True,15996,10664,1333
20260742,13,mixed,4,fixed_q1_adaptive_eta,0.005109847094837925,0.01583033687189243,True,True,16000,3200,3200
20260742,13,mixed,16,adaptive_probe,0.01394004130603638,0.09410449506542823,True,True,16000,9120,1720
20260742,13,mixed,16,probe_oracle,0.003275185999304401,0.0777895021027649,True,True,15996,6932,2266
20260742,13,mixed,16,all_agents_adaptive_eta,0.06766709045522355,0.18506207129376084,True,True,15984,14208,444
20260742,13,mixed,16,fixed_q8_adaptive_eta,0.0034101400298549673,0.09201767088167985,True,True,15996,10664,1333
20260742,13,mixed,16,fixed_q1_adaptive_eta,0.004772895064868913,0.028884821821620128,True,True,16000,3200,3200
20260743,14,independent,4,adaptive_probe,4.671774211831505e-05,0.05312017842725922,True,True,15984,14208,444
20260743,14,independent,4,probe_oracle,4.671774211831505e-05,0.05312017842725922,True,True,15984,14208,444
20260743,14,independent,4,all_agents_adaptive_eta,4.671774211831505e-05,0.05312017842725922,True,True,15984,14208,444
20260743,14,independent,4,fixed_q8_adaptive_eta,0.0009729231772377721,0.018017570786096098,True,True,15996,10664,1333
20260743,14,independent,4,fixed_q1_adaptive_eta,0.0023457281003489094,0.004612903516009523,True,True,16000,3200,3200
20260743,14,independent,16,adaptive_probe,3.8233085203208446e-05,0.04851719244420856,True,True,15984,14208,444
20260743,14,independent,16,probe_oracle,3.8233085203208446e-05,0.04851719244420856,True,True,15984,14208,444
20260743,14,independent,16,all_agents_adaptive_eta,3.8233085203208446e-05,0.04851719244420856,True,True,15984,14208,444
20260743,14,independent,16,fixed_q8_adaptive_eta,0.0007929952265847586,0.02010564164534458,True,True,15996,10664,1333
20260743,14,independent,16,fixed_q1_adaptive_eta,0.002459252087354672,0.007223578897944339,True,True,16000,3200,3200
20260743,14,clustered,4,adaptive_probe,0.0006564910066877006,0.05633409287657853,True,True,16000,9120,1720
20260743,14,clustered,4,probe_oracle,0.0003710376047921352,0.056871377249098416,True,True,15996,11304,1173
20260743,14,clustered,4,all_agents_adaptive_eta,0.0009992916742967292,0.05843117410738126,True,True,15984,14208,444
20260743,14,clustered,4,fixed_q8_adaptive_eta,0.0005380018165862056,0.016910438135258495,True,True,15996,10664,1333
20260743,14,clustered,4,fixed_q1_adaptive_eta,0.003428048033013823,0.007217266372052709,True,True,16000,3200,3200
20260743,14,clustered,16,adaptive_probe,0.000615951629668013,0.055418417842875795,True,True,16000,9120,1720
20260743,14,clustered,16,probe_oracle,0.0004460930093632477,0.055950220378294196,True,True,15996,11304,1173
20260743,14,clustered,16,all_agents_adaptive_eta,0.0006818219997468889,0.05742635943668732,True,True,15984,14208,444
20260743,14,clustered,16,fixed_q8_adaptive_eta,0.0006811667568140709,0.019982726624150203,True,True,15996,10664,1333
20260743,14,clustered,16,fixed_q1_adaptive_eta,0.0030699802476370076,0.008810120235505293,True,True,16000,3200,3200
20260743,14,global,4,adaptive_probe,0.005019476859825299,0.0488246298567796,True,True,16000,5184,2704
20260743,14,global,4,probe_oracle,0.005019476859825299,0.0488246298567796,True,True,16000,5184,2704
20260743,14,global,4,all_agents_adaptive_eta,0.0018163555348484038,0.12600758237716853,True,True,15984,14208,444
20260743,14,global,4,fixed_q8_adaptive_eta,0.003344283020586115,0.0433284542584781,True,True,15996,10664,1333
20260743,14,global,4,fixed_q1_adaptive_eta,0.0028687510493980795,0.022001040444102546,True,True,16000,3200,3200
20260743,14,global,16,adaptive_probe,0.005071106199398509,0.06502471007625013,True,True,16000,5184,2704
20260743,14,global,16,probe_oracle,0.005071106199398509,0.06502471007625013,True,True,16000,5184,2704
20260743,14,global,16,all_agents_adaptive_eta,0.0017980124103312602,0.1372646977023909,True,True,15984,14208,444
20260743,14,global,16,fixed_q8_adaptive_eta,0.0031724577650327095,0.049684718287185375,True,True,15996,10664,1333
20260743,14,global,16,fixed_q1_adaptive_eta,0.0030458944859022377,0.02677553962230042,True,True,16000,3200,3200
20260743,14,mixed,4,adaptive_probe,0.019741640480149137,0.04345276616038347,True,True,15996,6932,2266
20260743,14,mixed,4,probe_oracle,0.019741640480149137,0.04345276616038347,True,True,15996,6932,2266
20260743,14,mixed,4,all_agents_adaptive_eta,0.0006283744648297599,0.0752007727960891,True,True,15984,14208,444
20260743,14,mixed,4,fixed_q8_adaptive_eta,0.0021335596277810764,0.02553935511275888,True,True,15996,10664,1333
20260743,14,mixed,4,fixed_q1_adaptive_eta,0.003682088784319429,0.01015229019556864,True,True,16000,3200,3200
20260743,14,mixed,16,adaptive_probe,0.019180797389272246,0.05767648458510168,True,True,15996,6932,2266
20260743,14,mixed,16,probe_oracle,0.019180797389272246,0.05767648458510168,True,True,15996,6932,2266
20260743,14,mixed,16,all_agents_adaptive_eta,0.0008862127991536677,0.08943246782638355,True,True,15984,14208,444
20260743,14,mixed,16,fixed_q8_adaptive_eta,0.002175068967239675,0.034124253379079275,True,True,15996,10664,1333
20260743,14,mixed,16,fixed_q1_adaptive_eta,0.0036465093634341743,0.016735954261495007,True,True,16000,3200,3200
20260744,15,independent,4,adaptive_probe,3.601758735286082e-05,0.05044836667636795,True,True,16000,9120,1720
20260744,15,independent,4,probe_oracle,0.00016891929093105986,0.05080418565127307,True,True,15984,14208,444
20260744,15,independent,4,all_agents_adaptive_eta,0.00016891929093105986,0.05080418565127307,True,True,15984,14208,444
20260744,15,independent,4,fixed_q8_adaptive_eta,0.0002132666623589287,0.019827685680610767,True,True,15996,10664,1333
20260744,15,independent,4,fixed_q1_adaptive_eta,0.000419581143646397,0.00906334012836499,True,True,16000,3200,3200
20260744,15,independent,16,adaptive_probe,3.278974062070949e-05,0.046569607836326264,True,True,16000,13056,736
20260744,15,independent,16,probe_oracle,0.00012060591227254546,0.04704036785661608,True,True,15984,14208,444
20260744,15,independent,16,all_agents_adaptive_eta,0.00012060591227254546,0.04704036785661608,True,True,15984,14208,444
20260744,15,independent,16,fixed_q8_adaptive_eta,0.00020061017508198547,0.02153628412361106,True,True,15996,10664,1333
20260744,15,independent,16,fixed_q1_adaptive_eta,0.0004184500491688068,0.009605050647036602,True,True,16000,3200,3200
20260744,15,clustered,4,adaptive_probe,7.44815462880812e-05,0.05427353698253584,True,True,16000,9120,1720
20260744,15,clustered,4,probe_oracle,7.44815462880812e-05,0.05427353698253584,True,True,16000,9120,1720
20260744,15,clustered,4,all_agents_adaptive_eta,0.0010904953769527508,0.05917228422652946,True,True,15984,14208,444
20260744,15,clustered,4,fixed_q8_adaptive_eta,0.00024138412939386805,0.021145376822936345,True,True,15996,10664,1333
20260744,15,clustered,4,fixed_q1_adaptive_eta,0.012596913181743904,0.02481687709403064,True,True,16000,3200,3200
20260744,15,clustered,16,adaptive_probe,0.0007051695018731522,0.05390570592324195,True,True,15996,6932,2266
20260744,15,clustered,16,probe_oracle,7.299138885283624e-05,0.05524679380364672,True,True,16000,9120,1720
20260744,15,clustered,16,all_agents_adaptive_eta,0.001713519792466862,0.05875929323545649,True,True,15984,14208,444
20260744,15,clustered,16,fixed_q8_adaptive_eta,0.00025821160728497307,0.025964898253076702,True,True,15996,10664,1333
20260744,15,clustered,16,fixed_q1_adaptive_eta,0.012829583809874937,0.030045259984740863,True,True,16000,3200,3200
20260744,15,global,4,adaptive_probe,0.08044316466157783,0.11351412048007486,True,True,16000,5184,2704
20260744,15,global,4,probe_oracle,0.08044316466157783,0.11351412048007486,True,True,16000,5184,2704
20260744,15,global,4,all_agents_adaptive_eta,0.0030096285386721025,0.08247340108682127,True,True,15984,14208,444
20260744,15,global,4,fixed_q8_adaptive_eta,0.10370467204400605,0.06402589733896694,True,True,15996,10664,1333
20260744,15,global,4,fixed_q1_adaptive_eta,0.0045837679753405565,0.04440582659844336,True,True,16000,3200,3200
20260744,15,global,16,adaptive_probe,0.07889770249828972,0.10293857473041021,True,True,16000,5184,2704
20260744,15,global,16,probe_oracle,0.07889770249828972,0.10293857473041021,True,True,16000,5184,2704
20260744,15,global,16,all_agents_adaptive_eta,0.0018138281009241323,0.06825405691235754,True,True,15984,14208,444
20260744,15,global,16,fixed_q8_adaptive_eta,0.11439389124516026,0.06353458766042594,True,True,15996,10664,1333
20260744,15,global,16,fixed_q1_adaptive_eta,0.004209459724642057,0.041601969384528675,True,True,16000,3200,3200
20260744,15,mixed,4,adaptive_probe,0.045216992813747595,0.09030531195744457,True,True,15996,6932,2266
20260744,15,mixed,4,probe_oracle,0.045216992813747595,0.09030531195744457,True,True,15996,6932,2266
20260744,15,mixed,4,all_agents_adaptive_eta,0.0016064085584875844,0.07748212101555262,True,True,15984,14208,444
20260744,15,mixed,4,fixed_q8_adaptive_eta,0.04872720469563265,0.04179241772159048,True,True,15996,10664,1333
20260744,15,mixed,4,fixed_q1_adaptive_eta,0.008850752602777106,0.032376121871326,True,True,16000,3200,3200
20260744,15,mixed,16,adaptive_probe,0.045394536313141234,0.0836209784066874,True,True,15996,6932,2266
20260744,15,mixed,16,probe_oracle,0.045394536313141234,0.0836209784066874,True,True,15996,6932,2266
20260744,15,mixed,16,all_agents_adaptive_eta,0.00015887156884074544,0.06416747013254803,True,True,15984,14208,444
20260744,15,mixed,16,fixed_q8_adaptive_eta,0.053707894480423526,0.03919941536984176,True,True,15996,10664,1333
20260744,15,mixed,16,fixed_q1_adaptive_eta,0.008816297886045972,0.02995193711250845,True,True,16000,3200,3200
20260745,16,independent,4,adaptive_probe,0.00023577744217785778,0.0527807842517662,True,True,16000,13056,736
20260745,16,independent,4,probe_oracle,8.16474884996916e-05,0.054185707735224665,True,True,15984,14208,444
20260745,16,independent,4,all_agents_adaptive_eta,8.16474884996916e-05,0.054185707735224665,True,True,15984,14208,444
20260745,16,independent,4,fixed_q8_adaptive_eta,0.0005371241926884656,0.019769410740341383,True,True,15996,10664,1333
20260745,16,independent,4,fixed_q1_adaptive_eta,0.0005331317848220839,0.007954165019648629,True,True,16000,3200,3200
20260745,16,independent,16,adaptive_probe,0.0006318368981438657,0.04848352075059956,True,True,15996,6932,2266
20260745,16,independent,16,probe_oracle,0.00013647828455546718,0.04831693142839158,True,True,15984,14208,444
20260745,16,independent,16,all_agents_adaptive_eta,1.8221036425172974e-05,0.04887248728929818,True,True,15984,14208,444
20260745,16,independent,16,fixed_q8_adaptive_eta,0.0003306093483444736,0.018897466455012554,True,True,15996,10664,1333
20260745,16,independent,16,fixed_q1_adaptive_eta,0.0005771881622329026,0.0068974215765604955,True,True,16000,3200,3200
20260745,16,clustered,4,adaptive_probe,0.0023164984685154037,0.045860672881950906,True,True,16000,9120,1720
20260745,16,clustered,4,probe_oracle,0.0023164984685154037,0.045860672881950906,True,True,16000,9120,1720
20260745,16,clustered,4,all_agents_adaptive_eta,0.004801729160465964,0.0486041140741201,True,True,15984,14208,444
20260745,16,clustered,4,fixed_q8_adaptive_eta,0.00033948780410815926,0.01664523265413015,True,True,15996,10664,1333
20260745,16,clustered,4,fixed_q1_adaptive_eta,0.003587747716150618,0.009073868184672792,True,True,16000,3200,3200
20260745,16,clustered,16,adaptive_probe,0.0023757914318659843,0.044135921013955005,True,True,16000,9120,1720
20260745,16,clustered,16,probe_oracle,0.0005644646502638533,0.044156136533657235,True,True,15996,11304,1173
20260745,16,clustered,16,all_agents_adaptive_eta,0.0040506913478238074,0.046163342764550405,True,True,15984,14208,444
20260745,16,clustered,16,fixed_q8_adaptive_eta,0.0002667553258755412,0.01624306756747354,True,True,15996,10664,1333
20260745,16,clustered,16,fixed_q1_adaptive_eta,0.003368112259677483,0.00925258337544577,True,True,16000,3200,3200
20260745,16,global,4,adaptive_probe,0.015949257933504997,0.07955794716336945,True,True,16000,9120,1720
20260745,16,global,4,probe_oracle,0.028337521790636234,0.08374071881983641,True,True,16000,5184,2704
20260745,16,global,4,all_agents_adaptive_eta,0.037458400303716256,0.08130625385544196,True,True,15984,14208,444
20260745,16,global,4,fixed_q8_adaptive_eta,0.0024728699576460956,0.03185747694413425,True,True,15996,10664,1333
20260745,16,global,4,fixed_q1_adaptive_eta,0.019980715773621944,0.02377220392939166,True,True,16000,3200,3200
20260745,16,global,16,adaptive_probe,0.04658730837781681,0.06356579042253328,True,True,15996,6932,2266
20260745,16,global,16,probe_oracle,0.028495829674801455,0.06307665129764954,True,True,16000,5184,2704
20260745,16,global,16,all_agents_adaptive_eta,0.05883514783281433,0.06304597485447648,True,True,15984,14208,444
20260745,16,global,16,fixed_q8_adaptive_eta,0.002727626221388751,0.02788063257430112,True,True,15996,10664,1333
20260745,16,global,16,fixed_q1_adaptive_eta,0.020171295596928106,0.0218553859348277,True,True,16000,3200,3200
20260745,16,mixed,4,adaptive_probe,0.014480847638052893,0.06366480770369756,True,True,16000,9120,1720
20260745,16,mixed,4,probe_oracle,0.01434536047462703,0.06482052844255982,True,True,15996,6932,2266
20260745,16,mixed,4,all_agents_adaptive_eta,0.02081012341513294,0.06483567119413505,True,True,15984,14208,444
20260745,16,mixed,4,fixed_q8_adaptive_eta,0.001037066383457167,0.022131189959965956,True,True,15996,10664,1333
20260745,16,mixed,4,fixed_q1_adaptive_eta,0.007562591624071848,0.012067753289894987,True,True,16000,3200,3200
20260745,16,mixed,16,adaptive_probe,0.015526539506470307,0.051742682703530954,True,True,16000,9120,1720
20260745,16,mixed,16,probe_oracle,0.014141892143053916,0.05243620689688769,True,True,15996,6932,2266
20260745,16,mixed,16,all_agents_adaptive_eta,0.021568728256242932,0.05022012632019629,True,True,15984,14208,444
20260745,16,mixed,16,fixed_q8_adaptive_eta,0.0012013243903987527,0.019205384308474394,True,True,15996,10664,1333
20260745,16,mixed,16,fixed_q1_adaptive_eta,0.008124924006513068,0.010991153427698082,True,True,16000,3200,3200
20260746,17,independent,4,adaptive_probe,0.0007588816021601041,0.0556420181305604,True,True,16000,13056,736
20260746,17,independent,4,probe_oracle,0.000655493047099447,0.056446713172681066,True,True,15984,14208,444
20260746,17,independent,4,all_agents_adaptive_eta,0.000655493047099447,0.056446713172681066,True,True,15984,14208,444
20260746,17,independent,4,fixed_q8_adaptive_eta,5.8867901392510415e-05,0.018768716543269417,True,True,15996,10664,1333
20260746,17,independent,4,fixed_q1_adaptive_eta,0.004282313802133907,0.011229532562562476,True,True,16000,3200,3200
20260746,17,independent,16,adaptive_probe,0.0005778655833030977,0.049653275917487194,True,True,16000,13056,736
20260746,17,independent,16,probe_oracle,0.0005289888304061262,0.050006527946630505,True,True,15984,14208,444
20260746,17,independent,16,all_agents_adaptive_eta,0.0005289888304061262,0.050006527946630505,True,True,15984,14208,444
20260746,17,independent,16,fixed_q8_adaptive_eta,9.28206981679342e-05,0.01650734264246549,True,True,15996,10664,1333
20260746,17,independent,16,fixed_q1_adaptive_eta,0.004152525529963768,0.01226269059059967,True,True,16000,3200,3200
20260746,17,clustered,4,adaptive_probe,0.00020331577204541154,0.0737565718513048,True,True,16000,9120,1720
20260746,17,clustered,4,probe_oracle,0.00020331577204541154,0.0737565718513048,True,True,16000,9120,1720
20260746,17,clustered,4,all_agents_adaptive_eta,0.0013811931835742257,0.07836926101075722,True,True,15984,14208,444
20260746,17,clustered,4,fixed_q8_adaptive_eta,0.0001398273569080517,0.02792559913440927,True,True,15996,10664,1333
20260746,17,clustered,4,fixed_q1_adaptive_eta,0.00530803404318299,0.03594503463993242,True,True,16000,3200,3200
20260746,17,clustered,16,adaptive_probe,0.0005997240894152091,0.060824689069087674,True,True,15996,11304,1173
20260746,17,clustered,16,probe_oracle,0.0005997240894152091,0.060824689069087674,True,True,15996,11304,1173
20260746,17,clustered,16,all_agents_adaptive_eta,0.0009417833817410794,0.06326636888602516,True,True,15984,14208,444
20260746,17,clustered,16,fixed_q8_adaptive_eta,0.00029345207931842155,0.020068701671496863,True,True,15996,10664,1333
20260746,17,clustered,16,fixed_q1_adaptive_eta,0.0048688480402551354,0.023646171246425006,True,True,16000,3200,3200
20260746,17,global,4,adaptive_probe,0.046305248490848015,0.05932801616499552,True,True,15996,6932,2266
20260746,17,global,4,probe_oracle,0.00898076816248027,0.05445134565243372,True,True,16000,5184,2704
20260746,17,global,4,all_agents_adaptive_eta,0.027366584241115217,0.09116996516804632,True,True,15984,14208,444
20260746,17,global,4,fixed_q8_adaptive_eta,0.02532226447755672,0.03668898712594343,True,True,15996,10664,1333
20260746,17,global,4,fixed_q1_adaptive_eta,0.04045444652534899,0.024484173515684535,True,True,16000,3200,3200
20260746,17,global,16,adaptive_probe,0.04657953536674651,0.06041200527725314,True,True,15996,6932,2266
20260746,17,global,16,probe_oracle,0.008938475866522296,0.05493897867159237,True,True,16000,5184,2704
20260746,17,global,16,all_agents_adaptive_eta,0.03783118823339746,0.0960763935586818,True,True,15984,14208,444
20260746,17,global,16,fixed_q8_adaptive_eta,0.03726654836029272,0.03934303772493393,True,True,15996,10664,1333
20260746,17,global,16,fixed_q1_adaptive_eta,0.04015701654855508,0.02316642629005594,True,True,16000,3200,3200
20260746,17,mixed,4,adaptive_probe,0.022332912738283278,0.049237879667814545,True,True,15996,6932,2266
20260746,17,mixed,4,probe_oracle,0.022332912738283278,0.049237879667814545,True,True,15996,6932,2266
20260746,17,mixed,4,all_agents_adaptive_eta,0.0031973632043842126,0.054823970673040644,True,True,15984,14208,444
20260746,17,mixed,4,fixed_q8_adaptive_eta,0.01096716946748769,0.01874387331741543,True,True,15996,10664,1333
20260746,17,mixed,4,fixed_q1_adaptive_eta,0.028704018304460836,0.022573147305456592,True,True,16000,3200,3200
20260746,17,mixed,16,adaptive_probe,0.001719614273352079,0.0441656571256888,True,True,16000,9120,1720
20260746,17,mixed,16,probe_oracle,0.02216336495636933,0.04539318291449269,True,True,15996,6932,2266
20260746,17,mixed,16,all_agents_adaptive_eta,0.010839330485946225,0.058627915748214326,True,True,15984,14208,444
20260746,17,mixed,16,fixed_q8_adaptive_eta,0.010106146235471087,0.01975129392620165,True,True,15996,10664,1333
20260746,17,mixed,16,fixed_q1_adaptive_eta,0.02829091403144348,0.01713266981004026,True,True,16000,3200,3200
20260747,18,independent,4,adaptive_probe,0.0007513889672836722,0.050968430797462216,True,True,16000,9120,1720
20260747,18,independent,4,probe_oracle,3.130970217095022e-05,0.051710238799420535,True,True,15984,14208,444
20260747,18,independent,4,all_agents_adaptive_eta,3.130970217095022e-05,0.051710238799420535,True,True,15984,14208,444
20260747,18,independent,4,fixed_q8_adaptive_eta,9.46272438760818e-05,0.01772377341529155,True,True,15996,10664,1333
20260747,18,independent,4,fixed_q1_adaptive_eta,0.00045368419743012974,0.004691873071616516,True,True,16000,3200,3200
20260747,18,independent,16,adaptive_probe,1.5438644718419348e-05,0.0455301130537871,True,True,15984,14208,444
20260747,18,independent,16,probe_oracle,1.5438644718419348e-05,0.0455301130537871,True,True,15984,14208,444
20260747,18,independent,16,all_agents_adaptive_eta,1.5438644718419348e-05,0.0455301130537871,True,True,15984,14208,444
20260747,18,independent,16,fixed_q8_adaptive_eta,0.00015140889460819355,0.019827662703086706,True,True,15996,10664,1333
20260747,18,independent,16,fixed_q1_adaptive_eta,0.0006153535131763861,0.004671458833488614,True,True,16000,3200,3200
20260747,18,clustered,4,adaptive_probe,0.0019408524631950505,0.0465861896791734,True,True,16000,9120,1720
20260747,18,clustered,4,probe_oracle,0.0004985976678184015,0.046184853685739574,True,True,15996,11304,1173
20260747,18,clustered,4,all_agents_adaptive_eta,0.0009283818791962706,0.04870506663964665,True,True,15984,14208,444
20260747,18,clustered,4,fixed_q8_adaptive_eta,0.0016196598302011089,0.014836117475287841,True,True,15996,10664,1333
20260747,18,clustered,4,fixed_q1_adaptive_eta,0.0012970692594692628,0.005613423839229172,True,True,16000,3200,3200
20260747,18,clustered,16,adaptive_probe,0.0017828906455737022,0.03677191380369514,True,True,16000,9120,1720
20260747,18,clustered,16,probe_oracle,0.0006405168665463386,0.036390387544469015,True,True,15996,11304,1173
20260747,18,clustered,16,all_agents_adaptive_eta,0.0005335385116539251,0.03830807502121767,True,True,15984,14208,444
20260747,18,clustered,16,fixed_q8_adaptive_eta,0.0018946695028935496,0.014778920843592922,True,True,15996,10664,1333
20260747,18,clustered,16,fixed_q1_adaptive_eta,0.0012461755696461158,0.006311363646930932,True,True,16000,3200,3200
20260747,18,global,4,adaptive_probe,0.005027182386243469,0.08683249216669627,True,True,16000,9120,1720
20260747,18,global,4,probe_oracle,0.026128355238935856,0.08636045520484568,True,True,16000,5184,2704
20260747,18,global,4,all_agents_adaptive_eta,0.0084894514526434,0.12595112832184185,True,True,15984,14208,444
20260747,18,global,4,fixed_q8_adaptive_eta,0.0071902270594735775,0.0439394919086124,True,True,15996,10664,1333
20260747,18,global,4,fixed_q1_adaptive_eta,0.0018758460695596341,0.018359344981237587,True,True,16000,3200,3200
20260747,18,global,16,adaptive_probe,0.026726816643987857,0.07253586102013138,True,True,16000,5184,2704
20260747,18,global,16,probe_oracle,0.026726816643987857,0.07253586102013138,True,True,16000,5184,2704
20260747,18,global,16,all_agents_adaptive_eta,0.02180323614898579,0.12410993120220677,True,True,15984,14208,444
20260747,18,global,16,fixed_q8_adaptive_eta,0.006966945165789391,0.05098878236623089,True,True,15996,10664,1333
20260747,18,global,16,fixed_q1_adaptive_eta,0.0020233603339293656,0.020873810757841296,True,True,16000,3200,3200
20260747,18,mixed,4,adaptive_probe,0.0012008533722764406,0.06712219351658144,True,True,16000,9120,1720
20260747,18,mixed,4,probe_oracle,0.017666897374527556,0.07016696640870423,True,True,15996,6932,2266
20260747,18,mixed,4,all_agents_adaptive_eta,0.0014177622869035746,0.0861251657590411,True,True,15984,14208,444
20260747,18,mixed,4,fixed_q8_adaptive_eta,0.0015828069822984001,0.028022474614695522,True,True,15996,10664,1333
20260747,18,mixed,4,fixed_q1_adaptive_eta,0.0030921545436307556,0.013257294437905777,True,True,16000,3200,3200
20260747,18,mixed,16,adaptive_probe,0.01910087099448639,0.05603874893294539,True,True,16000,5184,2704
20260747,18,mixed,16,probe_oracle,0.018624198973600393,0.05588184962623993,True,True,15996,6932,2266
20260747,18,mixed,16,all_agents_adaptive_eta,0.005437285960202809,0.07692330257113615,True,True,15984,14208,444
20260747,18,mixed,16,fixed_q8_adaptive_eta,0.0014325489493234684,0.03154927295419021,True,True,15996,10664,1333
20260747,18,mixed,16,fixed_q1_adaptive_eta,0.003251155401696856,0.01579083890639742,True,True,16000,3200,3200
20260748,19,independent,4,adaptive_probe,8.408197840006195e-05,0.0531960284469749,True,True,15984,14208,444
20260748,19,independent,4,probe_oracle,8.408197840006195e-05,0.0531960284469749,True,True,15984,14208,444
20260748,19,independent,4,all_agents_adaptive_eta,8.408197840006195e-05,0.0531960284469749,True,True,15984,14208,444
20260748,19,independent,4,fixed_q8_adaptive_eta,0.0004070605572433779,0.01788785463458398,True,True,15996,10664,1333
20260748,19,independent,4,fixed_q1_adaptive_eta,0.0007554755451984077,0.011078216383702355,True,True,16000,3200,3200
20260748,19,independent,16,adaptive_probe,0.00015726134422600746,0.04824908777567389,True,True,15984,14208,444
20260748,19,independent,16,probe_oracle,0.00015726134422600746,0.04824908777567389,True,True,15984,14208,444
20260748,19,independent,16,all_agents_adaptive_eta,0.00015726134422600746,0.04824908777567389,True,True,15984,14208,444
20260748,19,independent,16,fixed_q8_adaptive_eta,0.00031271274773140174,0.016184404402971614,True,True,15996,10664,1333
20260748,19,independent,16,fixed_q1_adaptive_eta,0.0007440876750222661,0.010337236764780922,True,True,16000,3200,3200
20260748,19,clustered,4,adaptive_probe,0.00073985722891092,0.036618747073099187,True,True,16000,9120,1720
20260748,19,clustered,4,probe_oracle,0.0014129209623927638,0.036503875054599566,True,True,16000,13056,736
20260748,19,clustered,4,all_agents_adaptive_eta,2.560076209978903e-05,0.03617325107807937,True,True,15984,14208,444
20260748,19,clustered,4,fixed_q8_adaptive_eta,0.0016744233632550493,0.00999245078354797,True,True,15996,10664,1333
20260748,19,clustered,4,fixed_q1_adaptive_eta,0.011209476289211488,0.00788779742843484,True,True,16000,3200,3200
20260748,19,clustered,16,adaptive_probe,0.0007032990695950471,0.03835974482982782,True,True,16000,9120,1720
20260748,19,clustered,16,probe_oracle,0.0022027264836553114,0.03861417438319901,True,True,15996,11304,1173
20260748,19,clustered,16,all_agents_adaptive_eta,8.21594996128607e-05,0.0379390107098752,True,True,15984,14208,444
20260748,19,clustered,16,fixed_q8_adaptive_eta,0.0016819694117962507,0.01200347293824019,True,True,15996,10664,1333
20260748,19,clustered,16,fixed_q1_adaptive_eta,0.010988645439584766,0.009923358968193827,True,True,16000,3200,3200
20260748,19,global,4,adaptive_probe,0.011976977375921903,0.08884558533168706,True,True,15996,6932,2266
20260748,19,global,4,probe_oracle,0.02385495151720619,0.08748368149468544,True,True,16000,5184,2704
20260748,19,global,4,all_agents_adaptive_eta,0.10618740772646067,0.11036747204001804,True,True,15984,14208,444
20260748,19,global,4,fixed_q8_adaptive_eta,0.0074202735705602586,0.05393474812868418,True,True,15996,10664,1333
20260748,19,global,4,fixed_q1_adaptive_eta,0.033270848066232636,0.03255688771376683,True,True,16000,3200,3200
20260748,19,global,16,adaptive_probe,0.012189081164098873,0.08018371600175826,True,True,15996,6932,2266
20260748,19,global,16,probe_oracle,0.02519652298937452,0.07863466512262215,True,True,16000,5184,2704
20260748,19,global,16,all_agents_adaptive_eta,0.128848451227568,0.10216369610509927,True,True,15984,14208,444
20260748,19,global,16,fixed_q8_adaptive_eta,0.008701935632299047,0.05352137345821091,True,True,15996,10664,1333
20260748,19,global,16,fixed_q1_adaptive_eta,0.03289896178620928,0.03358809349867278,True,True,16000,3200,3200
20260748,19,mixed,4,adaptive_probe,0.013606624559696237,0.05874016348510555,True,True,16000,9120,1720
20260748,19,mixed,4,probe_oracle,0.005481670971290885,0.057186299330236647,True,True,15996,6932,2266
20260748,19,mixed,4,all_agents_adaptive_eta,0.03553908216888972,0.06207094175769729,True,True,15984,14208,444
20260748,19,mixed,4,fixed_q8_adaptive_eta,0.00656476013048693,0.026322450953631185,True,True,15996,10664,1333
20260748,19,mixed,4,fixed_q1_adaptive_eta,0.003028156377265912,0.011490966825190347,True,True,16000,3200,3200
20260748,19,mixed,16,adaptive_probe,0.013303126910604585,0.05767294926760932,True,True,16000,9120,1720
20260748,19,mixed,16,probe_oracle,0.0056509627636504274,0.05541893106176741,True,True,15996,6932,2266
20260748,19,mixed,16,all_agents_adaptive_eta,0.05663685003364196,0.06122499684519888,True,True,15984,14208,444
20260748,19,mixed,16,fixed_q8_adaptive_eta,0.00735469148838556,0.030391343195401505,True,True,15996,10664,1333
20260748,19,mixed,16,fixed_q1_adaptive_eta,0.002892577898818363,0.015882639618756925,True,True,16000,3200,3200
20260749,20,independent,4,adaptive_probe,0.0001673773975292613,0.05456614075634903,True,True,15996,11304,1173
20260749,20,independent,4,probe_oracle,0.000693375990321075,0.055079842136462484,True,True,15984,14208,444
20260749,20,independent,4,all_agents_adaptive_eta,0.000693375990321075,0.055079842136462484,True,True,15984,14208,444
20260749,20,independent,4,fixed_q8_adaptive_eta,0.0006064578651910723,0.016495756430397093,True,True,15996,10664,1333
20260749,20,independent,4,fixed_q1_adaptive_eta,0.0010386967732782697,0.003205793681183872,True,True,16000,3200,3200
20260749,20,independent,16,adaptive_probe,0.00010113113791727418,0.04860237916675299,True,True,15996,11304,1173
20260749,20,independent,16,probe_oracle,0.0005523050638651101,0.04817036102999619,True,True,15984,14208,444
20260749,20,independent,16,all_agents_adaptive_eta,0.0005523050638651101,0.04817036102999619,True,True,15984,14208,444
20260749,20,independent,16,fixed_q8_adaptive_eta,0.0006634954081050237,0.015888044624537637,True,True,15996,10664,1333
20260749,20,independent,16,fixed_q1_adaptive_eta,0.0009826607243766264,0.003990293381445524,True,True,16000,3200,3200
20260749,20,clustered,4,adaptive_probe,0.002563222965096393,0.0718293303411611,True,True,15996,6932,2266
20260749,20,clustered,4,probe_oracle,0.0010505555875145798,0.07287636981043438,True,True,16000,9120,1720
20260749,20,clustered,4,all_agents_adaptive_eta,0.0018189706465953407,0.07471436058381725,True,True,15984,14208,444
20260749,20,clustered,4,fixed_q8_adaptive_eta,0.003288997147543403,0.025582401725798655,True,True,15996,10664,1333
20260749,20,clustered,4,fixed_q1_adaptive_eta,0.001571244803253613,0.008435086567956407,True,True,16000,3200,3200
20260749,20,clustered,16,adaptive_probe,0.002617813717164349,0.05827514954965059,True,True,15996,6932,2266
20260749,20,clustered,16,probe_oracle,0.0008059090589499317,0.05810396981873102,True,True,16000,9120,1720
20260749,20,clustered,16,all_agents_adaptive_eta,0.0006230034088168797,0.06028860646546273,True,True,15984,14208,444
20260749,20,clustered,16,fixed_q8_adaptive_eta,0.0030269927543159275,0.020319241271312082,True,True,15996,10664,1333
20260749,20,clustered,16,fixed_q1_adaptive_eta,0.0016587145501334541,0.008766229536659753,True,True,16000,3200,3200
20260749,20,global,4,adaptive_probe,0.006225251348241594,0.050134993346563156,True,True,16000,5184,2704
20260749,20,global,4,probe_oracle,0.006225251348241594,0.050134993346563156,True,True,16000,5184,2704
20260749,20,global,4,all_agents_adaptive_eta,0.009839613026144113,0.049855915742090355,True,True,15984,14208,444
20260749,20,global,4,fixed_q8_adaptive_eta,0.009839798725118627,0.020224965304267636,True,True,15996,10664,1333
20260749,20,global,4,fixed_q1_adaptive_eta,0.00374406615837786,0.009293247880097088,True,True,16000,3200,3200
20260749,20,global,16,adaptive_probe,0.006049558684499223,0.07182138375653598,True,True,16000,5184,2704
20260749,20,global,16,probe_oracle,0.006049558684499223,0.07182138375653598,True,True,16000,5184,2704
20260749,20,global,16,all_agents_adaptive_eta,0.019344988853347032,0.07495432790044079,True,True,15984,14208,444
20260749,20,global,16,fixed_q8_adaptive_eta,0.009693442668665531,0.027687194853171705,True,True,15996,10664,1333
20260749,20,global,16,fixed_q1_adaptive_eta,0.003755223703275483,0.010919344448913655,True,True,16000,3200,3200
20260749,20,mixed,4,adaptive_probe,0.007131432036998032,0.06539350241944804,True,True,16000,9120,1720
20260749,20,mixed,4,probe_oracle,0.008597459611000302,0.06497436959190972,True,True,15996,6932,2266
20260749,20,mixed,4,all_agents_adaptive_eta,0.020642972737323694,0.06797576197899259,True,True,15984,14208,444
20260749,20,mixed,4,fixed_q8_adaptive_eta,0.0021498269404994115,0.023274648904419656,True,True,15996,10664,1333
20260749,20,mixed,4,fixed_q1_adaptive_eta,0.0029939002385329177,0.01032291498043695,True,True,16000,3200,3200
20260749,20,mixed,16,adaptive_probe,0.008210954990370974,0.07394420017752598,True,True,15996,6932,2266
20260749,20,mixed,16,probe_oracle,0.008210954990370974,0.07394420017752598,True,True,15996,6932,2266
20260749,20,mixed,16,all_agents_adaptive_eta,0.017931412778078602,0.07542723531008337,True,True,15984,14208,444
20260749,20,mixed,16,fixed_q8_adaptive_eta,0.0021198256898316238,0.025584973238269592,True,True,15996,10664,1333
20260749,20,mixed,16,fixed_q1_adaptive_eta,0.003358213106666037,0.010987321973960311,True,True,16000,3200,3200
20260750,21,independent,4,adaptive_probe,0.0004736712066949981,0.05799628798932724,True,True,15996,11304,1173
20260750,21,independent,4,probe_oracle,6.289600979283514e-05,0.057954761840928265,True,True,15984,14208,444
20260750,21,independent,4,all_agents_adaptive_eta,6.289600979283514e-05,0.057954761840928265,True,True,15984,14208,444
20260750,21,independent,4,fixed_q8_adaptive_eta,0.00011933138663504582,0.0194310153842584,True,True,15996,10664,1333
20260750,21,independent,4,fixed_q1_adaptive_eta,0.0045798472405860656,0.010351926309142343,True,True,16000,3200,3200
20260750,21,independent,16,adaptive_probe,0.0002460582386008525,0.05156312027248368,True,True,15996,11304,1173
20260750,21,independent,16,probe_oracle,1.2152122241092784e-05,0.05081022612280086,True,True,15984,14208,444
20260750,21,independent,16,all_agents_adaptive_eta,1.2152122241092784e-05,0.05081022612280086,True,True,15984,14208,444
20260750,21,independent,16,fixed_q8_adaptive_eta,0.000108695041450595,0.01927079620828838,True,True,15996,10664,1333
20260750,21,independent,16,fixed_q1_adaptive_eta,0.004612295002090865,0.011915897199541024,True,True,16000,3200,3200
20260750,21,clustered,4,adaptive_probe,0.0010056848815248067,0.05431778937843416,True,True,16000,9120,1720
20260750,21,clustered,4,probe_oracle,0.0009217300477307254,0.0544383394220003,True,True,15996,11304,1173
20260750,21,clustered,4,all_agents_adaptive_eta,0.0022382961865816072,0.05477395762274171,True,True,15984,14208,444
20260750,21,clustered,4,fixed_q8_adaptive_eta,0.0012388467687703538,0.015503191962405466,True,True,15996,10664,1333
20260750,21,clustered,4,fixed_q1_adaptive_eta,0.010913858928232984,0.016109304100028844,True,True,16000,3200,3200
20260750,21,clustered,16,adaptive_probe,0.002109272430320497,0.049343305211513255,True,True,16000,5184,2704
20260750,21,clustered,16,probe_oracle,0.0007850630067218342,0.04835305056075105,True,True,15984,14208,444
20260750,21,clustered,16,all_agents_adaptive_eta,0.0007850630067218342,0.04835305056075105,True,True,15984,14208,444
20260750,21,clustered,16,fixed_q8_adaptive_eta,0.0013349194631371434,0.015422464424557636,True,True,15996,10664,1333
20260750,21,clustered,16,fixed_q1_adaptive_eta,0.010288455849191755,0.016268803202852754,True,True,16000,3200,3200
20260750,21,global,4,adaptive_probe,0.008162107415776502,0.07218019021744744,True,True,15996,6932,2266
20260750,21,global,4,probe_oracle,0.012656175890676333,0.06809269352157346,True,True,16000,5184,2704
20260750,21,global,4,all_agents_adaptive_eta,0.035783618408023396,0.05727427176416831,True,True,15984,14208,444
20260750,21,global,4,fixed_q8_adaptive_eta,0.024631663625950505,0.06209135250223213,True,True,15996,10664,1333
20260750,21,global,4,fixed_q1_adaptive_eta,0.022608204448827742,0.025432084174803343,True,True,16000,3200,3200
20260750,21,global,16,adaptive_probe,0.013166180200072139,0.06057165722190987,True,True,16000,5184,2704
20260750,21,global,16,probe_oracle,0.013166180200072139,0.06057165722190987,True,True,16000,5184,2704
20260750,21,global,16,all_agents_adaptive_eta,0.05088359437678445,0.05242021225717993,True,True,15984,14208,444
20260750,21,global,16,fixed_q8_adaptive_eta,0.021995751162115936,0.058285872247823445,True,True,15996,10664,1333
20260750,21,global,16,fixed_q1_adaptive_eta,0.023946046897774617,0.02328237622020858,True,True,16000,3200,3200
20260750,21,mixed,4,adaptive_probe,0.007633070781039636,0.06934397595803153,True,True,16000,9120,1720
20260750,21,mixed,4,probe_oracle,0.012595990827403425,0.06590831213401621,True,True,15996,6932,2266
20260750,21,mixed,4,all_agents_adaptive_eta,0.027287386492067533,0.05768766928540829,True,True,15984,14208,444
20260750,21,mixed,4,fixed_q8_adaptive_eta,0.00755084366620163,0.038510659361244946,True,True,15996,10664,1333
20260750,21,mixed,4,fixed_q1_adaptive_eta,0.004414954485638738,0.016183083321739646,True,True,16000,3200,3200
20260750,21,mixed,16,adaptive_probe,0.007479339200852019,0.05776390701085409,True,True,16000,5184,2704
20260750,21,mixed,16,probe_oracle,0.011635815591789535,0.05986131349254118,True,True,15996,6932,2266
20260750,21,mixed,16,all_agents_adaptive_eta,0.04117154668395566,0.05397167438427417,True,True,15984,14208,444
20260750,21,mixed,16,fixed_q8_adaptive_eta,0.006431748558919488,0.035109785696407735,True,True,15996,10664,1333
20260750,21,mixed,16,fixed_q1_adaptive_eta,0.004490950321352413,0.014844535374493277,True,True,16000,3200,3200
20260751,22,independent,4,adaptive_probe,0.0001563998932459354,0.050299704992548176,True,True,15996,11304,1173
20260751,22,independent,4,probe_oracle,0.00019155988028771718,0.05083124129112807,True,True,15984,14208,444
20260751,22,independent,4,all_agents_adaptive_eta,0.00019155988028771718,0.05083124129112807,True,True,15984,14208,444
20260751,22,independent,4,fixed_q8_adaptive_eta,8.64204834284387e-05,0.01793211302988217,True,True,15996,10664,1333
20260751,22,independent,4,fixed_q1_adaptive_eta,0.0008555579404381398,0.0086531270709417,True,True,16000,3200,3200
20260751,22,independent,16,adaptive_probe,0.0001354767676284867,0.04746594444496406,True,True,15996,11304,1173
20260751,22,independent,16,probe_oracle,0.00012224746152740814,0.047467331281932784,True,True,15984,14208,444
20260751,22,independent,16,all_agents_adaptive_eta,0.00012224746152740814,0.047467331281932784,True,True,15984,14208,444
20260751,22,independent,16,fixed_q8_adaptive_eta,7.871051988992329e-05,0.019810178329725318,True,True,15996,10664,1333
20260751,22,independent,16,fixed_q1_adaptive_eta,0.0008178905752114007,0.011982487705930394,True,True,16000,3200,3200
20260751,22,clustered,4,adaptive_probe,0.0028774740113659656,0.053145104078770176,True,True,15996,11304,1173
20260751,22,clustered,4,probe_oracle,0.0028774740113659656,0.053145104078770176,True,True,15996,11304,1173
20260751,22,clustered,4,all_agents_adaptive_eta,0.004565795347113024,0.05511900241244518,True,True,15984,14208,444
20260751,22,clustered,4,fixed_q8_adaptive_eta,0.0009114629151213422,0.0185023754739466,True,True,15996,10664,1333
20260751,22,clustered,4,fixed_q1_adaptive_eta,0.0008865274717213895,0.0072505476191382645,True,True,16000,3200,3200
20260751,22,clustered,16,adaptive_probe,0.0026271844539349143,0.051357073231260195,True,True,15996,11304,1173
20260751,22,clustered,16,probe_oracle,0.0026271844539349143,0.051357073231260195,True,True,15996,11304,1173
20260751,22,clustered,16,all_agents_adaptive_eta,0.004931388270914649,0.053369298629264116,True,True,15984,14208,444
20260751,22,clustered,16,fixed_q8_adaptive_eta,0.0010755432207278826,0.021654724375162568,True,True,15996,10664,1333
20260751,22,clustered,16,fixed_q1_adaptive_eta,0.0010649506289970659,0.007464182557418453,True,True,16000,3200,3200
20260751,22,global,4,adaptive_probe,0.008744955986115497,0.04033649762821022,True,True,16000,5184,2704
20260751,22,global,4,probe_oracle,0.008744955986115497,0.04033649762821022,True,True,16000,5184,2704
20260751,22,global,4,all_agents_adaptive_eta,0.010146656366412885,0.05634478248864316,True,True,15984,14208,444
20260751,22,global,4,fixed_q8_adaptive_eta,0.0016595547103036446,0.02329515721414563,True,True,15996,10664,1333
20260751,22,global,4,fixed_q1_adaptive_eta,0.007739394451409756,0.012770546304165542,True,True,16000,3200,3200
20260751,22,global,16,adaptive_probe,0.012114527988049273,0.05239081543718196,True,True,15996,6932,2266
20260751,22,global,16,probe_oracle,0.008436764858216959,0.049834959617174227,True,True,16000,5184,2704
20260751,22,global,16,all_agents_adaptive_eta,0.016102327315599914,0.06650432554916325,True,True,15984,14208,444
20260751,22,global,16,fixed_q8_adaptive_eta,0.0020049615871593563,0.029479909606678588,True,True,15996,10664,1333
20260751,22,global,16,fixed_q1_adaptive_eta,0.0075148411731908405,0.01613236426770824,True,True,16000,3200,3200
20260751,22,mixed,4,adaptive_probe,0.007025558603005732,0.04451005353549582,True,True,16000,9120,1720
20260751,22,mixed,4,probe_oracle,0.007068644719010951,0.046471150022165036,True,True,15996,6932,2266
20260751,22,mixed,4,all_agents_adaptive_eta,0.010333443818313597,0.04891736231716322,True,True,15984,14208,444
20260751,22,mixed,4,fixed_q8_adaptive_eta,0.002014593001671525,0.02062896378855223,True,True,15996,10664,1333
20260751,22,mixed,4,fixed_q1_adaptive_eta,0.002672528164676229,0.010363832322980682,True,True,16000,3200,3200
20260751,22,mixed,16,adaptive_probe,0.006808432748305049,0.051234777997713976,True,True,16000,9120,1720
20260751,22,mixed,16,probe_oracle,0.006549213134601793,0.052848077911803494,True,True,15996,6932,2266
20260751,22,mixed,16,all_agents_adaptive_eta,0.01483809746577123,0.05662154260088772,True,True,15984,14208,444
20260751,22,mixed,16,fixed_q8_adaptive_eta,0.00236025750497093,0.026400491346027906,True,True,15996,10664,1333
20260751,22,mixed,16,fixed_q1_adaptive_eta,0.0026872865392604745,0.011422972431724571,True,True,16000,3200,3200
20260752,23,independent,4,adaptive_probe,0.0010479108501434931,0.051011511722202176,True,True,15984,14208,444
20260752,23,independent,4,probe_oracle,0.0010709863848970568,0.05175330748742298,True,True,15984,14208,444
20260752,23,independent,4,all_agents_adaptive_eta,0.0010479108501434931,0.051011511722202176,True,True,15984,14208,444
20260752,23,independent,4,fixed_q8_adaptive_eta,0.00013680568659590246,0.019980040282920913,True,True,15996,10664,1333
20260752,23,independent,4,fixed_q1_adaptive_eta,0.0024313354658861627,0.008986449804326904,True,True,16000,3200,3200
20260752,23,independent,16,adaptive_probe,0.00040037017618130624,0.046794915216954724,True,True,16000,13056,736
20260752,23,independent,16,probe_oracle,0.0011194134999044218,0.046582808323782726,True,True,15984,14208,444
20260752,23,independent,16,all_agents_adaptive_eta,0.0011194134999044218,0.046582808323782726,True,True,15984,14208,444
20260752,23,independent,16,fixed_q8_adaptive_eta,0.00010360405980925785,0.01741309846709587,True,True,15996,10664,1333
20260752,23,independent,16,fixed_q1_adaptive_eta,0.002524005099326421,0.010809054747194758,True,True,16000,3200,3200
20260752,23,clustered,4,adaptive_probe,0.00016412058536119405,0.051650057442782386,True,True,15996,11304,1173
20260752,23,clustered,4,probe_oracle,0.00010744957189313497,0.04910558017706621,True,True,16000,9120,1720
20260752,23,clustered,4,all_agents_adaptive_eta,0.004446301301773005,0.05469119562641211,True,True,15984,14208,444
20260752,23,clustered,4,fixed_q8_adaptive_eta,0.00014308492287628914,0.022292957133158296,True,True,15996,10664,1333
20260752,23,clustered,4,fixed_q1_adaptive_eta,0.0026453820230934216,0.010987160957348195,True,True,16000,3200,3200
20260752,23,clustered,16,adaptive_probe,0.00013504663440391324,0.04601560176313851,True,True,15996,11304,1173
20260752,23,clustered,16,probe_oracle,9.692857647282594e-05,0.043930207196122985,True,True,16000,9120,1720
20260752,23,clustered,16,all_agents_adaptive_eta,0.0048813841175982765,0.04800248047061586,True,True,15984,14208,444
20260752,23,clustered,16,fixed_q8_adaptive_eta,0.00015934886521089492,0.019878283715876268,True,True,15996,10664,1333
20260752,23,clustered,16,fixed_q1_adaptive_eta,0.002759660507833327,0.014494185584094264,True,True,16000,3200,3200
20260752,23,global,4,adaptive_probe,0.005535800645039519,0.11219973436064189,True,True,16000,5184,2704
20260752,23,global,4,probe_oracle,0.005535800645039519,0.11219973436064189,True,True,16000,5184,2704
20260752,23,global,4,all_agents_adaptive_eta,0.008264332566840326,0.11179486033799577,True,True,15984,14208,444
20260752,23,global,4,fixed_q8_adaptive_eta,0.0052602975137281596,0.04079405525415264,True,True,15996,10664,1333
20260752,23,global,4,fixed_q1_adaptive_eta,0.00803177661642419,0.012418180815041403,True,True,16000,3200,3200
20260752,23,global,16,adaptive_probe,0.005526530189898322,0.09677156358932751,True,True,16000,5184,2704
20260752,23,global,16,probe_oracle,0.005526530189898322,0.09677156358932751,True,True,16000,5184,2704
20260752,23,global,16,all_agents_adaptive_eta,0.03432208144956754,0.10832737561649598,True,True,15984,14208,444
20260752,23,global,16,fixed_q8_adaptive_eta,0.006164976855104879,0.03883419807831748,True,True,15996,10664,1333
20260752,23,global,16,fixed_q1_adaptive_eta,0.007535745113888212,0.010371884462398069,True,True,16000,3200,3200
20260752,23,mixed,4,adaptive_probe,0.002017784680249362,0.08255347805760492,True,True,16000,9120,1720
20260752,23,mixed,4,probe_oracle,0.002385223086182047,0.08259817351993051,True,True,15996,6932,2266
20260752,23,mixed,4,all_agents_adaptive_eta,0.0016900772083028892,0.08459481435161101,True,True,15984,14208,444
20260752,23,mixed,4,fixed_q8_adaptive_eta,0.0034109259513835357,0.027822623475325322,True,True,15996,10664,1333
20260752,23,mixed,4,fixed_q1_adaptive_eta,0.0073292337289178775,0.01075156956004541,True,True,16000,3200,3200
20260752,23,mixed,16,adaptive_probe,0.002232946432732685,0.06919196399496247,True,True,16000,9120,1720
20260752,23,mixed,16,probe_oracle,0.0024027780711062775,0.06857049253010689,True,True,15996,6932,2266
20260752,23,mixed,16,all_agents_adaptive_eta,0.005970648111110595,0.06833133583309153,True,True,15984,14208,444
20260752,23,mixed,16,fixed_q8_adaptive_eta,0.003970214521866071,0.02232638068137365,True,True,15996,10664,1333
20260752,23,mixed,16,fixed_q1_adaptive_eta,0.0067742199834741265,0.011163842061570506,True,True,16000,3200,3200
20260753,24,independent,4,adaptive_probe,0.00047222981645038224,0.050764494622445276,True,True,16000,13056,736
20260753,24,independent,4,probe_oracle,0.00031031949554515855,0.0494953963899105,True,True,15984,14208,444
20260753,24,independent,4,all_agents_adaptive_eta,0.00031031949554515855,0.0494953963899105,True,True,15984,14208,444
20260753,24,independent,4,fixed_q8_adaptive_eta,0.0003015183054885488,0.021607949058800792,True,True,15996,10664,1333
20260753,24,independent,4,fixed_q1_adaptive_eta,0.005781521347541124,0.016762931793754484,True,True,16000,3200,3200
20260753,24,independent,16,adaptive_probe,0.00036562167823133687,0.04422369593803544,True,True,16000,13056,736
20260753,24,independent,16,probe_oracle,0.0003165043987597782,0.04362837173726027,True,True,15984,14208,444
20260753,24,independent,16,all_agents_adaptive_eta,0.0003165043987597782,0.04362837173726027,True,True,15984,14208,444
20260753,24,independent,16,fixed_q8_adaptive_eta,0.00010235597674471112,0.01867970963298886,True,True,15996,10664,1333
20260753,24,independent,16,fixed_q1_adaptive_eta,0.005566836346685697,0.023794335435036635,True,True,16000,3200,3200
20260753,24,clustered,4,adaptive_probe,0.0018567276731699881,0.06550742240479743,True,True,15996,11304,1173
20260753,24,clustered,4,probe_oracle,0.004011318727800585,0.06471460221437657,True,True,16000,9120,1720
20260753,24,clustered,4,all_agents_adaptive_eta,0.0031430239427277565,0.06479503620039938,True,True,15984,14208,444
20260753,24,clustered,4,fixed_q8_adaptive_eta,0.00224183969450294,0.02679628134144482,True,True,15996,10664,1333
20260753,24,clustered,4,fixed_q1_adaptive_eta,0.012755773130497569,0.018155557723470776,True,True,16000,3200,3200
20260753,24,clustered,16,adaptive_probe,0.0014524019860342782,0.054041724540480986,True,True,15996,11304,1173
20260753,24,clustered,16,probe_oracle,0.003692691995944597,0.05394440352861632,True,True,16000,9120,1720
20260753,24,clustered,16,all_agents_adaptive_eta,0.0017963348725941776,0.05382113487322556,True,True,15984,14208,444
20260753,24,clustered,16,fixed_q8_adaptive_eta,0.0024378049001400524,0.024230721140355876,True,True,15996,10664,1333
20260753,24,clustered,16,fixed_q1_adaptive_eta,0.012265312198745784,0.021954083791701082,True,True,16000,3200,3200
20260753,24,global,4,adaptive_probe,0.04114247931364691,0.07386960605249535,True,True,16000,9120,1720
20260753,24,global,4,probe_oracle,0.015872398533228423,0.06328271603031208,True,True,16000,5184,2704
20260753,24,global,4,all_agents_adaptive_eta,0.011328626105198317,0.07705611856969861,True,True,15984,14208,444
20260753,24,global,4,fixed_q8_adaptive_eta,0.007840225654761232,0.04539301173672925,True,True,15996,10664,1333
20260753,24,global,4,fixed_q1_adaptive_eta,0.027644215013734912,0.027764952181830522,True,True,16000,3200,3200
20260753,24,global,16,adaptive_probe,0.010869648649515225,0.07241980883893699,True,True,15996,6932,2266
20260753,24,global,16,probe_oracle,0.017088994548710663,0.06857459375727196,True,True,16000,5184,2704
20260753,24,global,16,all_agents_adaptive_eta,0.026475493603490087,0.0941864594097957,True,True,15984,14208,444
20260753,24,global,16,fixed_q8_adaptive_eta,0.008238166563705114,0.04730802942831965,True,True,15996,10664,1333
20260753,24,global,16,fixed_q1_adaptive_eta,0.027086373053668972,0.027242651121796357,True,True,16000,3200,3200
20260753,24,mixed,4,adaptive_probe,0.03265092233471277,0.06711542577430035,True,True,16000,9120,1720
20260753,24,mixed,4,probe_oracle,0.004291768425983519,0.06613484604054362,True,True,15996,6932,2266
20260753,24,mixed,4,all_agents_adaptive_eta,0.001043808724116272,0.057164009451539925,True,True,15984,14208,444
20260753,24,mixed,4,fixed_q8_adaptive_eta,0.00674640019444851,0.03147820572021279,True,True,15996,10664,1333
20260753,24,mixed,4,fixed_q1_adaptive_eta,0.02641279461814176,0.023506525421308027,True,True,16000,3200,3200
20260753,24,mixed,16,adaptive_probe,0.030047467600419826,0.06234604534933946,True,True,16000,9120,1720
20260753,24,mixed,16,probe_oracle,0.0038384004758689983,0.06183505104729621,True,True,15996,6932,2266
20260753,24,mixed,16,all_agents_adaptive_eta,0.004034632157228215,0.06046516450975692,True,True,15984,14208,444
20260753,24,mixed,16,fixed_q8_adaptive_eta,0.007438183815747272,0.02950289575699416,True,True,15996,10664,1333
20260753,24,mixed,16,fixed_q1_adaptive_eta,0.02574103522045253,0.02342184921695685,True,True,16000,3200,3200
20260754,25,independent,4,adaptive_probe,0.0006399619886682708,0.052137028773069936,True,True,16000,13056,736
20260754,25,independent,4,probe_oracle,0.000686508368579425,0.05216493161919183,True,True,15984,14208,444
20260754,25,independent,4,all_agents_adaptive_eta,0.000686508368579425,0.05216493161919183,True,True,15984,14208,444
20260754,25,independent,4,fixed_q8_adaptive_eta,0.0001889597697716029,0.019582373578257053,True,True,15996,10664,1333
20260754,25,independent,4,fixed_q1_adaptive_eta,0.0006157583734029807,0.002596241242762394,True,True,16000,3200,3200
20260754,25,independent,16,adaptive_probe,0.0005816229772753403,0.04739325245919952,True,True,15984,14208,444
20260754,25,independent,16,probe_oracle,0.0005816229772753403,0.04739325245919952,True,True,15984,14208,444
20260754,25,independent,16,all_agents_adaptive_eta,0.0005816229772753403,0.04739325245919952,True,True,15984,14208,444
20260754,25,independent,16,fixed_q8_adaptive_eta,0.00020051007231736536,0.019155471890861767,True,True,15996,10664,1333
20260754,25,independent,16,fixed_q1_adaptive_eta,0.0007585494299878505,0.0041944062258682914,True,True,16000,3200,3200
20260754,25,clustered,4,adaptive_probe,0.0039126113296952345,0.061851833627549,True,True,15996,11304,1173
20260754,25,clustered,4,probe_oracle,0.0002913503341973634,0.05791500123648377,True,True,16000,9120,1720
20260754,25,clustered,4,all_agents_adaptive_eta,0.0011484441445456077,0.06422237281879344,True,True,15984,14208,444
20260754,25,clustered,4,fixed_q8_adaptive_eta,0.0011601030787579943,0.02739836487716134,True,True,15996,10664,1333
20260754,25,clustered,4,fixed_q1_adaptive_eta,0.0009947466907446255,0.004234933761280352,True,True,16000,3200,3200
20260754,25,clustered,16,adaptive_probe,0.003428778553243176,0.05745101423559919,True,True,15996,11304,1173
20260754,25,clustered,16,probe_oracle,0.00026263069121546147,0.054181930376268596,True,True,16000,9120,1720
20260754,25,clustered,16,all_agents_adaptive_eta,0.001352762483051469,0.05898879630552965,True,True,15984,14208,444
20260754,25,clustered,16,fixed_q8_adaptive_eta,0.0009172445878493421,0.027314547216769798,True,True,15996,10664,1333
20260754,25,clustered,16,fixed_q1_adaptive_eta,0.0009808569670371392,0.004737137304744834,True,True,16000,3200,3200
20260754,25,global,4,adaptive_probe,0.003346503887012831,0.05973920535193375,True,True,15996,6932,2266
20260754,25,global,4,probe_oracle,0.0020086648464376533,0.056880499192810755,True,True,16000,5184,2704
20260754,25,global,4,all_agents_adaptive_eta,0.1327883280859159,0.1253093842095806,True,True,15984,14208,444
20260754,25,global,4,fixed_q8_adaptive_eta,0.019248347805105686,0.04195148158120711,True,True,15996,10664,1333
20260754,25,global,4,fixed_q1_adaptive_eta,0.003865631492676322,0.015430746081424996,True,True,16000,3200,3200
20260754,25,global,16,adaptive_probe,0.0036158046524728516,0.052420166996681374,True,True,15996,6932,2266
20260754,25,global,16,probe_oracle,0.002237764600909284,0.049862902526344705,True,True,16000,5184,2704
20260754,25,global,16,all_agents_adaptive_eta,0.10258585399555464,0.10070420469226392,True,True,15984,14208,444
20260754,25,global,16,fixed_q8_adaptive_eta,0.019725919006464067,0.032374194575635465,True,True,15996,10664,1333
20260754,25,global,16,fixed_q1_adaptive_eta,0.00399958431852691,0.011848056339600828,True,True,16000,3200,3200
20260754,25,mixed,4,adaptive_probe,0.01940118666227771,0.057958350967704506,True,True,15996,11304,1173
20260754,25,mixed,4,probe_oracle,0.005333990987150645,0.050940910836044836,True,True,15996,6932,2266
20260754,25,mixed,4,all_agents_adaptive_eta,0.03825162471255765,0.06384329305051012,True,True,15984,14208,444
20260754,25,mixed,4,fixed_q8_adaptive_eta,0.014332912964430733,0.024771077505067,True,True,15996,10664,1333
20260754,25,mixed,4,fixed_q1_adaptive_eta,0.0026740432084542123,0.011683946419681047,True,True,16000,3200,3200
20260754,25,mixed,16,adaptive_probe,0.01967834835564626,0.051641415081459675,True,True,15996,11304,1173
20260754,25,mixed,16,probe_oracle,0.005912317553324318,0.04494187320089457,True,True,15996,6932,2266
20260754,25,mixed,16,all_agents_adaptive_eta,0.03203458708762251,0.05524654561836002,True,True,15984,14208,444
20260754,25,mixed,16,fixed_q8_adaptive_eta,0.013962523463868854,0.022052698732458235,True,True,15996,10664,1333
20260754,25,mixed,16,fixed_q1_adaptive_eta,0.0028149876094640605,0.00734565711922211,True,True,16000,3200,3200
20260755,26,independent,4,adaptive_probe,3.688003367429298e-05,0.05531206200668169,True,True,15984,14208,444
20260755,26,independent,4,probe_oracle,9.131568371425431e-05,0.056331011911993994,True,True,15984,14208,444
20260755,26,independent,4,all_agents_adaptive_eta,3.688003367429298e-05,0.05531206200668169,True,True,15984,14208,444
20260755,26,independent,4,fixed_q8_adaptive_eta,6.062374744730932e-05,0.02072998767872263,True,True,15996,10664,1333
20260755,26,independent,4,fixed_q1_adaptive_eta,0.001352633571638593,0.006905153199224018,True,True,16000,3200,3200
20260755,26,independent,16,adaptive_probe,6.0613417531074125e-05,0.05097192531500723,True,True,15984,14208,444
20260755,26,independent,16,probe_oracle,6.0613417531074125e-05,0.05097192531500723,True,True,15984,14208,444
20260755,26,independent,16,all_agents_adaptive_eta,6.0613417531074125e-05,0.05097192531500723,True,True,15984,14208,444
20260755,26,independent,16,fixed_q8_adaptive_eta,0.00017269204427382414,0.02243541256185607,True,True,15996,10664,1333
20260755,26,independent,16,fixed_q1_adaptive_eta,0.001222071434262291,0.012298891316237199,True,True,16000,3200,3200
20260755,26,clustered,4,adaptive_probe,0.0024234786905294346,0.05110086228245422,True,True,16000,9120,1720
20260755,26,clustered,4,probe_oracle,0.0006141494540041294,0.050595828663711845,True,True,15996,11304,1173
20260755,26,clustered,4,all_agents_adaptive_eta,2.8813233965467026e-05,0.051085990056584436,True,True,15984,14208,444
20260755,26,clustered,4,fixed_q8_adaptive_eta,0.0006964337210175147,0.014572241487881488,True,True,15996,10664,1333
20260755,26,clustered,4,fixed_q1_adaptive_eta,0.004877215108746835,0.009817959073881603,True,True,16000,3200,3200
20260755,26,clustered,16,adaptive_probe,0.0007557837160656743,0.04105142723966048,True,True,15984,14208,444
20260755,26,clustered,16,probe_oracle,0.0007557837160656743,0.04105142723966048,True,True,15984,14208,444
20260755,26,clustered,16,all_agents_adaptive_eta,0.0007557837160656743,0.04105142723966048,True,True,15984,14208,444
20260755,26,clustered,16,fixed_q8_adaptive_eta,0.0007694485578244917,0.011849531650530406,True,True,15996,10664,1333
20260755,26,clustered,16,fixed_q1_adaptive_eta,0.004745999869995596,0.011218449632551695,True,True,16000,3200,3200
20260755,26,global,4,adaptive_probe,0.07209609413933035,0.061818869786643284,True,True,16000,9120,1720
20260755,26,global,4,probe_oracle,0.003863396359657539,0.04600466404021573,True,True,16000,5184,2704
20260755,26,global,4,all_agents_adaptive_eta,0.07869779234005961,0.12184394588215997,True,True,15984,14208,444
20260755,26,global,4,fixed_q8_adaptive_eta,0.062065017507476596,0.038054632300069585,True,True,15996,10664,1333
20260755,26,global,4,fixed_q1_adaptive_eta,0.0057670905972227685,0.017706030161067397,True,True,16000,3200,3200
20260755,26,global,16,adaptive_probe,0.07216132769488222,0.07118281021147012,True,True,16000,9120,1720
20260755,26,global,16,probe_oracle,0.0038068394680150276,0.056711642072314265,True,True,16000,5184,2704
20260755,26,global,16,all_agents_adaptive_eta,0.09838310620002921,0.13227489434927261,True,True,15984,14208,444
20260755,26,global,16,fixed_q8_adaptive_eta,0.09443426124584114,0.04096421116300023,True,True,15996,10664,1333
20260755,26,global,16,fixed_q1_adaptive_eta,0.005859096489107944,0.016081006185252475,True,True,16000,3200,3200
20260755,26,mixed,4,adaptive_probe,0.04000908889395322,0.04882641807836327,True,True,16000,9120,1720
20260755,26,mixed,4,probe_oracle,0.016044381469494905,0.047527162721293904,True,True,15996,6932,2266
20260755,26,mixed,4,all_agents_adaptive_eta,0.050576174997805465,0.08882108712265613,True,True,15984,14208,444
20260755,26,mixed,4,fixed_q8_adaptive_eta,0.03382255681846451,0.026255427537339268,True,True,15996,10664,1333
20260755,26,mixed,4,fixed_q1_adaptive_eta,0.005804104367064842,0.011838004663915188,True,True,16000,3200,3200
20260755,26,mixed,16,adaptive_probe,0.04039789128000279,0.05673648248718527,True,True,16000,9120,1720
20260755,26,mixed,16,probe_oracle,0.015321338355024323,0.05608479162555716,True,True,15996,6932,2266
20260755,26,mixed,16,all_agents_adaptive_eta,0.04934036269055744,0.08695902288694718,True,True,15984,14208,444
20260755,26,mixed,16,fixed_q8_adaptive_eta,0.03678596501120602,0.02483654431517985,True,True,15996,10664,1333
20260755,26,mixed,16,fixed_q1_adaptive_eta,0.006029758106780097,0.010592538816718016,True,True,16000,3200,3200
20260756,27,independent,4,adaptive_probe,0.0003146025771472526,0.04780007341389424,True,True,15984,14208,444
20260756,27,independent,4,probe_oracle,0.0003146025771472526,0.04780007341389424,True,True,15984,14208,444
20260756,27,independent,4,all_agents_adaptive_eta,0.0003146025771472526,0.04780007341389424,True,True,15984,14208,444
20260756,27,independent,4,fixed_q8_adaptive_eta,5.4513128472552595e-05,0.017665145966479036,True,True,15996,10664,1333
20260756,27,independent,4,fixed_q1_adaptive_eta,0.002035992540721822,0.006187040112426858,True,True,16000,3200,3200
20260756,27,independent,16,adaptive_probe,0.00021462147924517267,0.040967699670017545,True,True,15984,14208,444
20260756,27,independent,16,probe_oracle,0.0002789488736394723,0.04119447890999388,True,True,15984,14208,444
20260756,27,independent,16,all_agents_adaptive_eta,0.00021462147924517267,0.040967699670017545,True,True,15984,14208,444
20260756,27,independent,16,fixed_q8_adaptive_eta,6.349523840769026e-05,0.014835911463563162,True,True,15996,10664,1333
20260756,27,independent,16,fixed_q1_adaptive_eta,0.0020168753988488936,0.005105458900130981,True,True,16000,3200,3200
20260756,27,clustered,4,adaptive_probe,0.0006425054918345126,0.05538305108103393,True,True,15996,11304,1173
20260756,27,clustered,4,probe_oracle,0.0006425054918345126,0.05538305108103393,True,True,15996,11304,1173
20260756,27,clustered,4,all_agents_adaptive_eta,0.00011614878304045473,0.055311188700867646,True,True,15984,14208,444
20260756,27,clustered,4,fixed_q8_adaptive_eta,0.00017009186182617838,0.017248755951393108,True,True,15996,10664,1333
20260756,27,clustered,4,fixed_q1_adaptive_eta,0.00379382040946181,0.006310898910730731,True,True,16000,3200,3200
20260756,27,clustered,16,adaptive_probe,0.00023314345223829743,0.03520431504066568,True,True,16000,13056,736
20260756,27,clustered,16,probe_oracle,0.0007435205208248367,0.03548429406300564,True,True,15996,11304,1173
20260756,27,clustered,16,all_agents_adaptive_eta,4.440552433642869e-05,0.03568711601470851,True,True,15984,14208,444
20260756,27,clustered,16,fixed_q8_adaptive_eta,0.0001672613786984865,0.011602984163204115,True,True,15996,10664,1333
20260756,27,clustered,16,fixed_q1_adaptive_eta,0.003610462397675722,0.004870002846916286,True,True,16000,3200,3200
20260756,27,global,4,adaptive_probe,0.004400008915064246,0.045194723939113474,True,True,16000,9120,1720
20260756,27,global,4,probe_oracle,0.05441468933168179,0.05508364127361177,True,True,16000,5184,2704
20260756,27,global,4,all_agents_adaptive_eta,0.027536894370983923,0.04730381842772295,True,True,15984,14208,444
20260756,27,global,4,fixed_q8_adaptive_eta,0.009687987845034692,0.018648126297633044,True,True,15996,10664,1333
20260756,27,global,4,fixed_q1_adaptive_eta,0.029206488977436152,0.022335499709054955,True,True,16000,3200,3200
20260756,27,global,16,adaptive_probe,0.004660108779206049,0.04839263521404361,True,True,16000,9120,1720
20260756,27,global,16,probe_oracle,0.05509923767078625,0.057638935208103675,True,True,16000,5184,2704
20260756,27,global,16,all_agents_adaptive_eta,0.08946057068771916,0.06591725810252759,True,True,15984,14208,444
20260756,27,global,16,fixed_q8_adaptive_eta,0.009737578978069279,0.02154158260104093,True,True,15996,10664,1333
20260756,27,global,16,fixed_q1_adaptive_eta,0.027879031120698207,0.022611292030114586,True,True,16000,3200,3200
20260756,27,mixed,4,adaptive_probe,0.010472362981551065,0.054194538160547215,True,True,15996,11304,1173
20260756,27,mixed,4,probe_oracle,0.014305284735458376,0.053982959162510384,True,True,15996,6932,2266
20260756,27,mixed,4,all_agents_adaptive_eta,0.01910372959485995,0.05476816807765784,True,True,15984,14208,444
20260756,27,mixed,4,fixed_q8_adaptive_eta,0.005796743463139591,0.020213340638756305,True,True,15996,10664,1333
20260756,27,mixed,4,fixed_q1_adaptive_eta,0.01613049855280963,0.01539036731981732,True,True,16000,3200,3200
20260756,27,mixed,16,adaptive_probe,0.003939891879038748,0.04375014578680175,True,True,16000,9120,1720
20260756,27,mixed,16,probe_oracle,0.015107999760271112,0.044087630091182196,True,True,15996,6932,2266
20260756,27,mixed,16,all_agents_adaptive_eta,0.0489114243447908,0.05280669403816765,True,True,15984,14208,444
20260756,27,mixed,16,fixed_q8_adaptive_eta,0.005684442254783819,0.018918339922985347,True,True,15996,10664,1333
20260756,27,mixed,16,fixed_q1_adaptive_eta,0.015467998412282937,0.01359746000729229,True,True,16000,3200,3200
20260757,28,independent,4,adaptive_probe,3.675866132647024e-05,0.0537009213323214,True,True,15984,14208,444
20260757,28,independent,4,probe_oracle,3.675866132647024e-05,0.0537009213323214,True,True,15984,14208,444
20260757,28,independent,4,all_agents_adaptive_eta,3.675866132647024e-05,0.0537009213323214,True,True,15984,14208,444
20260757,28,independent,4,fixed_q8_adaptive_eta,0.00015675058324126124,0.023233106022463198,True,True,15996,10664,1333
20260757,28,independent,4,fixed_q1_adaptive_eta,0.0004042006007281149,0.006997040070914069,True,True,16000,3200,3200
20260757,28,independent,16,adaptive_probe,0.00025857298796255486,0.046870006011951466,True,True,15996,11304,1173
20260757,28,independent,16,probe_oracle,9.194794919094857e-05,0.0461054591232338,True,True,15984,14208,444
20260757,28,independent,16,all_agents_adaptive_eta,3.0559057899769916e-05,0.046692367921063724,True,True,15984,14208,444
20260757,28,independent,16,fixed_q8_adaptive_eta,0.0001329390449009863,0.023708284857317494,True,True,15996,10664,1333
20260757,28,independent,16,fixed_q1_adaptive_eta,0.00035505508614166445,0.006098194082703396,True,True,16000,3200,3200
20260757,28,clustered,4,adaptive_probe,0.00040480756123495383,0.06429786854869833,True,True,16000,9120,1720
20260757,28,clustered,4,probe_oracle,0.00040480756123495383,0.06429786854869833,True,True,16000,9120,1720
20260757,28,clustered,4,all_agents_adaptive_eta,0.0035401444553845854,0.06850046682196226,True,True,15984,14208,444
20260757,28,clustered,4,fixed_q8_adaptive_eta,0.003606719054031568,0.03376624845690537,True,True,15996,10664,1333
20260757,28,clustered,4,fixed_q1_adaptive_eta,0.003892156259907238,0.01090069764510576,True,True,16000,3200,3200
20260757,28,clustered,16,adaptive_probe,0.0004926271281517702,0.04709836026789076,True,True,16000,9120,1720
20260757,28,clustered,16,probe_oracle,0.0004926271281517702,0.04709836026789076,True,True,16000,9120,1720
20260757,28,clustered,16,all_agents_adaptive_eta,0.0029966470176604606,0.050011617713551365,True,True,15984,14208,444
20260757,28,clustered,16,fixed_q8_adaptive_eta,0.003952412745967993,0.026498406513137424,True,True,15996,10664,1333
20260757,28,clustered,16,fixed_q1_adaptive_eta,0.0036131168638986895,0.008358813095736727,True,True,16000,3200,3200
20260757,28,global,4,adaptive_probe,0.030615141027254072,0.23760287383363352,True,True,16000,5184,2704
20260757,28,global,4,probe_oracle,0.030615141027254072,0.23760287383363352,True,True,16000,5184,2704
20260757,28,global,4,all_agents_adaptive_eta,0.009127828629932918,0.4333642120094457,True,True,15984,14208,444
20260757,28,global,4,fixed_q8_adaptive_eta,0.031555425872187536,0.21350440604146065,True,True,15996,10664,1333
20260757,28,global,4,fixed_q1_adaptive_eta,0.03252824596385548,0.07370522724786352,True,True,16000,3200,3200
20260757,28,global,16,adaptive_probe,0.032270468233086706,0.22753157067376123,True,True,16000,5184,2704
20260757,28,global,16,probe_oracle,0.032270468233086706,0.22753157067376123,True,True,16000,5184,2704
20260757,28,global,16,all_agents_adaptive_eta,0.009794020821114375,0.41136922672401555,True,True,15984,14208,444
20260757,28,global,16,fixed_q8_adaptive_eta,0.03316188409794547,0.22943961253551315,True,True,15996,10664,1333
20260757,28,global,16,fixed_q1_adaptive_eta,0.03216389566843174,0.07313516147390546,True,True,16000,3200,3200
20260757,28,mixed,4,adaptive_probe,0.014974462568049398,0.20948498734080517,True,True,16000,9120,1720
20260757,28,mixed,4,probe_oracle,0.017202401935363883,0.18839463584153518,True,True,15996,6932,2266
20260757,28,mixed,4,all_agents_adaptive_eta,0.003477252408086269,0.29890053995967997,True,True,15984,14208,444
20260757,28,mixed,4,fixed_q8_adaptive_eta,0.029577100371816944,0.15726970046381603,True,True,15996,10664,1333
20260757,28,mixed,4,fixed_q1_adaptive_eta,0.027770396389265723,0.055054256185098426,True,True,16000,3200,3200
20260757,28,mixed,16,adaptive_probe,0.014106116309746244,0.1871349503314525,True,True,16000,9120,1720
20260757,28,mixed,16,probe_oracle,0.01733706792149433,0.16660789650942331,True,True,15996,6932,2266
20260757,28,mixed,16,all_agents_adaptive_eta,0.0093010048669682,0.2610528087355808,True,True,15984,14208,444
20260757,28,mixed,16,fixed_q8_adaptive_eta,0.031241338494156317,0.15218231688488587,True,True,15996,10664,1333
20260757,28,mixed,16,fixed_q1_adaptive_eta,0.027319226335153657,0.0504777758523225,True,True,16000,3200,3200
20260758,29,independent,4,adaptive_probe,0.0009066521713347101,0.05020651858769574,True,True,15984,14208,444
20260758,29,independent,4,probe_oracle,0.0009066521713347101,0.05020651858769574,True,True,15984,14208,444
20260758,29,independent,4,all_agents_adaptive_eta,0.0009066521713347101,0.05020651858769574,True,True,15984,14208,444
20260758,29,independent,4,fixed_q8_adaptive_eta,0.0007495760784824579,0.014284486636668266,True,True,15996,10664,1333
20260758,29,independent,4,fixed_q1_adaptive_eta,0.004548220446419608,0.011785252727267501,True,True,16000,3200,3200
20260758,29,independent,16,adaptive_probe,0.0009267135494804744,0.04636108360994795,True,True,15984,14208,444
20260758,29,independent,16,probe_oracle,0.0009267135494804744,0.04636108360994795,True,True,15984,14208,444
20260758,29,independent,16,all_agents_adaptive_eta,0.0009267135494804744,0.04636108360994795,True,True,15984,14208,444
20260758,29,independent,16,fixed_q8_adaptive_eta,0.0008148014952617119,0.016720157887094737,True,True,15996,10664,1333
20260758,29,independent,16,fixed_q1_adaptive_eta,0.004620361421216393,0.01708304885600112,True,True,16000,3200,3200
20260758,29,clustered,4,adaptive_probe,0.0013836310639616825,0.05807156733848062,True,True,15996,6932,2266
20260758,29,clustered,4,probe_oracle,0.0018634912492990659,0.05685046630737058,True,True,15996,11304,1173
20260758,29,clustered,4,all_agents_adaptive_eta,0.0042298025574303705,0.05743239466710718,True,True,15984,14208,444
20260758,29,clustered,4,fixed_q8_adaptive_eta,0.0018129212313965752,0.016022041281192383,True,True,15996,10664,1333
20260758,29,clustered,4,fixed_q1_adaptive_eta,0.0008830810809806227,0.00734595241918506,True,True,16000,3200,3200
20260758,29,clustered,16,adaptive_probe,0.0015382591313857137,0.054123555611722,True,True,15996,6932,2266
20260758,29,clustered,16,probe_oracle,0.0020161352451432096,0.05330356919368301,True,True,15996,11304,1173
20260758,29,clustered,16,all_agents_adaptive_eta,0.004910717519107215,0.05438754480039822,True,True,15984,14208,444
20260758,29,clustered,16,fixed_q8_adaptive_eta,0.002134785050095792,0.018706726229545653,True,True,15996,10664,1333
20260758,29,clustered,16,fixed_q1_adaptive_eta,0.0008940747562653714,0.012814341215642542,True,True,16000,3200,3200
20260758,29,global,4,adaptive_probe,0.0009718843239495718,0.05285210957775019,True,True,16000,9120,1720
20260758,29,global,4,probe_oracle,0.006500959683232011,0.04905519621696227,True,True,16000,5184,2704
20260758,29,global,4,all_agents_adaptive_eta,0.10997793005325444,0.08002553481812467,True,True,15984,14208,444
20260758,29,global,4,fixed_q8_adaptive_eta,0.005680046060700726,0.02663745840911861,True,True,15996,10664,1333
20260758,29,global,4,fixed_q1_adaptive_eta,0.006802754717336627,0.010255758118655952,True,True,16000,3200,3200
20260758,29,global,16,adaptive_probe,0.0010418696621186459,0.048352858091402585,True,True,16000,9120,1720
20260758,29,global,16,probe_oracle,0.006426859177150641,0.043463130548159354,True,True,16000,5184,2704
20260758,29,global,16,all_agents_adaptive_eta,0.11674386830200201,0.08242359802493143,True,True,15984,14208,444
20260758,29,global,16,fixed_q8_adaptive_eta,0.004048929236142939,0.033117544736158314,True,True,15996,10664,1333
20260758,29,global,16,fixed_q1_adaptive_eta,0.006806980803438658,0.0158405714317047,True,True,16000,3200,3200
20260758,29,mixed,4,adaptive_probe,0.0024026395469644935,0.053298862692754675,True,True,15996,6932,2266
20260758,29,mixed,4,probe_oracle,0.0024026395469644935,0.053298862692754675,True,True,15996,6932,2266
20260758,29,mixed,4,all_agents_adaptive_eta,0.03815586745411066,0.06208398418911159,True,True,15984,14208,444
20260758,29,mixed,4,fixed_q8_adaptive_eta,0.0009960858595928577,0.01960986152621286,True,True,15996,10664,1333
20260758,29,mixed,4,fixed_q1_adaptive_eta,0.005902147282756929,0.006472859223761506,True,True,16000,3200,3200
20260758,29,mixed,16,adaptive_probe,0.00048344203713326743,0.04874053553918281,True,True,16000,9120,1720
20260758,29,mixed,16,probe_oracle,0.0023124764044017243,0.047277342604379505,True,True,15996,6932,2266
20260758,29,mixed,16,all_agents_adaptive_eta,0.0704267546369777,0.06928108522797974,True,True,15984,14208,444
20260758,29,mixed,16,fixed_q8_adaptive_eta,0.0004922409073211167,0.024125446860179013,True,True,15996,10664,1333
20260758,29,mixed,16,fixed_q1_adaptive_eta,0.005614065523239964,0.012727508366662966,True,True,16000,3200,3200
20260759,30,independent,4,adaptive_probe,0.0011098384908714968,0.054087633942361386,True,True,15984,14208,444
20260759,30,independent,4,probe_oracle,0.0011098384908714968,0.054087633942361386,True,True,15984,14208,444
20260759,30,independent,4,all_agents_adaptive_eta,0.0011098384908714968,0.054087633942361386,True,True,15984,14208,444
20260759,30,independent,4,fixed_q8_adaptive_eta,0.0005371310262269874,0.02466126446794609,True,True,15996,10664,1333
20260759,30,independent,4,fixed_q1_adaptive_eta,0.0013769038493291622,0.013084723990150949,True,True,16000,3200,3200
20260759,30,independent,16,adaptive_probe,0.0009271956666944376,0.04880044165625566,True,True,15984,14208,444
20260759,30,independent,16,probe_oracle,0.0009271956666944376,0.04880044165625566,True,True,15984,14208,444
20260759,30,independent,16,all_agents_adaptive_eta,0.0009271956666944376,0.04880044165625566,True,True,15984,14208,444
20260759,30,independent,16,fixed_q8_adaptive_eta,0.0005725308833972301,0.025687611144008474,True,True,15996,10664,1333
20260759,30,independent,16,fixed_q1_adaptive_eta,0.0013237368085744275,0.01570667563346601,True,True,16000,3200,3200
20260759,30,clustered,4,adaptive_probe,0.002787475576119155,0.05880351029188284,True,True,16000,9120,1720
20260759,30,clustered,4,probe_oracle,0.002787475576119155,0.05880351029188284,True,True,16000,9120,1720
20260759,30,clustered,4,all_agents_adaptive_eta,0.0020946652760688803,0.06315167968323827,True,True,15984,14208,444
20260759,30,clustered,4,fixed_q8_adaptive_eta,0.000677376434776148,0.02597371649058801,True,True,15996,10664,1333
20260759,30,clustered,4,fixed_q1_adaptive_eta,0.0024254359881917737,0.008586617255673983,True,True,16000,3200,3200
20260759,30,clustered,16,adaptive_probe,0.0004809835639248908,0.05212532324394385,True,True,16000,5184,2704
20260759,30,clustered,16,probe_oracle,0.0007674471879402401,0.05127086455981651,True,True,15996,11304,1173
20260759,30,clustered,16,all_agents_adaptive_eta,0.0020035746326200433,0.053111181399943586,True,True,15984,14208,444
20260759,30,clustered,16,fixed_q8_adaptive_eta,0.0007934581480053768,0.02293965947285162,True,True,15996,10664,1333
20260759,30,clustered,16,fixed_q1_adaptive_eta,0.0027611271341219782,0.00959402872731414,True,True,16000,3200,3200
20260759,30,global,4,adaptive_probe,0.013638713975853584,0.05215231062297624,True,True,16000,5184,2704
20260759,30,global,4,probe_oracle,0.013638713975853584,0.05215231062297624,True,True,16000,5184,2704
20260759,30,global,4,all_agents_adaptive_eta,0.003173606401639992,0.06735213896884773,True,True,15984,14208,444
20260759,30,global,4,fixed_q8_adaptive_eta,0.0037586229073839307,0.02515225876565963,True,True,15996,10664,1333
20260759,30,global,4,fixed_q1_adaptive_eta,0.01684271169445267,0.018123586500120015,True,True,16000,3200,3200
20260759,30,global,16,adaptive_probe,0.013208470964329486,0.06466329807779692,True,True,16000,5184,2704
20260759,30,global,16,probe_oracle,0.013208470964329486,0.06466329807779692,True,True,16000,5184,2704
20260759,30,global,16,all_agents_adaptive_eta,0.008103592363180426,0.08716543524075641,True,True,15984,14208,444
20260759,30,global,16,fixed_q8_adaptive_eta,0.00376614534081286,0.0353820158487031,True,True,15996,10664,1333
20260759,30,global,16,fixed_q1_adaptive_eta,0.016671107866727142,0.021779191239220633,True,True,16000,3200,3200
20260759,30,mixed,4,adaptive_probe,0.003449969799614496,0.05745131006316387,True,True,15996,11304,1173
20260759,30,mixed,4,probe_oracle,0.0020427622261125706,0.05339182734715213,True,True,15996,6932,2266
20260759,30,mixed,4,all_agents_adaptive_eta,0.0032440398396170293,0.07148319933261442,True,True,15984,14208,444
20260759,30,mixed,4,fixed_q8_adaptive_eta,0.003455744396098371,0.025708329468224177,True,True,15996,10664,1333
20260759,30,mixed,4,fixed_q1_adaptive_eta,0.012483203620937461,0.013150429014468397,True,True,16000,3200,3200
20260759,30,mixed,16,adaptive_probe,0.0076241116342186345,0.06159341367301858,True,True,16000,5184,2704
20260759,30,mixed,16,probe_oracle,0.001907014283197914,0.058498038155749284,True,True,15996,6932,2266
20260759,30,mixed,16,all_agents_adaptive_eta,0.0018417943857419283,0.07122719997311368,True,True,15984,14208,444
20260759,30,mixed,16,fixed_q8_adaptive_eta,0.003561228734550776,0.030158040032892373,True,True,15996,10664,1333
20260759,30,mixed,16,fixed_q1_adaptive_eta,0.013145902347942152,0.015225032441459865,True,True,16000,3200,3200
20260760,31,independent,4,adaptive_probe,0.00028371130207377693,0.050371919498619536,True,True,15996,11304,1173
20260760,31,independent,4,probe_oracle,0.00012276058643214183,0.05152043130214519,True,True,15984,14208,444
20260760,31,independent,4,all_agents_adaptive_eta,0.00012276058643214183,0.05152043130214519,True,True,15984,14208,444
20260760,31,independent,4,fixed_q8_adaptive_eta,0.00014025325938328998,0.015913806971122286,True,True,15996,10664,1333
20260760,31,independent,4,fixed_q1_adaptive_eta,0.0017032743278226586,0.004755085088794429,True,True,16000,3200,3200
20260760,31,independent,16,adaptive_probe,0.0003234275645452707,0.04556074893121597,True,True,15996,11304,1173
20260760,31,independent,16,probe_oracle,0.00022560029738095938,0.046258188736258844,True,True,15984,14208,444
20260760,31,independent,16,all_agents_adaptive_eta,0.00022560029738095938,0.046258188736258844,True,True,15984,14208,444
20260760,31,independent,16,fixed_q8_adaptive_eta,0.00014638327550104118,0.01457402812236116,True,True,15996,10664,1333
20260760,31,independent,16,fixed_q1_adaptive_eta,0.0017036083921436467,0.005285090743325461,True,True,16000,3200,3200
20260760,31,clustered,4,adaptive_probe,0.0032348102828098175,0.05921361877396245,True,True,15996,6932,2266
20260760,31,clustered,4,probe_oracle,0.0005261347641458134,0.05891673671201123,True,True,16000,9120,1720
20260760,31,clustered,4,all_agents_adaptive_eta,0.002786177547067186,0.0662502852705905,True,True,15984,14208,444
20260760,31,clustered,4,fixed_q8_adaptive_eta,5.02226035103344e-05,0.021696057265542884,True,True,15996,10664,1333
20260760,31,clustered,4,fixed_q1_adaptive_eta,0.0024168759272815326,0.004374729721723952,True,True,16000,3200,3200
20260760,31,clustered,16,adaptive_probe,0.0007672632001039562,0.050353718434226195,True,True,16000,5184,2704
20260760,31,clustered,16,probe_oracle,0.0006644959726592303,0.04937949652407289,True,True,16000,9120,1720
20260760,31,clustered,16,all_agents_adaptive_eta,0.004741328881157587,0.055139797731178095,True,True,15984,14208,444
20260760,31,clustered,16,fixed_q8_adaptive_eta,5.350184252387478e-05,0.01921453502059161,True,True,15996,10664,1333
20260760,31,clustered,16,fixed_q1_adaptive_eta,0.0023862545291821937,0.004108705865231175,True,True,16000,3200,3200
20260760,31,global,4,adaptive_probe,0.0515195390396118,0.12940131796763965,True,True,16000,9120,1720
20260760,31,global,4,probe_oracle,0.004147867232125962,0.11616492336536124,True,True,16000,5184,2704
20260760,31,global,4,all_agents_adaptive_eta,0.033057711219333964,0.13089252189895884,True,True,15984,14208,444
20260760,31,global,4,fixed_q8_adaptive_eta,0.015228365296413143,0.07415520739958949,True,True,15996,10664,1333
20260760,31,global,4,fixed_q1_adaptive_eta,0.0016787281593977992,0.03147806352855222,True,True,16000,3200,3200
20260760,31,global,16,adaptive_probe,0.0037698634325534336,0.10505288554393966,True,True,16000,5184,2704
20260760,31,global,16,probe_oracle,0.0037698634325534336,0.10505288554393966,True,True,16000,5184,2704
20260760,31,global,16,all_agents_adaptive_eta,0.010475130520549459,0.09572859875642792,True,True,15984,14208,444
20260760,31,global,16,fixed_q8_adaptive_eta,0.012565708726429342,0.04383107563692061,True,True,15996,10664,1333
20260760,31,global,16,fixed_q1_adaptive_eta,0.0016444362066181772,0.02391782020871681,True,True,16000,3200,3200
20260760,31,mixed,4,adaptive_probe,0.028310330496077583,0.10583825638312712,True,True,15996,6932,2266
20260760,31,mixed,4,probe_oracle,0.028310330496077583,0.10583825638312712,True,True,15996,6932,2266
20260760,31,mixed,4,all_agents_adaptive_eta,0.006956229964575773,0.10837356337912432,True,True,15984,14208,444
20260760,31,mixed,4,fixed_q8_adaptive_eta,0.006294414140215959,0.050614785127009856,True,True,15996,10664,1333
20260760,31,mixed,4,fixed_q1_adaptive_eta,0.0009488386591499428,0.019215652477889544,True,True,16000,3200,3200
20260760,31,mixed,16,adaptive_probe,0.027315390901181746,0.08943086458764897,True,True,15996,6932,2266
20260760,31,mixed,16,probe_oracle,0.027315390901181746,0.08943086458764897,True,True,15996,6932,2266
20260760,31,mixed,16,all_agents_adaptive_eta,0.005668757414922897,0.08417934834931334,True,True,15984,14208,444
20260760,31,mixed,16,fixed_q8_adaptive_eta,0.006604379860657863,0.03452899729415255,True,True,15996,10664,1333
20260760,31,mixed,16,fixed_q1_adaptive_eta,0.0009659052004565221,0.01467788974847074,True,True,16000,3200,3200
20260761,32,independent,4,adaptive_probe,0.0004885457114722035,0.049234807067424516,True,True,15984,14208,444
20260761,32,independent,4,probe_oracle,0.0004885457114722035,0.049234807067424516,True,True,15984,14208,444
20260761,32,independent,4,all_agents_adaptive_eta,0.0004885457114722035,0.049234807067424516,True,True,15984,14208,444
20260761,32,independent,4,fixed_q8_adaptive_eta,3.067092717265992e-05,0.014946112580028193,True,True,15996,10664,1333
20260761,32,independent,4,fixed_q1_adaptive_eta,0.0002455964952683029,0.004244484940138822,True,True,16000,3200,3200
20260761,32,independent,16,adaptive_probe,0.0003431940236408405,0.04504817297568743,True,True,15984,14208,444
20260761,32,independent,16,probe_oracle,0.0003431940236408405,0.04504817297568743,True,True,15984,14208,444
20260761,32,independent,16,all_agents_adaptive_eta,0.0003431940236408405,0.04504817297568743,True,True,15984,14208,444
20260761,32,independent,16,fixed_q8_adaptive_eta,1.8607374184852547e-05,0.014047583518145577,True,True,15996,10664,1333
20260761,32,independent,16,fixed_q1_adaptive_eta,0.00018233601711567784,0.0028106349798503127,True,True,16000,3200,3200
20260761,32,clustered,4,adaptive_probe,0.0007275336543155724,0.0627288969942628,True,True,15996,6932,2266
20260761,32,clustered,4,probe_oracle,0.000873825178578175,0.06315474274957983,True,True,16000,9120,1720
20260761,32,clustered,4,all_agents_adaptive_eta,0.0010614915610971808,0.06614283355793055,True,True,15984,14208,444
20260761,32,clustered,4,fixed_q8_adaptive_eta,0.0004914818811418262,0.020340044983982987,True,True,15996,10664,1333
20260761,32,clustered,4,fixed_q1_adaptive_eta,0.0010386178193026627,0.006675225568965857,True,True,16000,3200,3200
20260761,32,clustered,16,adaptive_probe,0.0007952030197524972,0.05601631327355916,True,True,15996,6932,2266
20260761,32,clustered,16,probe_oracle,9.281142362673844e-05,0.055789122596742784,True,True,15996,11304,1173
20260761,32,clustered,16,all_agents_adaptive_eta,0.0004132049772833945,0.05672048077753968,True,True,15984,14208,444
20260761,32,clustered,16,fixed_q8_adaptive_eta,0.000369981101537804,0.01635825185994189,True,True,15996,10664,1333
20260761,32,clustered,16,fixed_q1_adaptive_eta,0.0013156053508065735,0.006286620213613557,True,True,16000,3200,3200
20260761,32,global,4,adaptive_probe,0.006569494594156259,0.053385528037548695,True,True,16000,5184,2704
20260761,32,global,4,probe_oracle,0.006569494594156259,0.053385528037548695,True,True,16000,5184,2704
20260761,32,global,4,all_agents_adaptive_eta,0.04364731536554935,0.07545062571080365,True,True,15984,14208,444
20260761,32,global,4,fixed_q8_adaptive_eta,0.05338290457843224,0.04658372671107968,True,True,15996,10664,1333
20260761,32,global,4,fixed_q1_adaptive_eta,0.005450596431790505,0.024813725226637287,True,True,16000,3200,3200
20260761,32,global,16,adaptive_probe,0.006304223859330073,0.043917082688504194,True,True,16000,5184,2704
20260761,32,global,16,probe_oracle,0.006304223859330073,0.043917082688504194,True,True,16000,5184,2704
20260761,32,global,16,all_agents_adaptive_eta,0.04080990739433508,0.05678590493111397,True,True,15984,14208,444
20260761,32,global,16,fixed_q8_adaptive_eta,0.05714708316388548,0.036077345782262134,True,True,15996,10664,1333
20260761,32,global,16,fixed_q1_adaptive_eta,0.005308199430605768,0.01969411253253311,True,True,16000,3200,3200
20260761,32,mixed,4,adaptive_probe,0.0187828799949974,0.04934493539070453,True,True,16000,9120,1720
20260761,32,mixed,4,probe_oracle,0.020086930558696887,0.0472816877590197,True,True,15996,6932,2266
20260761,32,mixed,4,all_agents_adaptive_eta,0.028664348941683248,0.05286967646258638,True,True,15984,14208,444
20260761,32,mixed,4,fixed_q8_adaptive_eta,0.03181840934952623,0.025839905443092368,True,True,15996,10664,1333
20260761,32,mixed,4,fixed_q1_adaptive_eta,0.004268673050159396,0.019055457362720907,True,True,16000,3200,3200
20260761,32,mixed,16,adaptive_probe,0.017853952106507393,0.04096552159646403,True,True,16000,9120,1720
20260761,32,mixed,16,probe_oracle,0.019721533538023084,0.03868776186757705,True,True,15996,6932,2266
20260761,32,mixed,16,all_agents_adaptive_eta,0.03744105796153979,0.04976685425797329,True,True,15984,14208,444
20260761,32,mixed,16,fixed_q8_adaptive_eta,0.03264343108263645,0.022518221377513532,True,True,15996,10664,1333
20260761,32,mixed,16,fixed_q1_adaptive_eta,0.004559476093603574,0.016004757813500317,True,True,16000,3200,3200
20260762,33,independent,4,adaptive_probe,0.00029742039992307557,0.053465263855984546,True,True,15984,14208,444
20260762,33,independent,4,probe_oracle,0.0004769083093721223,0.054485732508745006,True,True,15984,14208,444
20260762,33,independent,4,all_agents_adaptive_eta,0.00029742039992307557,0.053465263855984546,True,True,15984,14208,444
20260762,33,independent,4,fixed_q8_adaptive_eta,0.0002464102741222266,0.014341457267988387,True,True,15996,10664,1333
20260762,33,independent,4,fixed_q1_adaptive_eta,0.001260749672998064,0.007426934141199763,True,True,16000,3200,3200
20260762,33,independent,16,adaptive_probe,0.00031940632670703214,0.0486447329462056,True,True,15984,14208,444
20260762,33,independent,16,probe_oracle,0.00031940632670703214,0.0486447329462056,True,True,15984,14208,444
20260762,33,independent,16,all_agents_adaptive_eta,0.00031940632670703214,0.0486447329462056,True,True,15984,14208,444
20260762,33,independent,16,fixed_q8_adaptive_eta,0.00028927515294355845,0.016092138359206132,True,True,15996,10664,1333
20260762,33,independent,16,fixed_q1_adaptive_eta,0.0013208968769468058,0.013233050484063336,True,True,16000,3200,3200
20260762,33,clustered,4,adaptive_probe,0.0011333682682059883,0.050066582799895426,True,True,16000,9120,1720
20260762,33,clustered,4,probe_oracle,0.0011333682682059883,0.050066582799895426,True,True,16000,9120,1720
20260762,33,clustered,4,all_agents_adaptive_eta,0.0005866294447750394,0.05095104535322688,True,True,15984,14208,444
20260762,33,clustered,4,fixed_q8_adaptive_eta,0.0014837423664557545,0.014124724895730632,True,True,15996,10664,1333
20260762,33,clustered,4,fixed_q1_adaptive_eta,0.0040232371623796295,0.0066277266418948025,True,True,16000,3200,3200
20260762,33,clustered,16,adaptive_probe,0.0011550815200567044,0.04576413541579924,True,True,16000,9120,1720
20260762,33,clustered,16,probe_oracle,0.0021705121531784893,0.04635301477529802,True,True,15996,11304,1173
20260762,33,clustered,16,all_agents_adaptive_eta,0.000670993340015542,0.046150964396400644,True,True,15984,14208,444
20260762,33,clustered,16,fixed_q8_adaptive_eta,0.0014916622970879703,0.014920901062797849,True,True,15996,10664,1333
20260762,33,clustered,16,fixed_q1_adaptive_eta,0.004531276160696858,0.006994594860422608,True,True,16000,3200,3200
20260762,33,global,4,adaptive_probe,0.009039588351678434,0.04226994662697678,True,True,15996,6932,2266
20260762,33,global,4,probe_oracle,0.0080997968694391,0.04231057075038077,True,True,16000,5184,2704
20260762,33,global,4,all_agents_adaptive_eta,0.01709373525864639,0.05014851307943668,True,True,15984,14208,444
20260762,33,global,4,fixed_q8_adaptive_eta,0.001013465181630932,0.01581421371569757,True,True,15996,10664,1333
20260762,33,global,4,fixed_q1_adaptive_eta,0.0018464903830592333,0.008230209378310682,True,True,16000,3200,3200
20260762,33,global,16,adaptive_probe,0.00970581216789972,0.051054248585664964,True,True,15996,6932,2266
20260762,33,global,16,probe_oracle,0.00795513638484507,0.050615674200813025,True,True,16000,5184,2704
20260762,33,global,16,all_agents_adaptive_eta,0.03760197415299464,0.06818205533476046,True,True,15984,14208,444
20260762,33,global,16,fixed_q8_adaptive_eta,0.0009438233918793839,0.02274141198371562,True,True,15996,10664,1333
20260762,33,global,16,fixed_q1_adaptive_eta,0.001960007558786995,0.014212162541385126,True,True,16000,3200,3200
20260762,33,mixed,4,adaptive_probe,0.002274179304886793,0.043035918657984375,True,True,16000,9120,1720
20260762,33,mixed,4,probe_oracle,0.0015624651136297112,0.044319501165138976,True,True,15996,6932,2266
20260762,33,mixed,4,all_agents_adaptive_eta,0.00512320455190589,0.045214182956366346,True,True,15984,14208,444
20260762,33,mixed,4,fixed_q8_adaptive_eta,0.0022679438752577176,0.014112155294445521,True,True,15996,10664,1333
20260762,33,mixed,4,fixed_q1_adaptive_eta,0.0030322950128863417,0.009273528452829367,True,True,16000,3200,3200
20260762,33,mixed,16,adaptive_probe,0.0023174109968849056,0.0479620461730895,True,True,16000,9120,1720
20260762,33,mixed,16,probe_oracle,0.0018057845220028116,0.04869532520829109,True,True,15996,6932,2266
20260762,33,mixed,16,all_agents_adaptive_eta,0.010789123544625103,0.053486395896674095,True,True,15984,14208,444
20260762,33,mixed,16,fixed_q8_adaptive_eta,0.001990538976222559,0.018354903970789413,True,True,15996,10664,1333
20260762,33,mixed,16,fixed_q1_adaptive_eta,0.003316629675225969,0.00994207661447945,True,True,16000,3200,3200
20260763,34,independent,4,adaptive_probe,0.0001238307908366357,0.05155501923390335,True,True,16000,13056,736
20260763,34,independent,4,probe_oracle,0.00010843104592627445,0.05293948372502113,True,True,15984,14208,444
20260763,34,independent,4,all_agents_adaptive_eta,0.00010843104592627445,0.05293948372502113,True,True,15984,14208,444
20260763,34,independent,4,fixed_q8_adaptive_eta,6.452444298937781e-05,0.01697396568034981,True,True,15996,10664,1333
20260763,34,independent,4,fixed_q1_adaptive_eta,0.0009415068872270586,0.0035640087785773723,True,True,16000,3200,3200
20260763,34,independent,16,adaptive_probe,0.00018641621686768067,0.04693251222152097,True,True,15984,14208,444
20260763,34,independent,16,probe_oracle,0.00018641621686768067,0.04693251222152097,True,True,15984,14208,444
20260763,34,independent,16,all_agents_adaptive_eta,0.00018641621686768067,0.04693251222152097,True,True,15984,14208,444
20260763,34,independent,16,fixed_q8_adaptive_eta,2.1049214316776915e-05,0.017560395721758274,True,True,15996,10664,1333
20260763,34,independent,16,fixed_q1_adaptive_eta,0.0009367188410370052,0.003013131563153879,True,True,16000,3200,3200
20260763,34,clustered,4,adaptive_probe,0.0009654296354920325,0.0492104167272064,True,True,16000,5184,2704
20260763,34,clustered,4,probe_oracle,0.0026023821077212476,0.05117898981569949,True,True,16000,9120,1720
20260763,34,clustered,4,all_agents_adaptive_eta,0.001124406175379591,0.054010453587387826,True,True,15984,14208,444
20260763,34,clustered,4,fixed_q8_adaptive_eta,0.00017727638377139002,0.021850525594696864,True,True,15996,10664,1333
20260763,34,clustered,4,fixed_q1_adaptive_eta,0.00027266916721188953,0.004843752430922604,True,True,16000,3200,3200
20260763,34,clustered,16,adaptive_probe,0.0014632809850200065,0.04443253475953826,True,True,15996,6932,2266
20260763,34,clustered,16,probe_oracle,0.0023458122828506926,0.04673098225194883,True,True,16000,9120,1720
20260763,34,clustered,16,all_agents_adaptive_eta,0.0013732926296171721,0.049344991105157526,True,True,15984,14208,444
20260763,34,clustered,16,fixed_q8_adaptive_eta,0.00024713273703843143,0.019952060008954966,True,True,15996,10664,1333
20260763,34,clustered,16,fixed_q1_adaptive_eta,0.000341391075772394,0.0052459810730262155,True,True,16000,3200,3200
20260763,34,global,4,adaptive_probe,0.009003413784844696,0.0860066031774251,True,True,16000,9120,1720
20260763,34,global,4,probe_oracle,0.014397273348587956,0.0696611937794577,True,True,16000,5184,2704
20260763,34,global,4,all_agents_adaptive_eta,0.25593879862283353,0.15852466581987218,True,True,15984,14208,444
20260763,34,global,4,fixed_q8_adaptive_eta,0.009297845577636712,0.07254564633115516,True,True,15996,10664,1333
20260763,34,global,4,fixed_q1_adaptive_eta,0.0050239851326678376,0.029224625330437175,True,True,16000,3200,3200
20260763,34,global,16,adaptive_probe,0.010526441813077877,0.1051792149559969,True,True,16000,9120,1720
20260763,34,global,16,probe_oracle,0.014934392139629543,0.07775905265106287,True,True,16000,5184,2704
20260763,34,global,16,all_agents_adaptive_eta,0.3875319362341304,0.2418480272452829,True,True,15984,14208,444
20260763,34,global,16,fixed_q8_adaptive_eta,0.010390184274656896,0.09680712423437102,True,True,15996,10664,1333
20260763,34,global,16,fixed_q1_adaptive_eta,0.004773667420292548,0.03968907881274882,True,True,16000,3200,3200
20260763,34,mixed,4,adaptive_probe,0.0015555935849303243,0.052506207961207946,True,True,16000,9120,1720
20260763,34,mixed,4,probe_oracle,0.0054447335257222,0.05153089816440695,True,True,15996,6932,2266
20260763,34,mixed,4,all_agents_adaptive_eta,0.06306575846842719,0.06419985019243592,True,True,15984,14208,444
20260763,34,mixed,4,fixed_q8_adaptive_eta,0.004137125493423276,0.028878699031640007,True,True,15996,10664,1333
20260763,34,mixed,4,fixed_q1_adaptive_eta,0.0027149635109702088,0.01917228536887795,True,True,16000,3200,3200
20260763,34,mixed,16,adaptive_probe,0.001987572309979286,0.05787156040727887,True,True,16000,9120,1720
20260763,34,mixed,16,probe_oracle,0.005670642523345543,0.054628137442161245,True,True,15996,6932,2266
20260763,34,mixed,16,all_agents_adaptive_eta,0.1557798715668191,0.11009871472502374,True,True,15984,14208,444
20260763,34,mixed,16,fixed_q8_adaptive_eta,0.004681356087743852,0.0398479411205756,True,True,15996,10664,1333
20260763,34,mixed,16,fixed_q1_adaptive_eta,0.0024120316223436257,0.027948361920528866,True,True,16000,3200,3200
20260764,35,independent,4,adaptive_probe,0.0004413235240068259,0.048173721702173086,True,True,15996,11304,1173
20260764,35,independent,4,probe_oracle,0.00024325453206214547,0.04971344384609611,True,True,15984,14208,444
20260764,35,independent,4,all_agents_adaptive_eta,0.00024325453206214547,0.04971344384609611,True,True,15984,14208,444
20260764,35,independent,4,fixed_q8_adaptive_eta,0.0004024282835285932,0.022652011111710744,True,True,15996,10664,1333
20260764,35,independent,4,fixed_q1_adaptive_eta,0.0011141512123160032,0.005034527658320517,True,True,16000,3200,3200
20260764,35,independent,16,adaptive_probe,0.0005099167782012627,0.04517713422099345,True,True,15996,11304,1173
20260764,35,independent,16,probe_oracle,0.00019215397694069861,0.04557991126823631,True,True,15984,14208,444
20260764,35,independent,16,all_agents_adaptive_eta,0.00019215397694069861,0.04557991126823631,True,True,15984,14208,444
20260764,35,independent,16,fixed_q8_adaptive_eta,0.00035280289158679635,0.02071718685423041,True,True,15996,10664,1333
20260764,35,independent,16,fixed_q1_adaptive_eta,0.0010594723082923737,0.003624269811441871,True,True,16000,3200,3200
20260764,35,clustered,4,adaptive_probe,0.0009132246668126793,0.04709076726161033,True,True,16000,5184,2704
20260764,35,clustered,4,probe_oracle,0.00011907156238008547,0.048179835889859024,True,True,16000,9120,1720
20260764,35,clustered,4,all_agents_adaptive_eta,0.0003804533861956577,0.052376390723993665,True,True,15984,14208,444
20260764,35,clustered,4,fixed_q8_adaptive_eta,0.0002650266566641068,0.02120198362416974,True,True,15996,10664,1333
20260764,35,clustered,4,fixed_q1_adaptive_eta,0.0024054705038426593,0.004521890358509004,True,True,16000,3200,3200
20260764,35,clustered,16,adaptive_probe,0.000959860677433913,0.040757203982769254,True,True,16000,5184,2704
20260764,35,clustered,16,probe_oracle,8.82699519167975e-05,0.042273780739373434,True,True,16000,9120,1720
20260764,35,clustered,16,all_agents_adaptive_eta,0.00047951143417439686,0.04617455418059741,True,True,15984,14208,444
20260764,35,clustered,16,fixed_q8_adaptive_eta,0.0002234950956801967,0.02170206812243511,True,True,15996,10664,1333
20260764,35,clustered,16,fixed_q1_adaptive_eta,0.002920420649643876,0.004260198362533811,True,True,16000,3200,3200
20260764,35,global,4,adaptive_probe,0.023855458069181483,0.07253640055267221,True,True,16000,5184,2704
20260764,35,global,4,probe_oracle,0.023855458069181483,0.07253640055267221,True,True,16000,5184,2704
20260764,35,global,4,all_agents_adaptive_eta,0.06519096745554812,0.08137539882103496,True,True,15984,14208,444
20260764,35,global,4,fixed_q8_adaptive_eta,0.007415820070968503,0.028928405469518886,True,True,15996,10664,1333
20260764,35,global,4,fixed_q1_adaptive_eta,0.008834401256774987,0.015496830464916476,True,True,16000,3200,3200
20260764,35,global,16,adaptive_probe,0.023908651502135482,0.08276673182655692,True,True,16000,5184,2704
20260764,35,global,16,probe_oracle,0.023908651502135482,0.08276673182655692,True,True,16000,5184,2704
20260764,35,global,16,all_agents_adaptive_eta,0.08024787683281034,0.0985194157421018,True,True,15984,14208,444
20260764,35,global,16,fixed_q8_adaptive_eta,0.008007793255740865,0.03217143713541614,True,True,15996,10664,1333
20260764,35,global,16,fixed_q1_adaptive_eta,0.007954648263340797,0.014100006275556966,True,True,16000,3200,3200
20260764,35,mixed,4,adaptive_probe,0.014009225103496564,0.06240140962484007,True,True,16000,5184,2704
20260764,35,mixed,4,probe_oracle,0.004584442986885122,0.06160083290782272,True,True,15996,6932,2266
20260764,35,mixed,4,all_agents_adaptive_eta,0.028563644430160483,0.06466319580241432,True,True,15984,14208,444
20260764,35,mixed,4,fixed_q8_adaptive_eta,0.005775546995729542,0.023191982663932378,True,True,15996,10664,1333
20260764,35,mixed,4,fixed_q1_adaptive_eta,0.0018136229292336822,0.011257268274626822,True,True,16000,3200,3200
20260764,35,mixed,16,adaptive_probe,0.014086385569259906,0.061967170987076,True,True,16000,5184,2704
20260764,35,mixed,16,probe_oracle,0.005236357310195898,0.06140995335268618,True,True,15996,6932,2266
20260764,35,mixed,16,all_agents_adaptive_eta,0.028067272611454187,0.0647468285421179,True,True,15984,14208,444
20260764,35,mixed,16,fixed_q8_adaptive_eta,0.005482555743598125,0.022926817370629383,True,True,15996,10664,1333
20260764,35,mixed,16,fixed_q1_adaptive_eta,0.0014399025347395238,0.010288705198373709,True,True,16000,3200,3200
20260765,36,independent,4,adaptive_probe,0.00025474131142889136,0.0519018521936593,True,True,15996,11304,1173
20260765,36,independent,4,probe_oracle,0.00013700889999398191,0.05259077184950048,True,True,15984,14208,444
20260765,36,independent,4,all_agents_adaptive_eta,0.00013700889999398191,0.05259077184950048,True,True,15984,14208,444
20260765,36,independent,4,fixed_q8_adaptive_eta,7.164607471421677e-05,0.019495709467118063,True,True,15996,10664,1333
20260765,36,independent,4,fixed_q1_adaptive_eta,0.003271719594509543,0.003685028105061769,True,True,16000,3200,3200
20260765,36,independent,16,adaptive_probe,0.00013877645601574027,0.04664968655961171,True,True,15996,11304,1173
20260765,36,independent,16,probe_oracle,0.000254432701280146,0.046743445402528165,True,True,15984,14208,444
20260765,36,independent,16,all_agents_adaptive_eta,6.310777425788857e-05,0.047349513127599545,True,True,15984,14208,444
20260765,36,independent,16,fixed_q8_adaptive_eta,6.949726889837201e-05,0.020137376276695314,True,True,15996,10664,1333
20260765,36,independent,16,fixed_q1_adaptive_eta,0.0030366214641804677,0.002954107563246804,True,True,16000,3200,3200
20260765,36,clustered,4,adaptive_probe,0.0005946583252571982,0.05972214080027658,True,True,16000,9120,1720
20260765,36,clustered,4,probe_oracle,0.0005946583252571982,0.05972214080027658,True,True,16000,9120,1720
20260765,36,clustered,4,all_agents_adaptive_eta,0.006143361032403262,0.06485687878824649,True,True,15984,14208,444
20260765,36,clustered,4,fixed_q8_adaptive_eta,0.0013045288967898957,0.026157460159178123,True,True,15996,10664,1333
20260765,36,clustered,4,fixed_q1_adaptive_eta,0.004950039740546677,0.004194346097282914,True,True,16000,3200,3200
20260765,36,clustered,16,adaptive_probe,0.0005301258225662815,0.05268108386393033,True,True,16000,9120,1720
20260765,36,clustered,16,probe_oracle,0.0005301258225662815,0.05268108386393033,True,True,16000,9120,1720
20260765,36,clustered,16,all_agents_adaptive_eta,0.006448666025284297,0.058333727892144076,True,True,15984,14208,444
20260765,36,clustered,16,fixed_q8_adaptive_eta,0.0012454330750870973,0.027096540354454593,True,True,15996,10664,1333
20260765,36,clustered,16,fixed_q1_adaptive_eta,0.004950741178640636,0.009524986505693328,True,True,16000,3200,3200
20260765,36,global,4,adaptive_probe,0.0451849491832209,0.031208956710588744,True,True,15996,6932,2266
20260765,36,global,4,probe_oracle,0.04050355185596928,0.030283145942177098,True,True,16000,5184,2704
20260765,36,global,4,all_agents_adaptive_eta,0.0004434009864093958,0.01862261056980091,True,True,15984,14208,444
20260765,36,global,4,fixed_q8_adaptive_eta,0.0031439742340500024,0.012865141338039185,True,True,15996,10664,1333
20260765,36,global,4,fixed_q1_adaptive_eta,0.023181027074338632,0.02143894630122007,True,True,16000,3200,3200
20260765,36,global,16,adaptive_probe,0.04484536536690996,0.03540365518080182,True,True,15996,6932,2266
20260765,36,global,16,probe_oracle,0.04074352883185219,0.03435146018903016,True,True,16000,5184,2704
20260765,36,global,16,all_agents_adaptive_eta,0.0013094681954618655,0.02866710614296269,True,True,15984,14208,444
20260765,36,global,16,fixed_q8_adaptive_eta,0.0034156593007721977,0.015327028154068166,True,True,15996,10664,1333
20260765,36,global,16,fixed_q1_adaptive_eta,0.02325570111906467,0.020053769506753038,True,True,16000,3200,3200
20260765,36,mixed,4,adaptive_probe,0.02021147638706137,0.027397234657222432,True,True,16000,5184,2704
20260765,36,mixed,4,probe_oracle,0.025762201181083317,0.026864752409769817,True,True,15996,6932,2266
20260765,36,mixed,4,all_agents_adaptive_eta,0.006377134501818463,0.018299361834576092,True,True,15984,14208,444
20260765,36,mixed,4,fixed_q8_adaptive_eta,0.0032802256042518234,0.009060534136006186,True,True,15996,10664,1333
20260765,36,mixed,4,fixed_q1_adaptive_eta,0.009894516904728555,0.012146449212705634,True,True,16000,3200,3200
20260765,36,mixed,16,adaptive_probe,0.025477960850960137,0.0321310430294304,True,True,15996,6932,2266
20260765,36,mixed,16,probe_oracle,0.025477960850960137,0.0321310430294304,True,True,15996,6932,2266
20260765,36,mixed,16,all_agents_adaptive_eta,0.004852706243412245,0.02324606604069222,True,True,15984,14208,444
20260765,36,mixed,16,fixed_q8_adaptive_eta,0.0032896134745476315,0.0126563859810897,True,True,15996,10664,1333
20260765,36,mixed,16,fixed_q1_adaptive_eta,0.009564604012138957,0.013663121631573245,True,True,16000,3200,3200
20260766,37,independent,4,adaptive_probe,0.0005946733428062916,0.05003813867223326,True,True,16000,13056,736
20260766,37,independent,4,probe_oracle,8.109968090449355e-05,0.05007142392553667,True,True,15984,14208,444
20260766,37,independent,4,all_agents_adaptive_eta,8.109968090449355e-05,0.05007142392553667,True,True,15984,14208,444
20260766,37,independent,4,fixed_q8_adaptive_eta,7.528365731682975e-05,0.016661255424277086,True,True,15996,10664,1333
20260766,37,independent,4,fixed_q1_adaptive_eta,0.0007720184340619581,0.00867330230473757,True,True,16000,3200,3200
20260766,37,independent,16,adaptive_probe,0.0005327836820060094,0.04336552539127781,True,True,16000,13056,736
20260766,37,independent,16,probe_oracle,0.00010736906159072968,0.04315609954627133,True,True,15984,14208,444
20260766,37,independent,16,all_agents_adaptive_eta,0.00010736906159072968,0.04315609954627133,True,True,15984,14208,444
20260766,37,independent,16,fixed_q8_adaptive_eta,5.821156406013707e-05,0.018233990519992242,True,True,15996,10664,1333
20260766,37,independent,16,fixed_q1_adaptive_eta,0.0007701406402809193,0.012317941964614188,True,True,16000,3200,3200
20260766,37,clustered,4,adaptive_probe,0.0009548497057589493,0.06527045791287271,True,True,16000,9120,1720
20260766,37,clustered,4,probe_oracle,0.0009548497057589493,0.06527045791287271,True,True,16000,9120,1720
20260766,37,clustered,4,all_agents_adaptive_eta,0.0007625940113144076,0.0688069685089022,True,True,15984,14208,444
20260766,37,clustered,4,fixed_q8_adaptive_eta,0.00042435341942586473,0.028803219266011662,True,True,15996,10664,1333
20260766,37,clustered,4,fixed_q1_adaptive_eta,0.002154651510660084,0.01250078157161937,True,True,16000,3200,3200
20260766,37,clustered,16,adaptive_probe,0.0009656782267663444,0.05586921669358316,True,True,16000,9120,1720
20260766,37,clustered,16,probe_oracle,0.0009656782267663444,0.05586921669358316,True,True,16000,9120,1720
20260766,37,clustered,16,all_agents_adaptive_eta,0.0007615508550071259,0.05989267624397376,True,True,15984,14208,444
20260766,37,clustered,16,fixed_q8_adaptive_eta,0.00043779671590361244,0.02646032873592476,True,True,15996,10664,1333
20260766,37,clustered,16,fixed_q1_adaptive_eta,0.0019464616430545634,0.0156770828705864,True,True,16000,3200,3200
20260766,37,global,4,adaptive_probe,0.002303363836979991,0.028932941134343373,True,True,15996,6932,2266
20260766,37,global,4,probe_oracle,0.005717013163743746,0.028679519589907526,True,True,16000,5184,2704
20260766,37,global,4,all_agents_adaptive_eta,0.01587324577182307,0.027165711167737774,True,True,15984,14208,444
20260766,37,global,4,fixed_q8_adaptive_eta,0.010195683385304697,0.016358642099899397,True,True,15996,10664,1333
20260766,37,global,4,fixed_q1_adaptive_eta,0.004931885623699435,0.010206060090809215,True,True,16000,3200,3200
20260766,37,global,16,adaptive_probe,0.0025738576084996115,0.04956679971780179,True,True,15996,6932,2266
20260766,37,global,16,probe_oracle,0.005898997980801712,0.04968187980787914,True,True,16000,5184,2704
20260766,37,global,16,all_agents_adaptive_eta,0.007850330549027814,0.04977541517043489,True,True,15984,14208,444
20260766,37,global,16,fixed_q8_adaptive_eta,0.010952280982498822,0.02434597377093426,True,True,15996,10664,1333
20260766,37,global,16,fixed_q1_adaptive_eta,0.00487277659248342,0.01257982107464476,True,True,16000,3200,3200
20260766,37,mixed,4,adaptive_probe,0.0049403679421417815,0.043432238965241725,True,True,16000,9120,1720
20260766,37,mixed,4,probe_oracle,0.0007815684365673249,0.04324772532633954,True,True,15996,6932,2266
20260766,37,mixed,4,all_agents_adaptive_eta,0.02782690138673568,0.0462846584392145,True,True,15984,14208,444
20260766,37,mixed,4,fixed_q8_adaptive_eta,0.005875481421009547,0.02336061444100602,True,True,15996,10664,1333
20260766,37,mixed,4,fixed_q1_adaptive_eta,0.00363209468376227,0.011907561827814953,True,True,16000,3200,3200
20260766,37,mixed,16,adaptive_probe,0.000864966212761968,0.05644223946552151,True,True,15996,6932,2266
20260766,37,mixed,16,probe_oracle,0.000864966212761968,0.05644223946552151,True,True,15996,6932,2266
20260766,37,mixed,16,all_agents_adaptive_eta,0.012666473815816842,0.055177405356068784,True,True,15984,14208,444
20260766,37,mixed,16,fixed_q8_adaptive_eta,0.006560715030282836,0.026895031976328962,True,True,15996,10664,1333
20260766,37,mixed,16,fixed_q1_adaptive_eta,0.003610907140772247,0.014562224026918319,True,True,16000,3200,3200
20260767,38,independent,4,adaptive_probe,9.642347851336134e-05,0.049667185276558834,True,True,16000,13056,736
20260767,38,independent,4,probe_oracle,0.00024352597986160608,0.05028845785100469,True,True,15984,14208,444
20260767,38,independent,4,all_agents_adaptive_eta,0.00024352597986160608,0.05028845785100469,True,True,15984,14208,444
20260767,38,independent,4,fixed_q8_adaptive_eta,0.00038067320462279326,0.021248860966300517,True,True,15996,10664,1333
20260767,38,independent,4,fixed_q1_adaptive_eta,0.00034274369443734856,0.005670363245586404,True,True,16000,3200,3200
20260767,38,independent,16,adaptive_probe,0.00012386361878062536,0.04419582953178438,True,True,16000,13056,736
20260767,38,independent,16,probe_oracle,0.00021722175955589504,0.044424198323251944,True,True,15984,14208,444
20260767,38,independent,16,all_agents_adaptive_eta,0.00021722175955589504,0.044424198323251944,True,True,15984,14208,444
20260767,38,independent,16,fixed_q8_adaptive_eta,0.0003240203954510936,0.019066574179607564,True,True,15996,10664,1333
20260767,38,independent,16,fixed_q1_adaptive_eta,0.00036658756253065084,0.003620741076137776,True,True,16000,3200,3200
20260767,38,clustered,4,adaptive_probe,0.000654180034527079,0.051281009021438576,True,True,16000,9120,1720
20260767,38,clustered,4,probe_oracle,0.000654180034527079,0.051281009021438576,True,True,16000,9120,1720
20260767,38,clustered,4,all_agents_adaptive_eta,0.0005689155544906606,0.0579294394328974,True,True,15984,14208,444
20260767,38,clustered,4,fixed_q8_adaptive_eta,0.0018795207388381172,0.02585875754054138,True,True,15996,10664,1333
20260767,38,clustered,4,fixed_q1_adaptive_eta,0.008309046666457496,0.01321591675873639,True,True,16000,3200,3200
20260767,38,clustered,16,adaptive_probe,0.000705138943154843,0.0451104863580827,True,True,16000,9120,1720
20260767,38,clustered,16,probe_oracle,0.000705138943154843,0.0451104863580827,True,True,16000,9120,1720
20260767,38,clustered,16,all_agents_adaptive_eta,0.0002924032881601587,0.04960124258748219,True,True,15984,14208,444
20260767,38,clustered,16,fixed_q8_adaptive_eta,0.0018596652524301485,0.023288420247638792,True,True,15996,10664,1333
20260767,38,clustered,16,fixed_q1_adaptive_eta,0.008447368508975997,0.015074195427441109,True,True,16000,3200,3200
20260767,38,global,4,adaptive_probe,0.014304220803195397,0.13055802012307247,True,True,15996,6932,2266
20260767,38,global,4,probe_oracle,0.05648627933506434,0.1260337222470328,True,True,16000,5184,2704
20260767,38,global,4,all_agents_adaptive_eta,0.6055802172798395,0.3486441196210104,True,True,15984,14208,444
20260767,38,global,4,fixed_q8_adaptive_eta,0.010972691268842427,0.160033823520072,True,True,15996,10664,1333
20260767,38,global,4,fixed_q1_adaptive_eta,0.03757067687117006,0.061407332044392825,True,True,16000,3200,3200
20260767,38,global,16,adaptive_probe,0.016023254473554883,0.15922662562090106,True,True,15996,6932,2266
20260767,38,global,16,probe_oracle,0.05860211691638075,0.1501628093314068,True,True,16000,5184,2704
20260767,38,global,16,all_agents_adaptive_eta,0.6597355675931336,0.41932852852271607,True,True,15984,14208,444
20260767,38,global,16,fixed_q8_adaptive_eta,0.012531271243534436,0.20358225401764912,True,True,15996,10664,1333
20260767,38,global,16,fixed_q1_adaptive_eta,0.03634948921115848,0.0673734101331383,True,True,16000,3200,3200
20260767,38,mixed,4,adaptive_probe,0.0038620766618811544,0.11545060786527378,True,True,16000,9120,1720
20260767,38,mixed,4,probe_oracle,0.012519959190444786,0.10037018647839624,True,True,15996,6932,2266
20260767,38,mixed,4,all_agents_adaptive_eta,0.317994508931983,0.22692891912904212,True,True,15984,14208,444
20260767,38,mixed,4,fixed_q8_adaptive_eta,0.009372808987053985,0.10840839878048206,True,True,15996,10664,1333
20260767,38,mixed,4,fixed_q1_adaptive_eta,0.03429433036027139,0.05126585218540729,True,True,16000,3200,3200
20260767,38,mixed,16,adaptive_probe,0.004705800550598313,0.1363089205245734,True,True,16000,9120,1720
20260767,38,mixed,16,probe_oracle,0.013204789153441856,0.11505410930082645,True,True,15996,6932,2266
20260767,38,mixed,16,all_agents_adaptive_eta,0.329467591814554,0.25405099658722946,True,True,15984,14208,444
20260767,38,mixed,16,fixed_q8_adaptive_eta,0.010586207963237431,0.1337494180718225,True,True,15996,10664,1333
20260767,38,mixed,16,fixed_q1_adaptive_eta,0.03372324635985344,0.0635834809570426,True,True,16000,3200,3200
20260768,39,independent,4,adaptive_probe,0.00010946951098723785,0.049798392915833996,True,True,15984,14208,444
20260768,39,independent,4,probe_oracle,0.00010946951098723785,0.049798392915833996,True,True,15984,14208,444
20260768,39,independent,4,all_agents_adaptive_eta,0.00010946951098723785,0.049798392915833996,True,True,15984,14208,444
20260768,39,independent,4,fixed_q8_adaptive_eta,2.895028593903806e-05,0.01997196049652478,True,True,15996,10664,1333
20260768,39,independent,4,fixed_q1_adaptive_eta,0.0009015737787803999,0.0075902162262023185,True,True,16000,3200,3200
20260768,39,independent,16,adaptive_probe,0.00046834096694698584,0.04436903423926393,True,True,16000,13056,736
20260768,39,independent,16,probe_oracle,0.0001226955864955055,0.04436178050129008,True,True,15984,14208,444
20260768,39,independent,16,all_agents_adaptive_eta,0.0001226955864955055,0.04436178050129008,True,True,15984,14208,444
20260768,39,independent,16,fixed_q8_adaptive_eta,4.037662298515794e-05,0.017813296849873705,True,True,15996,10664,1333
20260768,39,independent,16,fixed_q1_adaptive_eta,0.0008801330778812073,0.011731950782374878,True,True,16000,3200,3200
20260768,39,clustered,4,adaptive_probe,8.759771108937829e-05,0.03350822329041984,True,True,16000,9120,1720
20260768,39,clustered,4,probe_oracle,8.759771108937829e-05,0.03350822329041984,True,True,16000,9120,1720
20260768,39,clustered,4,all_agents_adaptive_eta,0.0006083564232769827,0.04238313721044471,True,True,15984,14208,444
20260768,39,clustered,4,fixed_q8_adaptive_eta,0.00016435369322435168,0.015016633040443808,True,True,15996,10664,1333
20260768,39,clustered,4,fixed_q1_adaptive_eta,0.0018572158490566097,0.009728565339898338,True,True,16000,3200,3200
20260768,39,clustered,16,adaptive_probe,8.369568375190784e-05,0.03627793429919715,True,True,16000,9120,1720
20260768,39,clustered,16,probe_oracle,8.369568375190784e-05,0.03627793429919715,True,True,16000,9120,1720
20260768,39,clustered,16,all_agents_adaptive_eta,0.00035343790180897966,0.045760749630022496,True,True,15984,14208,444
20260768,39,clustered,16,fixed_q8_adaptive_eta,0.00013776396194814744,0.018871764595624965,True,True,15996,10664,1333
20260768,39,clustered,16,fixed_q1_adaptive_eta,0.0016199616151229344,0.02472290003203307,True,True,16000,3200,3200
20260768,39,global,4,adaptive_probe,0.02690099804963169,0.03495179784819715,True,True,16000,5184,2704
20260768,39,global,4,probe_oracle,0.02690099804963169,0.03495179784819715,True,True,16000,5184,2704
20260768,39,global,4,all_agents_adaptive_eta,0.05275062196927373,0.06258238363469962,True,True,15984,14208,444
20260768,39,global,4,fixed_q8_adaptive_eta,0.004954454623810298,0.030090519472603793,True,True,15996,10664,1333
20260768,39,global,4,fixed_q1_adaptive_eta,0.04058035098551799,0.022138085957164714,True,True,16000,3200,3200
20260768,39,global,16,adaptive_probe,0.02903121199559953,0.042436909209501,True,True,16000,5184,2704
20260768,39,global,16,probe_oracle,0.02903121199559953,0.042436909209501,True,True,16000,5184,2704
20260768,39,global,16,all_agents_adaptive_eta,0.040045431026057385,0.06483022580205884,True,True,15984,14208,444
20260768,39,global,16,fixed_q8_adaptive_eta,0.006020300711675496,0.03227746314740025,True,True,15996,10664,1333
20260768,39,global,16,fixed_q1_adaptive_eta,0.03829734645309008,0.02739030356137443,True,True,16000,3200,3200
20260768,39,mixed,4,adaptive_probe,0.006587545099839322,0.030902062063944538,True,True,16000,9120,1720
20260768,39,mixed,4,probe_oracle,0.0009251809778521641,0.02785842827789412,True,True,15996,6932,2266
20260768,39,mixed,4,all_agents_adaptive_eta,0.0311246040726453,0.053158480122605815,True,True,15984,14208,444
20260768,39,mixed,4,fixed_q8_adaptive_eta,0.003077489181977305,0.02284791745422051,True,True,15996,10664,1333
20260768,39,mixed,4,fixed_q1_adaptive_eta,0.02975895997594693,0.021321163719764114,True,True,16000,3200,3200
20260768,39,mixed,16,adaptive_probe,0.006480032885687622,0.038796479475073774,True,True,16000,9120,1720
20260768,39,mixed,16,probe_oracle,0.0009563236368913937,0.03505005073636825,True,True,15996,6932,2266
20260768,39,mixed,16,all_agents_adaptive_eta,0.02211188475369636,0.061341770135738695,True,True,15984,14208,444
20260768,39,mixed,16,fixed_q8_adaptive_eta,0.0035986249504165587,0.028720405611099457,True,True,15996,10664,1333
20260768,39,mixed,16,fixed_q1_adaptive_eta,0.027372523441455705,0.0350800986429915,True,True,16000,3200,3200
20260769,40,independent,4,adaptive_probe,0.0001997829240433351,0.05378452238962389,True,True,16000,13056,736
20260769,40,independent,4,probe_oracle,0.0004164088960016018,0.05509857166287915,True,True,15984,14208,444
20260769,40,independent,4,all_agents_adaptive_eta,0.00027798209020097117,0.05395932166857632,True,True,15984,14208,444
20260769,40,independent,4,fixed_q8_adaptive_eta,0.0011018857585829787,0.017054446707531576,True,True,15996,10664,1333
20260769,40,independent,4,fixed_q1_adaptive_eta,0.002695040464028877,0.0062780924298737285,True,True,16000,3200,3200
20260769,40,independent,16,adaptive_probe,0.00024347146760979083,0.0477427648978642,True,True,15984,14208,444
20260769,40,independent,16,probe_oracle,0.0003142016539004316,0.04850185246380961,True,True,15984,14208,444
20260769,40,independent,16,all_agents_adaptive_eta,0.00024347146760979083,0.0477427648978642,True,True,15984,14208,444
20260769,40,independent,16,fixed_q8_adaptive_eta,0.0011360472116253681,0.014736785257717934,True,True,15996,10664,1333
20260769,40,independent,16,fixed_q1_adaptive_eta,0.0030363296574203317,0.004282531575614879,True,True,16000,3200,3200
20260769,40,clustered,4,adaptive_probe,0.001382824073015831,0.04464245074275328,True,True,15996,11304,1173
20260769,40,clustered,4,probe_oracle,0.0020626874084825934,0.04367702513263347,True,True,16000,9120,1720
20260769,40,clustered,4,all_agents_adaptive_eta,9.093867602056954e-05,0.04329008570750932,True,True,15984,14208,444
20260769,40,clustered,4,fixed_q8_adaptive_eta,0.0006624862702293669,0.012529375734850124,True,True,15996,10664,1333
20260769,40,clustered,4,fixed_q1_adaptive_eta,0.00927389875353184,0.0112582705073985,True,True,16000,3200,3200
20260769,40,clustered,16,adaptive_probe,0.0008560248029536961,0.037371428323489005,True,True,15996,11304,1173
20260769,40,clustered,16,probe_oracle,0.0008560248029536961,0.037371428323489005,True,True,15996,11304,1173
20260769,40,clustered,16,all_agents_adaptive_eta,6.421903059435977e-05,0.03720086567704448,True,True,15984,14208,444
20260769,40,clustered,16,fixed_q8_adaptive_eta,0.0004904189019079119,0.010011379960052611,True,True,15996,10664,1333
20260769,40,clustered,16,fixed_q1_adaptive_eta,0.00816107871926753,0.011079084817435017,True,True,16000,3200,3200
20260769,40,global,4,adaptive_probe,0.0016988593147600462,0.03658740754168073,True,True,16000,5184,2704
20260769,40,global,4,probe_oracle,0.0016988593147600462,0.03658740754168073,True,True,16000,5184,2704
20260769,40,global,4,all_agents_adaptive_eta,0.07755651572926263,0.04409365107427034,True,True,15984,14208,444
20260769,40,global,4,fixed_q8_adaptive_eta,0.03669155014256284,0.029884810247685422,True,True,15996,10664,1333
20260769,40,global,4,fixed_q1_adaptive_eta,0.01715910024929792,0.019211531265110868,True,True,16000,3200,3200
20260769,40,global,16,adaptive_probe,0.001682462030171593,0.02617102756570379,True,True,16000,5184,2704
20260769,40,global,16,probe_oracle,0.001682462030171593,0.02617102756570379,True,True,16000,5184,2704
20260769,40,global,16,all_agents_adaptive_eta,0.04878997726167919,0.026862551589615747,True,True,15984,14208,444
20260769,40,global,16,fixed_q8_adaptive_eta,0.03491204574493696,0.019830088486643326,True,True,15996,10664,1333
20260769,40,global,16,fixed_q1_adaptive_eta,0.019406187587421415,0.017570009030271932,True,True,16000,3200,3200
20260769,40,mixed,4,adaptive_probe,0.007895632668108783,0.0232847217722257,True,True,16000,5184,2704
20260769,40,mixed,4,probe_oracle,0.008850495374216666,0.02470056359361099,True,True,15996,6932,2266
20260769,40,mixed,4,all_agents_adaptive_eta,0.04246743814399174,0.031157619678998116,True,True,15984,14208,444
20260769,40,mixed,4,fixed_q8_adaptive_eta,0.01712175995845927,0.016674258607024987,True,True,15996,10664,1333
20260769,40,mixed,4,fixed_q1_adaptive_eta,0.006926905594247132,0.006794069306412941,True,True,16000,3200,3200
20260769,40,mixed,16,adaptive_probe,0.007884270548359686,0.01779397080262399,True,True,16000,5184,2704
20260769,40,mixed,16,probe_oracle,0.00826804774300251,0.018904563026760954,True,True,15996,6932,2266
20260769,40,mixed,16,all_agents_adaptive_eta,0.03436802272798329,0.02305210225685681,True,True,15984,14208,444
20260769,40,mixed,16,fixed_q8_adaptive_eta,0.01682866665011996,0.011975941418226338,True,True,15996,10664,1333
20260769,40,mixed,16,fixed_q1_adaptive_eta,0.007376827031909272,0.006088299056076574,True,True,16000,3200,3200
20260770,41,independent,4,adaptive_probe,0.0006634021533966459,0.04585284446543327,True,True,16000,13056,736
20260770,41,independent,4,probe_oracle,0.00023989927764907085,0.04623087219074847,True,True,15984,14208,444
20260770,41,independent,4,all_agents_adaptive_eta,0.00023989927764907085,0.04623087219074847,True,True,15984,14208,444
20260770,41,independent,4,fixed_q8_adaptive_eta,6.711394804432629e-05,0.016000834647635145,True,True,15996,10664,1333
20260770,41,independent,4,fixed_q1_adaptive_eta,0.002899857589597165,0.0069587180966052846,True,True,16000,3200,3200
20260770,41,independent,16,adaptive_probe,0.00022462985017110003,0.04124553715659524,True,True,16000,9120,1720
20260770,41,independent,16,probe_oracle,0.00026842898091568903,0.04175886223269813,True,True,15984,14208,444
20260770,41,independent,16,all_agents_adaptive_eta,0.00026842898091568903,0.04175886223269813,True,True,15984,14208,444
20260770,41,independent,16,fixed_q8_adaptive_eta,7.388998654189166e-05,0.016096238837988577,True,True,15996,10664,1333
20260770,41,independent,16,fixed_q1_adaptive_eta,0.0030587325674180446,0.005807531079415632,True,True,16000,3200,3200
20260770,41,clustered,4,adaptive_probe,0.0027821958648206954,0.038886635348531234,True,True,15996,11304,1173
20260770,41,clustered,4,probe_oracle,0.0027821958648206954,0.038886635348531234,True,True,15996,11304,1173
20260770,41,clustered,4,all_agents_adaptive_eta,0.0002805107692205767,0.03939106275700232,True,True,15984,14208,444
20260770,41,clustered,4,fixed_q8_adaptive_eta,0.002731223459316743,0.01225298364520264,True,True,15996,10664,1333
20260770,41,clustered,4,fixed_q1_adaptive_eta,0.001303499571384585,0.011500651379619808,True,True,16000,3200,3200
20260770,41,clustered,16,adaptive_probe,0.0026567934302400243,0.037987758137304754,True,True,15996,11304,1173
20260770,41,clustered,16,probe_oracle,0.0026567934302400243,0.037987758137304754,True,True,15996,11304,1173
20260770,41,clustered,16,all_agents_adaptive_eta,0.00017762862606540984,0.03818145734665064,True,True,15984,14208,444
20260770,41,clustered,16,fixed_q8_adaptive_eta,0.002747519552951574,0.014758468453991105,True,True,15996,10664,1333
20260770,41,clustered,16,fixed_q1_adaptive_eta,0.0010979073788173646,0.009209462080966792,True,True,16000,3200,3200
20260770,41,global,4,adaptive_probe,0.019318451368283085,0.07959203779327831,True,True,15996,6932,2266
20260770,41,global,4,probe_oracle,0.03256069088903425,0.0825433183169492,True,True,16000,5184,2704
20260770,41,global,4,all_agents_adaptive_eta,0.021829699356962835,0.09752601652052365,True,True,15984,14208,444
20260770,41,global,4,fixed_q8_adaptive_eta,0.002339259253429369,0.03710708356230763,True,True,15996,10664,1333
20260770,41,global,4,fixed_q1_adaptive_eta,0.018719143184055438,0.024178938786745582,True,True,16000,3200,3200
20260770,41,global,16,adaptive_probe,0.01966119107092092,0.06744968852169027,True,True,15996,6932,2266
20260770,41,global,16,probe_oracle,0.0320618054247471,0.0708455221993854,True,True,16000,5184,2704
20260770,41,global,16,all_agents_adaptive_eta,0.01884719745965243,0.08099752075555164,True,True,15984,14208,444
20260770,41,global,16,fixed_q8_adaptive_eta,0.0026311340093670152,0.03165886023732428,True,True,15996,10664,1333
20260770,41,global,16,fixed_q1_adaptive_eta,0.018689974977649505,0.021771364636400635,True,True,16000,3200,3200
20260770,41,mixed,4,adaptive_probe,0.011262472593871658,0.06006967825864298,True,True,16000,9120,1720
20260770,41,mixed,4,probe_oracle,0.006001446907511172,0.05925298102049111,True,True,15996,6932,2266
20260770,41,mixed,4,all_agents_adaptive_eta,0.010220473893704039,0.063627031433841,True,True,15984,14208,444
20260770,41,mixed,4,fixed_q8_adaptive_eta,0.00483915871038978,0.025423724389159547,True,True,15996,10664,1333
20260770,41,mixed,4,fixed_q1_adaptive_eta,0.0037437299893977884,0.01804261544866166,True,True,16000,3200,3200
20260770,41,mixed,16,adaptive_probe,0.010421673523192048,0.054394198712571284,True,True,16000,9120,1720
20260770,41,mixed,16,probe_oracle,0.006135277321370535,0.05397123363708178,True,True,15996,6932,2266
20260770,41,mixed,16,all_agents_adaptive_eta,0.007950063735723148,0.056544789464369714,True,True,15984,14208,444
20260770,41,mixed,16,fixed_q8_adaptive_eta,0.004833175955373836,0.0244981152130872,True,True,15996,10664,1333
20260770,41,mixed,16,fixed_q1_adaptive_eta,0.00401473966801247,0.01473795687972486,True,True,16000,3200,3200
20260771,42,independent,4,adaptive_probe,0.00047721860505575887,0.04944780481792731,True,True,16000,13056,736
20260771,42,independent,4,probe_oracle,0.0008279519547412595,0.04883107847814528,True,True,15984,14208,444
20260771,42,independent,4,all_agents_adaptive_eta,0.0008279519547412595,0.04883107847814528,True,True,15984,14208,444
20260771,42,independent,4,fixed_q8_adaptive_eta,0.0011663420504498278,0.017484326171847305,True,True,15996,10664,1333
20260771,42,independent,4,fixed_q1_adaptive_eta,0.001381649520051166,0.0060574645869561185,True,True,16000,3200,3200
20260771,42,independent,16,adaptive_probe,0.00039359092425378427,0.04336090806318366,True,True,16000,13056,736
20260771,42,independent,16,probe_oracle,0.0007274313095983124,0.042702252438345606,True,True,15984,14208,444
20260771,42,independent,16,all_agents_adaptive_eta,0.0009616256382327567,0.0434101619472645,True,True,15984,14208,444
20260771,42,independent,16,fixed_q8_adaptive_eta,0.001070811538711422,0.016130959712597634,True,True,15996,10664,1333
20260771,42,independent,16,fixed_q1_adaptive_eta,0.001828857041087904,0.006224851739175216,True,True,16000,3200,3200
20260771,42,clustered,4,adaptive_probe,5.217314466630994e-05,0.03551744940809615,True,True,15996,11304,1173
20260771,42,clustered,4,probe_oracle,0.0011128794070511675,0.035178648271263456,True,True,16000,9120,1720
20260771,42,clustered,4,all_agents_adaptive_eta,0.001276528083795799,0.0378479979581411,True,True,15984,14208,444
20260771,42,clustered,4,fixed_q8_adaptive_eta,6.507906307805616e-05,0.011508954674628211,True,True,15996,10664,1333
20260771,42,clustered,4,fixed_q1_adaptive_eta,0.01704335995313334,0.009795671509737904,True,True,16000,3200,3200
20260771,42,clustered,16,adaptive_probe,5.534793450054412e-05,0.0397159167817243,True,True,15996,11304,1173
20260771,42,clustered,16,probe_oracle,0.0012198720792993636,0.03934023743822444,True,True,16000,9120,1720
20260771,42,clustered,16,all_agents_adaptive_eta,0.0012657223339198307,0.0418790779669627,True,True,15984,14208,444
20260771,42,clustered,16,fixed_q8_adaptive_eta,5.761880745869202e-05,0.014802101253782965,True,True,15996,10664,1333
20260771,42,clustered,16,fixed_q1_adaptive_eta,0.01576427107929624,0.010294415160827932,True,True,16000,3200,3200
20260771,42,global,4,adaptive_probe,0.00924587310628064,0.047124647022977806,True,True,15996,6932,2266
20260771,42,global,4,probe_oracle,0.025484102581482333,0.048773521797365084,True,True,16000,5184,2704
20260771,42,global,4,all_agents_adaptive_eta,0.0007286045911551716,0.03973015678431264,True,True,15984,14208,444
20260771,42,global,4,fixed_q8_adaptive_eta,0.005738683285323941,0.02182635211002318,True,True,15996,10664,1333
20260771,42,global,4,fixed_q1_adaptive_eta,0.009803163729041355,0.01472336472796146,True,True,16000,3200,3200
20260771,42,global,16,adaptive_probe,0.025702056028164184,0.05675165732216237,True,True,16000,5184,2704
20260771,42,global,16,probe_oracle,0.025702056028164184,0.05675165732216237,True,True,16000,5184,2704
20260771,42,global,16,all_agents_adaptive_eta,0.010505178976651975,0.058058355850110974,True,True,15984,14208,444
20260771,42,global,16,fixed_q8_adaptive_eta,0.002646161692372085,0.030085247529995154,True,True,15996,10664,1333
20260771,42,global,16,fixed_q1_adaptive_eta,0.010015182929235544,0.01616289721736483,True,True,16000,3200,3200
20260771,42,mixed,4,adaptive_probe,0.036946344004901696,0.041934084297294255,True,True,16000,5184,2704
20260771,42,mixed,4,probe_oracle,0.0026917954667667458,0.03579157905007205,True,True,15996,6932,2266
20260771,42,mixed,4,all_agents_adaptive_eta,0.0007428906207979679,0.030696478211730403,True,True,15984,14208,444
20260771,42,mixed,4,fixed_q8_adaptive_eta,0.0044906586209102735,0.014741177565236551,True,True,15996,10664,1333
20260771,42,mixed,4,fixed_q1_adaptive_eta,0.02163537693923324,0.016693628887007966,True,True,16000,3200,3200
20260771,42,mixed,16,adaptive_probe,0.0028702940055146194,0.04499422649213622,True,True,15996,6932,2266
20260771,42,mixed,16,probe_oracle,0.0028702940055146194,0.04499422649213622,True,True,15996,6932,2266
20260771,42,mixed,16,all_agents_adaptive_eta,0.008375021923811466,0.05015321509407234,True,True,15984,14208,444
20260771,42,mixed,16,fixed_q8_adaptive_eta,0.002277853243297695,0.02282701014505408,True,True,15996,10664,1333
20260771,42,mixed,16,fixed_q1_adaptive_eta,0.020267510514449263,0.01532570226332084,True,True,16000,3200,3200
20260772,43,independent,4,adaptive_probe,4.9716407100877094e-05,0.054840010155827824,True,True,15984,14208,444
20260772,43,independent,4,probe_oracle,4.9716407100877094e-05,0.054840010155827824,True,True,15984,14208,444
20260772,43,independent,4,all_agents_adaptive_eta,4.9716407100877094e-05,0.054840010155827824,True,True,15984,14208,444
20260772,43,independent,4,fixed_q8_adaptive_eta,0.00010348251898046358,0.02124889565936675,True,True,15996,10664,1333
20260772,43,independent,4,fixed_q1_adaptive_eta,0.0004203756276294036,0.007897297340129568,True,True,16000,3200,3200
20260772,43,independent,16,adaptive_probe,4.388407337815923e-05,0.04819642911887339,True,True,15984,14208,444
20260772,43,independent,16,probe_oracle,4.388407337815923e-05,0.04819642911887339,True,True,15984,14208,444
20260772,43,independent,16,all_agents_adaptive_eta,4.388407337815923e-05,0.04819642911887339,True,True,15984,14208,444
20260772,43,independent,16,fixed_q8_adaptive_eta,6.403825622937498e-05,0.018574592834615815,True,True,15996,10664,1333
20260772,43,independent,16,fixed_q1_adaptive_eta,0.0004628482577215398,0.004901611931872742,True,True,16000,3200,3200
20260772,43,clustered,4,adaptive_probe,0.001169379568530211,0.05848223334954658,True,True,16000,9120,1720
20260772,43,clustered,4,probe_oracle,0.001169379568530211,0.05848223334954658,True,True,16000,9120,1720
20260772,43,clustered,4,all_agents_adaptive_eta,0.006117593841883387,0.06956376208826195,True,True,15984,14208,444
20260772,43,clustered,4,fixed_q8_adaptive_eta,0.0036794578084584457,0.0314241242554666,True,True,15996,10664,1333
20260772,43,clustered,4,fixed_q1_adaptive_eta,0.0010848980355641848,0.015037957185159012,True,True,16000,3200,3200
20260772,43,clustered,16,adaptive_probe,0.0012068739161867595,0.05693206050908313,True,True,16000,9120,1720
20260772,43,clustered,16,probe_oracle,0.0012068739161867595,0.05693206050908313,True,True,16000,9120,1720
20260772,43,clustered,16,all_agents_adaptive_eta,0.004032138615656615,0.06630602939680327,True,True,15984,14208,444
20260772,43,clustered,16,fixed_q8_adaptive_eta,0.0035698005279052474,0.03245819096823272,True,True,15996,10664,1333
20260772,43,clustered,16,fixed_q1_adaptive_eta,0.0011383694549544497,0.009283730569399627,True,True,16000,3200,3200
20260772,43,global,4,adaptive_probe,0.019288119900136978,0.09972032410151702,True,True,16000,5184,2704
20260772,43,global,4,probe_oracle,0.019288119900136978,0.09972032410151702,True,True,16000,5184,2704
20260772,43,global,4,all_agents_adaptive_eta,0.03019995782679215,0.13538455500702382,True,True,15984,14208,444
20260772,43,global,4,fixed_q8_adaptive_eta,0.001100470729849382,0.05520770568079217,True,True,15996,10664,1333
20260772,43,global,4,fixed_q1_adaptive_eta,0.007389107675709864,0.024847430260876414,True,True,16000,3200,3200
20260772,43,global,16,adaptive_probe,0.019092516988380662,0.12672004881546206,True,True,16000,5184,2704
20260772,43,global,16,probe_oracle,0.019092516988380662,0.12672004881546206,True,True,16000,5184,2704
20260772,43,global,16,all_agents_adaptive_eta,0.04631061227681228,0.21435746528836025,True,True,15984,14208,444
20260772,43,global,16,fixed_q8_adaptive_eta,0.0015658888348993253,0.09220296484828962,True,True,15996,10664,1333
20260772,43,global,16,fixed_q1_adaptive_eta,0.007382568624697329,0.03299539328027774,True,True,16000,3200,3200
20260772,43,mixed,4,adaptive_probe,0.0043765594237435935,0.07042014232255502,True,True,15996,11304,1173
20260772,43,mixed,4,probe_oracle,0.012807559382615713,0.06970218176053523,True,True,15996,6932,2266
20260772,43,mixed,4,all_agents_adaptive_eta,0.005386593667762716,0.0711721712576672,True,True,15984,14208,444
20260772,43,mixed,4,fixed_q8_adaptive_eta,0.002035071854404628,0.024482942378691815,True,True,15996,10664,1333
20260772,43,mixed,4,fixed_q1_adaptive_eta,0.004916166299796956,0.015488804631171688,True,True,16000,3200,3200
20260772,43,mixed,16,adaptive_probe,0.007945369267507581,0.07567098769333189,True,True,16000,5184,2704
20260772,43,mixed,16,probe_oracle,0.012358578859885888,0.07507215372938375,True,True,15996,6932,2266
20260772,43,mixed,16,all_agents_adaptive_eta,0.011425634914682445,0.09041303263826574,True,True,15984,14208,444
20260772,43,mixed,16,fixed_q8_adaptive_eta,0.0012371995238927732,0.03227571957819925,True,True,15996,10664,1333
20260772,43,mixed,16,fixed_q1_adaptive_eta,0.005026207253116462,0.016872636395222504,True,True,16000,3200,3200
20260773,44,independent,4,adaptive_probe,6.2839265008194e-05,0.05434454278162236,True,True,15984,14208,444
20260773,44,independent,4,probe_oracle,3.0186341025261394e-05,0.055447558214526765,True,True,15984,14208,444
20260773,44,independent,4,all_agents_adaptive_eta,6.2839265008194e-05,0.05434454278162236,True,True,15984,14208,444
20260773,44,independent,4,fixed_q8_adaptive_eta,0.0002385454412195662,0.017488826610708785,True,True,15996,10664,1333
20260773,44,independent,4,fixed_q1_adaptive_eta,0.0005598736748100992,0.002866076345193996,True,True,16000,3200,3200
20260773,44,independent,16,adaptive_probe,0.00010576157630428982,0.050516155939072285,True,True,16000,13056,736
20260773,44,independent,16,probe_oracle,3.453835463941222e-05,0.050330710083244835,True,True,15984,14208,444
20260773,44,independent,16,all_agents_adaptive_eta,3.453835463941222e-05,0.050330710083244835,True,True,15984,14208,444
20260773,44,independent,16,fixed_q8_adaptive_eta,0.00020229957345470486,0.018273648679686866,True,True,15996,10664,1333
20260773,44,independent,16,fixed_q1_adaptive_eta,0.0006925244422050026,0.003842513115861322,True,True,16000,3200,3200
20260773,44,clustered,4,adaptive_probe,0.001983569075118389,0.06237521819408681,True,True,16000,9120,1720
20260773,44,clustered,4,probe_oracle,0.001983569075118389,0.06237521819408681,True,True,16000,9120,1720
20260773,44,clustered,4,all_agents_adaptive_eta,0.00023942134237758898,0.07641942479140326,True,True,15984,14208,444
20260773,44,clustered,4,fixed_q8_adaptive_eta,9.922778515689583e-05,0.027636120550768015,True,True,15996,10664,1333
20260773,44,clustered,4,fixed_q1_adaptive_eta,0.0032032029927009558,0.017080321981904113,True,True,16000,3200,3200
20260773,44,clustered,16,adaptive_probe,0.0022587161548567177,0.07499317397304567,True,True,16000,9120,1720
20260773,44,clustered,16,probe_oracle,0.0022587161548567177,0.07499317397304567,True,True,16000,9120,1720
20260773,44,clustered,16,all_agents_adaptive_eta,0.0003466992465044718,0.08931455419712293,True,True,15984,14208,444
20260773,44,clustered,16,fixed_q8_adaptive_eta,0.00016892886507097006,0.040668557726008234,True,True,15996,10664,1333
20260773,44,clustered,16,fixed_q1_adaptive_eta,0.0032887455253472796,0.029719319006894524,True,True,16000,3200,3200
20260773,44,global,4,adaptive_probe,0.020306453927248138,0.03893983778133645,True,True,15996,11304,1173
20260773,44,global,4,probe_oracle,0.07715583442655621,0.05175095019551883,True,True,16000,5184,2704
20260773,44,global,4,all_agents_adaptive_eta,0.0076784412739144565,0.0428714679442125,True,True,15984,14208,444
20260773,44,global,4,fixed_q8_adaptive_eta,0.0126829235372227,0.018921908479690285,True,True,15996,10664,1333
20260773,44,global,4,fixed_q1_adaptive_eta,0.05431423505132078,0.03105569052427554,True,True,16000,3200,3200
20260773,44,global,16,adaptive_probe,0.021308950796191987,0.04727753011338825,True,True,15996,11304,1173
20260773,44,global,16,probe_oracle,0.07874081215333546,0.06048708048040813,True,True,16000,5184,2704
20260773,44,global,16,all_agents_adaptive_eta,0.005413962686937341,0.04804932381415423,True,True,15984,14208,444
20260773,44,global,16,fixed_q8_adaptive_eta,0.013802925035870068,0.023660267278260053,True,True,15996,10664,1333
20260773,44,global,16,fixed_q1_adaptive_eta,0.053452394405927806,0.03145932168858886,True,True,16000,3200,3200
20260773,44,mixed,4,adaptive_probe,0.011572025406716428,0.044557517552691016,True,True,15996,11304,1173
20260773,44,mixed,4,probe_oracle,0.006278714782787744,0.04276501695122566,True,True,15996,6932,2266
20260773,44,mixed,4,all_agents_adaptive_eta,0.007892801222515485,0.06805357597770546,True,True,15984,14208,444
20260773,44,mixed,4,fixed_q8_adaptive_eta,0.007624886850934205,0.020011602306742073,True,True,15996,10664,1333
20260773,44,mixed,4,fixed_q1_adaptive_eta,0.02123918062549108,0.026083487139657982,True,True,16000,3200,3200
20260773,44,mixed,16,adaptive_probe,0.03859696453430813,0.0649316134786742,True,True,16000,9120,1720
20260773,44,mixed,16,probe_oracle,0.005958069617569964,0.058962267155653815,True,True,15996,6932,2266
20260773,44,mixed,16,all_agents_adaptive_eta,0.01995251479604996,0.10191333175767837,True,True,15984,14208,444
20260773,44,mixed,16,fixed_q8_adaptive_eta,0.008182664163745013,0.03158456730624568,True,True,15996,10664,1333
20260773,44,mixed,16,fixed_q1_adaptive_eta,0.021044060301324295,0.03485652812367805,True,True,16000,3200,3200
20260774,45,independent,4,adaptive_probe,0.00035579395047605,0.05534095014577987,True,True,15996,11304,1173
20260774,45,independent,4,probe_oracle,8.423176666212178e-05,0.05613767986514993,True,True,15984,14208,444
20260774,45,independent,4,all_agents_adaptive_eta,8.423176666212178e-05,0.05613767986514993,True,True,15984,14208,444
20260774,45,independent,4,fixed_q8_adaptive_eta,0.00035027935115467397,0.019430596737737026,True,True,15996,10664,1333
20260774,45,independent,4,fixed_q1_adaptive_eta,0.0010431880412650855,0.007867179466610062,True,True,16000,3200,3200
20260774,45,independent,16,adaptive_probe,4.9974502428661256e-05,0.04897454615894856,True,True,16000,13056,736
20260774,45,independent,16,probe_oracle,3.594056970020559e-05,0.05014535267640152,True,True,15984,14208,444
20260774,45,independent,16,all_agents_adaptive_eta,3.594056970020559e-05,0.05014535267640152,True,True,15984,14208,444
20260774,45,independent,16,fixed_q8_adaptive_eta,0.00033357938773441627,0.01828683631091764,True,True,15996,10664,1333
20260774,45,independent,16,fixed_q1_adaptive_eta,0.0011794315676894802,0.006592548047069438,True,True,16000,3200,3200
20260774,45,clustered,4,adaptive_probe,0.0002743010113599318,0.06188157646882404,True,True,16000,9120,1720
20260774,45,clustered,4,probe_oracle,0.0002743010113599318,0.06188157646882404,True,True,16000,9120,1720
20260774,45,clustered,4,all_agents_adaptive_eta,0.00047699480260881665,0.07358011023048612,True,True,15984,14208,444
20260774,45,clustered,4,fixed_q8_adaptive_eta,0.00018918359901380657,0.031137031713579937,True,True,15996,10664,1333
20260774,45,clustered,4,fixed_q1_adaptive_eta,0.003429400975003156,0.011613011133662567,True,True,16000,3200,3200
20260774,45,clustered,16,adaptive_probe,0.00023504382705012532,0.061482712865187,True,True,16000,9120,1720
20260774,45,clustered,16,probe_oracle,0.00023504382705012532,0.061482712865187,True,True,16000,9120,1720
20260774,45,clustered,16,all_agents_adaptive_eta,0.0008981207793078285,0.06978065488532109,True,True,15984,14208,444
20260774,45,clustered,16,fixed_q8_adaptive_eta,0.0003820702433185665,0.026281267962360567,True,True,15996,10664,1333
20260774,45,clustered,16,fixed_q1_adaptive_eta,0.003740634969268946,0.0097020387786143,True,True,16000,3200,3200
20260774,45,global,4,adaptive_probe,0.01991112840142038,0.15371682453196878,True,True,15996,6932,2266
20260774,45,global,4,probe_oracle,0.012884774495633796,0.13595111407200258,True,True,16000,5184,2704
20260774,45,global,4,all_agents_adaptive_eta,0.11193395719688251,0.32157560592736284,True,True,15984,14208,444
20260774,45,global,4,fixed_q8_adaptive_eta,0.02369489901357439,0.1878027746057919,True,True,15996,10664,1333
20260774,45,global,4,fixed_q1_adaptive_eta,0.015992764134019333,0.0649174621631414,True,True,16000,3200,3200
20260774,45,global,16,adaptive_probe,0.020566891848028755,0.15065383379661432,True,True,15996,6932,2266
20260774,45,global,16,probe_oracle,0.01355506221830306,0.13662011150255404,True,True,16000,5184,2704
20260774,45,global,16,all_agents_adaptive_eta,0.1367180999169894,0.30246087863645565,True,True,15984,14208,444
20260774,45,global,16,fixed_q8_adaptive_eta,0.020046504966920904,0.16561859835453588,True,True,15996,10664,1333
20260774,45,global,16,fixed_q1_adaptive_eta,0.016382700943156706,0.05551433040035181,True,True,16000,3200,3200
20260774,45,mixed,4,adaptive_probe,0.00855035017646968,0.14441949101036772,True,True,16000,9120,1720
20260774,45,mixed,4,probe_oracle,0.012200551631150722,0.12730399476074786,True,True,15996,6932,2266
20260774,45,mixed,4,all_agents_adaptive_eta,0.053014603960818765,0.2526521511107974,True,True,15984,14208,444
20260774,45,mixed,4,fixed_q8_adaptive_eta,0.012481620899796484,0.13956250790480096,True,True,15996,10664,1333
20260774,45,mixed,4,fixed_q1_adaptive_eta,0.013144621920641354,0.048603505674774485,True,True,16000,3200,3200
20260774,45,mixed,16,adaptive_probe,0.007803111000021562,0.13871420195738138,True,True,16000,9120,1720
20260774,45,mixed,16,probe_oracle,0.012736880667787507,0.12612181721164029,True,True,15996,6932,2266
20260774,45,mixed,16,all_agents_adaptive_eta,0.0604435388678191,0.22990459122947698,True,True,15984,14208,444
20260774,45,mixed,16,fixed_q8_adaptive_eta,0.010263318428560722,0.1174095730575899,True,True,15996,10664,1333
20260774,45,mixed,16,fixed_q1_adaptive_eta,0.013741339824767903,0.03951165552817351,True,True,16000,3200,3200
20260775,46,independent,4,adaptive_probe,0.00019663340101054236,0.05004144048228119,True,True,15996,11304,1173
20260775,46,independent,4,probe_oracle,0.00010857045063409941,0.05116534597802806,True,True,15984,14208,444
20260775,46,independent,4,all_agents_adaptive_eta,0.00010857045063409941,0.05116534597802806,True,True,15984,14208,444
20260775,46,independent,4,fixed_q8_adaptive_eta,0.000229027145913802,0.019196551347403154,True,True,15996,10664,1333
20260775,46,independent,4,fixed_q1_adaptive_eta,0.0003497368898015631,0.007324724651733719,True,True,16000,3200,3200
20260775,46,independent,16,adaptive_probe,7.960982193830702e-05,0.045275682386490386,True,True,15984,14208,444
20260775,46,independent,16,probe_oracle,7.960982193830702e-05,0.045275682386490386,True,True,15984,14208,444
20260775,46,independent,16,all_agents_adaptive_eta,7.960982193830702e-05,0.045275682386490386,True,True,15984,14208,444
20260775,46,independent,16,fixed_q8_adaptive_eta,0.0002594512661191515,0.021983699214559952,True,True,15996,10664,1333
20260775,46,independent,16,fixed_q1_adaptive_eta,0.0004394471535694472,0.007138900155723046,True,True,16000,3200,3200
20260775,46,clustered,4,adaptive_probe,0.002597714983956871,0.072146355264233,True,True,16000,9120,1720
20260775,46,clustered,4,probe_oracle,0.002597714983956871,0.072146355264233,True,True,16000,9120,1720
20260775,46,clustered,4,all_agents_adaptive_eta,0.00034272601807194147,0.07334341227716928,True,True,15984,14208,444
20260775,46,clustered,4,fixed_q8_adaptive_eta,0.0009894938416888503,0.028799695391251753,True,True,15996,10664,1333
20260775,46,clustered,4,fixed_q1_adaptive_eta,0.0013147086491550105,0.020315155017601776,True,True,16000,3200,3200
20260775,46,clustered,16,adaptive_probe,0.002475845145636324,0.05598480843843536,True,True,16000,9120,1720
20260775,46,clustered,16,probe_oracle,0.002475845145636324,0.05598480843843536,True,True,16000,9120,1720
20260775,46,clustered,16,all_agents_adaptive_eta,0.0005149238617739386,0.05611133955521439,True,True,15984,14208,444
20260775,46,clustered,16,fixed_q8_adaptive_eta,0.0007518583078037981,0.023649859411299042,True,True,15996,10664,1333
20260775,46,clustered,16,fixed_q1_adaptive_eta,0.0015590721641921108,0.022413436392039437,True,True,16000,3200,3200
20260775,46,global,4,adaptive_probe,0.004344327857596322,0.054016304188963825,True,True,16000,5184,2704
20260775,46,global,4,probe_oracle,0.004344327857596322,0.054016304188963825,True,True,16000,5184,2704
20260775,46,global,4,all_agents_adaptive_eta,0.04814942532600423,0.05980221826123926,True,True,15984,14208,444
20260775,46,global,4,fixed_q8_adaptive_eta,0.006658042771490749,0.051143460181046346,True,True,15996,10664,1333
20260775,46,global,4,fixed_q1_adaptive_eta,0.00981959248656887,0.021669836151562035,True,True,16000,3200,3200
20260775,46,global,16,adaptive_probe,0.004515774112707336,0.050223122458337176,True,True,16000,5184,2704
20260775,46,global,16,probe_oracle,0.004515774112707336,0.050223122458337176,True,True,16000,5184,2704
20260775,46,global,16,all_agents_adaptive_eta,0.11054148738163172,0.09749132474170807,True,True,15984,14208,444
20260775,46,global,16,fixed_q8_adaptive_eta,0.007042857410188515,0.07772110334800486,True,True,15996,10664,1333
20260775,46,global,16,fixed_q1_adaptive_eta,0.01009804851666772,0.03008257249690891,True,True,16000,3200,3200
20260775,46,mixed,4,adaptive_probe,0.030803688182954904,0.055212704340773175,True,True,15984,14208,444
20260775,46,mixed,4,probe_oracle,0.004358482662406396,0.049452779085702676,True,True,15996,6932,2266
20260775,46,mixed,4,all_agents_adaptive_eta,0.030803688182954904,0.055212704340773175,True,True,15984,14208,444
20260775,46,mixed,4,fixed_q8_adaptive_eta,0.003135104961331603,0.03781858918234302,True,True,15996,10664,1333
20260775,46,mixed,4,fixed_q1_adaptive_eta,0.0028509640554499798,0.020009579679453028,True,True,16000,3200,3200
20260775,46,mixed,16,adaptive_probe,0.008802940011137253,0.047238914612524524,True,True,16000,9120,1720
20260775,46,mixed,16,probe_oracle,0.004903790941685357,0.039664578423406184,True,True,15996,6932,2266
20260775,46,mixed,16,all_agents_adaptive_eta,0.06430798861641268,0.0703121913758476,True,True,15984,14208,444
20260775,46,mixed,16,fixed_q8_adaptive_eta,0.0034703266324680113,0.05095737537236375,True,True,15996,10664,1333
20260775,46,mixed,16,fixed_q1_adaptive_eta,0.0028584483940546487,0.029150089700957543,True,True,16000,3200,3200
20260776,47,independent,4,adaptive_probe,0.00022431067257468635,0.05551932683768622,True,True,16000,13056,736
20260776,47,independent,4,probe_oracle,0.0005519988624163206,0.055254462452088565,True,True,15984,14208,444
20260776,47,independent,4,all_agents_adaptive_eta,0.0005519988624163206,0.055254462452088565,True,True,15984,14208,444
20260776,47,independent,4,fixed_q8_adaptive_eta,0.0008467984204259189,0.019173736989682208,True,True,15996,10664,1333
20260776,47,independent,4,fixed_q1_adaptive_eta,0.0017336690690342392,0.009099751282217388,True,True,16000,3200,3200
20260776,47,independent,16,adaptive_probe,0.0005224646587207885,0.04952654624087596,True,True,15984,14208,444
20260776,47,independent,16,probe_oracle,0.00039517199396904134,0.04875917921076369,True,True,15984,14208,444
20260776,47,independent,16,all_agents_adaptive_eta,0.0005224646587207885,0.04952654624087596,True,True,15984,14208,444
20260776,47,independent,16,fixed_q8_adaptive_eta,0.0007711641991228264,0.01730230012044456,True,True,15996,10664,1333
20260776,47,independent,16,fixed_q1_adaptive_eta,0.00173411313213187,0.009013201564364857,True,True,16000,3200,3200
20260776,47,clustered,4,adaptive_probe,0.0008644946176706242,0.058008056960213814,True,True,16000,9120,1720
20260776,47,clustered,4,probe_oracle,0.0008644946176706242,0.058008056960213814,True,True,16000,9120,1720
20260776,47,clustered,4,all_agents_adaptive_eta,0.005446988599734857,0.06204984112997833,True,True,15984,14208,444
20260776,47,clustered,4,fixed_q8_adaptive_eta,0.0002528173145274971,0.023809174761512685,True,True,15996,10664,1333
20260776,47,clustered,4,fixed_q1_adaptive_eta,0.0005740541303127661,0.01282258260207076,True,True,16000,3200,3200
20260776,47,clustered,16,adaptive_probe,0.000734633430309198,0.05600937219929421,True,True,16000,9120,1720
20260776,47,clustered,16,probe_oracle,0.000734633430309198,0.05600937219929421,True,True,16000,9120,1720
20260776,47,clustered,16,all_agents_adaptive_eta,0.005642992552182517,0.0586754512557273,True,True,15984,14208,444
20260776,47,clustered,16,fixed_q8_adaptive_eta,0.0001865302105964509,0.02171364127961508,True,True,15996,10664,1333
20260776,47,clustered,16,fixed_q1_adaptive_eta,0.0005759313350643476,0.011729662311773375,True,True,16000,3200,3200
20260776,47,global,4,adaptive_probe,0.013044710035018304,0.07516483598531672,True,True,16000,5184,2704
20260776,47,global,4,probe_oracle,0.013044710035018304,0.07516483598531672,True,True,16000,5184,2704
20260776,47,global,4,all_agents_adaptive_eta,0.051177996736274246,0.0792829573940647,True,True,15984,14208,444
20260776,47,global,4,fixed_q8_adaptive_eta,0.04495490029104278,0.0581835528350032,True,True,15996,10664,1333
20260776,47,global,4,fixed_q1_adaptive_eta,0.01892075688059173,0.028424692692369406,True,True,16000,3200,3200
20260776,47,global,16,adaptive_probe,0.01296990750723551,0.07486054504959204,True,True,16000,5184,2704
20260776,47,global,16,probe_oracle,0.01296990750723551,0.07486054504959204,True,True,16000,5184,2704
20260776,47,global,16,all_agents_adaptive_eta,0.07202704189128317,0.09787132460202583,True,True,15984,14208,444
20260776,47,global,16,fixed_q8_adaptive_eta,0.04702415665665181,0.06485278401631331,True,True,15996,10664,1333
20260776,47,global,16,fixed_q1_adaptive_eta,0.018640165091651176,0.02938579975865404,True,True,16000,3200,3200
20260776,47,mixed,4,adaptive_probe,0.005840156857639235,0.06323138438232412,True,True,16000,5184,2704
20260776,47,mixed,4,probe_oracle,0.017251899639314137,0.06652489302774772,True,True,15996,6932,2266
20260776,47,mixed,4,all_agents_adaptive_eta,0.016893009153706593,0.061978544099345195,True,True,15984,14208,444
20260776,47,mixed,4,fixed_q8_adaptive_eta,0.022819906232803104,0.031057529850381824,True,True,15996,10664,1333
20260776,47,mixed,4,fixed_q1_adaptive_eta,0.007457559439091962,0.01755133911788038,True,True,16000,3200,3200
20260776,47,mixed,16,adaptive_probe,0.016292529700722768,0.06779169991119281,True,True,15996,6932,2266
20260776,47,mixed,16,probe_oracle,0.016292529700722768,0.06779169991119281,True,True,15996,6932,2266
20260776,47,mixed,16,all_agents_adaptive_eta,0.02038756390189395,0.06433179872613592,True,True,15984,14208,444
20260776,47,mixed,16,fixed_q8_adaptive_eta,0.02431184490034189,0.034462964038955844,True,True,15996,10664,1333
20260776,47,mixed,16,fixed_q1_adaptive_eta,0.007179964041506642,0.01696583468757853,True,True,16000,3200,3200
20260777,48,independent,4,adaptive_probe,0.00010683659542433873,0.04930837741671492,True,True,15996,11304,1173
20260777,48,independent,4,probe_oracle,0.000105230394635174,0.04942355009753717,True,True,15984,14208,444
20260777,48,independent,4,all_agents_adaptive_eta,0.000105230394635174,0.04942355009753717,True,True,15984,14208,444
20260777,48,independent,4,fixed_q8_adaptive_eta,0.00011408585155594378,0.013366201819043706,True,True,15996,10664,1333
20260777,48,independent,4,fixed_q1_adaptive_eta,0.007797800648623012,0.006001672806687235,True,True,16000,3200,3200
20260777,48,independent,16,adaptive_probe,7.149976802033426e-05,0.04444002861282403,True,True,15996,11304,1173
20260777,48,independent,16,probe_oracle,0.00018421341557457854,0.04468369956597467,True,True,15984,14208,444
20260777,48,independent,16,all_agents_adaptive_eta,0.00018421341557457854,0.04468369956597467,True,True,15984,14208,444
20260777,48,independent,16,fixed_q8_adaptive_eta,5.809837798557129e-05,0.012152156525631,True,True,15996,10664,1333
20260777,48,independent,16,fixed_q1_adaptive_eta,0.007756276726574177,0.006602097170529825,True,True,16000,3200,3200
20260777,48,clustered,4,adaptive_probe,0.0012839705775700627,0.046522706511816905,True,True,16000,9120,1720
20260777,48,clustered,4,probe_oracle,0.0012839705775700627,0.046522706511816905,True,True,16000,9120,1720
20260777,48,clustered,4,all_agents_adaptive_eta,0.000715577675472833,0.048199683311840394,True,True,15984,14208,444
20260777,48,clustered,4,fixed_q8_adaptive_eta,8.424955222776941e-05,0.013084649700746274,True,True,15996,10664,1333
20260777,48,clustered,4,fixed_q1_adaptive_eta,0.002329199864524872,0.01087809525035427,True,True,16000,3200,3200
20260777,48,clustered,16,adaptive_probe,0.00131107379633404,0.046058885851465704,True,True,16000,9120,1720
20260777,48,clustered,16,probe_oracle,0.0005883125317056185,0.04631270371202704,True,True,15984,14208,444
20260777,48,clustered,16,all_agents_adaptive_eta,0.0005883125317056185,0.04631270371202704,True,True,15984,14208,444
20260777,48,clustered,16,fixed_q8_adaptive_eta,0.00015584182490411392,0.012534301657440256,True,True,15996,10664,1333
20260777,48,clustered,16,fixed_q1_adaptive_eta,0.0020685968497796054,0.012499352420497023,True,True,16000,3200,3200
20260777,48,global,4,adaptive_probe,0.008022383136955549,0.1873662376489342,True,True,16000,9120,1720
20260777,48,global,4,probe_oracle,0.014937555270897343,0.16169023246329495,True,True,16000,5184,2704
20260777,48,global,4,all_agents_adaptive_eta,0.06470789378274684,0.27552692185130573,True,True,15984,14208,444
20260777,48,global,4,fixed_q8_adaptive_eta,0.02489235870750385,0.11904131074751645,True,True,15996,10664,1333
20260777,48,global,4,fixed_q1_adaptive_eta,0.006310139822429217,0.03779002452983258,True,True,16000,3200,3200
20260777,48,global,16,adaptive_probe,0.014528836045304699,0.1745390959382988,True,True,16000,5184,2704
20260777,48,global,16,probe_oracle,0.014528836045304699,0.1745390959382988,True,True,16000,5184,2704
20260777,48,global,16,all_agents_adaptive_eta,0.049285088787838084,0.2772753621599711,True,True,15984,14208,444
20260777,48,global,16,fixed_q8_adaptive_eta,0.021027525924645622,0.12864956540566552,True,True,15996,10664,1333
20260777,48,global,16,fixed_q1_adaptive_eta,0.0067706497595914905,0.044566750725893105,True,True,16000,3200,3200
20260777,48,mixed,4,adaptive_probe,0.0075338073284282785,0.12713185747973932,True,True,16000,9120,1720
20260777,48,mixed,4,probe_oracle,0.003284924210333036,0.11563866709632425,True,True,15996,6932,2266
20260777,48,mixed,4,all_agents_adaptive_eta,0.020284827018157637,0.17544705759473941,True,True,15984,14208,444
20260777,48,mixed,4,fixed_q8_adaptive_eta,0.015077856269331799,0.07150344061025932,True,True,15996,10664,1333
20260777,48,mixed,4,fixed_q1_adaptive_eta,0.008110994534642028,0.03576769204772937,True,True,16000,3200,3200
20260777,48,mixed,16,adaptive_probe,0.0078257202449224,0.12982901269269317,True,True,16000,9120,1720
20260777,48,mixed,16,probe_oracle,0.0035274989631278774,0.11853037099468407,True,True,15996,6932,2266
20260777,48,mixed,16,all_agents_adaptive_eta,0.017917671947091474,0.17027747413654293,True,True,15984,14208,444
20260777,48,mixed,16,fixed_q8_adaptive_eta,0.009288519729091,0.07438992010856174,True,True,15996,10664,1333
20260777,48,mixed,16,fixed_q1_adaptive_eta,0.008291657549361103,0.040549391998180084,True,True,16000,3200,3200
20260778,49,independent,4,adaptive_probe,0.00023176774009355132,0.05406454613826987,True,True,15984,14208,444
20260778,49,independent,4,probe_oracle,0.00018164997526266753,0.0552279173331473,True,True,15984,14208,444
20260778,49,independent,4,all_agents_adaptive_eta,0.00023176774009355132,0.05406454613826987,True,True,15984,14208,444
20260778,49,independent,4,fixed_q8_adaptive_eta,0.0002946700556394031,0.022069620934457496,True,True,15996,10664,1333
20260778,49,independent,4,fixed_q1_adaptive_eta,0.0011958435441206086,0.006002813749960685,True,True,16000,3200,3200
20260778,49,independent,16,adaptive_probe,8.503852960539497e-05,0.050606627459857646,True,True,15996,6932,2266
20260778,49,independent,16,probe_oracle,0.00010594361444321873,0.051392789833063016,True,True,15984,14208,444
20260778,49,independent,16,all_agents_adaptive_eta,0.00010594361444321873,0.051392789833063016,True,True,15984,14208,444
20260778,49,independent,16,fixed_q8_adaptive_eta,0.0002980795496654818,0.02244216360978445,True,True,15996,10664,1333
20260778,49,independent,16,fixed_q1_adaptive_eta,0.0012417749874286158,0.00696079091331412,True,True,16000,3200,3200
20260778,49,clustered,4,adaptive_probe,0.0006646179999378898,0.03929058060101579,True,True,16000,5184,2704
20260778,49,clustered,4,probe_oracle,0.00040128822603341765,0.03792763223739442,True,True,16000,9120,1720
20260778,49,clustered,4,all_agents_adaptive_eta,0.0019731711162908616,0.040990381361980056,True,True,15984,14208,444
20260778,49,clustered,4,fixed_q8_adaptive_eta,9.398347390660073e-05,0.014421175417818179,True,True,15996,10664,1333
20260778,49,clustered,4,fixed_q1_adaptive_eta,0.0007732019078035851,0.00610659800520122,True,True,16000,3200,3200
20260778,49,clustered,16,adaptive_probe,0.0017581638271478503,0.04591653444667292,True,True,15996,6932,2266
20260778,49,clustered,16,probe_oracle,0.0005104378480765963,0.04472257270644065,True,True,16000,9120,1720
20260778,49,clustered,16,all_agents_adaptive_eta,0.0025604734184748335,0.04715355900594862,True,True,15984,14208,444
20260778,49,clustered,16,fixed_q8_adaptive_eta,0.00010943863918962105,0.018681799389331108,True,True,15996,10664,1333
20260778,49,clustered,16,fixed_q1_adaptive_eta,0.000823730338188127,0.005678294764917268,True,True,16000,3200,3200
20260778,49,global,4,adaptive_probe,0.007422223616319948,0.06024651108652385,True,True,15984,14208,444
20260778,49,global,4,probe_oracle,0.03198022884427125,0.06684932600680163,True,True,16000,5184,2704
20260778,49,global,4,all_agents_adaptive_eta,0.007422223616319948,0.06024651108652385,True,True,15984,14208,444
20260778,49,global,4,fixed_q8_adaptive_eta,0.010578083580526372,0.025954877135037063,True,True,15996,10664,1333
20260778,49,global,4,fixed_q1_adaptive_eta,0.02291126301638933,0.020524094587640686,True,True,16000,3200,3200
20260778,49,global,16,adaptive_probe,0.03249828545559143,0.0667110782217142,True,True,16000,5184,2704
20260778,49,global,16,probe_oracle,0.03249828545559143,0.0667110782217142,True,True,16000,5184,2704
20260778,49,global,16,all_agents_adaptive_eta,0.002551495499461978,0.06599948328596943,True,True,15984,14208,444
20260778,49,global,16,fixed_q8_adaptive_eta,0.008269428112715072,0.027732484725297782,True,True,15996,10664,1333
20260778,49,global,16,fixed_q1_adaptive_eta,0.022684003703089914,0.021144294322819744,True,True,16000,3200,3200
20260778,49,mixed,4,adaptive_probe,0.013844897432327788,0.04719805767227249,True,True,16000,5184,2704
20260778,49,mixed,4,probe_oracle,0.011010783392029783,0.044796146631399525,True,True,15996,6932,2266
20260778,49,mixed,4,all_agents_adaptive_eta,0.0013543366974162684,0.042991530130072224,True,True,15984,14208,444
20260778,49,mixed,4,fixed_q8_adaptive_eta,0.004244738480355774,0.016491020653864305,True,True,15996,10664,1333
20260778,49,mixed,4,fixed_q1_adaptive_eta,0.0069119644486127715,0.012437820792280254,True,True,16000,3200,3200
20260778,49,mixed,16,adaptive_probe,0.0107858770929762,0.05128648212084444,True,True,15996,6932,2266
20260778,49,mixed,16,probe_oracle,0.0107858770929762,0.05128648212084444,True,True,15996,6932,2266
20260778,49,mixed,16,all_agents_adaptive_eta,0.0011960003237477044,0.05003201344707949,True,True,15984,14208,444
20260778,49,mixed,16,fixed_q8_adaptive_eta,0.003574036209277498,0.019496990311448515,True,True,15996,10664,1333
20260778,49,mixed,16,fixed_q1_adaptive_eta,0.007143321407141179,0.014306091674152244,True,True,16000,3200,3200
20260779,50,independent,4,adaptive_probe,0.00019504511391299929,0.05338428529120391,True,True,16000,13056,736
20260779,50,independent,4,probe_oracle,0.00022768214526827706,0.05415848317137199,True,True,15984,14208,444
20260779,50,independent,4,all_agents_adaptive_eta,0.00043781375795422803,0.05339260288002532,True,True,15984,14208,444
20260779,50,independent,4,fixed_q8_adaptive_eta,9.26291352085447e-05,0.015833925678268343,True,True,15996,10664,1333
20260779,50,independent,4,fixed_q1_adaptive_eta,0.001834440381568814,0.010347196512507087,True,True,16000,3200,3200
20260779,50,independent,16,adaptive_probe,0.0005496554024186263,0.0473502050250357,True,True,15984,14208,444
20260779,50,independent,16,probe_oracle,0.00036616325145972503,0.0476905459115732,True,True,15984,14208,444
20260779,50,independent,16,all_agents_adaptive_eta,0.0005496554024186263,0.0473502050250357,True,True,15984,14208,444
20260779,50,independent,16,fixed_q8_adaptive_eta,0.00010999055974700846,0.014820651802197538,True,True,15996,10664,1333
20260779,50,independent,16,fixed_q1_adaptive_eta,0.0018943153588532814,0.0076086547488639425,True,True,16000,3200,3200
20260779,50,clustered,4,adaptive_probe,0.0015091096571752407,0.06486921830937209,True,True,15996,6932,2266
20260779,50,clustered,4,probe_oracle,0.00029161281849777565,0.06293561698751084,True,True,16000,9120,1720
20260779,50,clustered,4,all_agents_adaptive_eta,0.004848647187107301,0.07134016818851738,True,True,15984,14208,444
20260779,50,clustered,4,fixed_q8_adaptive_eta,0.00035525571762987497,0.02375922697528587,True,True,15996,10664,1333
20260779,50,clustered,4,fixed_q1_adaptive_eta,0.005295748077886475,0.014778119485658856,True,True,16000,3200,3200
20260779,50,clustered,16,adaptive_probe,0.0014932303738200447,0.06312988424313562,True,True,15996,6932,2266
20260779,50,clustered,16,probe_oracle,0.00028644524212954485,0.06130042442411276,True,True,16000,9120,1720
20260779,50,clustered,16,all_agents_adaptive_eta,0.005716328385754955,0.0683821518931897,True,True,15984,14208,444
20260779,50,clustered,16,fixed_q8_adaptive_eta,0.0003282079603220158,0.02564930059090418,True,True,15996,10664,1333
20260779,50,clustered,16,fixed_q1_adaptive_eta,0.005369858061703904,0.015103838384940447,True,True,16000,3200,3200
20260779,50,global,4,adaptive_probe,0.007860283324549147,0.04044795252262543,True,True,15996,6932,2266
20260779,50,global,4,probe_oracle,0.007839699029259435,0.03876885764000424,True,True,16000,5184,2704
20260779,50,global,4,all_agents_adaptive_eta,0.008378539020614471,0.04623343419402211,True,True,15984,14208,444
20260779,50,global,4,fixed_q8_adaptive_eta,0.027624701419351184,0.01888108619207037,True,True,15996,10664,1333
20260779,50,global,4,fixed_q1_adaptive_eta,0.02399025261235987,0.01598784638342816,True,True,16000,3200,3200
20260779,50,global,16,adaptive_probe,0.02807258616906503,0.05405300400042206,True,True,16000,9120,1720
20260779,50,global,16,probe_oracle,0.007156396974348266,0.048834165738144454,True,True,16000,5184,2704
20260779,50,global,16,all_agents_adaptive_eta,0.0069171090336703255,0.05006340074831192,True,True,15984,14208,444
20260779,50,global,16,fixed_q8_adaptive_eta,0.02613162477644714,0.024124656739719787,True,True,15996,10664,1333
20260779,50,global,16,fixed_q1_adaptive_eta,0.024138201801250238,0.01576184064212679,True,True,16000,3200,3200
20260779,50,mixed,4,adaptive_probe,0.01346254099662505,0.04897046468549549,True,True,16000,9120,1720
20260779,50,mixed,4,probe_oracle,0.007922327892418337,0.048613121606274,True,True,15996,6932,2266
20260779,50,mixed,4,all_agents_adaptive_eta,0.004727083936731508,0.05308655798572687,True,True,15984,14208,444
20260779,50,mixed,4,fixed_q8_adaptive_eta,0.011986785097272822,0.01870178297408755,True,True,15996,10664,1333
20260779,50,mixed,4,fixed_q1_adaptive_eta,0.00867637436918654,0.012904209963646527,True,True,16000,3200,3200
20260779,50,mixed,16,adaptive_probe,0.013522440562394452,0.05706954749079582,True,True,16000,9120,1720
20260779,50,mixed,16,probe_oracle,0.007574461289850881,0.05648254296648469,True,True,15996,6932,2266
20260779,50,mixed,16,all_agents_adaptive_eta,0.006193590350889495,0.0621168016412665,True,True,15984,14208,444
20260779,50,mixed,16,fixed_q8_adaptive_eta,0.011461015771420032,0.02199939847398217,True,True,15996,10664,1333
20260779,50,mixed,16,fixed_q1_adaptive_eta,0.008786395233321679,0.012692012260795655,True,True,16000,3200,3200
20260780,51,independent,4,adaptive_probe,9.706974945488142e-05,0.05134055821520656,True,True,16000,9120,1720
20260780,51,independent,4,probe_oracle,0.0006001744701541978,0.05184418178864748,True,True,15984,14208,444
20260780,51,independent,4,all_agents_adaptive_eta,0.0006001744701541978,0.05184418178864748,True,True,15984,14208,444
20260780,51,independent,4,fixed_q8_adaptive_eta,8.054560352951053e-05,0.01968456012506977,True,True,15996,10664,1333
20260780,51,independent,4,fixed_q1_adaptive_eta,0.002341708733317468,0.01179068026664245,True,True,16000,3200,3200
20260780,51,independent,16,adaptive_probe,8.831227458240649e-05,0.045921376838175376,True,True,16000,9120,1720
20260780,51,independent,16,probe_oracle,0.0004090561426260942,0.046064644197137454,True,True,15984,14208,444
20260780,51,independent,16,all_agents_adaptive_eta,0.000607662518138622,0.046751346426069616,True,True,15984,14208,444
20260780,51,independent,16,fixed_q8_adaptive_eta,1.3390649221088643e-05,0.017409550832201828,True,True,15996,10664,1333
20260780,51,independent,16,fixed_q1_adaptive_eta,0.002724996646508599,0.018020008069307595,True,True,16000,3200,3200
20260780,51,clustered,4,adaptive_probe,9.564348563313439e-05,0.06574497388145577,True,True,16000,9120,1720
20260780,51,clustered,4,probe_oracle,9.564348563313439e-05,0.06574497388145577,True,True,16000,9120,1720
20260780,51,clustered,4,all_agents_adaptive_eta,0.011249486134222638,0.07888663518578397,True,True,15984,14208,444
20260780,51,clustered,4,fixed_q8_adaptive_eta,0.0001867364325308816,0.02858793430949242,True,True,15996,10664,1333
20260780,51,clustered,4,fixed_q1_adaptive_eta,0.0020006566106252613,0.0200845384236006,True,True,16000,3200,3200
20260780,51,clustered,16,adaptive_probe,0.0033707232592423775,0.06197730251206465,True,True,16000,5184,2704
20260780,51,clustered,16,probe_oracle,0.00012202245863074473,0.06024939210069197,True,True,16000,9120,1720
20260780,51,clustered,16,all_agents_adaptive_eta,0.010432151232816869,0.07250210908229826,True,True,15984,14208,444
20260780,51,clustered,16,fixed_q8_adaptive_eta,0.00012749748732608532,0.0261026644165104,True,True,15996,10664,1333
20260780,51,clustered,16,fixed_q1_adaptive_eta,0.002139999134658367,0.02117813463636182,True,True,16000,3200,3200
20260780,51,global,4,adaptive_probe,0.01712125786784819,0.16180499768748283,True,True,16000,5184,2704
20260780,51,global,4,probe_oracle,0.01712125786784819,0.16180499768748283,True,True,16000,5184,2704
20260780,51,global,4,all_agents_adaptive_eta,0.003154349900650421,0.18406998489791915,True,True,15984,14208,444
20260780,51,global,4,fixed_q8_adaptive_eta,0.04971104617252917,0.079385140628681,True,True,15996,10664,1333
20260780,51,global,4,fixed_q1_adaptive_eta,0.06346487855959969,0.04983104315161913,True,True,16000,3200,3200
20260780,51,global,16,adaptive_probe,0.01814569329650499,0.11199813111287077,True,True,16000,5184,2704
20260780,51,global,16,probe_oracle,0.01814569329650499,0.11199813111287077,True,True,16000,5184,2704
20260780,51,global,16,all_agents_adaptive_eta,0.0001753690170653192,0.10385724767878499,True,True,15984,14208,444
20260780,51,global,16,fixed_q8_adaptive_eta,0.04421234609485822,0.043375206153613996,True,True,15996,10664,1333
20260780,51,global,16,fixed_q1_adaptive_eta,0.06407473780088398,0.03926462922093302,True,True,16000,3200,3200
20260780,51,mixed,4,adaptive_probe,0.0036611036663187256,0.13912427165312885,True,True,15996,6932,2266
20260780,51,mixed,4,probe_oracle,0.0036611036663187256,0.13912427165312885,True,True,15996,6932,2266
20260780,51,mixed,4,all_agents_adaptive_eta,0.0024769989427244664,0.16801511375270092,True,True,15984,14208,444
20260780,51,mixed,4,fixed_q8_adaptive_eta,0.02688500813186876,0.0674318872017699,True,True,15996,10664,1333
20260780,51,mixed,4,fixed_q1_adaptive_eta,0.03497743590265836,0.043590044322521365,True,True,16000,3200,3200
20260780,51,mixed,16,adaptive_probe,0.0032531329616741858,0.10095232854073341,True,True,15996,6932,2266
20260780,51,mixed,16,probe_oracle,0.0032531329616741858,0.10095232854073341,True,True,15996,6932,2266
20260780,51,mixed,16,all_agents_adaptive_eta,0.0045377280416676186,0.10550713327254232,True,True,15984,14208,444
20260780,51,mixed,16,fixed_q8_adaptive_eta,0.023882595476036474,0.04001884291667171,True,True,15996,10664,1333
20260780,51,mixed,16,fixed_q1_adaptive_eta,0.035053772767904216,0.032759260676304386,True,True,16000,3200,3200
20260781,52,independent,4,adaptive_probe,4.6172459316548545e-05,0.05057400391721936,True,True,16000,13056,736
20260781,52,independent,4,probe_oracle,0.0002104188686236617,0.05015385124029557,True,True,15984,14208,444
20260781,52,independent,4,all_agents_adaptive_eta,0.0002104188686236617,0.05015385124029557,True,True,15984,14208,444
20260781,52,independent,4,fixed_q8_adaptive_eta,0.0001920855979743599,0.014604158411046207,True,True,15996,10664,1333
20260781,52,independent,4,fixed_q1_adaptive_eta,0.0010660885853231833,0.006830864992890013,True,True,16000,3200,3200
20260781,52,independent,16,adaptive_probe,3.9035862870236845e-05,0.045780371592204896,True,True,16000,13056,736
20260781,52,independent,16,probe_oracle,9.31549740732757e-05,0.04559199893099315,True,True,15984,14208,444
20260781,52,independent,16,all_agents_adaptive_eta,9.31549740732757e-05,0.04559199893099315,True,True,15984,14208,444
20260781,52,independent,16,fixed_q8_adaptive_eta,0.0002053079432853835,0.01750901846956226,True,True,15996,10664,1333
20260781,52,independent,16,fixed_q1_adaptive_eta,0.0011329636376804886,0.004494645969751613,True,True,16000,3200,3200
20260781,52,clustered,4,adaptive_probe,0.001450120490349829,0.04902531033103688,True,True,16000,9120,1720
20260781,52,clustered,4,probe_oracle,0.00022095890397316043,0.04938486376828294,True,True,15996,11304,1173
20260781,52,clustered,4,all_agents_adaptive_eta,0.003411611830014988,0.048463723365703204,True,True,15984,14208,444
20260781,52,clustered,4,fixed_q8_adaptive_eta,9.039348636509878e-05,0.013786585378984733,True,True,15996,10664,1333
20260781,52,clustered,4,fixed_q1_adaptive_eta,0.0031131467883265262,0.008974175299402034,True,True,16000,3200,3200
20260781,52,clustered,16,adaptive_probe,0.002105308783526169,0.04247497749765011,True,True,15984,14208,444
20260781,52,clustered,16,probe_oracle,0.002105308783526169,0.04247497749765011,True,True,15984,14208,444
20260781,52,clustered,16,all_agents_adaptive_eta,0.002105308783526169,0.04247497749765011,True,True,15984,14208,444
20260781,52,clustered,16,fixed_q8_adaptive_eta,0.00010007289205601701,0.012801393733725469,True,True,15996,10664,1333
20260781,52,clustered,16,fixed_q1_adaptive_eta,0.002876943599323104,0.0059167765928797985,True,True,16000,3200,3200
20260781,52,global,4,adaptive_probe,0.009304238773997598,0.04735382627990844,True,True,15996,6932,2266
20260781,52,global,4,probe_oracle,0.01050517845388593,0.04751669769238596,True,True,16000,5184,2704
20260781,52,global,4,all_agents_adaptive_eta,0.02429444917597597,0.052293407384609594,True,True,15984,14208,444
20260781,52,global,4,fixed_q8_adaptive_eta,0.0026014653166940615,0.014775737271135738,True,True,15996,10664,1333
20260781,52,global,4,fixed_q1_adaptive_eta,0.01253519609924859,0.008964485532779265,True,True,16000,3200,3200
20260781,52,global,16,adaptive_probe,0.008958424505516708,0.0483879594339194,True,True,15996,6932,2266
20260781,52,global,16,probe_oracle,0.0106957284680851,0.0476072964046384,True,True,16000,5184,2704
20260781,52,global,16,all_agents_adaptive_eta,0.055473100302562126,0.0580493461248154,True,True,15984,14208,444
20260781,52,global,16,fixed_q8_adaptive_eta,0.002575197700255346,0.014302393796793964,True,True,15996,10664,1333
20260781,52,global,16,fixed_q1_adaptive_eta,0.01141601883991256,0.00854195734483029,True,True,16000,3200,3200
20260781,52,mixed,4,adaptive_probe,0.006896247718239173,0.05256272934574449,True,True,16000,9120,1720
20260781,52,mixed,4,probe_oracle,0.011781552450279077,0.055291623341404375,True,True,15996,6932,2266
20260781,52,mixed,4,all_agents_adaptive_eta,0.004130984838678961,0.05571281867303042,True,True,15984,14208,444
20260781,52,mixed,4,fixed_q8_adaptive_eta,0.001975605927833255,0.01903132103380285,True,True,15996,10664,1333
20260781,52,mixed,4,fixed_q1_adaptive_eta,0.004097054349753011,0.010239540246452763,True,True,16000,3200,3200
20260781,52,mixed,16,adaptive_probe,0.00805773542362198,0.05112468608563585,True,True,16000,9120,1720
20260781,52,mixed,16,probe_oracle,0.01127852492697355,0.053987385251930024,True,True,15996,6932,2266
20260781,52,mixed,16,all_agents_adaptive_eta,0.00460540862342205,0.052943104741865366,True,True,15984,14208,444
20260781,52,mixed,16,fixed_q8_adaptive_eta,0.0016782415950593794,0.014721635760334657,True,True,15996,10664,1333
20260781,52,mixed,16,fixed_q1_adaptive_eta,0.004009116504425524,0.007980482764739621,True,True,16000,3200,3200
20260782,53,independent,4,adaptive_probe,3.025296561199934e-05,0.055534224681491155,True,True,16000,13056,736
20260782,53,independent,4,probe_oracle,0.00022831064590062098,0.055493640193653604,True,True,15984,14208,444
20260782,53,independent,4,all_agents_adaptive_eta,0.000151641867201532,0.054474126435287144,True,True,15984,14208,444
20260782,53,independent,4,fixed_q8_adaptive_eta,0.0002626273961881894,0.018697798081632324,True,True,15996,10664,1333
20260782,53,independent,4,fixed_q1_adaptive_eta,0.0008189564167934687,0.005962557417530493,True,True,16000,3200,3200
20260782,53,independent,16,adaptive_probe,2.378338321751846e-05,0.05001239558986915,True,True,16000,13056,736
20260782,53,independent,16,probe_oracle,0.0001700404457373904,0.04983481890468361,True,True,15984,14208,444
20260782,53,independent,16,all_agents_adaptive_eta,0.0001700404457373904,0.04983481890468361,True,True,15984,14208,444
20260782,53,independent,16,fixed_q8_adaptive_eta,0.00016904604027526132,0.01812309236958259,True,True,15996,10664,1333
20260782,53,independent,16,fixed_q1_adaptive_eta,0.0008273850108853613,0.005362085122727035,True,True,16000,3200,3200
20260782,53,clustered,4,adaptive_probe,0.00039085939746978096,0.05685297140394846,True,True,16000,13056,736
20260782,53,clustered,4,probe_oracle,0.0017007053742791826,0.05713239630642013,True,True,15996,11304,1173
20260782,53,clustered,4,all_agents_adaptive_eta,0.000246439193769716,0.0570033265539575,True,True,15984,14208,444
20260782,53,clustered,4,fixed_q8_adaptive_eta,0.00021642652416478696,0.01673347653232901,True,True,15996,10664,1333
20260782,53,clustered,4,fixed_q1_adaptive_eta,0.0016515879880074716,0.00685123219180772,True,True,16000,3200,3200
20260782,53,clustered,16,adaptive_probe,0.0018582849451455985,0.04492677311986839,True,True,15984,14208,444
20260782,53,clustered,16,probe_oracle,0.0018582849451455985,0.04492677311986839,True,True,15984,14208,444
20260782,53,clustered,16,all_agents_adaptive_eta,0.0018582849451455985,0.04492677311986839,True,True,15984,14208,444
20260782,53,clustered,16,fixed_q8_adaptive_eta,0.000247522268305284,0.013674236085305356,True,True,15996,10664,1333
20260782,53,clustered,16,fixed_q1_adaptive_eta,0.0018106425636911893,0.004715718815799536,True,True,16000,3200,3200
20260782,53,global,4,adaptive_probe,0.005673822677570372,0.14730366463793132,True,True,15996,6932,2266
20260782,53,global,4,probe_oracle,0.012763362041498656,0.1467506453497763,True,True,16000,5184,2704
20260782,53,global,4,all_agents_adaptive_eta,0.007635278284473057,0.16096275913016586,True,True,15984,14208,444
20260782,53,global,4,fixed_q8_adaptive_eta,0.016455256528871122,0.07420726216061702,True,True,15996,10664,1333
20260782,53,global,4,fixed_q1_adaptive_eta,0.011505705820221954,0.025288809268151993,True,True,16000,3200,3200
20260782,53,global,16,adaptive_probe,0.00528254992025368,0.11035344607692914,True,True,16000,9120,1720
20260782,53,global,16,probe_oracle,0.013051301354550373,0.10971233300144682,True,True,16000,5184,2704
20260782,53,global,16,all_agents_adaptive_eta,0.007745150680935414,0.11839725538926452,True,True,15984,14208,444
20260782,53,global,16,fixed_q8_adaptive_eta,0.014340284811126428,0.04877393743454992,True,True,15996,10664,1333
20260782,53,global,16,fixed_q1_adaptive_eta,0.011124156300075136,0.018403059976184008,True,True,16000,3200,3200
20260782,53,mixed,4,adaptive_probe,0.0020230077623154506,0.11311599904871183,True,True,16000,9120,1720
20260782,53,mixed,4,probe_oracle,0.0020405011582228212,0.11185083887787478,True,True,15996,6932,2266
20260782,53,mixed,4,all_agents_adaptive_eta,0.012289269062307498,0.12270528059228596,True,True,15984,14208,444
20260782,53,mixed,4,fixed_q8_adaptive_eta,0.005443088248448623,0.04268900122779524,True,True,15996,10664,1333
20260782,53,mixed,4,fixed_q1_adaptive_eta,0.0030421072603550978,0.015544931884426285,True,True,16000,3200,3200
20260782,53,mixed,16,adaptive_probe,0.0016802667174353597,0.0794763906735732,True,True,16000,9120,1720
20260782,53,mixed,16,probe_oracle,0.0020422367088496025,0.07892949870723082,True,True,15996,6932,2266
20260782,53,mixed,16,all_agents_adaptive_eta,0.00997571949581286,0.08443534286156588,True,True,15984,14208,444
20260782,53,mixed,16,fixed_q8_adaptive_eta,0.004506100925531642,0.028320092677545712,True,True,15996,10664,1333
20260782,53,mixed,16,fixed_q1_adaptive_eta,0.002959440385216936,0.010602463823442406,True,True,16000,3200,3200
20260783,54,independent,4,adaptive_probe,0.00045986460629311097,0.047849586189895134,True,True,15996,11304,1173
20260783,54,independent,4,probe_oracle,4.152668956044308e-05,0.04761713773114623,True,True,15984,14208,444
20260783,54,independent,4,all_agents_adaptive_eta,4.152668956044308e-05,0.04761713773114623,True,True,15984,14208,444
20260783,54,independent,4,fixed_q8_adaptive_eta,0.001493491795076192,0.015965492856836683,True,True,15996,10664,1333
20260783,54,independent,4,fixed_q1_adaptive_eta,0.0019668208233661623,0.006462590792929106,True,True,16000,3200,3200
20260783,54,independent,16,adaptive_probe,3.241320720894892e-05,0.044173149518239,True,True,15984,14208,444
20260783,54,independent,16,probe_oracle,3.241320720894892e-05,0.044173149518239,True,True,15984,14208,444
20260783,54,independent,16,all_agents_adaptive_eta,3.241320720894892e-05,0.044173149518239,True,True,15984,14208,444
20260783,54,independent,16,fixed_q8_adaptive_eta,0.0017091966584163465,0.01730208690711351,True,True,15996,10664,1333
20260783,54,independent,16,fixed_q1_adaptive_eta,0.002082300709178115,0.0075975043800636756,True,True,16000,3200,3200
20260783,54,clustered,4,adaptive_probe,0.0005202194266983029,0.04776032336001916,True,True,15996,11304,1173
20260783,54,clustered,4,probe_oracle,0.0005202194266983029,0.04776032336001916,True,True,15996,11304,1173
20260783,54,clustered,4,all_agents_adaptive_eta,0.00017304161777215854,0.04817818878739675,True,True,15984,14208,444
20260783,54,clustered,4,fixed_q8_adaptive_eta,0.0009810974763413208,0.014067353179792274,True,True,15996,10664,1333
20260783,54,clustered,4,fixed_q1_adaptive_eta,0.007556070745446187,0.0051194655652084045,True,True,16000,3200,3200
20260783,54,clustered,16,adaptive_probe,0.0014491909921634078,0.036261162364371796,True,True,16000,9120,1720
20260783,54,clustered,16,probe_oracle,0.0004610568399662277,0.03604024653457005,True,True,15984,14208,444
20260783,54,clustered,16,all_agents_adaptive_eta,0.0004610568399662277,0.03604024653457005,True,True,15984,14208,444
20260783,54,clustered,16,fixed_q8_adaptive_eta,0.001007204986936236,0.011801361767095205,True,True,15996,10664,1333
20260783,54,clustered,16,fixed_q1_adaptive_eta,0.007287145627674326,0.005785254655728569,True,True,16000,3200,3200
20260783,54,global,4,adaptive_probe,0.014691041117063621,0.07649508877078157,True,True,15996,6932,2266
20260783,54,global,4,probe_oracle,0.03254454443422415,0.06407795314469907,True,True,16000,5184,2704
20260783,54,global,4,all_agents_adaptive_eta,0.252564438537399,0.10239505169768487,True,True,15984,14208,444
20260783,54,global,4,fixed_q8_adaptive_eta,0.21906589398200507,0.10054030398787926,True,True,15996,10664,1333
20260783,54,global,4,fixed_q1_adaptive_eta,0.017545569647341847,0.042055211631030744,True,True,16000,3200,3200
20260783,54,global,16,adaptive_probe,0.033713491929758393,0.08818047196301651,True,True,16000,5184,2704
20260783,54,global,16,probe_oracle,0.033713491929758393,0.08818047196301651,True,True,16000,5184,2704
20260783,54,global,16,all_agents_adaptive_eta,0.2912213095266295,0.13562270384539313,True,True,15984,14208,444
20260783,54,global,16,fixed_q8_adaptive_eta,0.22385690837939354,0.11005669432357285,True,True,15996,10664,1333
20260783,54,global,16,fixed_q1_adaptive_eta,0.01808779038180272,0.0436411596150405,True,True,16000,3200,3200
20260783,54,mixed,4,adaptive_probe,0.012079992303040864,0.05485970888566428,True,True,15996,6932,2266
20260783,54,mixed,4,probe_oracle,0.012079992303040864,0.05485970888566428,True,True,15996,6932,2266
20260783,54,mixed,4,all_agents_adaptive_eta,0.0923692453352544,0.05875923434231048,True,True,15984,14208,444
20260783,54,mixed,4,fixed_q8_adaptive_eta,0.10473290899326257,0.05416744416550357,True,True,15996,10664,1333
20260783,54,mixed,4,fixed_q1_adaptive_eta,0.0023744476611463174,0.028226541508440225,True,True,16000,3200,3200
20260783,54,mixed,16,adaptive_probe,0.022286646228386144,0.06393828445151362,True,True,16000,5184,2704
20260783,54,mixed,16,probe_oracle,0.01287127900448667,0.06331994993355178,True,True,15996,6932,2266
20260783,54,mixed,16,all_agents_adaptive_eta,0.11162765835004325,0.06978034147105128,True,True,15984,14208,444
20260783,54,mixed,16,fixed_q8_adaptive_eta,0.10756332694262316,0.0590714471337215,True,True,15996,10664,1333
20260783,54,mixed,16,fixed_q1_adaptive_eta,0.0026301577982247677,0.030274949139930393,True,True,16000,3200,3200
20260784,55,independent,4,adaptive_probe,0.0001746987878745361,0.055206828714802626,True,True,16000,13056,736
20260784,55,independent,4,probe_oracle,0.0010275974580607765,0.05394991580551812,True,True,15984,14208,444
20260784,55,independent,4,all_agents_adaptive_eta,0.0008000771031836625,0.052918348013618256,True,True,15984,14208,444
20260784,55,independent,4,fixed_q8_adaptive_eta,0.00018058899418186688,0.023033278483885034,True,True,15996,10664,1333
20260784,55,independent,4,fixed_q1_adaptive_eta,0.0017469667457648205,0.004841227382009027,True,True,16000,3200,3200
20260784,55,independent,16,adaptive_probe,0.00011328794641492798,0.050839994445722576,True,True,16000,13056,736
20260784,55,independent,16,probe_oracle,0.0007225097984807752,0.04929014214068611,True,True,15984,14208,444
20260784,55,independent,16,all_agents_adaptive_eta,0.0007225097984807752,0.04929014214068611,True,True,15984,14208,444
20260784,55,independent,16,fixed_q8_adaptive_eta,0.00015425948038871247,0.022438309308763987,True,True,15996,10664,1333
20260784,55,independent,16,fixed_q1_adaptive_eta,0.0017039119996041321,0.007823982989121429,True,True,16000,3200,3200
20260784,55,clustered,4,adaptive_probe,0.0010810521328538589,0.05271449154984688,True,True,15996,11304,1173
20260784,55,clustered,4,probe_oracle,0.0017021774856190723,0.05259998583408433,True,True,16000,9120,1720
20260784,55,clustered,4,all_agents_adaptive_eta,0.0005773423758195361,0.05305678503668504,True,True,15984,14208,444
20260784,55,clustered,4,fixed_q8_adaptive_eta,0.00041507314646887437,0.02019333029997583,True,True,15996,10664,1333
20260784,55,clustered,4,fixed_q1_adaptive_eta,0.002283306520075648,0.006724217754928841,True,True,16000,3200,3200
20260784,55,clustered,16,adaptive_probe,0.0009198751968091783,0.05250257606975097,True,True,15996,11304,1173
20260784,55,clustered,16,probe_oracle,0.001769499751925898,0.05263601368892866,True,True,16000,9120,1720
20260784,55,clustered,16,all_agents_adaptive_eta,0.0006001368658230816,0.05247656883939083,True,True,15984,14208,444
20260784,55,clustered,16,fixed_q8_adaptive_eta,0.00043337455087657324,0.021128557784846617,True,True,15996,10664,1333
20260784,55,clustered,16,fixed_q1_adaptive_eta,0.002362309692563196,0.008910227616741246,True,True,16000,3200,3200
20260784,55,global,4,adaptive_probe,0.05461021020483521,0.14934384431672754,True,True,15996,6932,2266
20260784,55,global,4,probe_oracle,0.01878959272770588,0.13484404610361922,True,True,16000,5184,2704
20260784,55,global,4,all_agents_adaptive_eta,0.013449287419780164,0.1889776540828186,True,True,15984,14208,444
20260784,55,global,4,fixed_q8_adaptive_eta,0.025826567621284952,0.12017421484841163,True,True,15996,10664,1333
20260784,55,global,4,fixed_q1_adaptive_eta,0.004821343364647517,0.05258466382649244,True,True,16000,3200,3200
20260784,55,global,16,adaptive_probe,0.05449633853275885,0.14718712761228833,True,True,15996,6932,2266
20260784,55,global,16,probe_oracle,0.018064765128690173,0.13204701411466854,True,True,16000,5184,2704
20260784,55,global,16,all_agents_adaptive_eta,0.020094033073445074,0.1783795439462611,True,True,15984,14208,444
20260784,55,global,16,fixed_q8_adaptive_eta,0.028329569884947548,0.11867495596407154,True,True,15996,10664,1333
20260784,55,global,16,fixed_q1_adaptive_eta,0.004657744974331566,0.05707683724032403,True,True,16000,3200,3200
20260784,55,mixed,4,adaptive_probe,0.059305761284078995,0.12104217689367544,True,True,16000,9120,1720
20260784,55,mixed,4,probe_oracle,0.022916842761864942,0.1116974740390732,True,True,15996,6932,2266
20260784,55,mixed,4,all_agents_adaptive_eta,0.00207963947110859,0.1254383742129795,True,True,15984,14208,444
20260784,55,mixed,4,fixed_q8_adaptive_eta,0.015844054417490684,0.07651875923179546,True,True,15996,10664,1333
20260784,55,mixed,4,fixed_q1_adaptive_eta,0.005098141975202802,0.033489055934486776,True,True,16000,3200,3200
20260784,55,mixed,16,adaptive_probe,0.06051780695615448,0.12068512051292178,True,True,16000,9120,1720
20260784,55,mixed,16,probe_oracle,0.021997813607180047,0.11189410597700468,True,True,15996,6932,2266
20260784,55,mixed,16,all_agents_adaptive_eta,0.00603235105764476,0.11976251569443516,True,True,15984,14208,444
20260784,55,mixed,16,fixed_q8_adaptive_eta,0.017871484627895583,0.07591070904740775,True,True,15996,10664,1333
20260784,55,mixed,16,fixed_q1_adaptive_eta,0.0050654970177909575,0.03491047168038939,True,True,16000,3200,3200
20260785,56,independent,4,adaptive_probe,0.0007266072174302635,0.05119413992402706,True,True,15984,14208,444
20260785,56,independent,4,probe_oracle,0.0007266072174302635,0.05119413992402706,True,True,15984,14208,444
20260785,56,independent,4,all_agents_adaptive_eta,0.0007266072174302635,0.05119413992402706,True,True,15984,14208,444
20260785,56,independent,4,fixed_q8_adaptive_eta,0.0007450230809731884,0.0169321983087966,True,True,15996,10664,1333
20260785,56,independent,4,fixed_q1_adaptive_eta,0.0005961049240486478,0.007797416409748783,True,True,16000,3200,3200
20260785,56,independent,16,adaptive_probe,0.00042742714598571015,0.04411970587698689,True,True,16000,13056,736
20260785,56,independent,16,probe_oracle,0.0007692894166996602,0.045259026122339285,True,True,15984,14208,444
20260785,56,independent,16,all_agents_adaptive_eta,0.0005119966819740492,0.04476653053126876,True,True,15984,14208,444
20260785,56,independent,16,fixed_q8_adaptive_eta,0.0007170069962620267,0.01675961275328762,True,True,15996,10664,1333
20260785,56,independent,16,fixed_q1_adaptive_eta,0.0005398622922484765,0.014651835422866282,True,True,16000,3200,3200
20260785,56,clustered,4,adaptive_probe,0.00023201728047007793,0.058391913324301443,True,True,15996,11304,1173
20260785,56,clustered,4,probe_oracle,0.00283803202836112,0.057847604804192224,True,True,16000,9120,1720
20260785,56,clustered,4,all_agents_adaptive_eta,0.003530016405664072,0.0625021155253628,True,True,15984,14208,444
20260785,56,clustered,4,fixed_q8_adaptive_eta,0.00043734131120660915,0.018723842181095563,True,True,15996,10664,1333
20260785,56,clustered,4,fixed_q1_adaptive_eta,0.002304864713256519,0.011004805625271931,True,True,16000,3200,3200
20260785,56,clustered,16,adaptive_probe,0.002895283849059223,0.048107888493465076,True,True,16000,9120,1720
20260785,56,clustered,16,probe_oracle,0.0002818058641422247,0.04829305562003067,True,True,15996,11304,1173
20260785,56,clustered,16,all_agents_adaptive_eta,0.0032690288228500266,0.05189062904117581,True,True,15984,14208,444
20260785,56,clustered,16,fixed_q8_adaptive_eta,0.0004799360204582342,0.018021693860886253,True,True,15996,10664,1333
20260785,56,clustered,16,fixed_q1_adaptive_eta,0.0024686653365295756,0.014111113022326004,True,True,16000,3200,3200
20260785,56,global,4,adaptive_probe,0.0707074508079801,0.06595945687723191,True,True,15996,6932,2266
20260785,56,global,4,probe_oracle,0.09395698558706063,0.06817803719262722,True,True,16000,5184,2704
20260785,56,global,4,all_agents_adaptive_eta,0.22375039693681043,0.12124985240640448,True,True,15984,14208,444
20260785,56,global,4,fixed_q8_adaptive_eta,0.00967216207136271,0.06331245023852446,True,True,15996,10664,1333
20260785,56,global,4,fixed_q1_adaptive_eta,0.054407963019026416,0.0542597979471521,True,True,16000,3200,3200
20260785,56,global,16,adaptive_probe,0.07346421274823094,0.064490001972117,True,True,15996,6932,2266
20260785,56,global,16,probe_oracle,0.09228250681006489,0.06496000758381298,True,True,16000,5184,2704
20260785,56,global,16,all_agents_adaptive_eta,0.21964915636754623,0.12181723200582072,True,True,15984,14208,444
20260785,56,global,16,fixed_q8_adaptive_eta,0.00991313460724355,0.06468191750252941,True,True,15996,10664,1333
20260785,56,global,16,fixed_q1_adaptive_eta,0.05463972479024809,0.0635953487222543,True,True,16000,3200,3200
20260785,56,mixed,4,adaptive_probe,0.05743621031880093,0.05635575032482871,True,True,15996,6932,2266
20260785,56,mixed,4,probe_oracle,0.05743621031880093,0.05635575032482871,True,True,15996,6932,2266
20260785,56,mixed,4,all_agents_adaptive_eta,0.1326327266596956,0.09457688431378453,True,True,15984,14208,444
20260785,56,mixed,4,fixed_q8_adaptive_eta,0.008933605606995895,0.04000027850481644,True,True,15996,10664,1333
20260785,56,mixed,4,fixed_q1_adaptive_eta,0.022443128754419055,0.033512034345336505,True,True,16000,3200,3200
20260785,56,mixed,16,adaptive_probe,0.05907265220595774,0.05240765515221299,True,True,15996,6932,2266
20260785,56,mixed,16,probe_oracle,0.05907265220595774,0.05240765515221299,True,True,15996,6932,2266
20260785,56,mixed,16,all_agents_adaptive_eta,0.12753196879324574,0.09021479352019243,True,True,15984,14208,444
20260785,56,mixed,16,fixed_q8_adaptive_eta,0.00927130655041029,0.041742656255683415,True,True,15996,10664,1333
20260785,56,mixed,16,fixed_q1_adaptive_eta,0.02278311073261045,0.03872729280492065,True,True,16000,3200,3200
20260786,57,independent,4,adaptive_probe,0.0008226277677451732,0.05124003919216264,True,True,15984,14208,444
20260786,57,independent,4,probe_oracle,0.0008226277677451732,0.05124003919216264,True,True,15984,14208,444
20260786,57,independent,4,all_agents_adaptive_eta,0.0008226277677451732,0.05124003919216264,True,True,15984,14208,444
20260786,57,independent,4,fixed_q8_adaptive_eta,7.723930336486186e-05,0.016687834212372146,True,True,15996,10664,1333
20260786,57,independent,4,fixed_q1_adaptive_eta,0.0029064177732976123,0.006917809753697258,True,True,16000,3200,3200
20260786,57,independent,16,adaptive_probe,0.0005306138810946745,0.0460594725136792,True,True,15984,14208,444
20260786,57,independent,16,probe_oracle,0.0010737668940953946,0.04559865494004068,True,True,15984,14208,444
20260786,57,independent,16,all_agents_adaptive_eta,0.0005306138810946745,0.0460594725136792,True,True,15984,14208,444
20260786,57,independent,16,fixed_q8_adaptive_eta,8.127610623373199e-05,0.016910895644486182,True,True,15996,10664,1333
20260786,57,independent,16,fixed_q1_adaptive_eta,0.002754333437531103,0.004878833172804458,True,True,16000,3200,3200
20260786,57,clustered,4,adaptive_probe,0.002001696585141477,0.05717733437445964,True,True,15996,11304,1173
20260786,57,clustered,4,probe_oracle,0.002001696585141477,0.05717733437445964,True,True,15996,11304,1173
20260786,57,clustered,4,all_agents_adaptive_eta,0.002251503441460517,0.05768961073534682,True,True,15984,14208,444
20260786,57,clustered,4,fixed_q8_adaptive_eta,0.0011601576923329663,0.018316551098920195,True,True,15996,10664,1333
20260786,57,clustered,4,fixed_q1_adaptive_eta,0.0031653822438062395,0.009264096826111758,True,True,16000,3200,3200
20260786,57,clustered,16,adaptive_probe,0.0018807600301873205,0.04824319312555331,True,True,15996,11304,1173
20260786,57,clustered,16,probe_oracle,0.0018807600301873205,0.04824319312555331,True,True,15996,11304,1173
20260786,57,clustered,16,all_agents_adaptive_eta,0.0011406695730923082,0.048228746459267134,True,True,15984,14208,444
20260786,57,clustered,16,fixed_q8_adaptive_eta,0.001160808187903301,0.01754398797745221,True,True,15996,10664,1333
20260786,57,clustered,16,fixed_q1_adaptive_eta,0.003054949437474697,0.009960475344539529,True,True,16000,3200,3200
20260786,57,global,4,adaptive_probe,0.0035837176877861984,0.2006669156528825,True,True,16000,5184,2704
20260786,57,global,4,probe_oracle,0.0035837176877861984,0.2006669156528825,True,True,16000,5184,2704
20260786,57,global,4,all_agents_adaptive_eta,0.02591661574415654,0.28599170430189874,True,True,15984,14208,444
20260786,57,global,4,fixed_q8_adaptive_eta,0.024163656151693844,0.22256669305788146,True,True,15996,10664,1333
20260786,57,global,4,fixed_q1_adaptive_eta,0.010801021961144368,0.058729826244054435,True,True,16000,3200,3200
20260786,57,global,16,adaptive_probe,0.003655435175538861,0.25412491004393367,True,True,16000,5184,2704
20260786,57,global,16,probe_oracle,0.003655435175538861,0.25412491004393367,True,True,16000,5184,2704
20260786,57,global,16,all_agents_adaptive_eta,0.038531564730852876,0.31793041458112703,True,True,15984,14208,444
20260786,57,global,16,fixed_q8_adaptive_eta,0.014058240368255768,0.20403905992401533,True,True,15996,10664,1333
20260786,57,global,16,fixed_q1_adaptive_eta,0.011437607797746474,0.0686981214035581,True,True,16000,3200,3200
20260786,57,mixed,4,adaptive_probe,0.0053313931953945645,0.16540993527222153,True,True,16000,9120,1720
20260786,57,mixed,4,probe_oracle,0.010592819294665492,0.15140744346217608,True,True,15996,6932,2266
20260786,57,mixed,4,all_agents_adaptive_eta,0.01841188530425027,0.1734078969462738,True,True,15984,14208,444
20260786,57,mixed,4,fixed_q8_adaptive_eta,0.00974317595269674,0.11013617085259073,True,True,15996,10664,1333
20260786,57,mixed,4,fixed_q1_adaptive_eta,0.012744480488782697,0.04754605784110316,True,True,16000,3200,3200
20260786,57,mixed,16,adaptive_probe,0.005295680270294178,0.18941079589736728,True,True,16000,9120,1720
20260786,57,mixed,16,probe_oracle,0.009857924968278947,0.1752203364796214,True,True,15996,6932,2266
20260786,57,mixed,16,all_agents_adaptive_eta,0.022317978038573903,0.18428100488447668,True,True,15984,14208,444
20260786,57,mixed,16,fixed_q8_adaptive_eta,0.008364104549069594,0.11948160254799146,True,True,15996,10664,1333
20260786,57,mixed,16,fixed_q1_adaptive_eta,0.013190864849070083,0.05464197709249454,True,True,16000,3200,3200
20260787,58,independent,4,adaptive_probe,0.00017277064580798772,0.05010657662797729,True,True,15984,14208,444
20260787,58,independent,4,probe_oracle,0.00017277064580798772,0.05010657662797729,True,True,15984,14208,444
20260787,58,independent,4,all_agents_adaptive_eta,0.00017277064580798772,0.05010657662797729,True,True,15984,14208,444
20260787,58,independent,4,fixed_q8_adaptive_eta,0.0003693873702226388,0.015323830907196358,True,True,15996,10664,1333
20260787,58,independent,4,fixed_q1_adaptive_eta,0.0038653686449778984,0.005191411532344491,True,True,16000,3200,3200
20260787,58,independent,16,adaptive_probe,0.00035846019377761695,0.04394143726089379,True,True,16000,13056,736
20260787,58,independent,16,probe_oracle,0.00017744502832140412,0.044232203543001454,True,True,15984,14208,444
20260787,58,independent,16,all_agents_adaptive_eta,0.00017744502832140412,0.044232203543001454,True,True,15984,14208,444
20260787,58,independent,16,fixed_q8_adaptive_eta,0.0003335991071332659,0.014008413395813877,True,True,15996,10664,1333
20260787,58,independent,16,fixed_q1_adaptive_eta,0.0036639915369964457,0.0053500821381056414,True,True,16000,3200,3200
20260787,58,clustered,4,adaptive_probe,0.0017434302343421137,0.051002562178356116,True,True,15996,11304,1173
20260787,58,clustered,4,probe_oracle,0.0017434302343421137,0.051002562178356116,True,True,15996,11304,1173
20260787,58,clustered,4,all_agents_adaptive_eta,0.0040512387824203685,0.052540028278494154,True,True,15984,14208,444
20260787,58,clustered,4,fixed_q8_adaptive_eta,0.0006774811126228654,0.015954050684561752,True,True,15996,10664,1333
20260787,58,clustered,4,fixed_q1_adaptive_eta,0.0021720684625085966,0.00604022102287871,True,True,16000,3200,3200
20260787,58,clustered,16,adaptive_probe,0.001416244736706484,0.0421659753779194,True,True,15996,11304,1173
20260787,58,clustered,16,probe_oracle,0.001416244736706484,0.0421659753779194,True,True,15996,11304,1173
20260787,58,clustered,16,all_agents_adaptive_eta,0.0030749514813709954,0.042922677825629175,True,True,15984,14208,444
20260787,58,clustered,16,fixed_q8_adaptive_eta,0.0006568447972453751,0.013920556610431241,True,True,15996,10664,1333
20260787,58,clustered,16,fixed_q1_adaptive_eta,0.0023815437045459826,0.005053602098246858,True,True,16000,3200,3200
20260787,58,global,4,adaptive_probe,0.017900348486340544,0.06442486170948347,True,True,16000,13056,736
20260787,58,global,4,probe_oracle,0.029093249805570792,0.05451212360137659,True,True,16000,5184,2704
20260787,58,global,4,all_agents_adaptive_eta,0.11399053182844068,0.06899773227686119,True,True,15984,14208,444
20260787,58,global,4,fixed_q8_adaptive_eta,0.005088883203104742,0.0368369602984858,True,True,15996,10664,1333
20260787,58,global,4,fixed_q1_adaptive_eta,0.012657217414937458,0.02753570211965723,True,True,16000,3200,3200
20260787,58,global,16,adaptive_probe,0.06596774361322146,0.07258100832719502,True,True,15996,6932,2266
20260787,58,global,16,probe_oracle,0.030443440353689732,0.06665595373439986,True,True,16000,5184,2704
20260787,58,global,16,all_agents_adaptive_eta,0.2984642690907066,0.16621305086746122,True,True,15984,14208,444
20260787,58,global,16,fixed_q8_adaptive_eta,0.004746337739705909,0.05481316358865659,True,True,15996,10664,1333
20260787,58,global,16,fixed_q1_adaptive_eta,0.01202865305041348,0.030704297956865002,True,True,16000,3200,3200
20260787,58,mixed,4,adaptive_probe,0.04748259023506454,0.05098412913832088,True,True,15984,14208,444
20260787,58,mixed,4,probe_oracle,0.03407940913173797,0.04814137253761017,True,True,15996,6932,2266
20260787,58,mixed,4,all_agents_adaptive_eta,0.04748259023506454,0.05098412913832088,True,True,15984,14208,444
20260787,58,mixed,4,fixed_q8_adaptive_eta,0.002337029315580458,0.019962314356043773,True,True,15996,10664,1333
20260787,58,mixed,4,fixed_q1_adaptive_eta,0.005322356466013532,0.019880430687770213,True,True,16000,3200,3200
20260787,58,mixed,16,adaptive_probe,0.03476004846985827,0.05151520483876412,True,True,15996,6932,2266
20260787,58,mixed,16,probe_oracle,0.03476004846985827,0.05151520483876412,True,True,15996,6932,2266
20260787,58,mixed,16,all_agents_adaptive_eta,0.11115509586993313,0.08676165614857123,True,True,15984,14208,444
20260787,58,mixed,16,fixed_q8_adaptive_eta,0.0021510034035726383,0.026797791283582707,True,True,15996,10664,1333
20260787,58,mixed,16,fixed_q1_adaptive_eta,0.005529307740131982,0.01934916550548249,True,True,16000,3200,3200
20260788,59,independent,4,adaptive_probe,5.82591211392359e-05,0.05477231905003034,True,True,15984,14208,444
20260788,59,independent,4,probe_oracle,5.82591211392359e-05,0.05477231905003034,True,True,15984,14208,444
20260788,59,independent,4,all_agents_adaptive_eta,5.82591211392359e-05,0.05477231905003034,True,True,15984,14208,444
20260788,59,independent,4,fixed_q8_adaptive_eta,2.9888285287265893e-05,0.013381787659756894,True,True,15996,10664,1333
20260788,59,independent,4,fixed_q1_adaptive_eta,0.0011704173743716517,0.008298439136688427,True,True,16000,3200,3200
20260788,59,independent,16,adaptive_probe,4.10863807997797e-05,0.0474146370346741,True,True,15984,14208,444
20260788,59,independent,16,probe_oracle,4.10863807997797e-05,0.0474146370346741,True,True,15984,14208,444
20260788,59,independent,16,all_agents_adaptive_eta,4.10863807997797e-05,0.0474146370346741,True,True,15984,14208,444
20260788,59,independent,16,fixed_q8_adaptive_eta,2.779210244849301e-05,0.013662597638665158,True,True,15996,10664,1333
20260788,59,independent,16,fixed_q1_adaptive_eta,0.0009198278621175877,0.010263937485310239,True,True,16000,3200,3200
20260788,59,clustered,4,adaptive_probe,0.0010942218926794608,0.048100194280622996,True,True,16000,9120,1720
20260788,59,clustered,4,probe_oracle,0.0010942218926794608,0.048100194280622996,True,True,16000,9120,1720
20260788,59,clustered,4,all_agents_adaptive_eta,0.004251864995836531,0.05386105265098538,True,True,15984,14208,444
20260788,59,clustered,4,fixed_q8_adaptive_eta,0.000345467443967082,0.013381800848780254,True,True,15996,10664,1333
20260788,59,clustered,4,fixed_q1_adaptive_eta,0.001842312089487521,0.005778226823552744,True,True,16000,3200,3200
20260788,59,clustered,16,adaptive_probe,0.0002004757060890693,0.03686245188876557,True,True,16000,13056,736
20260788,59,clustered,16,probe_oracle,0.00037111465075799895,0.03534437422640355,True,True,15996,11304,1173
20260788,59,clustered,16,all_agents_adaptive_eta,0.003220473846805047,0.03925923861563608,True,True,15984,14208,444
20260788,59,clustered,16,fixed_q8_adaptive_eta,0.00040512516654015704,0.011193607187810675,True,True,15996,10664,1333
20260788,59,clustered,16,fixed_q1_adaptive_eta,0.0019609310207001516,0.005429499662656506,True,True,16000,3200,3200
20260788,59,global,4,adaptive_probe,0.020863553609495426,0.17776595196412842,True,True,15996,6932,2266
20260788,59,global,4,probe_oracle,0.005837885803188412,0.16797423195832958,True,True,16000,5184,2704
20260788,59,global,4,all_agents_adaptive_eta,0.013946378739402987,0.20073572539328377,True,True,15984,14208,444
20260788,59,global,4,fixed_q8_adaptive_eta,0.0045881065378972075,0.10239924174419684,True,True,15996,10664,1333
20260788,59,global,4,fixed_q1_adaptive_eta,0.0036529051177039617,0.046733573193274085,True,True,16000,3200,3200
20260788,59,global,16,adaptive_probe,0.006049093990193007,0.16166667800687556,True,True,16000,5184,2704
20260788,59,global,16,probe_oracle,0.006049093990193007,0.16166667800687556,True,True,16000,5184,2704
20260788,59,global,16,all_agents_adaptive_eta,0.007570084759974877,0.189029054216099,True,True,15984,14208,444
20260788,59,global,16,fixed_q8_adaptive_eta,0.006098981125522882,0.09014102812465646,True,True,15996,10664,1333
20260788,59,global,16,fixed_q1_adaptive_eta,0.00360318185171189,0.04549061241406018,True,True,16000,3200,3200
20260788,59,mixed,4,adaptive_probe,0.009512253171158561,0.11620777558754597,True,True,15996,6932,2266
20260788,59,mixed,4,probe_oracle,0.009512253171158561,0.11620777558754597,True,True,15996,6932,2266
20260788,59,mixed,4,all_agents_adaptive_eta,0.004304394547431671,0.13449905608206758,True,True,15984,14208,444
20260788,59,mixed,4,fixed_q8_adaptive_eta,0.0035975969503334896,0.06294590342395837,True,True,15996,10664,1333
20260788,59,mixed,4,fixed_q1_adaptive_eta,0.0019113177722400166,0.01909049711283016,True,True,16000,3200,3200
20260788,59,mixed,16,adaptive_probe,0.009573089348448988,0.10080329222543083,True,True,15996,6932,2266
20260788,59,mixed,16,probe_oracle,0.009573089348448988,0.10080329222543083,True,True,15996,6932,2266
20260788,59,mixed,16,all_agents_adaptive_eta,0.002625237921773393,0.11710154051429583,True,True,15984,14208,444
20260788,59,mixed,16,fixed_q8_adaptive_eta,0.00469682041269134,0.05401689762791676,True,True,15996,10664,1333
20260788,59,mixed,16,fixed_q1_adaptive_eta,0.0017715322315617864,0.02168920758761019,True,True,16000,3200,3200
20260789,60,independent,4,adaptive_probe,0.00013336677090349086,0.054880615852387446,True,True,16000,9120,1720
20260789,60,independent,4,probe_oracle,6.88113569735884e-05,0.05646762834814606,True,True,15984,14208,444
20260789,60,independent,4,all_agents_adaptive_eta,0.0001632831120805147,0.055247041633841996,True,True,15984,14208,444
20260789,60,independent,4,fixed_q8_adaptive_eta,0.0001861651187074471,0.01681770796502841,True,True,15996,10664,1333
20260789,60,independent,4,fixed_q1_adaptive_eta,0.0014767101524323196,0.016406658685477582,True,True,16000,3200,3200
20260789,60,independent,16,adaptive_probe,0.0001393308172065196,0.049342580758969204,True,True,16000,9120,1720
20260789,60,independent,16,probe_oracle,7.753231803797068e-05,0.050349843078896034,True,True,15984,14208,444
20260789,60,independent,16,all_agents_adaptive_eta,7.753231803797068e-05,0.050349843078896034,True,True,15984,14208,444
20260789,60,independent,16,fixed_q8_adaptive_eta,0.00017793430570992863,0.016806395604024967,True,True,15996,10664,1333
20260789,60,independent,16,fixed_q1_adaptive_eta,0.0014937228772901585,0.013008993723754329,True,True,16000,3200,3200
20260789,60,clustered,4,adaptive_probe,0.00018219231547331394,0.06547541405960383,True,True,16000,9120,1720
20260789,60,clustered,4,probe_oracle,0.00018219231547331394,0.06547541405960383,True,True,16000,9120,1720
20260789,60,clustered,4,all_agents_adaptive_eta,0.010366178201891701,0.07838175125937928,True,True,15984,14208,444
20260789,60,clustered,4,fixed_q8_adaptive_eta,0.000984464325909618,0.032989302137449814,True,True,15996,10664,1333
20260789,60,clustered,4,fixed_q1_adaptive_eta,0.0009633502396144578,0.01810608288096582,True,True,16000,3200,3200
20260789,60,clustered,16,adaptive_probe,0.00021410381831549045,0.060055302811016224,True,True,16000,9120,1720
20260789,60,clustered,16,probe_oracle,0.00021410381831549045,0.060055302811016224,True,True,16000,9120,1720
20260789,60,clustered,16,all_agents_adaptive_eta,0.011041106734790463,0.07042778519529042,True,True,15984,14208,444
20260789,60,clustered,16,fixed_q8_adaptive_eta,0.0009742028869640127,0.034231845175780956,True,True,15996,10664,1333
20260789,60,clustered,16,fixed_q1_adaptive_eta,0.0010133816477826808,0.015097695115693746,True,True,16000,3200,3200
20260789,60,global,4,adaptive_probe,0.011231852185807169,0.05112665488684104,True,True,16000,5184,2704
20260789,60,global,4,probe_oracle,0.011231852185807169,0.05112665488684104,True,True,16000,5184,2704
20260789,60,global,4,all_agents_adaptive_eta,0.005548133293290195,0.08035008139845162,True,True,15984,14208,444
20260789,60,global,4,fixed_q8_adaptive_eta,0.06564020105794288,0.05821915431395448,True,True,15996,10664,1333
20260789,60,global,4,fixed_q1_adaptive_eta,0.06344616313980107,0.02726133693017276,True,True,16000,3200,3200
20260789,60,global,16,adaptive_probe,0.011228946695190162,0.06487027787204319,True,True,16000,5184,2704
20260789,60,global,16,probe_oracle,0.011228946695190162,0.06487027787204319,True,True,16000,5184,2704
20260789,60,global,16,all_agents_adaptive_eta,0.0034462816077732877,0.09477934585372831,True,True,15984,14208,444
20260789,60,global,16,fixed_q8_adaptive_eta,0.06529128656210588,0.0597331273934381,True,True,15996,10664,1333
20260789,60,global,16,fixed_q1_adaptive_eta,0.0631398828202008,0.026761053266702042,True,True,16000,3200,3200
20260789,60,mixed,4,adaptive_probe,0.006955610923027,0.040284822627385086,True,True,16000,9120,1720
20260789,60,mixed,4,probe_oracle,0.005142064566735804,0.03742322394114204,True,True,15996,6932,2266
20260789,60,mixed,4,all_agents_adaptive_eta,0.001798171333991368,0.03830700507662293,True,True,15984,14208,444
20260789,60,mixed,4,fixed_q8_adaptive_eta,0.03377283021150684,0.01931806220251039,True,True,15996,10664,1333
20260789,60,mixed,4,fixed_q1_adaptive_eta,0.03492781011220801,0.01627221136431737,True,True,16000,3200,3200
20260789,60,mixed,16,adaptive_probe,0.0070432227530910566,0.039854996311911244,True,True,16000,9120,1720
20260789,60,mixed,16,probe_oracle,0.00481132367657535,0.03666910604133185,True,True,15996,6932,2266
20260789,60,mixed,16,all_agents_adaptive_eta,0.0033633619565015516,0.03830404506724427,True,True,15984,14208,444
20260789,60,mixed,16,fixed_q8_adaptive_eta,0.033914148648834394,0.018668149411966494,True,True,15996,10664,1333
20260789,60,mixed,16,fixed_q1_adaptive_eta,0.03476941346836117,0.014296492296286527,True,True,16000,3200,3200
20260790,61,independent,4,adaptive_probe,0.00010903660594350497,0.05738050433519153,True,True,16000,9120,1720
20260790,61,independent,4,probe_oracle,0.0001258736836865584,0.05724071592131524,True,True,15984,14208,444
20260790,61,independent,4,all_agents_adaptive_eta,0.00026703185925156393,0.05616713779721033,True,True,15984,14208,444
20260790,61,independent,4,fixed_q8_adaptive_eta,0.00016145754563821126,0.026998201323846074,True,True,15996,10664,1333
20260790,61,independent,4,fixed_q1_adaptive_eta,0.0012194492371721164,0.0185039834952197,True,True,16000,3200,3200
20260790,61,independent,16,adaptive_probe,0.00012703556803382823,0.05169715352776477,True,True,16000,9120,1720
20260790,61,independent,16,probe_oracle,0.000138076824316112,0.05117052595623042,True,True,15984,14208,444
20260790,61,independent,16,all_agents_adaptive_eta,0.000138076824316112,0.05117052595623042,True,True,15984,14208,444
20260790,61,independent,16,fixed_q8_adaptive_eta,0.00047241488151294076,0.028559109345743128,True,True,15996,10664,1333
20260790,61,independent,16,fixed_q1_adaptive_eta,0.0010244218307935264,0.016153200912880635,True,True,16000,3200,3200
20260790,61,clustered,4,adaptive_probe,0.004414001234352567,0.036916977423607805,True,True,16000,9120,1720
20260790,61,clustered,4,probe_oracle,0.005760883052955799,0.035993484385614304,True,True,15996,11304,1173
20260790,61,clustered,4,all_agents_adaptive_eta,0.0006462088207614214,0.035332642032334355,True,True,15984,14208,444
20260790,61,clustered,4,fixed_q8_adaptive_eta,0.007586539472016674,0.012839189155004751,True,True,15996,10664,1333
20260790,61,clustered,4,fixed_q1_adaptive_eta,0.00925969142154457,0.026741886985444985,True,True,16000,3200,3200
20260790,61,clustered,16,adaptive_probe,0.004378216333681364,0.041262357309011,True,True,16000,9120,1720
20260790,61,clustered,16,probe_oracle,0.006420527072223961,0.040299926371724165,True,True,15996,11304,1173
20260790,61,clustered,16,all_agents_adaptive_eta,0.0001325895389811136,0.03923513541956193,True,True,15984,14208,444
20260790,61,clustered,16,fixed_q8_adaptive_eta,0.0075885915955372345,0.015623689922296988,True,True,15996,10664,1333
20260790,61,clustered,16,fixed_q1_adaptive_eta,0.009548877607774783,0.028016819882129753,True,True,16000,3200,3200
20260790,61,global,4,adaptive_probe,0.07029132656465478,0.06982839543055834,True,True,16000,9120,1720
20260790,61,global,4,probe_oracle,0.05124108980575046,0.06140782594213405,True,True,16000,5184,2704
20260790,61,global,4,all_agents_adaptive_eta,0.18681950291348415,0.07701844532178924,True,True,15984,14208,444
20260790,61,global,4,fixed_q8_adaptive_eta,0.012041974379207468,0.05719252787578681,True,True,15996,10664,1333
20260790,61,global,4,fixed_q1_adaptive_eta,0.03559187022107206,0.04382188203277349,True,True,16000,3200,3200
20260790,61,global,16,adaptive_probe,0.0496028022959601,0.0572341081220371,True,True,16000,5184,2704
20260790,61,global,16,probe_oracle,0.0496028022959601,0.0572341081220371,True,True,16000,5184,2704
20260790,61,global,16,all_agents_adaptive_eta,0.0960354060738902,0.04729118983457692,True,True,15984,14208,444
20260790,61,global,16,fixed_q8_adaptive_eta,0.01563681479039043,0.04386734004874552,True,True,15996,10664,1333
20260790,61,global,16,fixed_q1_adaptive_eta,0.03636886827020985,0.043997005380143284,True,True,16000,3200,3200
20260790,61,mixed,4,adaptive_probe,0.021305559441896212,0.04798842520418065,True,True,16000,9120,1720
20260790,61,mixed,4,probe_oracle,0.03516872069341684,0.044909584701048576,True,True,15996,6932,2266
20260790,61,mixed,4,all_agents_adaptive_eta,0.15555035176772694,0.06940223806864974,True,True,15984,14208,444
20260790,61,mixed,4,fixed_q8_adaptive_eta,0.001101218172769637,0.03854722530605942,True,True,15996,10664,1333
20260790,61,mixed,4,fixed_q1_adaptive_eta,0.004206029157717084,0.023482379508618062,True,True,16000,3200,3200
20260790,61,mixed,16,adaptive_probe,0.023081542647985273,0.045262133000372955,True,True,16000,9120,1720
20260790,61,mixed,16,probe_oracle,0.035335025719045524,0.04492341515223937,True,True,15996,6932,2266
20260790,61,mixed,16,all_agents_adaptive_eta,0.07048328265101837,0.04280728941763802,True,True,15984,14208,444
20260790,61,mixed,16,fixed_q8_adaptive_eta,0.0007338836989298243,0.029923495122887965,True,True,15996,10664,1333
20260790,61,mixed,16,fixed_q1_adaptive_eta,0.004273179959547997,0.02827748054394867,True,True,16000,3200,3200
20260791,62,independent,4,adaptive_probe,0.0003740477208225248,0.05219725995238423,True,True,15996,11304,1173
20260791,62,independent,4,probe_oracle,3.791623686697098e-05,0.05256082570070322,True,True,15984,14208,444
20260791,62,independent,4,all_agents_adaptive_eta,0.00014034744664341377,0.053457840698603494,True,True,15984,14208,444
20260791,62,independent,4,fixed_q8_adaptive_eta,0.00020112878166595642,0.01922196505806056,True,True,15996,10664,1333
20260791,62,independent,4,fixed_q1_adaptive_eta,0.0005244463366764244,0.005497090604751264,True,True,16000,3200,3200
20260791,62,independent,16,adaptive_probe,0.00029797059674121725,0.04395220013232297,True,True,15996,11304,1173
20260791,62,independent,16,probe_oracle,2.9780778212913845e-05,0.04441303155127008,True,True,15984,14208,444
20260791,62,independent,16,all_agents_adaptive_eta,2.9780778212913845e-05,0.04441303155127008,True,True,15984,14208,444
20260791,62,independent,16,fixed_q8_adaptive_eta,0.00016130502260320467,0.016075874703222803,True,True,15996,10664,1333
20260791,62,independent,16,fixed_q1_adaptive_eta,0.0004983948879867147,0.003958445874091635,True,True,16000,3200,3200
20260791,62,clustered,4,adaptive_probe,0.006376125808243542,0.04621469125152416,True,True,15996,11304,1173
20260791,62,clustered,4,probe_oracle,0.006376125808243542,0.04621469125152416,True,True,15996,11304,1173
20260791,62,clustered,4,all_agents_adaptive_eta,0.00036092088195564234,0.0447920397362502,True,True,15984,14208,444
20260791,62,clustered,4,fixed_q8_adaptive_eta,0.0049989314442317485,0.016795095178063147,True,True,15996,10664,1333
20260791,62,clustered,4,fixed_q1_adaptive_eta,0.0007419456654348808,0.003842682704086103,True,True,16000,3200,3200
20260791,62,clustered,16,adaptive_probe,6.228855634203347e-05,0.03956761090565723,True,True,15984,14208,444
20260791,62,clustered,16,probe_oracle,6.228855634203347e-05,0.03956761090565723,True,True,15984,14208,444
20260791,62,clustered,16,all_agents_adaptive_eta,6.228855634203347e-05,0.03956761090565723,True,True,15984,14208,444
20260791,62,clustered,16,fixed_q8_adaptive_eta,0.004328144231708702,0.014603686210845908,True,True,15996,10664,1333
20260791,62,clustered,16,fixed_q1_adaptive_eta,0.0006425093794448244,0.0022971144402384822,True,True,16000,3200,3200
20260791,62,global,4,adaptive_probe,0.021558356875242504,0.060063507397141426,True,True,16000,5184,2704
20260791,62,global,4,probe_oracle,0.021558356875242504,0.060063507397141426,True,True,16000,5184,2704
20260791,62,global,4,all_agents_adaptive_eta,0.008619237336772391,0.05271606460040795,True,True,15984,14208,444
20260791,62,global,4,fixed_q8_adaptive_eta,0.020598704336813597,0.021078128291074374,True,True,15996,10664,1333
20260791,62,global,4,fixed_q1_adaptive_eta,0.005657342350517156,0.020073895184333,True,True,16000,3200,3200
20260791,62,global,16,adaptive_probe,0.021190760263886964,0.059507276840291626,True,True,16000,5184,2704
20260791,62,global,16,probe_oracle,0.021190760263886964,0.059507276840291626,True,True,16000,5184,2704
20260791,62,global,16,all_agents_adaptive_eta,0.05751819230801738,0.07284001601781127,True,True,15984,14208,444
20260791,62,global,16,fixed_q8_adaptive_eta,0.023429104446181716,0.026041383923708947,True,True,15996,10664,1333
20260791,62,global,16,fixed_q1_adaptive_eta,0.005776575839049412,0.020508533715609286,True,True,16000,3200,3200
20260791,62,mixed,4,adaptive_probe,0.017866442309437885,0.04665656702322679,True,True,16000,9120,1720
20260791,62,mixed,4,probe_oracle,0.03361997930275551,0.05085426815514946,True,True,15996,6932,2266
20260791,62,mixed,4,all_agents_adaptive_eta,0.014915789190648038,0.04986429457400005,True,True,15984,14208,444
20260791,62,mixed,4,fixed_q8_adaptive_eta,0.003428448845816117,0.01532167020711823,True,True,15996,10664,1333
20260791,62,mixed,4,fixed_q1_adaptive_eta,0.0025818717763144055,0.010176492441581746,True,True,16000,3200,3200
20260791,62,mixed,16,adaptive_probe,0.01129100632996841,0.047137102082287136,True,True,16000,5184,2704
20260791,62,mixed,16,probe_oracle,0.03411115937520966,0.049801640829364356,True,True,15996,6932,2266
20260791,62,mixed,16,all_agents_adaptive_eta,0.029364725199639154,0.06029493445603377,True,True,15984,14208,444
20260791,62,mixed,16,fixed_q8_adaptive_eta,0.004360830615666601,0.018326408645960402,True,True,15996,10664,1333
20260791,62,mixed,16,fixed_q1_adaptive_eta,0.0024624281957993776,0.009698731541519547,True,True,16000,3200,3200
20260792,63,independent,4,adaptive_probe,0.00044031067410912677,0.054086899770268954,True,True,15984,14208,444
20260792,63,independent,4,probe_oracle,0.00044031067410912677,0.054086899770268954,True,True,15984,14208,444
20260792,63,independent,4,all_agents_adaptive_eta,0.00044031067410912677,0.054086899770268954,True,True,15984,14208,444
20260792,63,independent,4,fixed_q8_adaptive_eta,0.0006103905239852481,0.018663654461609155,True,True,15996,10664,1333
20260792,63,independent,4,fixed_q1_adaptive_eta,0.0005850622554582159,0.011594720155770497,True,True,16000,3200,3200
20260792,63,independent,16,adaptive_probe,0.0003895919689913345,0.048000797719786006,True,True,15984,14208,444
20260792,63,independent,16,probe_oracle,0.0003895919689913345,0.048000797719786006,True,True,15984,14208,444
20260792,63,independent,16,all_agents_adaptive_eta,0.0003895919689913345,0.048000797719786006,True,True,15984,14208,444
20260792,63,independent,16,fixed_q8_adaptive_eta,0.0007061985796312502,0.01952507824808669,True,True,15996,10664,1333
20260792,63,independent,16,fixed_q1_adaptive_eta,0.0005633630374068406,0.01636165104708415,True,True,16000,3200,3200
20260792,63,clustered,4,adaptive_probe,0.0012264584814683233,0.05213031672409968,True,True,16000,9120,1720
20260792,63,clustered,4,probe_oracle,0.0012264584814683233,0.05213031672409968,True,True,16000,9120,1720
20260792,63,clustered,4,all_agents_adaptive_eta,0.014561365612659338,0.055685716757616396,True,True,15984,14208,444
20260792,63,clustered,4,fixed_q8_adaptive_eta,0.0005305632018685163,0.022000929944182283,True,True,15996,10664,1333
20260792,63,clustered,4,fixed_q1_adaptive_eta,0.0028838514384672367,0.012208610270618966,True,True,16000,3200,3200
20260792,63,clustered,16,adaptive_probe,0.0013875545273792586,0.045716357239589785,True,True,16000,9120,1720
20260792,63,clustered,16,probe_oracle,0.0013875545273792586,0.045716357239589785,True,True,16000,9120,1720
20260792,63,clustered,16,all_agents_adaptive_eta,0.02304069206466573,0.049140508285158147,True,True,15984,14208,444
20260792,63,clustered,16,fixed_q8_adaptive_eta,0.0006646878933567247,0.024616008330037117,True,True,15996,10664,1333
20260792,63,clustered,16,fixed_q1_adaptive_eta,0.00270364549577136,0.013879478925622286,True,True,16000,3200,3200
20260792,63,global,4,adaptive_probe,0.017265015649857586,0.01906554284834332,True,True,15996,6932,2266
20260792,63,global,4,probe_oracle,0.011800659507473388,0.02045888167374635,True,True,16000,5184,2704
20260792,63,global,4,all_agents_adaptive_eta,0.008485282327015089,0.01752833343165456,True,True,15984,14208,444
20260792,63,global,4,fixed_q8_adaptive_eta,0.011072108572169224,0.006962838438151186,True,True,15996,10664,1333
20260792,63,global,4,fixed_q1_adaptive_eta,0.035569360541937455,0.013921279969039134,True,True,16000,3200,3200
20260792,63,global,16,adaptive_probe,0.017547905186760273,0.027778395641746934,True,True,15996,6932,2266
20260792,63,global,16,probe_oracle,0.011677083655448825,0.028476883619910857,True,True,16000,5184,2704
20260792,63,global,16,all_agents_adaptive_eta,0.00652335331175066,0.0323632918482935,True,True,15984,14208,444
20260792,63,global,16,fixed_q8_adaptive_eta,0.014641882274617815,0.019413249917857516,True,True,15996,10664,1333
20260792,63,global,16,fixed_q1_adaptive_eta,0.0363454575670554,0.024288439743704204,True,True,16000,3200,3200
20260792,63,mixed,4,adaptive_probe,0.00666593007170674,0.017935382390267294,True,True,15996,6932,2266
20260792,63,mixed,4,probe_oracle,0.00666593007170674,0.017935382390267294,True,True,15996,6932,2266
20260792,63,mixed,4,all_agents_adaptive_eta,3.4455988473802344e-05,0.018078858014047242,True,True,15984,14208,444
20260792,63,mixed,4,fixed_q8_adaptive_eta,0.006641649727764034,0.007801195141604678,True,True,15996,10664,1333
20260792,63,mixed,4,fixed_q1_adaptive_eta,0.03077177800099944,0.013424593522851856,True,True,16000,3200,3200
20260792,63,mixed,16,adaptive_probe,0.006729306547692475,0.02771043791460424,True,True,15996,6932,2266
20260792,63,mixed,16,probe_oracle,0.006729306547692475,0.02771043791460424,True,True,15996,6932,2266
20260792,63,mixed,16,all_agents_adaptive_eta,0.0003087777072721449,0.033146259425500556,True,True,15984,14208,444
20260792,63,mixed,16,fixed_q8_adaptive_eta,0.008843414686318015,0.023220722695593894,True,True,15996,10664,1333
20260792,63,mixed,16,fixed_q1_adaptive_eta,0.03088461428851081,0.02141757562976653,True,True,16000,3200,3200
