cell_id,schedule_family,target_scale,initial_common_parameter,noise_scale,spatial_correlation,temporal_correlation,delay,best_static_graph,best_static_auc,best_static_terminal,dynamic_auc,dynamic_terminal,dynamic_to_static_auc_ratio,dynamic_to_static_terminal_ratio,charged_shadow_auc,checkpoint_safe,selected_actions,action_change_count,environment_used,message_used
Fstationary-H0.1-I0.5-N0.1-S0-T0-D0,stationary,0.1,0.5,0.1,0.0,0.0,0,"[1,1,5,5]",0.010148740118044999,0.0019527025205902451,0.010602184188321942,0.001952703304590807,1.0446798385812142,1.000000401495135,0.012136014706009389,True,"[[1,1,2,2],[1,1,1,1],[1,1,5,5],[1,1,5,5],[1,1,5,5],[1,1,5,5]]",2,240,18
Fstationary-H0.1-I0.5-N0.1-S0-T0-D1,stationary,0.1,0.5,0.1,0.0,0.0,1,"[0,0,0,0]",0.010554786159276441,0.0020408171240529423,0.01167072190681819,0.001951741650939482,1.105727935242058,0.9563530352310247,0.012136014706009389,True,"[[0,0,0,0],[0,0,1,1],[1,1,5,5],[1,1,5,5],[1,1,5,5],[1,1,5,5]]",2,240,17
Fstationary-H0.1-I0.5-N0.1-S0-T0-D3,stationary,0.1,0.5,0.1,0.0,0.0,3,"[0,0,0,0]",0.010554786159276441,0.0020408171240529423,0.011887654340369598,0.0019429178560861164,1.126280927058074,0.9520293774425003,0.012136014706009389,True,"[[0,0,0,0],[0,0,0,0],[0,0,5,5],[1,1,5,5],[1,1,5,5],[1,1,5,5]]",2,240,16
Fstationary-H0.1-I0.5-N0.1-S0-T0.9-D0,stationary,0.1,0.5,0.1,0.0,0.9,0,"[1,1,5,5]",0.01985327994393393,0.014042733952270346,0.020126258361807942,0.013996126277366778,1.0137497893871898,0.9966810113285646,0.0238155737847526,True,"[[1,1,2,2],[1,1,1,1],[1,1,5,5],[1,1,5,5],[1,1,5,5],[1,1,5,5]]",2,240,18
Fstationary-H0.1-I0.5-N0.1-S0-T0.9-D1,stationary,0.1,0.5,0.1,0.0,0.9,1,"[0,0,0,0]",0.022773334837140374,0.014676404651838962,0.021455973528129408,0.01401275674744621,0.9421533421243814,0.9547813023600711,0.0238155737847526,True,"[[0,0,0,0],[1,1,1,1],[1,1,5,5],[1,1,5,5],[1,1,5,5],[1,1,5,5]]",2,240,17
Fstationary-H0.1-I0.5-N0.1-S0-T0.9-D3,stationary,0.1,0.5,0.1,0.0,0.9,3,"[0,0,0,0]",0.022773334837140374,0.014676404651838962,0.021623612524505675,0.013944288658909407,0.9495145387859643,0.9501161210598115,0.0238155737847526,True,"[[0,0,0,0],[0,0,1,1],[1,1,5,5],[1,1,5,5],[1,1,5,5],[1,1,5,5]]",2,240,17
Fstationary-H0.1-I0.5-N0.1-S0.9-T0-D0,stationary,0.1,0.5,0.1,0.9,0.0,0,"[1,1,5,5]",0.010514181555153298,0.002032005663706673,0.01094636390022094,0.0020320064807210275,1.0411047063245562,1.0000004020728728,0.012136014706009389,True,"[[1,1,2,2],[1,1,1,1],[1,1,5,5],[1,1,5,5],[1,1,5,5],[1,1,5,5]]",2,240,18
Fstationary-H0.1-I0.5-N0.1-S0.9-T0-D1,stationary,0.1,0.5,0.1,0.9,0.0,1,"[0,0,0,0]",0.010554786159276441,0.0020408171240529423,0.011882055940363566,0.0020083098352067725,1.1257505136587356,0.9840714346900362,0.012136014706009389,True,"[[0,0,0,0],[0,0,1,1],[1,1,5,5],[1,1,5,5],[1,1,5,5],[1,1,5,5]]",2,240,17
Fstationary-H0.1-I0.5-N0.1-S0.9-T0-D3,stationary,0.1,0.5,0.1,0.9,0.0,3,"[0,0,0,0]",0.010554786159276441,0.0020408171240529423,0.01195474672863304,0.0019647398627093797,1.132637511383989,0.9627221565093115,0.012136014706009389,True,"[[0,0,0,0],[0,0,0,0],[0,0,5,5],[1,1,5,5],[1,1,5,5],[1,1,5,5]]",2,240,16
Fstationary-H0.1-I0.5-N0.1-S0.9-T0.9-D0,stationary,0.1,0.5,0.1,0.9,0.9,0,"[1,1,5,5]",0.02248132934781973,0.014613037581882104,0.02241037448843843,0.014524482755269718,0.9968438316843491,0.9939400123953571,0.0238155737847526,True,"[[1,1,2,2],[1,1,1,1],[1,1,5,5],[1,1,5,5],[1,1,5,5],[1,1,5,5]]",2,240,18
Fstationary-H0.1-I0.5-N0.1-S0.9-T0.9-D1,stationary,0.1,0.5,0.1,0.9,0.9,1,"[0,0,0,0]",0.022773334837140374,0.014676404651838962,0.023068885047152227,0.014418893328907046,1.0129779064913167,0.9824540594893144,0.0238155737847526,True,"[[0,0,0,0],[0,0,1,1],[1,1,5,5],[1,1,5,5],[1,1,5,5],[1,1,5,5]]",2,240,17
Fstationary-H0.1-I0.5-N0.1-S0.9-T0.9-D3,stationary,0.1,0.5,0.1,0.9,0.9,3,"[0,0,0,0]",0.022773334837140374,0.014676404651838962,0.022199242677549923,0.014098496678145774,0.97479103681143,0.9606233278924498,0.0238155737847526,True,"[[0,0,0,0],[0,0,1,1],[1,1,5,5],[1,1,5,5],[1,1,5,5],[1,1,5,5]]",2,240,17
Fstationary-H0.1-I0.5-N0.5-S0-T0-D0,stationary,0.1,0.5,0.5,0.0,0.0,0,"[1,1,5,5]",0.01641839183415478,0.00976350938762385,0.016916293582856335,0.009763509982907113,1.0303258536969364,1.0000000609702147,0.019979811708983764,True,"[[1,1,2,2],[1,1,1,1],[1,1,5,5],[1,1,5,5],[1,1,5,5],[1,1,5,5]]",2,240,18
Fstationary-H0.1-I0.5-N0.5-S0-T0-D1,stationary,0.1,0.5,0.5,0.0,0.0,1,"[0,0,0,0]",0.018448622040311988,0.010204082404937337,0.018138926352042263,0.009758685836938171,0.9832130720878226,0.956351139639596,0.019979811708983764,True,"[[0,0,0,0],[1,1,1,1],[1,1,5,5],[1,1,5,5],[1,1,5,5],[1,1,5,5]]",2,240,17
Fstationary-H0.1-I0.5-N0.5-S0-T0-D3,stationary,0.1,0.5,0.5,0.0,0.0,3,"[0,0,0,0]",0.018448622040311988,0.010204082404937337,0.01833496078591148,0.009713066575160408,0.9938390382678908,0.9518804523237341,0.019979811708983764,True,"[[0,0,0,0],[0,0,1,1],[1,1,5,5],[1,1,5,5],[1,1,5,5],[1,1,5,5]]",2,240,17
Fstationary-H0.1-I0.5-N0.5-S0-T0.9-D0,stationary,0.1,0.5,0.5,0.0,0.9,0,"[1,1,5,5]",0.06494109096359942,0.07021366654602434,0.06447211391446041,0.06998062475085476,0.9927784236116102,0.996680962458828,0.07837760710269981,True,"[[1,1,1,1],[1,1,1,1],[1,1,5,5],[1,1,5,5],[1,1,5,5],[1,1,5,5]]",1,240,18
Fstationary-H0.1-I0.5-N0.5-S0-T0.9-D1,stationary,0.1,0.5,0.5,0.0,0.9,1,"[1,1,5,5]",0.06915176003412919,0.07017347233533401,0.06656427813893792,0.07006374898094636,0.9625825590857812,0.9984363983890762,0.07837760710269981,True,"[[0,0,0,0],[1,1,1,1],[1,1,5,5],[1,1,5,5],[1,1,5,5],[1,1,5,5]]",2,240,17
Fstationary-H0.1-I0.5-N0.5-S0-T0.9-D3,stationary,0.1,0.5,0.5,0.0,0.9,3,"[1,1,5,5]",0.06971077969882163,0.069843315467503,0.0665068816729341,0.06971935015964195,0.9540401349729606,0.9982250941692663,0.07837760710269981,True,"[[0,0,0,0],[1,1,1,1],[1,1,1,1],[1,1,5,5],[1,1,5,5],[1,1,5,5]]",2,240,17
Fstationary-H0.1-I0.5-N0.5-S0.9-T0-D0,stationary,0.1,0.5,0.5,0.9,0.0,0,"[1,1,5,5]",0.01824559901969627,0.010160025103205987,0.018637192142351322,0.010160025863558214,1.0214623330389057,1.0000000748376328,0.019979811708983764,True,"[[1,1,2,2],[1,1,1,1],[1,1,5,5],[1,1,5,5],[1,1,5,5],[1,1,5,5]]",2,240,18
Fstationary-H0.1-I0.5-N0.5-S0.9-T0-D1,stationary,0.1,0.5,0.5,0.9,0.0,1,"[0,0,0,0]",0.018448622040311988,0.010204082404937337,0.019241842722181098,0.01004152473088507,1.0429962021085286,0.984069349148571,0.019979811708983764,True,"[[0,0,0,0],[0,0,1,1],[1,1,5,5],[1,1,5,5],[1,1,5,5],[1,1,5,5]]",2,240,17
Fstationary-H0.1-I0.5-N0.5-S0.9-T0-D3,stationary,0.1,0.5,0.5,0.9,0.0,3,"[0,0,0,0]",0.018448622040311988,0.010204082404937337,0.018742864397817905,0.009821579212699381,1.015949286448764,0.9625146899977133,0.019979811708983764,True,"[[0,0,0,0],[0,0,1,1],[1,1,5,5],[1,1,5,5],[1,1,5,5],[1,1,5,5]]",2,240,17
Fstationary-H0.1-I0.5-N0.5-S0.9-T0.9-D0,stationary,0.1,0.5,0.5,0.9,0.9,0,"[1,1,5,5]",0.07808133798302842,0.07306518469408312,0.07595724508343875,0.07262240723630166,0.9727964075096746,0.9939399666252083,0.07837760710269981,True,"[[1,1,2,2],[1,1,1,1],[1,1,5,5],[1,1,5,5],[1,1,5,5],[1,1,5,5]]",2,240,18
Fstationary-H0.1-I0.5-N0.5-S0.9-T0.9-D1,stationary,0.1,0.5,0.5,0.9,0.9,1,"[1,1,5,5]",0.07683033448395,0.07204461069681256,0.0749477747943161,0.07209443984481402,0.9754971821705763,1.0006916429628743,0.07837760710269981,True,"[[0,0,0,0],[1,1,1,1],[1,1,5,5],[1,1,5,5],[1,1,5,5],[1,1,5,5]]",2,240,17
Fstationary-H0.1-I0.5-N0.5-S0.9-T0.9-D3,stationary,0.1,0.5,0.5,0.9,0.9,3,"[1,1,5,5]",0.07248687689104422,0.07056005047619629,0.06961105028245201,0.07048925471154988,0.9603262448054578,0.9989966593820635,0.07837760710269981,True,"[[0,0,0,0],[1,1,1,1],[1,1,1,1],[1,1,5,5],[1,1,5,5],[1,1,5,5]]",2,240,17
Fstationary-H0.1-I1.5-N0.1-S0-T0-D0,stationary,0.1,1.5,0.1,0.0,0.0,0,"[1,1,1,1]",0.07445151340486358,0.0024797059384260825,0.08448140934222663,0.0019527127758417616,1.1347171532003786,0.7874775575531292,0.09040574897728472,True,"[[1,1,2,2],[1,1,2,2],[1,1,5,5],[1,1,5,5],[1,1,5,5],[1,1,5,5]]",1,240,18
Fstationary-H0.1-I1.5-N0.1-S0-T0-D1,stationary,0.1,1.5,0.1,0.0,0.0,1,"[0,0,0,0]",0.07656499530556532,0.0020408233073748207,0.08916973027827689,0.001951782439516758,1.164627907601992,0.9563701239904993,0.09040574897728472,True,"[[0,0,0,0],[0,0,2,2],[0,0,5,5],[1,1,5,5],[1,1,5,5],[1,1,5,5]]",3,240,17
Fstationary-H0.1-I1.5-N0.1-S0-T0-D3,stationary,0.1,1.5,0.1,0.0,0.0,3,"[0,0,0,0]",0.07656499530556532,0.0020408233073748207,0.0900713616534949,0.0019434386453760183,1.176403933599508,0.9522816788465281,0.09040574897728472,True,"[[0,0,0,0],[0,0,0,0],[0,0,1,1],[1,1,5,5],[1,1,5,5],[1,1,5,5]]",2,240,16
Fstationary-H0.1-I1.5-N0.1-S0-T0.9-D0,stationary,0.1,1.5,0.1,0.0,0.9,0,"[1,1,1,1]",0.08414629945259942,0.014567160577982553,0.09421424705351343,0.013996136958211225,1.119648132673801,0.9608006229687343,0.10208530805602793,True,"[[1,1,2,2],[1,1,2,2],[1,1,5,5],[1,1,5,5],[1,1,5,5],[1,1,5,5]]",1,240,18
Fstationary-H0.1-I1.5-N0.1-S0-T0.9-D1,stationary,0.1,1.5,0.1,0.0,0.9,1,"[0,0,0,0]",0.08878354398342925,0.01467641083516084,0.0992989891752144,0.014012812220397752,1.1184391241889124,0.9547846798364843,0.10208530805602793,True,"[[0,0,0,0],[0,0,2,2],[1,1,5,5],[1,1,5,5],[1,1,5,5],[1,1,5,5]]",2,240,17
Fstationary-H0.1-I1.5-N0.1-S0-T0.9-D3,stationary,0.1,1.5,0.1,0.0,0.9,3,"[0,0,0,0]",0.08878354398342925,0.01467641083516084,0.10023140985166697,0.013945327199272493,1.1289413032484306,0.950186483323507,0.10208530805602793,True,"[[0,0,0,0],[0,0,0,0],[0,0,1,1],[1,1,5,5],[1,1,5,5],[1,1,5,5]]",2,240,16
Fstationary-H0.1-I1.5-N0.1-S0.9-T0-D0,stationary,0.1,1.5,0.1,0.9,0.0,0,"[1,1,1,1]",0.07481837267099135,0.0025593836492836097,0.08479242525594227,0.0020320157597989988,1.1333102048184225,0.7939473085122565,0.09040574897728472,True,"[[1,1,2,2],[1,1,2,2],[1,1,5,5],[1,1,5,5],[1,1,5,5],[1,1,5,5]]",1,240,18
Fstationary-H0.1-I1.5-N0.1-S0.9-T0-D1,stationary,0.1,1.5,0.1,0.9,0.0,1,"[0,0,0,0]",0.07656499530556532,0.0020408233073748207,0.0893319888249221,0.0020083503384144274,1.16674713383583,0.9840882996371869,0.09040574897728472,True,"[[0,0,0,0],[0,0,2,2],[0,0,0,0],[1,1,5,5],[1,1,5,5],[1,1,5,5]]",3,240,16
Fstationary-H0.1-I1.5-N0.1-S0.9-T0-D3,stationary,0.1,1.5,0.1,0.9,0.0,3,"[0,0,0,0]",0.07656499530556532,0.0020408233073748207,0.09013791539270494,0.001965235894945931,1.1772731785977533,0.962962294601525,0.09040574897728472,True,"[[0,0,0,0],[0,0,0,0],[0,0,1,1],[1,1,5,5],[1,1,5,5],[1,1,5,5]]",2,240,16
Fstationary-H0.1-I1.5-N0.1-S0.9-T0.9-D0,stationary,0.1,1.5,0.1,0.9,0.9,0,"[1,1,1,1]",0.08678454508584248,0.015140157888246675,0.09627731219793985,0.014524492155307038,1.109383152296387,0.959335580415738,0.10208530805602793,True,"[[1,1,2,2],[1,1,2,2],[1,1,5,5],[1,1,5,5],[1,1,5,5],[1,1,5,5]]",1,240,18
Fstationary-H0.1-I1.5-N0.1-S0.9-T0.9-D1,stationary,0.1,1.5,0.1,0.9,0.9,1,"[0,0,0,0]",0.08878354398342925,0.01467641083516084,0.1006375674099239,0.014418946513372987,1.1335159973869382,0.9824572693773986,0.10208530805602793,True,"[[0,0,0,0],[0,0,2,2],[1,1,5,5],[1,1,5,5],[1,1,5,5],[1,1,5,5]]",2,240,17
Fstationary-H0.1-I1.5-N0.1-S0.9-T0.9-D3,stationary,0.1,1.5,0.1,0.9,0.9,3,"[0,0,0,0]",0.08878354398342925,0.01467641083516084,0.10070038692240502,0.014100122002532368,1.134223555450771,0.960733667168281,0.10208530805602793,True,"[[0,0,0,0],[0,0,0,0],[0,0,1,1],[1,1,5,5],[1,1,5,5],[1,1,5,5]]",2,240,16
Fstationary-H0.1-I1.5-N0.5-S0-T0-D0,stationary,0.1,1.5,0.5,0.0,0.0,0,"[1,1,1,1]",0.08071486365866468,0.010288848059943689,0.0909429133953537,0.009763520308260215,1.1267182929273405,0.9489420245470757,0.09824954598025909,True,"[[1,1,2,2],[1,1,2,2],[1,1,5,5],[1,1,5,5],[1,1,5,5],[1,1,5,5]]",1,240,18
Fstationary-H0.1-I1.5-N0.5-S0-T0-D1,stationary,0.1,1.5,0.5,0.0,0.0,1,"[0,0,0,0]",0.08445883118660086,0.010204088588259214,0.09584111947733404,0.009758739370619987,1.13476729586259,0.9563558064213943,0.09824954598025909,True,"[[0,0,0,0],[0,0,2,2],[1,1,5,5],[1,1,5,5],[1,1,5,5],[1,1,5,5]]",2,240,17
Fstationary-H0.1-I1.5-N0.5-S0-T0-D3,stationary,0.1,1.5,0.5,0.0,0.0,3,"[0,0,0,0]",0.08445883118660086,0.010204088588259214,0.09681140940932814,0.009713874280610577,1.146255614116135,0.9519590305975317,0.09824954598025909,True,"[[0,0,0,0],[0,0,0,0],[0,0,1,1],[1,1,5,5],[1,1,5,5],[1,1,5,5]]",2,240,16
Fstationary-H0.1-I1.5-N0.5-S0-T0.9-D0,stationary,0.1,1.5,0.5,0.0,0.9,0,"[1,1,1,1]",0.12918879389734386,0.07072612125772604,0.1388772932145886,0.0699806364377236,1.0749948894556862,0.9894595545924838,0.15664734137397512,True,"[[1,1,2,2],[1,1,1,1],[1,1,5,5],[1,1,5,5],[1,1,5,5],[1,1,5,5]]",2,240,18
Fstationary-H0.1-I1.5-N0.5-S0-T0.9-D1,stationary,0.1,1.5,0.5,0.0,0.9,1,"[0,0,0,0]",0.1455515745759205,0.0733820262271893,0.14528727902460462,0.0700637740179367,0.998184179373628,0.9547811312952936,0.15664734137397512,True,"[[0,0,0,0],[1,1,1,1],[1,1,1,1],[1,1,5,5],[1,1,5,5],[1,1,5,5]]",2,240,17
Fstationary-H0.1-I1.5-N0.5-S0-T0.9-D3,stationary,0.1,1.5,0.5,0.0,0.9,3,"[0,0,0,0]",0.1455515745759205,0.0733820262271893,0.14666740791738905,0.06972249167647757,1.0076662402637666,0.9501303692626054,0.15664734137397512,True,"[[0,0,0,0],[0,0,0,0],[1,1,1,1],[1,1,5,5],[1,1,5,5],[1,1,5,5]]",2,240,16
Fstationary-H0.1-I1.5-N0.5-S0.9-T0-D0,stationary,0.1,1.5,0.5,0.9,0.0,0,"[1,1,1,1]",0.08254915998930344,0.010687236614231323,0.09249799296393191,0.0101600352280464,1.1205200994888092,0.9506699996252641,0.09824954598025909,True,"[[1,1,2,2],[1,1,2,2],[1,1,5,5],[1,1,5,5],[1,1,5,5],[1,1,5,5]]",1,240,18
Fstationary-H0.1-I1.5-N0.5-S0.9-T0-D1,stationary,0.1,1.5,0.5,0.9,0.0,1,"[0,0,0,0]",0.08445883118660086,0.010204088588259214,0.09677373257146576,0.010041577194111606,1.1458095170374396,0.9840738942295549,0.09824954598025909,True,"[[0,0,0,0],[0,0,2,2],[1,1,5,5],[1,1,5,5],[1,1,5,5],[1,1,5,5]]",2,240,17
Fstationary-H0.1-I1.5-N0.5-S0.9-T0-D3,stationary,0.1,1.5,0.5,0.9,0.0,3,"[0,0,0,0]",0.08445883118660086,0.010204088588259214,0.09714417810537834,0.009822860528460138,1.1501956247861262,0.9626396756063333,0.09824954598025909,True,"[[0,0,0,0],[0,0,0,0],[0,0,1,1],[1,1,5,5],[1,1,5,5],[1,1,5,5]]",2,240,16
Fstationary-H0.1-I1.5-N0.5-S0.9-T0.9-D0,stationary,0.1,1.5,0.5,0.9,0.9,0,"[1,1,1,1]",0.14238002206355907,0.07359110780904664,0.14992242767391975,0.0726224172055866,1.052973763460956,0.9868368525450985,0.15664734137397512,True,"[[1,1,2,2],[1,1,2,2],[1,1,5,5],[1,1,5,5],[1,1,5,5],[1,1,5,5]]",1,240,18
Fstationary-H0.1-I1.5-N0.5-S0.9-T0.9-D1,stationary,0.1,1.5,0.5,0.9,0.9,1,"[0,0,0,0]",0.1455515745759205,0.0733820262271893,0.15309797103356823,0.07209450192950535,1.0518468898714077,0.9824545005925865,0.15664734137397512,True,"[[0,0,0,0],[0,0,1,1],[1,1,5,5],[1,1,5,5],[1,1,5,5],[1,1,5,5]]",2,240,17
Fstationary-H0.1-I1.5-N0.5-S0.9-T0.9-D3,stationary,0.1,1.5,0.5,0.9,0.9,3,"[0,0,0,0]",0.1455515745759205,0.0733820262271893,0.1493285006612857,0.07049352370617222,1.0259490568643428,0.9606374657457082,0.15664734137397512,True,"[[0,0,0,0],[0,0,0,0],[1,1,1,1],[1,1,5,5],[1,1,5,5],[1,1,5,5]]",2,240,16
Fstationary-H0.3-I0.5-N0.1-S0-T0-D0,stationary,0.3,0.5,0.1,0.0,0.0,0,"[1,1,5,5]",0.012789148483896553,0.0019527027679231202,0.014122414708417188,0.0019527043548403808,1.1042498041366409,1.0000008126773243,0.015266804076860402,True,"[[1,1,2,2],[1,1,5,5],[1,1,5,5],[1,1,5,5],[1,1,5,5],[1,1,5,5]]",1,240,18
Fstationary-H0.3-I0.5-N0.1-S0-T0-D1,stationary,0.3,0.5,0.1,0.0,0.0,1,"[0,0,0,0]",0.013195194525127995,0.0020408173713858174,0.014962081179395676,0.001951747401362136,1.1339037973940396,0.9563557370333444,0.015266804076860402,True,"[[0,0,0,0],[0,0,5,5],[1,1,5,5],[1,1,5,5],[1,1,5,5],[1,1,5,5]]",2,240,17
Fstationary-H0.3-I0.5-N0.1-S0-T0-D3,stationary,0.3,0.5,0.1,0.0,0.0,3,"[0,0,0,0]",0.013195194525127995,0.0020408173713858174,0.015001239201150686,0.0019428427099744436,1.13687139455075,0.9519924404872916,0.015266804076860402,True,"[[0,0,0,0],[0,0,0,0],[0,0,5,5],[1,1,5,5],[1,1,5,5],[1,1,5,5]]",2,240,16
Fstationary-H0.3-I0.5-N0.1-S0-T0.9-D0,stationary,0.3,0.5,0.1,0.0,0.9,0,"[1,1,5,5]",0.022493688309785483,0.01404273419960322,0.023652006528221647,0.01399612758545183,1.0514952551348484,0.9966810869244603,0.026946363155603614,True,"[[1,1,2,2],[1,1,5,5],[1,1,5,5],[1,1,5,5],[1,1,5,5],[1,1,5,5]]",1,240,18
Fstationary-H0.3-I0.5-N0.1-S0-T0.9-D1,stationary,0.3,0.5,0.1,0.0,0.9,1,"[0,0,5,5]",0.024255210713599918,0.01435554987152031,0.02485531068549625,0.01401276498214956,1.0247410743605643,0.976121786177568,0.026946363155603614,True,"[[0,0,0,0],[1,1,5,5],[1,1,5,5],[1,1,5,5],[1,1,5,5],[1,1,5,5]]",1,240,17
Fstationary-H0.3-I0.5-N0.1-S0-T0.9-D3,stationary,0.3,0.5,0.1,0.0,0.9,3,"[0,0,5,5]",0.024262357508166483,0.014322456693199669,0.02483285938827115,0.013944554703354275,1.0235138683416334,0.9736147228132432,0.026946363155603614,True,"[[0,0,0,0],[0,0,5,5],[1,1,5,5],[1,1,5,5],[1,1,5,5],[1,1,5,5]]",2,240,17
Fstationary-H0.3-I0.5-N0.1-S0.9-T0-D0,stationary,0.3,0.5,0.1,0.9,0.0,0,"[1,1,5,5]",0.013154589921004852,0.0020320059110395475,0.014465665751074525,0.002032007489747987,1.0996667959961401,1.0000007769211847,0.015266804076860402,True,"[[1,1,2,2],[1,1,5,5],[1,1,5,5],[1,1,5,5],[1,1,5,5],[1,1,5,5]]",1,240,18
Fstationary-H0.3-I0.5-N0.1-S0.9-T0-D1,stationary,0.3,0.5,0.1,0.9,0.0,1,"[0,0,0,0]",0.013195194525127995,0.0020408173713858174,0.015172159022357514,0.002008315438163,1.149824581476592,0.9840740608745666,0.015266804076860402,True,"[[0,0,0,0],[0,0,0,0],[1,1,5,5],[1,1,5,5],[1,1,5,5],[1,1,5,5]]",1,240,16
Fstationary-H0.3-I0.5-N0.1-S0.9-T0-D3,stationary,0.3,0.5,0.1,0.9,0.0,3,"[0,0,0,0]",0.013195194525127995,0.0020408173713858174,0.015068331589414128,0.0019646647165977066,1.1419560022945523,0.9626852182582123,0.015266804076860402,True,"[[0,0,0,0],[0,0,0,0],[0,0,5,5],[1,1,5,5],[1,1,5,5],[1,1,5,5]]",2,240,16
Fstationary-H0.3-I0.5-N0.1-S0.9-T0.9-D0,stationary,0.3,0.5,0.1,0.9,0.9,0,"[1,1,5,5]",0.02512173771367128,0.014613037829214977,0.025930228103923855,0.014524483790080225,1.0321829007000816,0.9939400663866269,0.026946363155603614,True,"[[1,1,2,2],[1,1,5,5],[1,1,5,5],[1,1,5,5],[1,1,5,5],[1,1,5,5]]",1,240,18
Fstationary-H0.3-I0.5-N0.1-S0.9-T0.9-D1,stationary,0.3,0.5,0.1,0.9,0.9,1,"[0,0,5,5]",0.025023068158582,0.014542663707668164,0.026360170610256306,0.01441889905706812,1.053434792376399,0.9914895473698684,0.026946363155603614,True,"[[0,0,0,0],[0,0,5,5],[1,1,5,5],[1,1,5,5],[1,1,5,5],[1,1,5,5]]",2,240,17
Fstationary-H0.3-I0.5-N0.1-S0.9-T0.9-D3,stationary,0.3,0.5,0.1,0.9,0.9,3,"[0,0,5,5]",0.02453996722738874,0.014394130194068998,0.025411403358471987,0.014098788634996648,1.0355108922114065,0.9794818057714912,0.026946363155603614,True,"[[0,0,0,0],[0,0,5,5],[1,1,5,5],[1,1,5,5],[1,1,5,5],[1,1,5,5]]",2,240,17
Fstationary-H0.3-I0.5-N0.5-S0-T0-D0,stationary,0.3,0.5,0.5,0.0,0.0,0,"[1,1,5,5]",0.019058800200006335,0.009763509634956724,0.020440651521803407,0.009763511216368306,1.07250463341321,1.0000001619716312,0.023110601079834783,True,"[[1,1,2,2],[1,1,5,5],[1,1,5,5],[1,1,5,5],[1,1,5,5],[1,1,5,5]]",1,240,18
Fstationary-H0.3-I0.5-N0.5-S0-T0-D1,stationary,0.3,0.5,0.5,0.0,0.0,1,"[0,0,5,5]",0.020404992781871217,0.009981001638017191,0.021477564809850705,0.009758689871950561,1.0525641954126252,0.9777265074058445,0.023110601079834783,True,"[[0,0,0,0],[0,0,5,5],[1,1,5,5],[1,1,5,5],[1,1,5,5],[1,1,5,5]]",2,240,17
Fstationary-H0.3-I0.5-N0.5-S0-T0-D3,stationary,0.3,0.5,0.5,0.0,0.0,3,"[0,0,5,5]",0.020459485418468867,0.00995807161566626,0.021545099646179025,0.00971334055207814,1.053061658468212,0.9754238498141443,0.023110601079834783,True,"[[0,0,0,0],[0,0,5,5],[1,1,5,5],[1,1,5,5],[1,1,5,5],[1,1,5,5]]",2,240,17
Fstationary-H0.3-I0.5-N0.5-S0-T0.9-D0,stationary,0.3,0.5,0.5,0.0,0.9,0,"[1,1,5,5]",0.06758149932945097,0.07021366679335721,0.06763634344396142,0.06998062724587745,1.0008115255662366,0.9966809944826609,0.0815083964735508,True,"[[1,1,1,1],[1,1,5,5],[1,1,5,5],[1,1,5,5],[1,1,5,5],[1,1,5,5]]",1,240,18
Fstationary-H0.3-I0.5-N0.5-S0-T0.9-D1,stationary,0.3,0.5,0.5,0.0,0.9,1,"[1,1,5,5]",0.07338646106453756,0.0701734760066427,0.0694718450846207,0.07006375933172002,0.9466575179790416,0.9984364936559178,0.0815083964735508,True,"[[0,0,1,1],[1,1,5,5],[1,1,5,5],[1,1,5,5],[1,1,5,5],[1,1,5,5]]",1,240,18
Fstationary-H0.3-I0.5-N0.5-S0-T0.9-D3,stationary,0.3,0.5,0.5,0.0,0.9,3,"[0,1,5,5]",0.07409883256976493,0.07082708649083576,0.06942538799829921,0.0697182750700524,0.9369295789233169,0.9843448110642413,0.0815083964735508,True,"[[0,0,1,1],[0,0,5,5],[1,1,5,5],[1,1,5,5],[1,1,5,5],[1,1,5,5]]",2,240,18
Fstationary-H0.3-I0.5-N0.5-S0.9-T0-D0,stationary,0.3,0.5,0.5,0.9,0.0,0,"[1,1,5,5]",0.020886007385547824,0.010160025350538861,0.02215690673509009,0.010160026890906337,1.0608493201252849,1.0000001516105939,0.023110601079834783,True,"[[1,1,2,2],[1,1,5,5],[1,1,5,5],[1,1,5,5],[1,1,5,5],[1,1,5,5]]",1,240,18
Fstationary-H0.3-I0.5-N0.5-S0.9-T0-D1,stationary,0.3,0.5,0.5,0.9,0.0,1,"[0,0,5,5]",0.020938861984964686,0.010111096508158546,0.02253307287190621,0.010041530442310313,1.076136462816664,0.9931198297047109,0.023110601079834783,True,"[[0,0,0,0],[0,0,5,5],[1,1,5,5],[1,1,5,5],[1,1,5,5],[1,1,5,5]]",2,240,17
Fstationary-H0.3-I0.5-N0.5-S0.9-T0-D3,stationary,0.3,0.5,0.5,0.9,0.0,3,"[0,0,5,5]",0.02065249947406046,0.010007904139974103,0.02195511427839018,0.009821871962797542,1.0630729857161263,0.981411474912764,0.023110601079834783,True,"[[0,0,0,0],[0,0,5,5],[1,1,5,5],[1,1,5,5],[1,1,5,5],[1,1,5,5]]",2,240,17
Fstationary-H0.3-I0.5-N0.5-S0.9-T0.9-D0,stationary,0.3,0.5,0.5,0.9,0.9,0,"[1,1,5,5]",0.08072174634887998,0.07306518494141598,0.07947971849933674,0.07262240839256753,0.9846134665598638,0.993939979085751,0.0815083964735508,True,"[[1,1,2,2],[1,1,5,5],[1,1,5,5],[1,1,5,5],[1,1,5,5],[1,1,5,5]]",1,240,18
Fstationary-H0.3-I0.5-N0.5-S0.9-T0.9-D1,stationary,0.3,0.5,0.5,0.9,0.9,1,"[0,0,5,5]",0.07863410590887676,0.0727133109097061,0.07782276785863865,0.07209444721870975,0.9896821100607628,0.9914889903477941,0.0815083964735508,True,"[[0,0,1,1],[1,1,5,5],[1,1,5,5],[1,1,5,5],[1,1,5,5],[1,1,5,5]]",1,240,18
Fstationary-H0.3-I0.5-N0.5-S0.9-T0.9-D3,stationary,0.3,0.5,0.5,0.9,0.9,3,"[0,0,5,5]",0.075568532294208,0.07196961012120973,0.07225117963158693,0.07048933006823127,0.956101401444377,0.9794318733909299,0.0815083964735508,True,"[[0,0,1,1],[0,0,5,5],[1,1,5,5],[1,1,5,5],[1,1,5,5],[1,1,5,5]]",2,240,18
Fstationary-H0.3-I1.5-N0.1-S0-T0-D0,stationary,0.3,1.5,0.1,0.0,0.0,0,"[1,1,5,5]",0.07879935763018543,0.0019527089512449982,0.08279143890582871,0.0019527163846846526,1.050661342880212,1.0000038067320016,0.09353653834813573,True,"[[1,1,2,2],[1,1,1,1],[1,1,5,5],[1,1,5,5],[1,1,5,5],[1,1,5,5]]",2,240,18
Fstationary-H0.3-I1.5-N0.1-S0-T0-D1,stationary,0.3,1.5,0.1,0.0,0.0,1,"[0,0,0,0]",0.07920540367141687,0.0020408235547076958,0.09198929959337471,0.0019517758552743084,1.1614018151462462,0.9563667818180678,0.09353653834813573,True,"[[0,0,0,0],[0,0,1,1],[0,0,5,5],[1,1,5,5],[1,1,5,5],[1,1,5,5]]",3,240,17
Fstationary-H0.3-I1.5-N0.1-S0-T0-D3,stationary,0.3,1.5,0.1,0.0,0.0,3,"[0,0,0,0]",0.07920540367141687,0.0020408235547076958,0.0933344777066888,0.001944200702411699,1.1783852285367586,0.9526549700619091,0.09353653834813573,True,"[[0,0,0,0],[0,0,0,0],[0,0,0,0],[1,1,5,5],[1,1,5,5],[1,1,5,5]]",1,240,15
Fstationary-H0.3-I1.5-N0.1-S0-T0.9-D0,stationary,0.3,1.5,0.1,0.0,0.9,0,"[1,1,5,5]",0.08850389745607434,0.014042740382925098,0.09231551307931472,0.013996139357460623,1.0430672064485311,0.9966814863627944,0.10521609742687894,True,"[[1,1,2,2],[1,1,1,1],[1,1,5,5],[1,1,5,5],[1,1,5,5],[1,1,5,5]]",2,240,18
Fstationary-H0.3-I1.5-N0.1-S0-T0.9-D1,stationary,0.3,1.5,0.1,0.0,0.9,1,"[0,0,0,0]",0.0914239523492808,0.014676411082493717,0.10189014992354738,0.014012803579157079,1.1144798196240846,0.9547840749617459,0.10521609742687894,True,"[[0,0,0,0],[0,0,1,1],[1,1,5,5],[1,1,5,5],[1,1,5,5],[1,1,5,5]]",2,240,17
Fstationary-H0.3-I1.5-N0.1-S0-T0.9-D3,stationary,0.3,1.5,0.1,0.0,0.9,3,"[0,0,0,0]",0.0914239523492808,0.014676411082493717,0.10367006527557221,0.013947334223132803,1.1339486273739918,0.9503232189897862,0.10521609742687894,True,"[[0,0,0,0],[0,0,0,0],[0,0,5,5],[1,1,5,5],[1,1,5,5],[1,1,5,5]]",2,240,16
Fstationary-H0.3-I1.5-N0.1-S0.9-T0-D0,stationary,0.3,1.5,0.1,0.9,0.0,0,"[1,1,5,5]",0.07916479906729372,0.002032012094361426,0.08313561861772771,0.002032019560814873,1.0501589039221664,1.0000036744138816,0.09353653834813573,True,"[[1,1,2,2],[1,1,1,1],[1,1,5,5],[1,1,5,5],[1,1,5,5],[1,1,5,5]]",2,240,18
Fstationary-H0.3-I1.5-N0.1-S0.9-T0-D1,stationary,0.3,1.5,0.1,0.9,0.0,1,"[0,0,0,0]",0.07920540367141687,0.0020408235547076958,0.09217715801177057,0.00200834548992245,1.1637736030507078,0.9840858046202346,0.09353653834813573,True,"[[0,0,0,0],[0,0,1,1],[0,0,5,5],[1,1,5,5],[1,1,5,5],[1,1,5,5]]",3,240,17
Fstationary-H0.3-I1.5-N0.1-S0.9-T0-D3,stationary,0.3,1.5,0.1,0.9,0.0,3,"[0,0,0,0]",0.07920540367141687,0.0020408235547076958,0.0933926681296911,0.0019661160388078636,1.1791199059742188,0.96339344686242,0.09353653834813573,True,"[[0,0,0,0],[0,0,0,0],[0,0,0,0],[1,1,5,5],[1,1,5,5],[1,1,5,5]]",1,240,15
Fstationary-H0.3-I1.5-N0.1-S0.9-T0.9-D0,stationary,0.3,1.5,0.1,0.9,0.9,0,"[1,1,5,5]",0.09113194685996016,0.014613044012536856,0.09459962920594521,0.014524495835363563,1.0380512264410826,0.9939404700966257,0.10521609742687894,True,"[[1,1,2,2],[1,1,1,1],[1,1,5,5],[1,1,5,5],[1,1,5,5],[1,1,5,5]]",2,240,18
Fstationary-H0.3-I1.5-N0.1-S0.9-T0.9-D1,stationary,0.3,1.5,0.1,0.9,0.9,1,"[0,0,0,0]",0.0914239523492808,0.014676411082493717,0.10340575900642568,0.014418942219204624,1.1310576314986795,0.9824569602308151,0.10521609742687894,True,"[[0,0,0,0],[0,0,1,1],[1,1,5,5],[1,1,5,5],[1,1,5,5],[1,1,5,5]]",2,240,17
Fstationary-H0.3-I1.5-N0.1-S0.9-T0.9-D3,stationary,0.3,1.5,0.1,0.9,0.9,3,"[0,0,0,0]",0.0914239523492808,0.014676411082493717,0.10412651309601985,0.014102074934990239,1.1389412776447196,0.9608667170553327,0.10521609742687894,True,"[[0,0,0,0],[0,0,0,0],[0,0,0,0],[1,1,5,5],[1,1,5,5],[1,1,5,5]]",1,240,15
Fstationary-H0.3-I1.5-N0.5-S0-T0-D0,stationary,0.3,1.5,0.5,0.0,0.0,0,"[1,1,5,5]",0.0850690093462952,0.009763515818278603,0.0891055483003631,0.009763523063000958,1.0474501699865357,1.0000007420198307,0.10138033535111012,True,"[[1,1,2,2],[1,1,1,1],[1,1,5,5],[1,1,5,5],[1,1,5,5],[1,1,5,5]]",2,240,18
Fstationary-H0.3-I1.5-N0.5-S0-T0-D1,stationary,0.3,1.5,0.5,0.0,0.0,1,"[0,0,0,0]",0.08709923955245241,0.010204088835592089,0.09852204651372766,0.009758732699846197,1.1311470343480585,0.9563551295052941,0.10138033535111012,True,"[[0,0,0,0],[0,0,1,1],[1,1,5,5],[1,1,5,5],[1,1,5,5],[1,1,5,5]]",2,240,17
Fstationary-H0.3-I1.5-N0.5-S0-T0-D3,stationary,0.3,1.5,0.5,0.0,0.0,3,"[0,0,0,0]",0.08709923955245241,0.010204088835592089,0.100251235303286,0.009715935100888713,1.1510001214524184,0.9521609677680691,0.10138033535111012,True,"[[0,0,0,0],[0,0,0,0],[0,0,5,5],[1,1,5,5],[1,1,5,5],[1,1,5,5]]",2,240,16
Fstationary-H0.3-I1.5-N0.5-S0-T0.9-D0,stationary,0.3,1.5,0.5,0.0,0.9,0,"[1,1,5,5]",0.13359170847573984,0.07021367297667909,0.13672591916779311,0.0699806379268808,1.023461116919711,0.9966810588320072,0.15977813074482616,True,"[[1,1,2,2],[1,1,1,1],[1,1,5,5],[1,1,5,5],[1,1,5,5],[1,1,5,5]]",2,240,18
Fstationary-H0.3-I1.5-N0.5-S0-T0.9-D1,stationary,0.3,1.5,0.5,0.0,0.9,1,"[0,0,0,0]",0.14819198294177205,0.07338202647452217,0.14799545714235615,0.07006381849351573,0.9986738432436448,0.9547817341599512,0.15977813074482616,True,"[[0,0,0,0],[1,1,1,1],[1,1,5,5],[1,1,5,5],[1,1,5,5],[1,1,5,5]]",2,240,17
Fstationary-H0.3-I1.5-N0.5-S0-T0.9-D3,stationary,0.3,1.5,0.5,0.0,0.9,3,"[0,0,0,0]",0.14819198294177205,0.07338202647452217,0.14947179287928436,0.06972473449116919,1.0086361617687185,0.9501609296027989,0.15977813074482616,True,"[[0,0,0,0],[0,0,1,1],[1,1,5,5],[1,1,5,5],[1,1,5,5],[1,1,5,5]]",2,240,17
Fstationary-H0.3-I1.5-N0.5-S0.9-T0-D0,stationary,0.3,1.5,0.5,0.9,0.0,0,"[1,1,5,5]",0.0868962165318367,0.01016003153386074,0.09082644685985809,0.01016003894365206,1.0452290155415622,1.0000007293079058,0.10138033535111012,True,"[[1,1,2,2],[1,1,1,1],[1,1,5,5],[1,1,5,5],[1,1,5,5],[1,1,5,5]]",2,240,18
Fstationary-H0.3-I1.5-N0.5-S0.9-T0-D1,stationary,0.3,1.5,0.5,0.9,0.0,1,"[0,0,0,0]",0.08709923955245241,0.010204088835592089,0.09957871668145453,0.010041573621182649,1.1432788299085757,0.9840735202301862,0.10138033535111012,True,"[[0,0,0,0],[0,0,1,1],[1,1,5,5],[1,1,5,5],[1,1,5,5],[1,1,5,5]]",2,240,17
Fstationary-H0.3-I1.5-N0.5-S0.9-T0-D3,stationary,0.3,1.5,0.5,0.9,0.0,3,"[0,0,0,0]",0.08709923955245241,0.010204088835592089,0.10052732094869311,0.009824549112952897,1.1541699039536863,0.9628051334367701,0.10138033535111012,True,"[[0,0,0,0],[0,0,0,0],[0,0,0,0],[1,1,5,5],[1,1,5,5],[1,1,5,5]]",1,240,15
Fstationary-H0.3-I1.5-N0.5-S0.9-T0.9-D0,stationary,0.3,1.5,0.5,0.9,0.9,0,"[1,1,5,5]",0.14673195549516885,0.07306519112473786,0.14814649980094552,0.0726224203163955,1.0096403288636282,0.9939400581655025,0.15977813074482616,True,"[[1,1,2,2],[1,1,1,1],[1,1,5,5],[1,1,5,5],[1,1,5,5],[1,1,5,5]]",2,240,18
Fstationary-H0.3-I1.5-N0.5-S0.9-T0.9-D1,stationary,0.3,1.5,0.5,0.9,0.9,1,"[0,0,0,0]",0.14819198294177205,0.07338202647452217,0.15551286221539787,0.072094491089684,1.0494013179950656,0.9824543495635789,0.15977813074482616,True,"[[0,0,0,0],[0,0,1,1],[1,1,5,5],[1,1,5,5],[1,1,5,5],[1,1,5,5]]",2,240,17
Fstationary-H0.3-I1.5-N0.5-S0.9-T0.9-D3,stationary,0.3,1.5,0.5,0.9,0.9,3,"[0,0,0,0]",0.14819198294177205,0.07338202647452217,0.15234994364450558,0.07049577458735101,1.0280579328260104,0.9606681359750503,0.15977813074482616,True,"[[0,0,0,0],[0,0,1,1],[1,1,5,5],[1,1,5,5],[1,1,5,5],[1,1,5,5]]",2,240,17
Fstationary-H0.6-I0.5-N0.1-S0-T0-D0,stationary,0.6,0.5,0.1,0.0,0.0,0,"[1,1,5,5]",0.021700526718645554,0.0019527036026715737,0.025433427022008778,0.001952706735075603,1.1720188800834883,1.0000016041369644,0.02583321820348258,True,"[[1,1,5,5],[1,1,5,5],[1,1,5,5],[1,1,5,5],[1,1,5,5],[1,1,5,5]]",0,240,18
Fstationary-H0.6-I0.5-N0.1-S0-T0-D1,stationary,0.6,0.5,0.1,0.0,0.0,1,"[0,0,5,5]",0.021989693893325488,0.001996202046083365,0.0255267501963591,0.0019517563167513303,1.160850638494209,0.977734854335392,0.02583321820348258,True,"[[0,0,0,0],[0,0,5,5],[1,1,5,5],[1,1,5,5],[1,1,5,5],[1,1,5,5]]",2,240,17
Fstationary-H0.6-I0.5-N0.1-S0-T0-D3,stationary,0.6,0.5,0.1,0.0,0.0,3,"[0,0,5,5]",0.022008718282628802,0.0019916289568694353,0.025556464932742367,0.001943004880049622,1.161197331191874,0.9755857753262216,0.02583321820348258,True,"[[0,0,0,0],[0,0,5,5],[0,0,5,5],[1,1,5,5],[1,1,5,5],[1,1,5,5]]",2,240,17
Fstationary-H0.6-I0.5-N0.1-S0-T0.9-D0,stationary,0.6,0.5,0.1,0.0,0.9,0,"[1,1,5,5]",0.031405066544534475,0.014042735034351673,0.034868472048337346,0.01399612994579108,1.1102817438355537,0.996681195760898,0.03751277728222578,True,"[[1,1,5,5],[1,1,5,5],[1,1,5,5],[1,1,5,5],[1,1,5,5],[1,1,5,5]]",0,240,18
Fstationary-H0.6-I0.5-N0.1-S0-T0.9-D1,stationary,0.6,0.5,0.1,0.0,0.9,1,"[0,0,5,5]",0.03286765907374451,0.014355550064273297,0.03532797177905559,0.014012769831743101,1.0748551242968332,0.9761221108912242,0.03751277728222578,True,"[[0,0,1,1],[0,0,5,5],[1,1,5,5],[1,1,5,5],[1,1,5,5],[1,1,5,5]]",2,240,18
Fstationary-H0.6-I0.5-N0.1-S0-T0.9-D3,stationary,0.6,0.5,0.1,0.0,0.9,3,"[0,0,5,5]",0.032752917938554366,0.0143222631571088,0.03529605572624649,0.013945162740350332,1.0776461441531147,0.9736703331993104,0.03751277728222578,True,"[[0,0,1,1],[0,0,5,5],[1,1,5,5],[1,1,5,5],[1,1,5,5],[1,1,5,5]]",2,240,18
Fstationary-H0.6-I0.5-N0.1-S0.9-T0-D0,stationary,0.6,0.5,0.1,0.9,0.0,0,"[1,1,5,5]",0.02206596815575385,0.002032006745788001,0.025793239085335193,0.0020320098734682313,1.1689149056715842,1.0000015392076018,0.02583321820348258,True,"[[1,1,5,5],[1,1,5,5],[1,1,5,5],[1,1,5,5],[1,1,5,5],[1,1,5,5]]",0,240,18
Fstationary-H0.6-I0.5-N0.1-S0.9-T0-D1,stationary,0.6,0.5,0.1,0.9,0.0,1,"[0,0,5,5]",0.02209646773394418,0.002022221020111636,0.02573074154077125,0.002008321406550821,1.164473066491264,0.9931265606367559,0.02583321820348258,True,"[[0,0,0,0],[0,0,5,5],[0,0,5,5],[1,1,5,5],[1,1,5,5],[1,1,5,5]]",2,240,17
Fstationary-H0.6-I0.5-N0.1-S0.9-T0-D3,stationary,0.6,0.5,0.1,0.9,0.0,3,"[0,0,5,5]",0.022047321093747116,0.0020015954617310042,0.025629565893923456,0.001964804491966405,1.1624798216955397,0.9816191780666897,0.02583321820348258,True,"[[0,0,0,0],[0,0,5,5],[0,0,5,5],[1,1,5,5],[1,1,5,5],[1,1,5,5]]",2,240,17
Fstationary-H0.6-I0.5-N0.1-S0.9-T0.9-D0,stationary,0.6,0.5,0.1,0.9,0.9,0,"[1,1,5,5]",0.034033115948420276,0.014613038663963431,0.03724834675883694,0.014524486171810874,1.094473594932935,0.9939401725959344,0.03751277728222578,True,"[[1,1,5,5],[1,1,5,5],[1,1,5,5],[1,1,5,5],[1,1,5,5],[1,1,5,5]]",0,240,18
Fstationary-H0.6-I0.5-N0.1-S0.9-T0.9-D1,stationary,0.6,0.5,0.1,0.9,0.9,1,"[0,0,5,5]",0.0336355165187266,0.014542663900421152,0.03683706608566186,0.014418907876415069,1.0951836005001676,0.9914901406748113,0.03751277728222578,True,"[[0,0,1,1],[0,0,5,5],[1,1,5,5],[1,1,5,5],[1,1,5,5],[1,1,5,5]]",2,240,18
Fstationary-H0.6-I0.5-N0.1-S0.9-T0.9-D3,stationary,0.6,0.5,0.1,0.9,0.9,3,"[0,0,5,5]",0.03303052765777662,0.01439393665797813,0.03586121405290404,0.014099373739986107,1.0856990970430642,0.9795356249654777,0.03751277728222578,True,"[[0,0,1,1],[0,0,5,5],[1,1,5,5],[1,1,5,5],[1,1,5,5],[1,1,5,5]]",2,240,18
Fstationary-H0.6-I0.5-N0.5-S0-T0-D0,stationary,0.6,0.5,0.5,0.0,0.0,0,"[1,1,5,5]",0.02797017843475533,0.009763510469705177,0.03167805929908798,0.009763513581114543,1.132565506258097,1.0000003186773216,0.03367701520645696,True,"[[1,1,5,5],[1,1,5,5],[1,1,5,5],[1,1,5,5],[1,1,5,5],[1,1,5,5]]",0,240,18
Fstationary-H0.6-I0.5-N0.5-S0-T0-D1,stationary,0.6,0.5,0.5,0.0,0.0,1,"[0,0,5,5]",0.02901744114201581,0.009981001830770178,0.03199036632200126,0.009758698804393421,1.1024530442031568,0.9777273834685187,0.03367701520645696,True,"[[0,0,1,1],[0,0,5,5],[1,1,5,5],[1,1,5,5],[1,1,5,5],[1,1,5,5]]",2,240,18
Fstationary-H0.6-I0.5-N0.5-S0-T0-D3,stationary,0.6,0.5,0.5,0.0,0.0,3,"[0,0,5,5]",0.028950045848856753,0.009957878079575391,0.03204267661488006,0.009713953326229121,1.1068264548584623,0.9755043442591866,0.03367701520645696,True,"[[0,0,1,1],[0,0,5,5],[1,1,5,5],[1,1,5,5],[1,1,5,5],[1,1,5,5]]",2,240,18
Fstationary-H0.6-I0.5-N0.5-S0-T0.9-D0,stationary,0.6,0.5,0.5,0.0,0.9,0,"[1,1,5,5]",0.07649287756419997,0.07021366762810567,0.07885328443073081,0.06998062963469191,1.0308578647018445,0.9966810166555026,0.09207481060017299,True,"[[1,1,5,5],[1,1,5,5],[1,1,5,5],[1,1,5,5],[1,1,5,5],[1,1,5,5]]",0,240,18
Fstationary-H0.6-I0.5-N0.5-S0-T0.9-D1,stationary,0.6,0.5,0.5,0.0,0.9,1,"[0,0,5,5]",0.08340726704411094,0.07177774192171982,0.07981975593488444,0.07006377196903046,0.9569880271064486,0.9761211497213357,0.09207481060017299,True,"[[0,0,2,2],[1,1,5,5],[1,1,5,5],[1,1,5,5],[1,1,5,5],[1,1,5,5]]",1,240,18
Fstationary-H0.6-I0.5-N0.5-S0-T0.9-D3,stationary,0.6,0.5,0.5,0.0,0.9,3,"[0,0,5,5]",0.0826710441284846,0.0716110490807722,0.0794883070556753,0.0697187955910568,0.9615011869468736,0.9735759563083474,0.09207481060017299,True,"[[0,0,2,2],[0,0,5,5],[1,1,5,5],[1,1,5,5],[1,1,5,5],[1,1,5,5]]",2,240,18
Fstationary-H0.6-I0.5-N0.5-S0.9-T0-D0,stationary,0.6,0.5,0.5,0.9,0.0,0,"[1,1,5,5]",0.02979738562029682,0.010160026185287314,0.033477119615720065,0.010160029273077683,1.1234918406035177,1.0000003039155916,0.03367701520645696,True,"[[1,1,5,5],[1,1,5,5],[1,1,5,5],[1,1,5,5],[1,1,5,5],[1,1,5,5]]",0,240,18
Fstationary-H0.6-I0.5-N0.5-S0.9-T0-D1,stationary,0.6,0.5,0.5,0.9,0.0,1,"[0,0,5,5]",0.029551310345109282,0.010111096700911534,0.03304192042977961,0.01004153929836434,1.118120314933785,0.9931206866470852,0.03367701520645696,True,"[[0,0,1,1],[0,0,5,5],[1,1,5,5],[1,1,5,5],[1,1,5,5],[1,1,5,5]]",2,240,18
Fstationary-H0.6-I0.5-N0.5-S0.9-T0-D3,stationary,0.6,0.5,0.5,0.9,0.0,3,"[0,0,5,5]",0.029143059904448345,0.010007710603883235,0.032417576160860405,0.00982221286564005,1.1123600701898926,0.9814645181515134,0.03367701520645696,True,"[[0,0,1,1],[0,0,5,5],[0,0,5,5],[1,1,5,5],[1,1,5,5],[1,1,5,5]]",2,240,18
Fstationary-H0.6-I0.5-N0.5-S0.9-T0.9-D0,stationary,0.6,0.5,0.5,0.9,0.9,0,"[1,1,5,5]",0.08963312458362897,0.07306518577616444,0.09075265798322878,0.07262241076479088,1.0124901748633706,0.9939400001974948,0.09207481060017299,True,"[[1,1,5,5],[1,1,5,5],[1,1,5,5],[1,1,5,5],[1,1,5,5],[1,1,5,5]]",0,240,18
Fstationary-H0.6-I0.5-N0.5-S0.9-T0.9-D1,stationary,0.6,0.5,0.5,0.9,0.9,1,"[0,0,5,5]",0.08724655426902135,0.0727133111024591,0.08806783027889296,0.07209445596786426,1.009413277312239,0.9914891080434665,0.09207481060017299,True,"[[0,0,2,2],[0,0,5,5],[1,1,5,5],[1,1,5,5],[1,1,5,5],[1,1,5,5]]",2,240,18
Fstationary-H0.6-I0.5-N0.5-S0.9-T0.9-D3,stationary,0.6,0.5,0.5,0.9,0.9,3,"[0,0,5,5]",0.08405909272459589,0.07196941658511885,0.08229178928305754,0.07048981236922469,0.978975463757043,0.9794412086953044,0.09207481060017299,True,"[[0,0,2,2],[0,0,5,5],[1,1,5,5],[1,1,5,5],[1,1,5,5],[1,1,5,5]]",2,240,18
Fstationary-H0.6-I1.5-N0.1-S0-T0-D0,stationary,0.6,1.5,0.1,0.0,0.0,0,"[1,1,5,5]",0.08771073586493443,0.001952709785993452,0.09160091586401925,0.0019527206590448413,1.0443523812760538,1.0000055681860496,0.10410295247475788,True,"[[1,1,2,2],[1,1,5,5],[1,1,5,5],[1,1,5,5],[1,1,5,5],[1,1,5,5]]",1,240,18
Fstationary-H0.6-I1.5-N0.1-S0-T0-D1,stationary,0.6,1.5,0.1,0.0,0.0,1,"[0,0,0,0]",0.08811678190616586,0.0020408243894561493,0.10386252838378196,0.001951803415071002,1.1786918012324088,0.956379894887051,0.10410295247475788,True,"[[0,0,0,0],[0,0,0,0],[0,0,5,5],[1,1,5,5],[1,1,5,5],[1,1,5,5]]",2,240,16
Fstationary-H0.6-I1.5-N0.1-S0-T0-D3,stationary,0.6,1.5,0.1,0.0,0.0,3,"[0,0,0,0]",0.08811678190616586,0.0020408243894561493,0.10313546275933207,0.0019440259564579296,1.1704406417061322,0.9525689552230336,0.10410295247475788,True,"[[0,0,0,0],[0,0,1,1],[0,0,5,5],[1,1,5,5],[1,1,5,5],[1,1,5,5]]",3,240,17
Fstationary-H0.6-I1.5-N0.1-S0-T0.9-D0,stationary,0.6,1.5,0.1,0.0,0.9,0,"[1,1,5,5]",0.09741527569082337,0.014042741217673554,0.1011305076838237,0.01399614388965629,1.0381380842650565,0.9966817498595917,0.1157825115535011,True,"[[1,1,2,2],[1,1,5,5],[1,1,5,5],[1,1,5,5],[1,1,5,5],[1,1,5,5]]",1,240,18
Fstationary-H0.6-I1.5-N0.1-S0-T0.9-D1,stationary,0.6,1.5,0.1,0.0,0.9,1,"[0,0,0,0]",0.10033533058402981,0.01467641191724217,0.11398242691745997,0.01401283791274574,1.136014863896829,0.9547863600287174,0.1157825115535011,True,"[[0,0,0,0],[0,0,0,0],[1,1,5,5],[1,1,5,5],[1,1,5,5],[1,1,5,5]]",1,240,16
Fstationary-H0.6-I1.5-N0.1-S0-T0.9-D3,stationary,0.6,1.5,0.1,0.0,0.9,3,"[0,0,0,0]",0.10033533058402981,0.01467641191724217,0.11304740647129756,0.01394563716483532,1.1266959087419512,0.9502075332494367,0.1157825115535011,True,"[[0,0,0,0],[0,0,1,1],[0,0,5,5],[1,1,5,5],[1,1,5,5],[1,1,5,5]]",3,240,17
Fstationary-H0.6-I1.5-N0.1-S0.9-T0-D0,stationary,0.6,1.5,0.1,0.9,0.0,0,"[1,1,5,5]",0.08807617730204272,0.0020320129291098795,0.09194416690667657,0.0020320237939524476,1.0439164110332495,1.000005346837322,0.10410295247475788,True,"[[1,1,2,2],[1,1,5,5],[1,1,5,5],[1,1,5,5],[1,1,5,5],[1,1,5,5]]",1,240,18
Fstationary-H0.6-I1.5-N0.1-S0.9-T0-D1,stationary,0.6,1.5,0.1,0.9,0.0,1,"[0,0,0,0]",0.08811678190616586,0.0020408243894561493,0.10402744203401397,0.0020083720664024946,1.1805633363323587,0.9840984245281865,0.10410295247475788,True,"[[0,0,0,0],[0,0,0,0],[0,0,0,0],[1,1,5,5],[1,1,5,5],[1,1,5,5]]",1,240,15
Fstationary-H0.6-I1.5-N0.1-S0.9-T0-D3,stationary,0.6,1.5,0.1,0.9,0.0,3,"[0,0,0,0]",0.08811678190616586,0.0020408243894561493,0.10320814151645219,0.001965821813738626,1.1712654421079163,0.9632488830959579,0.10410295247475788,True,"[[0,0,0,0],[0,0,1,1],[0,0,5,5],[1,1,5,5],[1,1,5,5],[1,1,5,5]]",3,240,17
Fstationary-H0.6-I1.5-N0.1-S0.9-T0.9-D0,stationary,0.6,1.5,0.1,0.9,0.9,0,"[1,1,5,5]",0.10004332509470915,0.014613044847285308,0.10340872925952592,0.014524500094284687,1.033639467317093,0.9939407047657784,0.1157825115535011,True,"[[1,1,2,2],[1,1,5,5],[1,1,5,5],[1,1,5,5],[1,1,5,5],[1,1,5,5]]",1,240,18
Fstationary-H0.6-I1.5-N0.1-S0.9-T0.9-D1,stationary,0.6,1.5,0.1,0.9,0.9,1,"[0,0,0,0]",0.10033533058402981,0.01467641191724217,0.11532852157599995,0.014418968275297716,1.1494308226693237,0.9824586797238906,0.1157825115535011,True,"[[0,0,0,0],[0,0,0,0],[0,0,5,5],[1,1,5,5],[1,1,5,5],[1,1,5,5]]",2,240,16
Fstationary-H0.6-I1.5-N0.1-S0.9-T0.9-D3,stationary,0.6,1.5,0.1,0.9,0.9,3,"[0,0,0,0]",0.10033533058402981,0.01467641191724217,0.11355979514630055,0.014100433581392633,1.1318026709564224,0.9607548262410879,0.1157825115535011,True,"[[0,0,0,0],[0,0,1,1],[0,0,5,5],[1,1,5,5],[1,1,5,5],[1,1,5,5]]",3,240,17
Fstationary-H0.6-I1.5-N0.5-S0-T0-D0,stationary,0.6,1.5,0.5,0.0,0.0,0,"[1,1,5,5]",0.09398038758104421,0.009763516653027056,0.09791915267740546,0.009763527520572766,1.0419105006665847,1.0000011130769881,0.1119467494777323,True,"[[1,1,2,2],[1,1,5,5],[1,1,5,5],[1,1,5,5],[1,1,5,5],[1,1,5,5]]",1,240,18
Fstationary-H0.6-I1.5-N0.5-S0-T0-D1,stationary,0.6,1.5,0.5,0.0,0.0,1,"[0,0,0,0]",0.09601061778720142,0.010204089670340543,0.11056271314011816,0.0097587668972737,1.1515675629248643,0.9563584026156464,0.1119467494777323,True,"[[0,0,0,0],[0,0,0,0],[1,1,5,5],[1,1,5,5],[1,1,5,5],[1,1,5,5]]",1,240,16
Fstationary-H0.6-I1.5-N0.5-S0-T0-D3,stationary,0.6,1.5,0.5,0.0,0.0,3,"[0,0,0,0]",0.09601061778720142,0.010204089670340543,0.10969692270366249,0.009714267101935866,1.142549909915125,0.951997426107651,0.1119467494777323,True,"[[0,0,0,0],[0,0,1,1],[0,0,5,5],[1,1,5,5],[1,1,5,5],[1,1,5,5]]",3,240,17
Fstationary-H0.6-I1.5-N0.5-S0-T0.9-D0,stationary,0.6,1.5,0.5,0.0,0.9,0,"[1,1,5,5]",0.14250308671048884,0.07021367381142755,0.14556711177642775,0.06998064367363001,1.021501464541353,0.9966811288293589,0.17034454487144832,True,"[[1,1,2,2],[1,1,5,5],[1,1,5,5],[1,1,5,5],[1,1,5,5],[1,1,5,5]]",1,240,18
Fstationary-H0.6-I1.5-N0.5-S0-T0.9-D1,stationary,0.6,1.5,0.5,0.0,0.9,1,"[0,0,0,0]",0.15710336117652107,0.07338202730927063,0.16010815797117542,0.07006383973318134,1.0191262412984161,0.9547820127385593,0.17034454487144832,True,"[[0,0,0,0],[0,0,5,5],[1,1,5,5],[1,1,5,5],[1,1,5,5],[1,1,5,5]]",2,240,17
Fstationary-H0.6-I1.5-N0.5-S0-T0.9-D3,stationary,0.6,1.5,0.5,0.0,0.9,3,"[0,0,0,0]",0.15710336117652107,0.07338202730927063,0.15859524730836108,0.06972345096649529,1.009496207596499,0.9501434277993417,0.17034454487144832,True,"[[0,0,0,0],[0,0,1,1],[1,1,5,5],[1,1,5,5],[1,1,5,5],[1,1,5,5]]",2,240,17
Fstationary-H0.6-I1.5-N0.5-S0.9-T0-D0,stationary,0.6,1.5,0.5,0.9,0.0,0,"[1,1,5,5]",0.0958075947665857,0.010160032368609193,0.09963540789069215,0.010160043195110798,1.039953128282075,1.0000010655971567,0.1119467494777323,True,"[[1,1,2,2],[1,1,5,5],[1,1,5,5],[1,1,5,5],[1,1,5,5],[1,1,5,5]]",1,240,18
Fstationary-H0.6-I1.5-N0.5-S0.9-T0-D1,stationary,0.6,1.5,0.5,0.9,0.0,1,"[0,0,0,0]",0.09601061778720142,0.010204089670340543,0.11149851257877329,0.010041601091154293,1.1613143957254743,0.984076131782873,0.1119467494777323,True,"[[0,0,0,0],[0,0,0,0],[0,0,5,5],[1,1,5,5],[1,1,5,5],[1,1,5,5]]",2,240,16
Fstationary-H0.6-I1.5-N0.5-S0.9-T0-D3,stationary,0.6,1.5,0.5,0.9,0.0,3,"[0,0,0,0]",0.09601061778720142,0.010204089670340543,0.11006031648926322,0.009823246388339348,1.146334843227461,0.9626773877626572,0.1119467494777323,True,"[[0,0,0,0],[0,0,1,1],[0,0,5,5],[1,1,5,5],[1,1,5,5],[1,1,5,5]]",3,240,17
Fstationary-H0.6-I1.5-N0.5-S0.9-T0.9-D0,stationary,0.6,1.5,0.5,0.9,0.9,0,"[1,1,5,5]",0.15564333372991787,0.07306519195948633,0.1569582196549388,0.07262242469677199,1.0084480709421362,0.9939401067616459,0.17034454487144832,True,"[[1,1,2,2],[1,1,5,5],[1,1,5,5],[1,1,5,5],[1,1,5,5],[1,1,5,5]]",1,240,18
Fstationary-H0.6-I1.5-N0.5-S0.9-T0.9-D1,stationary,0.6,1.5,0.5,0.9,0.9,1,"[0,0,0,0]",0.15710336117652107,0.07338202730927063,0.1676778992551569,0.07209453042542313,1.067309432461819,0.9824548744282943,0.17034454487144832,True,"[[0,0,0,0],[0,0,5,5],[1,1,5,5],[1,1,5,5],[1,1,5,5],[1,1,5,5]]",2,240,17
Fstationary-H0.6-I1.5-N0.5-S0.9-T0.9-D3,stationary,0.6,1.5,0.5,0.9,0.9,3,"[0,0,0,0]",0.15710336117652107,0.07338202730927063,0.16147339807358232,0.07049449106267713,1.0278163170051535,0.9606506340520699,0.17034454487144832,True,"[[0,0,0,0],[0,0,1,1],[1,1,5,5],[1,1,5,5],[1,1,5,5],[1,1,5,5]]",2,240,17
Fsingle_switch-H0.1-I0.5-N0.1-S0-T0-D0,single_switch,0.1,0.5,0.1,0.0,0.0,0,"[0,0,1,3]",0.010521839960107525,0.0019981644834916575,0.010672384860357105,0.00195282965431753,1.0143078492754458,0.9773117630962452,0.012911185556472726,True,"[[1,1,2,2],[1,1,1,1],[1,1,5,5],[0,6,2,5],[3,5,1,3],[3,5,1,3]]",4,240,18
Fsingle_switch-H0.1-I0.5-N0.1-S0-T0-D1,single_switch,0.1,0.5,0.1,0.0,0.0,1,"[0,0,0,0]",0.011209929625058812,0.002041920885898657,0.011706314272878741,0.0019518505635073829,1.0442807996501873,0.955889416179984,0.012911185556472726,True,"[[0,0,0,0],[0,0,1,1],[1,1,5,5],[1,4,2,5],[3,5,1,3],[3,5,1,3]]",4,240,17
Fsingle_switch-H0.1-I0.5-N0.1-S0-T0-D3,single_switch,0.1,0.5,0.1,0.0,0.0,3,"[0,0,0,0]",0.011209929625058812,0.002041920885898657,0.011928330896377778,0.0019438606475307067,1.064086153557382,0.9519764751684816,0.012911185556472726,True,"[[0,0,0,0],[0,0,0,0],[0,0,5,5],[1,6,2,5],[3,5,1,3],[3,5,1,3]]",3,240,16
Fsingle_switch-H0.1-I0.5-N0.1-S0-T0.9-D0,single_switch,0.1,0.5,0.1,0.0,0.9,0,"[1,1,1,3]",0.02093052877381088,0.014477479035944351,0.020343891927137064,0.013996282538781355,0.9719721917676615,0.9667624110545563,0.024590744635215937,True,"[[1,1,2,2],[1,1,1,1],[1,1,5,5],[1,5,1,5],[3,5,1,3],[3,5,1,3]]",4,240,18
Fsingle_switch-H0.1-I0.5-N0.1-S0-T0.9-D1,single_switch,0.1,0.5,0.1,0.0,0.9,1,"[0,0,1,0]",0.023205175221822638,0.014520114142444616,0.021642999215703135,0.014012965703689017,0.9326798444232216,0.9650726961385846,0.024590744635215937,True,"[[0,0,0,0],[1,1,1,1],[1,1,5,5],[1,3,3,5],[3,5,1,3],[3,5,1,3]]",4,240,17
Fsingle_switch-H0.1-I0.5-N0.1-S0-T0.9-D3,single_switch,0.1,0.5,0.1,0.0,0.9,3,"[0,0,1,0]",0.023218787874954443,0.014520121300824047,0.021793935879764498,0.013947963667812473,0.9386336615475565,0.960595533524978,0.024590744635215937,True,"[[0,0,0,0],[0,0,1,1],[1,1,5,5],[1,3,2,5],[3,5,1,3],[3,5,1,3]]",4,240,17
Fsingle_switch-H0.1-I0.5-N0.1-S0.9-T0-D0,single_switch,0.1,0.5,0.1,0.9,0.0,0,"[0,0,1,3]",0.010703077734871317,0.002037419192905945,0.010953691980468513,0.0020320234751624935,1.0234151570048566,0.9973516899407648,0.012911185556472726,True,"[[1,1,2,2],[1,1,1,1],[1,1,5,5],[0,6,2,0],[3,5,1,3],[3,5,1,3]]",4,240,18
Fsingle_switch-H0.1-I0.5-N0.1-S0.9-T0-D1,single_switch,0.1,0.5,0.1,0.9,0.0,1,"[0,0,0,0]",0.011209929625058812,0.002041920885898657,0.011895103363745023,0.0020083432537300063,1.061122037479572,0.9835558603663173,0.012911185556472726,True,"[[0,0,0,0],[0,0,1,1],[1,1,5,5],[1,4,2,5],[3,5,1,3],[3,5,1,3]]",4,240,17
Fsingle_switch-H0.1-I0.5-N0.1-S0.9-T0-D3,single_switch,0.1,0.5,0.1,0.9,0.0,3,"[0,0,0,0]",0.011209929625058812,0.002041920885898657,0.011986369469890679,0.001965431951313287,1.0692635788806562,0.9625406963053287,0.012911185556472726,True,"[[0,0,0,0],[0,0,0,0],[0,0,5,5],[1,6,2,5],[3,5,1,3],[3,5,1,3]]",3,240,16
Fsingle_switch-H0.1-I0.5-N0.1-S0.9-T0.9-D0,single_switch,0.1,0.5,0.1,0.9,0.9,0,"[0,0,1,3]",0.022796946142847465,0.014646001932255789,0.02245919773716275,0.014524595980536714,0.9851844890289974,0.9917106421069292,0.024590744635215937,True,"[[1,1,2,2],[1,1,1,1],[1,1,5,5],[0,6,2,0],[3,5,1,3],[3,5,1,3]]",4,240,18
Fsingle_switch-H0.1-I0.5-N0.1-S0.9-T0.9-D1,single_switch,0.1,0.5,0.1,0.9,0.9,1,"[0,0,0,0]",0.023428478302922745,0.014677508413684679,0.023171125696864456,0.01441918983069734,0.9890153938838535,0.9824003791579166,0.024590744635215937,True,"[[0,0,0,0],[0,0,1,1],[1,1,5,5],[1,4,2,5],[3,5,1,3],[3,5,1,3]]",4,240,17
Fsingle_switch-H0.1-I0.5-N0.1-S0.9-T0.9-D3,single_switch,0.1,0.5,0.1,0.9,0.9,3,"[0,0,1,0]",0.023351455819664014,0.014552891580294266,0.0223485391585168,0.014100923959186076,0.9570512147554129,0.968943105319345,0.024590744635215937,True,"[[0,0,0,0],[0,0,1,1],[1,1,5,5],[1,3,2,5],[3,5,1,3],[3,5,1,3]]",4,240,17
Fsingle_switch-H0.1-I0.5-N0.5-S0-T0-D0,single_switch,0.1,0.5,0.5,0.0,0.0,0,"[1,0,1,3]",0.017476544178114884,0.01012221535537805,0.017129622097821755,0.009763769484489888,0.9801492745500815,0.9645881994895795,0.020754982559447105,True,"[[1,1,2,2],[1,1,1,1],[1,1,5,5],[1,6,2,5],[3,5,1,3],[3,5,1,3]]",4,240,18
Fsingle_switch-H0.1-I0.5-N0.5-S0-T0-D1,single_switch,0.1,0.5,0.5,0.0,0.0,1,"[0,0,0,0]",0.01910376550609436,0.01020518616678305,0.018313083886789327,0.009759008930601653,0.9586112162519586,0.956279363365887,0.020754982559447105,True,"[[0,0,0,0],[1,1,1,1],[1,1,5,5],[1,3,2,5],[3,5,1,3],[3,5,1,3]]",4,240,17
Fsingle_switch-H0.1-I0.5-N0.5-S0-T0-D3,single_switch,0.1,0.5,0.5,0.0,0.0,3,"[0,0,0,0]",0.01910376550609436,0.01020518616678305,0.018472155810369567,0.009715843893111972,0.9669379476248648,0.9520496475347169,0.020754982559447105,True,"[[0,0,0,0],[0,0,1,1],[1,1,5,5],[1,3,2,5],[3,5,1,3],[3,5,1,3]]",4,240,17
Fsingle_switch-H0.1-I0.5-N0.5-S0-T0.9-D0,single_switch,0.1,0.5,0.5,0.0,0.9,0,"[1,1,1,3]",0.0659730232185553,0.07063643971568784,0.06464490733290396,0.06997957061371973,0.979868803628241,0.9907007048399946,0.07915277795316315,True,"[[1,1,1,1],[1,1,1,1],[1,1,5,5],[1,5,1,5],[3,5,1,3],[3,5,1,3]]",3,240,18
Fsingle_switch-H0.1-I0.5-N0.5-S0-T0.9-D1,single_switch,0.1,0.5,0.5,0.0,0.9,1,"[1,5,1,3]",0.0704256693688823,0.07040744580055452,0.06671255574456614,0.07006274800893335,0.9472761330124211,0.995104242346788,0.07915277795316315,True,"[[0,0,0,0],[1,1,1,1],[1,1,5,5],[1,3,3,5],[3,5,1,3],[3,5,1,3]]",4,240,17
Fsingle_switch-H0.1-I0.5-N0.5-S0-T0.9-D3,single_switch,0.1,0.5,0.5,0.0,0.9,3,"[1,1,1,3]",0.07020829435075045,0.0701584828462139,0.06678259453341026,0.06972742189840486,0.9512066223938459,0.9938558969589762,0.07915277795316315,True,"[[0,0,0,0],[1,1,1,1],[1,1,1,1],[1,3,1,5],[3,5,1,3],[3,5,1,3]]",3,240,17
Fsingle_switch-H0.1-I0.5-N0.5-S0.9-T0-D0,single_switch,0.1,0.5,0.5,0.9,0.0,0,"[0,0,1,3]",0.018516363493789625,0.010183237936272876,0.018673832543589192,0.010160110835765544,1.008504318348059,0.9977289050248984,0.020754982559447105,True,"[[1,1,2,2],[1,1,1,1],[1,1,5,5],[0,6,2,0],[3,5,1,3],[3,5,1,3]]",4,240,18
Fsingle_switch-H0.1-I0.5-N0.5-S0.9-T0-D1,single_switch,0.1,0.5,0.5,0.9,0.0,1,"[0,0,0,0]",0.01910376550609436,0.01020518616678305,0.019306153588372774,0.010041687706802301,1.0105941460710377,0.9839788851169691,0.020754982559447105,True,"[[0,0,0,0],[0,0,1,1],[1,1,5,5],[1,4,2,5],[3,5,1,3],[3,5,1,3]]",4,240,17
Fsingle_switch-H0.1-I0.5-N0.5-S0.9-T0-D3,single_switch,0.1,0.5,0.5,0.9,0.0,3,"[0,0,0,0]",0.01910376550609436,0.01020518616678305,0.01886146492639638,0.00982393925989565,0.9873166062669331,0.962641846933834,0.020754982559447105,True,"[[0,0,0,0],[0,0,1,1],[1,1,5,5],[1,4,2,5],[3,5,1,3],[3,5,1,3]]",4,240,17
Fsingle_switch-H0.1-I0.5-N0.5-S0.9-T0.9-D0,single_switch,0.1,0.5,0.5,0.9,0.9,0,"[0,0,1,3]",0.07898570553367036,0.07322615163302207,0.07611080090593779,0.07262259583894987,0.9636022162705498,0.9917576469524582,0.07915277795316315,True,"[[1,1,2,2],[1,1,1,1],[1,1,5,5],[1,6,2,5],[3,5,1,3],[3,5,1,3]]",4,240,18
Fsingle_switch-H0.1-I0.5-N0.5-S0.9-T0.9-D1,single_switch,0.1,0.5,0.5,0.9,0.9,1,"[0,0,1,3]",0.07791368230102745,0.07273008304277576,0.075139643992133,0.07209480004208879,0.9643960055927447,0.9912651962694264,0.07915277795316315,True,"[[0,0,0,0],[1,1,1,1],[1,1,5,5],[1,3,3,5],[3,5,1,3],[3,5,1,3]]",4,240,17
Fsingle_switch-H0.1-I0.5-N0.5-S0.9-T0.9-D3,single_switch,0.1,0.5,0.5,0.9,0.9,3,"[1,1,1,3]",0.07301442320923915,0.07088445414395916,0.069890267003754,0.07049710697184482,0.9572117936680513,0.9945355130854547,0.07915277795316315,True,"[[0,0,0,0],[1,1,1,1],[1,1,1,1],[1,3,1,5],[3,5,1,3],[3,5,1,3]]",3,240,17
Fsingle_switch-H0.1-I1.5-N0.1-S0-T0-D0,single_switch,0.1,1.5,0.1,0.0,0.0,0,"[0,0,2,4]",0.07250897446095024,0.002041803612538378,0.0845481208729608,0.0019528310339529996,1.1660366389334917,0.9564245170108366,0.09118091982774806,True,"[[1,1,2,2],[1,1,2,2],[1,1,5,5],[0,6,2,5],[3,5,1,3],[3,5,1,3]]",3,240,18
Fsingle_switch-H0.1-I1.5-N0.1-S0-T0-D1,single_switch,0.1,1.5,0.1,0.0,0.0,1,"[0,0,0,0]",0.07722013877134769,0.0020419270692205354,0.08920823691527141,0.0019519007004512702,1.1552457472191422,0.9559110753139529,0.09118091982774806,True,"[[0,0,0,0],[0,0,2,2],[0,0,5,5],[1,4,2,5],[3,5,1,3],[3,5,1,3]]",4,240,17
Fsingle_switch-H0.1-I1.5-N0.1-S0-T0-D3,single_switch,0.1,1.5,0.1,0.0,0.0,3,"[0,0,0,0]",0.07722013877134769,0.0020419270692205354,0.09012203395869876,0.0019450235051298272,1.1670794094990449,0.952543082683311,0.09118091982774806,True,"[[0,0,0,0],[0,0,0,0],[0,0,1,1],[1,4,2,5],[3,5,1,3],[3,5,1,3]]",3,240,16
Fsingle_switch-H0.1-I1.5-N0.1-S0-T0.9-D0,single_switch,0.1,1.5,0.1,0.0,0.9,0,"[1,1,2,3]",0.08407734752342384,0.014635730285555985,0.09443520013647987,0.013996306881371396,1.1231943313883723,0.9563107961332387,0.10286047890649126,True,"[[1,1,2,2],[1,1,2,2],[1,1,5,5],[1,5,1,5],[3,5,1,3],[3,5,1,3]]",3,240,18
Fsingle_switch-H0.1-I1.5-N0.1-S0-T0.9-D1,single_switch,0.1,1.5,0.1,0.0,0.9,1,"[0,0,0,0]",0.08943868744921162,0.014677514597006554,0.0994844465767974,0.014012932539581326,1.112320064326641,0.9547210767168464,0.10286047890649126,True,"[[0,0,0,0],[0,0,2,2],[1,1,5,5],[1,3,1,5],[3,5,1,3],[3,5,1,3]]",4,240,17
Fsingle_switch-H0.1-I1.5-N0.1-S0-T0.9-D3,single_switch,0.1,1.5,0.1,0.0,0.9,3,"[0,0,0,0]",0.08943868744921162,0.014677514597006554,0.10047919159642905,0.013952807752750946,1.123442153078184,0.9506246892506303,0.10286047890649126,True,"[[0,0,0,0],[0,0,0,0],[0,0,1,1],[1,3,3,5],[3,5,1,3],[3,5,1,3]]",3,240,16
Fsingle_switch-H0.1-I1.5-N0.1-S0.9-T0-D0,single_switch,0.1,1.5,0.1,0.9,0.0,0,"[0,0,2,4]",0.07250897446095024,0.002041803612538378,0.08479975333618985,0.002032032754240465,1.1695070019485494,0.9952145944703438,0.09118091982774806,True,"[[1,1,2,2],[1,1,2,2],[1,1,5,5],[0,6,2,0],[3,5,1,3],[3,5,1,3]]",3,240,18
Fsingle_switch-H0.1-I1.5-N0.1-S0.9-T0-D1,single_switch,0.1,1.5,0.1,0.9,0.0,1,"[0,0,0,0]",0.07722013877134769,0.0020419270692205354,0.08934684043307388,0.0020083912389398844,1.1570406613439779,0.9835763819451923,0.09118091982774806,True,"[[0,0,0,0],[0,0,2,2],[0,0,0,0],[1,4,2,5],[3,5,1,3],[3,5,1,3]]",4,240,16
Fsingle_switch-H0.1-I1.5-N0.1-S0.9-T0-D3,single_switch,0.1,1.5,0.1,0.9,0.0,3,"[0,0,0,0]",0.07722013877134769,0.0020419270692205354,0.09017840462918064,0.0019662531881224,1.1678094090999107,0.9629399686997526,0.09118091982774806,True,"[[0,0,0,0],[0,0,0,0],[0,0,1,1],[1,4,2,5],[3,5,1,3],[3,5,1,3]]",3,240,16
Fsingle_switch-H0.1-I1.5-N0.1-S0.9-T0.9-D0,single_switch,0.1,1.5,0.1,0.9,0.9,0,"[0,0,2,4]",0.08472752313881417,0.014677391140324398,0.09632613544666417,0.014524605380574037,1.136893088316146,0.9895904007538098,0.10286047890649126,True,"[[1,1,2,2],[1,1,2,2],[1,1,5,5],[0,6,2,0],[3,5,1,3],[3,5,1,3]]",3,240,18
Fsingle_switch-H0.1-I1.5-N0.1-S0.9-T0.9-D1,single_switch,0.1,1.5,0.1,0.9,0.9,1,"[0,0,0,0]",0.08943868744921162,0.014677514597006554,0.10074182282990397,0.0144192519703478,1.12637859189415,0.9824041989567207,0.10286047890649126,True,"[[0,0,0,0],[0,0,2,2],[1,1,5,5],[1,4,2,5],[3,5,1,3],[3,5,1,3]]",4,240,17
Fsingle_switch-H0.1-I1.5-N0.1-S0.9-T0.9-D3,single_switch,0.1,1.5,0.1,0.9,0.9,3,"[0,0,0,0]",0.08943868744921162,0.014677514597006554,0.10090404233353838,0.014104707393737079,1.1281923428363978,0.960973828403734,0.10286047890649126,True,"[[0,0,0,0],[0,0,0,0],[0,0,1,1],[1,4,2,5],[3,5,1,3],[3,5,1,3]]",3,240,16
Fsingle_switch-H0.1-I1.5-N0.5-S0-T0-D0,single_switch,0.1,1.5,0.5,0.0,0.0,0,"[1,0,2,4]",0.08027561254797216,0.010344057778518299,0.09114667957108845,0.009763738511045443,1.1354217884867563,0.9438982960170605,0.09902471683072243,True,"[[1,1,2,2],[1,1,2,2],[1,1,5,5],[1,5,2,5],[3,5,1,3],[3,5,1,3]]",3,240,18
Fsingle_switch-H0.1-I1.5-N0.5-S0-T0-D1,single_switch,0.1,1.5,0.5,0.0,0.0,1,"[0,0,0,0]",0.08511397465238323,0.01020519235010493,0.09599241444595065,0.009758955314105047,1.127810266621861,0.9562735301118265,0.09902471683072243,True,"[[0,0,0,0],[0,0,2,2],[1,1,5,5],[1,3,2,5],[3,5,1,3],[3,5,1,3]]",4,240,17
Fsingle_switch-H0.1-I1.5-N0.5-S0-T0-D3,single_switch,0.1,1.5,0.5,0.0,0.0,3,"[0,0,0,0]",0.08511397465238323,0.01020519235010493,0.0970059587014197,0.009719847388868785,1.139718349396852,0.9524413705704279,0.09902471683072243,True,"[[0,0,0,0],[0,0,0,0],[0,0,1,1],[1,4,2,5],[3,5,1,3],[3,5,1,3]]",3,240,16
Fsingle_switch-H0.1-I1.5-N0.5-S0-T0.9-D0,single_switch,0.1,1.5,0.5,0.0,0.9,0,"[1,1,1,3]",0.12931822257809591,0.07063637226397307,0.13905021605419407,0.0699795828296495,1.0752561648473087,0.9907018238157942,0.15742251222443848,True,"[[1,1,2,2],[1,1,1,1],[1,1,5,5],[1,5,1,5],[3,5,1,3],[3,5,1,3]]",4,240,18
Fsingle_switch-H0.1-I1.5-N0.5-S0-T0.9-D1,single_switch,0.1,1.5,0.5,0.0,0.9,1,"[0,0,0,0]",0.1462067180417029,0.07338312998903501,0.14545671144869718,0.07006260881805629,0.9948702316620512,0.9547508920446037,0.15742251222443848,True,"[[0,0,0,0],[1,1,1,1],[1,1,1,1],[1,3,1,5],[3,5,1,3],[3,5,1,3]]",3,240,17
Fsingle_switch-H0.1-I1.5-N0.5-S0-T0.9-D3,single_switch,0.1,1.5,0.5,0.0,0.9,3,"[0,0,0,0]",0.1462067180417029,0.07338312998903501,0.14693655580865309,0.06973028331803964,1.004991821010181,0.9502222558299,0.15742251222443848,True,"[[0,0,0,0],[0,0,0,0],[1,1,1,1],[1,3,1,5],[3,5,1,3],[3,5,1,3]]",3,240,16
Fsingle_switch-H0.1-I1.5-N0.5-S0.9-T0-D0,single_switch,0.1,1.5,0.5,0.9,0.0,0,"[0,0,2,4]",0.08040281034198578,0.010205068893422771,0.09253463336516977,0.010160120200253728,1.1508880469672942,0.9955954542160894,0.09902471683072243,True,"[[1,1,2,2],[1,1,2,2],[1,1,5,5],[0,6,2,0],[3,5,1,3],[3,5,1,3]]",3,240,18
Fsingle_switch-H0.1-I1.5-N0.5-S0.9-T0-D1,single_switch,0.1,1.5,0.5,0.9,0.0,1,"[0,0,0,0]",0.08511397465238323,0.01020519235010493,0.09684003098902715,0.010041749004093986,1.1377688726737847,0.9839842954053422,0.09902471683072243,True,"[[0,0,0,0],[0,0,2,2],[1,1,5,5],[1,4,2,5],[3,5,1,3],[3,5,1,3]]",4,240,17
Fsingle_switch-H0.1-I1.5-N0.5-S0.9-T0-D3,single_switch,0.1,1.5,0.5,0.9,0.0,3,"[0,0,0,0]",0.08511397465238323,0.01020519235010493,0.09728781205382912,0.009825995803831646,1.1430298308963418,0.9628427830398136,0.09902471683072243,True,"[[0,0,0,0],[0,0,0,0],[0,0,1,1],[1,4,2,5],[3,5,1,3],[3,5,1,3]]",3,240,16
Fsingle_switch-H0.1-I1.5-N0.5-S0.9-T0.9-D0,single_switch,0.1,1.5,0.5,0.9,0.9,0,"[0,0,2,4]",0.14149555373130543,0.07338300653235286,0.15007969286353567,0.07262261441057269,1.0606672005293623,0.9896380353202764,0.15742251222443848,True,"[[1,1,2,2],[1,1,2,2],[1,1,5,5],[1,6,2,5],[3,5,1,3],[3,5,1,3]]",3,240,18
Fsingle_switch-H0.1-I1.5-N0.5-S0.9-T0.9-D1,single_switch,0.1,1.5,0.5,0.9,0.9,1,"[0,0,0,0]",0.1462067180417029,0.07338312998903501,0.1532877060234076,0.07209479808127237,1.0484313448557472,0.9824437591043725,0.15742251222443848,True,"[[0,0,0,0],[0,0,1,1],[1,1,5,5],[1,3,1,5],[3,5,1,3],[3,5,1,3]]",4,240,17
Fsingle_switch-H0.1-I1.5-N0.5-S0.9-T0.9-D3,single_switch,0.1,1.5,0.5,0.9,0.9,3,"[0,0,0,0]",0.1462067180417029,0.07338312998903501,0.14960361541490644,0.07050115823178457,1.0232335245514137,0.9607270532385159,0.15742251222443848,True,"[[0,0,0,0],[0,0,0,0],[1,1,1,1],[1,3,1,5],[3,5,1,3],[3,5,1,3]]",3,240,16
Fsingle_switch-H0.3-I0.5-N0.1-S0-T0-D0,single_switch,0.3,0.5,0.1,0.0,0.0,0,"[0,0,1,0]",0.019067999610758776,0.002023979500643474,0.014195695510892933,0.0019528742992550377,0.7444774386760145,0.9648686158304319,0.022243341731030448,True,"[[1,1,2,2],[1,1,5,5],[1,1,5,5],[0,6,2,0],[3,5,1,3],[3,5,1,3]]",3,240,18
Fsingle_switch-H0.3-I0.5-N0.1-S0-T0-D1,single_switch,0.3,0.5,0.1,0.0,0.0,1,"[0,0,0,0]",0.019091485717169347,0.0020507512279972486,0.014997577512293027,0.0019518340523164064,0.7855636661533059,0.9517653948804682,0.022243341731030448,True,"[[0,0,0,0],[0,0,5,5],[1,1,5,5],[1,6,2,5],[3,5,1,3],[3,5,1,3]]",4,240,17
Fsingle_switch-H0.3-I0.5-N0.1-S0-T0-D3,single_switch,0.3,0.5,0.1,0.0,0.0,3,"[0,0,1,0]",0.01832170514223361,0.002024008794593044,0.015042132606768198,0.0019441058472891596,0.8210006923479176,0.9605224307733554,0.022243341731030448,True,"[[0,0,0,0],[0,0,0,0],[0,0,5,5],[1,4,2,5],[3,5,1,3],[3,5,1,3]]",3,240,16
Fsingle_switch-H0.3-I0.5-N0.1-S0-T0.9-D0,single_switch,0.3,0.5,0.1,0.0,0.9,0,"[0,0,1,0]",0.03066314693918379,0.014524543086248605,0.024140239015464898,0.013997259838121804,0.7872720651713864,0.9636970853406042,0.033922900809773664,True,"[[1,1,2,2],[1,1,5,5],[1,1,5,5],[0,6,2,0],[3,5,1,3],[3,5,1,3]]",3,240,18
Fsingle_switch-H0.3-I0.5-N0.1-S0-T0.9-D1,single_switch,0.3,0.5,0.1,0.0,0.9,1,"[0,0,1,0]",0.030696413149397028,0.01452454884791305,0.025119251545676315,0.014013564751001763,0.8183122706689832,0.9648192792587353,0.033922900809773664,True,"[[0,0,0,0],[1,1,5,5],[1,1,5,5],[1,4,2,5],[3,5,1,3],[3,5,1,3]]",3,240,17
Fsingle_switch-H0.3-I0.5-N0.1-S0-T0.9-D3,single_switch,0.3,0.5,0.1,0.0,0.9,3,"[0,0,1,0]",0.029872614123711894,0.01452457228284787,0.02506332598103993,0.013952239474594483,0.8390067865251033,0.9605955482125105,0.033922900809773664,True,"[[0,0,0,0],[0,0,5,5],[1,1,5,5],[1,6,4,5],[3,5,1,3],[3,5,1,3]]",4,240,17
Fsingle_switch-H0.3-I0.5-N0.1-S0.9-T0-D0,single_switch,0.3,0.5,0.1,0.9,0.0,0,"[0,0,0,0]",0.019091485717169347,0.0020507512279972486,0.014472993831322098,0.0020320244841894528,0.7580863032732047,0.9908683493384596,0.022243341731030448,True,"[[1,1,2,2],[1,1,5,5],[1,1,5,5],[0,6,2,0],[3,5,1,3],[3,5,1,3]]",3,240,18
Fsingle_switch-H0.3-I0.5-N0.1-S0.9-T0-D1,single_switch,0.3,0.5,0.1,0.9,0.0,1,"[0,0,0,0]",0.019091485717169347,0.0020507512279972486,0.01518538757876465,0.0020083474776589525,0.7954010391715158,0.9793228209451288,0.022243341731030448,True,"[[0,0,0,0],[0,0,0,0],[1,1,5,5],[1,6,2,5],[3,5,1,3],[3,5,1,3]]",3,240,16
Fsingle_switch-H0.3-I0.5-N0.1-S0.9-T0-D3,single_switch,0.3,0.5,0.1,0.9,0.0,3,"[0,0,1,0]",0.01834015318369782,0.0020285656412057183,0.015098777575132123,0.001965349079596293,0.8232634386365493,0.9688368173425972,0.022243341731030448,True,"[[0,0,0,0],[0,0,0,0],[0,0,5,5],[1,4,2,5],[3,5,1,3],[3,5,1,3]]",3,240,16
Fsingle_switch-H0.3-I0.5-N0.1-S0.9-T0.9-D0,single_switch,0.3,0.5,0.1,0.9,0.9,0,"[0,0,0,0]",0.03131003439503328,0.01468633875578327,0.02597905135264818,0.014524597015347224,0.8297356376193968,0.9889869256643454,0.033922900809773664,True,"[[1,1,2,2],[1,1,5,5],[1,1,5,5],[0,6,2,0],[3,5,1,3],[3,5,1,3]]",3,240,18
Fsingle_switch-H0.3-I0.5-N0.1-S0.9-T0.9-D1,single_switch,0.3,0.5,0.1,0.9,0.9,1,"[0,0,1,0]",0.031074673365692574,0.01461603870885447,0.026462628100260923,0.01441919652287281,0.8515818586037498,0.9865324531562433,0.033922900809773664,True,"[[0,0,0,0],[0,0,5,5],[1,1,5,5],[1,4,2,5],[3,5,1,3],[3,5,1,3]]",4,240,17
Fsingle_switch-H0.3-I0.5-N0.1-S0.9-T0.9-D3,single_switch,0.3,0.5,0.1,0.9,0.9,3,"[0,0,1,0]",0.030005282068421468,0.014557342562318089,0.025588416027984465,0.014102567906753365,0.852797049853917,0.9687597751019533,0.033922900809773664,True,"[[0,0,0,0],[0,0,5,5],[1,1,5,5],[1,6,4,5],[3,5,1,3],[3,5,1,3]]",4,240,17
Fsingle_switch-H0.3-I0.5-N0.5-S0-T0-D0,single_switch,0.3,0.5,0.5,0.0,0.0,0,"[0,0,1,0]",0.026559084881208127,0.010100012093940562,0.02080705553418211,0.009764360938441588,0.7834251679697043,0.9667672521203865,0.03008713873400483,True,"[[1,1,2,2],[1,1,5,5],[1,1,5,5],[0,6,2,0],[3,5,1,3],[3,5,1,3]]",3,240,18
Fsingle_switch-H0.3-I0.5-N0.5-S0-T0-D1,single_switch,0.3,0.5,0.5,0.0,0.0,1,"[0,0,1,0]",0.026604567510552814,0.010100017859833582,0.021654828662862807,0.009759231334556766,0.8139515387451169,0.966258819538124,0.03008713873400483,True,"[[0,0,0,0],[0,0,5,5],[1,1,5,5],[1,4,2,5],[3,5,1,3],[3,5,1,3]]",4,240,17
Fsingle_switch-H0.3-I0.5-N0.5-S0-T0-D3,single_switch,0.3,0.5,0.5,0.0,0.0,3,"[0,0,1,0]",0.025784210074735095,0.010100041324996631,0.021707228110363685,0.009718824757040445,0.8418806722193798,0.9622559397838589,0.03008713873400483,True,"[[0,0,0,0],[0,0,5,5],[1,1,5,5],[1,6,4,5],[3,5,1,3],[3,5,1,3]]",4,240,17
Fsingle_switch-H0.3-I0.5-N0.5-S0-T0.9-D0,single_switch,0.3,0.5,0.5,0.0,0.9,0,"[0,5,1,3]",0.08398238617814602,0.07101618832739412,0.06910178028511249,0.06998238297756632,0.8228127757471867,0.9854426804060249,0.08848493412772085,True,"[[1,1,1,1],[1,1,5,5],[1,1,5,5],[1,6,2,5],[3,5,1,3],[3,5,1,3]]",3,240,18
Fsingle_switch-H0.3-I0.5-N0.5-S0-T0.9-D1,single_switch,0.3,0.5,0.5,0.0,0.9,1,"[0,0,1,5]",0.08403553154393024,0.07406998868515756,0.0707890644814113,0.07006774713195157,0.8423706399049282,0.9459667589498637,0.08848493412772085,True,"[[0,0,1,1],[1,1,5,5],[1,1,5,5],[1,4,2,5],[3,5,1,3],[3,5,1,3]]",3,240,18
Fsingle_switch-H0.3-I0.5-N0.5-S0-T0.9-D3,single_switch,0.3,0.5,0.5,0.0,0.9,3,"[0,5,1,3]",0.08255305528718555,0.07089624595290295,0.07049666703701372,0.0697537889435307,0.8539558807577737,0.9838855077019001,0.08848493412772085,True,"[[0,0,1,1],[0,0,5,5],[1,1,5,5],[1,4,2,5],[3,5,1,3],[3,5,1,3]]",4,240,18
Fsingle_switch-H0.3-I0.5-N0.5-S0.9-T0-D0,single_switch,0.3,0.5,0.5,0.9,0.0,0,"[0,0,0,0]",0.026985321598204895,0.010214016508881643,0.022193547136327957,0.010160111863113665,0.8224303370097433,0.9947224829996011,0.03008713873400483,True,"[[1,1,2,2],[1,1,5,5],[1,1,5,5],[0,6,2,0],[3,5,1,3],[3,5,1,3]]",3,240,18
Fsingle_switch-H0.3-I0.5-N0.5-S0.9-T0-D1,single_switch,0.3,0.5,0.5,0.9,0.0,1,"[0,0,1,0]",0.02686756096272984,0.010163628129514653,0.022597600005919944,0.010041694379615648,0.8410737408306953,0.9880029308092337,0.03008713873400483,True,"[[0,0,0,0],[0,0,5,5],[1,1,5,5],[1,4,2,5],[3,5,1,3],[3,5,1,3]]",4,240,17
Fsingle_switch-H0.3-I0.5-N0.5-S0.9-T0-D3,single_switch,0.3,0.5,0.5,0.9,0.0,3,"[0,0,1,0]",0.025876450282056127,0.010122825558060003,0.0220789343848819,0.009824408553059062,0.8532443261814935,0.970520384522152,0.03008713873400483,True,"[[0,0,0,0],[0,0,5,5],[1,1,5,5],[1,6,4,5],[3,5,1,3],[3,5,1,3]]",4,240,17
Fsingle_switch-H0.3-I0.5-N0.5-S0.9-T0.9-D0,single_switch,0.3,0.5,0.5,0.9,0.9,0,"[0,0,1,0]",0.08779322203271782,0.07330857453531593,0.07972383474295837,0.07262297451890251,0.9080864433161795,0.9906477513611571,0.08848493412772085,True,"[[1,1,2,2],[1,1,5,5],[1,1,5,5],[0,6,2,0],[3,5,1,3],[3,5,1,3]]",3,240,18
Fsingle_switch-H0.3-I0.5-N0.5-S0.9-T0.9-D1,single_switch,0.3,0.5,0.5,0.9,0.9,1,"[0,0,1,0]",0.0862990308704472,0.07306028503283168,0.07833322650154603,0.07209592643942109,0.9076953206941629,0.986800508744563,0.08848493412772085,True,"[[0,0,1,1],[1,1,5,5],[1,1,5,5],[1,4,2,5],[3,5,1,3],[3,5,1,3]]",3,240,18
Fsingle_switch-H0.3-I0.5-N0.5-S0.9-T0.9-D3,single_switch,0.3,0.5,0.5,0.9,0.9,3,"[0,0,1,5]",0.08402266409027466,0.07425546837994615,0.07305436394781482,0.07050548786954605,0.8694602193204038,0.9494989312946972,0.08848493412772085,True,"[[0,0,1,1],[0,0,5,5],[1,1,5,5],[1,4,2,5],[3,5,1,3],[3,5,1,3]]",4,240,18
Fsingle_switch-H0.3-I1.5-N0.1-S0-T0-D0,single_switch,0.3,1.5,0.1,0.0,0.0,0,"[0,0,1,3]",0.08051989032124142,0.0020058805400053527,0.08286471970830446,0.0019528863290993095,1.0291211199830022,0.97358057479041,0.10051307600230576,True,"[[1,1,2,2],[1,1,1,1],[1,1,5,5],[0,6,2,0],[3,5,1,3],[3,5,1,3]]",4,240,18
Fsingle_switch-H0.3-I1.5-N0.1-S0-T0-D1,single_switch,0.3,1.5,0.1,0.0,0.0,1,"[0,0,0,0]",0.08510169486345821,0.0020507574113191266,0.09202789624236107,0.001951918104753234,1.0813873494530941,0.951803511219635,0.10051307600230576,True,"[[0,0,0,0],[0,0,1,1],[0,0,5,5],[1,4,4,5],[3,5,1,3],[3,5,1,3]]",4,240,17
Fsingle_switch-H0.3-I1.5-N0.1-S0-T0-D3,single_switch,0.3,1.5,0.1,0.0,0.0,3,"[0,0,0,0]",0.08510169486345821,0.0020507574113191266,0.09340299702323006,0.0019459582043098171,1.0975456737153226,0.9488973164593375,0.10051307600230576,True,"[[0,0,0,0],[0,0,0,0],[0,0,0,0],[1,6,2,5],[3,5,1,3],[3,5,1,3]]",2,240,15
Fsingle_switch-H0.3-I1.5-N0.1-S0-T0.9-D0,single_switch,0.3,1.5,0.1,0.0,0.9,0,"[0,0,1,3]",0.09149163630022751,0.01437142018342959,0.09280374556655797,0.013997271610130597,1.0143413028708417,0.9739657898437629,0.11219263508104899,True,"[[1,1,2,2],[1,1,1,1],[1,1,5,5],[0,6,2,0],[3,5,1,3],[3,5,1,3]]",4,240,18
Fsingle_switch-H0.3-I1.5-N0.1-S0-T0.9-D1,single_switch,0.3,1.5,0.1,0.0,0.9,1,"[0,0,0,0]",0.09732024354132214,0.014686344939105148,0.10215557033628873,0.014013609881574862,1.0496846968217206,0.9541931596786207,0.11219263508104899,True,"[[0,0,0,0],[0,0,1,1],[1,1,5,5],[1,4,2,5],[3,5,1,3],[3,5,1,3]]",4,240,17
Fsingle_switch-H0.3-I1.5-N0.1-S0-T0.9-D3,single_switch,0.3,1.5,0.1,0.0,0.9,3,"[0,0,0,0]",0.09732024354132214,0.014686344939105148,0.10398537158026405,0.013957074562527788,1.068486553222731,0.9503436437315631,0.11219263508104899,True,"[[0,0,0,0],[0,0,0,0],[0,0,5,5],[1,4,2,5],[3,5,1,3],[3,5,1,3]]",3,240,16
Fsingle_switch-H0.3-I1.5-N0.1-S0.9-T0-D0,single_switch,0.3,1.5,0.1,0.9,0.0,0,"[0,0,1,3]",0.08070112809600521,0.00204513524941964,0.08314294669797528,0.0020320365552563384,1.0302575522744266,0.9935951941726012,0.10051307600230576,True,"[[1,1,2,2],[1,1,1,1],[1,1,5,5],[0,6,2,0],[3,5,1,3],[3,5,1,3]]",4,240,18
Fsingle_switch-H0.3-I1.5-N0.1-S0.9-T0-D1,single_switch,0.3,1.5,0.1,0.9,0.0,1,"[0,0,0,0]",0.08510169486345821,0.0020507574113191266,0.0921917272520812,0.0020083876705690876,1.0833124698632457,0.9793394672055409,0.10051307600230576,True,"[[0,0,0,0],[0,0,1,1],[0,0,5,5],[1,4,4,5],[3,5,1,3],[3,5,1,3]]",4,240,17
Fsingle_switch-H0.3-I1.5-N0.1-S0.9-T0-D3,single_switch,0.3,1.5,0.1,0.9,0.0,3,"[0,0,0,0]",0.08510169486345821,0.0020507574113191266,0.09344918797404138,0.001967623227081738,1.0980884472862302,0.9594617170326775,0.10051307600230576,True,"[[0,0,0,0],[0,0,0,0],[0,0,0,0],[1,6,2,5],[3,5,1,3],[3,5,1,3]]",2,240,15
Fsingle_switch-H0.3-I1.5-N0.1-S0.9-T0.9-D0,single_switch,0.3,1.5,0.1,0.9,0.9,0,"[0,0,1,3]",0.09279499650398138,0.014653717988769483,0.09464845245466953,0.01452460906063056,1.0199736625951448,0.9911893399178372,0.11219263508104899,True,"[[1,1,2,2],[1,1,1,1],[1,1,5,5],[0,6,2,0],[3,5,1,3],[3,5,1,3]]",4,240,18
Fsingle_switch-H0.3-I1.5-N0.1-S0.9-T0.9-D1,single_switch,0.3,1.5,0.1,0.9,0.9,1,"[0,0,0,0]",0.09732024354132214,0.014686344939105148,0.10350985215756914,0.014419246954392792,1.0636004225946978,0.9818131750398182,0.11219263508104899,True,"[[0,0,0,0],[0,0,1,1],[1,1,5,5],[1,4,2,5],[3,5,1,3],[3,5,1,3]]",4,240,17
Fsingle_switch-H0.3-I1.5-N0.1-S0.9-T0.9-D3,single_switch,0.3,1.5,0.1,0.9,0.9,3,"[0,0,0,0]",0.09732024354132214,0.014686344939105148,0.10436760361472801,0.014107609784688155,1.0724141228686257,0.9605936564327859,0.11219263508104899,True,"[[0,0,0,0],[0,0,0,0],[0,0,0,0],[1,6,2,5],[3,5,1,3],[3,5,1,3]]",2,240,15
Fsingle_switch-H0.3-I1.5-N0.5-S0-T0-D0,single_switch,0.3,1.5,0.5,0.0,0.0,0,"[0,0,1,3]",0.08760822498110458,0.009994680445715136,0.08947195231274181,0.009764372785074242,1.0212734287452943,0.9769569760742446,0.10835687300528014,True,"[[1,1,2,2],[1,1,1,1],[1,1,5,5],[0,6,2,0],[3,5,1,3],[3,5,1,3]]",4,240,18
Fsingle_switch-H0.3-I1.5-N0.5-S0-T0-D1,single_switch,0.3,1.5,0.5,0.0,0.0,1,"[0,0,0,0]",0.09299553074449378,0.01021402269220352,0.09870093459474605,0.009759281379384642,1.0613513768304408,0.9554787250310314,0.10835687300528014,True,"[[0,0,0,0],[0,0,1,1],[1,1,5,5],[1,4,2,5],[3,5,1,3],[3,5,1,3]]",4,240,17
Fsingle_switch-H0.3-I1.5-N0.5-S0-T0-D3,single_switch,0.3,1.5,0.5,0.0,0.0,3,"[0,0,0,0]",0.09299553074449378,0.01021402269220352,0.10048620847786677,0.009723262877967695,1.0805487927581563,0.9519523473733392,0.10835687300528014,True,"[[0,0,0,0],[0,0,0,0],[0,0,5,5],[1,4,2,5],[3,5,1,3],[3,5,1,3]]",3,240,16
Fsingle_switch-H0.3-I1.5-N0.5-S0-T0.9-D0,single_switch,0.3,1.5,0.5,0.0,0.9,0,"[1,0,1,3]",0.14218934859186405,0.07324071784225339,0.1382272424582551,0.06998247688229836,0.9721350004564572,0.9555132574345782,0.16675466839899622,True,"[[1,1,2,2],[1,1,1,1],[1,1,5,5],[1,6,2,5],[3,5,1,3],[3,5,1,3]]",4,240,18
Fsingle_switch-H0.3-I1.5-N0.5-S0-T0.9-D1,single_switch,0.3,1.5,0.5,0.0,0.9,1,"[0,0,0,0]",0.1540882741338134,0.07339196033113361,0.1493149285560825,0.07006781628906755,0.9690220063495186,0.95470697298358,0.16675466839899622,True,"[[0,0,0,0],[1,1,1,1],[1,1,5,5],[1,4,2,5],[3,5,1,3],[3,5,1,3]]",4,240,17
Fsingle_switch-H0.3-I1.5-N0.5-S0-T0.9-D3,single_switch,0.3,1.5,0.5,0.0,0.9,3,"[0,0,0,0]",0.1540882741338134,0.07339196033113361,0.15065671151203144,0.06976401569005113,0.9777298912518033,0.950567546844181,0.16675466839899622,True,"[[0,0,0,0],[0,0,1,1],[1,1,5,5],[1,4,2,5],[3,5,1,3],[3,5,1,3]]",4,240,17
Fsingle_switch-H0.3-I1.5-N0.5-S0.9-T0-D0,single_switch,0.3,1.5,0.5,0.9,0.0,0,"[0,0,1,3]",0.08851441385492352,0.010190953992786573,0.09086308726109597,0.010160123915859388,1.0265343609462518,0.9969747604641326,0.10835687300528014,True,"[[1,1,2,2],[1,1,1,1],[1,1,5,5],[0,6,2,0],[3,5,1,3],[3,5,1,3]]",4,240,18
Fsingle_switch-H0.3-I1.5-N0.5-S0.9-T0-D1,single_switch,0.3,1.5,0.5,0.9,0.0,1,"[0,0,0,0]",0.09299553074449378,0.01021402269220352,0.09964488004907746,0.010041744830497757,1.0715018157469614,0.9831332015898825,0.10835687300528014,True,"[[0,0,0,0],[0,0,1,1],[1,1,5,5],[1,4,2,5],[3,5,1,3],[3,5,1,3]]",4,240,17
Fsingle_switch-H0.3-I1.5-N0.5-S0.9-T0-D3,single_switch,0.3,1.5,0.5,0.9,0.0,3,"[0,0,0,0]",0.09299553074449378,0.01021402269220352,0.10070304849404814,0.00982853941446241,1.0828805178899494,0.9622594065670762,0.10835687300528014,True,"[[0,0,0,0],[0,0,0,0],[0,0,0,0],[1,6,2,5],[3,5,1,3],[3,5,1,3]]",2,240,15
Fsingle_switch-H0.3-I1.5-N0.5-S0.9-T0.9-D0,single_switch,0.3,1.5,0.5,0.9,0.9,0,"[0,0,1,3]",0.14898375589480425,0.07323386768953577,0.14839061604456716,0.07262298644273049,0.9960187615980368,0.9916584871716045,0.16675466839899622,True,"[[1,1,2,2],[1,1,1,1],[1,1,5,5],[0,6,2,0],[3,5,1,3],[3,5,1,3]]",4,240,18
Fsingle_switch-H0.3-I1.5-N0.5-S0.9-T0.9-D1,single_switch,0.3,1.5,0.5,0.9,0.9,1,"[0,0,0,0]",0.1540882741338134,0.07339196033113361,0.15602499171467463,0.07209597771533441,1.0125688835944735,0.9823416269309073,0.16675466839899622,True,"[[0,0,0,0],[0,0,1,1],[1,1,5,5],[1,4,2,5],[3,5,1,3],[3,5,1,3]]",4,240,17
Fsingle_switch-H0.3-I1.5-N0.5-S0.9-T0.9-D3,single_switch,0.3,1.5,0.5,0.9,0.9,3,"[0,0,0,0]",0.1540882741338134,0.07339196033113361,0.15326724358881513,0.07051571807317938,0.994671687059813,0.9608098455883035,0.16675466839899622,True,"[[0,0,0,0],[0,0,1,1],[1,1,5,5],[1,4,2,5],[3,5,1,3],[3,5,1,3]]",4,240,17
Fsingle_switch-H0.6-I0.5-N0.1-S0-T0-D0,single_switch,0.6,0.5,0.1,0.0,0.0,0,"[0,0,0,0]",0.0456917375280424,0.002080553632579994,0.025506707824484522,0.0019528766794902597,0.5582345781626336,0.9386331834515563,0.05373936882016276,True,"[[1,1,5,5],[1,1,5,5],[1,1,5,5],[0,6,2,0],[3,5,1,3],[3,5,1,3]]",2,240,18
Fsingle_switch-H0.6-I0.5-N0.1-S0-T0-D1,single_switch,0.6,0.5,0.1,0.0,0.0,1,"[0,0,0,0]",0.0456917375280424,0.002080553632579994,0.025563211653098748,0.0019518909303936729,0.5594712093714937,0.9381593917255702,0.05373936882016276,True,"[[0,0,0,0],[0,0,5,5],[1,1,5,5],[1,4,4,5],[3,5,1,3],[3,5,1,3]]",4,240,17
Fsingle_switch-H0.6-I0.5-N0.1-S0-T0-D3,single_switch,0.6,0.5,0.1,0.0,0.0,3,"[0,0,1,0]",0.044595625675502605,0.0020390779720511386,0.025598420312725762,0.0019439957142782672,0.5740119109212892,0.9533699745296024,0.05373936882016276,True,"[[0,0,0,0],[0,0,5,5],[0,0,5,5],[1,6,2,5],[3,5,1,3],[3,5,1,3]]",3,240,17
Fsingle_switch-H0.6-I0.5-N0.1-S0-T0.9-D0,single_switch,0.6,0.5,0.1,0.0,0.9,0,"[0,0,0,0]",0.057910286205906325,0.014716141160366016,0.0353567045355806,0.013997262198461053,0.610542735186388,0.9511503080820487,0.06541892789890598,True,"[[1,1,5,5],[1,1,5,5],[1,1,5,5],[0,6,2,0],[3,5,1,3],[3,5,1,3]]",2,240,18
Fsingle_switch-H0.6-I0.5-N0.1-S0-T0.9-D1,single_switch,0.6,0.5,0.1,0.0,0.9,1,"[0,0,0,0]",0.057910286205906325,0.014716141160366016,0.03558985962123811,0.014013403667880966,0.61456887805207,0.9522471628379262,0.06541892789890598,True,"[[0,0,1,1],[0,0,5,5],[1,1,5,5],[1,6,2,5],[3,5,1,3],[3,5,1,3]]",4,240,18
Fsingle_switch-H0.6-I0.5-N0.1-S0-T0.9-D3,single_switch,0.6,0.5,0.1,0.0,0.9,3,"[0,0,1,0]",0.05614653465698089,0.014539641460305964,0.03553702867461107,0.013953151899183714,0.632933606530116,0.9596627218956258,0.06541892789890598,True,"[[0,0,1,1],[0,0,5,5],[1,1,5,5],[1,4,2,5],[3,5,1,3],[3,5,1,3]]",4,240,18
Fsingle_switch-H0.6-I0.5-N0.1-S0.9-T0-D0,single_switch,0.6,0.5,0.1,0.9,0.0,0,"[0,0,0,0]",0.0456917375280424,0.002080553632579994,0.025800567165582766,0.002032026867909697,0.5646659234560336,0.9766760328066518,0.05373936882016276,True,"[[1,1,5,5],[1,1,5,5],[1,1,5,5],[0,6,2,0],[3,5,1,3],[3,5,1,3]]",2,240,18
Fsingle_switch-H0.6-I0.5-N0.1-S0.9-T0-D1,single_switch,0.6,0.5,0.1,0.9,0.0,1,"[0,0,0,0]",0.0456917375280424,0.002080553632579994,0.025744364326548936,0.002008357021804296,0.5634358796434222,0.9652993272342753,0.05373936882016276,True,"[[0,0,0,0],[0,0,5,5],[0,0,5,5],[1,4,2,5],[3,5,1,3],[3,5,1,3]]",3,240,17
Fsingle_switch-H0.6-I0.5-N0.1-S0.9-T0-D3,single_switch,0.6,0.5,0.1,0.9,0.0,3,"[0,0,1,0]",0.044614073716966816,0.002043634818663813,0.02566230755007681,0.001965534263946777,0.5752065528218595,0.9617835075015504,0.05373936882016276,True,"[[0,0,0,0],[0,0,5,5],[0,0,5,5],[1,6,2,5],[3,5,1,3],[3,5,1,3]]",3,240,17
Fsingle_switch-H0.6-I0.5-N0.1-S0.9-T0.9-D0,single_switch,0.6,0.5,0.1,0.9,0.9,0,"[0,0,0,0]",0.057910286205906325,0.014716141160366016,0.03729717000756127,0.01452459939707787,0.6440508664548319,0.9869842398764146,0.06541892789890598,True,"[[1,1,5,5],[1,1,5,5],[1,1,5,5],[0,6,2,0],[3,5,1,3],[3,5,1,3]]",2,240,18
Fsingle_switch-H0.6-I0.5-N0.1-S0.9-T0.9-D1,single_switch,0.6,0.5,0.1,0.9,0.9,1,"[0,0,0,0]",0.057910286205906325,0.014716141160366016,0.03693963256996512,0.014419190149783793,0.6378768780147663,0.9798214078441989,0.06541892789890598,True,"[[0,0,1,1],[0,0,5,5],[1,1,5,5],[1,6,2,5],[3,5,1,3],[3,5,1,3]]",4,240,18
Fsingle_switch-H0.6-I0.5-N0.1-S0.9-T0.9-D3,single_switch,0.6,0.5,0.1,0.9,0.9,3,"[0,0,1,0]",0.05627920260169047,0.014572411739776183,0.03604856805677129,0.014103491684386786,0.6405308957893532,0.967821383051547,0.06541892789890598,True,"[[0,0,1,1],[0,0,5,5],[1,1,5,5],[1,4,2,5],[3,5,1,3],[3,5,1,3]]",4,240,18
Fsingle_switch-H0.6-I0.5-N0.5-S0-T0-D0,single_switch,0.6,0.5,0.5,0.0,0.0,0,"[0,0,0,0]",0.05358557340907794,0.01024381891346439,0.03204446331146668,0.009764363303187825,0.5980054196086669,0.9531956183209788,0.06158316582313716,True,"[[1,1,5,5],[1,1,5,5],[1,1,5,5],[0,6,2,0],[3,5,1,3],[3,5,1,3]]",2,240,18
Fsingle_switch-H0.6-I0.5-N0.5-S0-T0-D1,single_switch,0.6,0.5,0.5,0.0,0.0,1,"[0,0,0,0]",0.05358557340907794,0.01024381891346439,0.03216640045130268,0.009759125625650776,0.6002809787205405,0.9526843170590866,0.06158316582313716,True,"[[0,0,1,1],[0,0,5,5],[1,1,5,5],[1,6,2,5],[3,5,1,3],[3,5,1,3]]",4,240,18
Fsingle_switch-H0.6-I0.5-N0.5-S0-T0-D3,single_switch,0.6,0.5,0.5,0.0,0.0,3,"[0,0,1,0]",0.05205813060800409,0.010115110502454724,0.03221545811228254,0.00971975760834205,0.6188362458664491,0.9609146243121387,0.06158316582313716,True,"[[0,0,1,1],[0,0,5,5],[1,1,5,5],[1,4,2,5],[3,5,1,3],[3,5,1,3]]",4,240,18
Fsingle_switch-H0.6-I0.5-N0.5-S0-T0.9-D0,single_switch,0.6,0.5,0.5,0.0,0.9,0,"[0,0,0,0]",0.11467831679839759,0.07342175655239447,0.08112539657518014,0.06998338340318416,0.707417050058357,0.9531695602139858,0.11998096121685319,True,"[[1,1,5,5],[1,1,5,5],[1,1,5,5],[1,6,2,5],[3,5,1,3],[3,5,1,3]]",2,240,18
Fsingle_switch-H0.6-I0.5-N0.5-S0-T0.9-D1,single_switch,0.6,0.5,0.5,0.0,0.9,1,"[0,0,1,0]",0.11273062460136136,0.0726178674994716,0.08113745415502692,0.07006776189740312,0.7197463372703347,0.9648832210325228,0.11998096121685319,True,"[[0,0,2,2],[1,1,5,5],[1,1,5,5],[1,4,2,5],[3,5,1,3],[3,5,1,3]]",3,240,18
Fsingle_switch-H0.6-I0.5-N0.5-S0-T0.9-D3,single_switch,0.6,0.5,0.5,0.0,0.9,3,"[0,0,1,0]",0.10981267551539553,0.07261792794372883,0.08056872551761034,0.06975461238738272,0.7336924006219551,0.9605701286524606,0.11998096121685319,True,"[[0,0,2,2],[0,0,5,5],[1,1,5,5],[1,4,2,5],[3,5,1,3],[3,5,1,3]]",4,240,18
Fsingle_switch-H0.6-I0.5-N0.5-S0.9-T0-D0,single_switch,0.6,0.5,0.5,0.9,0.0,0,"[0,0,0,0]",0.05358557340907794,0.01024381891346439,0.033513760016957925,0.01016011424528501,0.6254250516479563,0.9918287633853662,0.06158316582313716,True,"[[1,1,5,5],[1,1,5,5],[1,1,5,5],[0,6,2,0],[3,5,1,3],[3,5,1,3]]",2,240,18
Fsingle_switch-H0.6-I0.5-N0.5-S0.9-T0-D1,single_switch,0.6,0.5,0.5,0.9,0.0,1,"[0,0,0,0]",0.05358557340907794,0.01024381891346439,0.03310662631011033,0.010041693112516216,0.6178272285596506,0.9802685109278434,0.06158316582313716,True,"[[0,0,1,1],[0,0,5,5],[1,1,5,5],[1,6,2,5],[3,5,1,3],[3,5,1,3]]",4,240,18
Fsingle_switch-H0.6-I0.5-N0.5-S0.9-T0-D3,single_switch,0.6,0.5,0.5,0.9,0.0,3,"[0,0,1,0]",0.05215037081532512,0.010137894735518096,0.03254997183990697,0.009824976119917048,0.6241560957480613,0.9691337675361001,0.06158316582313716,True,"[[0,0,1,1],[0,0,5,5],[0,0,5,5],[1,4,2,5],[3,5,1,3],[3,5,1,3]]",3,240,18
Fsingle_switch-H0.6-I0.5-N0.5-S0.9-T0.9-D0,single_switch,0.6,0.5,0.5,0.9,0.9,0,"[0,0,0,0]",0.11467831679839759,0.07342175655239447,0.09099677422685042,0.07262297689112587,0.7934959002478307,0.9891206680584034,0.11998096121685319,True,"[[1,1,5,5],[1,1,5,5],[1,1,5,5],[0,6,2,0],[3,5,1,3],[3,5,1,3]]",2,240,18
Fsingle_switch-H0.6-I0.5-N0.5-S0.9-T0.9-D1,single_switch,0.6,0.5,0.5,0.9,0.9,1,"[0,0,1,0]",0.11462192568283912,0.0730753168041787,0.0885786279443863,0.07209593667558525,0.7727895637479073,0.9865976615439396,0.11998096121685319,True,"[[0,0,2,2],[0,0,5,5],[1,1,5,5],[1,4,2,5],[3,5,1,3],[3,5,1,3]]",4,240,18
Fsingle_switch-H0.6-I0.5-N0.5-S0.9-T0.9-D3,single_switch,0.6,0.5,0.5,0.9,0.9,3,"[0,0,1,0]",0.11047601523894339,0.07278177934107993,0.08310351161758991,0.07050625340381485,0.7522312552444006,0.9687349504523487,0.11998096121685319,True,"[[0,0,2,2],[0,0,5,5],[1,1,5,5],[1,4,2,5],[3,5,1,3],[3,5,1,3]]",4,240,18
Fsingle_switch-H0.6-I1.5-N0.1-S0-T0-D0,single_switch,0.6,1.5,0.1,0.0,0.0,0,"[0,0,1,0]",0.10791255052650628,0.00203878696962229,0.09167419666649501,0.0019528906034594982,0.8495230278518653,0.957868886037316,0.1320091030914381,True,"[[1,1,2,2],[1,1,5,5],[1,1,5,5],[0,6,2,0],[3,5,1,3],[3,5,1,3]]",3,240,18
Fsingle_switch-H0.6-I1.5-N0.1-S0-T0-D1,single_switch,0.6,1.5,0.1,0.0,0.0,1,"[0,0,0,0]",0.11170194667433127,0.0020805598159018726,0.10390183245995764,0.0019519252166760575,0.9301702929393435,0.9381730829161212,0.1320091030914381,True,"[[0,0,0,0],[0,0,0,0],[0,0,5,5],[1,4,2,5],[3,5,1,3],[3,5,1,3]]",3,240,16
Fsingle_switch-H0.6-I1.5-N0.1-S0-T0-D3,single_switch,0.6,1.5,0.1,0.0,0.0,3,"[0,0,1,0]",0.1102522095996113,0.0020389490487696003,0.10319548406655009,0.0019456167478456906,0.9359947019775096,0.9542252902394834,0.1320091030914381,True,"[[0,0,0,0],[0,0,1,1],[0,0,5,5],[1,6,2,5],[3,5,1,3],[3,5,1,3]]",4,240,17
Fsingle_switch-H0.6-I1.5-N0.1-S0-T0.9-D0,single_switch,0.6,1.5,0.1,0.0,0.9,0,"[0,0,1,0]",0.11950769785493126,0.014539350555227419,0.10161874017106694,0.013997276142326265,0.8503112518694864,0.9627167382172886,0.1436886621701813,True,"[[1,1,2,2],[1,1,5,5],[1,1,5,5],[0,6,2,0],[3,5,1,3],[3,5,1,3]]",3,240,18
Fsingle_switch-H0.6-I1.5-N0.1-S0-T0.9-D1,single_switch,0.6,1.5,0.1,0.0,0.9,1,"[0,0,0,0]",0.12392049535219522,0.014716147343687893,0.11425141356663154,0.014013816835434052,0.9219735060121966,0.9522748385259212,0.1436886621701813,True,"[[0,0,0,0],[0,0,0,0],[1,1,5,5],[1,4,4,5],[3,5,1,3],[3,5,1,3]]",3,240,16
Fsingle_switch-H0.6-I1.5-N0.1-S0-T0.9-D3,single_switch,0.6,1.5,0.1,0.0,0.9,3,"[0,0,1,0]",0.12180311858108957,0.014539512537024426,0.11333046408540766,0.013954300055924658,0.9304397572543162,0.9597501993543771,0.1436886621701813,True,"[[0,0,0,0],[0,0,1,1],[0,0,5,5],[1,4,2,5],[3,5,1,3],[3,5,1,3]]",4,240,17
Fsingle_switch-H0.6-I1.5-N0.1-S0.9-T0-D0,single_switch,0.6,1.5,0.1,0.9,0.0,0,"[0,0,1,0]",0.10800316941388816,0.0020584143243294337,0.09195149498692416,0.0020320407883939132,0.8513777464673189,0.9871874502505165,0.1320091030914381,True,"[[1,1,2,2],[1,1,5,5],[1,1,5,5],[0,6,2,0],[3,5,1,3],[3,5,1,3]]",3,240,18
Fsingle_switch-H0.6-I1.5-N0.1-S0.9-T0-D1,single_switch,0.6,1.5,0.1,0.9,0.0,1,"[0,0,0,0]",0.11170194667433127,0.0020805598159018726,0.10404309017314776,0.002008414138690979,0.9314348878492421,0.9653239110649552,0.1320091030914381,True,"[[0,0,0,0],[0,0,0,0],[0,0,0,0],[1,6,2,5],[3,5,1,3],[3,5,1,3]]",2,240,15
Fsingle_switch-H0.6-I1.5-N0.1-S0.9-T0-D3,single_switch,0.6,1.5,0.1,0.9,0.0,3,"[0,0,1,0]",0.1102706576410755,0.0020435058953822745,0.10325890749927781,0.001967149630858896,0.9364132735598574,0.9626346737262068,0.1320091030914381,True,"[[0,0,0,0],[0,0,1,1],[0,0,5,5],[1,6,2,5],[3,5,1,3],[3,5,1,3]]",4,240,17
Fsingle_switch-H0.6-I1.5-N0.1-S0.9-T0.9-D0,single_switch,0.6,1.5,0.1,0.9,0.9,0,"[0,0,1,0]",0.1201593779568082,0.014680499457897364,0.10345755250825024,0.014524613319551682,0.8610027304355595,0.9893814145225268,0.1436886621701813,True,"[[1,1,2,2],[1,1,5,5],[1,1,5,5],[0,6,2,0],[3,5,1,3],[3,5,1,3]]",3,240,18
Fsingle_switch-H0.6-I1.5-N0.1-S0.9-T0.9-D1,single_switch,0.6,1.5,0.1,0.9,0.9,1,"[0,0,0,0]",0.12392049535219522,0.014716147343687893,0.11543452415740045,0.01441927907113964,0.9315208418859467,0.9798270385845527,0.1436886621701813,True,"[[0,0,0,0],[0,0,0,0],[0,0,5,5],[1,4,2,5],[3,5,1,3],[3,5,1,3]]",3,240,16
Fsingle_switch-H0.6-I1.5-N0.1-S0.9-T0.9-D3,single_switch,0.6,1.5,0.1,0.9,0.9,3,"[0,0,1,0]",0.12193578652579913,0.014572282816494645,0.11376929748063667,0.01410521408287537,0.9330263142770265,0.9679481424083678,0.1436886621701813,True,"[[0,0,0,0],[0,0,1,1],[0,0,5,5],[1,4,2,5],[3,5,1,3],[3,5,1,3]]",4,240,17
Fsingle_switch-H0.6-I1.5-N0.5-S0-T0-D0,single_switch,0.6,1.5,0.5,0.0,0.0,0,"[0,0,1,0]",0.11540363579695562,0.010114819562919378,0.09828555668978416,0.00976437724264605,0.8516677660200456,0.9653535766907757,0.13985290009441245,True,"[[1,1,2,2],[1,1,5,5],[1,1,5,5],[0,6,2,0],[3,5,1,3],[3,5,1,3]]",3,240,18
Fsingle_switch-H0.6-I1.5-N0.5-S0-T0-D1,single_switch,0.6,1.5,0.5,0.0,0.0,1,"[0,0,0,0]",0.1195957825553668,0.010243825096786266,0.11074447533103472,0.009759437527691393,0.925989804697048,0.9527141898150099,0.13985290009441245,True,"[[0,0,0,0],[0,0,0,0],[1,1,5,5],[1,4,4,5],[3,5,1,3],[3,5,1,3]]",3,240,16
Fsingle_switch-H0.6-I1.5-N0.5-S0-T0-D3,single_switch,0.6,1.5,0.5,0.0,0.0,3,"[0,0,1,0]",0.11771471453211278,0.010114981579173187,0.10989314165001446,0.009718774420892176,0.9335548413536305,0.960829670802683,0.13985290009441245,True,"[[0,0,0,0],[0,0,1,1],[0,0,5,5],[1,6,2,5],[3,5,1,3],[3,5,1,3]]",4,240,17
Fsingle_switch-H0.6-I1.5-N0.5-S0-T0.9-D0,single_switch,0.6,1.5,0.5,0.0,0.9,0,"[0,0,1,0]",0.17337937243908066,0.07261763749094502,0.1478789796530711,0.06998474736547236,0.8529214148876361,0.9637431040661304,0.19825069548812854,True,"[[1,1,2,2],[1,1,5,5],[1,1,5,5],[0,6,2,5],[3,5,1,3],[3,5,1,3]]",3,240,18
Fsingle_switch-H0.6-I1.5-N0.5-S0-T0.9-D1,single_switch,0.6,1.5,0.5,0.0,0.9,1,"[0,0,1,0]",0.17859420827829786,0.07261766874851132,0.1614284990106356,0.07006784120970902,0.9038842892323056,0.9648869540602738,0.19825069548812854,True,"[[0,0,0,0],[0,0,5,5],[1,1,5,5],[1,4,2,5],[3,5,1,3],[3,5,1,3]]",4,240,17
Fsingle_switch-H0.6-I1.5-N0.5-S0-T0.9-D3,single_switch,0.6,1.5,0.5,0.0,0.9,3,"[0,0,1,0]",0.1754692594395042,0.07261779902044731,0.15975742168819082,0.06976197758818292,0.9104581748307299,0.9606732581985822,0.19825069548812854,True,"[[0,0,0,0],[0,0,1,1],[1,1,5,5],[1,4,2,5],[3,5,1,3],[3,5,1,3]]",4,240,17
Fsingle_switch-H0.6-I1.5-N0.5-S0.9-T0-D0,single_switch,0.6,1.5,0.5,0.9,0.0,0,"[0,0,1,0]",0.11585673023386507,0.010212956336455097,0.09967204829193001,0.010160128167318126,0.8603043439145475,0.9948273381970311,0.13985290009441245,True,"[[1,1,2,2],[1,1,5,5],[1,1,5,5],[0,6,2,0],[3,5,1,3],[3,5,1,3]]",3,240,18
Fsingle_switch-H0.6-I1.5-N0.5-S0.9-T0-D1,single_switch,0.6,1.5,0.5,0.9,0.0,1,"[0,0,0,0]",0.1195957825553668,0.010243825096786266,0.11156640251385387,0.010041778170372363,0.9328623479026467,0.9802762225531076,0.13985290009441245,True,"[[0,0,0,0],[0,0,0,0],[0,0,5,5],[1,4,2,5],[3,5,1,3],[3,5,1,3]]",3,240,16
Fsingle_switch-H0.6-I1.5-N0.5-S0.9-T0-D3,single_switch,0.6,1.5,0.5,0.9,0.0,3,"[0,0,1,0]",0.11780695473943381,0.010137765812236557,0.11021101488839785,0.009826616825080325,0.9355221441056965,0.9693079330378034,0.13985290009441245,True,"[[0,0,0,0],[0,0,1,1],[0,0,5,5],[1,4,2,5],[3,5,1,3],[3,5,1,3]]",4,240,17
Fsingle_switch-H0.6-I1.5-N0.5-S0.9-T0.9-D0,single_switch,0.6,1.5,0.5,0.9,0.9,0,"[0,0,1,0]",0.17663777294846528,0.07332338200429475,0.15720233589856045,0.07262299082310697,0.8899700968513955,0.990447914948239,0.19825069548812854,True,"[[1,1,2,2],[1,1,5,5],[1,1,5,5],[0,6,2,0],[3,5,1,3],[3,5,1,3]]",3,240,18
Fsingle_switch-H0.6-I1.5-N0.5-S0.9-T0.9-D1,single_switch,0.6,1.5,0.5,0.9,0.9,1,"[0,0,1,0]",0.18048550935977561,0.07307511805321841,0.16819151819744782,0.07209602367223182,0.931883777229887,0.9866015354190253,0.19825069548812854,True,"[[0,0,0,0],[0,0,5,5],[1,1,5,5],[1,4,2,5],[3,5,1,3],[3,5,1,3]]",4,240,17
Fsingle_switch-H0.6-I1.5-N0.5-S0.9-T0.9-D3,single_switch,0.6,1.5,0.5,0.9,0.9,3,"[0,0,1,0]",0.17613259916305204,0.0727816504177984,0.16236795376497448,0.07051367997131118,0.9218506655583095,0.9688387054502327,0.19825069548812854,True,"[[0,0,0,0],[0,0,1,1],[1,1,5,5],[1,4,2,5],[3,5,1,3],[3,5,1,3]]",4,240,17
Falternating-H0.1-I0.5-N0.1-S0-T0-D0,alternating,0.1,0.5,0.1,0.0,0.0,0,"[0,0,3,3]",0.011207217601482182,0.0023910321801672296,0.010741375149365441,0.001954471883059458,0.9584337104282572,0.8174176404948099,0.013596026668333719,True,"[[1,1,2,2],[1,1,1,1],[0,6,2,0],[3,5,1,3],[3,2,6,3],[1,1,5,5]]",5,240,18
Falternating-H0.1-I0.5-N0.1-S0-T0-D1,alternating,0.1,0.5,0.1,0.0,0.0,1,"[0,0,0,0]",0.011799476807110368,0.002067812107843347,0.01174679141935809,0.0019538144758359448,0.9955349386575741,0.9448704108197249,0.013596026668333719,True,"[[0,0,0,0],[0,0,1,1],[1,4,2,5],[3,5,1,3],[3,4,4,3],[1,1,5,5]]",5,240,17
Falternating-H0.1-I0.5-N0.1-S0-T0-D3,alternating,0.1,0.5,0.1,0.0,0.0,3,"[0,0,0,0]",0.011799476807110368,0.002067812107843347,0.012006091690960986,0.0019498541809863635,1.017510512307301,0.9429552006153937,0.013596026668333719,True,"[[0,0,0,0],[0,0,0,0],[0,3,2,5],[3,5,1,3],[3,4,4,3],[1,1,5,5]]",4,240,16
Falternating-H0.1-I0.5-N0.1-S0-T0.9-D0,alternating,0.1,0.5,0.1,0.0,0.9,0,"[1,1,3,3]",0.021181299315931112,0.014486591000170409,0.020581164946737972,0.013999578206881042,0.9716667820872651,0.9663818221082077,0.025275585747076928,True,"[[1,1,2,2],[1,1,1,1],[1,5,1,5],[3,5,1,3],[3,1,5,3],[1,1,5,5]]",5,240,18
Falternating-H0.1-I0.5-N0.1-S0-T0.9-D1,alternating,0.1,0.5,0.1,0.0,0.9,1,"[0,0,3,0]",0.023698702155487732,0.014696899647037253,0.021836053127529283,0.014016122509859752,0.921402909925718,0.9536788606082142,0.025275585747076928,True,"[[0,0,0,0],[1,1,1,1],[1,3,1,5],[3,5,1,3],[3,3,3,3],[1,1,5,5]]",5,240,17
Falternating-H0.1-I0.5-N0.1-S0-T0.9-D3,alternating,0.1,0.5,0.1,0.0,0.9,3,"[0,0,3,0]",0.023725003937561107,0.014621215867086371,0.02201288965347528,0.013982397525793736,0.9278350263463928,0.9563088085765377,0.025275585747076928,True,"[[0,0,0,0],[0,0,1,1],[1,3,2,5],[3,5,1,3],[3,4,3,3],[1,1,5,5]]",5,240,17
Falternating-H0.1-I0.5-N0.1-S0.9-T0-D0,alternating,0.1,0.5,0.1,0.9,0.0,0,"[0,0,3,3]",0.011388455376245972,0.002430286889581517,0.01096104772836233,0.0020323854240285356,0.9624700950424648,0.836273870686313,0.013596026668333719,True,"[[1,1,2,2],[1,1,1,1],[0,6,2,0],[3,5,1,3],[0,2,6,0],[1,1,5,5]]",5,240,18
Falternating-H0.1-I0.5-N0.1-S0.9-T0-D1,alternating,0.1,0.5,0.1,0.9,0.0,1,"[0,0,0,0]",0.011799476807110368,0.002067812107843347,0.011911547242907829,0.0020088666834521493,1.0094979156813062,0.9714938198844982,0.013596026668333719,True,"[[0,0,0,0],[0,0,1,1],[1,4,2,5],[3,5,1,3],[3,4,4,3],[1,1,5,5]]",5,240,17
Falternating-H0.1-I0.5-N0.1-S0.9-T0-D3,alternating,0.1,0.5,0.1,0.9,0.0,3,"[0,0,0,0]",0.011799476807110368,0.002067812107843347,0.012057879664213551,0.0019673102602673644,1.0218995182013044,0.95139701175229,0.013596026668333719,True,"[[0,0,0,0],[0,0,0,0],[0,3,2,5],[3,5,1,3],[3,4,4,3],[1,1,5,5]]",4,240,16
Falternating-H0.1-I0.5-N0.1-S0.9-T0.9-D0,alternating,0.1,0.5,0.1,0.9,0.9,0,"[0,0,3,3]",0.02348232378422212,0.015038869628931358,0.022508205321255737,0.014527007460612706,0.9585169478149816,0.9659640530872117,0.025275585747076928,True,"[[1,1,2,2],[1,1,1,1],[0,6,2,0],[3,5,1,3],[0,2,6,0],[1,1,5,5]]",5,240,18
Falternating-H0.1-I0.5-N0.1-S0.9-T0.9-D1,alternating,0.1,0.5,0.1,0.9,0.9,1,"[0,0,0,0]",0.0240180254849743,0.014703399635629368,0.023277733699726782,0.014423860506143719,0.9691776584336358,0.9809881295201779,0.025275585747076928,True,"[[0,0,0,0],[0,0,1,1],[1,4,2,5],[3,5,1,3],[3,4,4,3],[1,1,5,5]]",5,240,17
Falternating-H0.1-I0.5-N0.1-S0.9-T0.9-D3,alternating,0.1,0.5,0.1,0.9,0.9,3,"[0,0,3,0]",0.02385767188227068,0.01465398614655659,0.022505140657560874,0.014118957335910677,0.9433083315344398,0.9634891963664347,0.025275585747076928,True,"[[0,0,0,0],[0,0,1,1],[1,3,2,5],[3,5,1,3],[3,4,4,3],[1,1,5,5]]",5,240,17
Falternating-H0.1-I0.5-N0.5-S0-T0-D0,alternating,0.1,0.5,0.5,0.0,0.0,0,"[1,1,3,3]",0.017749863521996357,0.01020827848213154,0.017350439602730906,0.00976920473335716,0.9774970709622376,0.9569884628889258,0.021439823671308103,True,"[[1,1,2,2],[1,1,1,1],[1,5,2,5],[3,5,1,3],[3,2,6,3],[1,1,5,5]]",5,240,18
Falternating-H0.1-I0.5-N0.5-S0-T0-D1,alternating,0.1,0.5,0.5,0.0,0.0,1,"[0,0,3,0]",0.019606856516643522,0.010272368658957785,0.01847987386973726,0.009769032343907112,0.942520992799146,0.9510009490740239,0.021439823671308103,True,"[[0,0,0,0],[1,1,1,1],[1,3,4,5],[3,5,1,3],[3,4,4,3],[1,1,5,5]]",5,240,17
Falternating-H0.1-I0.5-N0.5-S0-T0-D3,alternating,0.1,0.5,0.5,0.0,0.0,3,"[0,0,3,0]",0.019636599888584308,0.010196684909235131,0.018626526255853114,0.009745975493425173,0.9485616838728583,0.9557984364700972,0.021439823671308103,True,"[[0,0,0,0],[0,0,1,1],[1,3,2,5],[3,5,1,3],[3,4,4,3],[1,1,5,5]]",5,240,17
Falternating-H0.1-I0.5-N0.5-S0-T0.9-D0,alternating,0.1,0.5,0.5,0.0,0.9,0,"[1,1,3,3]",0.06622379376067554,0.07064555167991389,0.06485510482388294,0.06995709045661691,0.9793323689407033,0.9902547123360815,0.07983761906502414,True,"[[1,1,1,1],[1,1,1,1],[1,5,1,5],[3,5,1,3],[3,1,5,3],[1,1,5,5]]",4,240,18
Falternating-H0.1-I0.5-N0.5-S0-T0.9-D1,alternating,0.1,0.5,0.5,0.0,0.9,1,"[1,1,3,3]",0.07058279297010224,0.0705617615572087,0.06688140427423274,0.07004853130049742,0.9475596170098093,0.9927265101467857,0.07983761906502414,True,"[[0,0,0,0],[1,1,1,1],[1,3,1,5],[3,5,1,3],[3,3,3,3],[1,1,5,5]]",5,240,17
Falternating-H0.1-I0.5-N0.5-S0-T0.9-D3,alternating,0.1,0.5,0.5,0.0,0.9,3,"[1,1,3,3]",0.07044220698919351,0.07014022848655237,0.06697196387518778,0.06975117045331365,0.950736309063427,0.9944531399222158,0.07983761906502414,True,"[[0,0,0,0],[1,1,1,1],[1,3,1,1],[3,5,1,3],[3,3,5,3],[1,1,5,5]]",5,240,17
Falternating-H0.1-I0.5-N0.5-S0.9-T0-D0,alternating,0.1,0.5,0.5,0.9,0.0,0,"[0,0,3,3]",0.01920174113516428,0.01057610563294845,0.018710611283058263,0.010161920580095756,0.9744226396633059,0.9608376592266292,0.021439823671308103,True,"[[1,1,2,2],[1,1,1,1],[0,6,2,0],[3,5,1,3],[0,2,6,0],[1,1,5,5]]",5,240,18
Falternating-H0.1-I0.5-N0.5-S0.9-T0-D1,alternating,0.1,0.5,0.5,0.9,0.0,1,"[0,0,0,0]",0.01969331268814592,0.01023107738872774,0.01937475442604555,0.010044300534866423,0.9838240387920048,0.9817441656665502,0.021439823671308103,True,"[[0,0,0,0],[0,0,1,1],[1,4,2,5],[3,5,1,3],[3,4,4,3],[1,1,5,5]]",5,240,17
Falternating-H0.1-I0.5-N0.5-S0.9-T0-D3,alternating,0.1,0.5,0.5,0.9,0.0,3,"[0,0,0,0]",0.01969331268814592,0.01023107738872774,0.01896466512945722,0.009834413156134274,0.9630002544403159,0.9612294758877986,0.021439823671308103,True,"[[0,0,0,0],[0,0,1,1],[1,3,2,5],[3,5,1,3],[3,4,4,3],[1,1,5,5]]",5,240,17
Falternating-H0.1-I0.5-N0.5-S0.9-T0.9-D0,alternating,0.1,0.5,0.5,0.9,0.9,0,"[1,1,3,3]",0.07941502192689073,0.07351053823123449,0.0762829085109743,0.07262645058460954,0.960560189496644,0.9879733209972702,0.07983761906502414,True,"[[1,1,2,2],[1,1,1,1],[1,6,2,5],[3,5,1,3],[3,2,6,3],[1,1,5,5]]",5,240,18
Falternating-H0.1-I0.5-N0.5-S0.9-T0.9-D1,alternating,0.1,0.5,0.5,0.9,0.9,1,"[0,1,3,3]",0.07821695640217852,0.0727872997013393,0.07533572357672909,0.07210012853758536,0.9631635778483298,0.990559188669266,0.07983761906502414,True,"[[0,0,0,0],[1,1,1,1],[1,3,1,5],[3,5,1,3],[3,3,3,3],[1,1,5,5]]",5,240,17
Falternating-H0.1-I0.5-N0.5-S0.9-T0.9-D3,alternating,0.1,0.5,0.5,0.9,0.9,3,"[1,1,3,3]",0.0732483358476822,0.07086619978429765,0.07013863199536835,0.07052635300411972,0.9575457405779103,0.9952043882526176,0.07983761906502414,True,"[[0,0,0,0],[1,1,1,1],[1,3,1,1],[3,5,1,3],[3,3,5,3],[1,1,5,5]]",5,240,17
Falternating-H0.1-I1.5-N0.1-S0-T0-D0,alternating,0.1,1.5,0.1,0.0,0.0,0,"[0,0,4,4]",0.07368990767869539,0.0033725390007412143,0.08460723802991515,0.001954552594203497,1.1481523141380743,0.5795492932102274,0.09186576093960903,True,"[[1,1,2,2],[1,1,2,2],[0,6,2,5],[3,5,1,3],[3,2,6,3],[1,1,5,5]]",4,240,18
Falternating-H0.1-I1.5-N0.1-S0-T0-D1,alternating,0.1,1.5,0.1,0.0,0.0,1,"[0,0,0,0]",0.07780968595339925,0.0020678182911652255,0.08923944650436037,0.0019535051026438673,1.1468938013425023,0.9447179720724193,0.09186576093960903,True,"[[0,0,0,0],[0,0,2,2],[0,3,2,5],[3,5,1,3],[3,4,6,3],[1,1,5,5]]",5,240,17
Falternating-H0.1-I1.5-N0.1-S0-T0-D3,alternating,0.1,1.5,0.1,0.0,0.0,3,"[0,0,0,0]",0.07780968595339925,0.0020678182911652255,0.09057053252882936,0.0019499652700691063,1.1640007464247146,0.9430061037763098,0.09186576093960903,True,"[[0,0,0,0],[0,0,0,0],[0,3,2,1],[0,5,1,3],[3,2,4,3],[1,1,5,5]]",4,240,16
Falternating-H0.1-I1.5-N0.1-S0-T0.9-D0,alternating,0.1,1.5,0.1,0.0,0.9,0,"[1,1,2,3]",0.08455635219967476,0.015164703791196318,0.09464662313367865,0.013999510653894515,1.119331909093906,0.9231641347338256,0.10354532001835226,True,"[[1,1,2,2],[1,1,2,2],[1,5,2,5],[3,5,1,3],[3,1,5,3],[1,1,5,5]]",4,240,18
Falternating-H0.1-I1.5-N0.1-S0-T0.9-D1,alternating,0.1,1.5,0.1,0.0,0.9,1,"[0,0,0,0]",0.09002823463126315,0.014703405818951246,0.09962574653446832,0.014015972687456812,1.1066055770449634,0.9532466735966438,0.10354532001835226,True,"[[0,0,0,0],[0,0,2,2],[1,3,2,5],[3,5,1,3],[3,3,3,3],[1,1,5,5]]",5,240,17
Falternating-H0.1-I1.5-N0.1-S0-T0.9-D3,alternating,0.1,1.5,0.1,0.0,0.9,3,"[0,0,0,0]",0.09002823463126315,0.014703405818951246,0.10089806730470048,0.013980158474267573,1.1207380408819287,0.9508108969044792,0.10354532001835226,True,"[[0,0,0,0],[0,0,0,0],[0,3,1,1],[3,5,1,3],[3,4,5,3],[1,1,5,5]]",4,240,16
Falternating-H0.1-I1.5-N0.1-S0.9-T0-D0,alternating,0.1,1.5,0.1,0.9,0.0,0,"[0,0,4,4]",0.07368990767869539,0.0033725390007412143,0.08480706791685962,0.002032394698816635,1.1508640815054016,0.6026304509362106,0.09186576093960903,True,"[[1,1,2,2],[1,1,2,2],[0,6,2,0],[3,5,1,3],[0,2,6,0],[1,1,5,5]]",4,240,18
Falternating-H0.1-I1.5-N0.1-S0.9-T0-D1,alternating,0.1,1.5,0.1,0.9,0.0,1,"[0,0,0,0]",0.07780968595339925,0.0020678182911652255,0.08937862713719452,0.002008871883672776,1.1486825327983459,0.9714934296962656,0.09186576093960903,True,"[[0,0,0,0],[0,0,2,2],[0,3,2,0],[3,5,1,3],[3,4,6,3],[1,1,5,5]]",5,240,17
Falternating-H0.1-I1.5-N0.1-S0.9-T0-D3,alternating,0.1,1.5,0.1,0.9,0.0,3,"[0,0,0,0]",0.07780968595339925,0.0020678182911652255,0.09062093221795298,0.00196874449571154,1.1646484766977014,0.9520877652175826,0.09186576093960903,True,"[[0,0,0,0],[0,0,0,0],[0,3,2,1],[0,5,1,3],[3,2,4,3],[1,1,5,5]]",4,240,16
Falternating-H0.1-I1.5-N0.1-S0.9-T0.9-D0,alternating,0.1,1.5,0.1,0.9,0.9,0,"[0,0,4,4]",0.08590845635655932,0.016008126528527233,0.0963667311621048,0.014527014650452075,1.121737431320368,0.9074775005410066,0.10354532001835226,True,"[[1,1,2,2],[1,1,2,2],[0,6,2,5],[3,5,1,3],[0,2,6,0],[1,1,5,5]]",4,240,18
Falternating-H0.1-I1.5-N0.1-S0.9-T0.9-D1,alternating,0.1,1.5,0.1,0.9,0.9,1,"[0,0,0,0]",0.09002823463126315,0.014703405818951246,0.10080070518782512,0.01442364652982693,1.1196565788575523,0.9809731641383568,0.10354532001835226,True,"[[0,0,0,0],[0,0,2,2],[1,3,2,5],[3,5,1,3],[3,4,6,3],[1,1,5,5]]",5,240,17
Falternating-H0.1-I1.5-N0.1-S0.9-T0.9-D3,alternating,0.1,1.5,0.1,0.9,0.9,3,"[0,0,0,0]",0.09002823463126315,0.014703405818951246,0.10136300640561142,0.014122991562531974,1.1259024107356224,0.9605251828340904,0.10354532001835226,True,"[[0,0,0,0],[0,0,0,0],[0,3,1,1],[3,5,1,3],[3,4,4,3],[1,1,5,5]]",4,240,16
Falternating-H0.1-I1.5-N0.5-S0-T0-D0,alternating,0.1,1.5,0.5,0.0,0.0,0,"[1,1,2,4]",0.08088617267817735,0.01149558613625147,0.09134290391296866,0.00976924229923091,1.1292771173188725,0.8498255054975827,0.09970955794258342,True,"[[1,1,2,2],[1,1,2,2],[1,5,2,5],[3,5,1,3],[3,2,6,3],[1,1,5,5]]",4,240,18
Falternating-H0.1-I1.5-N0.5-S0-T0-D1,alternating,0.1,1.5,0.5,0.0,0.0,1,"[0,0,0,0]",0.08570352183443479,0.01023108357204962,0.09611736324122187,0.00976729420741889,1.121510075477469,0.9546685977722087,0.09970955794258342,True,"[[0,0,0,0],[0,0,2,2],[1,3,2,5],[3,5,1,3],[3,4,6,3],[1,1,5,5]]",5,240,17
Falternating-H0.1-I1.5-N0.5-S0-T0-D3,alternating,0.1,1.5,0.5,0.0,0.0,3,"[0,0,0,0]",0.08570352183443479,0.01023108357204962,0.0974646166812523,0.009749508602939426,1.1372300063647094,0.9529302086412614,0.09970955794258342,True,"[[0,0,0,0],[0,0,0,0],[0,3,1,1],[3,5,1,3],[3,4,4,3],[1,1,5,5]]",4,240,16
Falternating-H0.1-I1.5-N0.5-S0-T0.9-D0,alternating,0.1,1.5,0.5,0.0,0.9,0,"[1,1,1,3]",0.12965807695481169,0.07066878203448894,0.13926063613937126,0.06995710347663138,1.0740606324734112,0.9899293784699694,0.15810735333629947,True,"[[1,1,2,2],[1,1,1,1],[1,5,1,5],[3,5,1,3],[3,1,5,3],[1,1,5,5]]",5,240,18
Falternating-H0.1-I1.5-N0.5-S0-T0.9-D1,alternating,0.1,1.5,0.5,0.0,0.9,1,"[0,0,0,0]",0.14679626522375447,0.07340902121097971,0.1456041125677672,0.07004249827109586,0.9918788624889733,0.9541402012402759,0.15810735333629947,True,"[[0,0,0,0],[1,1,1,1],[1,3,1,1],[3,5,1,3],[3,3,5,3],[1,1,5,5]]",5,240,17
Falternating-H0.1-I1.5-N0.5-S0-T0.9-D3,alternating,0.1,1.5,0.5,0.0,0.9,3,"[0,0,0,0]",0.14679626522375447,0.07340902121097971,0.14724006560939684,0.06975246080894923,1.0030232403049621,0.9501892227724789,0.15810735333629947,True,"[[0,0,0,0],[0,0,0,0],[1,3,1,1],[3,5,1,3],[3,3,5,3],[1,1,5,5]]",4,240,16
Falternating-H0.1-I1.5-N0.5-S0.9-T0-D0,alternating,0.1,1.5,0.5,0.9,0.0,0,"[0,0,4,4]",0.08158374355973093,0.011535804281625607,0.09256618308597904,0.010161928217631322,1.1346155379374985,0.8809033136785603,0.09970955794258342,True,"[[1,1,2,2],[1,1,2,2],[0,6,2,5],[3,5,1,3],[0,2,6,0],[1,1,5,5]]",4,240,18
Falternating-H0.1-I1.5-N0.5-S0.9-T0-D1,alternating,0.1,1.5,0.5,0.9,0.0,1,"[0,0,0,0]",0.08570352183443479,0.01023108357204962,0.09688110766000785,0.010044168134315518,1.1304215461199638,0.9817306313238671,0.09970955794258342,True,"[[0,0,0,0],[0,0,2,2],[1,3,2,5],[3,5,1,3],[3,4,6,3],[1,1,5,5]]",5,240,17
Falternating-H0.1-I1.5-N0.5-S0.9-T0-D3,alternating,0.1,1.5,0.5,0.9,0.0,3,"[0,0,0,0]",0.08570352183443479,0.01023108357204962,0.09774411219090613,0.009837445437305973,1.1404911968464002,0.9615252742320441,0.09970955794258342,True,"[[0,0,0,0],[0,0,0,0],[0,3,2,1],[3,5,1,3],[3,4,4,3],[1,1,5,5]]",4,240,16
Falternating-H0.1-I1.5-N0.5-S0.9-T0.9-D0,alternating,0.1,1.5,0.5,0.9,0.9,0,"[1,1,2,4]",0.1422729351287866,0.07473775401232827,0.15022769078812123,0.07262653089332052,1.0559119389231262,0.9717515846320524,0.15810735333629947,True,"[[1,1,2,2],[1,1,2,2],[0,5,2,5],[3,5,1,3],[3,2,6,3],[1,1,5,5]]",4,240,18
Falternating-H0.1-I1.5-N0.5-S0.9-T0.9-D1,alternating,0.1,1.5,0.5,0.9,0.9,1,"[0,0,0,0]",0.14679626522375444,0.07340902121097971,0.15348014471318427,0.07210013993126319,1.0455316726160704,0.9821700213662465,0.15810735333629947,True,"[[0,0,0,0],[0,0,1,1],[1,3,3,5],[3,5,1,3],[3,3,3,3],[1,1,5,5]]",5,240,17
Falternating-H0.1-I1.5-N0.5-S0.9-T0.9-D3,alternating,0.1,1.5,0.5,0.9,0.9,3,"[0,0,0,0]",0.14679626522375444,0.07340902121097971,0.14999007351961172,0.07052977292180845,1.021756740820273,0.9607780046420151,0.15810735333629947,True,"[[0,0,0,0],[0,0,0,0],[1,3,1,1],[3,5,1,3],[3,3,5,3],[1,1,5,5]]",4,240,16
Falternating-H0.3-I0.5-N0.1-S0-T0-D0,alternating,0.3,0.5,0.1,0.0,0.0,0,"[0,0,0,0]",0.024397410355633364,0.002283772225499461,0.01426884131759066,0.001956493745016743,0.5848506505238981,0.8566939045722293,0.0284069117377794,True,"[[1,1,2,2],[1,1,5,5],[0,6,2,0],[3,5,1,3],[0,2,6,0],[1,1,5,5]]",5,240,18
Falternating-H0.3-I0.5-N0.1-S0-T0-D1,alternating,0.3,0.5,0.1,0.0,0.0,1,"[0,0,3,0]",0.023200674598489655,0.0036175373837710424,0.015041400652558205,0.001953822176851746,0.6483173835616568,0.5400973008923038,0.0284069117377794,True,"[[0,0,0,0],[0,0,5,5],[1,4,2,5],[3,5,1,3],[3,4,4,3],[1,1,5,5]]",5,240,17
Falternating-H0.3-I0.5-N0.1-S0-T0-D3,alternating,0.3,0.5,0.1,0.0,0.0,3,"[0,0,3,0]",0.021883785282597143,0.0029384186242087332,0.015184664543690956,0.001950326981317227,0.6938774232886669,0.6637335351910306,0.0284069117377794,True,"[[0,0,0,0],[0,0,0,0],[0,6,2,5],[3,5,1,3],[3,4,4,3],[1,1,5,5]]",4,240,16
Falternating-H0.3-I0.5-N0.1-S0-T0.9-D0,alternating,0.3,0.5,0.1,0.0,0.9,0,"[0,0,0,0]",0.03661595903349729,0.014919359753285483,0.024627572094920027,0.01402137435306949,0.6725912073582463,0.9398107281367593,0.04008647081652261,True,"[[1,1,2,2],[1,1,5,5],[0,6,2,0],[3,5,1,3],[0,2,6,0],[1,1,5,5]]",5,240,18
Falternating-H0.3-I0.5-N0.1-S0-T0.9-D1,alternating,0.3,0.5,0.1,0.0,0.9,1,"[0,0,3,0]",0.03476130705417299,0.016118100957429247,0.02539304057618443,0.01402799883357524,0.7304972893168604,0.8703257828341977,0.04008647081652261,True,"[[0,0,0,0],[1,1,5,5],[1,4,2,5],[3,5,1,3],[3,4,4,3],[1,1,5,5]]",5,240,17
Falternating-H0.3-I0.5-N0.1-S0-T0.9-D3,alternating,0.3,0.5,0.1,0.0,0.9,3,"[0,0,3,0]",0.033434694264075436,0.01543898211246356,0.02540334886377571,0.01399403170295525,0.7597900750380373,0.9064089588949111,0.04008647081652261,True,"[[0,0,0,0],[0,0,5,5],[1,4,2,5],[3,5,1,3],[3,4,4,3],[1,1,5,5]]",5,240,17
Falternating-H0.3-I0.5-N0.1-S0.9-T0-D0,alternating,0.3,0.5,0.1,0.9,0.0,0,"[0,0,0,0]",0.024397410355633364,0.002283772225499461,0.01448030841199187,0.0020323864287656234,0.5935182546392005,0.889925188717601,0.0284069117377794,True,"[[1,1,2,2],[1,1,5,5],[0,6,2,0],[3,5,1,3],[0,2,6,0],[1,1,5,5]]",5,240,18
Falternating-H0.3-I0.5-N0.1-S0.9-T0-D1,alternating,0.3,0.5,0.1,0.9,0.0,1,"[0,0,3,0]",0.023253273288925066,0.003630259437707257,0.015205102910749385,0.002008874243940306,0.6538908618078808,0.5533693330769328,0.0284069117377794,True,"[[0,0,0,0],[0,0,0,0],[1,4,2,5],[3,5,1,3],[3,4,4,3],[1,1,5,5]]",4,240,16
Falternating-H0.3-I0.5-N0.1-S0.9-T0-D3,alternating,0.3,0.5,0.1,0.9,0.0,3,"[0,0,3,0]",0.021902233324061354,0.0029429754708214075,0.015229863295771208,0.0019676822273623183,0.6953566364869278,0.668602999539484,0.0284069117377794,True,"[[0,0,0,0],[0,0,0,0],[0,6,2,5],[0,5,1,3],[3,4,4,3],[1,1,5,5]]",4,240,16
Falternating-H0.3-I0.5-N0.1-S0.9-T0.9-D0,alternating,0.3,0.5,0.1,0.9,0.9,0,"[0,0,0,0]",0.03661595903349729,0.014919359753285483,0.0260277846605937,0.014527008466841991,0.7108317069281939,0.9737018683823152,0.04008647081652261,True,"[[1,1,2,2],[1,1,5,5],[0,6,2,0],[3,5,1,3],[0,2,6,0],[1,1,5,5]]",5,240,18
Falternating-H0.3-I0.5-N0.1-S0.9-T0.9-D1,alternating,0.3,0.5,0.1,0.9,0.9,1,"[0,0,3,0]",0.03513956727046854,0.016209590818370666,0.026572304936037756,0.014423868186966088,0.7561932886512591,0.8898354282095275,0.04008647081652261,True,"[[0,0,0,0],[0,0,5,5],[1,4,2,5],[3,5,1,3],[3,4,4,3],[1,1,5,5]]",5,240,17
Falternating-H0.3-I0.5-N0.1-S0.9-T0.9-D3,alternating,0.3,0.5,0.1,0.9,0.9,3,"[0,0,3,0]",0.03356736220878501,0.015471752391933779,0.025848690437100058,0.01412031047645738,0.7700542651020439,0.9126510119059962,0.04008647081652261,True,"[[0,0,0,0],[0,0,5,5],[1,4,2,5],[3,5,1,3],[3,4,4,3],[1,1,5,5]]",5,240,17
Falternating-H0.3-I0.5-N0.5-S0-T0-D0,alternating,0.3,0.5,0.5,0.0,0.0,0,"[0,0,0,0]",0.03229124623666891,0.010447037506383854,0.021172784567670758,0.009782458167250117,0.6556818653727777,0.9363858568778342,0.03625070874075378,True,"[[1,1,2,2],[1,1,5,5],[0,6,2,0],[3,5,1,3],[0,2,6,0],[1,1,5,5]]",5,240,18
Falternating-H0.3-I0.5-N0.5-S0-T0-D1,alternating,0.3,0.5,0.5,0.0,0.0,1,"[0,0,3,0]",0.030669461415328777,0.011693569969349778,0.021846117039313523,0.00976904748079696,0.7123084668319185,0.835420449563545,0.03625070874075378,True,"[[0,0,0,0],[0,0,5,5],[1,4,2,5],[3,5,1,3],[3,4,4,3],[1,1,5,5]]",5,240,17
Falternating-H0.3-I0.5-N0.5-S0-T0-D3,alternating,0.3,0.5,0.5,0.0,0.0,3,"[0,0,3,0]",0.02934629021509863,0.011014451154612317,0.021969295043269648,0.009747718606983249,0.7486225646322571,0.8849935843513526,0.03625070874075378,True,"[[0,0,0,0],[0,0,5,5],[1,4,2,5],[3,5,1,3],[3,4,4,3],[1,1,5,5]]",5,240,17
Falternating-H0.3-I0.5-N0.5-S0-T0.9-D0,alternating,0.3,0.5,0.5,0.0,0.9,0,"[1,1,5,5]",0.08600145897293333,0.07033532793191022,0.07062291664807058,0.07001976267183245,0.8211827740073253,0.9955134173770647,0.0946485041344698,True,"[[1,1,1,1],[1,1,5,5],[1,6,2,5],[3,5,1,3],[3,2,6,3],[1,1,5,5]]",5,240,18
Falternating-H0.3-I0.5-N0.5-S0-T0.9-D1,alternating,0.3,0.5,0.5,0.0,0.9,1,"[0,0,3,5]",0.08765916245337237,0.0734532211427125,0.0721214451490324,0.07013990594826211,0.8227485083193126,0.9548921729652545,0.0946485041344698,True,"[[0,0,1,1],[1,1,5,5],[1,4,2,5],[3,5,1,3],[3,4,4,3],[1,1,5,5]]",5,240,18
Falternating-H0.3-I0.5-N0.5-S0-T0.9-D3,alternating,0.3,0.5,0.5,0.0,0.9,3,"[0,0,3,5]",0.08539354957703138,0.07282549103829955,0.0718427510799918,0.06996061703161266,0.8413135586451322,0.960661109649364,0.0946485041344698,True,"[[0,0,1,1],[0,0,5,5],[1,4,2,5],[3,5,1,3],[3,4,4,3],[1,1,5,5]]",5,240,18
Falternating-H0.3-I0.5-N0.5-S0.9-T0-D0,alternating,0.3,0.5,0.5,0.9,0.0,0,"[0,0,0,0]",0.03229124623666891,0.010447037506383854,0.02223012003967682,0.010161921585994518,0.6884255837247001,0.9727084429231625,0.03625070874075378,True,"[[1,1,2,2],[1,1,5,5],[0,6,2,0],[3,5,1,3],[0,2,6,0],[1,1,5,5]]",5,240,18
Falternating-H0.3-I0.5-N0.5-S0.9-T0-D1,alternating,0.3,0.5,0.5,0.9,0.0,1,"[0,0,3,0]",0.0309324548675058,0.01175718023903085,0.022669297097018593,0.010044308200507755,0.7328644685369746,0.8543126835091976,0.03625070874075378,True,"[[0,0,0,0],[0,0,5,5],[1,4,2,5],[3,5,1,3],[3,4,4,3],[1,1,5,5]]",5,240,17
Falternating-H0.3-I0.5-N0.5-S0.9-T0-D3,alternating,0.3,0.5,0.5,0.9,0.0,3,"[0,0,3,0]",0.029438530422419663,0.01103723538767569,0.022283615244845373,0.009835699014346673,0.7569540641157385,0.8911379225751889,0.03625070874075378,True,"[[0,0,0,0],[0,0,5,5],[1,4,2,5],[3,5,1,3],[3,4,4,3],[1,1,5,5]]",5,240,17
Falternating-H0.3-I0.5-N0.5-S0.9-T0.9-D0,alternating,0.3,0.5,0.5,0.9,0.9,0,"[0,0,0,0]",0.09338398962598855,0.07362497514531395,0.07996750128268594,0.07263503177637635,0.8563298869855863,0.9865542451188101,0.0946485041344698,True,"[[1,1,2,2],[1,1,5,5],[0,6,2,0],[3,5,1,3],[0,2,6,0],[1,1,5,5]]",5,240,18
Falternating-H0.3-I0.5-N0.5-S0.9-T0.9-D1,alternating,0.3,0.5,0.5,0.9,0.9,1,"[0,0,3,0]",0.09036392477522315,0.07465383714234788,0.07885035564680398,0.07211927581973157,0.8725866637924511,0.966049148715779,0.0946485041344698,True,"[[0,0,1,1],[1,1,5,5],[1,4,2,5],[3,5,1,3],[3,4,4,3],[1,1,5,5]]",5,240,18
Falternating-H0.3-I0.5-N0.5-S0.9-T0.9-D3,alternating,0.3,0.5,0.5,0.9,0.9,3,"[0,0,3,5]",0.0867690543824996,0.07317269607167587,0.07399607261872974,0.07059180004904062,0.8527933506401559,0.9647287012616407,0.0946485041344698,True,"[[0,0,1,1],[0,0,5,5],[1,4,2,5],[3,5,1,3],[3,4,4,3],[1,1,5,5]]",5,240,18
Falternating-H0.3-I1.5-N0.1-S0-T0-D0,alternating,0.3,1.5,0.1,0.0,0.0,0,"[0,0,3,3]",0.08668828909361333,0.005541689810085499,0.0829382771872426,0.001956505817759735,0.9567414244117664,0.35305220696384465,0.10667664600905474,True,"[[1,1,2,2],[1,1,1,1],[0,6,2,0],[3,5,1,3],[0,2,6,0],[1,1,5,5]]",5,240,18
Falternating-H0.3-I1.5-N0.1-S0-T0-D1,alternating,0.3,1.5,0.1,0.0,0.0,1,"[0,0,0,0]",0.09040761950192223,0.0022837784088213394,0.09210436693599026,0.001953875662551347,1.0187677481545896,0.8555452030741215,0.10667664600905474,True,"[[0,0,0,0],[0,0,1,1],[0,6,2,5],[3,5,1,3],[3,4,4,3],[1,1,5,5]]",5,240,17
Falternating-H0.3-I1.5-N0.1-S0-T0-D3,alternating,0.3,1.5,0.1,0.0,0.0,3,"[0,0,0,0]",0.09040761950192223,0.0022837784088213394,0.09420542001902094,0.0019520504836757198,1.0420075269985176,0.85474601044292,0.10667664600905474,True,"[[0,0,0,0],[0,0,0,0],[0,6,4,0],[0,5,1,0],[3,2,4,3],[1,1,5,5]]",4,240,16
Falternating-H0.3-I1.5-N0.1-S0-T0.9-D0,alternating,0.3,1.5,0.1,0.0,0.9,0,"[0,0,3,3]",0.09766003507259942,0.01790722945350974,0.09329382140748782,0.014021386410890502,0.955291704924478,0.7830014378992821,0.11835620508779793,True,"[[1,1,2,2],[1,1,1,1],[0,6,2,0],[3,5,1,3],[0,2,6,0],[1,1,5,5]]",5,240,18
Falternating-H0.3-I1.5-N0.1-S0-T0.9-D1,alternating,0.3,1.5,0.1,0.0,0.9,1,"[0,0,0,0]",0.10262616817978616,0.014919365936607362,0.10246103324856255,0.01402805191182002,0.9983909081460167,0.9402579152107033,0.11835620508779793,True,"[[0,0,0,0],[0,0,1,1],[1,4,2,5],[3,5,1,3],[3,4,4,3],[1,1,5,5]]",5,240,17
Falternating-H0.3-I1.5-N0.1-S0-T0.9-D3,alternating,0.3,1.5,0.1,0.0,0.9,3,"[0,0,0,0]",0.10262616817978616,0.014919365936607362,0.10469623768310803,0.013998002493233562,1.0201709714007388,0.9382437935171851,0.11835620508779793,True,"[[0,0,0,0],[0,0,0,0],[0,3,2,5],[3,5,1,3],[3,4,4,3],[1,1,5,5]]",4,240,16
Falternating-H0.3-I1.5-N0.1-S0.9-T0-D0,alternating,0.3,1.5,0.1,0.9,0.0,0,"[0,0,3,3]",0.08686952686837712,0.005580944519499786,0.08315030244586909,0.002032398504122381,0.9571860863459827,0.3641674804365449,0.10667664600905474,True,"[[1,1,2,2],[1,1,1,1],[0,6,2,0],[3,5,1,3],[0,2,6,0],[1,1,5,5]]",5,240,18
Falternating-H0.3-I1.5-N0.1-S0.9-T0-D1,alternating,0.3,1.5,0.1,0.9,0.0,1,"[0,0,0,0]",0.09040761950192223,0.0022837784088213394,0.0922560056551857,0.0020089208036797655,1.0204450262427733,0.8796478659751283,0.10667664600905474,True,"[[0,0,0,0],[0,0,1,1],[0,6,2,5],[3,5,1,3],[3,4,4,3],[1,1,5,5]]",5,240,17
Falternating-H0.3-I1.5-N0.1-S0.9-T0-D3,alternating,0.3,1.5,0.1,0.9,0.0,3,"[0,0,0,0]",0.09040761950192223,0.0022837784088213394,0.09423757545502794,0.001970595522308039,1.0423631987459228,0.8628663423283109,0.10667664600905474,True,"[[0,0,0,0],[0,0,0,0],[0,6,4,0],[0,5,1,0],[3,2,4,3],[1,1,5,5]]",4,240,16
Falternating-H0.3-I1.5-N0.1-S0.9-T0.9-D0,alternating,0.3,1.5,0.1,0.9,0.9,0,"[0,0,3,3]",0.09896339527635327,0.01818952725884963,0.0946974600387625,0.014527020540706552,0.9568938067890838,0.7986475038068303,0.11835620508779793,True,"[[1,1,2,2],[1,1,1,1],[0,6,2,0],[3,5,1,3],[0,2,6,0],[1,1,5,5]]",5,240,18
Falternating-H0.3-I1.5-N0.1-S0.9-T0.9-D1,alternating,0.3,1.5,0.1,0.9,0.9,1,"[0,0,0,0]",0.10262616817978616,0.014919365936607362,0.103643697276714,0.014423926270932363,1.0099149087895913,0.9667921768404817,0.11835620508779793,True,"[[0,0,0,0],[0,0,1,1],[1,4,2,5],[3,5,1,3],[3,4,4,3],[1,1,5,5]]",5,240,17
Falternating-H0.3-I1.5-N0.1-S0.9-T0.9-D3,alternating,0.3,1.5,0.1,0.9,0.9,3,"[0,0,0,0]",0.10262616817978616,0.014919365936607362,0.10507456174011158,0.014124154082284018,1.0238574001519396,0.9466993531962274,0.11835620508779793,True,"[[0,0,0,0],[0,0,0,0],[0,3,2,0],[3,5,1,3],[3,4,4,3],[1,1,5,5]]",4,240,16
Falternating-H0.3-I1.5-N0.5-S0-T0-D0,alternating,0.3,1.5,0.5,0.0,0.0,0,"[0,0,3,3]",0.09377662375347647,0.01353048971579528,0.08983973970743253,0.009782470228376368,0.9580184923655028,0.7229945429806924,0.11452044301202909,True,"[[1,1,2,2],[1,1,1,1],[0,6,2,0],[3,5,1,3],[0,2,6,0],[1,1,5,5]]",5,240,18
Falternating-H0.3-I1.5-N0.5-S0-T0-D1,alternating,0.3,1.5,0.5,0.0,0.0,1,"[0,0,0,0]",0.09830145538295777,0.010447043689705733,0.09891693888528406,0.009769105261574046,1.0062611840275255,0.9351071510498504,0.11452044301202909,True,"[[0,0,0,0],[0,0,1,1],[1,4,2,5],[3,5,1,3],[3,4,4,3],[1,1,5,5]]",5,240,17
Falternating-H0.3-I1.5-N0.5-S0-T0-D3,alternating,0.3,1.5,0.5,0.0,0.0,3,"[0,0,0,0]",0.09830145538295777,0.010447043689705733,0.10117935101970198,0.009750671115851187,1.029276226130454,0.93334261877925,0.11452044301202909,True,"[[0,0,0,0],[0,0,0,0],[0,3,4,5],[3,5,1,3],[3,4,4,3],[1,1,5,5]]",4,240,16
Falternating-H0.3-I1.5-N0.5-S0-T0.9-D0,alternating,0.3,1.5,0.5,0.0,0.9,0,"[1,1,3,3]",0.14558919939863554,0.07422035832179016,0.13989608965050895,0.07002018394333041,0.9608960707824323,0.9434094031148509,0.17291823840574513,True,"[[1,1,2,2],[1,1,1,1],[1,6,2,5],[3,5,1,3],[3,2,6,3],[1,1,5,5]]",5,240,18
Falternating-H0.3-I1.5-N0.5-S0-T0.9-D1,alternating,0.3,1.5,0.5,0.0,0.9,1,"[0,0,0,0]",0.15939419877227742,0.07362498132863582,0.15063402158944958,0.07013984379594346,0.9450408029256868,0.9526636547840204,0.17291823840574513,True,"[[0,0,0,0],[1,1,1,1],[1,5,2,5],[3,5,1,3],[3,4,4,3],[1,1,5,5]]",5,240,17
Falternating-H0.3-I1.5-N0.5-S0-T0.9-D3,alternating,0.3,1.5,0.5,0.0,0.9,3,"[0,0,0,0]",0.15939419877227742,0.07362498132863582,0.1517623948615255,0.06996964043785474,0.9521199393106189,0.9503518938162452,0.17291823840574513,True,"[[0,0,0,0],[0,0,1,1],[1,3,4,5],[3,5,1,3],[3,4,4,3],[1,1,5,5]]",5,240,17
Falternating-H0.3-I1.5-N0.5-S0.9-T0-D0,alternating,0.3,1.5,0.5,0.9,0.0,0,"[0,0,3,3]",0.09468281262729543,0.013726763262866717,0.09089986600056504,0.010161933660189602,0.9600461105689648,0.7403007879999942,0.11452044301202909,True,"[[1,1,2,2],[1,1,1,1],[0,6,2,0],[3,5,1,3],[0,2,6,0],[1,1,5,5]]",5,240,18
Falternating-H0.3-I1.5-N0.5-S0.9-T0-D1,alternating,0.3,1.5,0.5,0.9,0.0,1,"[0,0,0,0]",0.09830145538295777,0.010447043689705733,0.09974071800303279,0.010044366299655067,1.014641315476643,0.9614553741698759,0.11452044301202909,True,"[[0,0,0,0],[0,0,1,1],[1,4,2,5],[3,5,1,3],[3,4,4,3],[1,1,5,5]]",5,240,17
Falternating-H0.3-I1.5-N0.5-S0.9-T0-D3,alternating,0.3,1.5,0.5,0.9,0.0,3,"[0,0,0,0]",0.09830145538295777,0.010447043689705733,0.10143195246329373,0.009838612668572649,1.0318458874097065,0.9417604597813046,0.11452044301202909,True,"[[0,0,0,0],[0,0,0,0],[0,3,4,0],[0,5,1,3],[3,4,4,3],[1,1,5,5]]",4,240,16
Falternating-H0.3-I1.5-N0.5-S0.9-T0.9-D0,alternating,0.3,1.5,0.5,0.9,0.9,0,"[0,0,3,3]",0.15515215466717616,0.07676967695961591,0.1486356539650321,0.07263504384311044,0.9579992896900278,0.9461423666185222,0.17291823840574513,True,"[[1,1,2,2],[1,1,1,1],[0,6,2,0],[3,5,1,3],[0,2,6,0],[1,1,5,5]]",5,240,18
Falternating-H0.3-I1.5-N0.5-S0.9-T0.9-D1,alternating,0.3,1.5,0.5,0.9,0.9,1,"[0,0,0,0]",0.15939419877227742,0.07362498132863582,0.15657165028712752,0.07211933541311291,0.9822920250116354,0.9795497956216486,0.17291823840574513,True,"[[0,0,0,0],[0,0,1,1],[1,4,2,5],[3,5,1,3],[3,4,4,3],[1,1,5,5]]",5,240,17
Falternating-H0.3-I1.5-N0.5-S0.9-T0.9-D3,alternating,0.3,1.5,0.5,0.9,0.9,3,"[0,0,0,0]",0.15939419877227742,0.07362498132863582,0.15407796710209593,0.07059976977487456,0.9666472700315984,0.9589105287476029,0.17291823840574513,True,"[[0,0,0,0],[0,0,1,1],[1,3,4,5],[3,5,1,3],[3,4,4,3],[1,1,5,5]]",5,240,17
Falternating-H0.6-I0.5-N0.1-S0-T0-D0,alternating,0.6,0.5,0.1,0.0,0.0,0,"[0,0,0,0]",0.06691543608189847,0.0030126376225888467,0.02557985363118225,0.0019564961252519653,0.3822713431901544,0.6494296262458183,0.07839364884715856,True,"[[1,1,5,5],[1,1,5,5],[0,6,2,0],[3,5,1,3],[0,2,6,0],[1,1,5,5]]",4,240,18
Falternating-H0.6-I0.5-N0.1-S0-T0-D1,alternating,0.6,0.5,0.1,0.0,0.0,1,"[0,0,3,0]",0.0633414026269996,0.008415708051849102,0.02561139918282054,0.0019538343039185485,0.40433899662183276,0.2321651715911475,0.07839364884715856,True,"[[0,0,0,0],[0,0,5,5],[1,6,4,5],[3,5,1,3],[3,4,4,3],[1,1,5,5]]",5,240,17
Falternating-H0.6-I0.5-N0.1-S0-T0-D3,alternating,0.6,0.5,0.1,0.0,0.0,3,"[0,0,3,0]",0.05785008181386029,0.005701276023768661,0.025834272797305366,0.0019507864816272087,0.44657279622231644,0.34216664365913274,0.07839364884715856,True,"[[0,0,0,0],[0,0,5,5],[0,4,2,5],[0,5,1,3],[3,4,4,3],[1,1,5,5]]",5,240,17
Falternating-H0.6-I0.5-N0.1-S0-T0.9-D0,alternating,0.6,0.5,0.1,0.0,0.9,0,"[0,0,0,0]",0.0791339847597624,0.015648225150374867,0.03584403761503573,0.014021376713408739,0.4529537811580229,0.8960362327783125,0.09007320792590177,True,"[[1,1,5,5],[1,1,5,5],[0,6,2,0],[3,5,1,3],[0,2,6,0],[1,1,5,5]]",4,240,18
Falternating-H0.6-I0.5-N0.1-S0-T0.9-D1,alternating,0.6,0.5,0.1,0.0,0.9,1,"[0,0,3,0]",0.07490203508268292,0.02091627162550731,0.03587999481084953,0.014028019526107006,0.4790256335657942,0.6706749547562718,0.09007320792590177,True,"[[0,0,1,1],[0,0,5,5],[1,4,4,5],[3,5,1,3],[3,4,4,3],[1,1,5,5]]",5,240,18
Falternating-H0.6-I0.5-N0.1-S0-T0.9-D3,alternating,0.6,0.5,0.1,0.0,0.9,3,"[0,0,3,0]",0.06940099079533857,0.018201839512023487,0.03592367644060404,0.013995309671060767,0.5176248354514402,0.7688953449905963,0.09007320792590177,True,"[[0,0,1,1],[0,0,5,5],[1,4,2,5],[3,5,1,3],[3,4,4,3],[1,1,5,5]]",5,240,18
Falternating-H0.6-I0.5-N0.1-S0.9-T0-D0,alternating,0.6,0.5,0.1,0.9,0.0,0,"[0,0,0,0]",0.06691543608189847,0.0030126376225888467,0.025807881746252537,0.002032388812485867,0.3856790489217766,0.6746210686764831,0.07839364884715856,True,"[[1,1,5,5],[1,1,5,5],[0,6,2,0],[3,5,1,3],[0,2,6,0],[1,1,5,5]]",4,240,18
Falternating-H0.6-I0.5-N0.1-S0.9-T0-D1,alternating,0.6,0.5,0.1,0.9,0.0,1,"[0,0,3,0]",0.063394001317435,0.008428430105785317,0.025771823858993733,0.002008881048446487,0.40653410927550665,0.23834581567777147,0.07839364884715856,True,"[[0,0,0,0],[0,0,5,5],[0,6,4,5],[3,5,1,3],[3,4,4,3],[1,1,5,5]]",5,240,17
Falternating-H0.6-I0.5-N0.1-S0.9-T0-D3,alternating,0.6,0.5,0.1,0.9,0.0,3,"[0,0,3,0]",0.05786852985532449,0.0057058328703813365,0.025884989312162442,0.001968196226858571,0.44730684150568173,0.3449445981979895,0.07839364884715856,True,"[[0,0,0,0],[0,0,5,5],[0,4,2,5],[0,5,1,3],[3,4,4,3],[1,1,5,5]]",5,240,17
Falternating-H0.6-I0.5-N0.1-S0.9-T0.9-D0,alternating,0.6,0.5,0.1,0.9,0.9,0,"[0,0,0,0]",0.0791339847597624,0.015648225150374867,0.03734590331550678,0.01452701084857264,0.471932551215293,0.928348787736137,0.09007320792590177,True,"[[1,1,5,5],[1,1,5,5],[0,6,2,0],[3,5,1,3],[0,2,6,0],[1,1,5,5]]",4,240,18
Falternating-H0.6-I0.5-N0.1-S0.9-T0.9-D1,alternating,0.6,0.5,0.1,0.9,0.9,1,"[0,0,3,0]",0.07528029529897846,0.021007761486448725,0.03705469240723493,0.014423881375688005,0.49222299487629345,0.6865977312714769,0.09007320792590177,True,"[[0,0,1,1],[0,0,5,5],[1,4,4,5],[3,5,1,3],[3,4,4,3],[1,1,5,5]]",5,240,18
Falternating-H0.6-I0.5-N0.1-S0.9-T0.9-D3,alternating,0.6,0.5,0.1,0.9,0.9,3,"[0,0,3,0]",0.06953365874004815,0.018234609791493706,0.03635434074835163,0.014121546274546357,0.5228308333991524,0.7744364390585391,0.09007320792590177,True,"[[0,0,1,1],[0,0,5,5],[1,4,2,5],[3,5,1,3],[3,4,4,3],[1,1,5,5]]",5,240,18
Falternating-H0.6-I0.5-N0.5-S0-T0-D0,alternating,0.6,0.5,0.5,0.0,0.0,0,"[0,0,0,0]",0.074809271962934,0.011175902903473242,0.032410192344955326,0.009782460531996353,0.43323763879180255,0.8753172442967596,0.08623744585013293,True,"[[1,1,5,5],[1,1,5,5],[0,6,2,0],[3,5,1,3],[0,2,6,0],[1,1,5,5]]",4,240,18
Falternating-H0.6-I0.5-N0.5-S0-T0-D1,alternating,0.6,0.5,0.5,0.0,0.0,1,"[0,0,3,0]",0.07081018944383871,0.016491740637427837,0.03236594347829166,0.00976906877000013,0.45708031192264886,0.5923612907075029,0.08623744585013293,True,"[[0,0,1,1],[0,0,5,5],[1,4,4,5],[3,5,1,3],[3,4,4,3],[1,1,5,5]]",5,240,18
Falternating-H0.6-I0.5-N0.5-S0-T0-D3,alternating,0.6,0.5,0.5,0.0,0.0,3,"[0,0,3,0]",0.06531258674636177,0.013777308554172248,0.03252464173698894,0.009749007882332277,0.49798428384557475,0.7076133806540856,0.08623744585013293,True,"[[0,0,1,1],[0,0,5,5],[1,4,2,5],[3,5,1,3],[3,4,4,3],[1,1,5,5]]",5,240,18
Falternating-H0.6-I0.5-N0.5-S0-T0.9-D0,alternating,0.6,0.5,0.5,0.0,0.9,0,"[0,0,0,0]",0.13590201535225366,0.07435384054240332,0.08345715789931311,0.07004120796399073,0.6140980152722154,0.9419985229148569,0.14463524124384897,True,"[[1,1,5,5],[1,1,5,5],[0,6,2,5],[3,5,1,3],[3,2,6,3],[1,1,5,5]]",4,240,18
Falternating-H0.6-I0.5-N0.5-S0-T0.9-D1,alternating,0.6,0.5,0.5,0.0,0.9,1,"[0,0,3,0]",0.12861335172225538,0.07899455850571885,0.08247686516602155,0.07013992294534871,0.6412776283455621,0.8879082847240788,0.14463524124384897,True,"[[0,0,2,2],[1,1,5,5],[1,4,2,5],[3,5,1,3],[3,4,4,3],[1,1,5,5]]",5,240,18
Falternating-H0.6-I0.5-N0.5-S0-T0.9-D3,alternating,0.6,0.5,0.5,0.0,0.9,3,"[0,0,3,0]",0.1230671316537532,0.07628012599544635,0.0819537670229991,0.06996170539221364,0.6659273351196183,0.9171681939328482,0.14463524124384897,True,"[[0,0,2,2],[0,0,5,5],[1,4,2,5],[3,5,1,3],[3,4,4,3],[1,1,5,5]]",5,240,18
Falternating-H0.6-I0.5-N0.5-S0.9-T0-D0,alternating,0.6,0.5,0.5,0.9,0.0,0,"[0,0,0,0]",0.074809271962934,0.011175902903473242,0.0335503329203068,0.010161923968165863,0.44847827067385565,0.9092709605599513,0.08623744585013293,True,"[[1,1,5,5],[1,1,5,5],[0,6,2,0],[3,5,1,3],[0,2,6,0],[1,1,5,5]]",4,240,18
Falternating-H0.6-I0.5-N0.5-S0.9-T0-D1,alternating,0.6,0.5,0.5,0.9,0.0,1,"[0,0,3,0]",0.07107318289601573,0.01655535090710891,0.03318358500156231,0.010044321040602388,0.46689318881513797,0.606711455224385,0.08623744585013293,True,"[[0,0,1,1],[0,0,5,5],[1,4,4,5],[3,5,1,3],[3,4,4,3],[1,1,5,5]]",5,240,18
Falternating-H0.6-I0.5-N0.5-S0.9-T0-D3,alternating,0.6,0.5,0.5,0.9,0.0,3,"[0,0,3,0]",0.06540482695368281,0.01380009278723562,0.03279070781003384,0.009835388553021882,0.5013499666202765,0.7127045234158942,0.08623744585013293,True,"[[0,0,1,1],[0,0,5,5],[0,4,2,5],[3,5,1,3],[3,4,4,3],[1,1,5,5]]",5,240,18
Falternating-H0.6-I0.5-N0.5-S0.9-T0.9-D0,alternating,0.6,0.5,0.5,0.9,0.9,0,"[0,0,0,0]",0.13590201535225366,0.07435384054240332,0.09124044076657796,0.0726350341485997,0.6713692989032257,0.9768834214713711,0.14463524124384897,True,"[[1,1,5,5],[1,1,5,5],[0,6,2,0],[3,5,1,3],[0,2,6,0],[1,1,5,5]]",4,240,18
Falternating-H0.6-I0.5-N0.5-S0.9-T0.9-D1,alternating,0.6,0.5,0.5,0.9,0.9,1,"[0,0,3,0]",0.13050465280373308,0.07945200781042594,0.08910632961726046,0.07211929467360645,0.6827827797930557,0.9077089007704439,0.14463524124384897,True,"[[0,0,2,2],[0,0,5,5],[1,4,4,5],[3,5,1,3],[3,4,4,3],[1,1,5,5]]",5,240,18
Falternating-H0.6-I0.5-N0.5-S0.9-T0.9-D3,alternating,0.6,0.5,0.5,0.9,0.9,3,"[0,0,3,0]",0.12373047137730105,0.07644397739279746,0.08408262645244247,0.07059281812628068,0.6795628070957777,0.9234582047392517,0.14463524124384897,True,"[[0,0,2,2],[0,0,5,5],[1,4,2,5],[3,5,1,3],[3,4,4,3],[1,1,5,5]]",5,240,18
Falternating-H0.6-I1.5-N0.1-S0-T0-D0,alternating,0.6,1.5,0.1,0.0,0.0,0,"[0,0,3,0]",0.13259902616231511,0.009750608493807109,0.09174734247319272,0.0019565100492212033,0.6919156582710068,0.20065517454257742,0.1566633831184339,True,"[[1,1,2,2],[1,1,5,5],[0,6,2,0],[3,5,1,3],[0,2,6,0],[1,1,5,5]]",5,240,18
Falternating-H0.6-I1.5-N0.1-S0-T0-D1,alternating,0.6,1.5,0.1,0.0,0.0,1,"[0,0,3,0]",0.1299586833003558,0.008410544164523899,0.1040071223888663,0.0019539087899766733,0.8003091424717563,0.23231657212126175,0.1566633831184339,True,"[[0,0,0,0],[0,0,0,0],[0,4,4,5],[3,5,1,3],[3,4,4,3],[1,1,5,5]]",4,240,16
Falternating-H0.6-I1.5-N0.1-S0-T0-D3,alternating,0.6,1.5,0.1,0.0,0.0,3,"[0,0,3,0]",0.1254943945841619,0.005692029633977594,0.10395463498261703,0.0019507715457155457,0.8283607831814402,0.3427198505908595,0.1566633831184339,True,"[[0,0,0,0],[0,0,1,1],[0,4,2,5],[0,5,1,3],[3,2,4,3],[1,1,5,5]]",5,240,17
Falternating-H0.6-I1.5-N0.1-S0-T0.9-D0,alternating,0.6,1.5,0.1,0.0,0.9,0,"[0,0,3,0]",0.1441941734907401,0.02225117207941224,0.10210607325052208,0.01402139065727395,0.7081151115795893,0.6301416665707761,0.16834294219717708,True,"[[1,1,2,2],[1,1,5,5],[0,6,2,0],[3,5,1,3],[0,2,6,0],[1,1,5,5]]",5,240,18
Falternating-H0.6-I1.5-N0.1-S0-T0.9-D1,alternating,0.6,1.5,0.1,0.0,0.9,1,"[0,0,3,0]",0.14151931575603913,0.020911107738182104,0.11458409360466772,0.014028112924951125,0.8096710543894642,0.6708450408553369,0.16834294219717708,True,"[[0,0,0,0],[0,0,0,0],[1,4,4,5],[3,5,1,3],[3,4,4,3],[1,1,5,5]]",4,240,16
Falternating-H0.6-I1.5-N0.1-S0-T0.9-D3,alternating,0.6,1.5,0.1,0.0,0.9,3,"[0,0,3,0]",0.13704530356564018,0.01819259312223242,0.11427160515068535,0.013999853911539524,0.8338235764201363,0.7695359214311719,0.16834294219717708,True,"[[0,0,0,0],[0,0,1,1],[0,4,2,5],[3,5,1,3],[3,4,4,3],[1,1,5,5]]",5,240,17
Falternating-H0.6-I1.5-N0.1-S0.9-T0-D0,alternating,0.6,1.5,0.1,0.9,0.0,0,"[0,0,3,0]",0.132689645049697,0.009770235848514252,0.09195880956759395,0.002032402732970084,0.6930368193625969,0.20801982311196193,0.1566633831184339,True,"[[1,1,2,2],[1,1,5,5],[0,6,2,0],[3,5,1,3],[0,2,6,0],[1,1,5,5]]",5,240,18
Falternating-H0.6-I1.5-N0.1-S0.9-T0-D1,alternating,0.6,1.5,0.1,0.9,0.0,1,"[0,0,3,0]",0.13001128199079123,0.008423266218460113,0.10413561239016463,0.002008957006148168,0.8009736600977491,0.23850095129908316,0.1566633831184339,True,"[[0,0,0,0],[0,0,0,0],[0,4,4,0],[3,5,1,3],[3,4,4,3],[1,1,5,5]]",4,240,16
Falternating-H0.6-I1.5-N0.1-S0.9-T0-D3,alternating,0.6,1.5,0.1,0.9,0.0,3,"[0,0,3,0]",0.12551284262562612,0.005696586480590267,0.10400463174059776,0.001969331990857039,0.8286373694110167,0.3457038697765862,0.1566633831184339,True,"[[0,0,0,0],[0,0,1,1],[0,6,2,5],[0,5,1,3],[3,2,4,3],[1,1,5,5]]",5,240,17
Falternating-H0.6-I1.5-N0.1-S0.9-T0.9-D0,alternating,0.6,1.5,0.1,0.9,0.9,0,"[0,0,3,0]",0.144845853592617,0.022392320982082187,0.10350628581619575,0.014527024771046454,0.7145961258049545,0.648750291792916,0.16834294219717708,True,"[[1,1,2,2],[1,1,5,5],[0,6,2,0],[3,5,1,3],[0,2,6,0],[1,1,5,5]]",5,240,18
Falternating-H0.6-I1.5-N0.1-S0.9-T0.9-D1,alternating,0.6,1.5,0.1,0.9,0.9,1,"[0,0,3,0]",0.14189757597233466,0.021002597599123523,0.11558748642753747,0.014423948537018767,0.8145839394048086,0.6867697421208844,0.16834294219717708,True,"[[0,0,0,0],[0,0,0,0],[0,4,4,5],[3,5,1,3],[3,4,4,3],[1,1,5,5]]",4,240,16
Falternating-H0.6-I1.5-N0.1-S0.9-T0.9-D3,alternating,0.6,1.5,0.1,0.9,0.9,3,"[0,0,3,0]",0.13717797151034974,0.018225363401702638,0.11463139051423155,0.014123405724411262,0.835639930027562,0.7749313642268354,0.16834294219717708,True,"[[0,0,0,0],[0,0,1,1],[0,4,2,5],[0,5,1,3],[3,4,4,3],[1,1,5,5]]",5,240,17
Falternating-H0.6-I1.5-N0.5-S0-T0-D0,alternating,0.6,1.5,0.5,0.0,0.0,0,"[0,0,3,0]",0.14009011143276442,0.017826641087104196,0.09865128572327281,0.009782474471454578,0.7041987811582263,0.5487558998723111,0.16450718012140828,True,"[[1,1,2,2],[1,1,5,5],[0,6,2,0],[3,5,1,3],[0,2,6,0],[1,1,5,5]]",5,240,18
Falternating-H0.6-I1.5-N0.5-S0-T0-D1,alternating,0.6,1.5,0.5,0.0,0.0,1,"[0,0,3,0]",0.13742747011719492,0.016486576750102636,0.11098560990883995,0.009769161720499296,0.8075940699060677,0.592552466687087,0.16450718012140828,True,"[[0,0,0,0],[0,0,0,0],[1,4,4,5],[3,5,1,3],[3,4,4,3],[1,1,5,5]]",4,240,16
Falternating-H0.6-I1.5-N0.5-S0-T0-D3,alternating,0.6,1.5,0.5,0.0,0.0,3,"[0,0,3,0]",0.13295689951666337,0.013768062164381178,0.11077780006328468,0.009751709376143645,0.8331857952915109,0.7082848159541228,0.16450718012140828,True,"[[0,0,0,0],[0,0,1,1],[0,4,2,5],[0,5,1,3],[3,4,4,3],[1,1,5,5]]",5,240,17
Falternating-H0.6-I1.5-N0.5-S0-T0.9-D0,alternating,0.6,1.5,0.5,0.0,0.9,0,"[0,0,3,0]",0.1980658480748895,0.08032945901512983,0.1500658928442756,0.07004142959431159,0.7576565788743906,0.8719270670193294,0.2229049755151243,True,"[[1,1,2,2],[1,1,5,5],[0,6,2,5],[3,5,1,3],[3,2,6,3],[1,1,5,5]]",5,240,18
Falternating-H0.6-I1.5-N0.5-S0-T0.9-D1,alternating,0.6,1.5,0.5,0.0,0.9,1,"[0,0,3,0]",0.19523063239561156,0.07898939461839365,0.16286269497257147,0.07014008495775517,0.8342066661063192,0.8879683822949846,0.2229049755151243,True,"[[0,0,0,0],[0,0,5,5],[1,4,4,5],[3,5,1,3],[3,4,4,3],[1,1,5,5]]",5,240,17
Falternating-H0.6-I1.5-N0.5-S0-T0.9-D3,alternating,0.6,1.5,0.5,0.0,0.9,3,"[0,0,3,0]",0.19071144442405477,0.07627087960565529,0.16149118340418397,0.0699714415302891,0.846782865558407,0.9174070351891012,0.2229049755151243,True,"[[0,0,0,0],[0,0,1,1],[1,4,2,5],[3,5,1,3],[3,4,4,3],[1,1,5,5]]",5,240,17
Falternating-H0.6-I1.5-N0.5-S0.9-T0-D0,alternating,0.6,1.5,0.5,0.9,0.0,0,"[0,0,3,0]",0.14054320586967392,0.017924777860639916,0.09970862119527889,0.010161937890198978,0.7094517346341093,0.5669212734018337,0.16450718012140828,True,"[[1,1,2,2],[1,1,5,5],[0,6,2,0],[3,5,1,3],[0,2,6,0],[1,1,5,5]]",5,240,18
Falternating-H0.6-I1.5-N0.5-S0.9-T0-D1,alternating,0.6,1.5,0.5,0.9,0.0,1,"[0,0,3,0]",0.13769046356937192,0.016550187019783703,0.11168245172782404,0.010044393077361692,0.8111124680145739,0.6069051102174774,0.16450718012140828,True,"[[0,0,0,0],[0,0,0,0],[0,4,4,5],[3,5,1,3],[3,4,4,3],[1,1,5,5]]",4,240,16
Falternating-H0.6-I1.5-N0.5-S0.9-T0-D3,alternating,0.6,1.5,0.5,0.9,0.0,3,"[0,0,3,0]",0.13304913972398444,0.01379084639744455,0.11103025181959514,0.009838737811964062,0.8345055973299164,0.7134252335510882,0.16450718012140828,True,"[[0,0,0,0],[0,0,1,1],[0,4,2,5],[0,5,1,3],[3,4,4,3],[1,1,5,5]]",5,240,17
Falternating-H0.6-I1.5-N0.5-S0.9-T0.9-D0,alternating,0.6,1.5,0.5,0.9,0.9,0,"[0,0,3,0]",0.2013242485842741,0.08103520352847955,0.157446002438288,0.07263504808058081,0.7820518568699948,0.8963394292587106,0.2229049755151243,True,"[[1,1,2,2],[1,1,5,5],[0,6,2,0],[3,5,1,3],[0,2,6,0],[1,1,5,5]]",5,240,18
Falternating-H0.6-I1.5-N0.5-S0.9-T0.9-D1,alternating,0.6,1.5,0.5,0.9,0.9,1,"[0,0,3,0]",0.19712193347708928,0.07944684392310074,0.16876070467641435,0.07211939483099626,0.8561234242156455,0.9077691607334716,0.2229049755151243,True,"[[0,0,0,0],[0,0,5,5],[1,4,4,5],[3,5,1,3],[3,4,4,3],[1,1,5,5]]",5,240,17
Falternating-H0.6-I1.5-N0.5-S0.9-T0.9-D3,alternating,0.6,1.5,0.5,0.9,0.9,3,"[0,0,3,0]",0.19137478414760267,0.07643473100300639,0.1637100869952881,0.07060269536520468,0.855442307744277,0.923699140936699,0.2229049755151243,True,"[[0,0,0,0],[0,0,1,1],[1,4,2,5],[3,5,1,3],[3,4,4,3],[1,1,5,5]]",5,240,17
