persistence,num_agents,rho,maximum_delay,target_fraction,gap,pair_delta,joint_delta,curvature,monotonicity,lipschitz,effective_monotonicity,effective_curvature,rms_delay,maximum_actual_delay,omega,innovation_bound,initial_error,update_cost,updates,resource_budget,eta,affine_boundary,a_delta,beta_delta,h_delay,g_delay,young_lambda,contraction,forcing,residual,blocks,finite_time_bound
0.0,1,0.0,0,0.1,50,0.00031388256269316976,0.0006277651253863395,9.1057040309513,0.10000000000000003,7.412688455006394,0.09069314540518611,9.1746928445587,0.0,0,1.5040162644396087,4.060351299511963,0.696136173289883,55,2327,128000,0.0019433894770307524,0.004942571208744003,0.9998930491702749,1.2073864020023718e-05,0.0,0.0,0.0,0.9998930491702749,1.2073864020023718e-05,0.11289172838636027,2327,0.56762839471339
0.0,1,0.0,0,0.25,44,0.0007983013019689016,0.0015966026039378031,9.1057040309513,0.10000000000000003,7.412688455006394,0.07632976462111424,9.28116411147165,0.0,0,1.5040162644396087,4.060351299511963,0.696136173289883,49,2612,128000,0.0015587656951665957,0.004112079244819933,0.9999261216075287,1.099754763268388e-05,0.0,0.0,0.0,0.9999261216075287,1.099754763268388e-05,0.14886013710917487,2612,0.6000895210327214
0.0,1,0.0,0,0.5,40,0.00148741867493181,0.00297483734986362,9.1057040309513,0.10000000000000003,7.412688455006394,0.05589691504228829,9.432626459647496,0.0,0,1.5040162644396087,4.060351299511963,0.696136173289883,45,2844,128000,0.0008589035516441447,0.0029629560378226427,0.9999659071270691,1.1331271179655947e-05,0.0,0.0,0.0,0.9999659071270691,1.1331271179655947e-05,0.33236480840523663,2844,0.662520312619693
0.0,1,0.0,0,0.75,37,0.0023721017329521705,0.004744203465904341,9.1057040309513,0.10000000000000003,7.412688455006394,0.029665395480179185,9.627072541862816,0.0,0,1.5040162644396087,4.060351299511963,0.696136173289883,42,3047,128000,1.7793655908762532e-11,0.0015407277420608364,0.9999999999994721,8.902846194452518e-13,0.0,0.0,0.0,0.9999999999994721,8.902846194452518e-13,1.686429224137674,3047,1.686429224137674
0.0,2,0.0,0,0.1,53,0.00019681915438076608,0.0005904574631422982,5.26120162052503,0.10000000000000003,7.412688455006394,0.09124624555958548,5.326090475003452,0.0,0,0.7520081322198043,4.060351299511963,0.696136173289883,59,2169,128000,0.003414775941691513,0.008565968414151044,0.999812626346181,1.885234324078227e-05,0.0,0.0,0.0,0.999812626346181,1.885234324078227e-05,0.1006136287388023,2169,0.49723722504025997
0.0,2,0.0,0,0.25,47,0.000500572545289632,0.0015017176358688962,5.26120162052503,0.10000000000000003,7.412688455006394,0.07773647003583031,5.42623423205812,0.0,0,0.7520081322198043,4.060351299511963,0.696136173289883,53,2415,128000,0.002768243043009732,0.007163021969873357,0.9998679708634592,1.7580371990819378e-05,0.0,0.0,0.0,0.9998679708634592,1.7580371990819378e-05,0.1331552447545729,2415,0.5424249388423896
0.0,2,0.0,0,0.5,42,0.0010896826653167585,0.0032690479959502756,5.26120162052503,0.10000000000000003,7.412688455006394,0.05153513132311524,5.620456593039576,0.0,0,0.7520081322198043,4.060351299511963,0.696136173289883,48,2666,128000,0.0011400865773372442,0.004584603623389584,0.999955856398293,1.7825777825228607e-05,0.0,0.0,0.0,0.999955856398293,1.7825777825228607e-05,0.4038133984521758,2666,0.663680186294078
0.0,2,0.0,0,0.75,40,0.00148741867493181,0.00446225602479543,5.26120162052503,0.10000000000000003,7.412688455006394,0.033845372563432424,5.751585263569324,0.0,0,0.7520081322198043,4.060351299511963,0.696136173289883,46,2782,128000,3.1115114261441957e-11,0.002942264698550844,0.9999999999989468,1.2071695787046495e-12,0.0,0.0,0.0,0.9999999999989468,1.2071695787046495e-12,1.146238343838764,2782,1.146238343838764
0.0,4,0.0,0,0.1,56,0.0001234148815085895,0.0006170744075429475,3.3389520242634765,0.10000000000000003,7.412688455006394,0.090851639326653,3.4067659718090306,0.0,0,0.37600406610990217,4.060351299511963,0.696136173289883,64,2000,128000,0.005444598354734565,0.013334000644371874,0.9997073272786762,2.500342734237349e-05,0.0,0.0,0.0,0.9997073272786762,2.500342734237349e-05,0.08543135564283916,2000,0.425511943366428
0.0,4,0.0,0,0.25,50,0.00031388256269316976,0.0015694128134658488,3.3389520242634765,0.10000000000000003,7.412688455006394,0.07673286351296524,3.5114240582819773,0.0,0,0.37600406610990217,4.060351299511963,0.696136173289883,58,2206,128000,0.004298882982067538,0.010926174429428597,0.99979991940535,2.4909941093906222e-05,0.0,0.0,0.0,0.99979991940535,2.4909941093906222e-05,0.12449953548706576,2206,0.49213122294041045
0.0,4,0.0,0,0.5,46,0.0005848353627195289,0.0029241768135976447,3.3389520242634765,0.10000000000000003,7.412688455006394,0.056647976586894744,3.660307067718969,0.0,0,0.37600406610990217,4.060351299511963,0.696136173289883,54,2370,128000,0.002365314512275454,0.007738145398576245,0.9999069664520706,2.8831152899888682e-05,0.0,0.0,0.0,0.9999069664520706,2.8831152899888682e-05,0.3099006061958851,2370,0.6197070399085693
0.0,4,0.0,0,0.75,43,0.0009326817580449679,0.0046634087902248395,3.3389520242634765,0.10000000000000003,7.412688455006394,0.030863206999450027,3.8514415315548205,0.0,0,0.37600406610990217,4.060351299511963,0.696136173289883,51,2509,128000,7.711579349358182e-11,0.004006708494283017,0.9999999999976199,3.583409711583932e-12,0.0,0.0,0.0,0.9999999999976199,3.583409711583932e-12,1.505573527549698,2509,1.505573527549698
0.0,8,0.0,0,0.1,60,6.623706651910611e-05,0.000596133598671955,2.3778285846336367,0.10000000000000003,7.412688455006394,0.09116209471096601,2.443341223136099,0.0,0,0.18800203305495108,4.060351299511963,0.696136173289883,72,1777,128000,0.007909238768967902,0.018655211529144046,0.9995846688163218,2.801383682457072e-05,0.0,0.0,0.0,0.9995846688163218,2.801383682457072e-05,0.06744939442417539,1777,0.36794596567306126
0.0,8,0.0,0,0.25,54,0.00016846153382633954,0.0015161538044370557,2.3778285846336367,0.10000000000000003,7.412688455006394,0.07752244839567086,2.544447671907858,0.0,0,0.18800203305495108,4.060351299511963,0.696136173289883,66,1939,128000,0.006207322877318647,0.01523364957581206,0.9997148726328916,3.0478324470244213e-05,0.0,0.0,0.0,0.9997148726328916,3.0478324470244213e-05,0.10689371833836431,1939,0.445858746194616
0.0,8,0.0,0,0.5,49,0.00036671933100724,0.00330047397906516,2.3778285846336367,0.10000000000000003,7.412688455006394,0.05106922927866938,2.740537143854209,0.0,0,0.18800203305495108,4.060351299511963,0.696136173289883,61,2098,128000,0.0023604819176032787,0.009317375864287769,0.9999099918678991,3.6511076879703866e-05,0.0,0.0,0.0,0.9999099918678991,3.6511076879703866e-05,0.4056419795354499,2098,0.6461462939943567
0.0,8,0.0,0,0.75,47,0.000500572545289632,0.004505152907606689,2.3778285846336367,0.10000000000000003,7.412688455006394,0.03320941010749086,2.8729264192329063,0.0,0,0.18800203305495108,4.060351299511963,0.696136173289883,59,2169,128000,6.20428821391724e-11,0.005779718179546103,0.9999999999979395,2.5005588877242336e-12,0.0,0.0,0.0,0.9999999999979395,2.5005588877242336e-12,1.213590826550228,2169,1.213590826550228
0.0,16,0.0,0,0.1,64,3.5549594395554215e-05,0.0006043431047244217,1.8972676907220358,0.10000000000000003,7.412688455006394,0.09104038568949316,1.9636825202828403,0.0,0,0.09400101652747554,4.060351299511963,0.696136173289883,84,1523,128000,0.010263155128331822,0.023181034803012937,0.9994793170002774,2.6715797028368903e-05,0.0,0.0,0.0,0.9994793170002774,2.6715797028368903e-05,0.05130914019201777,1523,0.3430235817666552
0.0,16,0.0,0,0.25,58,9.041371420756398e-05,0.0015370331415285876,1.8972676907220358,0.10000000000000003,7.412688455006394,0.0772129043536577,2.066181331542804,0.0,0,0.09400101652747554,4.060351299511963,0.696136173289883,78,1641,128000,0.007868870046534394,0.018684929336768463,0.9996482939320269,3.37943787968463e-05,0.0,0.0,0.0,0.9996482939320269,3.37943787968463e-05,0.09608699386850807,1641,0.43297833304937783
0.0,16,0.0,0,0.5,53,0.00019681915438076608,0.0033459256244730232,1.8972676907220358,0.10000000000000003,7.412688455006394,0.05039539150431756,2.264971199433093,0.0,0,0.09400101652747554,4.060351299511963,0.696136173289883,73,1753,128000,0.002780055107166837,0.01112495194572961,0.9998949086292754,4.388534406769983e-05,0.0,0.0,0.0,0.9998949086292754,4.388534406769983e-05,0.41759227008961447,1753,0.649268499667796
0.0,16,0.0,0,0.75,51,0.0002686584979512118,0.004567194465170601,1.8972676907220358,0.10000000000000003,7.412688455006394,0.03228962063252161,2.3991836381434464,0.0,0,0.09400101652747554,4.060351299511963,0.696136173289883,71,1802,128000,9.444916445415814e-11,0.0067292932727533415,0.9999999999969502,4.0236611260643194e-12,0.0,0.0,0.0,0.9999999999969502,4.0236611260643194e-12,1.3193271749551088,1802,1.3193271749551088
0.0,32,0.0,0,0.1,68,1.9079553609862025e-05,0.0006296252691254468,1.6569876148975915,0.10000000000000003,7.412688455006394,0.09066556807314705,1.7261808506758176,0.0,0,0.04700050826373777,4.060351299511963,0.696136173289883,104,1230,128000,0.012070154969987932,0.026261897192767565,0.9994086224274238,2.3224382471458635e-05,0.0,0.0,0.0,0.9994086224274238,2.3224382471458635e-05,0.039271665934652325,1230,0.3565781667995159
0.0,32,0.0,0,0.25,62,4.85252599041608e-05,0.0016013335768373066,1.6569876148975915,0.10000000000000003,7.412688455006394,0.07625962616472803,1.832967609943848,0.0,0,0.04700050826373777,4.060351299511963,0.696136173289883,98,1306,128000,0.008977354079329595,0.020802229605972805,0.9996108386341955,3.599346235246136e-05,0.0,0.0,0.0,0.9996108386341955,3.599346235246136e-05,0.09248981403397065,1306,0.45557768165257423
0.0,32,0.0,0,0.5,58,9.041371420756398e-05,0.0029836525688496113,1.6569876148975915,0.10000000000000003,7.412688455006394,0.05576622609827667,1.9848788000202595,0.0,0,0.04700050826373777,4.060351299511963,0.696136173289883,94,1361,128000,0.004490938879385588,0.01404776606453289,0.9998296214703202,5.3141176917507355e-05,0.0,0.0,0.0,0.9998296214703202,5.3141176917507355e-05,0.3119006662246097,1361,0.6166076875038292
0.0,32,0.0,0,0.75,55,0.00014418966774889402,0.004758259035713502,1.6569876148975915,0.10000000000000003,7.412688455006394,0.029457016360073363,2.179900775306981,0.0,0,0.04700050826373777,4.060351299511963,0.696136173289883,91,1406,128000,7.396396022135873e-11,0.006756503941311907,0.9999999999978212,3.748994249186224e-12,0.0,0.0,0.0,0.9999999999978212,3.748994249186224e-12,1.7206592717094737,1406,1.7206592717094737
0.0,1,0.9,0,0.1,50,0.00031388256269316976,0.0006277651253863395,9.1057040309513,0.10000000000000003,7.412688455006394,0.09069314540518611,9.1746928445587,0.0,0,1.5040162644396087,4.060351299511963,0.696136173289883,55,2327,128000,0.0019433894770307524,0.004942571208744003,0.9998930491702749,1.2073864020023718e-05,0.0,0.0,0.0,0.9998930491702749,1.2073864020023718e-05,0.11289172838636027,2327,0.56762839471339
0.0,1,0.9,0,0.25,44,0.0007983013019689016,0.0015966026039378031,9.1057040309513,0.10000000000000003,7.412688455006394,0.07632976462111424,9.28116411147165,0.0,0,1.5040162644396087,4.060351299511963,0.696136173289883,49,2612,128000,0.0015587656951665957,0.004112079244819933,0.9999261216075287,1.099754763268388e-05,0.0,0.0,0.0,0.9999261216075287,1.099754763268388e-05,0.14886013710917487,2612,0.6000895210327214
0.0,1,0.9,0,0.5,40,0.00148741867493181,0.00297483734986362,9.1057040309513,0.10000000000000003,7.412688455006394,0.05589691504228829,9.432626459647496,0.0,0,1.5040162644396087,4.060351299511963,0.696136173289883,45,2844,128000,0.0008589035516441447,0.0029629560378226427,0.9999659071270691,1.1331271179655947e-05,0.0,0.0,0.0,0.9999659071270691,1.1331271179655947e-05,0.33236480840523663,2844,0.662520312619693
0.0,1,0.9,0,0.75,37,0.0023721017329521705,0.004744203465904341,9.1057040309513,0.10000000000000003,7.412688455006394,0.029665395480179185,9.627072541862816,0.0,0,1.5040162644396087,4.060351299511963,0.696136173289883,42,3047,128000,1.7793655908762532e-11,0.0015407277420608364,0.9999999999994721,8.902846194452518e-13,0.0,0.0,0.0,0.9999999999994721,8.902846194452518e-13,1.686429224137674,3047,1.686429224137674
0.0,2,0.9,0,0.1,53,0.00019681915438076608,0.0005904574631422982,8.721253710116782,0.10000000000000003,7.412688455006394,0.09124624555958548,8.786142564595204,0.0,0,1.4288154512176283,4.060351299511963,0.696136173289883,59,2169,128000,0.0020470514333567977,0.005192622637792072,0.9998868494897479,1.2653636106005955e-05,0.0,0.0,0.0,0.9998868494897479,1.2653636106005955e-05,0.11183012854132988,2169,0.5689691513587637
0.0,2,0.9,0,0.25,47,0.000500572545289632,0.0015017176358688962,8.721253710116782,0.10000000000000003,7.412688455006394,0.07773647003583031,8.886286321649871,0.0,0,1.4288154512176283,4.060351299511963,0.696136173289883,53,2415,128000,0.0016717426255219484,0.004373957085224124,0.9999197140542343,1.1461275270104614e-05,0.0,0.0,0.0,0.9999197140542343,1.1461275270104614e-05,0.14275568607676484,2415,0.5985982357669694
0.0,2,0.9,0,0.5,42,0.0010896826653167585,0.0032690479959502756,8.721253710116782,0.10000000000000003,7.412688455006394,0.05153513132311524,9.080508682631327,0.0,0,1.4288154512176283,4.060351299511963,0.696136173289883,48,2666,128000,0.0006977139945476797,0.002837678654593218,0.9999728840884216,1.103727262176711e-05,0.0,0.0,0.0,0.9999728840884216,1.103727262176711e-05,0.40704044154431174,2666,0.6759744114864172
0.0,2,0.9,0,0.75,40,0.00148741867493181,0.00446225602479543,8.721253710116782,0.10000000000000003,7.412688455006394,0.033845372563432424,9.211637353161077,0.0,0,1.4288154512176283,4.060351299511963,0.696136173289883,46,2782,128000,2.190407350892561e-11,0.0018370986213320168,0.9999999999992586,8.498098697767239e-13,0.0,0.0,0.0,0.9999999999992586,8.498098697767239e-13,1.1462124626721244,2782,1.1462124626721244
0.0,4,0.9,0,0.1,56,0.0001234148815085895,0.0006170744075429475,8.529028553929468,0.10000000000000003,7.412688455006394,0.090851639326653,8.596842501475022,0.0,0,1.391215044606638,4.060351299511963,0.696136173289883,64,2000,128000,0.0020868783044368697,0.005284012084148719,0.9998852832329584,1.2871677322709229e-05,0.0,0.0,0.0,0.9998852832329584,1.2871677322709229e-05,0.11220397553608245,2000,0.5764145071860263
0.0,4,0.9,0,0.25,50,0.00031388256269316976,0.0015694128134658488,8.529028553929468,0.10000000000000003,7.412688455006394,0.07673286351296524,8.701500587947969,0.0,0,1.391215044606638,4.060351299511963,0.696136173289883,58,2206,128000,0.001681420285443118,0.0044091741842336545,0.9999201811222437,1.1718249752058599e-05,0.0,0.0,0.0,0.9999201811222437,1.1718249752058599e-05,0.14681050500150084,2206,0.6074445948003966
0.0,4,0.9,0,0.5,46,0.0005848353627195289,0.0029241768135976447,8.529028553929468,0.10000000000000003,7.412688455006394,0.056647976586894744,8.85038359738496,0.0,0,1.391215044606638,4.060351299511963,0.696136173289883,54,2370,128000,0.0009511310985429882,0.003200311939225671,0.9999621333533307,1.2159406621045125e-05,0.0,0.0,0.0,0.9999621333533307,1.2159406621045125e-05,0.32111125992343253,2370,0.6639454116634034
0.0,4,0.9,0,0.75,43,0.0009326817580449679,0.0046634087902248395,8.529028553929468,0.10000000000000003,7.412688455006394,0.030863206999450027,9.041518061220811,0.0,0,1.391215044606638,4.060351299511963,0.696136173289883,51,2509,128000,1.8005975147364663e-11,0.0017067491758822359,0.9999999999994442,8.367000227881574e-13,0.0,0.0,0.0,0.9999999999994442,8.367000227881574e-13,1.5054582144824735,2509,1.5054582144824735
0.0,8,0.9,0,0.1,60,6.623706651910611e-05,0.000596133598671955,8.432915976973371,0.10000000000000003,7.412688455006394,0.09116209471096601,8.498428615475834,0.0,0,1.3724148413011428,4.060351299511963,0.696136173289883,72,1777,128000,0.0021241446849455847,0.005363467697131412,0.9998830481818305,1.3108088371717512e-05,0.0,0.0,0.0,0.9998830481818305,1.3108088371717512e-05,0.11208109952355615,1777,0.5865327647798079
0.0,8,0.9,0,0.25,54,0.00016846153382633954,0.0015161538044370557,8.432915976973371,0.10000000000000003,7.412688455006394,0.07752244839567086,8.599535064247592,0.0,0,1.3724148413011428,4.060351299511963,0.696136173289883,66,1939,128000,0.001728799068073773,0.0045073627711545074,0.9999173829192545,1.188300263026866e-05,0.0,0.0,0.0,0.9999173829192545,1.188300263026866e-05,0.14383227442845486,1939,0.6143799572406822
0.0,8,0.9,0,0.5,49,0.00036671933100724,0.00330047397906516,8.432915976973371,0.10000000000000003,7.412688455006394,0.05106922927866938,8.795624536193944,0.0,0,1.3724148413011428,4.060351299511963,0.696136173289883,61,2098,128000,0.0006994929117531921,0.002903104212129238,0.9999728846642377,1.1288805927166523e-05,0.0,0.0,0.0,0.9999728846642377,1.1288805927166523e-05,0.4163255076809007,2098,0.680662409938785
0.0,8,0.9,0,0.75,47,0.000500572545289632,0.004505152907606689,8.432915976973371,0.10000000000000003,7.412688455006394,0.03320941010749086,8.92801381157264,0.0,0,1.3724148413011428,4.060351299511963,0.696136173289883,59,2169,128000,2.7247918487260863e-11,0.0018598431189941521,0.9999999999990951,1.0981924511822501e-12,0.0,0.0,0.0,0.9999999999990951,1.0981924511822501e-12,1.213549040344859,2169,1.213549040344859
0.0,16,0.9,0,0.1,64,3.5549594395554215e-05,0.0006043431047244217,8.384859688790538,0.10000000000000003,7.412688455006394,0.09104038568949316,8.451274518351342,0.0,0,1.3630147396483954,4.060351299511963,0.696136173289883,84,1523,128000,0.002138816492063488,0.005386192667851444,0.9998826026404792,1.321847322364622e-05,0.0,0.0,0.0,0.9998826026404792,1.321847322364622e-05,0.11259600111626104,1523,0.6005917145163483
0.0,16,0.9,0,0.25,58,9.041371420756398e-05,0.0015370331415285876,8.384859688790538,0.10000000000000003,7.412688455006394,0.0772129043536577,8.553773329611307,0.0,0,1.3630147396483954,4.060351299511963,0.696136173289883,78,1641,128000,0.0017331408147323562,0.0045133826545509705,0.9999175664206538,1.1989866555584394e-05,0.0,0.0,0.0,0.9999175664206538,1.1989866555584394e-05,0.1454488164977718,1641,0.626458863689866
0.0,16,0.9,0,0.5,53,0.00019681915438076608,0.0033459256244730232,8.384859688790538,0.10000000000000003,7.412688455006394,0.05039539150431756,8.752563197501596,0.0,0,1.3630147396483954,4.060351299511963,0.696136173289883,73,1753,128000,0.0006697700048182927,0.0028788933234261405,0.999974099335587,1.1133791001296816e-05,0.0,0.0,0.0,0.999974099335587,1.1133791001296816e-05,0.4298650731026003,1753,0.6843166399232874
0.0,16,0.9,0,0.75,51,0.0002686584979512118,0.004567194465170601,8.384859688790538,0.10000000000000003,7.412688455006394,0.03228962063252161,8.886775636211949,0.0,0,1.3630147396483954,4.060351299511963,0.696136173289883,71,1802,128000,2.025347619913627e-11,0.0018167230700034788,0.999999999999346,8.628252600221548e-13,0.0,0.0,0.0,0.999999999999346,8.628252600221548e-13,1.3192393547858183,1802,1.3192393547858183
0.0,32,0.9,0,0.1,68,1.9079553609862025e-05,0.0006296252691254468,8.360831544774337,0.10000000000000003,7.412688455006394,0.09066556807314705,8.430024780552563,0.0,0,1.3583146888220214,4.060351299511963,0.696136173289883,104,1230,128000,0.0021411899139114317,0.005377538645099281,0.999883165972337,1.3262673564610687e-05,0.0,0.0,0.0,0.999883165972337,1.3262673564610687e-05,0.11351721608759795,1230,0.6181440096510118
0.0,32,0.9,0,0.25,62,4.85252599041608e-05,0.0016013335768373066,8.360831544774337,0.10000000000000003,7.412688455006394,0.07625962616472803,8.536811539820594,0.0,0,1.3583146888220214,4.060351299511963,0.696136173289883,98,1306,128000,0.0017122889400385515,0.004466516907922819,0.999919480211555,1.2071527679397272e-05,0.0,0.0,0.0,0.999919480211555,1.2071527679397272e-05,0.14992001236612768,1306,0.641611626241887
0.0,32,0.9,0,0.5,58,9.041371420756398e-05,0.0029836525688496113,8.360831544774337,0.10000000000000003,7.412688455006394,0.05576622609827667,8.688722729897005,0.0,0,1.3583146888220214,4.060351299511963,0.696136173289883,94,1361,128000,0.0009355019382345184,0.0032091152999037904,0.9999630386999282,1.2397899158089419e-05,0.0,0.0,0.0,0.9999630386999282,1.2397899158089419e-05,0.33542919578057795,1361,0.6784395633987977
0.0,32,0.9,0,0.75,55,0.00014418966774889402,0.004758259035713502,8.360831544774337,0.10000000000000003,7.412688455006394,0.029457016360073363,8.883744705183727,0.0,0,1.3583146888220214,4.060351299511963,0.696136173289883,91,1406,128000,2.244604161251037e-11,0.0016579166408766674,0.9999999999993388,1.1377173522524508e-12,0.0,0.0,0.0,0.9999999999993388,1.1377173522524508e-12,1.7205585774536887,1406,1.7205585774536887
0.0,1,0.0,8,0.1,50,0.00031388256269316976,0.0006277651253863395,9.1057040309513,0.10000000000000003,7.412688455006394,0.09069314540518611,9.1746928445587,0.0,0,1.5040162644396087,4.060351299511963,0.696136173289883,55,2327,128000,0.0019433894770307524,0.004942571208744003,0.9998930491702749,1.2073864020023718e-05,0.0,0.0,0.0,0.9998930491702749,1.2073864020023718e-05,0.11289172838636027,2327,0.56762839471339
0.0,1,0.0,8,0.25,44,0.0007983013019689016,0.0015966026039378031,9.1057040309513,0.10000000000000003,7.412688455006394,0.07632976462111424,9.28116411147165,0.0,0,1.5040162644396087,4.060351299511963,0.696136173289883,49,2612,128000,0.0015587656951665957,0.004112079244819933,0.9999261216075287,1.099754763268388e-05,0.0,0.0,0.0,0.9999261216075287,1.099754763268388e-05,0.14886013710917487,2612,0.6000895210327214
0.0,1,0.0,8,0.5,40,0.00148741867493181,0.00297483734986362,9.1057040309513,0.10000000000000003,7.412688455006394,0.05589691504228829,9.432626459647496,0.0,0,1.5040162644396087,4.060351299511963,0.696136173289883,45,2844,128000,0.0008589035516441447,0.0029629560378226427,0.9999659071270691,1.1331271179655947e-05,0.0,0.0,0.0,0.9999659071270691,1.1331271179655947e-05,0.33236480840523663,2844,0.662520312619693
0.0,1,0.0,8,0.75,37,0.0023721017329521705,0.004744203465904341,9.1057040309513,0.10000000000000003,7.412688455006394,0.029665395480179185,9.627072541862816,0.0,0,1.5040162644396087,4.060351299511963,0.696136173289883,42,3047,128000,1.7793655908762532e-11,0.0015407277420608364,0.9999999999994721,8.902846194452518e-13,0.0,0.0,0.0,0.9999999999994721,8.902846194452518e-13,1.686429224137674,3047,1.686429224137674
0.0,2,0.0,8,0.1,53,0.00019681915438076608,0.0005904574631422982,5.26120162052503,0.10000000000000003,7.412688455006394,0.09124624555958548,5.326090475003452,0.0,0,0.7520081322198043,4.060351299511963,0.696136173289883,59,2169,128000,0.003414775941691513,0.008565968414151044,0.999812626346181,1.885234324078227e-05,0.0,0.0,0.0,0.999812626346181,1.885234324078227e-05,0.1006136287388023,2169,0.49723722504025997
0.0,2,0.0,8,0.25,47,0.000500572545289632,0.0015017176358688962,5.26120162052503,0.10000000000000003,7.412688455006394,0.07773647003583031,5.42623423205812,0.0,0,0.7520081322198043,4.060351299511963,0.696136173289883,53,2415,128000,0.002768243043009732,0.007163021969873357,0.9998679708634592,1.7580371990819378e-05,0.0,0.0,0.0,0.9998679708634592,1.7580371990819378e-05,0.1331552447545729,2415,0.5424249388423896
0.0,2,0.0,8,0.5,42,0.0010896826653167585,0.0032690479959502756,5.26120162052503,0.10000000000000003,7.412688455006394,0.05153513132311524,5.620456593039576,0.0,0,0.7520081322198043,4.060351299511963,0.696136173289883,48,2666,128000,0.0011400865773372442,0.004584603623389584,0.999955856398293,1.7825777825228607e-05,0.0,0.0,0.0,0.999955856398293,1.7825777825228607e-05,0.4038133984521758,2666,0.663680186294078
0.0,2,0.0,8,0.75,40,0.00148741867493181,0.00446225602479543,5.26120162052503,0.10000000000000003,7.412688455006394,0.033845372563432424,5.751585263569324,0.0,0,0.7520081322198043,4.060351299511963,0.696136173289883,46,2782,128000,3.1115114261441957e-11,0.002942264698550844,0.9999999999989468,1.2071695787046495e-12,0.0,0.0,0.0,0.9999999999989468,1.2071695787046495e-12,1.146238343838764,2782,1.146238343838764
0.0,4,0.0,8,0.1,56,0.0001234148815085895,0.0006170744075429475,3.3389520242634765,0.10000000000000003,7.412688455006394,0.090851639326653,3.4067659718090306,0.0,0,0.37600406610990217,4.060351299511963,0.696136173289883,64,2000,128000,0.005444598354734565,0.013334000644371874,0.9997073272786762,2.500342734237349e-05,0.0,0.0,0.0,0.9997073272786762,2.500342734237349e-05,0.08543135564283916,2000,0.425511943366428
0.0,4,0.0,8,0.25,50,0.00031388256269316976,0.0015694128134658488,3.3389520242634765,0.10000000000000003,7.412688455006394,0.07673286351296524,3.5114240582819773,0.0,0,0.37600406610990217,4.060351299511963,0.696136173289883,58,2206,128000,0.004298882982067538,0.010926174429428597,0.99979991940535,2.4909941093906222e-05,0.0,0.0,0.0,0.99979991940535,2.4909941093906222e-05,0.12449953548706576,2206,0.49213122294041045
0.0,4,0.0,8,0.5,46,0.0005848353627195289,0.0029241768135976447,3.3389520242634765,0.10000000000000003,7.412688455006394,0.056647976586894744,3.660307067718969,0.0,0,0.37600406610990217,4.060351299511963,0.696136173289883,54,2370,128000,0.002365314512275454,0.007738145398576245,0.9999069664520706,2.8831152899888682e-05,0.0,0.0,0.0,0.9999069664520706,2.8831152899888682e-05,0.3099006061958851,2370,0.6197070399085693
0.0,4,0.0,8,0.75,43,0.0009326817580449679,0.0046634087902248395,3.3389520242634765,0.10000000000000003,7.412688455006394,0.030863206999450027,3.8514415315548205,0.0,0,0.37600406610990217,4.060351299511963,0.696136173289883,51,2509,128000,7.711579349358182e-11,0.004006708494283017,0.9999999999976199,3.583409711583932e-12,0.0,0.0,0.0,0.9999999999976199,3.583409711583932e-12,1.505573527549698,2509,1.505573527549698
0.0,8,0.0,8,0.1,60,6.623706651910611e-05,0.000596133598671955,2.3778285846336367,0.10000000000000003,7.412688455006394,0.09116209471096601,2.443341223136099,0.5,1,0.18800203305495108,4.060351299511963,0.696136173289883,72,1777,128000,0.0004537628803819995,0.0011037511317334167,0.9999596401969109,2.0216516112741894e-07,6.400130937108827e-11,1.9202801116291035e-11,8.000243281025194e-06,0.9999756401016976,2.6024631280997586e-06,0.1068339077525085,592,0.6876986922497359
0.0,8,0.0,8,0.25,54,0.00016846153382633954,0.0015161538044370557,2.3778285846336367,0.10000000000000003,7.412688455006394,0.07752244839567086,2.544447671907858,0.5,1,0.18800203305495108,4.060351299511963,0.696136173289883,66,1939,128000,0.0003723711078396884,0.0009363099863580792,0.9999718385074682,7.941529230273677e-07,2.9025312385946942e-11,8.708685909125184e-12,5.3875903523824706e-06,0.9999826134137529,2.4106002231254645e-06,0.13864712651876804,646,0.6899095832421938
0.0,8,0.0,8,0.5,49,0.00036671933100724,0.00330047397906516,2.3778285846336367,0.10000000000000003,7.412688455006394,0.05106922927866938,2.740537143854209,0.5,1,0.18800203305495108,4.060351299511963,0.696136173289883,61,2098,128000,0.00015300367794441737,0.000613896660227803,0.9999923145327273,2.1660964717801816e-06,8.273332481271666e-13,2.4823110615699113e-13,9.09582105485061e-07,0.9999941336837844,2.439005451127998e-06,0.41576440162781647,699,0.6949888439958216
0.0,8,0.0,8,0.75,47,0.000500572545289632,0.004505152907606689,2.3778285846336367,0.10000000000000003,7.412688455006394,0.03320941010749086,2.8729264192329063,0.5,1,0.18800203305495108,4.060351299511963,0.696136173289883,59,2169,128000,6.146285403096397e-12,0.0003979379006396258,0.9999999999997958,2.4771815955260763e-13,2.1543878279192943e-42,6.4639741582507234e-43,1.4677833041425885e-21,0.9999999999997958,2.4771815999299785e-13,1.213293543270658,723,1.213293543270658
0.0,16,0.0,8,0.1,64,3.5549594395554215e-05,0.0006043431047244217,1.8972676907220358,0.10000000000000003,7.412688455006394,0.09104038568949316,1.9636825202828403,1.3693063937629153,3,0.09400101652747554,4.060351299511963,0.696136173289883,84,1523,128000,0.00017238029597792172,0.0004200483680585951,0.9999844231328893,5.2375251123715046e-08,9.997346549652247e-12,2.9995801550012286e-12,3.1618827112049386e-06,0.9999907468098045,1.001047430617831e-06,0.10818403269212698,217,0.6949567783507611
0.0,16,0.0,8,0.25,58,9.041371420756398e-05,0.0015370331415285876,1.8972676907220358,0.10000000000000003,7.412688455006394,0.0772129043536577,2.066181331542804,1.3693063937629153,3,0.09400101652747554,4.060351299511963,0.696136173289883,78,1641,128000,0.00014114508068428945,0.00035591262856273496,0.9999891841030406,2.9055781503698854e-07,4.4936293128640464e-12,1.348257884615159e-12,2.119829690333956e-06,0.999993423721059,9.265815741688299e-07,0.1408975474561173,234,0.6952823990107445
0.0,16,0.0,8,0.5,53,0.00019681915438076608,0.0033459256244730232,1.8972676907220358,0.10000000000000003,7.412688455006394,0.05039539150431756,2.264971199433093,1.3693063937629153,3,0.09400101652747554,4.060351299511963,0.696136173289883,73,1753,128000,5.562815003384171e-05,0.00023187157132501863,0.9999972106154666,8.162006971032576e-07,1.0842083004647021e-13,3.2530328780836895e-14,3.2927364375956395e-07,0.9999978691610255,9.14995206175397e-07,0.42940607766683303,250,0.6959941212572924
0.0,16,0.0,8,0.75,51,0.0002686584979512118,0.004567194465170601,1.8972676907220358,0.10000000000000003,7.412688455006394,0.03228962063252161,2.3991836381434464,1.3693063937629153,3,0.09400101652747554,4.060351299511963,0.696136173289883,71,1802,128000,1.7105681475902058e-12,0.00014838256312665107,0.9999999999999447,7.287249804050566e-14,9.693838537219567e-44,2.908516330569874e-44,3.1134929801141517e-22,0.9999999999999447,7.287249813392217e-14,1.3180263270742532,257,1.3180263270742532
0.0,32,0.0,8,0.1,68,1.9079553609862025e-05,0.0006296252691254468,1.6569876148975915,0.10000000000000003,7.412688455006394,0.09066556807314705,1.7261808506758176,3.9764934301467165,8,0.04700050826373777,4.060351299511963,0.696136173289883,104,1230,128000,5.978058110866251e-05,0.00014589074006387593,0.9999945922974207,1.7721618610635778e-08,1.2194782377517662e-12,3.6588935906631214e-13,1.1043028716629508e-06,0.9999968008924399,3.4905262762923957e-07,0.10910937537229155,72,0.6960009753902412
0.0,32,0.0,8,0.25,62,4.85252599041608e-05,0.0016013335768373066,1.6569876148975915,0.10000000000000003,7.412688455006394,0.07625962616472803,1.832967609943848,3.9764934301467165,8,0.04700050826373777,4.060351299511963,0.696136173289883,98,1306,128000,4.838367235433555e-05,0.00012266774197632876,0.9999963188611138,1.0775621317415206e-07,5.23273617732274e-13,1.5700177558014389e-13,7.23377870813192e-07,0.9999977656120529,3.2479623039426676e-07,0.1453625055642415,76,0.6960426523307855
0.0,32,0.0,8,0.5,58,9.041371420756398e-05,0.0029836525688496113,1.6569876148975915,0.10000000000000003,7.412688455006394,0.05576622609827667,1.9848788000202595,3.9764934301467165,8,0.04700050826373777,4.060351299511963,0.696136173289883,94,1361,128000,2.6895522774290087e-05,8.965908298920239e-05,0.9999985030097961,2.833446027288974e-07,4.996357272662221e-14,1.4990951897026092e-14,2.2352549635715632e-07,0.9999989500601695,3.5041064060433886e-07,0.33374354455164207,80,0.6961057353158275
0.0,32,0.0,8,0.75,55,0.00014418966774889402,0.004758259035713502,1.6569876148975915,0.10000000000000003,7.412688455006394,0.029457016360073363,2.179900775306981,3.9764934301467165,8,0.04700050826373777,4.060351299511963,0.696136173289883,91,1406,128000,5.63459490098827e-13,4.73302879293288e-05,0.9999999999999833,2.8559941631849904e-14,9.624636067765898e-45,2.887752985714381e-45,9.810522956380081e-23,0.9999999999999833,2.855994166128516e-14,1.7149672349798262,82,1.7149672349798262
0.0,1,0.9,8,0.1,50,0.00031388256269316976,0.0006277651253863395,9.1057040309513,0.10000000000000003,7.412688455006394,0.09069314540518611,9.1746928445587,0.0,0,1.5040162644396087,4.060351299511963,0.696136173289883,55,2327,128000,0.0019433894770307524,0.004942571208744003,0.9998930491702749,1.2073864020023718e-05,0.0,0.0,0.0,0.9998930491702749,1.2073864020023718e-05,0.11289172838636027,2327,0.56762839471339
0.0,1,0.9,8,0.25,44,0.0007983013019689016,0.0015966026039378031,9.1057040309513,0.10000000000000003,7.412688455006394,0.07632976462111424,9.28116411147165,0.0,0,1.5040162644396087,4.060351299511963,0.696136173289883,49,2612,128000,0.0015587656951665957,0.004112079244819933,0.9999261216075287,1.099754763268388e-05,0.0,0.0,0.0,0.9999261216075287,1.099754763268388e-05,0.14886013710917487,2612,0.6000895210327214
0.0,1,0.9,8,0.5,40,0.00148741867493181,0.00297483734986362,9.1057040309513,0.10000000000000003,7.412688455006394,0.05589691504228829,9.432626459647496,0.0,0,1.5040162644396087,4.060351299511963,0.696136173289883,45,2844,128000,0.0008589035516441447,0.0029629560378226427,0.9999659071270691,1.1331271179655947e-05,0.0,0.0,0.0,0.9999659071270691,1.1331271179655947e-05,0.33236480840523663,2844,0.662520312619693
0.0,1,0.9,8,0.75,37,0.0023721017329521705,0.004744203465904341,9.1057040309513,0.10000000000000003,7.412688455006394,0.029665395480179185,9.627072541862816,0.0,0,1.5040162644396087,4.060351299511963,0.696136173289883,42,3047,128000,1.7793655908762532e-11,0.0015407277420608364,0.9999999999994721,8.902846194452518e-13,0.0,0.0,0.0,0.9999999999994721,8.902846194452518e-13,1.686429224137674,3047,1.686429224137674
0.0,2,0.9,8,0.1,53,0.00019681915438076608,0.0005904574631422982,8.721253710116782,0.10000000000000003,7.412688455006394,0.09124624555958548,8.786142564595204,0.0,0,1.4288154512176283,4.060351299511963,0.696136173289883,59,2169,128000,0.0020470514333567977,0.005192622637792072,0.9998868494897479,1.2653636106005955e-05,0.0,0.0,0.0,0.9998868494897479,1.2653636106005955e-05,0.11183012854132988,2169,0.5689691513587637
0.0,2,0.9,8,0.25,47,0.000500572545289632,0.0015017176358688962,8.721253710116782,0.10000000000000003,7.412688455006394,0.07773647003583031,8.886286321649871,0.0,0,1.4288154512176283,4.060351299511963,0.696136173289883,53,2415,128000,0.0016717426255219484,0.004373957085224124,0.9999197140542343,1.1461275270104614e-05,0.0,0.0,0.0,0.9999197140542343,1.1461275270104614e-05,0.14275568607676484,2415,0.5985982357669694
0.0,2,0.9,8,0.5,42,0.0010896826653167585,0.0032690479959502756,8.721253710116782,0.10000000000000003,7.412688455006394,0.05153513132311524,9.080508682631327,0.0,0,1.4288154512176283,4.060351299511963,0.696136173289883,48,2666,128000,0.0006977139945476797,0.002837678654593218,0.9999728840884216,1.103727262176711e-05,0.0,0.0,0.0,0.9999728840884216,1.103727262176711e-05,0.40704044154431174,2666,0.6759744114864172
0.0,2,0.9,8,0.75,40,0.00148741867493181,0.00446225602479543,8.721253710116782,0.10000000000000003,7.412688455006394,0.033845372563432424,9.211637353161077,0.0,0,1.4288154512176283,4.060351299511963,0.696136173289883,46,2782,128000,2.190407350892561e-11,0.0018370986213320168,0.9999999999992586,8.498098697767239e-13,0.0,0.0,0.0,0.9999999999992586,8.498098697767239e-13,1.1462124626721244,2782,1.1462124626721244
0.0,4,0.9,8,0.1,56,0.0001234148815085895,0.0006170744075429475,8.529028553929468,0.10000000000000003,7.412688455006394,0.090851639326653,8.596842501475022,0.0,0,1.391215044606638,4.060351299511963,0.696136173289883,64,2000,128000,0.0020868783044368697,0.005284012084148719,0.9998852832329584,1.2871677322709229e-05,0.0,0.0,0.0,0.9998852832329584,1.2871677322709229e-05,0.11220397553608245,2000,0.5764145071860263
0.0,4,0.9,8,0.25,50,0.00031388256269316976,0.0015694128134658488,8.529028553929468,0.10000000000000003,7.412688455006394,0.07673286351296524,8.701500587947969,0.0,0,1.391215044606638,4.060351299511963,0.696136173289883,58,2206,128000,0.001681420285443118,0.0044091741842336545,0.9999201811222437,1.1718249752058599e-05,0.0,0.0,0.0,0.9999201811222437,1.1718249752058599e-05,0.14681050500150084,2206,0.6074445948003966
0.0,4,0.9,8,0.5,46,0.0005848353627195289,0.0029241768135976447,8.529028553929468,0.10000000000000003,7.412688455006394,0.056647976586894744,8.85038359738496,0.0,0,1.391215044606638,4.060351299511963,0.696136173289883,54,2370,128000,0.0009511310985429882,0.003200311939225671,0.9999621333533307,1.2159406621045125e-05,0.0,0.0,0.0,0.9999621333533307,1.2159406621045125e-05,0.32111125992343253,2370,0.6639454116634034
0.0,4,0.9,8,0.75,43,0.0009326817580449679,0.0046634087902248395,8.529028553929468,0.10000000000000003,7.412688455006394,0.030863206999450027,9.041518061220811,0.0,0,1.391215044606638,4.060351299511963,0.696136173289883,51,2509,128000,1.8005975147364663e-11,0.0017067491758822359,0.9999999999994442,8.367000227881574e-13,0.0,0.0,0.0,0.9999999999994442,8.367000227881574e-13,1.5054582144824735,2509,1.5054582144824735
0.0,8,0.9,8,0.1,60,6.623706651910611e-05,0.000596133598671955,8.432915976973371,0.10000000000000003,7.412688455006394,0.09116209471096601,8.498428615475834,0.5,1,1.3724148413011428,4.060351299511963,0.696136173289883,72,1777,128000,0.00039283366360414785,0.0009626043764291211,0.9999668113862495,5.306318322500868e-07,3.595073586544902e-11,1.0786573549702829e-11,5.99599275017375e-06,0.9999788030097031,2.3296095416285796e-06,0.1099028451208544,592,0.6888256420298768
0.0,8,0.9,8,0.25,54,0.00016846153382633954,0.0015161538044370557,8.432915976973371,0.10000000000000003,7.412688455006394,0.07752244839567086,8.599535064247592,0.5,1,1.3724148413011428,4.060351299511963,0.696136173289883,66,1939,128000,0.00032249375429928214,0.0008168322940919977,0.9999767882360765,9.264866791914776e-07,1.6328948813879652e-11,4.899299086100801e-12,4.0409563034488075e-06,0.9999848699774168,2.1389061276961928e-06,0.141368336757482,646,0.6907402474688931
0.0,8,0.9,8,0.5,49,0.00036671933100724,0.00330047397906516,8.432915976973371,0.10000000000000003,7.412688455006394,0.05106922927866938,8.795624536193944,0.5,1,1.3724148413011428,4.060351299511963,0.696136173289883,61,2098,128000,0.00013260623091492234,0.0005358844802528962,0.9999935372337693,1.91737536190252e-06,4.667977134777376e-13,1.4005687917225155e-13,6.832281685511319e-07,0.9999949036817419,2.1223696468897526e-06,0.4164515517706332,699,0.6951416153490244
0.0,8,0.9,8,0.75,47,0.000500572545289632,0.004505152907606689,8.432915976973371,0.10000000000000003,7.412688455006394,0.03320941010749086,8.92801381157264,0.5,1,1.3724148413011428,4.060351299511963,0.696136173289883,59,2169,128000,4.431277330507991e-12,0.0003475096950354994,0.9999999999998528,1.785969562171775e-13,5.820880983804553e-43,1.746483329044096e-43,7.629469826800162e-22,0.9999999999998528,1.785969564460903e-13,1.2131661938161644,723,1.2131661938161644
0.0,16,0.9,8,0.1,64,3.5549594395554215e-05,0.0006043431047244217,8.384859688790538,0.10000000000000003,7.412688455006394,0.09104038568949316,8.451274518351342,1.3693063937629153,3,1.3630147396483954,4.060351299511963,0.696136173289883,84,1523,128000,0.00016213185662926138,0.00039632184556253117,0.9999856837661337,1.1559927138353593e-07,7.823618816472126e-12,2.347380039856705e-12,2.797093281038781e-06,0.9999912778804316,9.548231635675877e-07,0.10947146001414342,217,0.6950268383309407
0.0,16,0.9,8,0.25,58,9.041371420756398e-05,0.0015370331415285876,8.384859688790538,0.10000000000000003,7.412688455006394,0.0772129043536577,8.553773329611307,1.3693063937629153,3,1.3630147396483954,4.060351299511963,0.696136173289883,78,1641,128000,0.00013276288028959686,0.0003358268916645998,0.9999900505297384,3.177156330203228e-07,3.5175552046170357e-12,1.0553989234531e-12,1.8755239808587227e-06,0.9999938015438966,8.804394537998708e-07,0.14204173412123322,234,0.6953330733316802
0.0,16,0.9,8,0.5,53,0.00019681915438076608,0.0033459256244730232,8.384859688790538,0.10000000000000003,7.412688455006394,0.05039539150431756,8.752563197501596,1.3693063937629153,3,1.3630147396483954,4.060351299511963,0.696136173289883,73,1753,128000,5.2331143817518466e-05,0.00021880874612776566,0.999997410690159,7.747055753628246e-07,8.491319220963673e-14,2.5477152860994997e-14,2.9139905984194636e-07,0.9999979934868545,8.621362832097404e-07,0.429668893589133,250,0.6960025391510549
0.0,16,0.9,8,0.75,51,0.0002686584979512118,0.004567194465170601,8.384859688790538,0.10000000000000003,7.412688455006394,0.03228962063252161,8.886775636211949,1.3693063937629153,3,1.3630147396483954,4.060351299511963,0.696136173289883,71,1802,128000,1.6693091578612753e-12,0.00014003298177637575,0.999999999999946,7.111480973070632e-14,8.791872115548191e-44,2.6378924639782896e-44,2.965109123716809e-22,0.999999999999946,7.111480981967074e-14,1.3179943662732216,257,1.3179943662732216
0.0,32,0.9,8,0.1,68,1.9079553609862025e-05,0.0006296252691254468,8.360831544774337,0.10000000000000003,7.412688455006394,0.09066556807314705,8.430024780552563,3.9764934301467165,8,1.3583146888220214,4.060351299511963,0.696136173289883,104,1230,128000,5.845080959885974e-05,0.0001428096837274492,0.9999947581264546,2.6277083967242415e-08,1.1145399721428243e-12,3.344039306621343e-13,1.0557205191010755e-06,0.9999968695575393,3.430316671508467e-07,0.10957929157224144,72,0.6960039828359549
0.0,32,0.9,8,0.25,62,4.85252599041608e-05,0.0016013335768373066,8.360831544774337,0.10000000000000003,7.412688455006394,0.07625962616472803,8.536811539820594,3.9764934301467165,8,1.3583146888220214,4.060351299511963,0.696136173289883,98,1306,128000,4.730760558356085e-05,0.00012007800884939092,0.9999964305506148,1.1121899036849676e-07,4.782526601162838e-13,1.4349379420194775e-13,6.91559373605073e-07,0.9999978136649033,3.187123049039726e-07,0.14577468265442123,76,0.6960447319142908
0.0,32,0.9,8,0.5,58,9.041371420756398e-05,0.0029836525688496113,8.360831544774337,0.10000000000000003,7.412688455006394,0.05576622609827667,8.688722729897005,3.9764934301467165,8,1.3583146888220214,4.060351299511963,0.696136173289883,94,1361,128000,2.6297709185728147e-05,8.776713203521036e-05,0.999998545493715,2.788557892902904e-07,4.566728561286534e-14,1.370190409793175e-14,2.1369920925524245e-07,0.9999989728915575,3.42973573386804e-07,0.33392148208370503,80,0.6961064117959594
0.0,32,0.9,8,0.75,55,0.00014418966774889402,0.004758259035713502,8.360831544774337,0.10000000000000003,7.412688455006394,0.029457016360073363,8.883744705183727,3.9764934301467165,8,1.3583146888220214,4.060351299511963,0.696136173289883,91,1406,128000,5.521526674260434e-13,4.633215795676612e-05,0.9999999999999837,2.7986835311339353e-14,8.875038042012926e-45,2.6628453713679598e-45,9.420742031290885e-23,0.9999999999999837,2.7986835339605123e-14,1.7148503565540825,82,1.7148503565540825
0.9,1,0.0,0,0.1,183,0.0003293049790533786,0.0006586099581067572,0.9510768321962353,0.1,7.412688455006394,0.09023585913437959,1.023455366463876,0.0,0,3.1280765737145737,15.334617500795266,9.107393995413027,188,680,128000,0.014869054369211644,0.04408392495226783,0.9991108270967578,0.001587358052223292,0.0,0.0,0.0,0.9991108270967578,0.001587358052223292,1.78520740615835,680,5.7840399337397645
0.9,1,0.0,0,0.25,161,0.0008227777867717563,0.0016455555735435125,0.9510768321962353,0.1,7.412688455006394,0.07560401839584516,1.1319166433819023,0.0,0,3.1280765737145737,15.334617500795266,9.107393995413027,166,771,128000,0.0108989854818237,0.03339646025963397,0.9994449088682061,0.001294190835610419,0.0,0.0,0.0,0.9994449088682061,0.001294190835610419,2.3314925450674107,771,6.747686920101036
0.9,1,0.0,0,0.5,144,0.0016694917566324138,0.0033389835132648276,0.9510768321962353,0.1,7.412688455006394,0.050498310919530255,1.3180174313463495,0.0,0,3.1280765737145737,15.334617500795266,9.107393995413027,149,859,128000,0.0036826965499357186,0.01915692073508654,0.9998497806186405,0.0008921989929772864,0.0,0.0,0.0,0.9998497806186405,0.0008921989929772864,5.939306798515346,859,8.72383891011853
0.9,1,0.0,0,0.75,135,0.002428140071550723,0.004856280143101446,0.9510768321962353,0.1,7.412688455006394,0.02800381649791024,1.484762110446698,0.0,0,3.1280765737145737,15.334617500795266,9.107393995413027,140,914,128000,1.5781064351549204e-10,0.009430405147355079,0.9999999999955806,1.2500644907323457e-10,0.0,0.0,0.0,0.9999999999955806,1.2500644907323457e-10,28.286137640814353,914,28.286137640814353
0.9,2,0.0,0,0.1,193,0.00021718646223134062,0.0006515593866940219,0.4973840255980002,0.1,7.412688455006394,0.09034038651300436,0.5689877309728769,0.0,0,1.5640382868572869,15.334617500795266,9.107393995413027,199,643,128000,0.025388104192471773,0.07938693718275483,0.9984399175779207,0.0025234591587022857,0.0,0.0,0.0,0.9984399175779207,0.0025234591587022857,1.6175165638614262,643,4.3621187348601405
0.9,2,0.0,0,0.25,171,0.0005426464518202909,0.0016279393554608727,0.4973840255980002,0.1,7.412688455006394,0.07586518546864929,0.6762878866382642,0.0,0,1.5640382868572869,15.334617500795266,9.107393995413027,177,723,128000,0.017704050954398257,0.05608941618469922,0.9990808213414903,0.0020421044026534396,0.0,0.0,0.0,0.9990808213414903,0.0020421044026534396,2.2216621151370943,723,5.763265797961631
0.9,2,0.0,0,0.5,154,0.0011010790778030106,0.003303237233409032,0.4973840255980002,0.1,7.412688455006394,0.05102826299152322,0.8603962551423454,0.0,0,1.5640382868572869,15.334617500795266,9.107393995413027,160,800,128000,0.005799176005463488,0.029653931363915337,0.9997619491349593,0.0013760717442919844,0.0,0.0,0.0,0.9997619491349593,0.0013760717442919844,5.7805786341366225,800,8.530444502968116
0.9,2,0.0,0,0.75,144,0.0016694917566324138,0.005008475269897242,0.4973840255980002,0.1,7.412688455006394,0.02574746637929537,1.0477949243231715,0.0,0,1.5640382868572869,15.334617500795266,9.107393995413027,150,853,128000,1.6329216455428186e-10,0.012286500813087315,0.9999999999957956,1.496400349159697e-10,0.0,0.0,0.0,0.9999999999957956,1.496400349159697e-10,35.59117008118665,853,35.59117008118665
0.9,4,0.0,0,0.1,205,0.00013179960276531467,0.0006589980138265734,0.2705376470669298,0.1,7.412688455006394,0.09023010606207124,0.34295882706725134,0.0,0,0.7820191434286434,15.334617500795266,9.107393995413027,213,600,128000,0.03899119864581681,0.13154655740115606,0.9975246299294442,0.0034967204393085644,0.0,0.0,0.0,0.9975246299294442,0.0034967204393085644,1.4126051215136066,600,3.1519003872762434
0.9,4,0.0,0,0.25,183,0.0003293049790533786,0.001646524895266893,0.2705376470669298,0.1,7.412688455006394,0.07558964783594899,0.45148398273603113,0.0,0,0.7820191434286434,15.334617500795266,9.107393995413027,191,670,128000,0.025387225489519886,0.08371243579657967,0.998662961549007,0.002862647553611469,0.0,0.0,0.0,0.998662961549007,0.002862647553611469,2.141036072287575,670,4.9835174222926035
0.9,4,0.0,0,0.5,166,0.0006681896700227425,0.0033409483501137126,0.2705376470669298,0.1,7.412688455006394,0.050469181472678856,0.6376941737314201,0.0,0,0.7820191434286434,15.334617500795266,9.107393995413027,174,735,128000,0.007376108523774265,0.039571618772490755,0.9996971238647798,0.0017904964209288974,0.0,0.0,0.0,0.9996971238647798,0.0017904964209288974,5.911645761153468,735,8.46951241086644
0.9,4,0.0,0,0.75,157,0.0009718266646805731,0.004859133323402866,0.2705376470669298,0.1,7.412688455006394,0.027961517024549465,0.8045364781352267,0.0,0,0.7820191434286434,15.334617500795266,9.107393995413027,165,775,128000,2.058625620316073e-10,0.017377407851881112,0.9999999999942437,1.6350843481966025e-10,0.0,0.0,0.0,0.9999999999942437,1.6350843481966025e-10,28.405204680055352,775,28.405204680055352
0.9,8,0.0,0,0.1,219,7.359398941951715e-05,0.0006623459047756544,0.15711449639753855,0.1,7.412688455006394,0.09018047231689749,0.22990359588768824,0.0,0,0.3910095717143217,15.334617500795266,9.107393995413027,231,554,128000,0.053485932469986196,0.19612671121714825,0.9964920044595923,0.004264151219912449,0.0,0.0,0.0,0.9964920044595923,0.004264151219912449,1.2155520640761315,554,2.341903133325813
0.9,8,0.0,0,0.25,197,0.0001838766293542919,0.0016548896641886272,0.15711449639753855,0.1,7.412688455006394,0.07546563698391912,0.33898008587777717,0.0,0,0.3910095717143217,15.334617500795266,9.107393995413027,209,612,128000,0.03270624007650233,0.11131278816645376,0.9982570154939593,0.003618022711730127,0.0,0.0,0.0,0.9982570154939593,0.003618022711730127,2.075762979642699,612,4.493377844340651
0.9,8,0.0,0,0.5,180,0.00037310233130661245,0.003357920981759512,0.15711449639753855,0.1,7.412688455006394,0.05021755581137506,0.5261362456965588,0.0,0,0.3910095717143217,15.334617500795266,9.107393995413027,192,666,128000,0.008678837807202817,0.047722957905029686,0.9996434294841163,0.0021297655387888838,0.0,0.0,0.0,0.9996434294841163,0.0021297655387888838,5.972915437247524,666,8.444710218873608
0.9,8,0.0,0,0.75,171,0.0005426464518202909,0.004883818066382618,0.15711449639753855,0.1,7.412688455006394,0.027595556405947838,0.6938260795183306,0.0,0,0.3910095717143217,15.334617500795266,9.107393995413027,183,699,128000,2.103588174713369e-10,0.019886508464125666,0.999999999994195,1.7101980504207398e-10,0.0,0.0,0.0,0.999999999994195,1.7101980504207398e-10,29.460658682290408,699,29.460658682290408
0.9,16,0.0,0,0.1,234,3.941795031757629e-05,0.000670105155398797,0.10040297103080494,0.1,7.412688455006394,0.09006543850187015,0.17404478035354315,0.0,0,0.19550478585716086,15.334617500795266,9.107393995413027,254,503,128000,0.06663487999145301,0.25874214187554756,0.9955440900987029,0.004847325437080416,0.0,0.0,0.0,0.9955440900987029,0.004847325437080416,1.0878418873930564,503,1.9362032858547185
0.9,16,0.0,0,0.25,212,9.848684461649939e-05,0.0016742763584804896,0.10040297103080494,0.1,7.412688455006394,0.07517822193400306,0.2843990787333514,0.0,0,0.19550478585716086,15.334617500795266,9.107393995413027,232,551,128000,0.0382947396877597,0.13217029792928536,0.9979552047143114,0.004225971498094625,0.0,0.0,0.0,0.9979552047143114,0.004225971498094625,2.066696616366442,551,4.3460038056549415
0.9,16,0.0,0,0.5,196,0.00019169160262748268,0.0032587572446672055,0.10040297103080494,0.1,7.412688455006394,0.05168769558957392,0.4585270321687248,0.0,0,0.19550478585716086,15.334617500795266,9.107393995413027,216,592,128000,0.011142825840385383,0.056362757224042645,0.9995379167973107,0.002582498172185221,0.0,0.0,0.0,0.9995379167973107,0.002582498172185221,5.588816380157213,592,8.26513002962545
0.9,16,0.0,0,0.75,186,0.0002906488658874317,0.0049410307200863385,0.10040297103080494,0.1,7.412688455006394,0.026747357250768142,0.6434019902367438,0.0,0,0.19550478585716086,15.334617500795266,9.107393995413027,206,621,128000,9.106036085653876e-10,0.0207858832088191,0.9999999999756437,7.817888742419843e-10,0.0,0.0,0.0,0.9999999999756437,7.817888742419843e-10,32.0980215580002,621,32.0980215580002
0.9,32,0.0,0,0.1,250,2.0252058628797924e-05,0.0006683179347503315,0.07204725804228582,0.1,7.412688455006394,0.09009193472160501,0.1454926591428941,0.0,0,0.09775239292858043,15.334617500795266,9.107393995413027,286,447,128000,0.07846747507420722,0.30960989802627026,0.994722352051963,0.005440174065696966,0.0,0.0,0.0,0.994722352051963,0.005440174065696966,1.0307951798339332,447,1.7893159857650993
0.9,32,0.0,0,0.25,228,5.0600331378075896e-05,0.0016698109354765045,0.07204725804228582,0.1,7.412688455006394,0.07524442351309979,0.25555263406375883,0.0,0,0.09775239292858043,15.334617500795266,9.107393995413027,264,484,128000,0.042844788883809416,0.14721903334857867,0.9977143922005942,0.004735405307033951,0.0,0.0,0.0,0.9977143922005942,0.004735405307033951,2.0718363440416434,484,4.396270515468561
0.9,32,0.0,0,0.5,212,9.848684461649939e-05,0.0032500658723444795,0.07204725804228582,0.1,7.412688455006394,0.05181654846012359,0.4292161729942877,0.0,0,0.09775239292858043,15.334617500795266,9.107393995413027,248,516,128000,0.012040463356015526,0.06036183131059751,0.999500554051637,0.002780213589720532,0.0,0.0,0.0,0.999500554051637,0.002780213589720532,5.566595542185927,516,8.302805581437221
0.9,32,0.0,0,0.75,202,0.00014932886475368506,0.004927852536871607,0.07204725804228582,0.1,7.412688455006394,0.02694272878391575,0.6135980489400246,0.0,0,0.09775239292858043,15.334617500795266,9.107393995413027,238,537,128000,2.903203498176992e-10,0.021954705389348024,0.9999999999921779,2.4612582966668994e-10,0.0,0.0,0.0,0.9999999999921779,2.4612582966668994e-10,31.465536719130196,537,31.465536719130196
0.9,1,0.9,0,0.1,183,0.0003293049790533786,0.0006586099581067572,0.9510768321962353,0.1,7.412688455006394,0.09023585913437959,1.023455366463876,0.0,0,3.1280765737145737,15.334617500795266,9.107393995413027,188,680,128000,0.014869054369211644,0.04408392495226783,0.9991108270967578,0.001587358052223292,0.0,0.0,0.0,0.9991108270967578,0.001587358052223292,1.78520740615835,680,5.7840399337397645
0.9,1,0.9,0,0.25,161,0.0008227777867717563,0.0016455555735435125,0.9510768321962353,0.1,7.412688455006394,0.07560401839584516,1.1319166433819023,0.0,0,3.1280765737145737,15.334617500795266,9.107393995413027,166,771,128000,0.0108989854818237,0.03339646025963397,0.9994449088682061,0.001294190835610419,0.0,0.0,0.0,0.9994449088682061,0.001294190835610419,2.3314925450674107,771,6.747686920101036
0.9,1,0.9,0,0.5,144,0.0016694917566324138,0.0033389835132648276,0.9510768321962353,0.1,7.412688455006394,0.050498310919530255,1.3180174313463495,0.0,0,3.1280765737145737,15.334617500795266,9.107393995413027,149,859,128000,0.0036826965499357186,0.01915692073508654,0.9998497806186405,0.0008921989929772864,0.0,0.0,0.0,0.9998497806186405,0.0008921989929772864,5.939306798515346,859,8.72383891011853
0.9,1,0.9,0,0.75,135,0.002428140071550723,0.004856280143101446,0.9510768321962353,0.1,7.412688455006394,0.02800381649791024,1.484762110446698,0.0,0,3.1280765737145737,15.334617500795266,9.107393995413027,140,914,128000,1.5781064351549204e-10,0.009430405147355079,0.9999999999955806,1.2500644907323457e-10,0.0,0.0,0.0,0.9999999999955806,1.2500644907323457e-10,28.286137640814353,914,28.286137640814353
0.9,2,0.9,0,0.1,193,0.00021718646223134062,0.0006515593866940219,0.9057075506611154,0.1,7.412688455006394,0.09034038651300436,0.9773112560359921,0.0,0,2.971672745028845,15.334617500795266,9.107393995413027,199,643,128000,0.015607541608627718,0.046218840699444985,0.999066145623405,0.0016660476005955884,0.0,0.0,0.0,0.999066145623405,0.0016660476005955884,1.784055032938128,643,5.8001798126642825
0.9,2,0.9,0,0.25,171,0.0005426464518202909,0.0016279393554608727,0.9057075506611154,0.1,7.412688455006394,0.07586518546864929,1.0846114117013794,0.0,0,2.971672745028845,15.334617500795266,9.107393995413027,177,723,128000,0.011442321047818924,0.03497344055676194,0.9994159354011258,0.0013545939274982057,0.0,0.0,0.0,0.9994159354011258,0.0013545939274982057,2.31925360672312,723,6.76867897450869
0.9,2,0.9,0,0.5,154,0.0011010790778030106,0.003303237233409032,0.9057075506611154,0.1,7.412688455006394,0.05102826299152322,1.2687197802054606,0.0,0,2.971672745028845,15.334617500795266,9.107393995413027,160,800,128000,0.003997519808094786,0.02011013928672923,0.9998365622097974,0.0009486435593022064,0.0,0.0,0.0,0.9998365622097974,0.0009486435593022064,5.80430975067941,800,8.702526788908589
0.9,2,0.9,0,0.75,144,0.0016694917566324138,0.005008475269897242,0.9057075506611154,0.1,7.412688455006394,0.02574746637929537,1.4561184493862869,0.0,0,2.971672745028845,15.334617500795266,9.107393995413027,150,853,128000,9.459384552241358e-11,0.008841130469207318,0.9999999999975644,8.668527593618554e-11,0.0,0.0,0.0,0.9999999999975644,8.668527593618554e-11,35.59082654797282,853,35.59082654797282
0.9,4,0.9,0,0.1,205,0.00013179960276531467,0.0006589980138265734,0.8830229099344458,0.1,7.412688455006394,0.09023010606207124,0.9554440899347673,0.0,0,2.893470830685981,15.334617500795266,9.107393995413027,213,600,128000,0.01600606199844433,0.04721893568268899,0.9990453294541494,0.0017138444213074403,0.0,0.0,0.0,0.9990453294541494,0.0017138444213074403,1.795220800260854,600,5.917740689060551
0.9,4,0.9,0,0.25,183,0.0003293049790533786,0.001646524895266893,0.8830229099344458,0.1,7.412688455006394,0.07558964783594899,1.063969245603547,0.0,0,2.893470830685981,15.334617500795266,9.107393995413027,191,670,128000,0.011643460054580031,0.03552247781046931,0.9994083599209519,0.001387289090010301,0.0,0.0,0.0,0.9994083599209519,0.001387289090010301,2.3448193236711092,670,6.893728779443801
0.9,4,0.9,0,0.5,166,0.0006681896700227425,0.0033409483501137126,0.8830229099344458,0.1,7.412688455006394,0.050469181472678856,1.250179436598936,0.0,0,2.893470830685981,15.334617500795266,9.107393995413027,174,735,128000,0.0038805517452313535,0.02018477507915864,0.9998418038385316,0.0009417241622318108,0.0,0.0,0.0,0.9998418038385316,0.0009417241622318108,5.952888827962874,735,8.76110162646311
0.9,4,0.9,0,0.75,157,0.0009718266646805731,0.004859133323402866,0.8830229099344458,0.1,7.412688455006394,0.027961517024549465,1.4170217410027428,0.0,0,2.893470830685981,15.334617500795266,9.107393995413027,165,775,128000,1.1879657694923068e-10,0.009866297818676102,0.9999999999966782,9.435539015164047e-11,0.0,0.0,0.0,0.9999999999966782,9.435539015164047e-11,28.405006679634077,775,28.405006679634077
0.9,8,0.9,0,0.1,219,7.359398941951715e-05,0.0006623459047756544,0.8716805895822699,0.1,7.412688455006394,0.09018047231689749,0.9444696890724196,0.0,0,2.854369873514549,15.334617500795266,9.107393995413027,231,554,128000,0.01626522995813416,0.04774132688443587,0.9990329273479149,0.0017495373264811039,0.0,0.0,0.0,0.9990329273479149,0.0017495373264811039,1.809106402408338,554,6.079142450433965
0.9,8,0.9,0,0.25,197,0.0001838766293542919,0.0016548896641886272,0.8716805895822699,0.1,7.412688455006394,0.07546563698391912,1.0535461790625085,0.0,0,2.854369873514549,15.334617500795266,9.107393995413027,209,612,128000,0.011780953102323419,0.03581505893318779,0.9994033880219089,0.0014104997215906867,0.0,0.0,0.0,0.9994033880219089,0.0014104997215906867,2.3641827073328257,612,7.044195158026025
0.9,8,0.9,0,0.5,180,0.00037310233130661245,0.003357920981759512,0.8716805895822699,0.1,7.412688455006394,0.05021755581137506,1.2407023388812901,0.0,0,2.854369873514549,15.334617500795266,9.107393995413027,192,666,128000,0.0038334170132721794,0.020237551843681,0.9998439596223224,0.0009399170931008147,0.0,0.0,0.0,0.9998439596223224,0.0009399170931008147,6.023550487957219,666,8.802980042907848
0.9,8,0.9,0,0.75,171,0.0005426464518202909,0.004883818066382618,0.8716805895822699,0.1,7.412688455006394,0.027595556405947838,1.4083921727030622,0.0,0,2.854369873514549,15.334617500795266,9.107393995413027,183,699,128000,1.347066360934999e-10,0.009796829654689039,0.9999999999962826,1.0951526979849486e-10,0.0,0.0,0.0,0.9999999999962826,1.0951526979849486e-10,29.460498059067632,699,29.460498059067632
0.9,16,0.9,0,0.1,234,3.941795031757629e-05,0.000670105155398797,0.8660094294091005,0.1,7.412688455006394,0.09006543850187015,0.9396512387318388,0.0,0,2.8348193949288327,15.334617500795266,9.107393995413027,254,503,128000,0.01642717529209981,0.04792492937242401,0.9990276129516424,0.0017770887371763768,0.0,0.0,0.0,0.9990276129516424,0.0017770887371763768,1.827552866091773,503,6.290281574754998
0.9,16,0.9,0,0.25,212,9.848684461649939e-05,0.0016742763584804896,0.8660094294091005,0.1,7.412688455006394,0.07517822193400306,1.050005537111647,0.0,0,2.8348193949288327,15.334617500795266,9.107393995413027,232,551,128000,0.011813558307094843,0.0357989645182263,0.999404955573017,0.0014253712564090994,0.0,0.0,0.0,0.999404955573017,0.0014253712564090994,2.3954030855074904,551,7.230632364316069
0.9,16,0.9,0,0.5,196,0.00019169160262748268,0.0032587572446672055,0.8660094294091005,0.1,7.412688455006394,0.05168769558957392,1.2241334905470205,0.0,0,2.8348193949288327,15.334617500795266,9.107393995413027,216,592,128000,0.004383321399703205,0.0211119522456961,0.9998204760113589,0.001014909923406178,0.0,0.0,0.0,0.9998204760113589,0.001014909923406178,5.653338760399959,592,8.759107385427315
0.9,16,0.9,0,0.75,186,0.0002906488658874317,0.0049410307200863385,0.8660094294091005,0.1,7.412688455006394,0.026747357250768142,1.4090084486150394,0.0,0,2.8348193949288327,15.334617500795266,9.107393995413027,206,621,128000,1.780372297069293e-10,0.009491553183039996,0.9999999999952379,1.528519364852766e-10,0.0,0.0,0.0,0.9999999999952379,1.528519364852766e-10,32.09772803011915,621,32.09772803011915
0.9,32,0.9,0,0.1,250,2.0252058628797924e-05,0.0006683179347503315,0.8631738493232626,0.1,7.412688455006394,0.09009193472160501,0.9366192504238708,0.0,0,2.825044155635975,15.334617500795266,9.107393995413027,286,447,128000,0.016598141920833975,0.04809421474138641,0.9990207153325648,0.0018071747246111028,0.0,0.0,0.0,0.9990207153325648,0.0018071747246111028,1.8454028585417486,447,6.531965164912668
0.9,32,0.9,0,0.25,228,5.0600331378075896e-05,0.0016698109354765045,0.8631738493232626,0.1,7.412688455006394,0.07524442351309979,1.0466792253447357,0.0,0,2.825044155635975,15.334617500795266,9.107393995413027,264,484,128000,0.011927386757181468,0.035944357015548684,0.9994003371808613,0.0014429675754482343,0.0,0.0,0.0,0.9994003371808613,0.0014429675754482343,2.4062982219254043,484,7.418860413878139
0.9,32,0.9,0,0.5,212,9.848684461649939e-05,0.0032500658723444795,0.8631738493232626,0.1,7.412688455006394,0.05181654846012359,1.2203427642752644,0.0,0,2.825044155635975,15.334617500795266,9.107393995413027,248,516,128000,0.004450110475739979,0.021230325600731827,0.999817744709855,0.0010257129250140628,0.0,0.0,0.0,0.999817744709855,0.0010257129250140628,5.627891098238071,516,8.795056957253708
0.9,32,0.9,0,0.75,202,0.00014932886475368506,0.004927852536871607,0.8631738493232626,0.1,7.412688455006394,0.02694272878391575,1.4047246402210014,0.0,0,2.825044155635975,15.334617500795266,9.107393995413027,238,537,128000,2.0326277404095699e-10,0.009590039219241765,0.9999999999945235,1.7232074490543787e-10,0.0,0.0,0.0,0.9999999999945235,1.7232074490543787e-10,31.465441231930598,537,31.465441231930598
0.9,1,0.0,8,0.1,183,0.0003293049790533786,0.0006586099581067572,0.9510768321962353,0.1,7.412688455006394,0.09023585913437959,1.023455366463876,0.0,0,3.1280765737145737,15.334617500795266,9.107393995413027,188,680,128000,0.014869054369211644,0.04408392495226783,0.9991108270967578,0.001587358052223292,0.0,0.0,0.0,0.9991108270967578,0.001587358052223292,1.78520740615835,680,5.7840399337397645
0.9,1,0.0,8,0.25,161,0.0008227777867717563,0.0016455555735435125,0.9510768321962353,0.1,7.412688455006394,0.07560401839584516,1.1319166433819023,0.0,0,3.1280765737145737,15.334617500795266,9.107393995413027,166,771,128000,0.0108989854818237,0.03339646025963397,0.9994449088682061,0.001294190835610419,0.0,0.0,0.0,0.9994449088682061,0.001294190835610419,2.3314925450674107,771,6.747686920101036
0.9,1,0.0,8,0.5,144,0.0016694917566324138,0.0033389835132648276,0.9510768321962353,0.1,7.412688455006394,0.050498310919530255,1.3180174313463495,0.0,0,3.1280765737145737,15.334617500795266,9.107393995413027,149,859,128000,0.0036826965499357186,0.01915692073508654,0.9998497806186405,0.0008921989929772864,0.0,0.0,0.0,0.9998497806186405,0.0008921989929772864,5.939306798515346,859,8.72383891011853
0.9,1,0.0,8,0.75,135,0.002428140071550723,0.004856280143101446,0.9510768321962353,0.1,7.412688455006394,0.02800381649791024,1.484762110446698,0.0,0,3.1280765737145737,15.334617500795266,9.107393995413027,140,914,128000,1.5781064351549204e-10,0.009430405147355079,0.9999999999955806,1.2500644907323457e-10,0.0,0.0,0.0,0.9999999999955806,1.2500644907323457e-10,28.286137640814353,914,28.286137640814353
0.9,2,0.0,8,0.1,193,0.00021718646223134062,0.0006515593866940219,0.4973840255980002,0.1,7.412688455006394,0.09034038651300436,0.5689877309728769,0.0,0,1.5640382868572869,15.334617500795266,9.107393995413027,199,643,128000,0.025388104192471773,0.07938693718275483,0.9984399175779207,0.0025234591587022857,0.0,0.0,0.0,0.9984399175779207,0.0025234591587022857,1.6175165638614262,643,4.3621187348601405
0.9,2,0.0,8,0.25,171,0.0005426464518202909,0.0016279393554608727,0.4973840255980002,0.1,7.412688455006394,0.07586518546864929,0.6762878866382642,0.0,0,1.5640382868572869,15.334617500795266,9.107393995413027,177,723,128000,0.017704050954398257,0.05608941618469922,0.9990808213414903,0.0020421044026534396,0.0,0.0,0.0,0.9990808213414903,0.0020421044026534396,2.2216621151370943,723,5.763265797961631
0.9,2,0.0,8,0.5,154,0.0011010790778030106,0.003303237233409032,0.4973840255980002,0.1,7.412688455006394,0.05102826299152322,0.8603962551423454,0.0,0,1.5640382868572869,15.334617500795266,9.107393995413027,160,800,128000,0.005799176005463488,0.029653931363915337,0.9997619491349593,0.0013760717442919844,0.0,0.0,0.0,0.9997619491349593,0.0013760717442919844,5.7805786341366225,800,8.530444502968116
0.9,2,0.0,8,0.75,144,0.0016694917566324138,0.005008475269897242,0.4973840255980002,0.1,7.412688455006394,0.02574746637929537,1.0477949243231715,0.0,0,1.5640382868572869,15.334617500795266,9.107393995413027,150,853,128000,1.6329216455428186e-10,0.012286500813087315,0.9999999999957956,1.496400349159697e-10,0.0,0.0,0.0,0.9999999999957956,1.496400349159697e-10,35.59117008118665,853,35.59117008118665
0.9,4,0.0,8,0.1,205,0.00013179960276531467,0.0006589980138265734,0.2705376470669298,0.1,7.412688455006394,0.09023010606207124,0.34295882706725134,0.0,0,0.7820191434286434,15.334617500795266,9.107393995413027,213,600,128000,0.03899119864581681,0.13154655740115606,0.9975246299294442,0.0034967204393085644,0.0,0.0,0.0,0.9975246299294442,0.0034967204393085644,1.4126051215136066,600,3.1519003872762434
0.9,4,0.0,8,0.25,183,0.0003293049790533786,0.001646524895266893,0.2705376470669298,0.1,7.412688455006394,0.07558964783594899,0.45148398273603113,0.0,0,0.7820191434286434,15.334617500795266,9.107393995413027,191,670,128000,0.025387225489519886,0.08371243579657967,0.998662961549007,0.002862647553611469,0.0,0.0,0.0,0.998662961549007,0.002862647553611469,2.141036072287575,670,4.9835174222926035
0.9,4,0.0,8,0.5,166,0.0006681896700227425,0.0033409483501137126,0.2705376470669298,0.1,7.412688455006394,0.050469181472678856,0.6376941737314201,0.0,0,0.7820191434286434,15.334617500795266,9.107393995413027,174,735,128000,0.007376108523774265,0.039571618772490755,0.9996971238647798,0.0017904964209288974,0.0,0.0,0.0,0.9996971238647798,0.0017904964209288974,5.911645761153468,735,8.46951241086644
0.9,4,0.0,8,0.75,157,0.0009718266646805731,0.004859133323402866,0.2705376470669298,0.1,7.412688455006394,0.027961517024549465,0.8045364781352267,0.0,0,0.7820191434286434,15.334617500795266,9.107393995413027,165,775,128000,2.058625620316073e-10,0.017377407851881112,0.9999999999942437,1.6350843481966025e-10,0.0,0.0,0.0,0.9999999999942437,1.6350843481966025e-10,28.405204680055352,775,28.405204680055352
0.9,8,0.0,8,0.1,219,7.359398941951715e-05,0.0006623459047756544,0.15711449639753855,0.1,7.412688455006394,0.09018047231689749,0.22990359588768824,0.5,1,0.3910095717143217,15.334617500795266,9.107393995413027,231,554,128000,0.00046410738072427693,0.0011537055540432862,0.9999582456176744,2.4262791362038585e-06,7.004012226126307e-11,2.997376481377344e-10,8.36917241221742e-06,0.9999749833336398,3.8241089953126296e-05,1.5286245338393374,184,9.072588147667187
0.9,8,0.0,8,0.25,197,0.0001838766293542919,0.0016548896641886272,0.15711449639753855,0.1,7.412688455006394,0.07546563698391912,0.33898008587777717,0.5,1,0.3910095717143217,15.334617500795266,9.107393995413027,209,612,128000,0.0003699426061409216,0.0009627598204877304,0.9999721748295358,1.2947896983239014e-05,2.827550707629362e-11,1.2100541400164705e-10,5.31754585020107e-06,0.9999828096535883,3.5703962841598965e-05,2.0769775074076056,204,9.082782483149007
0.9,8,0.0,8,0.5,180,0.00037310233130661245,0.003357920981759512,0.15711449639753855,0.1,7.412688455006394,0.05021755581137506,0.5261362456965588,0.5,1,0.3910095717143217,15.334617500795266,9.107393995413027,192,666,128000,0.00013864398142214335,0.0006376039420865225,0.9999930578650684,2.935717457413456e-05,5.577981647722596e-13,2.3871047714725458e-12,7.468614577746441e-07,0.9999945515781721,3.2553380383058715e-05,5.974827465856639,222,9.103607280932188
0.9,8,0.0,8,0.75,171,0.0005426464518202909,0.004883818066382618,0.15711449639753855,0.1,7.412688455006394,0.027595556405947838,0.6938260795183306,0.5,1,0.3910095717143217,15.334617500795266,9.107393995413027,183,699,128000,4.632709191945674e-12,0.0003488886204275171,0.9999999999998721,3.766350425759375e-12,6.9536551955447836e-43,2.975826122202637e-42,8.338857952708916e-22,0.9999999999998721,3.766350429328e-12,29.448149982757442,233,29.448149982757442
0.9,16,0.0,8,0.1,234,3.941795031757629e-05,0.000670105155398797,0.10040297103080494,0.1,7.412688455006394,0.09006543850187015,0.17404478035354315,1.3693063937629153,3,0.19550478585716086,15.334617500795266,9.107393995413027,254,503,128000,0.00017006439984757678,0.0004225278911095963,0.9999846931426656,8.270683135458213e-07,9.470826960648653e-12,4.0530531750289384e-11,3.07749442427843e-06,0.9999908480467713,1.3997088702914597e-05,1.5294099907564667,71,9.102471484139276
0.9,16,0.0,8,0.25,212,9.848684461649939e-05,0.0016742763584804896,0.10040297103080494,0.1,7.412688455006394,0.07517822193400306,0.2843990787333514,1.3693063937629153,3,0.19550478585716086,15.334617500795266,9.107393995413027,232,551,128000,0.00013529044804825915,0.0003523210292568407,0.9999898395156711,4.7809712749289514e-06,3.793174294720312e-12,1.623294056847742e-11,1.947617219989566e-06,0.9999937347143267,1.3115766301726144e-05,2.093402756986284,78,9.103967138697467
0.9,16,0.0,8,0.5,196,0.00019169160262748268,0.0032587572446672055,0.10040297103080494,0.1,7.412688455006394,0.05168769558957392,0.4585270321687248,1.3693063937629153,3,0.19550478585716086,15.334617500795266,9.107393995413027,216,592,128000,5.768010458089286e-05,0.00024183766714954948,0.9999970216993466,1.1158261958750038e-05,1.253252025336207e-13,5.363308950217026e-13,3.540135248699758e-07,0.9999977297244129,1.267326758883913e-05,5.582259555167743,84,9.106721804506984
0.9,16,0.0,8,0.75,186,0.0002906488658874317,0.0049410307200863385,0.10040297103080494,0.1,7.412688455006394,0.026747357250768142,0.6434019902367438,1.3693063937629153,3,0.19550478585716086,15.334617500795266,9.107393995413027,206,621,128000,2.35971701143812e-12,0.00012492978425843935,0.9999999999999368,2.0259094942254844e-12,3.5105402133154313e-43,1.5023404204051027e-42,5.924981192641588e-22,0.9999999999999368,2.025909496761088e-12,32.06989544709872,88,32.06989544709872
0.9,32,0.0,8,0.1,250,2.0252058628797924e-05,0.0006683179347503315,0.07204725804228582,0.1,7.412688455006394,0.09009193472160501,0.1454926591428941,3.9764934301467165,8,0.09775239292858043,15.334617500795266,9.107393995413027,286,447,128000,5.865662597835168e-05,0.0001457089215075545,0.9999947165122454,2.7636442782697863e-07,1.1303211065148624e-12,4.83722442464361e-12,1.0631684149673282e-06,0.999996842838971,4.826189095030511e-06,1.5286483808129796,26,9.106771909635794
0.9,32,0.0,8,0.25,228,5.0600331378075896e-05,0.0016698109354765045,0.07204725804228582,0.1,7.412688455006394,0.07524442351309979,0.25555263406375883,3.9764934301467165,8,0.09775239292858043,15.334617500795266,9.107393995413027,264,484,128000,4.674404433181862e-05,0.00012165207847286724,0.9999964838880995,1.633126733711408e-06,4.558675361806832e-13,1.9508912712551485e-12,6.751808195347289e-07,0.9999978342454463,4.522565053798709e-06,2.0882168046611023,28,9.106968357038845
0.9,32,0.0,8,0.5,212,9.848684461649939e-05,0.0032500658723444795,0.07204725804228582,0.1,7.412688455006394,0.05181654846012359,0.4292161729942877,3.9764934301467165,8,0.09775239292858043,15.334617500795266,9.107393995413027,248,516,128000,2.0121425712171507e-05,8.372773950097371e-05,0.9999989577247245,3.85947905651488e-06,1.5651952577817096e-14,6.69827422193543e-14,1.251078290574866e-07,0.9999992079401373,4.394879690611788e-06,5.54867112650266,30,9.107309434737791
0.9,32,0.0,8,0.75,202,0.00014932886475368506,0.004927852536871607,0.07204725804228582,0.1,7.412688455006394,0.02694272878391575,0.6135980489400246,3.9764934301467165,8,0.09775239292858043,15.334617500795266,9.107393995413027,238,537,128000,5.006623948798736e-13,4.350943235752896e-05,0.9999999999999865,4.2444819040966974e-13,5.999477305097882e-45,2.567484406691728e-44,7.745629286957879e-23,0.9999999999999865,4.24448190741145e-13,31.336798584588553,31,31.336798584588553
0.9,1,0.9,8,0.1,183,0.0003293049790533786,0.0006586099581067572,0.9510768321962353,0.1,7.412688455006394,0.09023585913437959,1.023455366463876,0.0,0,3.1280765737145737,15.334617500795266,9.107393995413027,188,680,128000,0.014869054369211644,0.04408392495226783,0.9991108270967578,0.001587358052223292,0.0,0.0,0.0,0.9991108270967578,0.001587358052223292,1.78520740615835,680,5.7840399337397645
0.9,1,0.9,8,0.25,161,0.0008227777867717563,0.0016455555735435125,0.9510768321962353,0.1,7.412688455006394,0.07560401839584516,1.1319166433819023,0.0,0,3.1280765737145737,15.334617500795266,9.107393995413027,166,771,128000,0.0108989854818237,0.03339646025963397,0.9994449088682061,0.001294190835610419,0.0,0.0,0.0,0.9994449088682061,0.001294190835610419,2.3314925450674107,771,6.747686920101036
0.9,1,0.9,8,0.5,144,0.0016694917566324138,0.0033389835132648276,0.9510768321962353,0.1,7.412688455006394,0.050498310919530255,1.3180174313463495,0.0,0,3.1280765737145737,15.334617500795266,9.107393995413027,149,859,128000,0.0036826965499357186,0.01915692073508654,0.9998497806186405,0.0008921989929772864,0.0,0.0,0.0,0.9998497806186405,0.0008921989929772864,5.939306798515346,859,8.72383891011853
0.9,1,0.9,8,0.75,135,0.002428140071550723,0.004856280143101446,0.9510768321962353,0.1,7.412688455006394,0.02800381649791024,1.484762110446698,0.0,0,3.1280765737145737,15.334617500795266,9.107393995413027,140,914,128000,1.5781064351549204e-10,0.009430405147355079,0.9999999999955806,1.2500644907323457e-10,0.0,0.0,0.0,0.9999999999955806,1.2500644907323457e-10,28.286137640814353,914,28.286137640814353
0.9,2,0.9,8,0.1,193,0.00021718646223134062,0.0006515593866940219,0.9057075506611154,0.1,7.412688455006394,0.09034038651300436,0.9773112560359921,0.0,0,2.971672745028845,15.334617500795266,9.107393995413027,199,643,128000,0.015607541608627718,0.046218840699444985,0.999066145623405,0.0016660476005955884,0.0,0.0,0.0,0.999066145623405,0.0016660476005955884,1.784055032938128,643,5.8001798126642825
0.9,2,0.9,8,0.25,171,0.0005426464518202909,0.0016279393554608727,0.9057075506611154,0.1,7.412688455006394,0.07586518546864929,1.0846114117013794,0.0,0,2.971672745028845,15.334617500795266,9.107393995413027,177,723,128000,0.011442321047818924,0.03497344055676194,0.9994159354011258,0.0013545939274982057,0.0,0.0,0.0,0.9994159354011258,0.0013545939274982057,2.31925360672312,723,6.76867897450869
0.9,2,0.9,8,0.5,154,0.0011010790778030106,0.003303237233409032,0.9057075506611154,0.1,7.412688455006394,0.05102826299152322,1.2687197802054606,0.0,0,2.971672745028845,15.334617500795266,9.107393995413027,160,800,128000,0.003997519808094786,0.02011013928672923,0.9998365622097974,0.0009486435593022064,0.0,0.0,0.0,0.9998365622097974,0.0009486435593022064,5.80430975067941,800,8.702526788908589
0.9,2,0.9,8,0.75,144,0.0016694917566324138,0.005008475269897242,0.9057075506611154,0.1,7.412688455006394,0.02574746637929537,1.4561184493862869,0.0,0,2.971672745028845,15.334617500795266,9.107393995413027,150,853,128000,9.459384552241358e-11,0.008841130469207318,0.9999999999975644,8.668527593618554e-11,0.0,0.0,0.0,0.9999999999975644,8.668527593618554e-11,35.59082654797282,853,35.59082654797282
0.9,4,0.9,8,0.1,205,0.00013179960276531467,0.0006589980138265734,0.8830229099344458,0.1,7.412688455006394,0.09023010606207124,0.9554440899347673,0.0,0,2.893470830685981,15.334617500795266,9.107393995413027,213,600,128000,0.01600606199844433,0.04721893568268899,0.9990453294541494,0.0017138444213074403,0.0,0.0,0.0,0.9990453294541494,0.0017138444213074403,1.795220800260854,600,5.917740689060551
0.9,4,0.9,8,0.25,183,0.0003293049790533786,0.001646524895266893,0.8830229099344458,0.1,7.412688455006394,0.07558964783594899,1.063969245603547,0.0,0,2.893470830685981,15.334617500795266,9.107393995413027,191,670,128000,0.011643460054580031,0.03552247781046931,0.9994083599209519,0.001387289090010301,0.0,0.0,0.0,0.9994083599209519,0.001387289090010301,2.3448193236711092,670,6.893728779443801
0.9,4,0.9,8,0.5,166,0.0006681896700227425,0.0033409483501137126,0.8830229099344458,0.1,7.412688455006394,0.050469181472678856,1.250179436598936,0.0,0,2.893470830685981,15.334617500795266,9.107393995413027,174,735,128000,0.0038805517452313535,0.02018477507915864,0.9998418038385316,0.0009417241622318108,0.0,0.0,0.0,0.9998418038385316,0.0009417241622318108,5.952888827962874,735,8.76110162646311
0.9,4,0.9,8,0.75,157,0.0009718266646805731,0.004859133323402866,0.8830229099344458,0.1,7.412688455006394,0.027961517024549465,1.4170217410027428,0.0,0,2.893470830685981,15.334617500795266,9.107393995413027,165,775,128000,1.1879657694923068e-10,0.009866297818676102,0.9999999999966782,9.435539015164047e-11,0.0,0.0,0.0,0.9999999999966782,9.435539015164047e-11,28.405006679634077,775,28.405006679634077
0.9,8,0.9,8,0.1,219,7.359398941951715e-05,0.0006623459047756544,0.8716805895822699,0.1,7.412688455006394,0.09018047231689749,0.9444696890724196,0.5,1,2.854369873514549,15.334617500795266,9.107393995413027,231,554,128000,0.00045482978509365075,0.0011329897127108106,0.9999593740002976,3.391039885768003e-06,6.460536496635517e-11,2.7647953097313827e-10,8.037909537344069e-06,0.9999754492308813,3.778828846070333e-05,1.5391895984214645,184,9.073282517348183
0.9,8,0.9,8,0.25,197,0.0001838766293542919,0.0016548896641886272,0.8716805895822699,0.1,7.412688455006394,0.07546563698391912,1.0535461790625085,0.5,1,2.854369873514549,15.334617500795266,9.107393995413027,209,612,128000,0.00036257274061249036,0.0009455202265925603,0.9999729152134146,1.3331366259564747e-05,2.6088769307511024e-11,1.1164724021857017e-10,5.107785815341013e-06,0.9999831305344474,3.5189792265171495e-05,2.086005164509052,204,9.083272118210534
0.9,8,0.9,8,0.5,180,0.00037310233130661245,0.003357920981759512,0.8716805895822699,0.1,7.412688455006394,0.05021755581137506,1.2407023388812901,0.5,1,2.854369873514549,15.334617500795266,9.107393995413027,192,666,128000,0.00013589764749211906,0.000626240354561139,0.9999932213793072,2.8865168849503033e-05,5.148974610030168e-13,2.2035106309129368e-12,7.17565990917393e-07,0.9999946565020756,3.1936004288572495e-05,5.9766102168742075,222,9.103682274727825
0.9,8,0.9,8,0.75,171,0.0005426464518202909,0.004883818066382618,0.8716805895822699,0.1,7.412688455006394,0.027595556405947838,1.4083921727030622,0.5,1,2.854369873514549,15.334617500795266,9.107393995413027,183,699,128000,7.2196266402979724e-12,0.0003426966079913454,0.9999999999998007,5.869490776463925e-12,4.101398331619158e-42,1.7551989492677742e-41,2.025190937077286e-21,0.9999999999998007,5.869490785130756e-12,29.452742632612182,233,29.452742632612182
0.9,16,0.9,8,0.1,234,3.941795031757629e-05,0.000670105155398797,0.8660094294091005,0.1,7.412688455006394,0.09006543850187015,0.9396512387318388,1.3693063937629153,3,2.8348193949288327,15.334617500795266,9.107393995413027,254,503,128000,0.00016871207636582963,0.0004195142766397074,0.9999848583648852,9.705082499357868e-07,9.173159397988368e-12,3.925665940001179e-11,3.0287453337519115e-06,0.9999909157730054,1.393191070385799e-05,1.5336374478622772,71,9.102510625858311
0.9,16,0.9,8,0.25,212,9.848684461649939e-05,0.0016742763584804896,0.8660094294091005,0.1,7.412688455006394,0.07517822193400306,1.050005537111647,1.3693063937629153,3,2.8348193949288327,15.334617500795266,9.107393995413027,232,551,128000,0.00013421588336158286,0.00034981075645856407,0.99998994771793,4.83780288941789e-06,3.6740910530675055e-12,1.572332222925629e-11,1.9168014989660213e-06,0.9999937812860654,1.3040723301851072e-05,2.0970128935076957,78,9.103994356160635
0.9,16,0.9,8,0.5,196,0.00019169160262748268,0.0032587572446672055,0.8660094294091005,0.1,7.412688455006394,0.05168769558957392,1.2241334905470205,1.3693063937629153,3,2.8348193949288327,15.334617500795266,9.107393995413027,216,592,128000,5.7222754090272216e-05,0.00024011738915536687,0.9999970503044179,1.1086981265557797e-05,1.2139737153196778e-13,5.195216892592352e-13,3.484217697250195e-07,0.9999977471460232,1.2578056913948747e-05,5.583165639406555,84,9.106727133725379
0.9,16,0.9,8,0.75,186,0.0002906488658874317,0.0049410307200863385,0.8660094294091005,0.1,7.412688455006394,0.026747357250768142,1.4090084486150394,1.3693063937629153,3,2.8348193949288327,15.334617500795266,9.107393995413027,206,621,128000,1.8616235609635305e-12,0.00012404264373155611,0.9999999999999502,1.5982767546196152e-12,1.359883567153632e-43,5.819640072005092e-43,3.6876599180967053e-22,0.9999999999999502,1.5982767561977542e-12,32.06235458194713,88,32.06235458194713
0.9,32,0.9,8,0.1,250,2.0252058628797924e-05,0.0006683179347503315,0.8631738493232626,0.1,7.412688455006394,0.09009193472160501,0.9366192504238708,3.9764934301467165,8,2.825044155635975,15.334617500795266,9.107393995413027,286,447,128000,5.848986748074638e-05,0.0001453369966306313,0.9999947369431469,2.9423117888070663e-07,1.1175219820206627e-12,4.7824503986959816e-12,1.057131904557489e-06,0.9999968511969459,4.81822270971085e-06,1.5301759516123974,26,9.10677368147869
0.9,32,0.9,8,0.25,228,5.0600331378075896e-05,0.0016698109354765045,0.8631738493232626,0.1,7.412688455006394,0.07524442351309979,1.0466792253447357,3.9764934301467165,8,2.825044155635975,15.334617500795266,9.107393995413027,264,484,128000,4.6610694495037396e-05,0.00012134167030880975,0.9999964973531035,1.640307220027787e-06,4.506878194596862e-13,1.9287246036673898e-12,6.713340435770465e-07,0.9999978400169383,4.513283283446501e-06,2.0894993870002656,28,9.106969568851806
0.9,32,0.9,8,0.5,212,9.848684461649939e-05,0.0032500658723444795,0.8631738493232626,0.1,7.412688455006394,0.05181654846012359,1.2203427642752644,3.9764934301467165,8,2.825044155635975,15.334617500795266,9.107393995413027,248,516,128000,2.006434394369566e-05,8.351421966758905e-05,0.9999989613175158,3.850722405065612e-06,1.5475097026271614e-14,6.622588650053353e-14,1.2439900763269992e-07,0.9999992101152879,4.383089628804818e-06,5.549024511753704,30,9.107309675329123
0.9,32,0.9,8,0.75,202,0.00014932886475368506,0.004927852536871607,0.8631738493232626,0.1,7.412688455006394,0.02694272878391575,1.4047246402210014,3.9764934301467165,8,2.825044155635975,15.334617500795266,9.107393995413027,238,537,128000,5.171453704343925e-13,4.339854215537744e-05,0.999999999999986,4.384220163230619e-13,6.829424208686854e-45,2.9226613037751e-44,8.264033040039803e-23,0.999999999999986,4.384220166767223e-13,31.340908427560443,31,31.340908427560443
0.98,1,0.0,0,0.1,924,0.0003355012384313969,0.0006710024768627938,0.22637437532646476,0.09999999999999992,7.412688455006394,0.09005213537295687,0.3001147965993133,0.0,0,1.3737749587924961,22.485668382310642,16.805355696005744,929,137,128000,0.05033028850329991,0.15002948270688932,0.9969881144020785,0.010906443449455143,0.0,0.0,0.0,0.9969881144020785,0.010906443449455143,3.6211346994658546,137,12.342447380399843
0.98,1,0.0,0,0.25,812,0.0008393125036076141,0.0016786250072152282,0.22637437532646476,0.09999999999999992,7.412688455006394,0.07511375157746122,0.4108483816966384,0.0,0,1.3737749587924961,22.485668382310642,16.805355696005744,817,156,128000,0.028819094183263543,0.09141298216542937,0.9985177419044471,0.007287991940560995,0.0,0.0,0.0,0.9985177419044471,0.007287991940560995,4.916817093073405,156,14.349409674864384
0.98,1,0.0,0,0.5,727,0.001683262839209795,0.00336652567841959,0.22637437532646476,0.09999999999999992,7.412688455006394,0.050089987940192995,0.5963417455114255,0.0,0,1.3737749587924961,22.485668382310642,16.805355696005744,732,174,128000,0.0064268298038399705,0.04199772053290819,0.9997273429401041,0.0033356130418979034,0.0,0.0,0.0,0.9997273429401041,0.0033356130418979034,12.23373069148378,174,16.59350340127282
0.98,1,0.0,0,0.75,678,0.0025140749985266314,0.005028149997053263,0.22637437532646476,0.09999999999999992,7.412688455006394,0.02545578113360561,0.7789474459048557,0.0,0,1.3737749587924961,22.485668382310642,16.805355696005744,683,187,128000,2.0991536917020525e-10,0.016339857886068655,0.9999999999946564,4.2164393060274623e-10,0.0,0.0,0.0,0.9999999999946564,4.2164393060274623e-10,78.90612905385548,187,78.90612905385548
0.98,2,0.0,0,0.1,973,0.00022463051114961498,0.0006738915334488449,0.12060339040369294,0.09999999999999992,7.412688455006394,0.09000930402015431,0.19466130715097335,0.0,0,0.6868874793962481,22.485668382310642,16.805355696005744,979,130,128000,0.07493290440722913,0.23119464606889134,0.9954413646094669,0.016130828233537876,0.0,0.0,0.0,0.9954413646094669,0.016130828233537876,3.5385212572684726,130,10.863496495960145
0.98,2,0.0,0,0.25,861,0.000561950709049436,0.001685852127148308,0.12060339040369294,0.09999999999999992,7.412688455006394,0.07500660680047946,0.30587162762521364,0.0,0,0.6868874793962481,22.485668382310642,16.805355696005744,867,147,128000,0.037748898155978525,0.12261125260755698,0.9980403047218447,0.00970885145227198,0.0,0.0,0.0,0.9980403047218447,0.00970885145227198,4.954265880260239,147,13.83657879009332
0.98,2,0.0,0,0.5,777,0.0011178165318125768,0.0033534495954377305,0.12060339040369294,0.09999999999999992,7.412688455006394,0.05028384579890567,0.48913375267746195,0.0,0,0.6868874793962481,22.485668382310642,16.805355696005744,783,163,128000,0.007894646946668372,0.051400915929085036,0.999663997753192,0.004079067315284779,0.0,0.0,0.0,0.999663997753192,0.004079067315284779,12.140000116178049,163,16.556672176003694
0.98,2,0.0,0,0.75,727,0.001683262839209795,0.005049788517629385,0.12060339040369294,0.09999999999999992,7.412688455006394,0.02513498191028954,0.675554445681134,0.0,0,0.6868874793962481,22.485668382310642,16.805355696005744,733,174,128000,3.189127829833216e-10,0.01860322441142758,0.9999999999919841,6.543518375513145e-10,0.0,0.0,0.0,0.9999999999919841,6.543518375513145e-10,81.63152011094859,174,81.63152011094859
0.98,4,0.0,0,0.1,1036,0.00013411109088140837,0.0006705554544070419,0.06771804499779724,0.09999999999999992,7.412688455006394,0.09005876264935063,0.1414093403354336,0.0,0,0.34344373969812403,22.485668382310642,16.805355696005744,1044,122,128000,0.09976535499448831,0.3184328646033011,0.9938301855539645,0.021341948335377718,0.0,0.0,0.0,0.9938301855539645,0.021341948335377718,3.4590907914728857,122,9.731669466781105
0.98,4,0.0,0,0.25,924,0.0003355012384313969,0.0016775061921569844,0.06771804499779724,0.09999999999999992,7.412688455006394,0.0751303384323923,0.2520690981799185,0.0,0,0.34344373969812403,22.485668382310642,16.805355696005744,932,137,128000,0.04514951923328352,0.14902726866338556,0.9976355765101793,0.011736089626802653,0.0,0.0,0.0,0.9976355765101793,0.011736089626802653,4.963615730146839,137,13.52550609919074
0.98,4,0.0,0,0.5,839,0.0006728556347312919,0.0033642781736564595,0.06771804499779724,0.09999999999999992,7.412688455006394,0.050123308045413456,0.43743842362347063,0.0,0,0.34344373969812403,22.485668382310642,16.805355696005744,847,151,128000,0.008590051669240525,0.057291844221435906,0.9996339944709598,0.00447568202887769,0.0,0.0,0.0,0.9996339944709598,0.00447568202887769,12.228454691967421,151,16.559223937504807
0.98,4,0.0,0,0.75,790,0.0010049568346613444,0.005024784173306722,0.06771804499779724,0.09999999999999992,7.412688455006394,0.025505680739260753,0.6199212253454389,0.0,0,0.34344373969812403,22.485668382310642,16.805355696005744,798,160,128000,3.54093258246643e-10,0.020571711127528862,0.9999999999909686,7.089035625135374e-10,0.0,0.0,0.0,0.9999999999909686,7.089035625135374e-10,78.49284112645877,160,78.49284112645877
0.98,8,0.0,0,0.1,1108,7.43806677604072e-05,0.0006694260098436647,0.04127562130323015,0.09999999999999992,7.412688455006394,0.09007550709070167,0.11484279531377818,0.0,0,0.17172186984906201,22.485668382310642,16.805355696005744,1120,114,128000,0.11984918400621368,0.3921687331129198,0.9925036880430295,0.025585678773712407,0.0,0.0,0.0,0.9925036880430295,0.025585678773712407,3.413102192194824,114,9.092684452554623
0.98,8,0.0,0,0.25,996,0.0001860756256276051,0.0016746806306484458,0.04127562130323015,0.09999999999999992,7.412688455006394,0.07517222844673879,0.22531615685962503,0.0,0,0.17172186984906201,22.485668382310642,16.805355696005744,1008,126,128000,0.05009673005432138,0.16681499785559445,0.9973650611334715,0.01314196466598374,0.0,0.0,0.0,0.9973650611334715,0.01314196466598374,4.987578585949467,126,13.46294987819548
0.98,8,0.0,0,0.5,911,0.00037317899515081055,0.003358610956357295,0.04127562130323015,0.09999999999999992,7.412688455006394,0.050207326677904514,0.41037319598183164,0.0,0,0.17172186984906201,22.485668382310642,16.805355696005744,923,138,128000,0.009199010469482962,0.061172765630782666,0.9996075953080383,0.0047837500553096855,0.0,0.0,0.0,0.9996075953080383,0.0047837500553096855,12.19085845124653,138,16.56207102587491
0.98,8,0.0,0,0.75,861,0.000561950709049436,0.005057556381444924,0.04127562130323015,0.09999999999999992,7.412688455006394,0.02501982040143852,0.5970803329677922,0.0,0,0.17172186984906201,22.485668382310642,16.805355696005744,873,146,128000,2.287799849131759e-10,0.020951804154288448,0.9999999999942759,4.730280555402303e-10,0.0,0.0,0.0,0.9999999999942759,4.730280555402303e-10,82.63815410476634,146,82.63815410476634
0.98,16,0.0,0,0.1,1185,3.959837412532419e-05,0.0006731723601305112,0.028054777473362647,0.09999999999999992,7.412688455006394,0.09001996603566223,0.10203366002138035,0.0,0,0.08586093492453101,22.485668382310642,16.805355696005744,1205,106,128000,0.1332359122573404,0.441128770725264,0.9916286716526279,0.028572819004415446,0.0,0.0,0.0,0.9916286716526279,0.028572819004415446,3.413176239035586,106,8.906728318451414
0.98,16,0.0,0,0.25,1073,9.906192517403114e-05,0.0016840527279585295,0.028054777473362647,0.09999999999999992,7.412688455006394,0.07503328357167949,0.21312526810099197,0.0,0,0.08586093492453101,22.485668382310642,16.805355696005744,1093,117,128000,0.05262339758686797,0.17603094236607325,0.9972318760374624,0.013929738612536866,0.0,0.0,0.0,0.9972318760374624,0.013929738612536866,5.032194656400924,117,13.544415381523848
0.98,16,0.0,0,0.5,989,0.00019705108337502908,0.0033498684173754946,0.028054777473362647,0.09999999999999992,7.412688455006394,0.05033693811346018,0.3961915829599838,0.0,0,0.08586093492453101,22.485668382310642,16.805355696005744,1009,126,128000,0.009645447900947452,0.06352600645549791,0.9995881967884926,0.004995004006957935,0.0,0.0,0.0,0.9995881967884926,0.004995004006957935,12.129589734558724,126,16.568882603898572
0.98,16,0.0,0,0.75,939,0.00029672888553575124,0.005044391054107771,0.028054777473362647,0.09999999999999992,7.412688455006394,0.025215001341355514,0.5824126736379647,0.0,0,0.08586093492453101,22.485668382310642,16.805355696005744,959,133,128000,3.0367457459815515e-10,0.02164702322139824,0.9999999999923428,6.197813800212253e-10,0.0,0.0,0.0,0.9999999999923428,6.197813800212253e-10,80.94090741234629,133,80.94090741234629
0.98,32,0.0,0,0.1,1266,2.0401972509792026e-05,0.0006732650928231369,0.021444795539708055,0.09999999999999992,7.412688455006394,0.09001859123854217,0.09543386903046559,0.0,0,0.042930467462265504,22.485668382310642,16.805355696005744,1302,98,128000,0.14223107951442632,0.47162811354638245,0.9910577518512226,0.030730646958698392,0.0,0.0,0.0,0.9910577518512226,0.030730646958698392,3.436568349190787,98,8.980149041189279
0.98,32,0.0,0,0.25,1154,5.103893054218262e-05,0.0016842847078920263,0.021444795539708055,0.09999999999999992,7.412688455006394,0.07502984438172984,0.20654077981097171,0.0,0,0.042930467462265504,22.485668382310642,16.805355696005744,1190,107,128000,0.054312924404169356,0.1816344560391357,0.9971434564480366,0.014454694904719661,0.0,0.0,0.0,0.9971434564480366,0.014454694904719661,5.060204629047021,107,13.7084195797694
0.98,32,0.0,0,0.5,1070,0.00010152514608664753,0.0033503298208593683,0.021444795539708055,0.09999999999999992,7.412688455006394,0.050330097632904164,0.38963230737757354,0.0,0,0.042930467462265504,22.485668382310642,16.805355696005744,1106,115,128000,0.009793314929756212,0.06458665860083684,0.9995818400068638,0.00507530934809368,0.0,0.0,0.0,0.9995818400068638,0.00507530934809368,12.13724275732046,115,16.5861408772998
0.98,32,0.0,0,0.75,1020,0.00015288138620354533,0.005045085744716996,0.021444795539708055,0.09999999999999992,7.412688455006394,0.025204702291237904,0.5758790353542145,0.0,0,0.042930467462265504,22.485668382310642,16.805355696005744,1056,121,128000,7.028185609587018e-10,0.021883677598832953,0.9999999999822856,1.435391432024997e-09,0.0,0.0,0.0,0.9999999999822856,1.435391432024997e-09,81.02970497563352,121,81.02970497563352
0.98,1,0.9,0,0.1,924,0.0003355012384313969,0.0006710024768627938,0.22637437532646476,0.09999999999999992,7.412688455006394,0.09005213537295687,0.3001147965993133,0.0,0,1.3737749587924961,22.485668382310642,16.805355696005744,929,137,128000,0.05033028850329991,0.15002948270688932,0.9969881144020785,0.010906443449455143,0.0,0.0,0.0,0.9969881144020785,0.010906443449455143,3.6211346994658546,137,12.342447380399843
0.98,1,0.9,0,0.25,812,0.0008393125036076141,0.0016786250072152282,0.22637437532646476,0.09999999999999992,7.412688455006394,0.07511375157746122,0.4108483816966384,0.0,0,1.3737749587924961,22.485668382310642,16.805355696005744,817,156,128000,0.028819094183263543,0.09141298216542937,0.9985177419044471,0.007287991940560995,0.0,0.0,0.0,0.9985177419044471,0.007287991940560995,4.916817093073405,156,14.349409674864384
0.98,1,0.9,0,0.5,727,0.001683262839209795,0.00336652567841959,0.22637437532646476,0.09999999999999992,7.412688455006394,0.050089987940192995,0.5963417455114255,0.0,0,1.3737749587924961,22.485668382310642,16.805355696005744,732,174,128000,0.0064268298038399705,0.04199772053290819,0.9997273429401041,0.0033356130418979034,0.0,0.0,0.0,0.9997273429401041,0.0033356130418979034,12.23373069148378,174,16.59350340127282
0.98,1,0.9,0,0.75,678,0.0025140749985266314,0.005028149997053263,0.22637437532646476,0.09999999999999992,7.412688455006394,0.02545578113360561,0.7789474459048557,0.0,0,1.3737749587924961,22.485668382310642,16.805355696005744,683,187,128000,2.0991536917020525e-10,0.016339857886068655,0.9999999999946564,4.2164393060274623e-10,0.0,0.0,0.0,0.9999999999946564,4.2164393060274623e-10,78.90612905385548,187,78.90612905385548
0.98,2,0.9,0,0.1,973,0.00022463051114961498,0.0006738915334488449,0.2157972718367169,0.09999999999999992,7.412688455006394,0.09000930402015431,0.2898551885839973,0.0,0,1.3050862108528714,22.485668382310642,16.805355696005744,979,130,128000,0.052100794073719085,0.1552659872329149,0.9968840633984564,0.01131648467562985,0.0,0.0,0.0,0.9968840633984564,0.01131648467562985,3.6318083846839717,130,12.41207405846267
0.98,2,0.9,0,0.25,861,0.000561950709049436,0.001685852127148308,0.2157972718367169,0.09999999999999992,7.412688455006394,0.07500660680047946,0.40106550905823757,0.0,0,1.3050862108528714,22.485668382310642,16.805355696005744,867,147,128000,0.029457182232805405,0.09350917132790323,0.9984865463218332,0.007480793664996674,0.0,0.0,0.0,0.9984865463218332,0.007480793664996674,4.9428626544143315,147,14.437577974795865
0.98,2,0.9,0,0.5,777,0.0011178165318125768,0.0033534495954377305,0.2157972718367169,0.09999999999999992,7.412688455006394,0.05028384579890567,0.5843276341104859,0.0,0,1.3050862108528714,22.485668382310642,16.805355696005744,783,163,128000,0.006700228027676997,0.04302709889414211,0.9997155512729989,0.0034521609795804373,0.0,0.0,0.0,0.9997155512729989,0.0034521609795804373,12.136320721054007,163,16.593787727152712
0.98,2,0.9,0,0.75,727,0.001683262839209795,0.005049788517629385,0.2157972718367169,0.09999999999999992,7.412688455006394,0.02513498191028954,0.770748327114158,0.0,0,1.3050862108528714,22.485668382310642,16.805355696005744,733,174,128000,2.857849805325674e-10,0.01630557020110173,0.9999999999928167,5.863795279822721e-10,0.0,0.0,0.0,0.9999999999928167,5.863795279822721e-10,81.63146237982868,174,81.63146237982868
0.98,4,0.9,0,0.1,1036,0.00013411109088140837,0.0006705554544070419,0.21050872032229412,0.09999999999999992,7.412688455006394,0.09005876264935063,0.28420001565993047,0.0,0,1.270741836883059,22.485668382310642,16.805355696005744,1044,122,128000,0.05328112446816788,0.1584425715815468,0.9968151863296023,0.011602902231816866,0.0,0.0,0.0,0.9968151863296023,0.011602902231816866,3.643196567404837,122,12.562150521720602
0.98,4,0.9,0,0.25,924,0.0003355012384313969,0.0016775061921569844,0.21050872032229412,0.09999999999999992,7.412688455006394,0.0751303384323923,0.3948597735044154,0.0,0,1.270741836883059,22.485668382310642,16.805355696005744,932,137,128000,0.030030457514887858,0.09513546766945027,0.9984559930622178,0.007626363655673206,0.0,0.0,0.0,0.9984559930622178,0.007626363655673206,4.9393325049611,137,14.541479342657283
0.98,4,0.9,0,0.5,839,0.0006728556347312919,0.0033642781736564595,0.21050872032229412,0.09999999999999992,7.412688455006394,0.050123308045413456,0.5802290989479675,0.0,0,1.270741836883059,22.485668382310642,16.805355696005744,847,151,128000,0.0066266060414533695,0.04319268728187926,0.9997188105172815,0.0034366414905801805,0.0,0.0,0.0,0.9997188105172815,0.0034366414905801805,12.221799540136866,151,16.614787250679953
0.98,4,0.9,0,0.75,790,0.0010049568346613444,0.005024784173306722,0.21050872032229412,0.09999999999999992,7.412688455006394,0.025505680739260753,0.7627119006699359,0.0,0,1.270741836883059,22.485668382310642,16.805355696005744,798,160,128000,1.8735304484662908e-10,0.016720389911874606,0.9999999999952214,3.750854831301641e-10,0.0,0.0,0.0,0.9999999999952214,3.750854831301641e-10,78.4923954303745,160,78.4923954303745
0.98,8,0.9,0,0.1,1108,7.43806677604072e-05,0.0006694260098436647,0.20786444462806375,0.09999999999999992,7.412688455006394,0.09007550709070167,0.28143161863861177,0.0,0,1.2535696498981528,22.485668382310642,16.805355696005744,1120,114,128000,0.05396450432837913,0.16003089405239834,0.9967782720622658,0.011786854365853146,0.0,0.0,0.0,0.9967782720622658,0.011786854365853146,3.6585505026046907,114,12.758864208206104
0.98,8,0.9,0,0.25,996,0.0001860756256276051,0.0016746806306484458,0.20786444462806375,0.09999999999999992,7.412688455006394,0.07517222844673879,0.39190498018445863,0.0,0,1.2535696498981528,22.485668382310642,16.805355696005744,1008,126,128000,0.030340074371481673,0.09590619186742266,0.998440781831441,0.007714848800181263,0.0,0.0,0.0,0.998440781831441,0.007714848800181263,4.947895654211952,126,14.688882165965584
0.98,8,0.9,0,0.5,911,0.00037317899515081055,0.003358610956357295,0.20786444462806375,0.09999999999999992,7.412688455006394,0.050207326677904514,0.5769620193066652,0.0,0,1.2535696498981528,22.485668382310642,16.805355696005744,923,138,128000,0.006731020403239214,0.04351007951809116,0.9997143338757458,0.003479810616807608,0.0,0.0,0.0,0.9997143338757458,0.003479810616807608,12.18139051626345,138,16.626591323982527
0.98,8,0.9,0,0.75,861,0.000561950709049436,0.005057556381444924,0.20786444462806375,0.09999999999999992,7.412688455006394,0.02501982040143852,0.7636691562926258,0.0,0,1.2535696498981528,22.485668382310642,16.805355696005744,873,146,128000,1.8029718898928417e-10,0.01638132180360475,0.9999999999954889,3.727844844219496e-10,0.0,0.0,0.0,0.9999999999954889,3.727844844219496e-10,82.63792405651677,146,82.63792405651677
0.98,16,0.9,0,0.1,1185,3.959837412532419e-05,0.0006731723601305112,0.2065423067974324,0.09999999999999992,7.412688455006394,0.09001996603566223,0.2805211893454501,0.0,0,1.2449835564056997,22.485668382310642,16.805355696005744,1205,106,128000,0.05426546091346254,0.16045127686380561,0.9967671491251097,0.01189385778762983,0.0,0.0,0.0,0.9967671491251097,0.01189385778762983,3.6790616851553013,106,12.991771233045288
0.98,16,0.9,0,0.25,1073,9.906192517403114e-05,0.0016840527279585295,0.2065423067974324,0.09999999999999992,7.412688455006394,0.07503328357167949,0.3916127974250617,0.0,0,1.2449835564056997,22.485668382310642,16.805355696005744,1093,117,128000,0.030328313124456593,0.09580034675199406,0.9984447831344803,0.007741364813142154,0.0,0.0,0.0,0.9984447831344803,0.007741364813142154,4.977675451426557,117,14.836239793838992
0.98,16,0.9,0,0.5,989,0.00019705108337502908,0.0033498684173754946,0.2065423067974324,0.09999999999999992,7.412688455006394,0.05033693811346018,0.5746791122840536,0.0,0,1.2449835564056997,22.485668382310642,16.805355696005744,1009,126,128000,0.006860334952400396,0.043795691401933914,0.9997087653644269,0.00352908148393227,0.0,0.0,0.0,0.9997087653644269,0.00352908148393227,12.117657218164862,126,16.636431695328607
0.98,16,0.9,0,0.75,939,0.00029672888553575124,0.005044391054107771,0.2065423067974324,0.09999999999999992,7.412688455006394,0.025215001341355514,0.7609002029620344,0.0,0,1.2449835564056997,22.485668382310642,16.805355696005744,959,133,128000,2.2364511991149237e-10,0.016569190836850538,0.9999999999943607,4.564461190602029e-10,0.0,0.0,0.0,0.9999999999943607,4.564461190602029e-10,80.9406847940402,133,80.9406847940402
0.98,32,0.9,0,0.1,1266,2.0401972509792026e-05,0.0006732650928231369,0.2058812378863346,0.09999999999999992,7.412688455006394,0.09001859123854217,0.2798703113770922,0.0,0,1.2406905096594731,22.485668382310642,16.805355696005744,1302,98,128000,0.05456462596119015,0.1608219728552276,0.9967546841035745,0.011997454768311521,0.0,0.0,0.0,0.9967546841035745,0.011997454768311521,3.6968526797424754,98,13.229314009303925
0.98,32,0.9,0,0.25,1154,5.103893054218262e-05,0.0016842847078920263,0.2058812378863346,0.09999999999999992,7.412688455006394,0.07502984438172984,0.3909772221575983,0.0,0,1.2406905096594731,22.485668382310642,16.805355696005744,1190,107,128000,0.030437327903429217,0.09595168225872441,0.998440718806997,0.007781982076497688,0.0,0.0,0.0,0.998440718806997,0.007781982076497688,4.990749655301501,107,14.988531625539647
0.98,32,0.9,0,0.5,1070,0.00010152514608664753,0.0033503298208593683,0.2058812378863346,0.09999999999999992,7.412688455006394,0.050330097632904164,0.5740687497242001,0.0,0,1.2406905096594731,22.485668382310642,16.805355696005744,1106,115,128000,0.006866367649107512,0.0438362980540937,0.9997085462899113,0.00353348150666013,0.0,0.0,0.0,0.9997085462899113,0.00353348150666013,12.123645657436816,115,16.651016459410997
0.98,32,0.9,0,0.75,1020,0.00015288138620354533,0.005045085744716996,0.2058812378863346,0.09999999999999992,7.412688455006394,0.025204702291237904,0.7603154777008411,0.0,0,1.2406905096594731,22.485668382310642,16.805355696005744,1056,121,128000,1.750103614240792e-10,0.016575160594819213,0.9999999999955889,3.5742990672392155e-10,0.0,0.0,0.0,0.9999999999955889,3.5742990672392155e-10,81.02895372661453,121,81.02895372661453
0.98,1,0.0,8,0.1,924,0.0003355012384313969,0.0006710024768627938,0.22637437532646476,0.09999999999999992,7.412688455006394,0.09005213537295687,0.3001147965993133,0.0,0,1.3737749587924961,22.485668382310642,16.805355696005744,929,137,128000,0.05033028850329991,0.15002948270688932,0.9969881144020785,0.010906443449455143,0.0,0.0,0.0,0.9969881144020785,0.010906443449455143,3.6211346994658546,137,12.342447380399843
0.98,1,0.0,8,0.25,812,0.0008393125036076141,0.0016786250072152282,0.22637437532646476,0.09999999999999992,7.412688455006394,0.07511375157746122,0.4108483816966384,0.0,0,1.3737749587924961,22.485668382310642,16.805355696005744,817,156,128000,0.028819094183263543,0.09141298216542937,0.9985177419044471,0.007287991940560995,0.0,0.0,0.0,0.9985177419044471,0.007287991940560995,4.916817093073405,156,14.349409674864384
0.98,1,0.0,8,0.5,727,0.001683262839209795,0.00336652567841959,0.22637437532646476,0.09999999999999992,7.412688455006394,0.050089987940192995,0.5963417455114255,0.0,0,1.3737749587924961,22.485668382310642,16.805355696005744,732,174,128000,0.0064268298038399705,0.04199772053290819,0.9997273429401041,0.0033356130418979034,0.0,0.0,0.0,0.9997273429401041,0.0033356130418979034,12.23373069148378,174,16.59350340127282
0.98,1,0.0,8,0.75,678,0.0025140749985266314,0.005028149997053263,0.22637437532646476,0.09999999999999992,7.412688455006394,0.02545578113360561,0.7789474459048557,0.0,0,1.3737749587924961,22.485668382310642,16.805355696005744,683,187,128000,2.0991536917020525e-10,0.016339857886068655,0.9999999999946564,4.2164393060274623e-10,0.0,0.0,0.0,0.9999999999946564,4.2164393060274623e-10,78.90612905385548,187,78.90612905385548
0.98,2,0.0,8,0.1,973,0.00022463051114961498,0.0006738915334488449,0.12060339040369294,0.09999999999999992,7.412688455006394,0.09000930402015431,0.19466130715097335,0.0,0,0.6868874793962481,22.485668382310642,16.805355696005744,979,130,128000,0.07493290440722913,0.23119464606889134,0.9954413646094669,0.016130828233537876,0.0,0.0,0.0,0.9954413646094669,0.016130828233537876,3.5385212572684726,130,10.863496495960145
0.98,2,0.0,8,0.25,861,0.000561950709049436,0.001685852127148308,0.12060339040369294,0.09999999999999992,7.412688455006394,0.07500660680047946,0.30587162762521364,0.0,0,0.6868874793962481,22.485668382310642,16.805355696005744,867,147,128000,0.037748898155978525,0.12261125260755698,0.9980403047218447,0.00970885145227198,0.0,0.0,0.0,0.9980403047218447,0.00970885145227198,4.954265880260239,147,13.83657879009332
0.98,2,0.0,8,0.5,777,0.0011178165318125768,0.0033534495954377305,0.12060339040369294,0.09999999999999992,7.412688455006394,0.05028384579890567,0.48913375267746195,0.0,0,0.6868874793962481,22.485668382310642,16.805355696005744,783,163,128000,0.007894646946668372,0.051400915929085036,0.999663997753192,0.004079067315284779,0.0,0.0,0.0,0.999663997753192,0.004079067315284779,12.140000116178049,163,16.556672176003694
0.98,2,0.0,8,0.75,727,0.001683262839209795,0.005049788517629385,0.12060339040369294,0.09999999999999992,7.412688455006394,0.02513498191028954,0.675554445681134,0.0,0,0.6868874793962481,22.485668382310642,16.805355696005744,733,174,128000,3.189127829833216e-10,0.01860322441142758,0.9999999999919841,6.543518375513145e-10,0.0,0.0,0.0,0.9999999999919841,6.543518375513145e-10,81.63152011094859,174,81.63152011094859
0.98,4,0.0,8,0.1,1036,0.00013411109088140837,0.0006705554544070419,0.06771804499779724,0.09999999999999992,7.412688455006394,0.09005876264935063,0.1414093403354336,0.0,0,0.34344373969812403,22.485668382310642,16.805355696005744,1044,122,128000,0.09976535499448831,0.3184328646033011,0.9938301855539645,0.021341948335377718,0.0,0.0,0.0,0.9938301855539645,0.021341948335377718,3.4590907914728857,122,9.731669466781105
0.98,4,0.0,8,0.25,924,0.0003355012384313969,0.0016775061921569844,0.06771804499779724,0.09999999999999992,7.412688455006394,0.0751303384323923,0.2520690981799185,0.0,0,0.34344373969812403,22.485668382310642,16.805355696005744,932,137,128000,0.04514951923328352,0.14902726866338556,0.9976355765101793,0.011736089626802653,0.0,0.0,0.0,0.9976355765101793,0.011736089626802653,4.963615730146839,137,13.52550609919074
0.98,4,0.0,8,0.5,839,0.0006728556347312919,0.0033642781736564595,0.06771804499779724,0.09999999999999992,7.412688455006394,0.050123308045413456,0.43743842362347063,0.0,0,0.34344373969812403,22.485668382310642,16.805355696005744,847,151,128000,0.008590051669240525,0.057291844221435906,0.9996339944709598,0.00447568202887769,0.0,0.0,0.0,0.9996339944709598,0.00447568202887769,12.228454691967421,151,16.559223937504807
0.98,4,0.0,8,0.75,790,0.0010049568346613444,0.005024784173306722,0.06771804499779724,0.09999999999999992,7.412688455006394,0.025505680739260753,0.6199212253454389,0.0,0,0.34344373969812403,22.485668382310642,16.805355696005744,798,160,128000,3.54093258246643e-10,0.020571711127528862,0.9999999999909686,7.089035625135374e-10,0.0,0.0,0.0,0.9999999999909686,7.089035625135374e-10,78.49284112645877,160,78.49284112645877
0.98,8,0.0,8,0.1,1108,7.43806677604072e-05,0.0006694260098436647,0.04127562130323015,0.09999999999999992,7.412688455006394,0.09007550709070167,0.11484279531377818,0.5,1,0.17172186984906201,22.485668382310642,16.805355696005744,1120,114,128000,0.00045045138110087117,0.0011557653983968342,0.9999594719681147,4.876687011611171e-06,6.215337072853808e-11,5.719061857045974e-10,7.883900670633866e-06,0.9999752391925714,7.741831603051116e-05,3.126647475193999,38,16.79249114719672
0.98,8,0.0,8,0.25,996,0.0001860756256276051,0.0016746806306484458,0.04127562130323015,0.09999999999999992,7.412688455006394,0.07517222844673879,0.22531615685962503,0.5,1,0.17172186984906201,22.485668382310642,16.805355696005744,1008,126,128000,0.000354616032197426,0.0009618059875278293,0.9999733993907705,2.722604661064993e-05,2.3872970416604904e-11,2.1966788433777263e-10,4.886062368518733e-06,0.9999831712794359,7.218445914504551e-05,4.289361087801983,42,16.796512363838595
0.98,8,0.0,8,0.5,911,0.00037317899515081055,0.003358610956357295,0.04127562130323015,0.09999999999999992,7.412688455006394,0.050207326677904514,0.41037319598183164,0.5,1,0.17172186984906201,22.485668382310642,16.805355696005744,923,138,128000,0.00011557781612126612,0.0006393535665053217,0.9999942081105496,5.261213916010793e-05,2.693834629407893e-13,2.478740363981967e-12,5.19023143211421e-07,0.999995246151093,5.73879489787044e-05,12.071891661213439,46,16.804320706763885
0.98,8,0.0,8,0.75,861,0.000561950709049436,0.005057556381444924,0.04127562130323015,0.09999999999999992,7.412688455006394,0.02501982040143852,0.5970803329677922,0.5,1,0.17172186984906201,22.485668382310642,16.805355696005744,873,146,128000,3.667490640656167e-12,0.0003170993684398051,0.9999999999999082,7.582944658043968e-12,2.7311720038569e-43,2.5130964659198964e-42,5.226061618328999e-22,0.9999999999999082,7.582944662852745e-12,82.58898853203075,48,82.58898853203075
0.98,16,0.0,8,0.1,1185,3.959837412532419e-05,0.0006731723601305112,0.028054777473362647,0.09999999999999992,7.412688455006394,0.09001996603566223,0.10203366002138035,1.3693063937629153,3,0.08586093492453101,22.485668382310642,16.805355696005744,1205,106,128000,0.00016474604884928932,0.0004226000985697967,0.9999851751049224,1.7188715788177584e-06,8.340542293036593e-12,7.674576090735268e-11,2.8880211118574025e-06,0.9999909510698574,2.829277596343828e-05,3.126643207257712,15,16.803499147900723
0.98,16,0.0,8,0.25,1073,9.906192517403114e-05,0.0016840527279585295,0.028054777473362647,0.09999999999999992,7.412688455006394,0.07503328357167949,0.21312526810099197,1.3693063937629153,3,0.08586093492453101,22.485668382310642,16.805355696005744,1093,117,128000,0.0001297040379510592,0.0003518768430565768,0.9999902750510113,9.974953135360746e-06,3.204411234216302e-12,2.9485490246277945e-11,1.790095639136399e-06,0.9999938552106767,2.64464613317122e-05,4.303884143205304,16,16.80412665010568
0.98,16,0.0,8,0.5,989,0.00019705108337502908,0.0033498684173754946,0.028054777473362647,0.09999999999999992,7.412688455006394,0.05033693811346018,0.3961915829599838,1.3693063937629153,3,0.08586093492453101,22.485668382310642,16.805355696005744,1009,126,128000,4.3170042174093084e-05,0.00023565513361400862,0.9999978284289855,1.9476527976577556e-05,3.932458519704463e-14,3.618464012625283e-13,1.9830448959456123e-07,0.9999982250371426,2.130123320471509e-05,12.000945888189172,18,16.80520220064028
0.98,16,0.0,8,0.75,939,0.00029672888553575124,0.005044391054107771,0.028054777473362647,0.09999999999999992,7.412688455006394,0.025215001341355514,0.5824126736379647,1.3693063937629153,3,0.08586093492453101,22.485668382310642,16.805355696005744,959,133,128000,1.358333616889777e-12,0.00011783968383865251,0.9999999999999657,2.7722764851999075e-12,3.8544290392728e-44,3.546664942030881e-43,1.9632699863424115e-22,0.9999999999999657,2.7722764870064167e-12,80.81050714466075,19,80.81050714466075
0.98,32,0.0,8,0.1,1266,2.0401972509792026e-05,0.0006732650928231369,0.021444795539708055,0.09999999999999992,7.412688455006394,0.09001859123854217,0.09543386903046559,3.9764934301467165,8,0.042930467462265504,22.485668382310642,16.805355696005744,1302,98,128000,5.6771459946438414e-05,0.00014561387818065266,0.9999948901283195,5.828167256501615e-07,9.918677647739278e-13,9.126702275774455e-12,9.959281264814385e-07,0.9999968819753862,9.746843426691553e-06,3.1259674421565937,5,16.80514243398927
0.98,32,0.0,8,0.25,1154,5.103893054218262e-05,0.0016842847078920263,0.021444795539708055,0.09999999999999992,7.412688455006394,0.07502984438172984,0.20654077981097171,3.9764934301467165,8,0.042930467462265504,22.485668382310642,16.805355696005744,1190,107,128000,4.473011962070717e-05,0.0001213243818708818,0.9999966447325724,3.427321925257325e-06,3.822379149680165e-13,3.5171741358295015e-12,6.182549615512562e-07,0.9999978812387288,9.116200849207624e-06,4.302608780464204,6,16.80519675483195
0.98,32,0.0,8,0.5,1070,0.00010152514608664753,0.0033503298208593683,0.021444795539708055,0.09999999999999992,7.412688455006394,0.050330097632904164,0.38963230737757354,3.9764934301467165,8,0.042930467462265504,22.485668382310642,16.805355696005744,1106,115,128000,1.4897780116135558e-05,8.133625863556972e-05,0.9999992503662253,6.721077808926597e-06,4.7034850188707475e-15,4.327926458582203e-14,6.858198411218955e-08,0.9999993875300953,7.352137113010219e-06,12.004078987083473,6,16.80533805220783
0.98,32,0.0,8,0.75,1020,0.00015288138620354533,0.005045085744716996,0.021444795539708055,0.09999999999999992,7.412688455006394,0.025204702291237904,0.5758790353542145,3.9764934301467165,8,0.042930467462265504,22.485668382310642,16.805355696005744,1056,121,128000,1.9315163537311635e-12,4.070767559383518e-05,0.9999999999999513,3.944804774919847e-12,1.3290064335949015e-42,1.2228894286905363e-41,1.1528254133193657e-21,0.9999999999999513,3.944804785527606e-12,80.93768274328691,7,80.93768274328691
0.98,1,0.9,8,0.1,924,0.0003355012384313969,0.0006710024768627938,0.22637437532646476,0.09999999999999992,7.412688455006394,0.09005213537295687,0.3001147965993133,0.0,0,1.3737749587924961,22.485668382310642,16.805355696005744,929,137,128000,0.05033028850329991,0.15002948270688932,0.9969881144020785,0.010906443449455143,0.0,0.0,0.0,0.9969881144020785,0.010906443449455143,3.6211346994658546,137,12.342447380399843
0.98,1,0.9,8,0.25,812,0.0008393125036076141,0.0016786250072152282,0.22637437532646476,0.09999999999999992,7.412688455006394,0.07511375157746122,0.4108483816966384,0.0,0,1.3737749587924961,22.485668382310642,16.805355696005744,817,156,128000,0.028819094183263543,0.09141298216542937,0.9985177419044471,0.007287991940560995,0.0,0.0,0.0,0.9985177419044471,0.007287991940560995,4.916817093073405,156,14.349409674864384
0.98,1,0.9,8,0.5,727,0.001683262839209795,0.00336652567841959,0.22637437532646476,0.09999999999999992,7.412688455006394,0.050089987940192995,0.5963417455114255,0.0,0,1.3737749587924961,22.485668382310642,16.805355696005744,732,174,128000,0.0064268298038399705,0.04199772053290819,0.9997273429401041,0.0033356130418979034,0.0,0.0,0.0,0.9997273429401041,0.0033356130418979034,12.23373069148378,174,16.59350340127282
0.98,1,0.9,8,0.75,678,0.0025140749985266314,0.005028149997053263,0.22637437532646476,0.09999999999999992,7.412688455006394,0.02545578113360561,0.7789474459048557,0.0,0,1.3737749587924961,22.485668382310642,16.805355696005744,683,187,128000,2.0991536917020525e-10,0.016339857886068655,0.9999999999946564,4.2164393060274623e-10,0.0,0.0,0.0,0.9999999999946564,4.2164393060274623e-10,78.90612905385548,187,78.90612905385548
0.98,2,0.9,8,0.1,973,0.00022463051114961498,0.0006738915334488449,0.2157972718367169,0.09999999999999992,7.412688455006394,0.09000930402015431,0.2898551885839973,0.0,0,1.3050862108528714,22.485668382310642,16.805355696005744,979,130,128000,0.052100794073719085,0.1552659872329149,0.9968840633984564,0.01131648467562985,0.0,0.0,0.0,0.9968840633984564,0.01131648467562985,3.6318083846839717,130,12.41207405846267
0.98,2,0.9,8,0.25,861,0.000561950709049436,0.001685852127148308,0.2157972718367169,0.09999999999999992,7.412688455006394,0.07500660680047946,0.40106550905823757,0.0,0,1.3050862108528714,22.485668382310642,16.805355696005744,867,147,128000,0.029457182232805405,0.09350917132790323,0.9984865463218332,0.007480793664996674,0.0,0.0,0.0,0.9984865463218332,0.007480793664996674,4.9428626544143315,147,14.437577974795865
0.98,2,0.9,8,0.5,777,0.0011178165318125768,0.0033534495954377305,0.2157972718367169,0.09999999999999992,7.412688455006394,0.05028384579890567,0.5843276341104859,0.0,0,1.3050862108528714,22.485668382310642,16.805355696005744,783,163,128000,0.006700228027676997,0.04302709889414211,0.9997155512729989,0.0034521609795804373,0.0,0.0,0.0,0.9997155512729989,0.0034521609795804373,12.136320721054007,163,16.593787727152712
0.98,2,0.9,8,0.75,727,0.001683262839209795,0.005049788517629385,0.2157972718367169,0.09999999999999992,7.412688455006394,0.02513498191028954,0.770748327114158,0.0,0,1.3050862108528714,22.485668382310642,16.805355696005744,733,174,128000,2.857849805325674e-10,0.01630557020110173,0.9999999999928167,5.863795279822721e-10,0.0,0.0,0.0,0.9999999999928167,5.863795279822721e-10,81.63146237982868,174,81.63146237982868
0.98,4,0.9,8,0.1,1036,0.00013411109088140837,0.0006705554544070419,0.21050872032229412,0.09999999999999992,7.412688455006394,0.09005876264935063,0.28420001565993047,0.0,0,1.270741836883059,22.485668382310642,16.805355696005744,1044,122,128000,0.05328112446816788,0.1584425715815468,0.9968151863296023,0.011602902231816866,0.0,0.0,0.0,0.9968151863296023,0.011602902231816866,3.643196567404837,122,12.562150521720602
0.98,4,0.9,8,0.25,924,0.0003355012384313969,0.0016775061921569844,0.21050872032229412,0.09999999999999992,7.412688455006394,0.0751303384323923,0.3948597735044154,0.0,0,1.270741836883059,22.485668382310642,16.805355696005744,932,137,128000,0.030030457514887858,0.09513546766945027,0.9984559930622178,0.007626363655673206,0.0,0.0,0.0,0.9984559930622178,0.007626363655673206,4.9393325049611,137,14.541479342657283
0.98,4,0.9,8,0.5,839,0.0006728556347312919,0.0033642781736564595,0.21050872032229412,0.09999999999999992,7.412688455006394,0.050123308045413456,0.5802290989479675,0.0,0,1.270741836883059,22.485668382310642,16.805355696005744,847,151,128000,0.0066266060414533695,0.04319268728187926,0.9997188105172815,0.0034366414905801805,0.0,0.0,0.0,0.9997188105172815,0.0034366414905801805,12.221799540136866,151,16.614787250679953
0.98,4,0.9,8,0.75,790,0.0010049568346613444,0.005024784173306722,0.21050872032229412,0.09999999999999992,7.412688455006394,0.025505680739260753,0.7627119006699359,0.0,0,1.270741836883059,22.485668382310642,16.805355696005744,798,160,128000,1.8735304484662908e-10,0.016720389911874606,0.9999999999952214,3.750854831301641e-10,0.0,0.0,0.0,0.9999999999952214,3.750854831301641e-10,78.4923954303745,160,78.4923954303745
0.98,8,0.9,8,0.1,1108,7.43806677604072e-05,0.0006694260098436647,0.20786444462806375,0.09999999999999992,7.412688455006394,0.09007550709070167,0.28143161863861177,0.5,1,1.2535696498981528,22.485668382310642,16.805355696005744,1120,114,128000,0.00044836614602466264,0.0011508452512612424,0.9999597263456699,5.287497379273474e-06,6.10104530334632e-11,5.613895927684007e-10,7.811076126009791e-06,0.999975347929771,7.715906684989798e-05,3.129922401376824,38,16.792550682642535
0.98,8,0.9,8,0.25,996,0.0001860756256276051,0.0016746806306484458,0.20786444462806375,0.09999999999999992,7.412688455006394,0.07517222844673879,0.39190498018445863,0.5,1,1.2535696498981528,22.485668382310642,16.805355696005744,1008,126,128000,0.00035297952708471003,0.0009577231573336985,0.9999735634007996,2.736783189943597e-05,2.3435329433361077e-11,2.156409171354924e-10,4.841068993533523e-06,0.999983245306259,7.191225023910602e-05,4.292065933935725,42,16.796553153607253
0.98,8,0.9,8,0.5,911,0.00037317899515081055,0.003358610956357295,0.20786444462806375,0.09999999999999992,7.412688455006394,0.050207326677904514,0.5769620193066652,0.5,1,1.2535696498981528,22.485668382310642,16.805355696005744,923,138,128000,0.00011504838822575986,0.0006366523525691713,0.9999942390014791,5.239934277281357e-05,2.6448140925779855e-13,2.4336339636194975e-12,5.142790419058354e-07,0.9999952675539018,5.7131499589664565e-05,12.072298004860246,46,16.804325454451426
0.98,8,0.9,8,0.75,861,0.000561950709049436,0.005057556381444924,0.20786444462806375,0.09999999999999992,7.412688455006394,0.02501982040143852,0.7636691562926258,0.5,1,1.2535696498981528,22.485668382310642,16.805355696005744,873,146,128000,3.3879351320465697e-12,0.0003157659880713416,0.9999999999999152,7.00493256250273e-12,1.98890180007031e-43,1.830094215142776e-42,4.459710528801706e-22,0.9999999999999152,7.004932566606346e-12,82.5848473736225,48,82.5848473736225
0.98,16,0.9,8,0.1,1185,3.959837412532419e-05,0.0006731723601305112,0.2065423067974324,0.09999999999999992,7.412688455006394,0.09001996603566223,0.2805211893454501,1.3693063937629153,3,1.2449835564056997,22.485668382310642,16.805355696005744,1205,106,128000,0.00016444575576644906,0.0004218930663007392,0.9999852117705873,1.7783537025129252e-06,8.27989701424197e-12,7.618773147677024e-11,2.8775022955801968e-06,0.999990966698352,2.82554708707492e-05,3.1279228760069673,15,16.80350252754367
0.98,16,0.9,8,0.25,1073,9.906192517403114e-05,0.0016840527279585295,0.2065423067974324,0.09999999999999992,7.412688455006394,0.07503328357167949,0.3916127974250617,1.3693063937629153,3,1.2449835564056997,22.485668382310642,16.805355696005744,1093,117,128000,0.00012946764124122456,0.000351288752037443,0.999990298746087,9.995521560656067e-06,3.1811137685889085e-12,2.927111788726719e-11,1.7835763593635947e-06,0.9999938658673809,2.6407043129704662e-05,4.304935150504421,16,16.804128884648676
0.98,16,0.9,8,0.5,989,0.00019705108337502908,0.0033498684173754946,0.2065423067974324,0.09999999999999992,7.412688455006394,0.05033693811346018,0.5746791122840536,1.3693063937629153,3,1.2449835564056997,22.485668382310642,16.805355696005744,1009,126,128000,4.3091874044993755e-05,0.00023526196191364857,0.9999978330212573,1.944554314000948e-05,3.904053725898331e-14,3.5923272527183393e-13,1.9758699820378104e-07,0.9999982281944363,2.1263646348638375e-05,12.001117269384293,18,16.80520247913853
0.98,16,0.9,8,0.75,939,0.00029672888553575124,0.005044391054107771,0.2065423067974324,0.09999999999999992,7.412688455006394,0.025215001341355514,0.7609002029620344,1.3693063937629153,3,1.2449835564056997,22.485668382310642,16.805355696005744,959,133,128000,5.083294184272113e-12,0.00011764342069988773,0.9999999999998718,1.0374694964133196e-11,7.559885808731658e-42,6.956252583818206e-41,2.7495246514138818e-21,0.9999999999998718,1.0374694989433034e-11,80.90644586752063,19,80.90644586752063
0.98,32,0.9,8,0.1,1266,2.0401972509792026e-05,0.0006732650928231369,0.2058812378863346,0.09999999999999992,7.412688455006394,0.09001859123854217,0.2798703113770922,3.9764934301467165,8,1.2406905096594731,22.485668382310642,16.805355696005744,1302,98,128000,5.6734676540672174e-05,0.0001455270433751707,0.9999948946260496,5.901468422555984e-07,9.892996552745715e-13,9.103071735853083e-12,9.946379773792306e-07,0.9999968838928376,9.742302280694295e-06,3.1264336471480894,5,16.805142572399127
0.98,32,0.9,8,0.25,1154,5.103893054218262e-05,0.0016842847078920263,0.2058812378863346,0.09999999999999992,7.412688455006394,0.07502984438172984,0.3909772221575983,3.9764934301467165,8,1.2406905096594731,22.485668382310642,16.805355696005744,1190,107,128000,4.470137637624708e-05,0.00012125205796510312,0.9999966476251984,3.429901826009459e-06,3.8125636853382354e-13,3.5081424056000505e-12,6.174606438084545e-07,0.9999978825427271,9.111471841190048e-06,4.303025122630935,6,16.805196857941777
0.98,32,0.9,8,0.5,1070,0.00010152514608664753,0.0033503298208593683,0.2058812378863346,0.09999999999999992,7.412688455006394,0.050330097632904164,0.5740687497242001,3.9764934301467165,8,1.2406905096594731,22.485668382310642,16.805355696005744,1106,115,128000,1.4887915475660679e-05,8.128780131378254e-05,0.9999992509442452,6.717157372616711e-06,4.691039641243847e-15,4.316474805413881e-14,6.849119034661843e-08,0.999999387926528,7.347381235022542e-06,12.00408377577283,6,16.805338063645678
0.98,32,0.9,8,0.75,1020,0.00015288138620354533,0.005045085744716996,0.2058812378863346,0.09999999999999992,7.412688455006394,0.025204702291237904,0.7603154777008411,3.9764934301467165,8,1.2406905096594731,22.485668382310642,16.805355696005744,1056,121,128000,1.931516835764712e-12,4.068343801033765e-05,0.9999999999999513,3.944805759403101e-12,1.3290077602746903e-42,1.2228906494390957e-41,1.1528259887228233e-21,0.9999999999999513,3.944805770010865e-12,80.93770294245975,7,80.93770294245975
