controller_bellman_residual,controller_risk,controller_updates,delay,encoder_sha256,environment_budget,game,learning_environment,learning_message,master_seed,match_count,message_budget,overhead,probe_environment,probe_message,rho,selected_q,strong_bellman_residual,strong_q,strong_risk,true_rho_full_budget_risk,true_rho_q
1.2651348648359181e-07,6.106549668181054e-06,8144,0,3f4859c5e27e416ab37853c9c1d575234e58e18abcc7bf092b869157960e6b2f,131072,asterix,130304,195456,202608056101,0,196608,8,768,960,0.0,16,3.153317485176617e-07,4,1.3269551753805264e-05,5.9091932939668375e-06,16
1.266084038375988e-07,6.090851448740079e-06,8136,8,3f4859c5e27e416ab37853c9c1d575234e58e18abcc7bf092b869157960e6b2f,131072,asterix,130304,195456,202608056101,0,196608,8,768,960,0.0,16,3.312962058196411e-07,4,1.3826543948989966e-05,5.887909163965765e-06,16
1.291801109075645e-07,6.219291719933578e-06,8124,0,3f4859c5e27e416ab37853c9c1d575234e58e18abcc7bf092b869157960e6b2f,131072,asterix,129984,389952,202608056101,0,393216,32,768,3264,0.0,16,2.4126562877249316e-07,4,4.5828659604842385e-06,5.9091932939668375e-06,16
1.2872098452493813e-07,6.182036667244096e-06,8116,8,3f4859c5e27e416ab37853c9c1d575234e58e18abcc7bf092b869157960e6b2f,131072,asterix,129984,389952,202608056101,0,393216,32,768,3264,0.0,16,2.4283719507335254e-07,4,4.383016245713943e-06,5.887909163965765e-06,16
6.130759905851498e-07,2.3271496131651568e-05,8144,0,3f4859c5e27e416ab37853c9c1d575234e58e18abcc7bf092b869157960e6b2f,131072,asterix,130304,195456,202608056101,10,196608,8,768,960,0.1,16,2.174391779939266e-07,4,6.978814343763432e-06,2.3773498078541625e-05,16
6.165572837361875e-07,2.3440932082110265e-05,8136,8,3f4859c5e27e416ab37853c9c1d575234e58e18abcc7bf092b869157960e6b2f,131072,asterix,130304,195456,202608056101,10,196608,8,768,960,0.1,16,2.2178074669768695e-07,4,7.175143663775408e-06,2.4044967890240593e-05,16
6.0199687233507e-07,2.2891114684944214e-05,8124,0,3f4859c5e27e416ab37853c9c1d575234e58e18abcc7bf092b869157960e6b2f,131072,asterix,129984,389952,202608056101,10,393216,32,768,3264,0.1,16,2.523376368720938e-07,4,2.835769486667865e-06,2.3773498078541625e-05,16
6.063507848793967e-07,2.308715405884793e-05,8116,8,3f4859c5e27e416ab37853c9c1d575234e58e18abcc7bf092b869157960e6b2f,131072,asterix,129984,389952,202608056101,10,393216,32,768,3264,0.1,16,2.506854643675168e-07,4,2.7865455506620814e-06,2.4044967890240593e-05,16
3.9412722838400074e-07,1.6609843361824637e-05,16304,0,3f4859c5e27e416ab37853c9c1d575234e58e18abcc7bf092b869157960e6b2f,131072,asterix,65216,195648,202608056101,39,196608,8,768,960,0.3,4,4.013256943315278e-07,4,1.6993723883290724e-05,1.6993723883290724e-05,4
4.0133008429085523e-07,1.690300902012517e-05,16296,8,3f4859c5e27e416ab37853c9c1d575234e58e18abcc7bf092b869157960e6b2f,131072,asterix,65216,195648,202608056101,39,196608,8,768,960,0.3,4,4.1055655944598085e-07,4,1.7401339191188847e-05,1.7401339191188847e-05,4
2.4662438400311744e-07,3.3726647723201006e-06,10832,0,3f4859c5e27e416ab37853c9c1d575234e58e18abcc7bf092b869157960e6b2f,131072,asterix,43328,389952,202608056101,39,393216,32,768,3264,0.3,4,2.692981078531765e-07,4,3.928383583385093e-06,4.3709420455084365e-06,16
2.440642335535606e-07,3.432671851296246e-06,10824,8,3f4859c5e27e416ab37853c9c1d575234e58e18abcc7bf092b869157960e6b2f,131072,asterix,43328,389952,202608056101,39,393216,32,768,3264,0.3,4,2.6991623504157177e-07,4,4.089573295609299e-06,4.435773692521388e-06,16
3.508045454763214e-07,3.4925524134127823e-06,16304,0,3f4859c5e27e416ab37853c9c1d575234e58e18abcc7bf092b869157960e6b2f,131072,asterix,65216,195648,202608056101,57,196608,8,768,960,0.5,4,3.811048599579164e-07,4,4.380098103365846e-06,4.380098103365846e-06,4
3.5581552423394593e-07,3.7030357083429906e-06,16296,8,3f4859c5e27e416ab37853c9c1d575234e58e18abcc7bf092b869157960e6b2f,131072,asterix,65216,195648,202608056101,57,196608,8,768,960,0.5,4,3.8811911928241046e-07,4,4.654411539306795e-06,4.654411539306795e-06,4
8.649948079492697e-07,1.2452473667732563e-05,10832,0,3f4859c5e27e416ab37853c9c1d575234e58e18abcc7bf092b869157960e6b2f,131072,asterix,43328,389952,202608056101,57,393216,32,768,3264,0.5,4,8.603547058313018e-07,4,1.199843764024897e-05,1.199843764024897e-05,4
8.603391069064942e-07,1.2877868330826935e-05,10824,8,3f4859c5e27e416ab37853c9c1d575234e58e18abcc7bf092b869157960e6b2f,131072,asterix,43328,389952,202608056101,57,393216,32,768,3264,0.5,4,8.625715193807121e-07,4,1.2696408337683184e-05,1.2696408337683184e-05,4
7.827972334388292e-07,2.5238740563795808e-05,21738,0,3f4859c5e27e416ab37853c9c1d575234e58e18abcc7bf092b869157960e6b2f,131072,asterix,21738,195642,202608056101,66,196608,8,768,960,0.7,1,2.5139281549505955e-07,4,7.819384590903949e-07,2.255171015040916e-05,1
8.082250508165349e-07,2.6334151822933053e-05,21730,8,3f4859c5e27e416ab37853c9c1d575234e58e18abcc7bf092b869157960e6b2f,131072,asterix,21738,195642,202608056101,66,196608,8,768,960,0.7,1,2.6076552560767096e-07,4,8.143062203650545e-07,2.3478521657103444e-05,1
2.05825722768109e-07,6.577220621673796e-07,10832,0,3f4859c5e27e416ab37853c9c1d575234e58e18abcc7bf092b869157960e6b2f,131072,asterix,43328,389952,202608056101,66,393216,32,768,3264,0.7,4,1.9358675224739855e-07,4,6.125833220266389e-07,6.125833220266389e-07,4
2.0711943687737405e-07,6.77337819671495e-07,10824,8,3f4859c5e27e416ab37853c9c1d575234e58e18abcc7bf092b869157960e6b2f,131072,asterix,43328,389952,202608056101,66,393216,32,768,3264,0.7,4,1.9180894718195476e-07,4,6.228645264407934e-07,6.228645264407934e-07,4
7.827972334388292e-07,2.5238740563795808e-05,21738,0,3f4859c5e27e416ab37853c9c1d575234e58e18abcc7bf092b869157960e6b2f,131072,asterix,21738,195642,202608056101,89,196608,8,768,960,0.9,1,5.512461896378992e-07,4,1.8827295370250744e-06,2.255171015040916e-05,1
8.082250508165349e-07,2.6334151822933053e-05,21730,8,3f4859c5e27e416ab37853c9c1d575234e58e18abcc7bf092b869157960e6b2f,131072,asterix,21738,195642,202608056101,89,196608,8,768,960,0.9,1,5.709730190338983e-07,4,2.0031982167205904e-06,2.3478521657103444e-05,1
7.037713336551719e-07,4.818487628507715e-06,11816,0,3f4859c5e27e416ab37853c9c1d575234e58e18abcc7bf092b869157960e6b2f,131072,asterix,11816,389928,202608056101,89,393216,32,768,3264,0.9,1,8.781694894079873e-07,4,1.6032155542491994e-05,3.99566654113016e-06,1
7.243873239667073e-07,5.855922008679771e-06,11808,8,3f4859c5e27e416ab37853c9c1d575234e58e18abcc7bf092b869157960e6b2f,131072,asterix,11816,389928,202608056101,89,393216,32,768,3264,0.9,1,9.074193521677401e-07,4,1.7436336775084613e-05,4.72725111888276e-06,1
7.827972334388292e-07,2.5238740563795808e-05,21738,0,3f4859c5e27e416ab37853c9c1d575234e58e18abcc7bf092b869157960e6b2f,131072,asterix,21738,195642,202608056101,96,196608,8,768,960,1.0,1,5.512461896378992e-07,4,1.8827295370250744e-06,2.255171015040916e-05,1
8.082250508165349e-07,2.6334151822933053e-05,21730,8,3f4859c5e27e416ab37853c9c1d575234e58e18abcc7bf092b869157960e6b2f,131072,asterix,21738,195642,202608056101,96,196608,8,768,960,1.0,1,5.709730190338983e-07,4,2.0031982167205904e-06,2.3478521657103444e-05,1
7.037713336551719e-07,4.818487628507715e-06,11816,0,3f4859c5e27e416ab37853c9c1d575234e58e18abcc7bf092b869157960e6b2f,131072,asterix,11816,389928,202608056101,96,393216,32,768,3264,1.0,1,8.781694894079873e-07,4,1.6032155542491994e-05,3.99566654113016e-06,1
7.243873239667073e-07,5.855922008679771e-06,11808,8,3f4859c5e27e416ab37853c9c1d575234e58e18abcc7bf092b869157960e6b2f,131072,asterix,11816,389928,202608056101,96,393216,32,768,3264,1.0,1,9.074193521677401e-07,4,1.7436336775084613e-05,4.72725111888276e-06,1
6.23176467421847e-08,9.764375437727693e-07,8144,0,3f4859c5e27e416ab37853c9c1d575234e58e18abcc7bf092b869157960e6b2f,131072,asterix,130304,195456,202608056102,0,196608,8,768,960,0.0,16,3.0437428616572835e-07,4,9.299149239052714e-06,8.57844523916845e-07,16
6.192984395029704e-08,9.833435604645574e-07,8136,8,3f4859c5e27e416ab37853c9c1d575234e58e18abcc7bf092b869157960e6b2f,131072,asterix,130304,195456,202608056102,0,196608,8,768,960,0.0,16,3.0472970224246586e-07,4,9.322424544918961e-06,8.621301803588725e-07,16
6.248159000313029e-08,1.0029083856975742e-06,8124,0,3f4859c5e27e416ab37853c9c1d575234e58e18abcc7bf092b869157960e6b2f,131072,asterix,129984,389952,202608056102,0,393216,32,768,3264,0.0,16,6.222260782668344e-07,4,2.6998863178600047e-05,8.57844523916845e-07,16
6.227784671713106e-08,1.0126433443675693e-06,8116,8,3f4859c5e27e416ab37853c9c1d575234e58e18abcc7bf092b869157960e6b2f,131072,asterix,129984,389952,202608056102,0,393216,32,768,3264,0.0,16,6.174520794145892e-07,4,2.6780724578378757e-05,8.621301803588725e-07,16
6.95837963044156e-08,4.6943239404317485e-07,8144,0,3f4859c5e27e416ab37853c9c1d575234e58e18abcc7bf092b869157960e6b2f,131072,asterix,130304,195456,202608056102,5,196608,8,768,960,0.1,16,1.3278327418016742e-07,4,4.2799120138763216e-07,4.084486118173322e-07,16
6.855120748013963e-08,4.5088096841826666e-07,8136,8,3f4859c5e27e416ab37853c9c1d575234e58e18abcc7bf092b869157960e6b2f,131072,asterix,130304,195456,202608056102,5,196608,8,768,960,0.1,16,1.350937785189383e-07,4,4.3706631203425496e-07,3.9177353484503297e-07,16
7.021329928729484e-08,5.193586169692571e-07,8124,0,3f4859c5e27e416ab37853c9c1d575234e58e18abcc7bf092b869157960e6b2f,131072,asterix,129984,389952,202608056102,5,393216,32,768,3264,0.1,16,1.2148559124541017e-06,4,6.027964737363912e-05,4.084486118173322e-07,16
6.921174748819877e-08,5.022608366694245e-07,8116,8,3f4859c5e27e416ab37853c9c1d575234e58e18abcc7bf092b869157960e6b2f,131072,asterix,129984,389952,202608056102,5,393216,32,768,3264,0.1,16,1.210310304271228e-06,4,5.995192441642255e-05,3.9177353484503297e-07,16
1.900590830337817e-07,5.302481852998551e-06,16304,0,3f4859c5e27e416ab37853c9c1d575234e58e18abcc7bf092b869157960e6b2f,131072,asterix,65216,195648,202608056102,29,196608,8,768,960,0.3,4,1.9028838002328374e-07,4,5.223949680882164e-06,5.223949680882164e-06,4
1.8766127789883952e-07,5.188044273538754e-06,16296,8,3f4859c5e27e416ab37853c9c1d575234e58e18abcc7bf092b869157960e6b2f,131072,asterix,65216,195648,202608056102,29,196608,8,768,960,0.3,4,1.9057512141666005e-07,4,5.206088981130065e-06,5.206088981130065e-06,4
1.612784526535365e-07,5.467582001684524e-07,8124,0,3f4859c5e27e416ab37853c9c1d575234e58e18abcc7bf092b869157960e6b2f,131072,asterix,129984,389952,202608056102,29,393216,32,768,3264,0.3,16,7.207049782188005e-07,4,3.048241203990944e-05,9.581450746801484e-07,16
1.6336119920454714e-07,5.435794743581244e-07,8116,8,3f4859c5e27e416ab37853c9c1d575234e58e18abcc7bf092b869157960e6b2f,131072,asterix,129984,389952,202608056102,29,393216,32,768,3264,0.3,16,7.311957301857218e-07,4,3.06933276010225e-05,9.355055823718733e-07,16
2.1326218104105417e-07,1.4001510194081691e-06,16304,0,3f4859c5e27e416ab37853c9c1d575234e58e18abcc7bf092b869157960e6b2f,131072,asterix,65216,195648,202608056102,47,196608,8,768,960,0.5,4,2.0358835162688753e-07,4,1.3064249431544694e-06,1.3064249431544694e-06,4
2.276695518829735e-07,1.7002613827252732e-06,16296,8,3f4859c5e27e416ab37853c9c1d575234e58e18abcc7bf092b869157960e6b2f,131072,asterix,65216,195648,202608056102,47,196608,8,768,960,0.5,4,2.186588824773054e-07,4,1.5129849407092098e-06,1.5129849407092098e-06,4
1.5361713593337451e-06,7.588037977347753e-05,10832,0,3f4859c5e27e416ab37853c9c1d575234e58e18abcc7bf092b869157960e6b2f,131072,asterix,43328,389952,202608056102,47,393216,32,768,3264,0.5,4,1.3602593669615979e-06,4,6.639295499471885e-05,6.639295499471885e-05,4
1.5498066442790952e-06,7.598719322413404e-05,10824,8,3f4859c5e27e416ab37853c9c1d575234e58e18abcc7bf092b869157960e6b2f,131072,asterix,43328,389952,202608056102,47,393216,32,768,3264,0.5,4,1.3542969427543292e-06,4,6.54836559994544e-05,6.54836559994544e-05,4
2.1326218104105417e-07,1.4001510194081691e-06,16304,0,3f4859c5e27e416ab37853c9c1d575234e58e18abcc7bf092b869157960e6b2f,131072,asterix,65216,195648,202608056102,60,196608,8,768,960,0.7,4,2.0358835162688753e-07,4,1.3064249431544694e-06,3.4225369979204674e-05,1
2.276695518829735e-07,1.7002613827252732e-06,16296,8,3f4859c5e27e416ab37853c9c1d575234e58e18abcc7bf092b869157960e6b2f,131072,asterix,65216,195648,202608056102,60,196608,8,768,960,0.7,4,2.186588824773054e-07,4,1.5129849407092098e-06,3.6108849965810165e-05,1
1.5361713593337451e-06,7.588037977347753e-05,10832,0,3f4859c5e27e416ab37853c9c1d575234e58e18abcc7bf092b869157960e6b2f,131072,asterix,43328,389952,202608056102,60,393216,32,768,3264,0.7,4,1.3602593669615979e-06,4,6.639295499471885e-05,6.639295499471885e-05,4
1.5498066442790952e-06,7.598719322413404e-05,10824,8,3f4859c5e27e416ab37853c9c1d575234e58e18abcc7bf092b869157960e6b2f,131072,asterix,43328,389952,202608056102,60,393216,32,768,3264,0.7,4,1.3542969427543292e-06,4,6.54836559994544e-05,6.54836559994544e-05,4
8.635427416971926e-07,3.390267743154003e-05,21738,0,3f4859c5e27e416ab37853c9c1d575234e58e18abcc7bf092b869157960e6b2f,131072,asterix,21738,195642,202608056102,85,196608,8,768,960,0.9,1,2.0358835162688753e-07,4,1.3064249431544694e-06,3.4225369979204674e-05,1
9.128116285630126e-07,3.617271141665694e-05,21730,8,3f4859c5e27e416ab37853c9c1d575234e58e18abcc7bf092b869157960e6b2f,131072,asterix,21738,195642,202608056102,85,196608,8,768,960,0.9,1,2.186588824773054e-07,4,1.5129849407092098e-06,3.6108849965810165e-05,1
1.5361713593337451e-06,7.588037977347753e-05,10832,0,3f4859c5e27e416ab37853c9c1d575234e58e18abcc7bf092b869157960e6b2f,131072,asterix,43328,389952,202608056102,85,393216,32,768,3264,0.9,4,1.3602593669615979e-06,4,6.639295499471885e-05,2.777940093052269e-06,1
1.5498066442790952e-06,7.598719322413404e-05,10824,8,3f4859c5e27e416ab37853c9c1d575234e58e18abcc7bf092b869157960e6b2f,131072,asterix,43328,389952,202608056102,85,393216,32,768,3264,0.9,4,1.3542969427543292e-06,4,6.54836559994544e-05,3.1497907609942145e-06,1
8.635427416971926e-07,3.390267743154003e-05,21738,0,3f4859c5e27e416ab37853c9c1d575234e58e18abcc7bf092b869157960e6b2f,131072,asterix,21738,195642,202608056102,96,196608,8,768,960,1.0,1,2.0358835162688753e-07,4,1.3064249431544694e-06,3.4225369979204674e-05,1
9.128116285630126e-07,3.617271141665694e-05,21730,8,3f4859c5e27e416ab37853c9c1d575234e58e18abcc7bf092b869157960e6b2f,131072,asterix,21738,195642,202608056102,96,196608,8,768,960,1.0,1,2.186588824773054e-07,4,1.5129849407092098e-06,3.6108849965810165e-05,1
2.6939521811993355e-07,1.8680863710406815e-06,11816,0,3f4859c5e27e416ab37853c9c1d575234e58e18abcc7bf092b869157960e6b2f,131072,asterix,11816,389928,202608056102,96,393216,32,768,3264,1.0,1,1.3602593669615979e-06,4,6.639295499471885e-05,2.777940093052269e-06,1
2.8270449217220836e-07,2.157780889650219e-06,11808,8,3f4859c5e27e416ab37853c9c1d575234e58e18abcc7bf092b869157960e6b2f,131072,asterix,11816,389928,202608056102,96,393216,32,768,3264,1.0,1,1.3542969427543292e-06,4,6.54836559994544e-05,3.1497907609942145e-06,1
5.632457315421481e-08,1.3159311905490021e-06,8144,0,3f4859c5e27e416ab37853c9c1d575234e58e18abcc7bf092b869157960e6b2f,131072,asterix,130304,195456,202608056103,0,196608,8,768,960,0.0,16,7.805737671372941e-07,4,3.63382678279218e-05,1.6736577020374603e-06,16
5.5537747651261444e-08,1.256097662880337e-06,8136,8,3f4859c5e27e416ab37853c9c1d575234e58e18abcc7bf092b869157960e6b2f,131072,asterix,130304,195456,202608056103,0,196608,8,768,960,0.0,16,7.790833720981586e-07,4,3.615615572351113e-05,1.6081473559598023e-06,16
5.4493337161218926e-08,1.2063787337346573e-06,8124,0,3f4859c5e27e416ab37853c9c1d575234e58e18abcc7bf092b869157960e6b2f,131072,asterix,129984,389952,202608056103,0,393216,32,768,3264,0.0,16,1.3761796188030694e-07,4,1.8602057900118333e-06,1.6736577020374603e-06,16
5.319620584845103e-08,1.135942795937522e-06,8116,8,3f4859c5e27e416ab37853c9c1d575234e58e18abcc7bf092b869157960e6b2f,131072,asterix,129984,389952,202608056103,0,393216,32,768,3264,0.0,16,1.3647705057600224e-07,4,1.8052961415482886e-06,1.6081473559598023e-06,16
7.422587148956133e-07,3.441983058119696e-05,16304,0,3f4859c5e27e416ab37853c9c1d575234e58e18abcc7bf092b869157960e6b2f,131072,asterix,65216,195648,202608056103,14,196608,8,768,960,0.1,4,7.805737671372941e-07,4,3.63382678279218e-05,5.292205769681786e-06,16
7.430475799397869e-07,3.4398062561681914e-05,16296,8,3f4859c5e27e416ab37853c9c1d575234e58e18abcc7bf092b869157960e6b2f,131072,asterix,65216,195648,202608056103,14,196608,8,768,960,0.1,4,7.790833720981586e-07,4,3.615615572351113e-05,5.358416925650456e-06,16
1.6963927227402231e-07,5.802769494786678e-06,8124,0,3f4859c5e27e416ab37853c9c1d575234e58e18abcc7bf092b869157960e6b2f,131072,asterix,129984,389952,202608056103,14,393216,32,768,3264,0.1,16,1.3761796188030694e-07,4,1.8602057900118333e-06,5.292205769681786e-06,16
1.736889115761156e-07,5.974084229201564e-06,8116,8,3f4859c5e27e416ab37853c9c1d575234e58e18abcc7bf092b869157960e6b2f,131072,asterix,129984,389952,202608056103,14,393216,32,768,3264,0.1,16,1.3647705057600224e-07,4,1.8052961415482886e-06,5.358416925650456e-06,16
3.059265028511858e-07,9.586704476862417e-06,16304,0,3f4859c5e27e416ab37853c9c1d575234e58e18abcc7bf092b869157960e6b2f,131072,asterix,65216,195648,202608056103,23,196608,8,768,960,0.3,4,3.1870747697083124e-07,4,1.0073976166934242e-05,1.0073976166934242e-05,4
3.042628148365805e-07,9.506045648052257e-06,16296,8,3f4859c5e27e416ab37853c9c1d575234e58e18abcc7bf092b869157960e6b2f,131072,asterix,65216,195648,202608056103,23,196608,8,768,960,0.3,4,3.167825357640718e-07,4,9.956826296330457e-06,9.956826296330457e-06,4
1.4649323407080151e-07,3.199252479745015e-06,8124,0,3f4859c5e27e416ab37853c9c1d575234e58e18abcc7bf092b869157960e6b2f,131072,asterix,129984,389952,202608056103,23,393216,32,768,3264,0.3,16,2.0919820448567005e-07,4,1.7853166656964265e-06,2.9801294005464603e-06,16
1.4936065370976162e-07,3.3674096659419226e-06,8116,8,3f4859c5e27e416ab37853c9c1d575234e58e18abcc7bf092b869157960e6b2f,131072,asterix,129984,389952,202608056103,23,393216,32,768,3264,0.3,16,2.0651375244179861e-07,4,1.8066362727315858e-06,3.0155855496561536e-06,16
8.53325803697295e-07,3.888016285962796e-05,16304,0,3f4859c5e27e416ab37853c9c1d575234e58e18abcc7bf092b869157960e6b2f,131072,asterix,65216,195648,202608056103,42,196608,8,768,960,0.5,4,8.80341263780506e-07,4,4.007600444754541e-05,4.007600444754541e-05,4
8.546698974636457e-07,3.887765682979832e-05,16296,8,3f4859c5e27e416ab37853c9c1d575234e58e18abcc7bf092b869157960e6b2f,131072,asterix,65216,195648,202608056103,42,196608,8,768,960,0.5,4,8.823135247099961e-07,4,4.0042299431400865e-05,4.0042299431400865e-05,4
1.0755454371189862e-07,2.058111567696966e-06,10832,0,3f4859c5e27e416ab37853c9c1d575234e58e18abcc7bf092b869157960e6b2f,131072,asterix,43328,389952,202608056103,42,393216,32,768,3264,0.5,4,1.2248390964853823e-07,4,2.384978875660892e-06,2.384978875660892e-06,4
1.035455880730494e-07,1.8472379514736786e-06,10824,8,3f4859c5e27e416ab37853c9c1d575234e58e18abcc7bf092b869157960e6b2f,131072,asterix,43328,389952,202608056103,42,393216,32,768,3264,0.5,4,1.1849251920415301e-07,4,2.1996723671022616e-06,2.1996723671022616e-06,4
5.983648514763513e-07,1.7479209658342773e-05,21738,0,3f4859c5e27e416ab37853c9c1d575234e58e18abcc7bf092b869157960e6b2f,131072,asterix,21738,195642,202608056103,68,196608,8,768,960,0.7,1,8.80341263780506e-07,4,4.007600444754541e-05,2.0904423117593444e-05,1
6.115915892987041e-07,1.7878026369854746e-05,21730,8,3f4859c5e27e416ab37853c9c1d575234e58e18abcc7bf092b869157960e6b2f,131072,asterix,21738,195642,202608056103,68,196608,8,768,960,0.7,1,8.823135247099961e-07,4,4.0042299431400865e-05,2.1534712573153302e-05,1
1.0755454371189862e-07,2.058111567696966e-06,10832,0,3f4859c5e27e416ab37853c9c1d575234e58e18abcc7bf092b869157960e6b2f,131072,asterix,43328,389952,202608056103,68,393216,32,768,3264,0.7,4,1.2248390964853823e-07,4,2.384978875660892e-06,2.384978875660892e-06,4
1.035455880730494e-07,1.8472379514736786e-06,10824,8,3f4859c5e27e416ab37853c9c1d575234e58e18abcc7bf092b869157960e6b2f,131072,asterix,43328,389952,202608056103,68,393216,32,768,3264,0.7,4,1.1849251920415301e-07,4,2.1996723671022616e-06,2.1996723671022616e-06,4
9.477709735417784e-07,3.272013788897839e-05,21738,0,3f4859c5e27e416ab37853c9c1d575234e58e18abcc7bf092b869157960e6b2f,131072,asterix,21738,195642,202608056103,86,196608,8,768,960,0.9,1,2.06582317141422e-06,4,9.918107041665634e-05,3.7280952955089116e-05,1
9.443761848772561e-07,3.2479130847011325e-05,21730,8,3f4859c5e27e416ab37853c9c1d575234e58e18abcc7bf092b869157960e6b2f,131072,asterix,21738,195642,202608056103,86,196608,8,768,960,0.9,1,2.03628778108129e-06,4,9.771773754224515e-05,3.712335066026766e-05,1
4.2994182487183206e-07,1.6189762084619928e-05,11816,0,3f4859c5e27e416ab37853c9c1d575234e58e18abcc7bf092b869157960e6b2f,131072,asterix,11816,389928,202608056103,86,393216,32,768,3264,0.9,1,3.171669758803448e-07,4,1.3370892745128991e-06,2.0908423074192013e-05,1
4.465060631948058e-07,1.7324300076864597e-05,11808,8,3f4859c5e27e416ab37853c9c1d575234e58e18abcc7bf092b869157960e6b2f,131072,asterix,11816,389928,202608056103,86,393216,32,768,3264,0.9,1,3.1050592640093414e-07,4,1.42126620042865e-06,2.2258334667389155e-05,1
9.477709735417784e-07,3.272013788897839e-05,21738,0,3f4859c5e27e416ab37853c9c1d575234e58e18abcc7bf092b869157960e6b2f,131072,asterix,21738,195642,202608056103,96,196608,8,768,960,1.0,1,2.06582317141422e-06,4,9.918107041665634e-05,3.7280952955089116e-05,1
9.443761848772561e-07,3.2479130847011325e-05,21730,8,3f4859c5e27e416ab37853c9c1d575234e58e18abcc7bf092b869157960e6b2f,131072,asterix,21738,195642,202608056103,96,196608,8,768,960,1.0,1,2.03628778108129e-06,4,9.771773754224515e-05,3.712335066026766e-05,1
4.2994182487183206e-07,1.6189762084619928e-05,11816,0,3f4859c5e27e416ab37853c9c1d575234e58e18abcc7bf092b869157960e6b2f,131072,asterix,11816,389928,202608056103,96,393216,32,768,3264,1.0,1,3.171669758803448e-07,4,1.3370892745128991e-06,2.0908423074192013e-05,1
4.465060631948058e-07,1.7324300076864597e-05,11808,8,3f4859c5e27e416ab37853c9c1d575234e58e18abcc7bf092b869157960e6b2f,131072,asterix,11816,389928,202608056103,96,393216,32,768,3264,1.0,1,3.1050592640093414e-07,4,1.42126620042865e-06,2.2258334667389155e-05,1
2.2765590499223616e-07,8.89840973604107e-06,8144,0,3f4859c5e27e416ab37853c9c1d575234e58e18abcc7bf092b869157960e6b2f,131072,asterix,130304,195456,202608056104,0,196608,8,768,960,0.0,16,7.008087009363091e-08,4,4.2165945942850706e-07,8.82253203367899e-06,16
2.282623361956723e-07,8.887829882002077e-06,8136,8,3f4859c5e27e416ab37853c9c1d575234e58e18abcc7bf092b869157960e6b2f,131072,asterix,130304,195456,202608056104,0,196608,8,768,960,0.0,16,7.15711979281148e-08,4,4.2440002839256447e-07,8.849184733597532e-06,16
2.3044794644026815e-07,8.934447039989053e-06,8124,0,3f4859c5e27e416ab37853c9c1d575234e58e18abcc7bf092b869157960e6b2f,131072,asterix,129984,389952,202608056104,0,393216,32,768,3264,0.0,16,2.5039593680042914e-07,4,1.3200101817694986e-06,8.82253203367899e-06,16
2.3167915475954294e-07,8.945350509607702e-06,8116,8,3f4859c5e27e416ab37853c9c1d575234e58e18abcc7bf092b869157960e6b2f,131072,asterix,129984,389952,202608056104,0,393216,32,768,3264,0.0,16,2.512389080919368e-07,4,1.3184729934705197e-06,8.849184733597532e-06,16
7.263815769637866e-07,2.2254658368202238e-05,8144,0,3f4859c5e27e416ab37853c9c1d575234e58e18abcc7bf092b869157960e6b2f,131072,asterix,130304,195456,202608056104,10,196608,8,768,960,0.1,16,7.008087009363091e-08,4,4.2165945942850706e-07,2.1474241490357765e-05,16
7.276479365093318e-07,2.2246298053508273e-05,8136,8,3f4859c5e27e416ab37853c9c1d575234e58e18abcc7bf092b869157960e6b2f,131072,asterix,130304,195456,202608056104,10,196608,8,768,960,0.1,16,7.15711979281148e-08,4,4.2440002839256447e-07,2.1377715064271696e-05,16
7.480449488120808e-07,2.2742565310973217e-05,8124,0,3f4859c5e27e416ab37853c9c1d575234e58e18abcc7bf092b869157960e6b2f,131072,asterix,129984,389952,202608056104,10,393216,32,768,3264,0.1,16,2.5039593680042914e-07,4,1.3200101817694986e-06,2.1474241490357765e-05,16
7.510256455653981e-07,2.2754065789936717e-05,8116,8,3f4859c5e27e416ab37853c9c1d575234e58e18abcc7bf092b869157960e6b2f,131072,asterix,129984,389952,202608056104,10,393216,32,768,3264,0.1,16,2.512389080919368e-07,4,1.3184729934705197e-06,2.1377715064271696e-05,16
6.170487576434876e-08,2.856025607798025e-07,16304,0,3f4859c5e27e416ab37853c9c1d575234e58e18abcc7bf092b869157960e6b2f,131072,asterix,65216,195648,202608056104,25,196608,8,768,960,0.3,4,7.008087009363091e-08,4,4.2165945942850706e-07,4.2165945942850706e-07,4
6.249421125206589e-08,2.776297605984824e-07,16296,8,3f4859c5e27e416ab37853c9c1d575234e58e18abcc7bf092b869157960e6b2f,131072,asterix,65216,195648,202608056104,25,196608,8,768,960,0.3,4,7.15711979281148e-08,4,4.2440002839256447e-07,4.2440002839256447e-07,4
8.903019134782983e-07,1.9217274695867672e-05,8124,0,3f4859c5e27e416ab37853c9c1d575234e58e18abcc7bf092b869157960e6b2f,131072,asterix,129984,389952,202608056104,25,393216,32,768,3264,0.3,16,2.5039593680042914e-07,4,1.3200101817694986e-06,1.816381456113122e-05,16
8.968907320492727e-07,1.9334196552791368e-05,8116,8,3f4859c5e27e416ab37853c9c1d575234e58e18abcc7bf092b869157960e6b2f,131072,asterix,129984,389952,202608056104,25,393216,32,768,3264,0.3,16,2.512389080919368e-07,4,1.3184729934705197e-06,1.8068746169709557e-05,16
8.390894508631359e-07,2.7795724109745415e-05,16304,0,3f4859c5e27e416ab37853c9c1d575234e58e18abcc7bf092b869157960e6b2f,131072,asterix,65216,195648,202608056104,42,196608,8,768,960,0.5,4,7.892351416503691e-07,4,2.4623382025332238e-05,2.4623382025332238e-05,4
8.937782935967364e-07,2.9827149438634953e-05,16296,8,3f4859c5e27e416ab37853c9c1d575234e58e18abcc7bf092b869157960e6b2f,131072,asterix,65216,195648,202608056104,42,196608,8,768,960,0.5,4,8.375680241206139e-07,4,2.6334758499593645e-05,2.6334758499593645e-05,4
2.185781802348975e-06,6.870746254035718e-05,10832,0,3f4859c5e27e416ab37853c9c1d575234e58e18abcc7bf092b869157960e6b2f,131072,asterix,43328,389952,202608056104,42,393216,32,768,3264,0.5,4,1.9748040758045464e-06,4,6.244560760001775e-05,6.244560760001775e-05,4
2.1920365484084583e-06,6.851816681298504e-05,10824,8,3f4859c5e27e416ab37853c9c1d575234e58e18abcc7bf092b869157960e6b2f,131072,asterix,43328,389952,202608056104,42,393216,32,768,3264,0.5,4,1.96323158814879e-06,4,6.166131645021395e-05,6.166131645021395e-05,4
6.144810151573916e-07,1.0914967583903801e-05,21738,0,3f4859c5e27e416ab37853c9c1d575234e58e18abcc7bf092b869157960e6b2f,131072,asterix,21738,195642,202608056104,69,196608,8,768,960,0.7,1,7.892351416503691e-07,4,2.4623382025332238e-05,1.0821069515567929e-05,1
6.497218600646614e-07,1.28215414993368e-05,21730,8,3f4859c5e27e416ab37853c9c1d575234e58e18abcc7bf092b869157960e6b2f,131072,asterix,21738,195642,202608056104,69,196608,8,768,960,0.7,1,8.375680241206139e-07,4,2.6334758499593645e-05,1.2643227081246045e-05,1
2.185781802348975e-06,6.870746254035718e-05,10832,0,3f4859c5e27e416ab37853c9c1d575234e58e18abcc7bf092b869157960e6b2f,131072,asterix,43328,389952,202608056104,69,393216,32,768,3264,0.7,4,1.9748040758045464e-06,4,6.244560760001775e-05,6.244560760001775e-05,4
2.1920365484084583e-06,6.851816681298504e-05,10824,8,3f4859c5e27e416ab37853c9c1d575234e58e18abcc7bf092b869157960e6b2f,131072,asterix,43328,389952,202608056104,69,393216,32,768,3264,0.7,4,1.96323158814879e-06,4,6.166131645021395e-05,6.166131645021395e-05,4
6.144810151573916e-07,1.0914967583903801e-05,21738,0,3f4859c5e27e416ab37853c9c1d575234e58e18abcc7bf092b869157960e6b2f,131072,asterix,21738,195642,202608056104,84,196608,8,768,960,0.9,1,7.892351416503691e-07,4,2.4623382025332238e-05,1.0821069515567929e-05,1
6.497218600646614e-07,1.28215414993368e-05,21730,8,3f4859c5e27e416ab37853c9c1d575234e58e18abcc7bf092b869157960e6b2f,131072,asterix,21738,195642,202608056104,84,196608,8,768,960,0.9,1,8.375680241206139e-07,4,2.6334758499593645e-05,1.2643227081246045e-05,1
2.185781802348975e-06,6.870746254035718e-05,10832,0,3f4859c5e27e416ab37853c9c1d575234e58e18abcc7bf092b869157960e6b2f,131072,asterix,43328,389952,202608056104,84,393216,32,768,3264,0.9,4,1.9748040758045464e-06,4,6.244560760001775e-05,4.792076339867422e-05,1
2.1920365484084583e-06,6.851816681298504e-05,10824,8,3f4859c5e27e416ab37853c9c1d575234e58e18abcc7bf092b869157960e6b2f,131072,asterix,43328,389952,202608056104,84,393216,32,768,3264,0.9,4,1.96323158814879e-06,4,6.166131645021395e-05,4.787117589175307e-05,1
6.144810151573916e-07,1.0914967583903801e-05,21738,0,3f4859c5e27e416ab37853c9c1d575234e58e18abcc7bf092b869157960e6b2f,131072,asterix,21738,195642,202608056104,96,196608,8,768,960,1.0,1,7.892351416503691e-07,4,2.4623382025332238e-05,1.0821069515567929e-05,1
6.497218600646614e-07,1.28215414993368e-05,21730,8,3f4859c5e27e416ab37853c9c1d575234e58e18abcc7bf092b869157960e6b2f,131072,asterix,21738,195642,202608056104,96,196608,8,768,960,1.0,1,8.375680241206139e-07,4,2.6334758499593645e-05,1.2643227081246045e-05,1
1.775200945036247e-06,5.9332177540198973e-05,11816,0,3f4859c5e27e416ab37853c9c1d575234e58e18abcc7bf092b869157960e6b2f,131072,asterix,11816,389928,202608056104,96,393216,32,768,3264,1.0,1,1.9748040758045464e-06,4,6.244560760001775e-05,4.792076339867422e-05,1
1.8047467886032005e-06,6.007715466921833e-05,11808,8,3f4859c5e27e416ab37853c9c1d575234e58e18abcc7bf092b869157960e6b2f,131072,asterix,11816,389928,202608056104,96,393216,32,768,3264,1.0,1,1.96323158814879e-06,4,6.166131645021395e-05,4.787117589175307e-05,1
7.68941184666539e-08,2.514709415554651e-07,8144,0,3f4859c5e27e416ab37853c9c1d575234e58e18abcc7bf092b869157960e6b2f,131072,asterix,130304,195456,202608056105,0,196608,8,768,960,0.0,16,3.309768268523886e-07,4,6.060332749264368e-06,2.5308703090732356e-07,16
7.677120512679548e-08,2.5012719201696523e-07,8136,8,3f4859c5e27e416ab37853c9c1d575234e58e18abcc7bf092b869157960e6b2f,131072,asterix,130304,195456,202608056105,0,196608,8,768,960,0.0,16,3.3336841155324606e-07,4,6.157784542080924e-06,2.5122360814712714e-07,16
7.786347186854671e-08,2.535940775302887e-07,8124,0,3f4859c5e27e416ab37853c9c1d575234e58e18abcc7bf092b869157960e6b2f,131072,asterix,129984,389952,202608056105,0,393216,32,768,3264,0.0,16,1.1740017016437347e-06,4,6.0835133908215635e-05,2.5308703090732356e-07,16
7.771348534582043e-08,2.530863757037448e-07,8116,8,3f4859c5e27e416ab37853c9c1d575234e58e18abcc7bf092b869157960e6b2f,131072,asterix,129984,389952,202608056105,0,393216,32,768,3264,0.0,16,1.1718986938589104e-06,4,6.0642791784339604e-05,2.5122360814712714e-07,16
3.1334237059860644e-07,5.4381175807562525e-06,16304,0,3f4859c5e27e416ab37853c9c1d575234e58e18abcc7bf092b869157960e6b2f,131072,asterix,65216,195648,202608056105,14,196608,8,768,960,0.1,4,3.309768268523886e-07,4,6.060332749264368e-06,1.7461046911636358e-06,16
3.151868225101908e-07,5.4446504521509955e-06,16296,8,3f4859c5e27e416ab37853c9c1d575234e58e18abcc7bf092b869157960e6b2f,131072,asterix,65216,195648,202608056105,14,196608,8,768,960,0.1,4,3.3336841155324606e-07,4,6.157784542080924e-06,1.8278797694897833e-06,16
9.576793637796673e-08,1.7116982143666015e-06,8124,0,3f4859c5e27e416ab37853c9c1d575234e58e18abcc7bf092b869157960e6b2f,131072,asterix,129984,389952,202608056105,14,393216,32,768,3264,0.1,16,1.1740017016437347e-06,4,6.0835133908215635e-05,1.7461046911636358e-06,16
1.0053903742582437e-07,1.7547032139173863e-06,8116,8,3f4859c5e27e416ab37853c9c1d575234e58e18abcc7bf092b869157960e6b2f,131072,asterix,129984,389952,202608056105,14,393216,32,768,3264,0.1,16,1.1718986938589104e-06,4,6.0642791784339604e-05,1.8278797694897833e-06,16
6.850630952606949e-07,2.6061699597765346e-05,16304,0,3f4859c5e27e416ab37853c9c1d575234e58e18abcc7bf092b869157960e6b2f,131072,asterix,65216,195648,202608056105,25,196608,8,768,960,0.3,4,6.738607178809928e-07,4,2.616800309841509e-05,2.616800309841509e-05,4
7.004647632914706e-07,2.653546496613464e-05,16296,8,3f4859c5e27e416ab37853c9c1d575234e58e18abcc7bf092b869157960e6b2f,131072,asterix,65216,195648,202608056105,25,196608,8,768,960,0.3,4,6.892313711975561e-07,4,2.6701051353082774e-05,2.6701051353082774e-05,4
7.396451053191075e-08,1.3630836592354417e-06,8124,0,3f4859c5e27e416ab37853c9c1d575234e58e18abcc7bf092b869157960e6b2f,131072,asterix,129984,389952,202608056105,25,393216,32,768,3264,0.3,16,4.898537877129249e-07,4,3.4932921778787526e-06,1.4116820445696265e-06,16
7.882729693741929e-08,1.3594477469633128e-06,8116,8,3f4859c5e27e416ab37853c9c1d575234e58e18abcc7bf092b869157960e6b2f,131072,asterix,129984,389952,202608056105,25,393216,32,768,3264,0.3,16,5.203522419154225e-07,4,3.818453693827592e-06,1.4475711729969471e-06,16
2.550716564514933e-07,6.4555254862817195e-06,16304,0,3f4859c5e27e416ab37853c9c1d575234e58e18abcc7bf092b869157960e6b2f,131072,asterix,65216,195648,202608056105,48,196608,8,768,960,0.5,4,2.445373996816377e-07,4,6.445540538913772e-06,6.445540538913772e-06,4
2.566970425381818e-07,6.440219428583709e-06,16296,8,3f4859c5e27e416ab37853c9c1d575234e58e18abcc7bf092b869157960e6b2f,131072,asterix,65216,195648,202608056105,48,196608,8,768,960,0.5,4,2.4530754132312464e-07,4,6.427126519564088e-06,6.427126519564088e-06,4
4.6968241929440906e-07,1.718327132608118e-06,10832,0,3f4859c5e27e416ab37853c9c1d575234e58e18abcc7bf092b869157960e6b2f,131072,asterix,43328,389952,202608056105,48,393216,32,768,3264,0.5,4,4.7374754491497505e-07,4,1.6834522689225257e-06,1.6834522689225257e-06,4
4.974520794477119e-07,1.801806702511471e-06,10824,8,3f4859c5e27e416ab37853c9c1d575234e58e18abcc7bf092b869157960e6b2f,131072,asterix,43328,389952,202608056105,48,393216,32,768,3264,0.5,4,4.994857076247312e-07,4,1.761403864661029e-06,1.761403864661029e-06,4
5.432116877026306e-07,1.5881852137642857e-05,16304,0,3f4859c5e27e416ab37853c9c1d575234e58e18abcc7bf092b869157960e6b2f,131072,asterix,65216,195648,202608056105,61,196608,8,768,960,0.7,4,5.354029364519175e-07,4,1.6522488234213914e-05,2.0335805557811108e-05,1
5.618806064459332e-07,1.5923431735769913e-05,16296,8,3f4859c5e27e416ab37853c9c1d575234e58e18abcc7bf092b869157960e6b2f,131072,asterix,65216,195648,202608056105,61,196608,8,768,960,0.7,4,5.540361224389881e-07,4,1.6639499829237943e-05,2.0546464909351586e-05,1
9.478389722215797e-07,1.2737309860989142e-05,10832,0,3f4859c5e27e416ab37853c9c1d575234e58e18abcc7bf092b869157960e6b2f,131072,asterix,43328,389952,202608056105,61,393216,32,768,3264,0.7,4,9.810771604928418e-07,4,1.4264732603177173e-05,1.4264732603177173e-05,4
1.0168067356334815e-06,1.3208994414268958e-05,10824,8,3f4859c5e27e416ab37853c9c1d575234e58e18abcc7bf092b869157960e6b2f,131072,asterix,43328,389952,202608056105,61,393216,32,768,3264,0.7,4,1.0526928882375848e-06,4,1.4879937465290888e-05,1.4879937465290888e-05,4
5.80253385525806e-07,1.9296147821554398e-05,21738,0,3f4859c5e27e416ab37853c9c1d575234e58e18abcc7bf092b869157960e6b2f,131072,asterix,21738,195642,202608056105,89,196608,8,768,960,0.9,1,6.738607178809928e-07,4,2.616800309841509e-05,2.0335805557811108e-05,1
6.020822767361393e-07,1.9481020503796942e-05,21730,8,3f4859c5e27e416ab37853c9c1d575234e58e18abcc7bf092b869157960e6b2f,131072,asterix,21738,195642,202608056105,89,196608,8,768,960,0.9,1,6.892313711975561e-07,4,2.6701051353082774e-05,2.0546464909351586e-05,1
1.467456178856942e-06,2.643771462589676e-05,11816,0,3f4859c5e27e416ab37853c9c1d575234e58e18abcc7bf092b869157960e6b2f,131072,asterix,11816,389928,202608056105,89,393216,32,768,3264,0.9,1,4.898537877129249e-07,4,3.4932921778787526e-06,3.097492264687173e-05,1
1.5035344930554133e-06,2.6469842793048177e-05,11808,8,3f4859c5e27e416ab37853c9c1d575234e58e18abcc7bf092b869157960e6b2f,131072,asterix,11816,389928,202608056105,89,393216,32,768,3264,0.9,1,5.203522419154225e-07,4,3.818453693827592e-06,3.11202141050529e-05,1
5.80253385525806e-07,1.9296147821554398e-05,21738,0,3f4859c5e27e416ab37853c9c1d575234e58e18abcc7bf092b869157960e6b2f,131072,asterix,21738,195642,202608056105,96,196608,8,768,960,1.0,1,5.354029364519175e-07,4,1.6522488234213914e-05,2.0335805557811108e-05,1
6.020822767361393e-07,1.9481020503796942e-05,21730,8,3f4859c5e27e416ab37853c9c1d575234e58e18abcc7bf092b869157960e6b2f,131072,asterix,21738,195642,202608056105,96,196608,8,768,960,1.0,1,5.540361224389881e-07,4,1.6639499829237943e-05,2.0546464909351586e-05,1
1.467456178856942e-06,2.643771462589676e-05,11816,0,3f4859c5e27e416ab37853c9c1d575234e58e18abcc7bf092b869157960e6b2f,131072,asterix,11816,389928,202608056105,96,393216,32,768,3264,1.0,1,9.810771604928418e-07,4,1.4264732603177173e-05,3.097492264687173e-05,1
1.5035344930554133e-06,2.6469842793048177e-05,11808,8,3f4859c5e27e416ab37853c9c1d575234e58e18abcc7bf092b869157960e6b2f,131072,asterix,11816,389928,202608056105,96,393216,32,768,3264,1.0,1,1.0526928882375848e-06,4,1.4879937465290888e-05,3.11202141050529e-05,1
6.141813073946736e-08,4.801205779816641e-07,8144,0,3f4859c5e27e416ab37853c9c1d575234e58e18abcc7bf092b869157960e6b2f,131072,asterix,130304,195456,202608056106,1,196608,8,768,960,0.0,16,4.027810596517678e-07,4,1.6349110952761907e-05,6.021243110682884e-07,16
6.155015730372338e-08,4.6792039586869187e-07,8136,8,3f4859c5e27e416ab37853c9c1d575234e58e18abcc7bf092b869157960e6b2f,131072,asterix,130304,195456,202608056106,1,196608,8,768,960,0.0,16,4.059590633999044e-07,4,1.6438701241801975e-05,5.824906629924085e-07,16
5.960866494450501e-08,4.456617012544226e-07,8124,0,3f4859c5e27e416ab37853c9c1d575234e58e18abcc7bf092b869157960e6b2f,131072,asterix,129984,389952,202608056106,1,393216,32,768,3264,0.0,16,3.972548214379144e-07,4,1.4333356483185498e-05,6.021243110682884e-07,16
5.9528431271719465e-08,4.356897211710502e-07,8116,8,3f4859c5e27e416ab37853c9c1d575234e58e18abcc7bf092b869157960e6b2f,131072,asterix,129984,389952,202608056106,1,393216,32,768,3264,0.0,16,4.02405101719192e-07,4,1.4762295191686787e-05,5.824906629924085e-07,16
1.2132051790268362e-07,1.053732374086655e-06,8144,0,3f4859c5e27e416ab37853c9c1d575234e58e18abcc7bf092b869157960e6b2f,131072,asterix,130304,195456,202608056106,2,196608,8,768,960,0.1,16,2.019868047667859e-07,4,9.07094068492938e-06,9.725580781777623e-07,16
1.2255276578638663e-07,1.0696932256355248e-06,8136,8,3f4859c5e27e416ab37853c9c1d575234e58e18abcc7bf092b869157960e6b2f,131072,asterix,130304,195456,202608056106,2,196608,8,768,960,0.1,16,2.0316640464295358e-07,4,9.10823044980295e-06,1.0107931034078874e-06,16
1.1927570268467033e-07,1.0417115993342275e-06,8124,0,3f4859c5e27e416ab37853c9c1d575234e58e18abcc7bf092b869157960e6b2f,131072,asterix,129984,389952,202608056106,2,393216,32,768,3264,0.1,16,3.667144730777932e-07,4,1.2506847965273247e-05,9.725580781777623e-07,16
1.2001387482385167e-07,1.0483978437794729e-06,8116,8,3f4859c5e27e416ab37853c9c1d575234e58e18abcc7bf092b869157960e6b2f,131072,asterix,129984,389952,202608056106,2,393216,32,768,3264,0.1,16,3.702369992110772e-07,4,1.2566268748927881e-05,1.0107931034078874e-06,16
6.890790252904103e-08,3.17150950977394e-07,16304,0,3f4859c5e27e416ab37853c9c1d575234e58e18abcc7bf092b869157960e6b2f,131072,asterix,65216,195648,202608056106,37,196608,8,768,960,0.3,4,7.24117613911345e-08,4,2.4008584738408873e-07,2.4008584738408873e-07,4
7.113712545138678e-08,3.427958765446618e-07,16296,8,3f4859c5e27e416ab37853c9c1d575234e58e18abcc7bf092b869157960e6b2f,131072,asterix,65216,195648,202608056106,37,196608,8,768,960,0.3,4,7.437924712851776e-08,4,2.5084069661912415e-07,2.5084069661912415e-07,4
3.726786095275873e-07,9.358382148662308e-06,10832,0,3f4859c5e27e416ab37853c9c1d575234e58e18abcc7bf092b869157960e6b2f,131072,asterix,43328,389952,202608056106,37,393216,32,768,3264,0.3,4,3.914377732162747e-07,4,9.980209155917313e-06,1.067473889469736e-06,16
3.779530755036871e-07,9.486877989160393e-06,10824,8,3f4859c5e27e416ab37853c9c1d575234e58e18abcc7bf092b869157960e6b2f,131072,asterix,43328,389952,202608056106,37,393216,32,768,3264,0.3,4,3.940940749655386e-07,4,9.983017093734198e-06,1.1134840815117497e-06,16
4.5862937520833176e-07,1.937381754666751e-05,16304,0,3f4859c5e27e416ab37853c9c1d575234e58e18abcc7bf092b869157960e6b2f,131072,asterix,65216,195648,202608056106,41,196608,8,768,960,0.5,4,5.045283291165083e-07,4,2.1479701536480565e-05,2.1479701536480565e-05,4
4.4979200616898067e-07,1.868827679472527e-05,16296,8,3f4859c5e27e416ab37853c9c1d575234e58e18abcc7bf092b869157960e6b2f,131072,asterix,65216,195648,202608056106,41,196608,8,768,960,0.5,4,4.94684064692619e-07,4,2.0722317874355038e-05,2.0722317874355038e-05,4
3.5544979428381794e-07,3.3890747180280354e-06,10832,0,3f4859c5e27e416ab37853c9c1d575234e58e18abcc7bf092b869157960e6b2f,131072,asterix,43328,389952,202608056106,41,393216,32,768,3264,0.5,4,3.7993421493693096e-07,4,3.359760302157429e-06,3.359760302157429e-06,4
3.5294345765913285e-07,3.5320631566651066e-06,10824,8,3f4859c5e27e416ab37853c9c1d575234e58e18abcc7bf092b869157960e6b2f,131072,asterix,43328,389952,202608056106,41,393216,32,768,3264,0.5,4,3.753187602586739e-07,4,3.4134810465112167e-06,3.4134810465112167e-06,4
4.425916959388774e-07,5.3034793376270585e-06,21738,0,3f4859c5e27e416ab37853c9c1d575234e58e18abcc7bf092b869157960e6b2f,131072,asterix,21738,195642,202608056106,71,196608,8,768,960,0.7,1,3.260050465792569e-08,4,4.4545882739224545e-07,5.022177413337976e-06,1
4.4282309276059105e-07,4.970742858620433e-06,21730,8,3f4859c5e27e416ab37853c9c1d575234e58e18abcc7bf092b869157960e6b2f,131072,asterix,21738,195642,202608056106,71,196608,8,768,960,0.7,1,3.3616781664816906e-08,4,4.3438988268607097e-07,4.75601083089707e-06,1
1.9796871515674166e-07,5.048657711745495e-06,10832,0,3f4859c5e27e416ab37853c9c1d575234e58e18abcc7bf092b869157960e6b2f,131072,asterix,43328,389952,202608056106,71,393216,32,768,3264,0.7,4,2.0232744499846754e-07,4,4.9377365627431355e-06,4.9377365627431355e-06,4
2.0041950689315564e-07,4.954881246825208e-06,10824,8,3f4859c5e27e416ab37853c9c1d575234e58e18abcc7bf092b869157960e6b2f,131072,asterix,43328,389952,202608056106,71,393216,32,768,3264,0.7,4,2.0426217589868208e-07,4,4.781007136053335e-06,4.781007136053335e-06,4
4.425916959388774e-07,5.3034793376270585e-06,21738,0,3f4859c5e27e416ab37853c9c1d575234e58e18abcc7bf092b869157960e6b2f,131072,asterix,21738,195642,202608056106,88,196608,8,768,960,0.9,1,7.628548098625942e-07,4,3.2181815327653315e-05,5.022177413337976e-06,1
4.4282309276059105e-07,4.970742858620433e-06,21730,8,3f4859c5e27e416ab37853c9c1d575234e58e18abcc7bf092b869157960e6b2f,131072,asterix,21738,195642,202608056106,88,196608,8,768,960,0.9,1,7.517112468455063e-07,4,3.095163259759417e-05,4.75601083089707e-06,1
2.2526793125063789e-07,1.6286893065494685e-06,11816,0,3f4859c5e27e416ab37853c9c1d575234e58e18abcc7bf092b869157960e6b2f,131072,asterix,11816,389928,202608056106,88,393216,32,768,3264,0.9,1,3.936288427953713e-07,4,2.6800412384121803e-06,2.6701860057987036e-06,1
2.3057316062316802e-07,1.7657338554871915e-06,11808,8,3f4859c5e27e416ab37853c9c1d575234e58e18abcc7bf092b869157960e6b2f,131072,asterix,11816,389928,202608056106,88,393216,32,768,3264,0.9,1,3.8885954165054923e-07,4,2.6337678653041957e-06,2.9776124412154642e-06,1
4.425916959388774e-07,5.3034793376270585e-06,21738,0,3f4859c5e27e416ab37853c9c1d575234e58e18abcc7bf092b869157960e6b2f,131072,asterix,21738,195642,202608056106,96,196608,8,768,960,1.0,1,7.628548098625942e-07,4,3.2181815327653315e-05,5.022177413337976e-06,1
4.4282309276059105e-07,4.970742858620433e-06,21730,8,3f4859c5e27e416ab37853c9c1d575234e58e18abcc7bf092b869157960e6b2f,131072,asterix,21738,195642,202608056106,96,196608,8,768,960,1.0,1,7.517112468455063e-07,4,3.095163259759417e-05,4.75601083089707e-06,1
2.2526793125063789e-07,1.6286893065494685e-06,11816,0,3f4859c5e27e416ab37853c9c1d575234e58e18abcc7bf092b869157960e6b2f,131072,asterix,11816,389928,202608056106,96,393216,32,768,3264,1.0,1,3.936288427953713e-07,4,2.6800412384121803e-06,2.6701860057987036e-06,1
2.3057316062316802e-07,1.7657338554871915e-06,11808,8,3f4859c5e27e416ab37853c9c1d575234e58e18abcc7bf092b869157960e6b2f,131072,asterix,11816,389928,202608056106,96,393216,32,768,3264,1.0,1,3.8885954165054923e-07,4,2.6337678653041957e-06,2.9776124412154642e-06,1
1.6572689375310456e-07,6.469784374851723e-06,8144,0,3f4859c5e27e416ab37853c9c1d575234e58e18abcc7bf092b869157960e6b2f,131072,asterix,130304,195456,202608056107,0,196608,8,768,960,0.0,16,9.031577310538858e-08,4,3.820371516170597e-07,7.659411572746498e-06,16
1.637968747521075e-07,6.353438485004038e-06,8136,8,3f4859c5e27e416ab37853c9c1d575234e58e18abcc7bf092b869157960e6b2f,131072,asterix,130304,195456,202608056107,0,196608,8,768,960,0.0,16,9.043594408402391e-08,4,4.0378276158107063e-07,7.559117954469886e-06,16
1.5705017936413746e-07,6.017188475708172e-06,8124,0,3f4859c5e27e416ab37853c9c1d575234e58e18abcc7bf092b869157960e6b2f,131072,asterix,129984,389952,202608056107,0,393216,32,768,3264,0.0,16,6.561110126872087e-07,4,3.119403892453526e-05,7.659411572746498e-06,16
1.5500189951238765e-07,5.885329761651559e-06,8116,8,3f4859c5e27e416ab37853c9c1d575234e58e18abcc7bf092b869157960e6b2f,131072,asterix,129984,389952,202608056107,0,393216,32,768,3264,0.0,16,6.504653683271658e-07,4,3.084207696160864e-05,7.559117954469886e-06,16
9.605294711255702e-08,4.045352335758044e-07,16304,0,3f4859c5e27e416ab37853c9c1d575234e58e18abcc7bf092b869157960e6b2f,131072,asterix,65216,195648,202608056107,14,196608,8,768,960,0.1,4,9.031577310538858e-08,4,3.820371516170597e-07,9.958804255295738e-06,16
9.601926478629049e-08,4.2243557453908094e-07,16296,8,3f4859c5e27e416ab37853c9c1d575234e58e18abcc7bf092b869157960e6b2f,131072,asterix,65216,195648,202608056107,14,196608,8,768,960,0.1,4,9.043594408402391e-08,4,4.0378276158107063e-07,9.776181366896576e-06,16
1.836562717016852e-07,8.063365548114765e-06,8124,0,3f4859c5e27e416ab37853c9c1d575234e58e18abcc7bf092b869157960e6b2f,131072,asterix,129984,389952,202608056107,14,393216,32,768,3264,0.1,16,6.561110126872087e-07,4,3.119403892453526e-05,9.958804255295738e-06,16
1.8008583026263073e-07,7.875686259722045e-06,8116,8,3f4859c5e27e416ab37853c9c1d575234e58e18abcc7bf092b869157960e6b2f,131072,asterix,129984,389952,202608056107,14,393216,32,768,3264,0.1,16,6.504653683271658e-07,4,3.084207696160864e-05,9.776181366896576e-06,16
1.5271276783638056e-07,4.11222595764499e-06,16304,0,3f4859c5e27e416ab37853c9c1d575234e58e18abcc7bf092b869157960e6b2f,131072,asterix,65216,195648,202608056107,26,196608,8,768,960,0.3,4,1.5405687843591012e-07,4,4.3359390324448155e-06,4.3359390324448155e-06,4
1.5191639919208647e-07,4.0880550249609176e-06,16296,8,3f4859c5e27e416ab37853c9c1d575234e58e18abcc7bf092b869157960e6b2f,131072,asterix,65216,195648,202608056107,26,196608,8,768,960,0.3,4,1.539278763719339e-07,4,4.344577217377773e-06,4.344577217377773e-06,4
5.584119434851461e-07,2.2339589792155697e-05,8124,0,3f4859c5e27e416ab37853c9c1d575234e58e18abcc7bf092b869157960e6b2f,131072,asterix,129984,389952,202608056107,26,393216,32,768,3264,0.3,16,6.377893161279767e-07,4,2.819725709935943e-05,2.5057278799936233e-05,16
5.51607610870183e-07,2.192141627930863e-05,8116,8,3f4859c5e27e416ab37853c9c1d575234e58e18abcc7bf092b869157960e6b2f,131072,asterix,129984,389952,202608056107,26,393216,32,768,3264,0.3,16,6.452426042274737e-07,4,2.845631125780954e-05,2.4594505741481475e-05,16
1.7503980242367236e-07,2.7844249038326344e-06,16304,0,3f4859c5e27e416ab37853c9c1d575234e58e18abcc7bf092b869157960e6b2f,131072,asterix,65216,195648,202608056107,48,196608,8,768,960,0.5,4,1.687664067780215e-07,4,3.156866233900249e-06,3.156866233900249e-06,4
1.8115995647330093e-07,2.926929197500056e-06,16296,8,3f4859c5e27e416ab37853c9c1d575234e58e18abcc7bf092b869157960e6b2f,131072,asterix,65216,195648,202608056107,48,196608,8,768,960,0.5,4,1.7547812806865384e-07,4,3.3844919818909507e-06,3.3844919818909507e-06,4
1.2170095664484287e-06,4.159819709381656e-05,10832,0,3f4859c5e27e416ab37853c9c1d575234e58e18abcc7bf092b869157960e6b2f,131072,asterix,43328,389952,202608056107,48,393216,32,768,3264,0.5,4,1.0012113792261802e-06,4,3.1517410682956565e-05,3.1517410682956565e-05,4
1.2319166005801715e-06,4.1557870900384756e-05,10824,8,3f4859c5e27e416ab37853c9c1d575234e58e18abcc7bf092b869157960e6b2f,131072,asterix,43328,389952,202608056107,48,393216,32,768,3264,0.5,4,1.0080962024402758e-06,4,3.097677908627589e-05,3.097677908627589e-05,4
1.4190618086322503e-07,1.1625625164990818e-06,21738,0,3f4859c5e27e416ab37853c9c1d575234e58e18abcc7bf092b869157960e6b2f,131072,asterix,21738,195642,202608056107,69,196608,8,768,960,0.7,1,1.687664067780215e-07,4,3.156866233900249e-06,1.2124503280701359e-06,1
1.3492821299584865e-07,1.2988578478767086e-06,21730,8,3f4859c5e27e416ab37853c9c1d575234e58e18abcc7bf092b869157960e6b2f,131072,asterix,21738,195642,202608056107,69,196608,8,768,960,0.7,1,1.7547812806865384e-07,4,3.3844919818909507e-06,1.2980092203836637e-06,1
1.2170095664484287e-06,4.159819709381656e-05,10832,0,3f4859c5e27e416ab37853c9c1d575234e58e18abcc7bf092b869157960e6b2f,131072,asterix,43328,389952,202608056107,69,393216,32,768,3264,0.7,4,1.0012113792261802e-06,4,3.1517410682956565e-05,3.1517410682956565e-05,4
1.2319166005801715e-06,4.1557870900384756e-05,10824,8,3f4859c5e27e416ab37853c9c1d575234e58e18abcc7bf092b869157960e6b2f,131072,asterix,43328,389952,202608056107,69,393216,32,768,3264,0.7,4,1.0080962024402758e-06,4,3.097677908627589e-05,3.097677908627589e-05,4
1.4190618086322503e-07,1.1625625164990818e-06,21738,0,3f4859c5e27e416ab37853c9c1d575234e58e18abcc7bf092b869157960e6b2f,131072,asterix,21738,195642,202608056107,88,196608,8,768,960,0.9,1,1.8036559229396484e-07,4,1.5116792839380714e-06,1.2124503280701359e-06,1
1.3492821299584865e-07,1.2988578478767086e-06,21730,8,3f4859c5e27e416ab37853c9c1d575234e58e18abcc7bf092b869157960e6b2f,131072,asterix,21738,195642,202608056107,88,196608,8,768,960,0.9,1,1.8065321319796214e-07,4,1.7568870949898135e-06,1.2980092203836637e-06,1
2.8194680793466864e-07,6.026690226252493e-06,11816,0,3f4859c5e27e416ab37853c9c1d575234e58e18abcc7bf092b869157960e6b2f,131072,asterix,11816,389928,202608056107,88,393216,32,768,3264,0.9,1,1.1498817912947985e-06,4,3.691243334989829e-05,6.75417400801241e-06,1
2.8199217206773134e-07,5.309378550279077e-06,11808,8,3f4859c5e27e416ab37853c9c1d575234e58e18abcc7bf092b869157960e6b2f,131072,asterix,11816,389928,202608056107,88,393216,32,768,3264,0.9,1,1.1456272918668833e-06,4,3.574686630653316e-05,5.910620944354757e-06,1
1.4190618086322503e-07,1.1625625164990818e-06,21738,0,3f4859c5e27e416ab37853c9c1d575234e58e18abcc7bf092b869157960e6b2f,131072,asterix,21738,195642,202608056107,96,196608,8,768,960,1.0,1,1.8036559229396484e-07,4,1.5116792839380714e-06,1.2124503280701359e-06,1
1.3492821299584865e-07,1.2988578478767086e-06,21730,8,3f4859c5e27e416ab37853c9c1d575234e58e18abcc7bf092b869157960e6b2f,131072,asterix,21738,195642,202608056107,96,196608,8,768,960,1.0,1,1.8065321319796214e-07,4,1.7568870949898135e-06,1.2980092203836637e-06,1
2.8194680793466864e-07,6.026690226252493e-06,11816,0,3f4859c5e27e416ab37853c9c1d575234e58e18abcc7bf092b869157960e6b2f,131072,asterix,11816,389928,202608056107,96,393216,32,768,3264,1.0,1,1.1498817912947985e-06,4,3.691243334989829e-05,6.75417400801241e-06,1
2.8199217206773134e-07,5.309378550279077e-06,11808,8,3f4859c5e27e416ab37853c9c1d575234e58e18abcc7bf092b869157960e6b2f,131072,asterix,11816,389928,202608056107,96,393216,32,768,3264,1.0,1,1.1456272918668833e-06,4,3.574686630653316e-05,5.910620944354757e-06,1
4.7990646179304324e-08,4.917037552204487e-07,8144,0,3f4859c5e27e416ab37853c9c1d575234e58e18abcc7bf092b869157960e6b2f,131072,asterix,130304,195456,202608056108,0,196608,8,768,960,0.0,16,6.619880856634053e-07,4,2.5161025403967435e-05,5.604552216645869e-07,16
4.7807040689003624e-08,4.824821349304497e-07,8136,8,3f4859c5e27e416ab37853c9c1d575234e58e18abcc7bf092b869157960e6b2f,131072,asterix,130304,195456,202608056108,0,196608,8,768,960,0.0,16,6.583368252416003e-07,4,2.5073391643154026e-05,5.530805276101742e-07,16
4.647464919277035e-08,4.6274751041970584e-07,8124,0,3f4859c5e27e416ab37853c9c1d575234e58e18abcc7bf092b869157960e6b2f,131072,asterix,129984,389952,202608056108,0,393216,32,768,3264,0.0,16,2.1773188427592234e-07,4,4.854832410117092e-06,5.604552216645869e-07,16
4.600608325382328e-08,4.4696729786513094e-07,8116,8,3f4859c5e27e416ab37853c9c1d575234e58e18abcc7bf092b869157960e6b2f,131072,asterix,129984,389952,202608056108,0,393216,32,768,3264,0.0,16,2.1606457202000896e-07,4,4.85571188874683e-06,5.530805276101742e-07,16
3.7500398754907955e-07,1.4562768877591985e-05,16304,0,3f4859c5e27e416ab37853c9c1d575234e58e18abcc7bf092b869157960e6b2f,131072,asterix,65216,195648,202608056108,12,196608,8,768,960,0.1,4,3.8296179958975283e-07,4,1.495638762315026e-05,8.446828018701834e-07,16
3.7131498863557985e-07,1.4446750647820868e-05,16296,8,3f4859c5e27e416ab37853c9c1d575234e58e18abcc7bf092b869157960e6b2f,131072,asterix,65216,195648,202608056108,12,196608,8,768,960,0.1,4,3.7797155699130613e-07,4,1.4787411041700313e-05,8.443275463719873e-07,16
1.339335206719085e-07,1.2691751615838669e-06,8124,0,3f4859c5e27e416ab37853c9c1d575234e58e18abcc7bf092b869157960e6b2f,131072,asterix,129984,389952,202608056108,12,393216,32,768,3264,0.1,16,2.5434664399387246e-07,4,8.562375151767339e-07,8.446828018701834e-07,16
1.3089600837362492e-07,1.2814435394591204e-06,8116,8,3f4859c5e27e416ab37853c9c1d575234e58e18abcc7bf092b869157960e6b2f,131072,asterix,129984,389952,202608056108,12,393216,32,768,3264,0.1,16,2.523421679201187e-07,4,8.429377254523473e-07,8.443275463719873e-07,16
1.5199658966584733e-07,1.5724875136367637e-06,16304,0,3f4859c5e27e416ab37853c9c1d575234e58e18abcc7bf092b869157960e6b2f,131072,asterix,65216,195648,202608056108,22,196608,8,768,960,0.3,4,1.4519946095714009e-07,4,1.1884163027463504e-06,1.1884163027463504e-06,4
1.5616660840286815e-07,1.650817936526547e-06,16296,8,3f4859c5e27e416ab37853c9c1d575234e58e18abcc7bf092b869157960e6b2f,131072,asterix,65216,195648,202608056108,22,196608,8,768,960,0.3,4,1.4895126895503834e-07,4,1.2625386426276652e-06,1.2625386426276652e-06,4
2.2817647740651517e-07,7.485338528160891e-07,8124,0,3f4859c5e27e416ab37853c9c1d575234e58e18abcc7bf092b869157960e6b2f,131072,asterix,129984,389952,202608056108,22,393216,32,768,3264,0.3,16,8.552473184386363e-07,4,3.0698360252197063e-06,9.684585642817684e-07,16
2.2430760309609903e-07,7.351094689248274e-07,8116,8,3f4859c5e27e416ab37853c9c1d575234e58e18abcc7bf092b869157960e6b2f,131072,asterix,129984,389952,202608056108,22,393216,32,768,3264,0.3,16,8.550971622481034e-07,4,3.1988603593948964e-06,9.451904902778905e-07,16
1.8490318813946778e-07,6.005899988108318e-07,16304,0,3f4859c5e27e416ab37853c9c1d575234e58e18abcc7bf092b869157960e6b2f,131072,asterix,65216,195648,202608056108,52,196608,8,768,960,0.5,4,1.8915555889349905e-07,4,6.120854332974781e-07,6.120854332974781e-07,4
1.8637138722082876e-07,6.065923600064183e-07,16296,8,3f4859c5e27e416ab37853c9c1d575234e58e18abcc7bf092b869157960e6b2f,131072,asterix,65216,195648,202608056108,52,196608,8,768,960,0.5,4,1.9013126945542727e-07,4,6.155117039565547e-07,6.155117039565547e-07,4
8.954794021515403e-07,3.438499662691675e-06,10832,0,3f4859c5e27e416ab37853c9c1d575234e58e18abcc7bf092b869157960e6b2f,131072,asterix,43328,389952,202608056108,52,393216,32,768,3264,0.5,4,8.110322575466488e-07,4,3.2703371389083315e-06,3.2703371389083315e-06,4
9.096145741253468e-07,3.546429552610391e-06,10824,8,3f4859c5e27e416ab37853c9c1d575234e58e18abcc7bf092b869157960e6b2f,131072,asterix,43328,389952,202608056108,52,393216,32,768,3264,0.5,4,8.166734379631921e-07,4,3.3947384785208244e-06,3.3947384785208244e-06,4
1.2044155997334335e-07,2.7662394235231583e-06,16304,0,3f4859c5e27e416ab37853c9c1d575234e58e18abcc7bf092b869157960e6b2f,131072,asterix,65216,195648,202608056108,62,196608,8,768,960,0.7,4,1.3076438143144226e-07,4,3.1452566421445007e-06,1.6472553999167698e-05,1
1.2019662925161178e-07,2.8222009110268584e-06,16296,8,3f4859c5e27e416ab37853c9c1d575234e58e18abcc7bf092b869157960e6b2f,131072,asterix,65216,195648,202608056108,62,196608,8,768,960,0.7,4,1.2991697053557092e-07,4,3.1888793061876853e-06,1.6648075136298053e-05,1
5.4482050492045e-07,1.8325609135574076e-06,10832,0,3f4859c5e27e416ab37853c9c1d575234e58e18abcc7bf092b869157960e6b2f,131072,asterix,43328,389952,202608056108,62,393216,32,768,3264,0.7,4,4.927463514049838e-07,4,1.6513421535528822e-06,1.6513421535528822e-06,4
5.524970456783825e-07,1.8557856718728794e-06,10824,8,3f4859c5e27e416ab37853c9c1d575234e58e18abcc7bf092b869157960e6b2f,131072,asterix,43328,389952,202608056108,62,393216,32,768,3264,0.7,4,4.956733494216471e-07,4,1.6612759729216362e-06,1.6612759729216362e-06,4
6.310911754412001e-07,2.6340249824303987e-05,21738,0,3f4859c5e27e416ab37853c9c1d575234e58e18abcc7bf092b869157960e6b2f,131072,asterix,21738,195642,202608056108,83,196608,8,768,960,0.9,1,4.980480091254343e-07,4,7.683149651990074e-06,2.471861225523751e-05,1
6.443595134020769e-07,2.650531595151962e-05,21730,8,3f4859c5e27e416ab37853c9c1d575234e58e18abcc7bf092b869157960e6b2f,131072,asterix,21738,195642,202608056108,83,196608,8,768,960,0.9,1,5.182755037853514e-07,4,8.11391553721741e-06,2.5026950149404197e-05,1
1.4419701312111017e-06,5.652475305791973e-06,10832,0,3f4859c5e27e416ab37853c9c1d575234e58e18abcc7bf092b869157960e6b2f,131072,asterix,43328,389952,202608056108,83,393216,32,768,3264,0.9,4,1.3211510368327818e-06,4,5.890403957191763e-06,2.732277194494684e-06,1
1.4540996928644754e-06,5.995505449209944e-06,10824,8,3f4859c5e27e416ab37853c9c1d575234e58e18abcc7bf092b869157960e6b2f,131072,asterix,43328,389952,202608056108,83,393216,32,768,3264,0.9,4,1.322587490621887e-06,4,6.3933928895889255e-06,2.634554911708545e-06,1
6.310911754412001e-07,2.6340249824303987e-05,21738,0,3f4859c5e27e416ab37853c9c1d575234e58e18abcc7bf092b869157960e6b2f,131072,asterix,21738,195642,202608056108,96,196608,8,768,960,1.0,1,4.980480091254343e-07,4,7.683149651990074e-06,2.471861225523751e-05,1
6.443595134020769e-07,2.650531595151962e-05,21730,8,3f4859c5e27e416ab37853c9c1d575234e58e18abcc7bf092b869157960e6b2f,131072,asterix,21738,195642,202608056108,96,196608,8,768,960,1.0,1,5.182755037853514e-07,4,8.11391553721741e-06,2.5026950149404197e-05,1
8.397962726661838e-07,3.1385135522458133e-06,11816,0,3f4859c5e27e416ab37853c9c1d575234e58e18abcc7bf092b869157960e6b2f,131072,asterix,11816,389928,202608056108,96,393216,32,768,3264,1.0,1,1.3211510368327818e-06,4,5.890403957191763e-06,2.732277194494684e-06,1
8.206078116881138e-07,2.9667892862716045e-06,11808,8,3f4859c5e27e416ab37853c9c1d575234e58e18abcc7bf092b869157960e6b2f,131072,asterix,11816,389928,202608056108,96,393216,32,768,3264,1.0,1,1.322587490621887e-06,4,6.3933928895889255e-06,2.634554911708545e-06,1
1.0258341844596608e-07,3.0660224406486583e-06,8144,0,3f4859c5e27e416ab37853c9c1d575234e58e18abcc7bf092b869157960e6b2f,131072,asterix,130304,195456,202608056109,0,196608,8,768,960,0.0,16,1.203936173699062e-07,4,2.185841500744368e-06,3.5361411731469815e-06,16
1.0301269996561673e-07,3.0537712994562294e-06,8136,8,3f4859c5e27e416ab37853c9c1d575234e58e18abcc7bf092b869157960e6b2f,131072,asterix,130304,195456,202608056109,0,196608,8,768,960,0.0,16,1.2016706920548117e-07,4,2.2309739359560977e-06,3.5584998330994955e-06,16
1.0219475004918989e-07,2.9031693569478597e-06,8124,0,3f4859c5e27e416ab37853c9c1d575234e58e18abcc7bf092b869157960e6b2f,131072,asterix,129984,389952,202608056109,0,393216,32,768,3264,0.0,16,8.357463277452808e-07,4,3.718224354349766e-05,3.5361411731469815e-06,16
1.0382670610111053e-07,2.946186574060342e-06,8116,8,3f4859c5e27e416ab37853c9c1d575234e58e18abcc7bf092b869157960e6b2f,131072,asterix,129984,389952,202608056109,0,393216,32,768,3264,0.0,16,8.56947599521474e-07,4,3.806539481732908e-05,3.5584998330994955e-06,16
5.030517989935054e-07,2.172035984910693e-05,16304,0,3f4859c5e27e416ab37853c9c1d575234e58e18abcc7bf092b869157960e6b2f,131072,asterix,65216,195648,202608056109,12,196608,8,768,960,0.1,4,5.238942367763266e-07,4,2.232179171302247e-05,2.499710455739244e-06,16
5.080400607232283e-07,2.1995411725027233e-05,16296,8,3f4859c5e27e416ab37853c9c1d575234e58e18abcc7bf092b869157960e6b2f,131072,asterix,65216,195648,202608056109,12,196608,8,768,960,0.1,4,5.237903663562721e-07,4,2.23881940342864e-05,2.5256709017843686e-06,16
1.0487123680910606e-07,2.4718435434189017e-06,8124,0,3f4859c5e27e416ab37853c9c1d575234e58e18abcc7bf092b869157960e6b2f,131072,asterix,129984,389952,202608056109,12,393216,32,768,3264,0.1,16,4.5432939008765857e-07,4,1.4633975492817715e-05,2.499710455739244e-06,16
1.0682688141663698e-07,2.491213366586697e-06,8116,8,3f4859c5e27e416ab37853c9c1d575234e58e18abcc7bf092b869157960e6b2f,131072,asterix,129984,389952,202608056109,12,393216,32,768,3264,0.1,16,4.655084837322539e-07,4,1.4854134780663811e-05,2.5256709017843686e-06,16
9.600351147865247e-07,4.569115160919752e-05,16304,0,3f4859c5e27e416ab37853c9c1d575234e58e18abcc7bf092b869157960e6b2f,131072,asterix,65216,195648,202608056109,33,196608,8,768,960,0.3,4,9.630228252518382e-07,4,4.629571193111142e-05,4.629571193111142e-05,4
9.676092987881526e-07,4.595302813678137e-05,16296,8,3f4859c5e27e416ab37853c9c1d575234e58e18abcc7bf092b869157960e6b2f,131072,asterix,65216,195648,202608056109,33,196608,8,768,960,0.3,4,9.704140099920752e-07,4,4.65101527248961e-05,4.65101527248961e-05,4
2.098627209158306e-07,4.757366479280104e-06,10832,0,3f4859c5e27e416ab37853c9c1d575234e58e18abcc7bf092b869157960e6b2f,131072,asterix,43328,389952,202608056109,33,393216,32,768,3264,0.3,4,2.1363026698202586e-07,4,4.637156220680385e-06,2.3458223395435463e-05,16
2.1259465633659943e-07,4.927225280994308e-06,10824,8,3f4859c5e27e416ab37853c9c1d575234e58e18abcc7bf092b869157960e6b2f,131072,asterix,43328,389952,202608056109,33,393216,32,768,3264,0.3,4,2.180059018568015e-07,4,4.877291927693383e-06,2.3713651820675548e-05,16
1.997406693033633e-06,9.788447260521408e-05,16304,0,3f4859c5e27e416ab37853c9c1d575234e58e18abcc7bf092b869157960e6b2f,131072,asterix,65216,195648,202608056109,44,196608,8,768,960,0.5,4,2.0498556954144693e-06,4,0.00010135125458569199,0.00010135125458569199,4
2.0276878576981216e-06,9.914115725063826e-05,16296,8,3f4859c5e27e416ab37853c9c1d575234e58e18abcc7bf092b869157960e6b2f,131072,asterix,65216,195648,202608056109,44,196608,8,768,960,0.5,4,2.0806442259229756e-06,4,0.00010257128334292537,0.00010257128334292537,4
1.681528742277061e-07,5.642668975980782e-07,10832,0,3f4859c5e27e416ab37853c9c1d575234e58e18abcc7bf092b869157960e6b2f,131072,asterix,43328,389952,202608056109,44,393216,32,768,3264,0.5,4,1.7382693477310543e-07,4,6.247368353873919e-07,6.247368353873919e-07,4
1.7264841608317353e-07,5.681927782263569e-07,10824,8,3f4859c5e27e416ab37853c9c1d575234e58e18abcc7bf092b869157960e6b2f,131072,asterix,43328,389952,202608056109,44,393216,32,768,3264,0.5,4,1.7870768315151776e-07,4,6.185598693218074e-07,6.185598693218074e-07,4
2.690076421620784e-06,0.0001249917980394839,21738,0,3f4859c5e27e416ab37853c9c1d575234e58e18abcc7bf092b869157960e6b2f,131072,asterix,21738,195642,202608056109,69,196608,8,768,960,0.7,1,2.176447616488308e-06,4,9.596836229888643e-05,0.00011889886153753998,1
2.741205069194425e-06,0.00012833389291747437,21730,8,3f4859c5e27e416ab37853c9c1d575234e58e18abcc7bf092b869157960e6b2f,131072,asterix,21738,195642,202608056109,69,196608,8,768,960,0.7,1,2.2255610192421117e-06,4,9.843425289678655e-05,0.0001221046239420348,1
6.689561250209176e-07,1.4245376448438306e-05,10832,0,3f4859c5e27e416ab37853c9c1d575234e58e18abcc7bf092b869157960e6b2f,131072,asterix,43328,389952,202608056109,69,393216,32,768,3264,0.7,4,6.846758624114966e-07,4,1.5340288588752042e-05,1.5340288588752042e-05,4
6.623977261717784e-07,1.3678828708631421e-05,10824,8,3f4859c5e27e416ab37853c9c1d575234e58e18abcc7bf092b869157960e6b2f,131072,asterix,43328,389952,202608056109,69,393216,32,768,3264,0.7,4,6.771222592618929e-07,4,1.4665960416418385e-05,1.4665960416418385e-05,4
2.690076421620784e-06,0.0001249917980394839,21738,0,3f4859c5e27e416ab37853c9c1d575234e58e18abcc7bf092b869157960e6b2f,131072,asterix,21738,195642,202608056109,90,196608,8,768,960,0.9,1,2.176447616488308e-06,4,9.596836229888643e-05,0.00011889886153753998,1
2.741205069194425e-06,0.00012833389291747437,21730,8,3f4859c5e27e416ab37853c9c1d575234e58e18abcc7bf092b869157960e6b2f,131072,asterix,21738,195642,202608056109,90,196608,8,768,960,0.9,1,2.2255610192421117e-06,4,9.843425289678655e-05,0.0001221046239420348,1
4.786972673980364e-07,3.376140479790568e-06,11816,0,3f4859c5e27e416ab37853c9c1d575234e58e18abcc7bf092b869157960e6b2f,131072,asterix,11816,389928,202608056109,90,393216,32,768,3264,0.9,1,6.846758624114966e-07,4,1.5340288588752042e-05,2.2041449104004012e-06,1
4.856025122332212e-07,3.180325002018767e-06,11808,8,3f4859c5e27e416ab37853c9c1d575234e58e18abcc7bf092b869157960e6b2f,131072,asterix,11816,389928,202608056109,90,393216,32,768,3264,0.9,1,6.771222592618929e-07,4,1.4665960416418385e-05,2.0622579285888924e-06,1
2.690076421620784e-06,0.0001249917980394839,21738,0,3f4859c5e27e416ab37853c9c1d575234e58e18abcc7bf092b869157960e6b2f,131072,asterix,21738,195642,202608056109,96,196608,8,768,960,1.0,1,2.176447616488308e-06,4,9.596836229888643e-05,0.00011889886153753998,1
2.741205069194425e-06,0.00012833389291747437,21730,8,3f4859c5e27e416ab37853c9c1d575234e58e18abcc7bf092b869157960e6b2f,131072,asterix,21738,195642,202608056109,96,196608,8,768,960,1.0,1,2.2255610192421117e-06,4,9.843425289678655e-05,0.0001221046239420348,1
4.786972673980364e-07,3.376140479790568e-06,11816,0,3f4859c5e27e416ab37853c9c1d575234e58e18abcc7bf092b869157960e6b2f,131072,asterix,11816,389928,202608056109,96,393216,32,768,3264,1.0,1,6.846758624114966e-07,4,1.5340288588752042e-05,2.2041449104004012e-06,1
4.856025122332212e-07,3.180325002018767e-06,11808,8,3f4859c5e27e416ab37853c9c1d575234e58e18abcc7bf092b869157960e6b2f,131072,asterix,11816,389928,202608056109,96,393216,32,768,3264,1.0,1,6.771222592618929e-07,4,1.4665960416418385e-05,2.0622579285888924e-06,1
1.0614441123449272e-07,2.884120344434498e-06,8144,0,3f4859c5e27e416ab37853c9c1d575234e58e18abcc7bf092b869157960e6b2f,131072,asterix,130304,195456,202608056110,0,196608,8,768,960,0.0,16,2.6189323345224084e-07,4,6.139851793915972e-06,3.019135610981918e-06,16
1.0482990554964227e-07,2.815147324541665e-06,8136,8,3f4859c5e27e416ab37853c9c1d575234e58e18abcc7bf092b869157960e6b2f,131072,asterix,130304,195456,202608056110,0,196608,8,768,960,0.0,16,2.615284485014947e-07,4,6.127455962109179e-06,2.9735002263679314e-06,16
1.0513636280775174e-07,2.803081362175788e-06,8124,0,3f4859c5e27e416ab37853c9c1d575234e58e18abcc7bf092b869157960e6b2f,131072,asterix,129984,389952,202608056110,0,393216,32,768,3264,0.0,16,3.547799168739228e-07,4,1.7328599787168303e-05,3.019135610981918e-06,16
1.0359986941459396e-07,2.725732074024171e-06,8116,8,3f4859c5e27e416ab37853c9c1d575234e58e18abcc7bf092b869157960e6b2f,131072,asterix,129984,389952,202608056110,0,393216,32,768,3264,0.0,16,3.532627440286809e-07,4,1.7268437391215848e-05,2.9735002263679314e-06,16
1.3125069783688355e-06,6.82055571958637e-05,8144,0,3f4859c5e27e416ab37853c9c1d575234e58e18abcc7bf092b869157960e6b2f,131072,asterix,130304,195456,202608056110,10,196608,8,768,960,0.1,16,4.608085789058564e-07,4,1.6294245822039567e-05,6.640759011073764e-05,16
1.315881774228395e-06,6.84110840952058e-05,8136,8,3f4859c5e27e416ab37853c9c1d575234e58e18abcc7bf092b869157960e6b2f,131072,asterix,130304,195456,202608056110,10,196608,8,768,960,0.1,16,4.739467510620473e-07,4,1.6656082259094546e-05,6.69014465791003e-05,16
1.319798241725687e-06,6.856091440307953e-05,8124,0,3f4859c5e27e416ab37853c9c1d575234e58e18abcc7bf092b869157960e6b2f,131072,asterix,129984,389952,202608056110,10,393216,32,768,3264,0.1,16,7.322780284436951e-07,4,3.268484097378887e-05,6.640759011073764e-05,16
1.3213215039802885e-06,6.866473412842208e-05,8116,8,3f4859c5e27e416ab37853c9c1d575234e58e18abcc7bf092b869157960e6b2f,131072,asterix,129984,389952,202608056110,10,393216,32,768,3264,0.1,16,7.417503910483293e-07,4,3.316261372188449e-05,6.69014465791003e-05,16
4.807038406474696e-07,1.7091170416648572e-05,16304,0,3f4859c5e27e416ab37853c9c1d575234e58e18abcc7bf092b869157960e6b2f,131072,asterix,65216,195648,202608056110,33,196608,8,768,960,0.3,4,4.608085789058564e-07,4,1.6294245822039567e-05,1.6294245822039567e-05,4
4.931510095262481e-07,1.7406197790119365e-05,16296,8,3f4859c5e27e416ab37853c9c1d575234e58e18abcc7bf092b869157960e6b2f,131072,asterix,65216,195648,202608056110,33,196608,8,768,960,0.3,4,4.739467510620473e-07,4,1.6656082259094546e-05,1.6656082259094546e-05,4
7.677629581355782e-07,3.387455592123115e-05,10832,0,3f4859c5e27e416ab37853c9c1d575234e58e18abcc7bf092b869157960e6b2f,131072,asterix,43328,389952,202608056110,33,393216,32,768,3264,0.3,4,7.322780284436951e-07,4,3.268484097378887e-05,5.2220639254308604e-05,16
7.793055839370173e-07,3.4430616771012295e-05,10824,8,3f4859c5e27e416ab37853c9c1d575234e58e18abcc7bf092b869157960e6b2f,131072,asterix,43328,389952,202608056110,33,393216,32,768,3264,0.3,4,7.417503910483293e-07,4,3.316261372188449e-05,5.2553666712452726e-05,16
4.454283555761615e-07,1.2220123601071674e-05,16304,0,3f4859c5e27e416ab37853c9c1d575234e58e18abcc7bf092b869157960e6b2f,131072,asterix,65216,195648,202608056110,45,196608,8,768,960,0.5,4,4.3870418011388734e-07,4,1.1820838994059736e-05,1.1820838994059736e-05,4
4.7475648273098906e-07,1.2979956619654802e-05,16296,8,3f4859c5e27e416ab37853c9c1d575234e58e18abcc7bf092b869157960e6b2f,131072,asterix,65216,195648,202608056110,45,196608,8,768,960,0.5,4,4.698086942289521e-07,4,1.2610491101012004e-05,1.2610491101012004e-05,4
1.0322264590680606e-06,3.36219168127321e-05,10832,0,3f4859c5e27e416ab37853c9c1d575234e58e18abcc7bf092b869157960e6b2f,131072,asterix,43328,389952,202608056110,45,393216,32,768,3264,0.5,4,1.0406283431429712e-06,4,3.502179977967355e-05,3.502179977967355e-05,4
1.0709056955987767e-06,3.533572236528105e-05,10824,8,3f4859c5e27e416ab37853c9c1d575234e58e18abcc7bf092b869157960e6b2f,131072,asterix,43328,389952,202608056110,45,393216,32,768,3264,0.5,4,1.0728159645084377e-06,4,3.643375383654423e-05,3.643375383654423e-05,4
7.450214139756688e-07,5.449743711328787e-06,21738,0,3f4859c5e27e416ab37853c9c1d575234e58e18abcc7bf092b869157960e6b2f,131072,asterix,21738,195642,202608056110,72,196608,8,768,960,0.7,1,1.8369703800311032e-07,4,2.0847603548343197e-06,6.9246128872281394e-06,1
7.592619161613785e-07,5.572463712726817e-06,21730,8,3f4859c5e27e416ab37853c9c1d575234e58e18abcc7bf092b869157960e6b2f,131072,asterix,21738,195642,202608056110,72,196608,8,768,960,0.7,1,1.9724596890095854e-07,4,2.3515043516283905e-06,7.186321052223028e-06,1
6.375827637415587e-07,2.3287083534152827e-05,10832,0,3f4859c5e27e416ab37853c9c1d575234e58e18abcc7bf092b869157960e6b2f,131072,asterix,43328,389952,202608056110,72,393216,32,768,3264,0.7,4,6.154461874298129e-07,4,2.3388874718904372e-05,2.3388874718904372e-05,4
6.54489432374937e-07,2.438715877131004e-05,10824,8,3f4859c5e27e416ab37853c9c1d575234e58e18abcc7bf092b869157960e6b2f,131072,asterix,43328,389952,202608056110,72,393216,32,768,3264,0.7,4,6.333836609233538e-07,4,2.457217694454257e-05,2.457217694454257e-05,4
3.342510873115884e-07,7.610443120091791e-06,21738,0,3f4859c5e27e416ab37853c9c1d575234e58e18abcc7bf092b869157960e6b2f,131072,asterix,21738,195642,202608056110,94,196608,8,768,960,0.9,1,5.836567665980138e-07,4,1.3722292924996063e-05,1.0618203759680322e-05,1
3.5828040761652674e-07,8.388121675394115e-06,21730,8,3f4859c5e27e416ab37853c9c1d575234e58e18abcc7bf092b869157960e6b2f,131072,asterix,21738,195642,202608056110,94,196608,8,768,960,0.9,1,6.306318693000473e-07,4,1.5020131366888176e-05,1.153285525262152e-05,1
3.831337004449866e-07,5.546138338734928e-06,11816,0,3f4859c5e27e416ab37853c9c1d575234e58e18abcc7bf092b869157960e6b2f,131072,asterix,11816,389928,202608056110,94,393216,32,768,3264,0.9,1,9.989959750134007e-07,4,2.669392496119136e-05,3.426875491040762e-06,1
4.024104197902325e-07,6.286053260905739e-06,11808,8,3f4859c5e27e416ab37853c9c1d575234e58e18abcc7bf092b869157960e6b2f,131072,asterix,11816,389928,202608056110,94,393216,32,768,3264,0.9,1,1.0411845261094664e-06,4,2.85328095218473e-05,3.835680391252453e-06,1
3.342510873115884e-07,7.610443120091791e-06,21738,0,3f4859c5e27e416ab37853c9c1d575234e58e18abcc7bf092b869157960e6b2f,131072,asterix,21738,195642,202608056110,96,196608,8,768,960,1.0,1,5.836567665980138e-07,4,1.3722292924996063e-05,1.0618203759680322e-05,1
3.5828040761652674e-07,8.388121675394115e-06,21730,8,3f4859c5e27e416ab37853c9c1d575234e58e18abcc7bf092b869157960e6b2f,131072,asterix,21738,195642,202608056110,96,196608,8,768,960,1.0,1,6.306318693000473e-07,4,1.5020131366888176e-05,1.153285525262152e-05,1
3.831337004449866e-07,5.546138338734928e-06,11816,0,3f4859c5e27e416ab37853c9c1d575234e58e18abcc7bf092b869157960e6b2f,131072,asterix,11816,389928,202608056110,96,393216,32,768,3264,1.0,1,9.989959750134007e-07,4,2.669392496119136e-05,3.426875491040762e-06,1
4.024104197902325e-07,6.286053260905739e-06,11808,8,3f4859c5e27e416ab37853c9c1d575234e58e18abcc7bf092b869157960e6b2f,131072,asterix,11816,389928,202608056110,96,393216,32,768,3264,1.0,1,1.0411845261094664e-06,4,2.85328095218473e-05,3.835680391252453e-06,1
5.113853817877115e-08,1.213853898953284e-06,8144,0,3f4859c5e27e416ab37853c9c1d575234e58e18abcc7bf092b869157960e6b2f,131072,asterix,130304,195456,202608056111,0,196608,8,768,960,0.0,16,4.763112485365701e-08,4,1.811942614907095e-06,1.3426684625522268e-06,16
4.9999217566246696e-08,1.1764839533453967e-06,8136,8,3f4859c5e27e416ab37853c9c1d575234e58e18abcc7bf092b869157960e6b2f,131072,asterix,130304,195456,202608056111,0,196608,8,768,960,0.0,16,4.943899401424941e-08,4,1.929192277700604e-06,1.341135598441649e-06,16
5.091339353447428e-08,1.1439343210628457e-06,8124,0,3f4859c5e27e416ab37853c9c1d575234e58e18abcc7bf092b869157960e6b2f,131072,asterix,129984,389952,202608056111,0,393216,32,768,3264,0.0,16,1.1992029002931231e-07,4,3.877680374538616e-07,1.3426684625522268e-06,16
4.989108052265192e-08,1.1123951882413924e-06,8116,8,3f4859c5e27e416ab37853c9c1d575234e58e18abcc7bf092b869157960e6b2f,131072,asterix,129984,389952,202608056111,0,393216,32,768,3264,0.0,16,1.1752767574493454e-07,4,3.802101142741947e-07,1.341135598441649e-06,16
5.138561838024985e-07,2.130625966190676e-05,8144,0,3f4859c5e27e416ab37853c9c1d575234e58e18abcc7bf092b869157960e6b2f,131072,asterix,130304,195456,202608056111,8,196608,8,768,960,0.1,16,4.763112485365701e-08,4,1.811942614907095e-06,2.3957020468491588e-05,16
5.093508215940142e-07,2.1133409404620566e-05,8136,8,3f4859c5e27e416ab37853c9c1d575234e58e18abcc7bf092b869157960e6b2f,131072,asterix,130304,195456,202608056111,8,196608,8,768,960,0.1,16,4.943899401424941e-08,4,1.929192277700604e-06,2.404342532919058e-05,16
4.872962892718097e-07,1.9948352622753093e-05,8124,0,3f4859c5e27e416ab37853c9c1d575234e58e18abcc7bf092b869157960e6b2f,131072,asterix,129984,389952,202608056111,8,393216,32,768,3264,0.1,16,1.1992029002931231e-07,4,3.877680374538616e-07,2.3957020468491588e-05,16
4.813725763223619e-07,1.9710622234920316e-05,8116,8,3f4859c5e27e416ab37853c9c1d575234e58e18abcc7bf092b869157960e6b2f,131072,asterix,129984,389952,202608056111,8,393216,32,768,3264,0.1,16,1.1752767574493454e-07,4,3.802101142741947e-07,2.404342532919058e-05,16
5.640282435080526e-07,1.0964465532780557e-05,16304,0,3f4859c5e27e416ab37853c9c1d575234e58e18abcc7bf092b869157960e6b2f,131072,asterix,65216,195648,202608056111,42,196608,8,768,960,0.3,4,5.528280709742232e-07,4,1.0074219749210816e-05,1.0074219749210816e-05,4
5.676480278101014e-07,1.1590791237105972e-05,16296,8,3f4859c5e27e416ab37853c9c1d575234e58e18abcc7bf092b869157960e6b2f,131072,asterix,65216,195648,202608056111,42,196608,8,768,960,0.3,4,5.575632080420045e-07,4,1.0708702643515586e-05,1.0708702643515586e-05,4
2.085163316038002e-06,9.146098466293808e-05,10832,0,3f4859c5e27e416ab37853c9c1d575234e58e18abcc7bf092b869157960e6b2f,131072,asterix,43328,389952,202608056111,42,393216,32,768,3264,0.3,4,2.069991969710137e-06,4,9.198636760522824e-05,3.189805282445996e-05,16
2.1184734118709607e-06,9.247010287561017e-05,10824,8,3f4859c5e27e416ab37853c9c1d575234e58e18abcc7bf092b869157960e6b2f,131072,asterix,43328,389952,202608056111,42,393216,32,768,3264,0.3,4,2.1052907645351634e-06,4,9.31963842692943e-05,3.1863867964168254e-05,16
6.097638546555445e-07,2.1761647780373145e-05,16304,0,3f4859c5e27e416ab37853c9c1d575234e58e18abcc7bf092b869157960e6b2f,131072,asterix,65216,195648,202608056111,55,196608,8,768,960,0.5,4,6.0266415888017e-07,4,2.1077175703858176e-05,2.1077175703858176e-05,4
6.086238245118292e-07,2.2440717525564625e-05,16296,8,3f4859c5e27e416ab37853c9c1d575234e58e18abcc7bf092b869157960e6b2f,131072,asterix,65216,195648,202608056111,55,196608,8,768,960,0.5,4,6.033268679332791e-07,4,2.1836183098083535e-05,2.1836183098083535e-05,4
3.1880895324480645e-06,0.0001401075327029206,10832,0,3f4859c5e27e416ab37853c9c1d575234e58e18abcc7bf092b869157960e6b2f,131072,asterix,43328,389952,202608056111,55,393216,32,768,3264,0.5,4,3.1127814114612692e-06,4,0.00013752704093792888,0.00013752704093792888,4
3.2270473677313886e-06,0.00014139522414930656,10824,8,3f4859c5e27e416ab37853c9c1d575234e58e18abcc7bf092b869157960e6b2f,131072,asterix,43328,389952,202608056111,55,393216,32,768,3264,0.5,4,3.1583742086647736e-06,4,0.0001392744410855543,0.0001392744410855543,4
5.163975870767456e-07,6.1622779339465624e-06,21738,0,3f4859c5e27e416ab37853c9c1d575234e58e18abcc7bf092b869157960e6b2f,131072,asterix,21738,195642,202608056111,65,196608,8,768,960,0.7,1,6.0266415888017e-07,4,2.1077175703858176e-05,5.996764666237835e-06,1
5.161641261067922e-07,5.921895046469052e-06,21730,8,3f4859c5e27e416ab37853c9c1d575234e58e18abcc7bf092b869157960e6b2f,131072,asterix,21738,195642,202608056111,65,196608,8,768,960,0.7,1,6.033268679332791e-07,4,2.1836183098083535e-05,5.805089722053618e-06,1
3.1880895324480645e-06,0.0001401075327029206,10832,0,3f4859c5e27e416ab37853c9c1d575234e58e18abcc7bf092b869157960e6b2f,131072,asterix,43328,389952,202608056111,65,393216,32,768,3264,0.7,4,3.1127814114612692e-06,4,0.00013752704093792888,0.00013752704093792888,4
3.2270473677313886e-06,0.00014139522414930656,10824,8,3f4859c5e27e416ab37853c9c1d575234e58e18abcc7bf092b869157960e6b2f,131072,asterix,43328,389952,202608056111,65,393216,32,768,3264,0.7,4,3.1583742086647736e-06,4,0.0001392744410855543,0.0001392744410855543,4
5.128125516798585e-07,7.788481746586893e-06,21738,0,3f4859c5e27e416ab37853c9c1d575234e58e18abcc7bf092b869157960e6b2f,131072,asterix,21738,195642,202608056111,90,196608,8,768,960,0.9,1,1.3778033200430308e-07,4,2.8609102746634498e-06,6.317943446740977e-06,1
5.025092109975395e-07,8.398231506686978e-06,21730,8,3f4859c5e27e416ab37853c9c1d575234e58e18abcc7bf092b869157960e6b2f,131072,asterix,21738,195642,202608056111,90,196608,8,768,960,0.9,1,1.4182068895946253e-07,4,3.0520546281009957e-06,6.826883005511758e-06,1
2.198510305360414e-06,8.865312930818916e-05,11816,0,3f4859c5e27e416ab37853c9c1d575234e58e18abcc7bf092b869157960e6b2f,131072,asterix,11816,389928,202608056111,90,393216,32,768,3264,0.9,1,5.109301309724833e-07,4,1.882985550856538e-05,7.177721966908116e-05,1
2.2472797364707113e-06,9.007673731374432e-05,11808,8,3f4859c5e27e416ab37853c9c1d575234e58e18abcc7bf092b869157960e6b2f,131072,asterix,11816,389928,202608056111,90,393216,32,768,3264,0.9,1,5.188205566800182e-07,4,1.9200900041898787e-05,7.292262633118335e-05,1
5.128125516798585e-07,7.788481746586893e-06,21738,0,3f4859c5e27e416ab37853c9c1d575234e58e18abcc7bf092b869157960e6b2f,131072,asterix,21738,195642,202608056111,96,196608,8,768,960,1.0,1,6.077273262266624e-07,4,1.7547606623942725e-05,6.317943446740977e-06,1
5.025092109975395e-07,8.398231506686978e-06,21730,8,3f4859c5e27e416ab37853c9c1d575234e58e18abcc7bf092b869157960e6b2f,131072,asterix,21738,195642,202608056111,96,196608,8,768,960,1.0,1,6.262093527255085e-07,4,1.910948430032576e-05,6.826883005511758e-06,1
2.198510305360414e-06,8.865312930818916e-05,11816,0,3f4859c5e27e416ab37853c9c1d575234e58e18abcc7bf092b869157960e6b2f,131072,asterix,11816,389928,202608056111,96,393216,32,768,3264,1.0,1,3.957365388721731e-06,4,0.00017369843233256793,7.177721966908116e-05,1
2.2472797364707113e-06,9.007673731374432e-05,11808,8,3f4859c5e27e416ab37853c9c1d575234e58e18abcc7bf092b869157960e6b2f,131072,asterix,11816,389928,202608056111,96,393216,32,768,3264,1.0,1,4.022650358163428e-06,4,0.00017568256867991192,7.292262633118335e-05,1
3.721546862752446e-08,4.862430875224304e-07,8144,0,3f4859c5e27e416ab37853c9c1d575234e58e18abcc7bf092b869157960e6b2f,131072,asterix,130304,195456,202608056112,0,196608,8,768,960,0.0,16,7.54779931114172e-08,4,3.502926752914612e-07,4.534610817261852e-07,16
3.690292874657365e-08,4.740753727354212e-07,8136,8,3f4859c5e27e416ab37853c9c1d575234e58e18abcc7bf092b869157960e6b2f,131072,asterix,130304,195456,202608056112,0,196608,8,768,960,0.0,16,7.738593504565208e-08,4,3.6488120209061976e-07,4.3532122968976055e-07,16
3.884971647999956e-08,5.128447064159018e-07,8124,0,3f4859c5e27e416ab37853c9c1d575234e58e18abcc7bf092b869157960e6b2f,131072,asterix,129984,389952,202608056112,0,393216,32,768,3264,0.0,16,4.821456194440951e-07,4,1.5522632927318434e-05,4.534610817261852e-07,16
3.894734481806187e-08,5.127435047782627e-07,8116,8,3f4859c5e27e416ab37853c9c1d575234e58e18abcc7bf092b869157960e6b2f,131072,asterix,129984,389952,202608056112,0,393216,32,768,3264,0.0,16,4.940850112797266e-07,4,1.5904934483022334e-05,4.3532122968976055e-07,16
7.87484721094065e-08,4.0288569311465266e-07,16304,0,3f4859c5e27e416ab37853c9c1d575234e58e18abcc7bf092b869157960e6b2f,131072,asterix,65216,195648,202608056112,13,196608,8,768,960,0.1,4,7.54779931114172e-08,4,3.502926752914612e-07,3.730479744698713e-07,16
8.11040496368528e-08,4.2781961783397717e-07,16296,8,3f4859c5e27e416ab37853c9c1d575234e58e18abcc7bf092b869157960e6b2f,131072,asterix,65216,195648,202608056112,13,196608,8,768,960,0.1,4,7.738593504565208e-08,4,3.6488120209061976e-07,3.805330788911271e-07,16
1.1456981889053147e-07,4.519229294643555e-07,8124,0,3f4859c5e27e416ab37853c9c1d575234e58e18abcc7bf092b869157960e6b2f,131072,asterix,129984,389952,202608056112,13,393216,32,768,3264,0.1,16,4.821456194440951e-07,4,1.5522632927318434e-05,3.730479744698713e-07,16
1.1282394645578365e-07,4.6312644884823316e-07,8116,8,3f4859c5e27e416ab37853c9c1d575234e58e18abcc7bf092b869157960e6b2f,131072,asterix,129984,389952,202608056112,13,393216,32,768,3264,0.1,16,4.940850112797266e-07,4,1.5904934483022334e-05,3.805330788911271e-07,16
4.915505709272924e-07,1.895680747167129e-05,16304,0,3f4859c5e27e416ab37853c9c1d575234e58e18abcc7bf092b869157960e6b2f,131072,asterix,65216,195648,202608056112,31,196608,8,768,960,0.3,4,4.7095860913737415e-07,4,1.6786264231018818e-05,1.6786264231018818e-05,4
4.911039815452105e-07,1.8831294176431773e-05,16296,8,3f4859c5e27e416ab37853c9c1d575234e58e18abcc7bf092b869157960e6b2f,131072,asterix,65216,195648,202608056112,31,196608,8,768,960,0.3,4,4.7153537598201146e-07,4,1.665375878614169e-05,1.665375878614169e-05,4
3.0736418445344824e-07,1.3732651962330694e-06,8124,0,3f4859c5e27e416ab37853c9c1d575234e58e18abcc7bf092b869157960e6b2f,131072,asterix,129984,389952,202608056112,31,393216,32,768,3264,0.3,16,1.8832267973963548e-07,4,4.274114896607464e-06,1.1052498591787677e-06,16
3.0564940027659213e-07,1.4208284591251974e-06,8116,8,3f4859c5e27e416ab37853c9c1d575234e58e18abcc7bf092b869157960e6b2f,131072,asterix,129984,389952,202608056112,31,393216,32,768,3264,0.3,16,1.8856507566247516e-07,4,4.062134694454377e-06,1.119663007568396e-06,16
8.062660221920023e-07,3.5007156652449034e-05,16304,0,3f4859c5e27e416ab37853c9c1d575234e58e18abcc7bf092b869157960e6b2f,131072,asterix,65216,195648,202608056112,50,196608,8,768,960,0.5,4,7.526448774058014e-07,4,3.082128365849103e-05,3.082128365849103e-05,4
8.079479881967975e-07,3.4754963549002034e-05,16296,8,3f4859c5e27e416ab37853c9c1d575234e58e18abcc7bf092b869157960e6b2f,131072,asterix,65216,195648,202608056112,50,196608,8,768,960,0.5,4,7.553033859861581e-07,4,3.06125627322216e-05,3.06125627322216e-05,4
6.282783644357742e-07,2.737480540058055e-05,10832,0,3f4859c5e27e416ab37853c9c1d575234e58e18abcc7bf092b869157960e6b2f,131072,asterix,43328,389952,202608056112,50,393216,32,768,3264,0.5,4,6.027378055715831e-07,4,2.5954441349637642e-05,2.5954441349637642e-05,4
6.036007685572817e-07,2.5851394265866625e-05,10824,8,3f4859c5e27e416ab37853c9c1d575234e58e18abcc7bf092b869157960e6b2f,131072,asterix,43328,389952,202608056112,50,393216,32,768,3264,0.5,4,5.827966025858072e-07,4,2.4752235040129754e-05,2.4752235040129754e-05,4
2.4847339319145623e-06,0.00012928846370602288,21738,0,3f4859c5e27e416ab37853c9c1d575234e58e18abcc7bf092b869157960e6b2f,131072,asterix,21738,195642,202608056112,67,196608,8,768,960,0.7,1,2.2999580752541356e-07,4,1.0971717683990814e-05,0.00013113744083980778,1
2.491432286461792e-06,0.00012986172847073287,21730,8,3f4859c5e27e416ab37853c9c1d575234e58e18abcc7bf092b869157960e6b2f,131072,asterix,21738,195642,202608056112,67,196608,8,768,960,0.7,1,2.3000575043988935e-07,4,1.0941806339950154e-05,0.00013114484646644287,1
1.1805464572750265e-07,3.0027008787449376e-06,10832,0,3f4859c5e27e416ab37853c9c1d575234e58e18abcc7bf092b869157960e6b2f,131072,asterix,43328,389952,202608056112,67,393216,32,768,3264,0.7,4,1.1172703557156235e-07,4,2.3634676606088925e-06,2.3634676606088925e-06,4
1.1506412431147167e-07,2.8189607022657168e-06,10824,8,3f4859c5e27e416ab37853c9c1d575234e58e18abcc7bf092b869157960e6b2f,131072,asterix,43328,389952,202608056112,67,393216,32,768,3264,0.7,4,1.1102143881738667e-07,4,2.2798526874425438e-06,2.2798526874425438e-06,4
2.0972156329042307e-07,6.091180370768547e-06,21738,0,3f4859c5e27e416ab37853c9c1d575234e58e18abcc7bf092b869157960e6b2f,131072,asterix,21738,195642,202608056112,86,196608,8,768,960,0.9,1,7.526448774058014e-07,4,3.082128365849103e-05,5.159486162978152e-06,1
2.1303031955207184e-07,6.072835532561e-06,21730,8,3f4859c5e27e416ab37853c9c1d575234e58e18abcc7bf092b869157960e6b2f,131072,asterix,21738,195642,202608056112,86,196608,8,768,960,0.9,1,7.553033859861581e-07,4,3.06125627322216e-05,5.1239646747664225e-06,1
8.190960806454202e-07,3.810020655153214e-05,11816,0,3f4859c5e27e416ab37853c9c1d575234e58e18abcc7bf092b869157960e6b2f,131072,asterix,11816,389928,202608056112,86,393216,32,768,3264,0.9,1,6.027378055715831e-07,4,2.5954441349637642e-05,4.064146589663672e-05,1
7.875838587967552e-07,3.64243028008342e-05,11808,8,3f4859c5e27e416ab37853c9c1d575234e58e18abcc7bf092b869157960e6b2f,131072,asterix,11816,389928,202608056112,86,393216,32,768,3264,0.9,1,5.827966025858072e-07,4,2.4752235040129754e-05,3.8878825329560645e-05,1
2.0972156329042307e-07,6.091180370768547e-06,21738,0,3f4859c5e27e416ab37853c9c1d575234e58e18abcc7bf092b869157960e6b2f,131072,asterix,21738,195642,202608056112,96,196608,8,768,960,1.0,1,7.526448774058014e-07,4,3.082128365849103e-05,5.159486162978152e-06,1
2.1303031955207184e-07,6.072835532561e-06,21730,8,3f4859c5e27e416ab37853c9c1d575234e58e18abcc7bf092b869157960e6b2f,131072,asterix,21738,195642,202608056112,96,196608,8,768,960,1.0,1,7.553033859861581e-07,4,3.06125627322216e-05,5.1239646747664225e-06,1
8.190960806454202e-07,3.810020655153214e-05,11816,0,3f4859c5e27e416ab37853c9c1d575234e58e18abcc7bf092b869157960e6b2f,131072,asterix,11816,389928,202608056112,96,393216,32,768,3264,1.0,1,6.027378055715831e-07,4,2.5954441349637642e-05,4.064146589663672e-05,1
7.875838587967552e-07,3.64243028008342e-05,11808,8,3f4859c5e27e416ab37853c9c1d575234e58e18abcc7bf092b869157960e6b2f,131072,asterix,11816,389928,202608056112,96,393216,32,768,3264,1.0,1,5.827966025858072e-07,4,2.4752235040129754e-05,3.8878825329560645e-05,1
1.2022124660125987e-07,4.597049816141872e-06,8144,0,3f4859c5e27e416ab37853c9c1d575234e58e18abcc7bf092b869157960e6b2f,131072,asterix,130304,195456,202608056113,0,196608,8,768,960,0.0,16,9.328687231599336e-08,4,2.9988947793307093e-07,4.510437910388899e-06,16
1.2072511803271847e-07,4.614541543810207e-06,8136,8,3f4859c5e27e416ab37853c9c1d575234e58e18abcc7bf092b869157960e6b2f,131072,asterix,130304,195456,202608056113,0,196608,8,768,960,0.0,16,9.062262321916833e-08,4,2.914553122169988e-07,4.4862296755283e-06,16
1.212488421321179e-07,4.65478600234495e-06,8124,0,3f4859c5e27e416ab37853c9c1d575234e58e18abcc7bf092b869157960e6b2f,131072,asterix,129984,389952,202608056113,0,393216,32,768,3264,0.0,16,3.6205381981667727e-07,4,2.279316396685835e-06,4.510437910388899e-06,16
1.2188960130884277e-07,4.689233212279501e-06,8116,8,3f4859c5e27e416ab37853c9c1d575234e58e18abcc7bf092b869157960e6b2f,131072,asterix,129984,389952,202608056113,0,393216,32,768,3264,0.0,16,3.6123857904162834e-07,4,2.3335763641865258e-06,4.4862296755283e-06,16
1.9041300921111235e-07,3.316679899179458e-06,8144,0,3f4859c5e27e416ab37853c9c1d575234e58e18abcc7bf092b869157960e6b2f,131072,asterix,130304,195456,202608056113,10,196608,8,768,960,0.1,16,4.065727422407944e-07,4,1.4214805389138287e-06,3.3697544169852185e-06,16
1.919760552208274e-07,3.3605752384681227e-06,8136,8,3f4859c5e27e416ab37853c9c1d575234e58e18abcc7bf092b869157960e6b2f,131072,asterix,130304,195456,202608056113,10,196608,8,768,960,0.1,16,4.045525759234723e-07,4,1.4042904298324752e-06,3.4590776504588086e-06,16
1.9049012511102763e-07,3.2533206906284723e-06,8124,0,3f4859c5e27e416ab37853c9c1d575234e58e18abcc7bf092b869157960e6b2f,131072,asterix,129984,389952,202608056113,10,393216,32,768,3264,0.1,16,4.3947052064576885e-07,4,9.44381583043909e-06,3.3697544169852185e-06,16
1.9202104745149385e-07,3.29695968636778e-06,8116,8,3f4859c5e27e416ab37853c9c1d575234e58e18abcc7bf092b869157960e6b2f,131072,asterix,129984,389952,202608056113,10,393216,32,768,3264,0.1,16,4.4645747092279027e-07,4,9.871469038648687e-06,3.4590776504588086e-06,16
3.3212708842810625e-07,4.639870752733947e-06,16304,0,3f4859c5e27e416ab37853c9c1d575234e58e18abcc7bf092b869157960e6b2f,131072,asterix,65216,195648,202608056113,36,196608,8,768,960,0.3,4,3.2697177725493575e-07,4,4.114452467419793e-06,4.114452467419793e-06,4
3.347030958165939e-07,4.6715124157017955e-06,16296,8,3f4859c5e27e416ab37853c9c1d575234e58e18abcc7bf092b869157960e6b2f,131072,asterix,65216,195648,202608056113,36,196608,8,768,960,0.3,4,3.2865391929928003e-07,4,4.062288801916351e-06,4.062288801916351e-06,4
2.7844812226467527e-07,7.230035215264745e-06,10832,0,3f4859c5e27e416ab37853c9c1d575234e58e18abcc7bf092b869157960e6b2f,131072,asterix,43328,389952,202608056113,36,393216,32,768,3264,0.3,4,2.538619484994544e-07,4,6.092747087699883e-06,9.411419601900186e-07,16
2.891314980928966e-07,7.68993438238751e-06,10824,8,3f4859c5e27e416ab37853c9c1d575234e58e18abcc7bf092b869157960e6b2f,131072,asterix,43328,389952,202608056113,36,393216,32,768,3264,0.3,4,2.6462843885191546e-07,4,6.485409697958608e-06,9.96977990829891e-07,16
3.7437935885516875e-07,1.5123973735355294e-06,16304,0,3f4859c5e27e416ab37853c9c1d575234e58e18abcc7bf092b869157960e6b2f,131072,asterix,65216,195648,202608056113,44,196608,8,768,960,0.5,4,3.6319204110513506e-07,4,1.4670303573361325e-06,1.4670303573361325e-06,4
3.612422620873309e-07,1.428938420114904e-06,16296,8,3f4859c5e27e416ab37853c9c1d575234e58e18abcc7bf092b869157960e6b2f,131072,asterix,65216,195648,202608056113,44,196608,8,768,960,0.5,4,3.509067729455221e-07,4,1.3813914873289643e-06,1.3813914873289643e-06,4
6.543183008717751e-07,1.2712837641632664e-05,10832,0,3f4859c5e27e416ab37853c9c1d575234e58e18abcc7bf092b869157960e6b2f,131072,asterix,43328,389952,202608056113,44,393216,32,768,3264,0.5,4,6.731225521020475e-07,4,1.057744540113197e-05,1.057744540113197e-05,4
6.493736790599924e-07,1.3062792133246093e-05,10824,8,3f4859c5e27e416ab37853c9c1d575234e58e18abcc7bf092b869157960e6b2f,131072,asterix,43328,389952,202608056113,44,393216,32,768,3264,0.5,4,6.673179789315016e-07,4,1.0754208365315655e-05,1.0754208365315655e-05,4
5.069558586449161e-07,8.1106924386301e-06,16304,0,3f4859c5e27e416ab37853c9c1d575234e58e18abcc7bf092b869157960e6b2f,131072,asterix,65216,195648,202608056113,60,196608,8,768,960,0.7,4,5.158682306154079e-07,4,8.14508542860904e-06,2.168263290935221e-05,1
4.96653175919692e-07,7.937917446578835e-06,16296,8,3f4859c5e27e416ab37853c9c1d575234e58e18abcc7bf092b869157960e6b2f,131072,asterix,65216,195648,202608056113,60,196608,8,768,960,0.7,4,5.05040810182444e-07,4,7.882444575289102e-06,2.2018070733696567e-05,1
4.849138149728028e-07,2.01165027542154e-05,10832,0,3f4859c5e27e416ab37853c9c1d575234e58e18abcc7bf092b869157960e6b2f,131072,asterix,43328,389952,202608056113,60,393216,32,768,3264,0.7,4,4.001478512117727e-07,4,1.528748370968297e-05,1.528748370968297e-05,4
4.952258955114568e-07,2.0867117026018086e-05,10824,8,3f4859c5e27e416ab37853c9c1d575234e58e18abcc7bf092b869157960e6b2f,131072,asterix,43328,389952,202608056113,60,393216,32,768,3264,0.7,4,4.045173265916832e-07,4,1.5731258510441026e-05,1.5731258510441026e-05,4
9.778956939353162e-07,2.527117179935283e-05,21738,0,3f4859c5e27e416ab37853c9c1d575234e58e18abcc7bf092b869157960e6b2f,131072,asterix,21738,195642,202608056113,89,196608,8,768,960,0.9,1,8.914934551389679e-07,4,8.567231117940181e-06,2.168263290935221e-05,1
9.700028055113063e-07,2.5826947409346046e-05,21730,8,3f4859c5e27e416ab37853c9c1d575234e58e18abcc7bf092b869157960e6b2f,131072,asterix,21738,195642,202608056113,89,196608,8,768,960,0.9,1,8.540457970296959e-07,4,7.975538586806898e-06,2.2018070733696567e-05,1
7.322100914809159e-07,2.639134881540251e-06,11816,0,3f4859c5e27e416ab37853c9c1d575234e58e18abcc7bf092b869157960e6b2f,131072,asterix,11816,389928,202608056113,89,393216,32,768,3264,0.9,1,6.208559396230228e-07,4,2.0256158955146108e-05,3.0013797585750268e-06,1
6.746158058226456e-07,2.4688462891769546e-06,11808,8,3f4859c5e27e416ab37853c9c1d575234e58e18abcc7bf092b869157960e6b2f,131072,asterix,11816,389928,202608056113,89,393216,32,768,3264,0.9,1,6.088707217587948e-07,4,2.0878246696846987e-05,2.781229363467257e-06,1
9.778956939353162e-07,2.527117179935283e-05,21738,0,3f4859c5e27e416ab37853c9c1d575234e58e18abcc7bf092b869157960e6b2f,131072,asterix,21738,195642,202608056113,96,196608,8,768,960,1.0,1,8.914934551389679e-07,4,8.567231117940181e-06,2.168263290935221e-05,1
9.700028055113063e-07,2.5826947409346046e-05,21730,8,3f4859c5e27e416ab37853c9c1d575234e58e18abcc7bf092b869157960e6b2f,131072,asterix,21738,195642,202608056113,96,196608,8,768,960,1.0,1,8.540457970296959e-07,4,7.975538586806898e-06,2.2018070733696567e-05,1
7.322100914809159e-07,2.639134881540251e-06,11816,0,3f4859c5e27e416ab37853c9c1d575234e58e18abcc7bf092b869157960e6b2f,131072,asterix,11816,389928,202608056113,96,393216,32,768,3264,1.0,1,6.208559396230228e-07,4,2.0256158955146108e-05,3.0013797585750268e-06,1
6.746158058226456e-07,2.4688462891769546e-06,11808,8,3f4859c5e27e416ab37853c9c1d575234e58e18abcc7bf092b869157960e6b2f,131072,asterix,11816,389928,202608056113,96,393216,32,768,3264,1.0,1,6.088707217587948e-07,4,2.0878246696846987e-05,2.781229363467257e-06,1
2.976022119681062e-08,4.6363506367062137e-07,8144,0,3f4859c5e27e416ab37853c9c1d575234e58e18abcc7bf092b869157960e6b2f,131072,asterix,130304,195456,202608056114,0,196608,8,768,960,0.0,16,5.337154095198856e-07,4,2.089795799462032e-05,3.503557693035996e-07,16
2.9791153080844098e-08,4.660510560045264e-07,8136,8,3f4859c5e27e416ab37853c9c1d575234e58e18abcc7bf092b869157960e6b2f,131072,asterix,130304,195456,202608056114,0,196608,8,768,960,0.0,16,5.376451356813557e-07,4,2.1110216979739144e-05,3.441074529915775e-07,16
3.218637891922025e-08,5.473138730992037e-07,8124,0,3f4859c5e27e416ab37853c9c1d575234e58e18abcc7bf092b869157960e6b2f,131072,asterix,129984,389952,202608056114,0,393216,32,768,3264,0.0,16,1.9814670087634117e-07,4,3.0631886669677084e-06,3.503557693035996e-07,16
3.258481129944119e-08,5.56864915832592e-07,8116,8,3f4859c5e27e416ab37853c9c1d575234e58e18abcc7bf092b869157960e6b2f,131072,asterix,129984,389952,202608056114,0,393216,32,768,3264,0.0,16,1.9993902094502457e-07,4,3.1556583509478388e-06,3.441074529915775e-07,16
4.314157174147188e-07,1.266131603829353e-05,16304,0,3f4859c5e27e416ab37853c9c1d575234e58e18abcc7bf092b869157960e6b2f,131072,asterix,65216,195648,202608056114,13,196608,8,768,960,0.1,4,4.4378495775150976e-07,4,1.3551269343169319e-05,1.5707516018638626e-06,16
4.329978469468017e-07,1.284539545610974e-05,16296,8,3f4859c5e27e416ab37853c9c1d575234e58e18abcc7bf092b869157960e6b2f,131072,asterix,65216,195648,202608056114,13,196608,8,768,960,0.1,4,4.4543091356279046e-07,4,1.3680836922246229e-05,1.634661987968948e-06,16
4.309772666720596e-08,1.5185722701373315e-06,8124,0,3f4859c5e27e416ab37853c9c1d575234e58e18abcc7bf092b869157960e6b2f,131072,asterix,129984,389952,202608056114,13,393216,32,768,3264,0.1,16,2.0213597530257988e-07,4,3.47381404618847e-06,1.5707516018638626e-06,16
4.353812337928646e-08,1.5471603828105833e-06,8116,8,3f4859c5e27e416ab37853c9c1d575234e58e18abcc7bf092b869157960e6b2f,131072,asterix,129984,389952,202608056114,13,393216,32,768,3264,0.1,16,1.9731758022067766e-07,4,3.3791840012205518e-06,1.634661987968948e-06,16
2.3463689860840316e-07,3.3202748610555353e-06,16304,0,3f4859c5e27e416ab37853c9c1d575234e58e18abcc7bf092b869157960e6b2f,131072,asterix,65216,195648,202608056114,28,196608,8,768,960,0.3,4,2.2436372049322673e-07,4,2.691262697983815e-06,2.691262697983815e-06,4
2.2827386867377675e-07,2.9880996729776928e-06,16296,8,3f4859c5e27e416ab37853c9c1d575234e58e18abcc7bf092b869157960e6b2f,131072,asterix,65216,195648,202608056114,28,196608,8,768,960,0.3,4,2.1852190907023077e-07,4,2.375914229832403e-06,2.375914229832403e-06,4
4.681805180961249e-07,1.2045718620491344e-05,8124,0,3f4859c5e27e416ab37853c9c1d575234e58e18abcc7bf092b869157960e6b2f,131072,asterix,129984,389952,202608056114,28,393216,32,768,3264,0.3,16,1.1887207765393933e-06,4,5.304613347425055e-05,9.437080580241284e-06,16
4.81225094676452e-07,1.271787154917743e-05,8116,8,3f4859c5e27e416ab37853c9c1d575234e58e18abcc7bf092b869157960e6b2f,131072,asterix,129984,389952,202608056114,28,393216,32,768,3264,0.3,16,1.181663794982566e-06,4,5.284970085109945e-05,1.0126361995332001e-05,16
1.912448545109927e-07,5.681294946751293e-06,16304,0,3f4859c5e27e416ab37853c9c1d575234e58e18abcc7bf092b869157960e6b2f,131072,asterix,65216,195648,202608056114,44,196608,8,768,960,0.5,4,1.940699951116668e-07,4,5.7829010606835354e-06,5.7829010606835354e-06,4
1.9696428913210784e-07,6.054937366051303e-06,16296,8,3f4859c5e27e416ab37853c9c1d575234e58e18abcc7bf092b869157960e6b2f,131072,asterix,65216,195648,202608056114,44,196608,8,768,960,0.5,4,2.0019965840625011e-07,4,6.124912127422132e-06,6.124912127422132e-06,4
1.7919448651546177e-07,4.103172275539466e-06,10832,0,3f4859c5e27e416ab37853c9c1d575234e58e18abcc7bf092b869157960e6b2f,131072,asterix,43328,389952,202608056114,44,393216,32,768,3264,0.5,4,1.9339195120017008e-07,4,4.600056314751847e-06,4.600056314751847e-06,4
1.7557591166617252e-07,3.845249823168464e-06,10824,8,3f4859c5e27e416ab37853c9c1d575234e58e18abcc7bf092b869157960e6b2f,131072,asterix,43328,389952,202608056114,44,393216,32,768,3264,0.5,4,1.9048645538208665e-07,4,4.363249283741046e-06,4.363249283741046e-06,4
3.6030432223893944e-07,5.36948894476488e-06,21738,0,3f4859c5e27e416ab37853c9c1d575234e58e18abcc7bf092b869157960e6b2f,131072,asterix,21738,195642,202608056114,79,196608,8,768,960,0.7,1,3.535944609982101e-07,4,2.393062227533517e-06,7.934307009643193e-06,1
3.870033360072298e-07,6.007506770696689e-06,21730,8,3f4859c5e27e416ab37853c9c1d575234e58e18abcc7bf092b869157960e6b2f,131072,asterix,21738,195642,202608056114,79,196608,8,768,960,0.7,1,3.4397669098317655e-07,4,2.0940697148466632e-06,8.670204705735344e-06,1
1.2377018801413936e-06,4.849268628566101e-05,10832,0,3f4859c5e27e416ab37853c9c1d575234e58e18abcc7bf092b869157960e6b2f,131072,asterix,43328,389952,202608056114,79,393216,32,768,3264,0.7,4,1.2856786348021627e-06,4,5.051006517473518e-05,5.051006517473518e-05,4
1.2229621482921252e-06,4.837773735636795e-05,10824,8,3f4859c5e27e416ab37853c9c1d575234e58e18abcc7bf092b869157960e6b2f,131072,asterix,43328,389952,202608056114,79,393216,32,768,3264,0.7,4,1.2704013480942267e-06,4,5.0321310398448475e-05,5.0321310398448475e-05,4
3.6030432223893944e-07,5.36948894476488e-06,21738,0,3f4859c5e27e416ab37853c9c1d575234e58e18abcc7bf092b869157960e6b2f,131072,asterix,21738,195642,202608056114,85,196608,8,768,960,0.9,1,3.535944609982101e-07,4,2.393062227533517e-06,7.934307009643193e-06,1
3.870033360072298e-07,6.007506770696689e-06,21730,8,3f4859c5e27e416ab37853c9c1d575234e58e18abcc7bf092b869157960e6b2f,131072,asterix,21738,195642,202608056114,85,196608,8,768,960,0.9,1,3.4397669098317655e-07,4,2.0940697148466632e-06,8.670204705735344e-06,1
1.2377018801413936e-06,4.849268628566101e-05,10832,0,3f4859c5e27e416ab37853c9c1d575234e58e18abcc7bf092b869157960e6b2f,131072,asterix,43328,389952,202608056114,85,393216,32,768,3264,0.9,4,1.2856786348021627e-06,4,5.051006517473518e-05,2.2241762527561864e-05,1
1.2229621482921252e-06,4.837773735636795e-05,10824,8,3f4859c5e27e416ab37853c9c1d575234e58e18abcc7bf092b869157960e6b2f,131072,asterix,43328,389952,202608056114,85,393216,32,768,3264,0.9,4,1.2704013480942267e-06,4,5.0321310398448475e-05,2.1800736779604278e-05,1
3.6030432223893944e-07,5.36948894476488e-06,21738,0,3f4859c5e27e416ab37853c9c1d575234e58e18abcc7bf092b869157960e6b2f,131072,asterix,21738,195642,202608056114,96,196608,8,768,960,1.0,1,3.535944609982101e-07,4,2.393062227533517e-06,7.934307009643193e-06,1
3.870033360072298e-07,6.007506770696689e-06,21730,8,3f4859c5e27e416ab37853c9c1d575234e58e18abcc7bf092b869157960e6b2f,131072,asterix,21738,195642,202608056114,96,196608,8,768,960,1.0,1,3.4397669098317655e-07,4,2.0940697148466632e-06,8.670204705735344e-06,1
8.460814040418157e-07,2.8040441744524318e-05,11816,0,3f4859c5e27e416ab37853c9c1d575234e58e18abcc7bf092b869157960e6b2f,131072,asterix,11816,389928,202608056114,96,393216,32,768,3264,1.0,1,1.2856786348021627e-06,4,5.051006517473518e-05,2.2241762527561864e-05,1
8.330994912799759e-07,2.782883327391803e-05,11808,8,3f4859c5e27e416ab37853c9c1d575234e58e18abcc7bf092b869157960e6b2f,131072,asterix,11816,389928,202608056114,96,393216,32,768,3264,1.0,1,1.2704013480942267e-06,4,5.0321310398448475e-05,2.1800736779604278e-05,1
8.863046350906546e-08,2.672320377651125e-06,8144,0,3f4859c5e27e416ab37853c9c1d575234e58e18abcc7bf092b869157960e6b2f,131072,asterix,130304,195456,202608056115,0,196608,8,768,960,0.0,16,1.70410668017007e-07,4,7.407344151336278e-06,2.8969555383314214e-06,16
8.873662736626466e-08,2.6706273546101392e-06,8136,8,3f4859c5e27e416ab37853c9c1d575234e58e18abcc7bf092b869157960e6b2f,131072,asterix,130304,195456,202608056115,0,196608,8,768,960,0.0,16,1.6861589427704703e-07,4,7.273550291560432e-06,2.8875401438680723e-06,16
8.68055374827018e-08,2.6084214998025858e-06,8124,0,3f4859c5e27e416ab37853c9c1d575234e58e18abcc7bf092b869157960e6b2f,131072,asterix,129984,389952,202608056115,0,393216,32,768,3264,0.0,16,1.2742380831527118e-06,4,6.570951338979009e-05,2.8969555383314214e-06,16
8.703547311789316e-08,2.6125155015176424e-06,8116,8,3f4859c5e27e416ab37853c9c1d575234e58e18abcc7bf092b869157960e6b2f,131072,asterix,129984,389952,202608056115,0,393216,32,768,3264,0.0,16,1.2743081767854842e-06,4,6.57051915901269e-05,2.8875401438680723e-06,16
8.972696133997564e-07,4.5038131983864916e-05,8144,0,3f4859c5e27e416ab37853c9c1d575234e58e18abcc7bf092b869157960e6b2f,131072,asterix,130304,195456,202608056115,7,196608,8,768,960,0.1,16,6.791952946384754e-08,4,4.178635824492769e-07,4.675787963531257e-05,16
8.929166658053678e-07,4.477984828038803e-05,8136,8,3f4859c5e27e416ab37853c9c1d575234e58e18abcc7bf092b869157960e6b2f,131072,asterix,130304,195456,202608056115,7,196608,8,768,960,0.1,16,6.515470756293471e-08,4,3.8204287471551895e-07,4.655902056267649e-05,16
8.84145052229214e-07,4.4373355633151525e-05,8124,0,3f4859c5e27e416ab37853c9c1d575234e58e18abcc7bf092b869157960e6b2f,131072,asterix,129984,389952,202608056115,7,393216,32,768,3264,0.1,16,2.7954256959236624e-06,4,0.00014319984323398914,4.675787963531257e-05,16
8.804441291268151e-07,4.415365006764655e-05,8116,8,3f4859c5e27e416ab37853c9c1d575234e58e18abcc7bf092b869157960e6b2f,131072,asterix,129984,389952,202608056115,7,393216,32,768,3264,0.1,16,2.7746368029441626e-06,4,0.00014217302060038717,4.655902056267649e-05,16
5.90911920435413e-08,2.003635665868069e-06,16304,0,3f4859c5e27e416ab37853c9c1d575234e58e18abcc7bf092b869157960e6b2f,131072,asterix,65216,195648,202608056115,21,196608,8,768,960,0.3,4,4.5381424635655006e-08,4,1.29425771540943e-06,1.29425771540943e-06,4
5.941818501753883e-08,1.9919240323791356e-06,16296,8,3f4859c5e27e416ab37853c9c1d575234e58e18abcc7bf092b869157960e6b2f,131072,asterix,65216,195648,202608056115,21,196608,8,768,960,0.3,4,4.553184503440123e-08,4,1.2863185054629249e-06,1.2863185054629249e-06,4
1.021569552397963e-06,5.119871870798489e-05,8124,0,3f4859c5e27e416ab37853c9c1d575234e58e18abcc7bf092b869157960e6b2f,131072,asterix,129984,389952,202608056115,21,393216,32,768,3264,0.3,16,1.4884705380597193e-06,4,7.667547679643521e-05,5.327865029695049e-05,16
1.021664597631618e-06,5.119405887362635e-05,8116,8,3f4859c5e27e416ab37853c9c1d575234e58e18abcc7bf092b869157960e6b2f,131072,asterix,129984,389952,202608056115,21,393216,32,768,3264,0.3,16,1.4895067582390486e-06,4,7.668384286511429e-05,5.318970971606544e-05,16
4.8250603924979806e-08,6.404237599353476e-07,16304,0,3f4859c5e27e416ab37853c9c1d575234e58e18abcc7bf092b869157960e6b2f,131072,asterix,65216,195648,202608056115,39,196608,8,768,960,0.5,4,4.174710340697476e-08,4,3.4236821058785535e-07,3.4236821058785535e-07,4
5.021584416855894e-08,6.338685999516508e-07,16296,8,3f4859c5e27e416ab37853c9c1d575234e58e18abcc7bf092b869157960e6b2f,131072,asterix,65216,195648,202608056115,39,196608,8,768,960,0.5,4,4.3367719696527145e-08,4,3.4085316918336e-07,3.4085316918336e-07,4
2.196189930197481e-06,0.00011356853265787334,10832,0,3f4859c5e27e416ab37853c9c1d575234e58e18abcc7bf092b869157960e6b2f,131072,asterix,43328,389952,202608056115,39,393216,32,768,3264,0.5,4,2.136022722486638e-06,4,0.00011043799830641678,0.00011043799830641678,4
2.1968235103528454e-06,0.00011359588218047067,10824,8,3f4859c5e27e416ab37853c9c1d575234e58e18abcc7bf092b869157960e6b2f,131072,asterix,43328,389952,202608056115,39,393216,32,768,3264,0.5,4,2.132887645908342e-06,4,0.00011024626347049958,0.00011024626347049958,4
3.847192831738052e-07,3.3754840514799187e-06,21738,0,3f4859c5e27e416ab37853c9c1d575234e58e18abcc7bf092b869157960e6b2f,131072,asterix,21738,195642,202608056115,71,196608,8,768,960,0.7,1,6.791952946384754e-08,4,4.178635824492769e-07,3.4430798943432256e-06,1
3.864113112511249e-07,3.433126193335224e-06,21730,8,3f4859c5e27e416ab37853c9c1d575234e58e18abcc7bf092b869157960e6b2f,131072,asterix,21738,195642,202608056115,71,196608,8,768,960,0.7,1,6.515470756293471e-08,4,3.8204287471551895e-07,3.5646945575004465e-06,1
2.820589153318575e-06,0.00014497324381212184,10832,0,3f4859c5e27e416ab37853c9c1d575234e58e18abcc7bf092b869157960e6b2f,131072,asterix,43328,389952,202608056115,71,393216,32,768,3264,0.7,4,2.7954256959236624e-06,4,0.00014319984323398914,0.00014319984323398914,4
2.808589207010104e-06,0.00014442100075934543,10824,8,3f4859c5e27e416ab37853c9c1d575234e58e18abcc7bf092b869157960e6b2f,131072,asterix,43328,389952,202608056115,71,393216,32,768,3264,0.7,4,2.7746368029441626e-06,4,0.00014217302060038717,0.00014217302060038717,4
3.847192831738052e-07,3.3754840514799187e-06,21738,0,3f4859c5e27e416ab37853c9c1d575234e58e18abcc7bf092b869157960e6b2f,131072,asterix,21738,195642,202608056115,89,196608,8,768,960,0.9,1,1.772064912241992e-07,4,2.1092401218288736e-06,3.4430798943432256e-06,1
3.864113112511249e-07,3.433126193335224e-06,21730,8,3f4859c5e27e416ab37853c9c1d575234e58e18abcc7bf092b869157960e6b2f,131072,asterix,21738,195642,202608056115,89,196608,8,768,960,0.9,1,1.8412209467938825e-07,4,2.371518051893041e-06,3.5646945575004465e-06,1
2.5396534217230853e-06,0.00012901057480569207,11816,0,3f4859c5e27e416ab37853c9c1d575234e58e18abcc7bf092b869157960e6b2f,131072,asterix,11816,389928,202608056115,89,393216,32,768,3264,0.9,1,2.8675727932569095e-06,4,0.00014488366893511534,0.00013260143061284487,1
2.5057502098257185e-06,0.00012751235662426894,11808,8,3f4859c5e27e416ab37853c9c1d575234e58e18abcc7bf092b869157960e6b2f,131072,asterix,11816,389928,202608056115,89,393216,32,768,3264,0.9,1,2.8373751116035853e-06,4,0.0001434239567430852,0.00013075470290645558,1
3.847192831738052e-07,3.3754840514799187e-06,21738,0,3f4859c5e27e416ab37853c9c1d575234e58e18abcc7bf092b869157960e6b2f,131072,asterix,21738,195642,202608056115,96,196608,8,768,960,1.0,1,1.772064912241992e-07,4,2.1092401218288736e-06,3.4430798943432256e-06,1
3.864113112511249e-07,3.433126193335224e-06,21730,8,3f4859c5e27e416ab37853c9c1d575234e58e18abcc7bf092b869157960e6b2f,131072,asterix,21738,195642,202608056115,96,196608,8,768,960,1.0,1,1.8412209467938825e-07,4,2.371518051893041e-06,3.5646945575004465e-06,1
2.5396534217230853e-06,0.00012901057480569207,11816,0,3f4859c5e27e416ab37853c9c1d575234e58e18abcc7bf092b869157960e6b2f,131072,asterix,11816,389928,202608056115,96,393216,32,768,3264,1.0,1,2.8675727932569095e-06,4,0.00014488366893511534,0.00013260143061284487,1
2.5057502098257185e-06,0.00012751235662426894,11808,8,3f4859c5e27e416ab37853c9c1d575234e58e18abcc7bf092b869157960e6b2f,131072,asterix,11816,389928,202608056115,96,393216,32,768,3264,1.0,1,2.8373751116035853e-06,4,0.0001434239567430852,0.00013075470290645558,1
7.481941682537691e-08,3.0114118174009637e-07,8144,0,3f4859c5e27e416ab37853c9c1d575234e58e18abcc7bf092b869157960e6b2f,131072,asterix,130304,195456,202608056116,0,196608,8,768,960,0.0,16,1.7455018305036946e-07,4,4.88270098028139e-06,3.4695159065004735e-07,16
7.487787366712449e-08,3.032953371574391e-07,8136,8,3f4859c5e27e416ab37853c9c1d575234e58e18abcc7bf092b869157960e6b2f,131072,asterix,130304,195456,202608056116,0,196608,8,768,960,0.0,16,1.7310967976274882e-07,4,4.768015656202214e-06,3.4494256962885274e-07,16
7.529030698563708e-08,2.9389299042014273e-07,8124,0,3f4859c5e27e416ab37853c9c1d575234e58e18abcc7bf092b869157960e6b2f,131072,asterix,129984,389952,202608056116,0,393216,32,768,3264,0.0,16,6.637602712070846e-07,4,2.3842816680258254e-05,3.4695159065004735e-07,16
7.551546666327028e-08,2.9745125965944926e-07,8116,8,3f4859c5e27e416ab37853c9c1d575234e58e18abcc7bf092b869157960e6b2f,131072,asterix,129984,389952,202608056116,0,393216,32,768,3264,0.0,16,6.647526963313125e-07,4,2.385444305601312e-05,3.4494256962885274e-07,16
7.993586600257482e-08,8.622222784086207e-07,8144,0,3f4859c5e27e416ab37853c9c1d575234e58e18abcc7bf092b869157960e6b2f,131072,asterix,130304,195456,202608056116,6,196608,8,768,960,0.1,16,1.7455018305036946e-07,4,4.88270098028139e-06,8.85766164556864e-07,16
7.880513743387619e-08,8.347038023983865e-07,8136,8,3f4859c5e27e416ab37853c9c1d575234e58e18abcc7bf092b869157960e6b2f,131072,asterix,130304,195456,202608056116,6,196608,8,768,960,0.1,16,1.7310967976274882e-07,4,4.768015656202214e-06,8.816010109502258e-07,16
7.851697106146405e-08,8.212346250525097e-07,8124,0,3f4859c5e27e416ab37853c9c1d575234e58e18abcc7bf092b869157960e6b2f,131072,asterix,129984,389952,202608056116,6,393216,32,768,3264,0.1,16,6.637602712070846e-07,4,2.3842816680258254e-05,8.85766164556864e-07,16
7.789791777756002e-08,8.046270997303816e-07,8116,8,3f4859c5e27e416ab37853c9c1d575234e58e18abcc7bf092b869157960e6b2f,131072,asterix,129984,389952,202608056116,6,393216,32,768,3264,0.1,16,6.647526963313125e-07,4,2.385444305601312e-05,8.816010109502258e-07,16
1.693266627048655e-07,4.682688706180236e-06,16304,0,3f4859c5e27e416ab37853c9c1d575234e58e18abcc7bf092b869157960e6b2f,131072,asterix,65216,195648,202608056116,29,196608,8,768,960,0.3,4,1.7455018305036946e-07,4,4.88270098028139e-06,4.88270098028139e-06,4
1.6587026273315142e-07,4.52166188527916e-06,16296,8,3f4859c5e27e416ab37853c9c1d575234e58e18abcc7bf092b869157960e6b2f,131072,asterix,65216,195648,202608056116,29,196608,8,768,960,0.3,4,1.7310967976274882e-07,4,4.768015656202214e-06,4.768015656202214e-06,4
6.5162454758406e-08,1.2862726879250618e-06,8124,0,3f4859c5e27e416ab37853c9c1d575234e58e18abcc7bf092b869157960e6b2f,131072,asterix,129984,389952,202608056116,29,393216,32,768,3264,0.3,16,6.637602712070846e-07,4,2.3842816680258254e-05,1.3219977353087356e-06,16
6.635148844158776e-08,1.3505016156650465e-06,8116,8,3f4859c5e27e416ab37853c9c1d575234e58e18abcc7bf092b869157960e6b2f,131072,asterix,129984,389952,202608056116,29,393216,32,768,3264,0.3,16,6.647526963313125e-07,4,2.385444305601312e-05,1.3952667606124062e-06,16
2.5591996688463344e-07,2.7617069888547826e-06,16304,0,3f4859c5e27e416ab37853c9c1d575234e58e18abcc7bf092b869157960e6b2f,131072,asterix,65216,195648,202608056116,47,196608,8,768,960,0.5,4,2.5311280062389997e-07,4,2.9858273943507647e-06,2.9858273943507647e-06,4
2.630106219019159e-07,2.743583952386336e-06,16296,8,3f4859c5e27e416ab37853c9c1d575234e58e18abcc7bf092b869157960e6b2f,131072,asterix,65216,195648,202608056116,47,196608,8,768,960,0.5,4,2.5945153039837675e-07,4,2.978272137233436e-06,2.978272137233436e-06,4
1.2142684500570062e-06,2.0137782843667817e-05,10832,0,3f4859c5e27e416ab37853c9c1d575234e58e18abcc7bf092b869157960e6b2f,131072,asterix,43328,389952,202608056116,47,393216,32,768,3264,0.5,4,1.102510420115936e-06,4,1.7283439579208923e-05,1.7283439579208923e-05,4
1.244068541333659e-06,2.0895710262679487e-05,10824,8,3f4859c5e27e416ab37853c9c1d575234e58e18abcc7bf092b869157960e6b2f,131072,asterix,43328,389952,202608056116,47,393216,32,768,3264,0.5,4,1.1261215819912767e-06,4,1.8273412084823082e-05,1.8273412084823082e-05,4
2.476310366927092e-07,8.843485602533416e-06,21738,0,3f4859c5e27e416ab37853c9c1d575234e58e18abcc7bf092b869157960e6b2f,131072,asterix,21738,195642,202608056116,67,196608,8,768,960,0.7,1,2.822371098896338e-07,4,2.3240692543517054e-06,9.016037416600874e-06,1
2.4839545298852635e-07,9.113058444387416e-06,21730,8,3f4859c5e27e416ab37853c9c1d575234e58e18abcc7bf092b869157960e6b2f,131072,asterix,21738,195642,202608056116,67,196608,8,768,960,0.7,1,2.9259180325230367e-07,4,2.369005424795921e-06,9.34319407395348e-06,1
1.5753950409480819e-06,1.6708737615422914e-05,10832,0,3f4859c5e27e416ab37853c9c1d575234e58e18abcc7bf092b869157960e6b2f,131072,asterix,43328,389952,202608056116,67,393216,32,768,3264,0.7,4,1.4342488795070084e-06,4,1.4133623659931756e-05,1.4133623659931756e-05,4
1.6138239683511083e-06,1.811443861443319e-05,10824,8,3f4859c5e27e416ab37853c9c1d575234e58e18abcc7bf092b869157960e6b2f,131072,asterix,43328,389952,202608056116,67,393216,32,768,3264,0.7,4,1.4595326266649598e-06,4,1.5723125966238388e-05,1.5723125966238388e-05,4
2.476310366927092e-07,8.843485602533416e-06,21738,0,3f4859c5e27e416ab37853c9c1d575234e58e18abcc7bf092b869157960e6b2f,131072,asterix,21738,195642,202608056116,84,196608,8,768,960,0.9,1,2.822371098896338e-07,4,2.3240692543517054e-06,9.016037416600874e-06,1
2.4839545298852635e-07,9.113058444387416e-06,21730,8,3f4859c5e27e416ab37853c9c1d575234e58e18abcc7bf092b869157960e6b2f,131072,asterix,21738,195642,202608056116,84,196608,8,768,960,0.9,1,2.9259180325230367e-07,4,2.369005424795921e-06,9.34319407395348e-06,1
1.5753950409480819e-06,1.6708737615422914e-05,10832,0,3f4859c5e27e416ab37853c9c1d575234e58e18abcc7bf092b869157960e6b2f,131072,asterix,43328,389952,202608056116,84,393216,32,768,3264,0.9,4,1.4342488795070084e-06,4,1.4133623659931756e-05,5.4599144611508784e-06,1
1.6138239683511083e-06,1.811443861443319e-05,10824,8,3f4859c5e27e416ab37853c9c1d575234e58e18abcc7bf092b869157960e6b2f,131072,asterix,43328,389952,202608056116,84,393216,32,768,3264,0.9,4,1.4595326266649598e-06,4,1.5723125966238388e-05,5.9881192675334554e-06,1
2.476310366927092e-07,8.843485602533416e-06,21738,0,3f4859c5e27e416ab37853c9c1d575234e58e18abcc7bf092b869157960e6b2f,131072,asterix,21738,195642,202608056116,96,196608,8,768,960,1.0,1,2.822371098896338e-07,4,2.3240692543517054e-06,9.016037416600874e-06,1
2.4839545298852635e-07,9.113058444387416e-06,21730,8,3f4859c5e27e416ab37853c9c1d575234e58e18abcc7bf092b869157960e6b2f,131072,asterix,21738,195642,202608056116,96,196608,8,768,960,1.0,1,2.9259180325230367e-07,4,2.369005424795921e-06,9.34319407395348e-06,1
9.292188881322839e-07,5.9754527325208455e-06,11816,0,3f4859c5e27e416ab37853c9c1d575234e58e18abcc7bf092b869157960e6b2f,131072,asterix,11816,389928,202608056116,96,393216,32,768,3264,1.0,1,1.4342488795070084e-06,4,1.4133623659931756e-05,5.4599144611508784e-06,1
9.216298484381992e-07,6.494901695878596e-06,11808,8,3f4859c5e27e416ab37853c9c1d575234e58e18abcc7bf092b869157960e6b2f,131072,asterix,11816,389928,202608056116,96,393216,32,768,3264,1.0,1,1.4595326266649598e-06,4,1.5723125966238388e-05,5.9881192675334554e-06,1
3.2504584513909254e-08,1.609812168625076e-07,8144,0,3f4859c5e27e416ab37853c9c1d575234e58e18abcc7bf092b869157960e6b2f,131072,asterix,130304,195456,202608056117,0,196608,8,768,960,0.0,16,1.628963523353541e-07,4,2.7976120580620096e-06,2.290537249432979e-07,16
3.39179982991587e-08,1.6672348027099866e-07,8136,8,3f4859c5e27e416ab37853c9c1d575234e58e18abcc7bf092b869157960e6b2f,131072,asterix,130304,195456,202608056117,0,196608,8,768,960,0.0,16,1.5821757627476964e-07,4,2.6630395251239017e-06,2.3115014117025482e-07,16
3.09750403595013e-08,1.4229025723736795e-07,8124,0,3f4859c5e27e416ab37853c9c1d575234e58e18abcc7bf092b869157960e6b2f,131072,asterix,129984,389952,202608056117,0,393216,32,768,3264,0.0,16,9.241603686978263e-08,4,7.912772332188271e-07,2.290537249432979e-07,16
3.231803488617165e-08,1.4823114608072687e-07,8116,8,3f4859c5e27e416ab37853c9c1d575234e58e18abcc7bf092b869157960e6b2f,131072,asterix,129984,389952,202608056117,0,393216,32,768,3264,0.0,16,9.260747828567648e-08,4,8.269200616362203e-07,2.3115014117025482e-07,16
7.32584455839564e-08,3.042985275098473e-06,8144,0,3f4859c5e27e416ab37853c9c1d575234e58e18abcc7bf092b869157960e6b2f,131072,asterix,130304,195456,202608056117,7,196608,8,768,960,0.1,16,3.3869584605156567e-07,4,8.584291241115732e-06,3.5306980287025007e-06,16
7.122601268892546e-08,2.930546120010493e-06,8136,8,3f4859c5e27e416ab37853c9c1d575234e58e18abcc7bf092b869157960e6b2f,131072,asterix,130304,195456,202608056117,7,196608,8,768,960,0.1,16,3.325222084385908e-07,4,8.369827823692151e-06,3.4028574958235317e-06,16
7.119768864748397e-08,2.9262700857932367e-06,8124,0,3f4859c5e27e416ab37853c9c1d575234e58e18abcc7bf092b869157960e6b2f,131072,asterix,129984,389952,202608056117,7,393216,32,768,3264,0.1,16,6.357862415832617e-08,4,6.865085658370429e-07,3.5306980287025007e-06,16
6.825859483748287e-08,2.7544398973004007e-06,8116,8,3f4859c5e27e416ab37853c9c1d575234e58e18abcc7bf092b869157960e6b2f,131072,asterix,129984,389952,202608056117,7,393216,32,768,3264,0.1,16,6.41894310316705e-08,4,7.411897117178369e-07,3.4028574958235317e-06,16
3.336809068558512e-07,7.920748112721555e-06,16304,0,3f4859c5e27e416ab37853c9c1d575234e58e18abcc7bf092b869157960e6b2f,131072,asterix,65216,195648,202608056117,27,196608,8,768,960,0.3,4,3.3869584605156567e-07,4,8.584291241115732e-06,8.584291241115732e-06,4
3.2887771946183127e-07,7.755382154389591e-06,16296,8,3f4859c5e27e416ab37853c9c1d575234e58e18abcc7bf092b869157960e6b2f,131072,asterix,65216,195648,202608056117,27,196608,8,768,960,0.3,4,3.325222084385908e-07,4,8.369827823692151e-06,8.369827823692151e-06,4
3.6216686409976796e-08,5.224042130980833e-07,8124,0,3f4859c5e27e416ab37853c9c1d575234e58e18abcc7bf092b869157960e6b2f,131072,asterix,129984,389952,202608056117,27,393216,32,768,3264,0.3,16,6.357862415832617e-08,4,6.865085658370429e-07,6.096967731745665e-07,16
3.4506060645865214e-08,4.497297692349125e-07,8116,8,3f4859c5e27e416ab37853c9c1d575234e58e18abcc7bf092b869157960e6b2f,131072,asterix,129984,389952,202608056117,27,393216,32,768,3264,0.3,16,6.41894310316705e-08,4,7.411897117178369e-07,5.440456265786574e-07,16
5.995551329645384e-07,2.2631628868710324e-06,16304,0,3f4859c5e27e416ab37853c9c1d575234e58e18abcc7bf092b869157960e6b2f,131072,asterix,65216,195648,202608056117,51,196608,8,768,960,0.5,4,5.683278475410156e-07,4,2.172412835513398e-06,2.172412835513398e-06,4
5.938668069862266e-07,2.151152507230017e-06,16296,8,3f4859c5e27e416ab37853c9c1d575234e58e18abcc7bf092b869157960e6b2f,131072,asterix,65216,195648,202608056117,51,196608,8,768,960,0.5,4,5.60034802423478e-07,4,2.036314891057451e-06,2.036314891057451e-06,4
1.0042752202359318e-07,4.4666949207088795e-07,10832,0,3f4859c5e27e416ab37853c9c1d575234e58e18abcc7bf092b869157960e6b2f,131072,asterix,43328,389952,202608056117,51,393216,32,768,3264,0.5,4,1.0474911758584123e-07,4,3.538358850070327e-07,3.538358850070327e-07,4
1.0482495300093562e-07,4.850329976100072e-07,10824,8,3f4859c5e27e416ab37853c9c1d575234e58e18abcc7bf092b869157960e6b2f,131072,asterix,43328,389952,202608056117,51,393216,32,768,3264,0.5,4,1.1046314255947692e-07,4,3.896182691711116e-07,3.896182691711116e-07,4
1.0222565179877036e-06,5.055971938664761e-06,21738,0,3f4859c5e27e416ab37853c9c1d575234e58e18abcc7bf092b869157960e6b2f,131072,asterix,21738,195642,202608056117,75,196608,8,768,960,0.7,1,8.658421761298378e-07,4,1.1319375888675586e-05,4.987459225130158e-06,1
1.0231270961389787e-06,5.361590076430749e-06,21730,8,3f4859c5e27e416ab37853c9c1d575234e58e18abcc7bf092b869157960e6b2f,131072,asterix,21738,195642,202608056117,75,196608,8,768,960,0.7,1,8.348561032017658e-07,4,1.0201572161575959e-05,5.246309393165775e-06,1
3.933126203199226e-08,1.9965001747607002e-07,10832,0,3f4859c5e27e416ab37853c9c1d575234e58e18abcc7bf092b869157960e6b2f,131072,asterix,43328,389952,202608056117,75,393216,32,768,3264,0.7,4,4.182562606966094e-08,4,1.62737934051111e-07,1.62737934051111e-07,4
4.078303906264506e-08,1.931203983903443e-07,10824,8,3f4859c5e27e416ab37853c9c1d575234e58e18abcc7bf092b869157960e6b2f,131072,asterix,43328,389952,202608056117,75,393216,32,768,3264,0.7,4,4.3188609303367055e-08,4,1.7430864912613641e-07,1.7430864912613641e-07,4
1.0222565179877036e-06,5.055971938664761e-06,21738,0,3f4859c5e27e416ab37853c9c1d575234e58e18abcc7bf092b869157960e6b2f,131072,asterix,21738,195642,202608056117,85,196608,8,768,960,0.9,1,8.658421761298378e-07,4,1.1319375888675586e-05,4.987459225130158e-06,1
1.0231270961389787e-06,5.361590076430749e-06,21730,8,3f4859c5e27e416ab37853c9c1d575234e58e18abcc7bf092b869157960e6b2f,131072,asterix,21738,195642,202608056117,85,196608,8,768,960,0.9,1,8.348561032017658e-07,4,1.0201572161575959e-05,5.246309393165775e-06,1
3.933126203199226e-08,1.9965001747607002e-07,10832,0,3f4859c5e27e416ab37853c9c1d575234e58e18abcc7bf092b869157960e6b2f,131072,asterix,43328,389952,202608056117,85,393216,32,768,3264,0.9,4,4.182562606966094e-08,4,1.62737934051111e-07,5.729996054560208e-07,1
4.078303906264506e-08,1.931203983903443e-07,10824,8,3f4859c5e27e416ab37853c9c1d575234e58e18abcc7bf092b869157960e6b2f,131072,asterix,43328,389952,202608056117,85,393216,32,768,3264,0.9,4,4.3188609303367055e-08,4,1.7430864912613641e-07,5.831061721145452e-07,1
1.0222565179877036e-06,5.055971938664761e-06,21738,0,3f4859c5e27e416ab37853c9c1d575234e58e18abcc7bf092b869157960e6b2f,131072,asterix,21738,195642,202608056117,96,196608,8,768,960,1.0,1,8.658421761298378e-07,4,1.1319375888675586e-05,4.987459225130158e-06,1
1.0231270961389787e-06,5.361590076430749e-06,21730,8,3f4859c5e27e416ab37853c9c1d575234e58e18abcc7bf092b869157960e6b2f,131072,asterix,21738,195642,202608056117,96,196608,8,768,960,1.0,1,8.348561032017658e-07,4,1.0201572161575959e-05,5.246309393165775e-06,1
1.283995111941731e-07,4.884139243016185e-07,11816,0,3f4859c5e27e416ab37853c9c1d575234e58e18abcc7bf092b869157960e6b2f,131072,asterix,11816,389928,202608056117,96,393216,32,768,3264,1.0,1,4.182562606966094e-08,4,1.62737934051111e-07,5.729996054560208e-07,1
1.2844058504301774e-07,5.003806299254136e-07,11808,8,3f4859c5e27e416ab37853c9c1d575234e58e18abcc7bf092b869157960e6b2f,131072,asterix,11816,389928,202608056117,96,393216,32,768,3264,1.0,1,4.3188609303367055e-08,4,1.7430864912613641e-07,5.831061721145452e-07,1
1.2190005869541617e-07,4.22366166113724e-07,8144,0,3f4859c5e27e416ab37853c9c1d575234e58e18abcc7bf092b869157960e6b2f,131072,asterix,130304,195456,202608056118,0,196608,8,768,960,0.0,16,8.255712502705915e-08,4,2.979630120379932e-07,4.1227399268168963e-07,16
1.2190490885409671e-07,4.20664092284781e-07,8136,8,3f4859c5e27e416ab37853c9c1d575234e58e18abcc7bf092b869157960e6b2f,131072,asterix,130304,195456,202608056118,0,196608,8,768,960,0.0,16,8.162992150175846e-08,4,2.9516307274434537e-07,4.081441621810251e-07,16
1.2412030707709843e-07,4.2929110198623167e-07,8124,0,3f4859c5e27e416ab37853c9c1d575234e58e18abcc7bf092b869157960e6b2f,131072,asterix,129984,389952,202608056118,0,393216,32,768,3264,0.0,16,1.5482123089081385e-07,4,6.596834050279491e-06,4.1227399268168963e-07,16
1.2411603523474136e-07,4.2727204977586557e-07,8116,8,3f4859c5e27e416ab37853c9c1d575234e58e18abcc7bf092b869157960e6b2f,131072,asterix,129984,389952,202608056118,0,393216,32,768,3264,0.0,16,1.5188601102394268e-07,4,6.413834620828114e-06,4.081441621810251e-07,16
3.733920076310707e-07,1.2834346886893935e-06,16304,0,3f4859c5e27e416ab37853c9c1d575234e58e18abcc7bf092b869157960e6b2f,131072,asterix,65216,195648,202608056118,13,196608,8,768,960,0.1,4,3.8130315117411916e-07,4,1.3469585399018028e-06,1.4000907475399436e-06,16
3.865466915924801e-07,1.3062153827573889e-06,16296,8,3f4859c5e27e416ab37853c9c1d575234e58e18abcc7bf092b869157960e6b2f,131072,asterix,65216,195648,202608056118,13,196608,8,768,960,0.1,4,3.9511700343325363e-07,4,1.3635432407855499e-06,1.448136464071561e-06,16
2.94740357424925e-07,1.191427841387313e-06,8124,0,3f4859c5e27e416ab37853c9c1d575234e58e18abcc7bf092b869157960e6b2f,131072,asterix,129984,389952,202608056118,13,393216,32,768,3264,0.1,16,7.763940471059015e-07,4,1.4994642824755981e-05,1.4000907475399436e-06,16
2.9907728089094116e-07,1.2287479044475293e-06,8116,8,3f4859c5e27e416ab37853c9c1d575234e58e18abcc7bf092b869157960e6b2f,131072,asterix,129984,389952,202608056118,13,393216,32,768,3264,0.1,16,7.895966439216796e-07,4,1.542268803935646e-05,1.448136464071561e-06,16
2.0284865621287925e-07,3.4294774570316577e-06,16304,0,3f4859c5e27e416ab37853c9c1d575234e58e18abcc7bf092b869157960e6b2f,131072,asterix,65216,195648,202608056118,35,196608,8,768,960,0.3,4,2.1278854023531212e-07,4,3.712396465478933e-06,3.712396465478933e-06,4
1.9469828215608134e-07,3.1756513379064416e-06,16296,8,3f4859c5e27e416ab37853c9c1d575234e58e18abcc7bf092b869157960e6b2f,131072,asterix,65216,195648,202608056118,35,196608,8,768,960,0.3,4,2.0464456646660721e-07,4,3.4447299690360662e-06,3.4447299690360662e-06,4
5.847678698865812e-07,1.748047023364129e-05,10832,0,3f4859c5e27e416ab37853c9c1d575234e58e18abcc7bf092b869157960e6b2f,131072,asterix,43328,389952,202608056118,35,393216,32,768,3264,0.3,4,5.590701082801059e-07,4,1.724383389239185e-05,1.2328842062107887e-05,16
5.830444709872527e-07,1.710160260739229e-05,10824,8,3f4859c5e27e416ab37853c9c1d575234e58e18abcc7bf092b869157960e6b2f,131072,asterix,43328,389952,202608056118,35,393216,32,768,3264,0.3,4,5.621301893902154e-07,4,1.7057434192886837e-05,1.2473602390240362e-05,16
2.90387163088435e-07,1.384451131686142e-06,16304,0,3f4859c5e27e416ab37853c9c1d575234e58e18abcc7bf092b869157960e6b2f,131072,asterix,65216,195648,202608056118,48,196608,8,768,960,0.5,4,3.046645013629921e-07,4,1.3827445836878767e-06,1.3827445836878767e-06,4
2.9267391489369885e-07,1.2651282315064668e-06,16296,8,3f4859c5e27e416ab37853c9c1d575234e58e18abcc7bf092b869157960e6b2f,131072,asterix,65216,195648,202608056118,48,196608,8,768,960,0.5,4,3.079513780321134e-07,4,1.2740594097589494e-06,1.2740594097589494e-06,4
1.0462519742592513e-06,3.0351503551985877e-05,10832,0,3f4859c5e27e416ab37853c9c1d575234e58e18abcc7bf092b869157960e6b2f,131072,asterix,43328,389952,202608056118,48,393216,32,768,3264,0.5,4,9.937511289259566e-07,4,2.927056461401975e-05,2.927056461401975e-05,4
1.066563600027996e-06,3.0604798632175366e-05,10824,8,3f4859c5e27e416ab37853c9c1d575234e58e18abcc7bf092b869157960e6b2f,131072,asterix,43328,389952,202608056118,48,393216,32,768,3264,0.5,4,1.0138297772698031e-06,4,2.959280867061477e-05,2.959280867061477e-05,4
3.095899313221095e-07,2.174825874524365e-06,21738,0,3f4859c5e27e416ab37853c9c1d575234e58e18abcc7bf092b869157960e6b2f,131072,asterix,21738,195642,202608056118,70,196608,8,768,960,0.7,1,3.1125958382238267e-07,4,2.5993000538978836e-06,1.9090665460419693e-06,1
3.03979707892518e-07,2.205933179363665e-06,21730,8,3f4859c5e27e416ab37853c9c1d575234e58e18abcc7bf092b869157960e6b2f,131072,asterix,21738,195642,202608056118,70,196608,8,768,960,0.7,1,3.1949368103939976e-07,4,2.8431133186257216e-06,1.909075645976087e-06,1
1.4559477954679422e-06,3.526321157002123e-05,10832,0,3f4859c5e27e416ab37853c9c1d575234e58e18abcc7bf092b869157960e6b2f,131072,asterix,43328,389952,202608056118,70,393216,32,768,3264,0.7,4,1.4201742751921593e-06,4,3.447995952933989e-05,3.447995952933989e-05,4
1.4731197824484528e-06,3.58742062743877e-05,10824,8,3f4859c5e27e416ab37853c9c1d575234e58e18abcc7bf092b869157960e6b2f,131072,asterix,43328,389952,202608056118,70,393216,32,768,3264,0.7,4,1.4366773949313984e-06,4,3.496174862760328e-05,3.496174862760328e-05,4
3.095899313221095e-07,2.174825874524365e-06,21738,0,3f4859c5e27e416ab37853c9c1d575234e58e18abcc7bf092b869157960e6b2f,131072,asterix,21738,195642,202608056118,83,196608,8,768,960,0.9,1,5.353416141091395e-07,4,1.894236990386776e-06,1.9090665460419693e-06,1
3.03979707892518e-07,2.205933179363665e-06,21730,8,3f4859c5e27e416ab37853c9c1d575234e58e18abcc7bf092b869157960e6b2f,131072,asterix,21738,195642,202608056118,83,196608,8,768,960,0.9,1,5.584584210685153e-07,4,1.9008217326718482e-06,1.909075645976087e-06,1
2.1147098877278125e-06,6.515369037372414e-05,10832,0,3f4859c5e27e416ab37853c9c1d575234e58e18abcc7bf092b869157960e6b2f,131072,asterix,43328,389952,202608056118,83,393216,32,768,3264,0.9,4,2.1005813467134793e-06,4,6.535189206462051e-05,9.972603986296578e-05,1
2.1824269013619377e-06,6.697062514560122e-05,10824,8,3f4859c5e27e416ab37853c9c1d575234e58e18abcc7bf092b869157960e6b2f,131072,asterix,43328,389952,202608056118,83,393216,32,768,3264,0.9,4,2.1617421253982302e-06,4,6.694911383606239e-05,0.00010099884705664841,1
3.095899313221095e-07,2.174825874524365e-06,21738,0,3f4859c5e27e416ab37853c9c1d575234e58e18abcc7bf092b869157960e6b2f,131072,asterix,21738,195642,202608056118,96,196608,8,768,960,1.0,1,5.353416141091395e-07,4,1.894236990386776e-06,1.9090665460419693e-06,1
3.03979707892518e-07,2.205933179363665e-06,21730,8,3f4859c5e27e416ab37853c9c1d575234e58e18abcc7bf092b869157960e6b2f,131072,asterix,21738,195642,202608056118,96,196608,8,768,960,1.0,1,5.584584210685153e-07,4,1.9008217326718482e-06,1.909075645976087e-06,1
2.6071724459158485e-06,0.00010290005509985863,11816,0,3f4859c5e27e416ab37853c9c1d575234e58e18abcc7bf092b869157960e6b2f,131072,asterix,11816,389928,202608056118,96,393216,32,768,3264,1.0,1,2.1005813467134793e-06,4,6.535189206462051e-05,9.972603986296578e-05,1
2.664730320548547e-06,0.00010355245874058568,11808,8,3f4859c5e27e416ab37853c9c1d575234e58e18abcc7bf092b869157960e6b2f,131072,asterix,11816,389928,202608056118,96,393216,32,768,3264,1.0,1,2.1617421253982302e-06,4,6.694911383606239e-05,0.00010099884705664841,1
6.253042787136609e-08,8.237727696276793e-07,8144,0,3f4859c5e27e416ab37853c9c1d575234e58e18abcc7bf092b869157960e6b2f,131072,asterix,130304,195456,202608056119,0,196608,8,768,960,0.0,16,1.0590855876625165e-07,4,1.7007567542564406e-06,7.154852076657734e-07,16
6.255285985831472e-08,8.555874162334431e-07,8136,8,3f4859c5e27e416ab37853c9c1d575234e58e18abcc7bf092b869157960e6b2f,131072,asterix,130304,195456,202608056119,0,196608,8,768,960,0.0,16,1.0682855768800491e-07,4,1.6856787799921553e-06,7.568910888120896e-07,16
6.381821144282248e-08,8.498784987255962e-07,8124,0,3f4859c5e27e416ab37853c9c1d575234e58e18abcc7bf092b869157960e6b2f,131072,asterix,129984,389952,202608056119,0,393216,32,768,3264,0.0,16,1.1243316027140972e-07,4,2.848790414097056e-06,7.154852076657734e-07,16
6.400490564244312e-08,8.84052841133029e-07,8116,8,3f4859c5e27e416ab37853c9c1d575234e58e18abcc7bf092b869157960e6b2f,131072,asterix,129984,389952,202608056119,0,393216,32,768,3264,0.0,16,1.1236098622235561e-07,4,2.817585625172191e-06,7.568910888120896e-07,16
2.087956968835798e-07,4.80747246086885e-06,8144,0,3f4859c5e27e416ab37853c9c1d575234e58e18abcc7bf092b869157960e6b2f,131072,asterix,130304,195456,202608056119,8,196608,8,768,960,0.1,16,1.8920461516739826e-07,4,4.304502089935572e-06,4.492557727345751e-06,16
2.1580801952199569e-07,4.973468369017494e-06,8136,8,3f4859c5e27e416ab37853c9c1d575234e58e18abcc7bf092b869157960e6b2f,131072,asterix,130304,195456,202608056119,8,196608,8,768,960,0.1,16,1.869366287186191e-07,4,4.161914002429452e-06,4.670899472191658e-06,16
2.1064343504104248e-07,4.843345723496895e-06,8124,0,3f4859c5e27e416ab37853c9c1d575234e58e18abcc7bf092b869157960e6b2f,131072,asterix,129984,389952,202608056119,8,393216,32,768,3264,0.1,16,4.92741975747629e-08,4,4.088829113534262e-07,4.492557727345751e-06,16
2.1762683450631267e-07,4.986568359545129e-06,8116,8,3f4859c5e27e416ab37853c9c1d575234e58e18abcc7bf092b869157960e6b2f,131072,asterix,129984,389952,202608056119,8,393216,32,768,3264,0.1,16,4.897239123940299e-08,4,3.9944435164018987e-07,4.670899472191658e-06,16
1.1849840156761911e-07,4.891576019466503e-07,16304,0,3f4859c5e27e416ab37853c9c1d575234e58e18abcc7bf092b869157960e6b2f,131072,asterix,65216,195648,202608056119,26,196608,8,768,960,0.3,4,1.1446850263675072e-07,4,5.170295537759295e-07,5.170295537759295e-07,4
1.234739771718637e-07,5.160182356136452e-07,16296,8,3f4859c5e27e416ab37853c9c1d575234e58e18abcc7bf092b869157960e6b2f,131072,asterix,65216,195648,202608056119,26,196608,8,768,960,0.3,4,1.1939095157211553e-07,4,5.466039543565197e-07,5.466039543565197e-07,4
2.1467931256110282e-07,4.392007929876456e-06,8124,0,3f4859c5e27e416ab37853c9c1d575234e58e18abcc7bf092b869157960e6b2f,131072,asterix,129984,389952,202608056119,26,393216,32,768,3264,0.3,16,1.582942447852417e-07,4,1.798133123518262e-06,4.324091732653285e-06,16
2.217823672702963e-07,4.568309835685789e-06,8116,8,3f4859c5e27e416ab37853c9c1d575234e58e18abcc7bf092b869157960e6b2f,131072,asterix,129984,389952,202608056119,26,393216,32,768,3264,0.3,16,1.5825778611852644e-07,4,1.7878544121470941e-06,4.518079563573813e-06,16
3.630416475354422e-07,1.2026540278997691e-05,16304,0,3f4859c5e27e416ab37853c9c1d575234e58e18abcc7bf092b869157960e6b2f,131072,asterix,65216,195648,202608056119,41,196608,8,768,960,0.5,4,3.3292643897417963e-07,4,1.0517152880278435e-05,1.0517152880278435e-05,4
3.620310895315886e-07,1.1997713606586251e-05,16296,8,3f4859c5e27e416ab37853c9c1d575234e58e18abcc7bf092b869157960e6b2f,131072,asterix,65216,195648,202608056119,41,196608,8,768,960,0.5,4,3.304048963508488e-07,4,1.042129980884867e-05,1.042129980884867e-05,4
1.1756304039060288e-07,6.850312162602728e-07,10832,0,3f4859c5e27e416ab37853c9c1d575234e58e18abcc7bf092b869157960e6b2f,131072,asterix,43328,389952,202608056119,41,393216,32,768,3264,0.5,4,1.3027964459421998e-07,4,1.3533083271942918e-06,1.3533083271942918e-06,4
1.2044035768366465e-07,6.658582876181168e-07,10824,8,3f4859c5e27e416ab37853c9c1d575234e58e18abcc7bf092b869157960e6b2f,131072,asterix,43328,389952,202608056119,41,393216,32,768,3264,0.5,4,1.322632358122967e-07,4,1.3899712008374616e-06,1.3899712008374616e-06,4
3.2590008380243863e-07,2.5759383330552403e-06,21738,0,3f4859c5e27e416ab37853c9c1d575234e58e18abcc7bf092b869157960e6b2f,131072,asterix,21738,195642,202608056119,68,196608,8,768,960,0.7,1,3.410580959873956e-07,4,1.3362781685446247e-05,2.667669132398015e-06,1
3.432658022672786e-07,2.9251656179904992e-06,21730,8,3f4859c5e27e416ab37853c9c1d575234e58e18abcc7bf092b869157960e6b2f,131072,asterix,21738,195642,202608056119,68,196608,8,768,960,0.7,1,3.428522264723364e-07,4,1.3490650174893816e-05,3.013637542844844e-06,1
4.377409752370106e-07,1.9878233993519085e-05,10832,0,3f4859c5e27e416ab37853c9c1d575234e58e18abcc7bf092b869157960e6b2f,131072,asterix,43328,389952,202608056119,68,393216,32,768,3264,0.7,4,4.5593172384729694e-07,4,2.064314264254837e-05,2.064314264254837e-05,4
4.428624329432652e-07,2.010734402244753e-05,10824,8,3f4859c5e27e416ab37853c9c1d575234e58e18abcc7bf092b869157960e6b2f,131072,asterix,43328,389952,202608056119,68,393216,32,768,3264,0.7,4,4.7034899459092807e-07,4,2.136868810944319e-05,2.136868810944319e-05,4
3.2590008380243863e-07,2.5759383330552403e-06,21738,0,3f4859c5e27e416ab37853c9c1d575234e58e18abcc7bf092b869157960e6b2f,131072,asterix,21738,195642,202608056119,92,196608,8,768,960,0.9,1,1.9485154007785355e-07,4,4.318366272420127e-06,2.667669132398015e-06,1
3.432658022672786e-07,2.9251656179904992e-06,21730,8,3f4859c5e27e416ab37853c9c1d575234e58e18abcc7bf092b869157960e6b2f,131072,asterix,21738,195642,202608056119,92,196608,8,768,960,0.9,1,1.9847504699115046e-07,4,4.213753316409465e-06,3.013637542844844e-06,1
1.90242390712454e-07,9.876328959043282e-07,11816,0,3f4859c5e27e416ab37853c9c1d575234e58e18abcc7bf092b869157960e6b2f,131072,asterix,11816,389928,202608056119,92,393216,32,768,3264,0.9,1,3.986889289456631e-07,4,4.272697305916469e-06,1.2314551919893817e-06,1
1.9164115048135408e-07,9.064981138835588e-07,11808,8,3f4859c5e27e416ab37853c9c1d575234e58e18abcc7bf092b869157960e6b2f,131072,asterix,11816,389928,202608056119,92,393216,32,768,3264,0.9,1,4.07973368733554e-07,4,4.340875625962136e-06,1.1248898445442007e-06,1
3.2590008380243863e-07,2.5759383330552403e-06,21738,0,3f4859c5e27e416ab37853c9c1d575234e58e18abcc7bf092b869157960e6b2f,131072,asterix,21738,195642,202608056119,96,196608,8,768,960,1.0,1,1.9485154007785355e-07,4,4.318366272420127e-06,2.667669132398015e-06,1
3.432658022672786e-07,2.9251656179904992e-06,21730,8,3f4859c5e27e416ab37853c9c1d575234e58e18abcc7bf092b869157960e6b2f,131072,asterix,21738,195642,202608056119,96,196608,8,768,960,1.0,1,1.9847504699115046e-07,4,4.213753316409465e-06,3.013637542844844e-06,1
1.90242390712454e-07,9.876328959043282e-07,11816,0,3f4859c5e27e416ab37853c9c1d575234e58e18abcc7bf092b869157960e6b2f,131072,asterix,11816,389928,202608056119,96,393216,32,768,3264,1.0,1,3.986889289456631e-07,4,4.272697305916469e-06,1.2314551919893817e-06,1
1.9164115048135408e-07,9.064981138835588e-07,11808,8,3f4859c5e27e416ab37853c9c1d575234e58e18abcc7bf092b869157960e6b2f,131072,asterix,11816,389928,202608056119,96,393216,32,768,3264,1.0,1,4.07973368733554e-07,4,4.340875625962136e-06,1.1248898445442007e-06,1
1.6870725779955684e-07,6.140002009167718e-06,8144,0,3f4859c5e27e416ab37853c9c1d575234e58e18abcc7bf092b869157960e6b2f,131072,asterix,130304,195456,202608056120,0,196608,8,768,960,0.0,16,2.4150603319702416e-07,4,8.872298063032989e-07,6.024006395237805e-06,16
1.7148769842877988e-07,6.29493526652064e-06,8136,8,3f4859c5e27e416ab37853c9c1d575234e58e18abcc7bf092b869157960e6b2f,131072,asterix,130304,195456,202608056120,0,196608,8,768,960,0.0,16,2.395705460336436e-07,4,8.748132327891779e-07,6.077844396604274e-06,16
1.7048870316220188e-07,6.2431303173800876e-06,8124,0,3f4859c5e27e416ab37853c9c1d575234e58e18abcc7bf092b869157960e6b2f,131072,asterix,129984,389952,202608056120,0,393216,32,768,3264,0.0,16,7.085594300735671e-07,4,2.8647605178534495e-05,6.024006395237805e-06,16
1.7310358953298712e-07,6.386597566029166e-06,8116,8,3f4859c5e27e416ab37853c9c1d575234e58e18abcc7bf092b869157960e6b2f,131072,asterix,129984,389952,202608056120,0,393216,32,768,3264,0.0,16,7.211345118146455e-07,4,2.9489802765565358e-05,6.077844396604274e-06,16
3.412698236794836e-07,1.1785750327535965e-05,8144,0,3f4859c5e27e416ab37853c9c1d575234e58e18abcc7bf092b869157960e6b2f,131072,asterix,130304,195456,202608056120,8,196608,8,768,960,0.1,16,1.2672669845470646e-07,4,5.309715305832869e-07,1.1039755234249282e-05,16
3.465205692157237e-07,1.202514353400939e-05,8136,8,3f4859c5e27e416ab37853c9c1d575234e58e18abcc7bf092b869157960e6b2f,131072,asterix,130304,195456,202608056120,8,196608,8,768,960,0.1,16,1.2484169194877457e-07,4,5.089487946177686e-07,1.1084553096940228e-05,16
3.499786851917266e-07,1.2220490094165417e-05,8124,0,3f4859c5e27e416ab37853c9c1d575234e58e18abcc7bf092b869157960e6b2f,131072,asterix,129984,389952,202608056120,8,393216,32,768,3264,0.1,16,5.35706534589768e-07,4,2.3183930262230933e-05,1.1039755234249282e-05,16
3.55005549371568e-07,1.2441983856839363e-05,8116,8,3f4859c5e27e416ab37853c9c1d575234e58e18abcc7bf092b869157960e6b2f,131072,asterix,129984,389952,202608056120,8,393216,32,768,3264,0.1,16,5.497641347655531e-07,4,2.3840349410049616e-05,1.1084553096940228e-05,16
1.29094217467818e-07,1.941672201785174e-06,16304,0,3f4859c5e27e416ab37853c9c1d575234e58e18abcc7bf092b869157960e6b2f,131072,asterix,65216,195648,202608056120,33,196608,8,768,960,0.3,4,1.4646110053841273e-07,4,2.6849794825957183e-06,2.6849794825957183e-06,4
1.3021248526522448e-07,1.9375138876615477e-06,16296,8,3f4859c5e27e416ab37853c9c1d575234e58e18abcc7bf092b869157960e6b2f,131072,asterix,65216,195648,202608056120,33,196608,8,768,960,0.3,4,1.4983686671705228e-07,4,2.8041010374986684e-06,2.8041010374986684e-06,4
8.997127302847299e-07,3.82674793753069e-05,10832,0,3f4859c5e27e416ab37853c9c1d575234e58e18abcc7bf092b869157960e6b2f,131072,asterix,43328,389952,202608056120,33,393216,32,768,3264,0.3,4,8.475912147071629e-07,4,3.539077332896047e-05,5.659417145869637e-05,16
9.26856148135109e-07,3.929805399229201e-05,10824,8,3f4859c5e27e416ab37853c9c1d575234e58e18abcc7bf092b869157960e6b2f,131072,asterix,43328,389952,202608056120,33,393216,32,768,3264,0.3,4,8.729280659369489e-07,4,3.625074791752815e-05,5.6771187728609495e-05,16
1.5769824669816252e-07,6.103992562066327e-07,16304,0,3f4859c5e27e416ab37853c9c1d575234e58e18abcc7bf092b869157960e6b2f,131072,asterix,65216,195648,202608056120,48,196608,8,768,960,0.5,4,1.6132435847460047e-07,4,5.434967019501506e-07,5.434967019501506e-07,4
1.589485292294387e-07,6.199075240904676e-07,16296,8,3f4859c5e27e416ab37853c9c1d575234e58e18abcc7bf092b869157960e6b2f,131072,asterix,65216,195648,202608056120,48,196608,8,768,960,0.5,4,1.6292247949969054e-07,4,5.527235322435343e-07,5.527235322435343e-07,4
6.768189215760135e-07,2.462314448288412e-05,10832,0,3f4859c5e27e416ab37853c9c1d575234e58e18abcc7bf092b869157960e6b2f,131072,asterix,43328,389952,202608056120,48,393216,32,768,3264,0.5,4,6.581812533823462e-07,4,2.438870704511414e-05,2.438870704511414e-05,4
7.298896579519494e-07,2.6043257722255793e-05,10824,8,3f4859c5e27e416ab37853c9c1d575234e58e18abcc7bf092b869157960e6b2f,131072,asterix,43328,389952,202608056120,48,393216,32,768,3264,0.5,4,7.081926393731233e-07,4,2.5492237175285016e-05,2.5492237175285016e-05,4
1.5769824669816252e-07,6.103992562066327e-07,16304,0,3f4859c5e27e416ab37853c9c1d575234e58e18abcc7bf092b869157960e6b2f,131072,asterix,65216,195648,202608056120,61,196608,8,768,960,0.7,4,1.6132435847460047e-07,4,5.434967019501506e-07,1.6650185297020928e-06,1
1.589485292294387e-07,6.199075240904676e-07,16296,8,3f4859c5e27e416ab37853c9c1d575234e58e18abcc7bf092b869157960e6b2f,131072,asterix,65216,195648,202608056120,61,196608,8,768,960,0.7,4,1.6292247949969054e-07,4,5.527235322435343e-07,1.7188362892217655e-06,1
6.768189215760135e-07,2.462314448288412e-05,10832,0,3f4859c5e27e416ab37853c9c1d575234e58e18abcc7bf092b869157960e6b2f,131072,asterix,43328,389952,202608056120,61,393216,32,768,3264,0.7,4,6.581812533823462e-07,4,2.438870704511414e-05,2.438870704511414e-05,4
7.298896579519494e-07,2.6043257722255793e-05,10824,8,3f4859c5e27e416ab37853c9c1d575234e58e18abcc7bf092b869157960e6b2f,131072,asterix,43328,389952,202608056120,61,393216,32,768,3264,0.7,4,7.081926393731233e-07,4,2.5492237175285016e-05,2.5492237175285016e-05,4
1.6800907336932577e-07,1.0927733565872332e-06,21738,0,3f4859c5e27e416ab37853c9c1d575234e58e18abcc7bf092b869157960e6b2f,131072,asterix,21738,195642,202608056120,91,196608,8,768,960,0.9,1,1.6132435847460047e-07,4,5.434967019501506e-07,1.6650185297020928e-06,1
1.6546703099329623e-07,1.1301282867850158e-06,21730,8,3f4859c5e27e416ab37853c9c1d575234e58e18abcc7bf092b869157960e6b2f,131072,asterix,21738,195642,202608056120,91,196608,8,768,960,0.9,1,1.6292247949969054e-07,4,5.527235322435343e-07,1.7188362892217655e-06,1
1.3301523933321085e-06,4.6439904897785664e-05,11816,0,3f4859c5e27e416ab37853c9c1d575234e58e18abcc7bf092b869157960e6b2f,131072,asterix,11816,389928,202608056120,91,393216,32,768,3264,0.9,1,6.581812533823462e-07,4,2.438870704511414e-05,4.12843371746764e-05,1
1.3930813157939663e-06,4.875205712695736e-05,11808,8,3f4859c5e27e416ab37853c9c1d575234e58e18abcc7bf092b869157960e6b2f,131072,asterix,11816,389928,202608056120,91,393216,32,768,3264,0.9,1,7.081926393731233e-07,4,2.5492237175285016e-05,4.363233405174029e-05,1
1.6800907336932577e-07,1.0927733565872332e-06,21738,0,3f4859c5e27e416ab37853c9c1d575234e58e18abcc7bf092b869157960e6b2f,131072,asterix,21738,195642,202608056120,96,196608,8,768,960,1.0,1,1.6132435847460047e-07,4,5.434967019501506e-07,1.6650185297020928e-06,1
1.6546703099329623e-07,1.1301282867850158e-06,21730,8,3f4859c5e27e416ab37853c9c1d575234e58e18abcc7bf092b869157960e6b2f,131072,asterix,21738,195642,202608056120,96,196608,8,768,960,1.0,1,1.6292247949969054e-07,4,5.527235322435343e-07,1.7188362892217655e-06,1
1.3301523933321085e-06,4.6439904897785664e-05,11816,0,3f4859c5e27e416ab37853c9c1d575234e58e18abcc7bf092b869157960e6b2f,131072,asterix,11816,389928,202608056120,96,393216,32,768,3264,1.0,1,6.581812533823462e-07,4,2.438870704511414e-05,4.12843371746764e-05,1
1.3930813157939663e-06,4.875205712695736e-05,11808,8,3f4859c5e27e416ab37853c9c1d575234e58e18abcc7bf092b869157960e6b2f,131072,asterix,11816,389928,202608056120,96,393216,32,768,3264,1.0,1,7.081926393731233e-07,4,2.5492237175285016e-05,4.363233405174029e-05,1
1.1725269679821768e-07,3.914031650898466e-06,8144,0,3f4859c5e27e416ab37853c9c1d575234e58e18abcc7bf092b869157960e6b2f,131072,asterix,130304,195456,202608056121,0,196608,8,768,960,0.0,16,1.2382051366086327e-07,4,5.715314371822276e-07,3.903182073466875e-06,16
1.1798318332203882e-07,3.948869803074391e-06,8136,8,3f4859c5e27e416ab37853c9c1d575234e58e18abcc7bf092b869157960e6b2f,131072,asterix,130304,195456,202608056121,0,196608,8,768,960,0.0,16,1.2270059455998215e-07,4,5.47031097441798e-07,3.994754787627674e-06,16
1.1558285378674918e-07,3.837503741818437e-06,8124,0,3f4859c5e27e416ab37853c9c1d575234e58e18abcc7bf092b869157960e6b2f,131072,asterix,129984,389952,202608056121,0,393216,32,768,3264,0.0,16,3.867716701991793e-07,4,1.5716270240877453e-05,3.903182073466875e-06,16
1.1603383578249253e-07,3.863380060846317e-06,8116,8,3f4859c5e27e416ab37853c9c1d575234e58e18abcc7bf092b869157960e6b2f,131072,asterix,129984,389952,202608056121,0,393216,32,768,3264,0.0,16,3.8720550279787065e-07,4,1.5703852267802134e-05,3.994754787627674e-06,16
1.218816840244439e-07,1.1030924196545695e-06,16304,0,3f4859c5e27e416ab37853c9c1d575234e58e18abcc7bf092b869157960e6b2f,131072,asterix,65216,195648,202608056121,12,196608,8,768,960,0.1,4,1.2168650488075716e-07,4,9.385321801696408e-07,7.976043169067449e-07,16
1.2203947338402814e-07,1.1925231528591006e-06,16296,8,3f4859c5e27e416ab37853c9c1d575234e58e18abcc7bf092b869157960e6b2f,131072,asterix,65216,195648,202608056121,12,196608,8,768,960,0.1,4,1.2104679059790363e-07,4,1.0055472688041204e-06,8.482349155369492e-07,16
5.602820839580552e-08,4.933618157650081e-07,8124,0,3f4859c5e27e416ab37853c9c1d575234e58e18abcc7bf092b869157960e6b2f,131072,asterix,129984,389952,202608056121,12,393216,32,768,3264,0.1,16,1.3509247560359169e-07,4,4.7339515584609665e-07,7.976043169067449e-07,16
5.7591470904016546e-08,5.195253371500902e-07,8116,8,3f4859c5e27e416ab37853c9c1d575234e58e18abcc7bf092b869157960e6b2f,131072,asterix,129984,389952,202608056121,12,393216,32,768,3264,0.1,16,1.3483219836110653e-07,4,4.806122226375552e-07,8.482349155369492e-07,16
2.4552828883640447e-07,3.913613446104731e-06,16304,0,3f4859c5e27e416ab37853c9c1d575234e58e18abcc7bf092b869157960e6b2f,131072,asterix,65216,195648,202608056121,24,196608,8,768,960,0.3,4,2.3224758489499622e-07,4,3.3111632079972756e-06,3.3111632079972756e-06,4
2.4841218343576745e-07,4.1923453088237845e-06,16296,8,3f4859c5e27e416ab37853c9c1d575234e58e18abcc7bf092b869157960e6b2f,131072,asterix,65216,195648,202608056121,24,196608,8,768,960,0.3,4,2.3169258879673263e-07,4,3.473869062794074e-06,3.473869062794074e-06,4
2.9018039911838676e-07,8.61692239332232e-06,8124,0,3f4859c5e27e416ab37853c9c1d575234e58e18abcc7bf092b869157960e6b2f,131072,asterix,129984,389952,202608056121,24,393216,32,768,3264,0.3,16,2.418932898315316e-07,4,8.042774451406675e-07,1.0653833459702153e-05,16
3.0172969497658885e-07,8.968009059175816e-06,8116,8,3f4859c5e27e416ab37853c9c1d575234e58e18abcc7bf092b869157960e6b2f,131072,asterix,129984,389952,202608056121,24,393216,32,768,3264,0.3,16,2.4220951152157597e-07,4,8.318688587828754e-07,1.1086746626547663e-05,16
4.3709721870490784e-07,9.279489953789387e-06,16304,0,3f4859c5e27e416ab37853c9c1d575234e58e18abcc7bf092b869157960e6b2f,131072,asterix,65216,195648,202608056121,49,196608,8,768,960,0.5,4,4.2679616940828064e-07,4,8.81452192908486e-06,8.81452192908486e-06,4
4.330384034595494e-07,9.527031600585796e-06,16296,8,3f4859c5e27e416ab37853c9c1d575234e58e18abcc7bf092b869157960e6b2f,131072,asterix,65216,195648,202608056121,49,196608,8,768,960,0.5,4,4.193078305751305e-07,4,8.934895751832098e-06,8.934895751832098e-06,4
3.094792115638754e-07,3.4465606538183745e-06,10832,0,3f4859c5e27e416ab37853c9c1d575234e58e18abcc7bf092b869157960e6b2f,131072,asterix,43328,389952,202608056121,49,393216,32,768,3264,0.5,4,3.435169594660004e-07,4,4.528297117059816e-06,4.528297117059816e-06,4
2.973413194065669e-07,3.2222667507076256e-06,10824,8,3f4859c5e27e416ab37853c9c1d575234e58e18abcc7bf092b869157960e6b2f,131072,asterix,43328,389952,202608056121,49,393216,32,768,3264,0.5,4,3.297433481237962e-07,4,4.133681376991168e-06,4.133681376991168e-06,4
4.572810736262119e-07,2.527620247720651e-06,21738,0,3f4859c5e27e416ab37853c9c1d575234e58e18abcc7bf092b869157960e6b2f,131072,asterix,21738,195642,202608056121,67,196608,8,768,960,0.7,1,5.941810438986203e-07,4,1.4583378414569718e-05,2.3116640958653133e-06,1
4.4729444593124243e-07,2.6048152534345078e-06,21730,8,3f4859c5e27e416ab37853c9c1d575234e58e18abcc7bf092b869157960e6b2f,131072,asterix,21738,195642,202608056121,67,196608,8,768,960,0.7,1,5.914908923121544e-07,4,1.492899809972873e-05,2.3845757357427545e-06,1
2.455639922024526e-07,1.327049247637094e-06,10832,0,3f4859c5e27e416ab37853c9c1d575234e58e18abcc7bf092b869157960e6b2f,131072,asterix,43328,389952,202608056121,67,393216,32,768,3264,0.7,4,2.818944674149924e-07,4,1.9901520316709528e-06,1.9901520316709528e-06,4
2.380539511730746e-07,1.187664710551283e-06,10824,8,3f4859c5e27e416ab37853c9c1d575234e58e18abcc7bf092b869157960e6b2f,131072,asterix,43328,389952,202608056121,67,393216,32,768,3264,0.7,4,2.7388730655647475e-07,4,1.7075495403605892e-06,1.7075495403605892e-06,4
4.572810736262119e-07,2.527620247720651e-06,21738,0,3f4859c5e27e416ab37853c9c1d575234e58e18abcc7bf092b869157960e6b2f,131072,asterix,21738,195642,202608056121,88,196608,8,768,960,0.9,1,5.941810438986203e-07,4,1.4583378414569718e-05,2.3116640958653133e-06,1
4.4729444593124243e-07,2.6048152534345078e-06,21730,8,3f4859c5e27e416ab37853c9c1d575234e58e18abcc7bf092b869157960e6b2f,131072,asterix,21738,195642,202608056121,88,196608,8,768,960,0.9,1,5.914908923121544e-07,4,1.492899809972873e-05,2.3845757357427545e-06,1
2.9895469665292206e-07,1.8348049911998201e-06,11816,0,3f4859c5e27e416ab37853c9c1d575234e58e18abcc7bf092b869157960e6b2f,131072,asterix,11816,389928,202608056121,88,393216,32,768,3264,0.9,1,2.818944674149924e-07,4,1.9901520316709528e-06,1.598684899849046e-06,1
2.9894519614270457e-07,1.468328755356492e-06,11808,8,3f4859c5e27e416ab37853c9c1d575234e58e18abcc7bf092b869157960e6b2f,131072,asterix,11816,389928,202608056121,88,393216,32,768,3264,0.9,1,2.7388730655647475e-07,4,1.7075495403605892e-06,1.3030594023612472e-06,1
4.572810736262119e-07,2.527620247720651e-06,21738,0,3f4859c5e27e416ab37853c9c1d575234e58e18abcc7bf092b869157960e6b2f,131072,asterix,21738,195642,202608056121,96,196608,8,768,960,1.0,1,5.941810438986203e-07,4,1.4583378414569718e-05,2.3116640958653133e-06,1
4.4729444593124243e-07,2.6048152534345078e-06,21730,8,3f4859c5e27e416ab37853c9c1d575234e58e18abcc7bf092b869157960e6b2f,131072,asterix,21738,195642,202608056121,96,196608,8,768,960,1.0,1,5.914908923121544e-07,4,1.492899809972873e-05,2.3845757357427545e-06,1
2.9895469665292206e-07,1.8348049911998201e-06,11816,0,3f4859c5e27e416ab37853c9c1d575234e58e18abcc7bf092b869157960e6b2f,131072,asterix,11816,389928,202608056121,96,393216,32,768,3264,1.0,1,2.818944674149924e-07,4,1.9901520316709528e-06,1.598684899849046e-06,1
2.9894519614270457e-07,1.468328755356492e-06,11808,8,3f4859c5e27e416ab37853c9c1d575234e58e18abcc7bf092b869157960e6b2f,131072,asterix,11816,389928,202608056121,96,393216,32,768,3264,1.0,1,2.7388730655647475e-07,4,1.7075495403605892e-06,1.3030594023612472e-06,1
4.2853486894749664e-08,9.548051732553427e-07,8144,0,3f4859c5e27e416ab37853c9c1d575234e58e18abcc7bf092b869157960e6b2f,131072,asterix,130304,195456,202608056122,0,196608,8,768,960,0.0,16,1.5907307394742531e-07,4,5.267964513554302e-07,9.755567165742665e-07,16
4.2925769029974894e-08,9.614907400597905e-07,8136,8,3f4859c5e27e416ab37853c9c1d575234e58e18abcc7bf092b869157960e6b2f,131072,asterix,130304,195456,202608056122,0,196608,8,768,960,0.0,16,1.588334351410202e-07,4,5.258339272177996e-07,9.602774761339127e-07,16
4.3327582384650805e-08,9.498186693219622e-07,8124,0,3f4859c5e27e416ab37853c9c1d575234e58e18abcc7bf092b869157960e6b2f,131072,asterix,129984,389952,202608056122,0,393216,32,768,3264,0.0,16,5.810355072624472e-07,4,2.5919026779791187e-05,9.755567165742665e-07,16
4.3230712315040054e-08,9.502798755102402e-07,8116,8,3f4859c5e27e416ab37853c9c1d575234e58e18abcc7bf092b869157960e6b2f,131072,asterix,129984,389952,202608056122,0,393216,32,768,3264,0.0,16,5.807576331280588e-07,4,2.59108037054695e-05,9.602774761339127e-07,16
1.0218648046314039e-07,2.7921173250313046e-06,8144,0,3f4859c5e27e416ab37853c9c1d575234e58e18abcc7bf092b869157960e6b2f,131072,asterix,130304,195456,202608056122,8,196608,8,768,960,0.1,16,1.5907307394742531e-07,4,5.267964513554302e-07,2.952397876759189e-06,16
9.913431993438265e-08,2.661326752370352e-06,8136,8,3f4859c5e27e416ab37853c9c1d575234e58e18abcc7bf092b869157960e6b2f,131072,asterix,130304,195456,202608056122,8,196608,8,768,960,0.1,16,1.588334351410202e-07,4,5.258339272177996e-07,2.79448234450074e-06,16
1.0088744879414288e-07,2.7857574281071745e-06,8124,0,3f4859c5e27e416ab37853c9c1d575234e58e18abcc7bf092b869157960e6b2f,131072,asterix,129984,389952,202608056122,8,393216,32,768,3264,0.1,16,5.810355072624472e-07,4,2.5919026779791187e-05,2.952397876759189e-06,16
9.819959384079996e-08,2.6669632023824334e-06,8116,8,3f4859c5e27e416ab37853c9c1d575234e58e18abcc7bf092b869157960e6b2f,131072,asterix,129984,389952,202608056122,8,393216,32,768,3264,0.1,16,5.807576331280588e-07,4,2.59108037054695e-05,2.79448234450074e-06,16
8.760862825884654e-07,1.6817678429153e-05,16304,0,3f4859c5e27e416ab37853c9c1d575234e58e18abcc7bf092b869157960e6b2f,131072,asterix,65216,195648,202608056122,33,196608,8,768,960,0.3,4,8.945578161344535e-07,4,1.78302243022053e-05,1.78302243022053e-05,4
8.838639659003363e-07,1.680409788999007e-05,16296,8,3f4859c5e27e416ab37853c9c1d575234e58e18abcc7bf092b869157960e6b2f,131072,asterix,65216,195648,202608056122,33,196608,8,768,960,0.3,4,9.036138472135789e-07,4,1.7932082321400568e-05,1.7932082321400568e-05,4
5.358370321858188e-07,1.3144151835419083e-05,10832,0,3f4859c5e27e416ab37853c9c1d575234e58e18abcc7bf092b869157960e6b2f,131072,asterix,43328,389952,202608056122,33,393216,32,768,3264,0.3,4,5.784614882643726e-07,4,1.5643073317192845e-05,2.5456394854041297e-05,16
5.252387648345403e-07,1.2599894995083091e-05,10824,8,3f4859c5e27e416ab37853c9c1d575234e58e18abcc7bf092b869157960e6b2f,131072,asterix,43328,389952,202608056122,33,393216,32,768,3264,0.3,4,5.675801308814509e-07,4,1.5032099277331674e-05,2.4051740794750497e-05,16
1.2421848755922215e-06,2.267024032312216e-05,16304,0,3f4859c5e27e416ab37853c9c1d575234e58e18abcc7bf092b869157960e6b2f,131072,asterix,65216,195648,202608056122,42,196608,8,768,960,0.5,4,1.2871204427752882e-06,4,2.4491822673126382e-05,2.4491822673126382e-05,4
1.2354068323100565e-06,2.242042666586007e-05,16296,8,3f4859c5e27e416ab37853c9c1d575234e58e18abcc7bf092b869157960e6b2f,131072,asterix,65216,195648,202608056122,42,196608,8,768,960,0.5,4,1.2842554461217486e-06,4,2.4502766100392868e-05,2.4502766100392868e-05,4
8.187391015188062e-07,1.2656466921193926e-05,10832,0,3f4859c5e27e416ab37853c9c1d575234e58e18abcc7bf092b869157960e6b2f,131072,asterix,43328,389952,202608056122,42,393216,32,768,3264,0.5,4,8.551422397187414e-07,4,1.5174254737246663e-05,1.5174254737246663e-05,4
8.129476618155296e-07,1.2098311383556694e-05,10824,8,3f4859c5e27e416ab37853c9c1d575234e58e18abcc7bf092b869157960e6b2f,131072,asterix,43328,389952,202608056122,42,393216,32,768,3264,0.5,4,8.483934652505364e-07,4,1.4471754630043962e-05,1.4471754630043962e-05,4
7.819747689879696e-07,1.192203942547282e-05,21738,0,3f4859c5e27e416ab37853c9c1d575234e58e18abcc7bf092b869157960e6b2f,131072,asterix,21738,195642,202608056122,64,196608,8,768,960,0.7,1,9.501151998300898e-07,4,1.5416624310311777e-05,1.042408897072359e-05,1
7.698007257772656e-07,1.1619327536089312e-05,21730,8,3f4859c5e27e416ab37853c9c1d575234e58e18abcc7bf092b869157960e6b2f,131072,asterix,21738,195642,202608056122,64,196608,8,768,960,0.7,1,9.497609262673502e-07,4,1.5676569251511302e-05,1.0049370627917483e-05,1
4.700659229952475e-07,9.404279594500159e-06,10832,0,3f4859c5e27e416ab37853c9c1d575234e58e18abcc7bf092b869157960e6b2f,131072,asterix,43328,389952,202608056122,64,393216,32,768,3264,0.7,4,5.046907827272903e-07,4,1.1533508625050036e-05,1.1533508625050036e-05,4
4.678646884378374e-07,9.099534467992305e-06,10824,8,3f4859c5e27e416ab37853c9c1d575234e58e18abcc7bf092b869157960e6b2f,131072,asterix,43328,389952,202608056122,64,393216,32,768,3264,0.7,4,5.044570163411753e-07,4,1.1227686822318065e-05,1.1227686822318065e-05,4
7.819747689879696e-07,1.192203942547282e-05,21738,0,3f4859c5e27e416ab37853c9c1d575234e58e18abcc7bf092b869157960e6b2f,131072,asterix,21738,195642,202608056122,87,196608,8,768,960,0.9,1,1.2871204427752882e-06,4,2.4491822673126382e-05,1.042408897072359e-05,1
7.698007257772656e-07,1.1619327536089312e-05,21730,8,3f4859c5e27e416ab37853c9c1d575234e58e18abcc7bf092b869157960e6b2f,131072,asterix,21738,195642,202608056122,87,196608,8,768,960,0.9,1,1.2842554461217486e-06,4,2.4502766100392868e-05,1.0049370627917483e-05,1
1.4607636537672785e-06,4.62881822365076e-05,11816,0,3f4859c5e27e416ab37853c9c1d575234e58e18abcc7bf092b869157960e6b2f,131072,asterix,11816,389928,202608056122,87,393216,32,768,3264,0.9,1,8.551422397187414e-07,4,1.5174254737246663e-05,4.571821461089583e-05,1
1.4824913507604545e-06,4.7195177231499473e-05,11808,8,3f4859c5e27e416ab37853c9c1d575234e58e18abcc7bf092b869157960e6b2f,131072,asterix,11816,389928,202608056122,87,393216,32,768,3264,0.9,1,8.483934652505364e-07,4,1.4471754630043962e-05,4.638298014055189e-05,1
7.819747689879696e-07,1.192203942547282e-05,21738,0,3f4859c5e27e416ab37853c9c1d575234e58e18abcc7bf092b869157960e6b2f,131072,asterix,21738,195642,202608056122,96,196608,8,768,960,1.0,1,1.2871204427752882e-06,4,2.4491822673126382e-05,1.042408897072359e-05,1
7.698007257772656e-07,1.1619327536089312e-05,21730,8,3f4859c5e27e416ab37853c9c1d575234e58e18abcc7bf092b869157960e6b2f,131072,asterix,21738,195642,202608056122,96,196608,8,768,960,1.0,1,1.2842554461217486e-06,4,2.4502766100392868e-05,1.0049370627917483e-05,1
1.4607636537672785e-06,4.62881822365076e-05,11816,0,3f4859c5e27e416ab37853c9c1d575234e58e18abcc7bf092b869157960e6b2f,131072,asterix,11816,389928,202608056122,96,393216,32,768,3264,1.0,1,8.551422397187414e-07,4,1.5174254737246663e-05,4.571821461089583e-05,1
1.4824913507604545e-06,4.7195177231499473e-05,11808,8,3f4859c5e27e416ab37853c9c1d575234e58e18abcc7bf092b869157960e6b2f,131072,asterix,11816,389928,202608056122,96,393216,32,768,3264,1.0,1,8.483934652505364e-07,4,1.4471754630043962e-05,4.638298014055189e-05,1
2.263945087155359e-08,2.9441383138886883e-07,8144,0,3f4859c5e27e416ab37853c9c1d575234e58e18abcc7bf092b869157960e6b2f,131072,asterix,130304,195456,202608056123,1,196608,8,768,960,0.0,16,3.289310101059488e-07,4,1.4010501002065077e-05,2.566203375613878e-07,16
2.260891453589043e-08,3.120150311932589e-07,8136,8,3f4859c5e27e416ab37853c9c1d575234e58e18abcc7bf092b869157960e6b2f,131072,asterix,130304,195456,202608056123,1,196608,8,768,960,0.0,16,3.2705272713337635e-07,4,1.388050269568606e-05,2.7105040083099406e-07,16
2.294701150828226e-08,3.212381946385028e-07,8124,0,3f4859c5e27e416ab37853c9c1d575234e58e18abcc7bf092b869157960e6b2f,131072,asterix,129984,389952,202608056123,1,393216,32,768,3264,0.0,16,9.610957130650066e-08,4,1.6684689127338699e-06,2.566203375613878e-07,16
2.2695025733781274e-08,3.324992129107967e-07,8116,8,3f4859c5e27e416ab37853c9c1d575234e58e18abcc7bf092b869157960e6b2f,131072,asterix,129984,389952,202608056123,1,393216,32,768,3264,0.0,16,9.822464298205424e-08,4,1.6647686352865571e-06,2.7105040083099406e-07,16
2.6530152888477145e-07,9.9331075453959e-06,16304,0,3f4859c5e27e416ab37853c9c1d575234e58e18abcc7bf092b869157960e6b2f,131072,asterix,65216,195648,202608056123,13,196608,8,768,960,0.1,4,2.842459073492893e-07,4,1.0685351254810227e-05,8.517838170252978e-06,16
2.665975916292735e-07,1.0063569876423127e-05,16296,8,3f4859c5e27e416ab37853c9c1d575234e58e18abcc7bf092b869157960e6b2f,131072,asterix,65216,195648,202608056123,13,196608,8,768,960,0.1,4,2.8393641050655317e-07,4,1.0714121575817641e-05,8.617274063333568e-06,16
1.841083464483381e-07,7.082887571388037e-06,8124,0,3f4859c5e27e416ab37853c9c1d575234e58e18abcc7bf092b869157960e6b2f,131072,asterix,129984,389952,202608056123,13,393216,32,768,3264,0.1,16,3.2307672514926953e-07,4,1.1512827467738095e-05,8.517838170252978e-06,16
1.8270964170398078e-07,6.998030926656998e-06,8116,8,3f4859c5e27e416ab37853c9c1d575234e58e18abcc7bf092b869157960e6b2f,131072,asterix,129984,389952,202608056123,13,393216,32,768,3264,0.1,16,3.2934893278413314e-07,4,1.1786949879795167e-05,8.617274063333568e-06,16
2.444208499102144e-07,8.713226514413807e-07,16304,0,3f4859c5e27e416ab37853c9c1d575234e58e18abcc7bf092b869157960e6b2f,131072,asterix,65216,195648,202608056123,31,196608,8,768,960,0.3,4,2.370405464048752e-07,4,8.478571018857473e-07,8.478571018857473e-07,4
2.3777408737316483e-07,8.413455877396345e-07,16296,8,3f4859c5e27e416ab37853c9c1d575234e58e18abcc7bf092b869157960e6b2f,131072,asterix,65216,195648,202608056123,31,196608,8,768,960,0.3,4,2.3313565779546633e-07,4,8.400605432462383e-07,8.400605432462383e-07,4
8.564505609616878e-07,2.9283642830846588e-05,8124,0,3f4859c5e27e416ab37853c9c1d575234e58e18abcc7bf092b869157960e6b2f,131072,asterix,129984,389952,202608056123,31,393216,32,768,3264,0.3,16,1.8840973702721067e-06,4,7.154819540555965e-05,3.6470711345106396e-05,16
8.498425962102861e-07,2.8759338577218308e-05,8116,8,3f4859c5e27e416ab37853c9c1d575234e58e18abcc7bf092b869157960e6b2f,131072,asterix,129984,389952,202608056123,31,393216,32,768,3264,0.3,16,1.9013137818394116e-06,4,7.291893150097494e-05,3.676633786839394e-05,16
2.444208499102144e-07,8.713226514413807e-07,16304,0,3f4859c5e27e416ab37853c9c1d575234e58e18abcc7bf092b869157960e6b2f,131072,asterix,65216,195648,202608056123,52,196608,8,768,960,0.5,4,2.370405464048752e-07,4,8.478571018857473e-07,8.478571018857473e-07,4
2.3777408737316483e-07,8.413455877396345e-07,16296,8,3f4859c5e27e416ab37853c9c1d575234e58e18abcc7bf092b869157960e6b2f,131072,asterix,65216,195648,202608056123,52,196608,8,768,960,0.5,4,2.3313565779546633e-07,4,8.400605432462383e-07,8.400605432462383e-07,4
2.061742530344875e-06,8.062284213748412e-05,10832,0,3f4859c5e27e416ab37853c9c1d575234e58e18abcc7bf092b869157960e6b2f,131072,asterix,43328,389952,202608056123,52,393216,32,768,3264,0.5,4,1.8840973702721067e-06,4,7.154819540555965e-05,7.154819540555965e-05,4
2.0799018459266244e-06,8.181480202525354e-05,10824,8,3f4859c5e27e416ab37853c9c1d575234e58e18abcc7bf092b869157960e6b2f,131072,asterix,43328,389952,202608056123,52,393216,32,768,3264,0.5,4,1.9013137818394116e-06,4,7.291893150097494e-05,7.291893150097494e-05,4
2.4370300320490715e-07,5.579566697177296e-06,21738,0,3f4859c5e27e416ab37853c9c1d575234e58e18abcc7bf092b869157960e6b2f,131072,asterix,21738,195642,202608056123,64,196608,8,768,960,0.7,1,2.370405464048752e-07,4,8.478571018857473e-07,6.878628061284321e-06,1
2.3950565223808265e-07,5.373640200585609e-06,21730,8,3f4859c5e27e416ab37853c9c1d575234e58e18abcc7bf092b869157960e6b2f,131072,asterix,21738,195642,202608056123,64,196608,8,768,960,0.7,1,2.3313565779546633e-07,4,8.400605432462383e-07,6.660484913626164e-06,1
2.061742530344875e-06,8.062284213748412e-05,10832,0,3f4859c5e27e416ab37853c9c1d575234e58e18abcc7bf092b869157960e6b2f,131072,asterix,43328,389952,202608056123,64,393216,32,768,3264,0.7,4,1.8840973702721067e-06,4,7.154819540555965e-05,7.154819540555965e-05,4
2.0799018459266244e-06,8.181480202525354e-05,10824,8,3f4859c5e27e416ab37853c9c1d575234e58e18abcc7bf092b869157960e6b2f,131072,asterix,43328,389952,202608056123,64,393216,32,768,3264,0.7,4,1.9013137818394116e-06,4,7.291893150097494e-05,7.291893150097494e-05,4
2.4370300320490715e-07,5.579566697177296e-06,21738,0,3f4859c5e27e416ab37853c9c1d575234e58e18abcc7bf092b869157960e6b2f,131072,asterix,21738,195642,202608056123,85,196608,8,768,960,0.9,1,1.2986718450187715e-07,4,2.10818223560277e-06,6.878628061284321e-06,1
2.3950565223808265e-07,5.373640200585609e-06,21730,8,3f4859c5e27e416ab37853c9c1d575234e58e18abcc7bf092b869157960e6b2f,131072,asterix,21738,195642,202608056123,85,196608,8,768,960,0.9,1,1.2848957499927862e-07,4,2.224274204861794e-06,6.660484913626164e-06,1
1.2532435298600139e-06,5.098533999407995e-05,10832,0,3f4859c5e27e416ab37853c9c1d575234e58e18abcc7bf092b869157960e6b2f,131072,asterix,43328,389952,202608056123,85,393216,32,768,3264,0.9,4,1.1723104206120557e-06,4,4.642331549480857e-05,2.2832111457957017e-05,1
1.2608100903305517e-06,5.146349490336036e-05,10824,8,3f4859c5e27e416ab37853c9c1d575234e58e18abcc7bf092b869157960e6b2f,131072,asterix,43328,389952,202608056123,85,393216,32,768,3264,0.9,4,1.1815780730231899e-06,4,4.7219928317393106e-05,2.332490178315986e-05,1
2.4370300320490715e-07,5.579566697177296e-06,21738,0,3f4859c5e27e416ab37853c9c1d575234e58e18abcc7bf092b869157960e6b2f,131072,asterix,21738,195642,202608056123,96,196608,8,768,960,1.0,1,2.370405464048752e-07,4,8.478571018857473e-07,6.878628061284321e-06,1
2.3950565223808265e-07,5.373640200585609e-06,21730,8,3f4859c5e27e416ab37853c9c1d575234e58e18abcc7bf092b869157960e6b2f,131072,asterix,21738,195642,202608056123,96,196608,8,768,960,1.0,1,2.3313565779546633e-07,4,8.400605432462383e-07,6.660484913626164e-06,1
8.068632956657024e-07,2.9337671422295173e-05,11816,0,3f4859c5e27e416ab37853c9c1d575234e58e18abcc7bf092b869157960e6b2f,131072,asterix,11816,389928,202608056123,96,393216,32,768,3264,1.0,1,1.8840973702721067e-06,4,7.154819540555965e-05,2.2832111457957017e-05,1
8.1476475496865e-07,3.0092205857149865e-05,11808,8,3f4859c5e27e416ab37853c9c1d575234e58e18abcc7bf092b869157960e6b2f,131072,asterix,11816,389928,202608056123,96,393216,32,768,3264,1.0,1,1.9013137818394116e-06,4,7.291893150097494e-05,2.332490178315986e-05,1
5.210605663407739e-08,6.500426787001064e-07,8144,0,3f4859c5e27e416ab37853c9c1d575234e58e18abcc7bf092b869157960e6b2f,131072,asterix,130304,195456,202608056124,0,196608,8,768,960,0.0,16,1.3116087398514065e-07,4,3.291560300663027e-06,7.101475942028299e-07,16
5.259691035550922e-08,6.590200354202983e-07,8136,8,3f4859c5e27e416ab37853c9c1d575234e58e18abcc7bf092b869157960e6b2f,131072,asterix,130304,195456,202608056124,0,196608,8,768,960,0.0,16,1.2970346996571877e-07,4,3.204484464825216e-06,7.153664635804823e-07,16
5.280886535602285e-08,6.296340907594324e-07,8124,0,3f4859c5e27e416ab37853c9c1d575234e58e18abcc7bf092b869157960e6b2f,131072,asterix,129984,389952,202608056124,0,393216,32,768,3264,0.0,16,3.3600725022984756e-07,4,8.221210452988805e-06,7.101475942028299e-07,16
5.350556405499052e-08,6.476763037202688e-07,8116,8,3f4859c5e27e416ab37853c9c1d575234e58e18abcc7bf092b869157960e6b2f,131072,asterix,129984,389952,202608056124,0,393216,32,768,3264,0.0,16,3.387342770941773e-07,4,8.324499534201158e-06,7.153664635804823e-07,16
6.429837446662114e-08,2.713084184404537e-07,8144,0,3f4859c5e27e416ab37853c9c1d575234e58e18abcc7bf092b869157960e6b2f,131072,asterix,130304,195456,202608056124,8,196608,8,768,960,0.1,16,1.850590493547873e-07,4,6.147521502774139e-06,2.7290014837101385e-07,16
6.43553945041956e-08,2.698515611904236e-07,8136,8,3f4859c5e27e416ab37853c9c1d575234e58e18abcc7bf092b869157960e6b2f,131072,asterix,130304,195456,202608056124,8,196608,8,768,960,0.1,16,1.8523331404370074e-07,4,6.1301392127081165e-06,2.7109554250517454e-07,16
6.52495269271489e-08,2.704851120068258e-07,8124,0,3f4859c5e27e416ab37853c9c1d575234e58e18abcc7bf092b869157960e6b2f,131072,asterix,129984,389952,202608056124,8,393216,32,768,3264,0.1,16,2.92866057755349e-07,4,1.0024776748280602e-05,2.7290014837101385e-07,16
6.524327662738719e-08,2.718718368382797e-07,8116,8,3f4859c5e27e416ab37853c9c1d575234e58e18abcc7bf092b869157960e6b2f,131072,asterix,129984,389952,202608056124,8,393216,32,768,3264,0.1,16,2.9354882786912887e-07,4,9.990308011429834e-06,2.7109554250517454e-07,16
1.1498928763854703e-06,4.653433682102167e-05,16304,0,3f4859c5e27e416ab37853c9c1d575234e58e18abcc7bf092b869157960e6b2f,131072,asterix,65216,195648,202608056124,30,196608,8,768,960,0.3,4,1.1225605098959271e-06,4,4.4237038370127656e-05,4.4237038370127656e-05,4
1.1619796321175011e-06,4.701984316888707e-05,16296,8,3f4859c5e27e416ab37853c9c1d575234e58e18abcc7bf092b869157960e6b2f,131072,asterix,65216,195648,202608056124,30,196608,8,768,960,0.3,4,1.1444886723471338e-06,4,4.529689731216164e-05,4.529689731216164e-05,4
6.743779970847763e-07,1.3272681452498288e-05,8124,0,3f4859c5e27e416ab37853c9c1d575234e58e18abcc7bf092b869157960e6b2f,131072,asterix,129984,389952,202608056124,30,393216,32,768,3264,0.3,16,2.354750003873048e-06,4,0.00011203595022839209,1.1977705384340449e-05,16
6.478020817163797e-07,1.2768461883438631e-05,8116,8,3f4859c5e27e416ab37853c9c1d575234e58e18abcc7bf092b869157960e6b2f,131072,asterix,129984,389952,202608056124,30,393216,32,768,3264,0.3,16,2.425243128419981e-06,4,0.00011564742933267773,1.1589125692150041e-05,16
1.3966050454357571e-07,4.07391189042174e-06,16304,0,3f4859c5e27e416ab37853c9c1d575234e58e18abcc7bf092b869157960e6b2f,131072,asterix,65216,195648,202608056124,44,196608,8,768,960,0.5,4,1.3116087398514065e-07,4,3.291560300663027e-06,3.291560300663027e-06,4
1.3952203425713307e-07,4.041233332496589e-06,16296,8,3f4859c5e27e416ab37853c9c1d575234e58e18abcc7bf092b869157960e6b2f,131072,asterix,65216,195648,202608056124,44,196608,8,768,960,0.5,4,1.2970346996571877e-07,4,3.204484464825216e-06,3.204484464825216e-06,4
3.435307064338115e-07,8.478793762942557e-06,10832,0,3f4859c5e27e416ab37853c9c1d575234e58e18abcc7bf092b869157960e6b2f,131072,asterix,43328,389952,202608056124,44,393216,32,768,3264,0.5,4,3.3600725022984756e-07,4,8.221210452988805e-06,8.221210452988805e-06,4
3.446455498682336e-07,8.504350206214527e-06,10824,8,3f4859c5e27e416ab37853c9c1d575234e58e18abcc7bf092b869157960e6b2f,131072,asterix,43328,389952,202608056124,44,393216,32,768,3264,0.5,4,3.387342770941773e-07,4,8.324499534201158e-06,8.324499534201158e-06,4
7.550985129641907e-07,3.033983487902125e-05,16304,0,3f4859c5e27e416ab37853c9c1d575234e58e18abcc7bf092b869157960e6b2f,131072,asterix,65216,195648,202608056124,63,196608,8,768,960,0.7,4,7.413744057691888e-07,4,2.9344682824069757e-05,5.443523511529424e-07,1
7.49541863755258e-07,3.0150951967813102e-05,16296,8,3f4859c5e27e416ab37853c9c1d575234e58e18abcc7bf092b869157960e6b2f,131072,asterix,65216,195648,202608056124,63,196608,8,768,960,0.7,4,7.431257340956012e-07,4,2.95756797407477e-05,5.432435899719735e-07,1
1.5989114090310247e-06,7.241568368411359e-05,10832,0,3f4859c5e27e416ab37853c9c1d575234e58e18abcc7bf092b869157960e6b2f,131072,asterix,43328,389952,202608056124,63,393216,32,768,3264,0.7,4,1.3744177717518117e-06,4,6.136585683234452e-05,6.136585683234452e-05,4
1.6165883272097705e-06,7.353613538335133e-05,10824,8,3f4859c5e27e416ab37853c9c1d575234e58e18abcc7bf092b869157960e6b2f,131072,asterix,43328,389952,202608056124,63,393216,32,768,3264,0.7,4,1.3999077517802874e-06,4,6.284777604292127e-05,6.284777604292127e-05,4
1.794957617121812e-07,6.569531383296611e-07,21738,0,3f4859c5e27e416ab37853c9c1d575234e58e18abcc7bf092b869157960e6b2f,131072,asterix,21738,195642,202608056124,84,196608,8,768,960,0.9,1,1.1225605098959271e-06,4,4.4237038370127656e-05,5.443523511529424e-07,1
1.783285972565598e-07,6.56681374102024e-07,21730,8,3f4859c5e27e416ab37853c9c1d575234e58e18abcc7bf092b869157960e6b2f,131072,asterix,21738,195642,202608056124,84,196608,8,768,960,0.9,1,1.1444886723471338e-06,4,4.529689731216164e-05,5.432435899719735e-07,1
2.79942331331352e-06,0.00013472286919146432,10832,0,3f4859c5e27e416ab37853c9c1d575234e58e18abcc7bf092b869157960e6b2f,131072,asterix,43328,389952,202608056124,84,393216,32,768,3264,0.9,4,2.354750003873048e-06,4,0.00011203595022839209,2.2299748903912505e-05,1
2.859873907715213e-06,0.00013788135301760898,10824,8,3f4859c5e27e416ab37853c9c1d575234e58e18abcc7bf092b869157960e6b2f,131072,asterix,43328,389952,202608056124,84,393216,32,768,3264,0.9,4,2.425243128419981e-06,4,0.00011564742933267773,2.2317257476112554e-05,1
1.794957617121812e-07,6.569531383296611e-07,21738,0,3f4859c5e27e416ab37853c9c1d575234e58e18abcc7bf092b869157960e6b2f,131072,asterix,21738,195642,202608056124,96,196608,8,768,960,1.0,1,1.1225605098959271e-06,4,4.4237038370127656e-05,5.443523511529424e-07,1
1.783285972565598e-07,6.56681374102024e-07,21730,8,3f4859c5e27e416ab37853c9c1d575234e58e18abcc7bf092b869157960e6b2f,131072,asterix,21738,195642,202608056124,96,196608,8,768,960,1.0,1,1.1444886723471338e-06,4,4.529689731216164e-05,5.432435899719735e-07,1
7.518133596925565e-07,2.4281775825715117e-05,11816,0,3f4859c5e27e416ab37853c9c1d575234e58e18abcc7bf092b869157960e6b2f,131072,asterix,11816,389928,202608056124,96,393216,32,768,3264,1.0,1,2.354750003873048e-06,4,0.00011203595022839209,2.2299748903912505e-05,1
7.494375090688649e-07,2.4044582734550693e-05,11808,8,3f4859c5e27e416ab37853c9c1d575234e58e18abcc7bf092b869157960e6b2f,131072,asterix,11816,389928,202608056124,96,393216,32,768,3264,1.0,1,2.425243128419981e-06,4,0.00011564742933267773,2.2317257476112554e-05,1
6.496611406983579e-08,1.1614533983408289e-06,8144,0,3f4859c5e27e416ab37853c9c1d575234e58e18abcc7bf092b869157960e6b2f,131072,asterix,130304,195456,202608056125,0,196608,8,768,960,0.0,16,1.398136651834728e-07,4,1.469029854657249e-06,1.3230784380436902e-06,16
6.498816513904804e-08,1.1389333551024266e-06,8136,8,3f4859c5e27e416ab37853c9c1d575234e58e18abcc7bf092b869157960e6b2f,131072,asterix,130304,195456,202608056125,0,196608,8,768,960,0.0,16,1.4096340835081822e-07,4,1.5049672076858844e-06,1.2924987486539224e-06,16
6.628234893133196e-08,1.1218907819714838e-06,8124,0,3f4859c5e27e416ab37853c9c1d575234e58e18abcc7bf092b869157960e6b2f,131072,asterix,129984,389952,202608056125,0,393216,32,768,3264,0.0,16,2.845338415474241e-07,4,2.182625374324479e-06,1.3230784380436902e-06,16
6.69229819065137e-08,1.11396985756374e-06,8116,8,3f4859c5e27e416ab37853c9c1d575234e58e18abcc7bf092b869157960e6b2f,131072,asterix,129984,389952,202608056125,0,393216,32,768,3264,0.0,16,2.9240906367761963e-07,4,2.314977876243125e-06,1.2924987486539224e-06,16
1.9402491752471527e-07,8.941787008230886e-06,8144,0,3f4859c5e27e416ab37853c9c1d575234e58e18abcc7bf092b869157960e6b2f,131072,asterix,130304,195456,202608056125,8,196608,8,768,960,0.1,16,2.3382638567262665e-07,4,7.369303060646241e-06,8.794915526124697e-06,16
1.9822086722602283e-07,9.149201300559133e-06,8136,8,3f4859c5e27e416ab37853c9c1d575234e58e18abcc7bf092b869157960e6b2f,131072,asterix,130304,195456,202608056125,8,196608,8,768,960,0.1,16,2.341164239147784e-07,4,7.280060302572451e-06,9.020349981573704e-06,16
1.9344987641583397e-07,8.93246591280129e-06,8124,0,3f4859c5e27e416ab37853c9c1d575234e58e18abcc7bf092b869157960e6b2f,131072,asterix,129984,389952,202608056125,8,393216,32,768,3264,0.1,16,3.3927922179487947e-07,4,2.502242465228089e-06,8.794915526124697e-06,16
1.9672160084098546e-07,9.093968917130562e-06,8116,8,3f4859c5e27e416ab37853c9c1d575234e58e18abcc7bf092b869157960e6b2f,131072,asterix,129984,389952,202608056125,8,393216,32,768,3264,0.1,16,3.4846969225025513e-07,4,2.5501777198540213e-06,9.020349981573704e-06,16
9.107046538552006e-07,4.1009161962260735e-05,16304,0,3f4859c5e27e416ab37853c9c1d575234e58e18abcc7bf092b869157960e6b2f,131072,asterix,65216,195648,202608056125,31,196608,8,768,960,0.3,4,8.809711282696502e-07,4,3.966867052768604e-05,3.966867052768604e-05,4
9.223705350403149e-07,4.1598824804204e-05,16296,8,3f4859c5e27e416ab37853c9c1d575234e58e18abcc7bf092b869157960e6b2f,131072,asterix,65216,195648,202608056125,31,196608,8,768,960,0.3,4,8.890382351463461e-07,4,4.0080623834881596e-05,4.0080623834881596e-05,4
8.321098761841683e-07,3.494639310793072e-05,8124,0,3f4859c5e27e416ab37853c9c1d575234e58e18abcc7bf092b869157960e6b2f,131072,asterix,129984,389952,202608056125,31,393216,32,768,3264,0.3,16,2.050054604776854e-07,4,3.0876721748347304e-06,3.5909917006341166e-05,16
8.618577254518069e-07,3.645896157553486e-05,8116,8,3f4859c5e27e416ab37853c9c1d575234e58e18abcc7bf092b869157960e6b2f,131072,asterix,129984,389952,202608056125,31,393216,32,768,3264,0.3,16,2.0722491670667158e-07,4,3.184237101043958e-06,3.77341192920607e-05,16
9.552488029562398e-07,2.7921118773386494e-05,21738,0,3f4859c5e27e416ab37853c9c1d575234e58e18abcc7bf092b869157960e6b2f,131072,asterix,21738,195642,202608056125,64,196608,8,768,960,0.5,1,2.6813492913990743e-06,4,0.0001320408091844719,0.0001320408091844719,4
9.853896025192243e-07,2.9511158058533722e-05,21730,8,3f4859c5e27e416ab37853c9c1d575234e58e18abcc7bf092b869157960e6b2f,131072,asterix,21738,195642,202608056125,64,196608,8,768,960,0.5,1,2.7564121792109186e-06,4,0.00013545551653519654,0.00013545551653519654,4
4.713650542396688e-07,1.4184589379859777e-05,10832,0,3f4859c5e27e416ab37853c9c1d575234e58e18abcc7bf092b869157960e6b2f,131072,asterix,43328,389952,202608056125,64,393216,32,768,3264,0.5,4,4.845473066844677e-07,4,1.3480420774443928e-05,1.3480420774443928e-05,4
4.836176652855841e-07,1.5391798976200117e-05,10824,8,3f4859c5e27e416ab37853c9c1d575234e58e18abcc7bf092b869157960e6b2f,131072,asterix,43328,389952,202608056125,64,393216,32,768,3264,0.5,4,5.021157058469035e-07,4,1.4830153656720811e-05,1.4830153656720811e-05,4
9.552488029562398e-07,2.7921118773386494e-05,21738,0,3f4859c5e27e416ab37853c9c1d575234e58e18abcc7bf092b869157960e6b2f,131072,asterix,21738,195642,202608056125,71,196608,8,768,960,0.7,1,1.268314117414173e-06,4,6.154725710082075e-05,2.593859949745867e-05,1
9.853896025192243e-07,2.9511158058533722e-05,21730,8,3f4859c5e27e416ab37853c9c1d575234e58e18abcc7bf092b869157960e6b2f,131072,asterix,21738,195642,202608056125,71,196608,8,768,960,0.7,1,1.2817574990003206e-06,4,6.220911796635848e-05,2.7446799847169553e-05,1
1.8008785791709703e-07,2.7202148546522142e-06,10832,0,3f4859c5e27e416ab37853c9c1d575234e58e18abcc7bf092b869157960e6b2f,131072,asterix,43328,389952,202608056125,71,393216,32,768,3264,0.7,4,1.9756623041146955e-07,4,2.905841848275094e-06,2.905841848275094e-06,4
1.7579934789549402e-07,2.8896741123376427e-06,10824,8,3f4859c5e27e416ab37853c9c1d575234e58e18abcc7bf092b869157960e6b2f,131072,asterix,43328,389952,202608056125,71,393216,32,768,3264,0.7,4,1.9587313832377212e-07,4,3.1435130788550766e-06,3.1435130788550766e-06,4
9.552488029562398e-07,2.7921118773386494e-05,21738,0,3f4859c5e27e416ab37853c9c1d575234e58e18abcc7bf092b869157960e6b2f,131072,asterix,21738,195642,202608056125,85,196608,8,768,960,0.9,1,2.6813492913990743e-06,4,0.0001320408091844719,2.593859949745867e-05,1
9.853896025192243e-07,2.9511158058533722e-05,21730,8,3f4859c5e27e416ab37853c9c1d575234e58e18abcc7bf092b869157960e6b2f,131072,asterix,21738,195642,202608056125,85,196608,8,768,960,0.9,1,2.7564121792109186e-06,4,0.00013545551653519654,2.7446799847169553e-05,1
4.713650542396688e-07,1.4184589379859777e-05,10832,0,3f4859c5e27e416ab37853c9c1d575234e58e18abcc7bf092b869157960e6b2f,131072,asterix,43328,389952,202608056125,85,393216,32,768,3264,0.9,4,4.845473066844677e-07,4,1.3480420774443928e-05,2.8569913238723424e-05,1
4.836176652855841e-07,1.5391798976200117e-05,10824,8,3f4859c5e27e416ab37853c9c1d575234e58e18abcc7bf092b869157960e6b2f,131072,asterix,43328,389952,202608056125,85,393216,32,768,3264,0.9,4,5.021157058469035e-07,4,1.4830153656720811e-05,3.0504830418204346e-05,1
9.552488029562398e-07,2.7921118773386494e-05,21738,0,3f4859c5e27e416ab37853c9c1d575234e58e18abcc7bf092b869157960e6b2f,131072,asterix,21738,195642,202608056125,96,196608,8,768,960,1.0,1,2.6813492913990743e-06,4,0.0001320408091844719,2.593859949745867e-05,1
9.853896025192243e-07,2.9511158058533722e-05,21730,8,3f4859c5e27e416ab37853c9c1d575234e58e18abcc7bf092b869157960e6b2f,131072,asterix,21738,195642,202608056125,96,196608,8,768,960,1.0,1,2.7564121792109186e-06,4,0.00013545551653519654,2.7446799847169553e-05,1
6.478550455934551e-07,2.165748100724811e-05,11816,0,3f4859c5e27e416ab37853c9c1d575234e58e18abcc7bf092b869157960e6b2f,131072,asterix,11816,389928,202608056125,96,393216,32,768,3264,1.0,1,4.845473066844677e-07,4,1.3480420774443928e-05,2.8569913238723424e-05,1
6.862098793067942e-07,2.3349412178346683e-05,11808,8,3f4859c5e27e416ab37853c9c1d575234e58e18abcc7bf092b869157960e6b2f,131072,asterix,11816,389928,202608056125,96,393216,32,768,3264,1.0,1,5.021157058469035e-07,4,1.4830153656720811e-05,3.0504830418204346e-05,1
8.293488062307347e-08,1.0437630649359285e-06,8144,0,3f4859c5e27e416ab37853c9c1d575234e58e18abcc7bf092b869157960e6b2f,131072,asterix,130304,195456,202608056126,0,196608,8,768,960,0.0,16,9.742163269690228e-09,4,3.587030942185325e-08,1.041202868356496e-06,16
8.341372272473406e-08,1.0698873107420068e-06,8136,8,3f4859c5e27e416ab37853c9c1d575234e58e18abcc7bf092b869157960e6b2f,131072,asterix,130304,195456,202608056126,0,196608,8,768,960,0.0,16,9.76451264923498e-09,4,3.788483499721224e-08,1.0696313178143592e-06,16
8.344026990498303e-08,1.0452941332267517e-06,8124,0,3f4859c5e27e416ab37853c9c1d575234e58e18abcc7bf092b869157960e6b2f,131072,asterix,129984,389952,202608056126,0,393216,32,768,3264,0.0,16,1.1749360623238575e-06,4,5.776490853832389e-05,1.041202868356496e-06,16
8.39376501158202e-08,1.0735367092835973e-06,8116,8,3f4859c5e27e416ab37853c9c1d575234e58e18abcc7bf092b869157960e6b2f,131072,asterix,129984,389952,202608056126,0,393216,32,768,3264,0.0,16,1.1820407111383165e-06,4,5.814650931604018e-05,1.0696313178143592e-06,16
4.3677007217035866e-07,1.8867164779105082e-05,16304,0,3f4859c5e27e416ab37853c9c1d575234e58e18abcc7bf092b869157960e6b2f,131072,asterix,65216,195648,202608056126,11,196608,8,768,960,0.1,4,4.516244893893722e-07,4,1.942154028330403e-05,1.0267181088709876e-06,16
4.3633446698952754e-07,1.892134366266855e-05,16296,8,3f4859c5e27e416ab37853c9c1d575234e58e18abcc7bf092b869157960e6b2f,131072,asterix,65216,195648,202608056126,11,196608,8,768,960,0.1,4,4.5034493296663447e-07,4,1.9417504534782677e-05,9.70921203043432e-07,16
8.806318639232145e-08,1.4678622235945126e-06,8124,0,3f4859c5e27e416ab37853c9c1d575234e58e18abcc7bf092b869157960e6b2f,131072,asterix,129984,389952,202608056126,11,393216,32,768,3264,0.1,16,9.81736818828258e-08,4,9.005593417682351e-07,1.0267181088709876e-06,16
8.655996906371358e-08,1.3937647098040823e-06,8116,8,3f4859c5e27e416ab37853c9c1d575234e58e18abcc7bf092b869157960e6b2f,131072,asterix,129984,389952,202608056126,11,393216,32,768,3264,0.1,16,9.871907000704301e-08,4,9.446017523945167e-07,9.70921203043432e-07,16
3.3075132063227496e-06,0.00016694616765644118,16304,0,3f4859c5e27e416ab37853c9c1d575234e58e18abcc7bf092b869157960e6b2f,131072,asterix,65216,195648,202608056126,29,196608,8,768,960,0.3,4,3.2947567397159725e-06,4,0.00016719016934165602,0.00016719016934165602,4
3.271078304586536e-06,0.00016494998540099123,16296,8,3f4859c5e27e416ab37853c9c1d575234e58e18abcc7bf092b869157960e6b2f,131072,asterix,65216,195648,202608056126,29,196608,8,768,960,0.3,4,3.263491503003829e-06,4,0.00016548134229241168,0.00016548134229241168,4
2.8420941291683123e-07,9.441777193547327e-06,8124,0,3f4859c5e27e416ab37853c9c1d575234e58e18abcc7bf092b869157960e6b2f,131072,asterix,129984,389952,202608056126,29,393216,32,768,3264,0.3,16,1.3253651077297375e-06,4,6.043621117713333e-05,6.490818351767637e-06,16
2.7181400143158865e-07,8.811459825237952e-06,8116,8,3f4859c5e27e416ab37853c9c1d575234e58e18abcc7bf092b869157960e6b2f,131072,asterix,129984,389952,202608056126,29,393216,32,768,3264,0.3,16,1.3181724212433957e-06,4,6.021799423532155e-05,5.9251650037722686e-06,16
2.5728034862769737e-06,0.00013202494778598314,16304,0,3f4859c5e27e416ab37853c9c1d575234e58e18abcc7bf092b869157960e6b2f,131072,asterix,65216,195648,202608056126,45,196608,8,768,960,0.5,4,2.5314030339839833e-06,4,0.00013038071108459763,0.00013038071108459763,4
2.5443351767066127e-06,0.00013052867329155218,16296,8,3f4859c5e27e416ab37853c9c1d575234e58e18abcc7bf092b869157960e6b2f,131072,asterix,65216,195648,202608056126,45,196608,8,768,960,0.5,4,2.50473964886736e-06,4,0.00012899864599785982,0.00012899864599785982,4
2.305343863680711e-06,0.00011116718535814867,10832,0,3f4859c5e27e416ab37853c9c1d575234e58e18abcc7bf092b869157960e6b2f,131072,asterix,43328,389952,202608056126,45,393216,32,768,3264,0.5,4,2.1741126942591253e-06,4,0.00010218085533153265,0.00010218085533153265,4
2.2896612695185085e-06,0.0001102457912152841,10824,8,3f4859c5e27e416ab37853c9c1d575234e58e18abcc7bf092b869157960e6b2f,131072,asterix,43328,389952,202608056126,45,393216,32,768,3264,0.5,4,2.1682042587338967e-06,4,0.000101691792597356,0.000101691792597356,4
1.9862603530273735e-07,3.1926565541848735e-06,21738,0,3f4859c5e27e416ab37853c9c1d575234e58e18abcc7bf092b869157960e6b2f,131072,asterix,21738,195642,202608056126,70,196608,8,768,960,0.7,1,2.624116630667014e-06,4,0.00013410552143153066,3.459928184265622e-06,1
2.1526687141856612e-07,3.6743389454581977e-06,21730,8,3f4859c5e27e416ab37853c9c1d575234e58e18abcc7bf092b869157960e6b2f,131072,asterix,21738,195642,202608056126,70,196608,8,768,960,0.7,1,2.5890977084520184e-06,4,0.0001320966188148052,3.969831892312247e-06,1
1.1507153363101765e-06,4.51097383663694e-05,10832,0,3f4859c5e27e416ab37853c9c1d575234e58e18abcc7bf092b869157960e6b2f,131072,asterix,43328,389952,202608056126,70,393216,32,768,3264,0.7,4,1.0977118405452466e-06,4,4.038844192016978e-05,4.038844192016978e-05,4
1.1518873230999385e-06,4.504110712748144e-05,10824,8,3f4859c5e27e416ab37853c9c1d575234e58e18abcc7bf092b869157960e6b2f,131072,asterix,43328,389952,202608056126,70,393216,32,768,3264,0.7,4,1.1037314853269298e-06,4,4.0518789000933504e-05,4.0518789000933504e-05,4
1.9862603530273735e-07,3.1926565541848735e-06,21738,0,3f4859c5e27e416ab37853c9c1d575234e58e18abcc7bf092b869157960e6b2f,131072,asterix,21738,195642,202608056126,84,196608,8,768,960,0.9,1,2.624116630667014e-06,4,0.00013410552143153066,3.459928184265622e-06,1
2.1526687141856612e-07,3.6743389454581977e-06,21730,8,3f4859c5e27e416ab37853c9c1d575234e58e18abcc7bf092b869157960e6b2f,131072,asterix,21738,195642,202608056126,84,196608,8,768,960,0.9,1,2.5890977084520184e-06,4,0.0001320966188148052,3.969831892312247e-06,1
1.1507153363101765e-06,4.51097383663694e-05,10832,0,3f4859c5e27e416ab37853c9c1d575234e58e18abcc7bf092b869157960e6b2f,131072,asterix,43328,389952,202608056126,84,393216,32,768,3264,0.9,4,1.0977118405452466e-06,4,4.038844192016978e-05,0.00018079143265347747,1
1.1518873230999385e-06,4.504110712748144e-05,10824,8,3f4859c5e27e416ab37853c9c1d575234e58e18abcc7bf092b869157960e6b2f,131072,asterix,43328,389952,202608056126,84,393216,32,768,3264,0.9,4,1.1037314853269298e-06,4,4.0518789000933504e-05,0.00017822629057831683,1
2.2213290646335626e-06,0.00011515412805799783,21738,0,3f4859c5e27e416ab37853c9c1d575234e58e18abcc7bf092b869157960e6b2f,131072,asterix,21738,195642,202608056126,96,196608,8,768,960,1.0,1,4.892918187632361e-06,4,0.0002485091501228009,0.00011679535702953556,1
2.16372954960166e-06,0.00011209618024598856,21730,8,3f4859c5e27e416ab37853c9c1d575234e58e18abcc7bf092b869157960e6b2f,131072,asterix,21738,195642,202608056126,96,196608,8,768,960,1.0,1,4.831063597249282e-06,4,0.00024512493106078787,0.0001140650122373552,1
2.793796943059641e-06,0.0001172787005301993,11816,0,3f4859c5e27e416ab37853c9c1d575234e58e18abcc7bf092b869157960e6b2f,131072,asterix,11816,389928,202608056126,96,393216,32,768,3264,1.0,1,3.6060960974177505e-06,4,0.00017004974730766564,0.0001034570912925281,1
2.7767794838221654e-06,0.00011567909019771497,11808,8,3f4859c5e27e416ab37853c9c1d575234e58e18abcc7bf092b869157960e6b2f,131072,asterix,11816,389928,202608056126,96,393216,32,768,3264,1.0,1,3.6060104106247128e-06,4,0.00017000235306407604,0.00010076391735420219,1
2.2174419229605793e-07,9.067085687184404e-06,8144,0,3f4859c5e27e416ab37853c9c1d575234e58e18abcc7bf092b869157960e6b2f,131072,asterix,130304,195456,202608056127,0,196608,8,768,960,0.0,16,2.732689821099522e-07,4,6.775290529484341e-06,9.48847448345549e-06,16
2.231993735520897e-07,9.13429918428133e-06,8136,8,3f4859c5e27e416ab37853c9c1d575234e58e18abcc7bf092b869157960e6b2f,131072,asterix,130304,195456,202608056127,0,196608,8,768,960,0.0,16,2.725045713625691e-07,4,6.839985887127091e-06,9.480471048151916e-06,16
2.185327109455309e-07,8.905214027639719e-06,8124,0,3f4859c5e27e416ab37853c9c1d575234e58e18abcc7bf092b869157960e6b2f,131072,asterix,129984,389952,202608056127,0,393216,32,768,3264,0.0,16,8.56523462454728e-08,4,3.5509635590807126e-07,9.48847448345549e-06,16
2.1861314867344758e-07,8.901909385740485e-06,8116,8,3f4859c5e27e416ab37853c9c1d575234e58e18abcc7bf092b869157960e6b2f,131072,asterix,129984,389952,202608056127,0,393216,32,768,3264,0.0,16,8.788789490275308e-08,4,3.9462859238469744e-07,9.480471048151916e-06,16
8.737989249892407e-08,2.8972614169168657e-06,8144,0,3f4859c5e27e416ab37853c9c1d575234e58e18abcc7bf092b869157960e6b2f,131072,asterix,130304,195456,202608056127,10,196608,8,768,960,0.1,16,1.8523008320527026e-07,4,5.115675709152417e-06,2.706192656271031e-06,16
8.664016570129965e-08,2.812500701121911e-06,8136,8,3f4859c5e27e416ab37853c9c1d575234e58e18abcc7bf092b869157960e6b2f,131072,asterix,130304,195456,202608056127,10,196608,8,768,960,0.1,16,1.8390760658769643e-07,4,5.1460628943740786e-06,2.7010562635475265e-06,16
8.881242148583479e-08,2.960289753455085e-06,8124,0,3f4859c5e27e416ab37853c9c1d575234e58e18abcc7bf092b869157960e6b2f,131072,asterix,129984,389952,202608056127,10,393216,32,768,3264,0.1,16,2.642619645534641e-08,4,2.354904487337926e-07,2.706192656271031e-06,16
8.844522331505648e-08,2.8914862633680257e-06,8116,8,3f4859c5e27e416ab37853c9c1d575234e58e18abcc7bf092b869157960e6b2f,131072,asterix,129984,389952,202608056127,10,393216,32,768,3264,0.1,16,2.687003296678773e-08,4,2.4357450644596003e-07,2.7010562635475265e-06,16
4.28912611070757e-07,1.8373805278697154e-05,16304,0,3f4859c5e27e416ab37853c9c1d575234e58e18abcc7bf092b869157960e6b2f,131072,asterix,65216,195648,202608056127,23,196608,8,768,960,0.3,4,4.283721665584013e-07,4,1.841605368059618e-05,1.841605368059618e-05,4
4.3010404742646503e-07,1.8544031024509775e-05,16296,8,3f4859c5e27e416ab37853c9c1d575234e58e18abcc7bf092b869157960e6b2f,131072,asterix,65216,195648,202608056127,23,196608,8,768,960,0.3,4,4.3291717726940075e-07,4,1.8762991120778267e-05,1.8762991120778267e-05,4
1.8241421426202995e-07,5.135341951324725e-06,8124,0,3f4859c5e27e416ab37853c9c1d575234e58e18abcc7bf092b869157960e6b2f,131072,asterix,129984,389952,202608056127,23,393216,32,768,3264,0.3,16,2.2942708182590518e-07,4,6.8659537712279214e-06,4.518543269761747e-06,16
1.8176546885639702e-07,4.987478284638349e-06,8116,8,3f4859c5e27e416ab37853c9c1d575234e58e18abcc7bf092b869157960e6b2f,131072,asterix,129984,389952,202608056127,23,393216,32,768,3264,0.3,16,2.3319648353616293e-07,4,6.9567947361584405e-06,4.502663796937266e-06,16
4.28912611070757e-07,1.8373805278697154e-05,16304,0,3f4859c5e27e416ab37853c9c1d575234e58e18abcc7bf092b869157960e6b2f,131072,asterix,65216,195648,202608056127,46,196608,8,768,960,0.5,4,4.283721665584013e-07,4,1.841605368059618e-05,1.841605368059618e-05,4
4.3010404742646503e-07,1.8544031024509775e-05,16296,8,3f4859c5e27e416ab37853c9c1d575234e58e18abcc7bf092b869157960e6b2f,131072,asterix,65216,195648,202608056127,46,196608,8,768,960,0.5,4,4.3291717726940075e-07,4,1.8762991120778267e-05,1.8762991120778267e-05,4
2.752785058845413e-07,1.000709489202777e-05,10832,0,3f4859c5e27e416ab37853c9c1d575234e58e18abcc7bf092b869157960e6b2f,131072,asterix,43328,389952,202608056127,46,393216,32,768,3264,0.5,4,2.2942708182590518e-07,4,6.8659537712279214e-06,6.8659537712279214e-06,4
2.817223130700381e-07,1.0337370676758652e-05,10824,8,3f4859c5e27e416ab37853c9c1d575234e58e18abcc7bf092b869157960e6b2f,131072,asterix,43328,389952,202608056127,46,393216,32,768,3264,0.5,4,2.3319648353616293e-07,4,6.9567947361584405e-06,6.9567947361584405e-06,4
3.022868519199732e-07,1.3870910130268865e-05,21738,0,3f4859c5e27e416ab37853c9c1d575234e58e18abcc7bf092b869157960e6b2f,131072,asterix,21738,195642,202608056127,68,196608,8,768,960,0.7,1,6.163933162725289e-07,4,2.8112418861943744e-05,1.591951779858341e-05,1
2.9017445998789774e-07,1.3100845168543698e-05,21730,8,3f4859c5e27e416ab37853c9c1d575234e58e18abcc7bf092b869157960e6b2f,131072,asterix,21738,195642,202608056127,68,196608,8,768,960,0.7,1,6.309965168160561e-07,4,2.9019536756531848e-05,1.5205355691963799e-05,1
1.0577523697667934e-07,2.6173304695643495e-06,10832,0,3f4859c5e27e416ab37853c9c1d575234e58e18abcc7bf092b869157960e6b2f,131072,asterix,43328,389952,202608056127,68,393216,32,768,3264,0.7,4,1.1231355385747512e-07,4,1.8955752557138413e-06,1.8955752557138413e-06,4
1.0730061365944726e-07,2.607157579802681e-06,10824,8,3f4859c5e27e416ab37853c9c1d575234e58e18abcc7bf092b869157960e6b2f,131072,asterix,43328,389952,202608056127,68,393216,32,768,3264,0.7,4,1.1457379738388762e-07,4,1.836033384988943e-06,1.836033384988943e-06,4
2.028758651235914e-06,9.50611578979128e-05,21738,0,3f4859c5e27e416ab37853c9c1d575234e58e18abcc7bf092b869157960e6b2f,131072,asterix,21738,195642,202608056127,87,196608,8,768,960,0.9,1,6.424818332295528e-07,4,1.414390821565704e-05,9.028350822447515e-05,1
2.0237738375948e-06,9.50908021347544e-05,21730,8,3f4859c5e27e416ab37853c9c1d575234e58e18abcc7bf092b869157960e6b2f,131072,asterix,21738,195642,202608056127,87,196608,8,768,960,0.9,1,6.483508852026723e-07,4,1.4599856396273145e-05,8.943973884981208e-05,1
2.3515961885305883e-07,1.213819588418973e-06,11816,0,3f4859c5e27e416ab37853c9c1d575234e58e18abcc7bf092b869157960e6b2f,131072,asterix,11816,389928,202608056127,87,393216,32,768,3264,0.9,1,3.463784206525983e-07,4,1.2842080156451724e-06,1.264245226085048e-06,1
2.277255201528252e-07,1.0502657467727043e-06,11808,8,3f4859c5e27e416ab37853c9c1d575234e58e18abcc7bf092b869157960e6b2f,131072,asterix,11816,389928,202608056127,87,393216,32,768,3264,0.9,1,3.4941396325918703e-07,4,1.2769115206032961e-06,1.0854430980074667e-06,1
2.028758651235914e-06,9.50611578979128e-05,21738,0,3f4859c5e27e416ab37853c9c1d575234e58e18abcc7bf092b869157960e6b2f,131072,asterix,21738,195642,202608056127,96,196608,8,768,960,1.0,1,1.0383217225115028e-06,4,2.9560831315614733e-05,9.028350822447515e-05,1
2.0237738375948e-06,9.50908021347544e-05,21730,8,3f4859c5e27e416ab37853c9c1d575234e58e18abcc7bf092b869157960e6b2f,131072,asterix,21738,195642,202608056127,96,196608,8,768,960,1.0,1,1.060442329386272e-06,4,3.107712763158612e-05,8.943973884981208e-05,1
2.3515961885305883e-07,1.213819588418973e-06,11816,0,3f4859c5e27e416ab37853c9c1d575234e58e18abcc7bf092b869157960e6b2f,131072,asterix,11816,389928,202608056127,96,393216,32,768,3264,1.0,1,5.198975277732548e-07,4,8.174568836546754e-06,1.264245226085048e-06,1
2.277255201528252e-07,1.0502657467727043e-06,11808,8,3f4859c5e27e416ab37853c9c1d575234e58e18abcc7bf092b869157960e6b2f,131072,asterix,11816,389928,202608056127,96,393216,32,768,3264,1.0,1,5.211310802507985e-07,4,7.824789730975268e-06,1.0854430980074667e-06,1
3.4496231390455584e-08,3.4318042257787174e-07,8144,0,3f4859c5e27e416ab37853c9c1d575234e58e18abcc7bf092b869157960e6b2f,131072,asterix,130304,195456,202608056128,0,196608,8,768,960,0.0,16,1.0546562842945007e-07,4,3.635112743586823e-06,3.9560310675685995e-07,16
3.465687024653009e-08,3.50775346566386e-07,8136,8,3f4859c5e27e416ab37853c9c1d575234e58e18abcc7bf092b869157960e6b2f,131072,asterix,130304,195456,202608056128,0,196608,8,768,960,0.0,16,1.0317636361217983e-07,4,3.48573055713602e-06,3.98965432151552e-07,16
3.481450435384085e-08,3.2636229564079703e-07,8124,0,3f4859c5e27e416ab37853c9c1d575234e58e18abcc7bf092b869157960e6b2f,131072,asterix,129984,389952,202608056128,0,393216,32,768,3264,0.0,16,1.6673237391813164e-07,4,6.852436578349351e-06,3.9560310675685995e-07,16
3.5162766753978854e-08,3.339004664530584e-07,8116,8,3f4859c5e27e416ab37853c9c1d575234e58e18abcc7bf092b869157960e6b2f,131072,asterix,129984,389952,202608056128,0,393216,32,768,3264,0.0,16,1.6461250580952635e-07,4,6.758020402588416e-06,3.98965432151552e-07,16
1.2361324300275433e-07,7.585804403771755e-07,8144,0,3f4859c5e27e416ab37853c9c1d575234e58e18abcc7bf092b869157960e6b2f,131072,asterix,130304,195456,202608056128,10,196608,8,768,960,0.1,16,3.1058717395209716e-07,4,1.3508727992767833e-05,8.000950317890188e-07,16
1.244778571255919e-07,7.619941049815515e-07,8136,8,3f4859c5e27e416ab37853c9c1d575234e58e18abcc7bf092b869157960e6b2f,131072,asterix,130304,195456,202608056128,10,196608,8,768,960,0.1,16,3.038937567554018e-07,4,1.3116521970982166e-05,8.144879372333602e-07,16
1.2514156218965835e-07,7.379758304915518e-07,8124,0,3f4859c5e27e416ab37853c9c1d575234e58e18abcc7bf092b869157960e6b2f,131072,asterix,129984,389952,202608056128,10,393216,32,768,3264,0.1,16,2.519817369434532e-07,4,1.2347797342462067e-05,8.000950317890188e-07,16
1.266133126627309e-07,7.459414807613839e-07,8116,8,3f4859c5e27e416ab37853c9c1d575234e58e18abcc7bf092b869157960e6b2f,131072,asterix,129984,389952,202608056128,10,393216,32,768,3264,0.1,16,2.526786855204992e-07,4,1.2406349236286682e-05,8.144879372333602e-07,16
6.145697274932567e-07,2.1962250108811494e-05,16304,0,3f4859c5e27e416ab37853c9c1d575234e58e18abcc7bf092b869157960e6b2f,131072,asterix,65216,195648,202608056128,36,196608,8,768,960,0.3,4,6.544049842038565e-07,4,2.421891208645685e-05,2.421891208645685e-05,4
6.137344727372941e-07,2.1602915862819416e-05,16296,8,3f4859c5e27e416ab37853c9c1d575234e58e18abcc7bf092b869157960e6b2f,131072,asterix,65216,195648,202608056128,36,196608,8,768,960,0.3,4,6.522539308502737e-07,4,2.3788978259614753e-05,2.3788978259614753e-05,4
7.339705607052062e-07,2.8505235795595596e-05,10832,0,3f4859c5e27e416ab37853c9c1d575234e58e18abcc7bf092b869157960e6b2f,131072,asterix,43328,389952,202608056128,36,393216,32,768,3264,0.3,4,7.322144403621386e-07,4,2.7589692489614143e-05,7.560700372977652e-07,16
7.539721287241593e-07,2.911988815194738e-05,10824,8,3f4859c5e27e416ab37853c9c1d575234e58e18abcc7bf092b869157960e6b2f,131072,asterix,43328,389952,202608056128,36,393216,32,768,3264,0.3,4,7.516351672955275e-07,4,2.81366754052962e-05,7.755375425606731e-07,16
2.62022456685855e-07,8.30194880279718e-06,16304,0,3f4859c5e27e416ab37853c9c1d575234e58e18abcc7bf092b869157960e6b2f,131072,asterix,65216,195648,202608056128,39,196608,8,768,960,0.5,4,2.8871501525744426e-07,4,9.816652531120128e-06,9.816652531120128e-06,4
2.614295770683089e-07,8.099923370862722e-06,16296,8,3f4859c5e27e416ab37853c9c1d575234e58e18abcc7bf092b869157960e6b2f,131072,asterix,65216,195648,202608056128,39,196608,8,768,960,0.5,4,2.878986855260234e-07,4,9.588562623691334e-06,9.588562623691334e-06,4
4.908378174904972e-07,1.879314478221142e-05,10832,0,3f4859c5e27e416ab37853c9c1d575234e58e18abcc7bf092b869157960e6b2f,131072,asterix,43328,389952,202608056128,39,393216,32,768,3264,0.5,4,4.996199594175268e-07,4,1.87045821869006e-05,1.87045821869006e-05,4
4.972810423564187e-07,1.8951020340387054e-05,10824,8,3f4859c5e27e416ab37853c9c1d575234e58e18abcc7bf092b869157960e6b2f,131072,asterix,43328,389952,202608056128,39,393216,32,768,3264,0.5,4,5.061709912020397e-07,4,1.8838358151837138e-05,1.8838358151837138e-05,4
7.028462767331836e-07,7.961891370440262e-06,21738,0,3f4859c5e27e416ab37853c9c1d575234e58e18abcc7bf092b869157960e6b2f,131072,asterix,21738,195642,202608056128,65,196608,8,768,960,0.7,1,4.320970358621872e-07,4,1.304600436387671e-05,8.87379484595438e-06,1
7.013003223672332e-07,7.484182047234137e-06,21730,8,3f4859c5e27e416ab37853c9c1d575234e58e18abcc7bf092b869157960e6b2f,131072,asterix,21738,195642,202608056128,65,196608,8,768,960,0.7,1,4.27304958635166e-07,4,1.2446444994796844e-05,8.304542058237887e-06,1
9.341882177297901e-07,3.41005485738074e-05,10832,0,3f4859c5e27e416ab37853c9c1d575234e58e18abcc7bf092b869157960e6b2f,131072,asterix,43328,389952,202608056128,65,393216,32,768,3264,0.7,4,9.88366620466274e-07,4,3.611420692872673e-05,3.611420692872673e-05,4
9.533211950503572e-07,3.457589083996468e-05,10824,8,3f4859c5e27e416ab37853c9c1d575234e58e18abcc7bf092b869157960e6b2f,131072,asterix,43328,389952,202608056128,65,393216,32,768,3264,0.7,4,1.0087245251102675e-06,4,3.65844151659853e-05,3.65844151659853e-05,4
7.028462767331836e-07,7.961891370440262e-06,21738,0,3f4859c5e27e416ab37853c9c1d575234e58e18abcc7bf092b869157960e6b2f,131072,asterix,21738,195642,202608056128,87,196608,8,768,960,0.9,1,8.873653359102384e-07,4,2.9245393497500533e-05,8.87379484595438e-06,1
7.013003223672332e-07,7.484182047234137e-06,21730,8,3f4859c5e27e416ab37853c9c1d575234e58e18abcc7bf092b869157960e6b2f,131072,asterix,21738,195642,202608056128,87,196608,8,768,960,0.9,1,8.795412473127024e-07,4,2.8250832052921075e-05,8.304542058237887e-06,1
8.677949714852958e-07,2.456423065350644e-05,11816,0,3f4859c5e27e416ab37853c9c1d575234e58e18abcc7bf092b869157960e6b2f,131072,asterix,11816,389928,202608056128,87,393216,32,768,3264,0.9,1,1.3887083168175418e-06,4,4.894282517135254e-05,2.9291552030597376e-05,1
8.9104797040536e-07,2.4940710608269973e-05,11808,8,3f4859c5e27e416ab37853c9c1d575234e58e18abcc7bf092b869157960e6b2f,131072,asterix,11816,389928,202608056128,87,393216,32,768,3264,0.9,1,1.430846201558588e-06,4,5.0108305207929705e-05,2.9874795787019233e-05,1
7.028462767331836e-07,7.961891370440262e-06,21738,0,3f4859c5e27e416ab37853c9c1d575234e58e18abcc7bf092b869157960e6b2f,131072,asterix,21738,195642,202608056128,96,196608,8,768,960,1.0,1,8.873653359102384e-07,4,2.9245393497500533e-05,8.87379484595438e-06,1
7.013003223672332e-07,7.484182047234137e-06,21730,8,3f4859c5e27e416ab37853c9c1d575234e58e18abcc7bf092b869157960e6b2f,131072,asterix,21738,195642,202608056128,96,196608,8,768,960,1.0,1,8.795412473127024e-07,4,2.8250832052921075e-05,8.304542058237887e-06,1
8.677949714852958e-07,2.456423065350644e-05,11816,0,3f4859c5e27e416ab37853c9c1d575234e58e18abcc7bf092b869157960e6b2f,131072,asterix,11816,389928,202608056128,96,393216,32,768,3264,1.0,1,1.3887083168175418e-06,4,4.894282517135254e-05,2.9291552030597376e-05,1
8.9104797040536e-07,2.4940710608269973e-05,11808,8,3f4859c5e27e416ab37853c9c1d575234e58e18abcc7bf092b869157960e6b2f,131072,asterix,11816,389928,202608056128,96,393216,32,768,3264,1.0,1,1.430846201558588e-06,4,5.0108305207929705e-05,2.9874795787019233e-05,1
1.421708555035338e-07,4.7631948744671304e-06,8144,0,3f4859c5e27e416ab37853c9c1d575234e58e18abcc7bf092b869157960e6b2f,131072,asterix,130304,195456,202608056129,0,196608,8,768,960,0.0,16,1.9848200037394344e-07,4,8.14843094565283e-06,4.859148973192515e-06,16
1.4233563128275344e-07,4.772341117114899e-06,8136,8,3f4859c5e27e416ab37853c9c1d575234e58e18abcc7bf092b869157960e6b2f,131072,asterix,130304,195456,202608056129,0,196608,8,768,960,0.0,16,1.976621353395896e-07,4,8.116922972144825e-06,4.868105301190941e-06,16
1.4229260853992161e-07,4.802196225621148e-06,8124,0,3f4859c5e27e416ab37853c9c1d575234e58e18abcc7bf092b869157960e6b2f,131072,asterix,129984,389952,202608056129,0,393216,32,768,3264,0.0,16,5.06808483548851e-07,4,9.398034967048292e-06,4.859148973192515e-06,16
1.4318919351523062e-07,4.851169616705746e-06,8116,8,3f4859c5e27e416ab37853c9c1d575234e58e18abcc7bf092b869157960e6b2f,131072,asterix,129984,389952,202608056129,0,393216,32,768,3264,0.0,16,5.043466627227163e-07,4,9.472586324146908e-06,4.868105301190941e-06,16
1.6768479399575129e-07,1.0186856015793905e-06,8144,0,3f4859c5e27e416ab37853c9c1d575234e58e18abcc7bf092b869157960e6b2f,131072,asterix,130304,195456,202608056129,8,196608,8,768,960,0.1,16,3.402301002346863e-07,4,1.3032721959756262e-05,1.1106253089938662e-06,16
1.6479083922080313e-07,1.0388098895556124e-06,8136,8,3f4859c5e27e416ab37853c9c1d575234e58e18abcc7bf092b869157960e6b2f,131072,asterix,130304,195456,202608056129,8,196608,8,768,960,0.1,16,3.508322973700884e-07,4,1.351651480884829e-05,1.162478803945579e-06,16
1.6608712305293264e-07,9.297572529980174e-07,8124,0,3f4859c5e27e416ab37853c9c1d575234e58e18abcc7bf092b869157960e6b2f,131072,asterix,129984,389952,202608056129,8,393216,32,768,3264,0.1,16,2.2858223563166085e-07,4,1.0172386918472384e-06,1.1106253089938662e-06,16
1.627005289228074e-07,9.318856115856932e-07,8116,8,3f4859c5e27e416ab37853c9c1d575234e58e18abcc7bf092b869157960e6b2f,131072,asterix,129984,389952,202608056129,8,393216,32,768,3264,0.1,16,2.2648711894528934e-07,4,9.455968380073489e-07,1.162478803945579e-06,16
2.0641881158686177e-07,7.951637585705927e-06,16304,0,3f4859c5e27e416ab37853c9c1d575234e58e18abcc7bf092b869157960e6b2f,131072,asterix,65216,195648,202608056129,26,196608,8,768,960,0.3,4,2.3351131862735084e-07,4,9.314299757095738e-06,9.314299757095738e-06,4
2.0920470915262642e-07,8.078934812043778e-06,16296,8,3f4859c5e27e416ab37853c9c1d575234e58e18abcc7bf092b869157960e6b2f,131072,asterix,65216,195648,202608056129,26,196608,8,768,960,0.3,4,2.3649247096576328e-07,4,9.42724490323014e-06,9.42724490323014e-06,4
3.7740486508483236e-07,1.981296633082214e-06,8124,0,3f4859c5e27e416ab37853c9c1d575234e58e18abcc7bf092b869157960e6b2f,131072,asterix,129984,389952,202608056129,26,393216,32,768,3264,0.3,16,4.987956967962685e-07,4,5.804159681425146e-06,2.483362035090003e-06,16
3.6964647088129933e-07,2.0016116915220833e-06,8116,8,3f4859c5e27e416ab37853c9c1d575234e58e18abcc7bf092b869157960e6b2f,131072,asterix,129984,389952,202608056129,26,393216,32,768,3264,0.3,16,5.000675009575248e-07,4,5.970409521899914e-06,2.6210524858227317e-06,16
2.8034886312235915e-07,1.1269770534475038e-05,16304,0,3f4859c5e27e416ab37853c9c1d575234e58e18abcc7bf092b869157960e6b2f,131072,asterix,65216,195648,202608056129,58,196608,8,768,960,0.5,4,2.856770662699117e-07,4,1.158931949347538e-05,1.158931949347538e-05,4
2.8549485616355977e-07,1.1504245795737959e-05,16296,8,3f4859c5e27e416ab37853c9c1d575234e58e18abcc7bf092b869157960e6b2f,131072,asterix,65216,195648,202608056129,58,196608,8,768,960,0.5,4,2.912542386400079e-07,4,1.1835898385043062e-05,1.1835898385043062e-05,4
1.9515385918219988e-07,6.753993402387274e-07,10832,0,3f4859c5e27e416ab37853c9c1d575234e58e18abcc7bf092b869157960e6b2f,131072,asterix,43328,389952,202608056129,58,393216,32,768,3264,0.5,4,1.8889651119114135e-07,4,6.776057294838433e-07,6.776057294838433e-07,4
1.9045452982316153e-07,6.637945911364254e-07,10824,8,3f4859c5e27e416ab37853c9c1d575234e58e18abcc7bf092b869157960e6b2f,131072,asterix,43328,389952,202608056129,58,393216,32,768,3264,0.5,4,1.8518622534524692e-07,4,6.774377133532715e-07,6.774377133532715e-07,4
1.6838723761365096e-07,4.57216667946698e-06,21738,0,3f4859c5e27e416ab37853c9c1d575234e58e18abcc7bf092b869157960e6b2f,131072,asterix,21738,195642,202608056129,68,196608,8,768,960,0.7,1,2.7834335832420906e-07,4,2.5256672053638097e-06,4.340765876466838e-06,1
1.722608198547238e-07,4.583153206161056e-06,21730,8,3f4859c5e27e416ab37853c9c1d575234e58e18abcc7bf092b869157960e6b2f,131072,asterix,21738,195642,202608056129,68,196608,8,768,960,0.7,1,2.951653266303167e-07,4,2.851521900896335e-06,4.36384431723347e-06,1
8.402738243362444e-07,3.1962596968897346e-05,10832,0,3f4859c5e27e416ab37853c9c1d575234e58e18abcc7bf092b869157960e6b2f,131072,asterix,43328,389952,202608056129,68,393216,32,768,3264,0.7,4,7.417775930394932e-07,4,2.8726966593429496e-05,2.8726966593429496e-05,4
8.06832941082546e-07,3.0323653477954577e-05,10824,8,3f4859c5e27e416ab37853c9c1d575234e58e18abcc7bf092b869157960e6b2f,131072,asterix,43328,389952,202608056129,68,393216,32,768,3264,0.7,4,7.123298079802032e-07,4,2.7178938263355878e-05,2.7178938263355878e-05,4
1.6838723761365096e-07,4.57216667946698e-06,21738,0,3f4859c5e27e416ab37853c9c1d575234e58e18abcc7bf092b869157960e6b2f,131072,asterix,21738,195642,202608056129,91,196608,8,768,960,0.9,1,2.9148398687079055e-07,4,5.408831477672454e-06,4.340765876466838e-06,1
1.722608198547238e-07,4.583153206161056e-06,21730,8,3f4859c5e27e416ab37853c9c1d575234e58e18abcc7bf092b869157960e6b2f,131072,asterix,21738,195642,202608056129,91,196608,8,768,960,0.9,1,3.0672857125577266e-07,4,5.88041765686992e-06,4.36384431723347e-06,1
5.709019109983236e-07,1.885736182333868e-05,11816,0,3f4859c5e27e416ab37853c9c1d575234e58e18abcc7bf092b869157960e6b2f,131072,asterix,11816,389928,202608056129,91,393216,32,768,3264,0.9,1,3.1289994043750077e-07,4,5.328178033654031e-06,1.9340402748052605e-05,1
5.41152611049802e-07,1.7608526829578306e-05,11808,8,3f4859c5e27e416ab37853c9c1d575234e58e18abcc7bf092b869157960e6b2f,131072,asterix,11816,389928,202608056129,91,393216,32,768,3264,0.9,1,3.0450960213746657e-07,4,4.913810435884048e-06,1.806820374925586e-05,1
1.6838723761365096e-07,4.57216667946698e-06,21738,0,3f4859c5e27e416ab37853c9c1d575234e58e18abcc7bf092b869157960e6b2f,131072,asterix,21738,195642,202608056129,96,196608,8,768,960,1.0,1,2.7834335832420906e-07,4,2.5256672053638097e-06,4.340765876466838e-06,1
1.722608198547238e-07,4.583153206161056e-06,21730,8,3f4859c5e27e416ab37853c9c1d575234e58e18abcc7bf092b869157960e6b2f,131072,asterix,21738,195642,202608056129,96,196608,8,768,960,1.0,1,2.951653266303167e-07,4,2.851521900896335e-06,4.36384431723347e-06,1
5.709019109983236e-07,1.885736182333868e-05,11816,0,3f4859c5e27e416ab37853c9c1d575234e58e18abcc7bf092b869157960e6b2f,131072,asterix,11816,389928,202608056129,96,393216,32,768,3264,1.0,1,7.417775930394932e-07,4,2.8726966593429496e-05,1.9340402748052605e-05,1
5.41152611049802e-07,1.7608526829578306e-05,11808,8,3f4859c5e27e416ab37853c9c1d575234e58e18abcc7bf092b869157960e6b2f,131072,asterix,11816,389928,202608056129,96,393216,32,768,3264,1.0,1,7.123298079802032e-07,4,2.7178938263355878e-05,1.806820374925586e-05,1
1.130381196914841e-07,2.9004866110821514e-06,8144,0,3f4859c5e27e416ab37853c9c1d575234e58e18abcc7bf092b869157960e6b2f,131072,asterix,130304,195456,202608056130,0,196608,8,768,960,0.0,16,1.8232049995320423e-07,4,5.3316638675264475e-06,2.7022539441848003e-06,16
1.1420504202404142e-07,2.9612401604376044e-06,8136,8,3f4859c5e27e416ab37853c9c1d575234e58e18abcc7bf092b869157960e6b2f,131072,asterix,130304,195456,202608056130,0,196608,8,768,960,0.0,16,1.7943461442661529e-07,4,5.264503642583796e-06,2.7489088159016005e-06,16
1.1412250991006755e-07,2.971850674380723e-06,8124,0,3f4859c5e27e416ab37853c9c1d575234e58e18abcc7bf092b869157960e6b2f,131072,asterix,129984,389952,202608056130,0,393216,32,768,3264,0.0,16,2.014306521718288e-07,4,4.106834694005845e-06,2.7022539441848003e-06,16
1.1426835812084791e-07,2.9722978098581963e-06,8116,8,3f4859c5e27e416ab37853c9c1d575234e58e18abcc7bf092b869157960e6b2f,131072,asterix,129984,389952,202608056130,0,393216,32,768,3264,0.0,16,2.0333606719462585e-07,4,4.170733432260764e-06,2.7489088159016005e-06,16
3.789690662036108e-08,2.3773029127951054e-07,8144,0,3f4859c5e27e416ab37853c9c1d575234e58e18abcc7bf092b869157960e6b2f,131072,asterix,130304,195456,202608056130,7,196608,8,768,960,0.1,16,2.651498640402424e-07,4,8.043087615285194e-06,1.8858611605774747e-07,16
3.780433860352948e-08,2.3687244402308093e-07,8136,8,3f4859c5e27e416ab37853c9c1d575234e58e18abcc7bf092b869157960e6b2f,131072,asterix,130304,195456,202608056130,7,196608,8,768,960,0.1,16,2.6110877451176083e-07,4,7.866754033592976e-06,1.9256950583245396e-07,16
3.806302225762721e-08,2.3806108932250754e-07,8124,0,3f4859c5e27e416ab37853c9c1d575234e58e18abcc7bf092b869157960e6b2f,131072,asterix,129984,389952,202608056130,7,393216,32,768,3264,0.1,16,2.918876704232693e-07,4,2.4157592490371184e-06,1.8858611605774747e-07,16
3.765615315314538e-08,2.2979336747061215e-07,8116,8,3f4859c5e27e416ab37853c9c1d575234e58e18abcc7bf092b869157960e6b2f,131072,asterix,129984,389952,202608056130,7,393216,32,768,3264,0.1,16,2.869675629655472e-07,4,2.2545687269101803e-06,1.9256950583245396e-07,16
1.7417634559433498e-07,9.564755242979212e-07,16304,0,3f4859c5e27e416ab37853c9c1d575234e58e18abcc7bf092b869157960e6b2f,131072,asterix,65216,195648,202608056130,38,196608,8,768,960,0.3,4,1.7955386469412e-07,4,9.964879252022787e-07,9.964879252022787e-07,4
1.6803327512817924e-07,8.605781302356481e-07,16296,8,3f4859c5e27e416ab37853c9c1d575234e58e18abcc7bf092b869157960e6b2f,131072,asterix,65216,195648,202608056130,38,196608,8,768,960,0.3,4,1.7297355830066428e-07,4,9.00151866663941e-07,9.00151866663941e-07,4
3.2586508952235735e-07,3.2552981656729287e-06,10832,0,3f4859c5e27e416ab37853c9c1d575234e58e18abcc7bf092b869157960e6b2f,131072,asterix,43328,389952,202608056130,38,393216,32,768,3264,0.3,4,2.993487337238328e-07,4,2.6350622946786256e-06,1.434510129174098e-06,16
3.2319147357868086e-07,3.2185041094958884e-06,10824,8,3f4859c5e27e416ab37853c9c1d575234e58e18abcc7bf092b869157960e6b2f,131072,asterix,43328,389952,202608056130,38,393216,32,768,3264,0.3,4,2.944354246356952e-07,4,2.5358166657509114e-06,1.5529956731567124e-06,16
2.0352194833699313e-07,2.846526897157168e-06,16304,0,3f4859c5e27e416ab37853c9c1d575234e58e18abcc7bf092b869157960e6b2f,131072,asterix,65216,195648,202608056130,43,196608,8,768,960,0.5,4,2.0806129319922816e-07,4,2.9074607425049327e-06,2.9074607425049327e-06,4
1.9868247059049892e-07,2.7378107407889035e-06,16296,8,3f4859c5e27e416ab37853c9c1d575234e58e18abcc7bf092b869157960e6b2f,131072,asterix,65216,195648,202608056130,43,196608,8,768,960,0.5,4,2.042415597179646e-07,4,2.8441843045222136e-06,2.8441843045222136e-06,4
2.3761436534273912e-07,8.012055917322947e-07,10832,0,3f4859c5e27e416ab37853c9c1d575234e58e18abcc7bf092b869157960e6b2f,131072,asterix,43328,389952,202608056130,43,393216,32,768,3264,0.5,4,2.3255193088786572e-07,4,1.151213598974712e-06,1.151213598974712e-06,4
2.378075934237843e-07,7.942904307633762e-07,10824,8,3f4859c5e27e416ab37853c9c1d575234e58e18abcc7bf092b869157960e6b2f,131072,asterix,43328,389952,202608056130,43,393216,32,768,3264,0.5,4,2.3492517337449943e-07,4,1.190830917351589e-06,1.190830917351589e-06,4
4.416219509945512e-07,1.0803596357897976e-05,16304,0,3f4859c5e27e416ab37853c9c1d575234e58e18abcc7bf092b869157960e6b2f,131072,asterix,65216,195648,202608056130,63,196608,8,768,960,0.7,4,4.3448219884669015e-07,4,1.0741483826640743e-05,2.082135537424537e-06,1
4.058683926815479e-07,9.294904375544303e-06,16296,8,3f4859c5e27e416ab37853c9c1d575234e58e18abcc7bf092b869157960e6b2f,131072,asterix,65216,195648,202608056130,63,196608,8,768,960,0.7,4,3.992130759647145e-07,4,9.21317603905228e-06,1.7556641592382082e-06,1
7.356917528780165e-07,2.3609939221537874e-06,10832,0,3f4859c5e27e416ab37853c9c1d575234e58e18abcc7bf092b869157960e6b2f,131072,asterix,43328,389952,202608056130,63,393216,32,768,3264,0.7,4,7.353077832449078e-07,4,2.4105835206208372e-06,2.4105835206208372e-06,4
7.18711420416234e-07,2.25901912265348e-06,10824,8,3f4859c5e27e416ab37853c9c1d575234e58e18abcc7bf092b869157960e6b2f,131072,asterix,43328,389952,202608056130,63,393216,32,768,3264,0.7,4,7.203156638681379e-07,4,2.2578377752385593e-06,2.2578377752385593e-06,4
1.1224046865963886e-06,4.3149824233518666e-05,21738,0,3f4859c5e27e416ab37853c9c1d575234e58e18abcc7bf092b869157960e6b2f,131072,asterix,21738,195642,202608056130,90,196608,8,768,960,0.9,1,2.748244130141427e-07,4,2.3781037927369105e-06,3.772397130931349e-05,1
1.1247051750565628e-06,4.455989865315176e-05,21730,8,3f4859c5e27e416ab37853c9c1d575234e58e18abcc7bf092b869157960e6b2f,131072,asterix,21738,195642,202608056130,90,196608,8,768,960,0.9,1,2.6515839708269136e-07,4,2.001433929069919e-06,3.901793131613615e-05,1
5.568230006685582e-07,4.173338151008691e-06,11816,0,3f4859c5e27e416ab37853c9c1d575234e58e18abcc7bf092b869157960e6b2f,131072,asterix,11816,389928,202608056130,90,393216,32,768,3264,0.9,1,4.639643322929598e-07,4,1.9628724836753e-06,3.7286011233997285e-06,1
5.693124827027807e-07,4.605830537723146e-06,11808,8,3f4859c5e27e416ab37853c9c1d575234e58e18abcc7bf092b869157960e6b2f,131072,asterix,11816,389928,202608056130,90,393216,32,768,3264,0.9,1,4.52079664292341e-07,4,1.7596027089119696e-06,4.297399677474263e-06,1
1.4553103423751262e-07,1.3642243902467222e-06,21738,0,3f4859c5e27e416ab37853c9c1d575234e58e18abcc7bf092b869157960e6b2f,131072,asterix,21738,195642,202608056130,96,196608,8,768,960,1.0,1,4.3448219884669015e-07,4,1.0741483826640743e-05,2.082135537424537e-06,1
1.4304624142976736e-07,1.1121812979989792e-06,21730,8,3f4859c5e27e416ab37853c9c1d575234e58e18abcc7bf092b869157960e6b2f,131072,asterix,21738,195642,202608056130,96,196608,8,768,960,1.0,1,3.992130759647145e-07,4,9.21317603905228e-06,1.7556641592382082e-06,1
8.116458406302724e-07,9.915681581832754e-06,11816,0,3f4859c5e27e416ab37853c9c1d575234e58e18abcc7bf092b869157960e6b2f,131072,asterix,11816,389928,202608056130,96,393216,32,768,3264,1.0,1,7.353077832449078e-07,4,2.4105835206208372e-06,1.3816728946924521e-05,1
7.649347154339908e-07,8.371295040479806e-06,11808,8,3f4859c5e27e416ab37853c9c1d575234e58e18abcc7bf092b869157960e6b2f,131072,asterix,11816,389928,202608056130,96,393216,32,768,3264,1.0,1,7.203156638681379e-07,4,2.2578377752385593e-06,1.2047898346461603e-05,1
4.11684765583053e-08,3.370114426352159e-07,8144,0,3f4859c5e27e416ab37853c9c1d575234e58e18abcc7bf092b869157960e6b2f,131072,asterix,130304,195456,202608056131,0,196608,8,768,960,0.0,16,5.426651105234457e-07,4,1.984490312423484e-05,3.7963182999575985e-07,16
4.198789846808415e-08,3.441709140708162e-07,8136,8,3f4859c5e27e416ab37853c9c1d575234e58e18abcc7bf092b869157960e6b2f,131072,asterix,130304,195456,202608056131,0,196608,8,768,960,0.0,16,5.339019648217216e-07,4,1.9477487138709935e-05,3.7979925487257453e-07,16
4.0569666594239555e-08,3.2471219054699556e-07,8124,0,3f4859c5e27e416ab37853c9c1d575234e58e18abcc7bf092b869157960e6b2f,131072,asterix,129984,389952,202608056131,0,393216,32,768,3264,0.0,16,3.34330299958758e-07,4,1.0988027099730494e-05,3.7963182999575985e-07,16
4.113627390182244e-08,3.2290307577888867e-07,8116,8,3f4859c5e27e416ab37853c9c1d575234e58e18abcc7bf092b869157960e6b2f,131072,asterix,129984,389952,202608056131,0,393216,32,768,3264,0.0,16,3.3739798861664597e-07,4,1.095639600055517e-05,3.7979925487257453e-07,16
1.6080763605524836e-07,2.733605686862443e-06,8144,0,3f4859c5e27e416ab37853c9c1d575234e58e18abcc7bf092b869157960e6b2f,131072,asterix,130304,195456,202608056131,10,196608,8,768,960,0.1,16,2.7648986702370037e-06,4,0.00014234844844315114,2.5736323217907815e-06,16
1.5932239547676113e-07,2.7328057146560144e-06,8136,8,3f4859c5e27e416ab37853c9c1d575234e58e18abcc7bf092b869157960e6b2f,131072,asterix,130304,195456,202608056131,10,196608,8,768,960,0.1,16,2.737418502596714e-06,4,0.00014095317835019765,2.530575786988386e-06,16
1.6162198422746168e-07,2.898293394419422e-06,8124,0,3f4859c5e27e416ab37853c9c1d575234e58e18abcc7bf092b869157960e6b2f,131072,asterix,129984,389952,202608056131,10,393216,32,768,3264,0.1,16,1.4675321872749313e-06,4,7.503967227526281e-05,2.5736323217907815e-06,16
1.620137915986142e-07,2.954144674323003e-06,8116,8,3f4859c5e27e416ab37853c9c1d575234e58e18abcc7bf092b869157960e6b2f,131072,asterix,129984,389952,202608056131,10,393216,32,768,3264,0.1,16,1.4653315909407375e-06,4,7.49432578761529e-05,2.530575786988386e-06,16
4.197282915407037e-06,0.00021210472680696958,16304,0,3f4859c5e27e416ab37853c9c1d575234e58e18abcc7bf092b869157960e6b2f,131072,asterix,65216,195648,202608056131,25,196608,8,768,960,0.3,4,4.1781850917507874e-06,4,0.0002112110397403281,0.0002112110397403281,4
4.1284785945130246e-06,0.00020856110052343952,16296,8,3f4859c5e27e416ab37853c9c1d575234e58e18abcc7bf092b869157960e6b2f,131072,asterix,65216,195648,202608056131,25,196608,8,768,960,0.3,4,4.129170841414738e-06,4,0.00020871516779873858,0.00020871516779873858,4
3.006054184240465e-07,5.21174333314288e-06,8124,0,3f4859c5e27e416ab37853c9c1d575234e58e18abcc7bf092b869157960e6b2f,131072,asterix,129984,389952,202608056131,25,393216,32,768,3264,0.3,16,1.721945330975606e-06,4,8.750724992152061e-05,4.660418591116445e-06,16
2.950989917753252e-07,5.234427224218435e-06,8116,8,3f4859c5e27e416ab37853c9c1d575234e58e18abcc7bf092b869157960e6b2f,131072,asterix,129984,389952,202608056131,25,393216,32,768,3264,0.3,16,1.706521047336438e-06,4,8.684660230129643e-05,4.458592763965571e-06,16
1.4641740067064348e-06,6.67499475783327e-05,16304,0,3f4859c5e27e416ab37853c9c1d575234e58e18abcc7bf092b869157960e6b2f,131072,asterix,65216,195648,202608056131,47,196608,8,768,960,0.5,4,1.4572402199572e-06,4,6.65370210986428e-05,6.65370210986428e-05,4
1.4420774381787998e-06,6.53725863179669e-05,16296,8,3f4859c5e27e416ab37853c9c1d575234e58e18abcc7bf092b869157960e6b2f,131072,asterix,65216,195648,202608056131,47,196608,8,768,960,0.5,4,1.4414850343010993e-06,4,6.55506967413767e-05,6.55506967413767e-05,4
6.574381184414432e-07,2.9406011297824346e-05,10832,0,3f4859c5e27e416ab37853c9c1d575234e58e18abcc7bf092b869157960e6b2f,131072,asterix,43328,389952,202608056131,47,393216,32,768,3264,0.5,4,7.024707146233151e-07,4,3.132361205966096e-05,3.132361205966096e-05,4
6.53165076260805e-07,2.9155179380245542e-05,10824,8,3f4859c5e27e416ab37853c9c1d575234e58e18abcc7bf092b869157960e6b2f,131072,asterix,43328,389952,202608056131,47,393216,32,768,3264,0.5,4,6.998157301881085e-07,4,3.1123024102416155e-05,3.1123024102416155e-05,4
5.254719052079277e-06,0.00027162554872606394,16304,0,3f4859c5e27e416ab37853c9c1d575234e58e18abcc7bf092b869157960e6b2f,131072,asterix,65216,195648,202608056131,63,196608,8,768,960,0.7,4,5.289977290484683e-06,4,0.00027312151009760535,6.198573889314477e-05,1
5.212210959455708e-06,0.00026947280230847816,16296,8,3f4859c5e27e416ab37853c9c1d575234e58e18abcc7bf092b869157960e6b2f,131072,asterix,65216,195648,202608056131,63,196608,8,768,960,0.7,4,5.27406012591144e-06,4,0.0002723776158551601,6.058907195544915e-05,1
1.732119877010261e-06,8.539704324015317e-05,10832,0,3f4859c5e27e416ab37853c9c1d575234e58e18abcc7bf092b869157960e6b2f,131072,asterix,43328,389952,202608056131,63,393216,32,768,3264,0.7,4,1.8479865738506301e-06,4,9.174480524156739e-05,9.174480524156739e-05,4
1.7188957018122315e-06,8.506394140212828e-05,10824,8,3f4859c5e27e416ab37853c9c1d575234e58e18abcc7bf092b869157960e6b2f,131072,asterix,43328,389952,202608056131,63,393216,32,768,3264,0.7,4,1.8354341217217714e-06,4,9.139796943634205e-05,9.139796943634205e-05,4
1.5429034261397359e-06,6.281449448873431e-05,21738,0,3f4859c5e27e416ab37853c9c1d575234e58e18abcc7bf092b869157960e6b2f,131072,asterix,21738,195642,202608056131,90,196608,8,768,960,0.9,1,6.27709963150321e-06,4,0.00031997195611268035,6.198573889314477e-05,1
1.5230698613110438e-06,6.156002382508679e-05,21730,8,3f4859c5e27e416ab37853c9c1d575234e58e18abcc7bf092b869157960e6b2f,131072,asterix,21738,195642,202608056131,90,196608,8,768,960,0.9,1,6.216202862529442e-06,4,0.00031683540058519214,6.058907195544915e-05,1
2.6943320188930375e-06,0.00013797293862476788,11816,0,3f4859c5e27e416ab37853c9c1d575234e58e18abcc7bf092b869157960e6b2f,131072,asterix,11816,389928,202608056131,90,393216,32,768,3264,0.9,1,2.6101333067699505e-06,4,0.0001305340402512795,0.0001421297943518633,1
2.649717110470039e-06,0.0001363397839587994,11808,8,3f4859c5e27e416ab37853c9c1d575234e58e18abcc7bf092b869157960e6b2f,131072,asterix,11816,389928,202608056131,90,393216,32,768,3264,0.9,1,2.5676842762179858e-06,4,0.00012924931365236033,0.00014038459964049903,1
1.5429034261397359e-06,6.281449448873431e-05,21738,0,3f4859c5e27e416ab37853c9c1d575234e58e18abcc7bf092b869157960e6b2f,131072,asterix,21738,195642,202608056131,96,196608,8,768,960,1.0,1,6.27709963150321e-06,4,0.00031997195611268035,6.198573889314477e-05,1
1.5230698613110438e-06,6.156002382508679e-05,21730,8,3f4859c5e27e416ab37853c9c1d575234e58e18abcc7bf092b869157960e6b2f,131072,asterix,21738,195642,202608056131,96,196608,8,768,960,1.0,1,6.216202862529442e-06,4,0.00031683540058519214,6.058907195544915e-05,1
2.6943320188930375e-06,0.00013797293862476788,11816,0,3f4859c5e27e416ab37853c9c1d575234e58e18abcc7bf092b869157960e6b2f,131072,asterix,11816,389928,202608056131,96,393216,32,768,3264,1.0,1,2.6101333067699505e-06,4,0.0001305340402512795,0.0001421297943518633,1
2.649717110470039e-06,0.0001363397839587994,11808,8,3f4859c5e27e416ab37853c9c1d575234e58e18abcc7bf092b869157960e6b2f,131072,asterix,11816,389928,202608056131,96,393216,32,768,3264,1.0,1,2.5676842762179858e-06,4,0.00012924931365236033,0.00014038459964049903,1
2.291435959738032e-07,1.0931882950472186e-05,8144,0,3f4859c5e27e416ab37853c9c1d575234e58e18abcc7bf092b869157960e6b2f,131072,asterix,130304,195456,202608056132,0,196608,8,768,960,0.0,16,8.219711570631995e-08,4,1.3531537710292965e-06,1.1771149876580532e-05,16
2.2560123981789526e-07,1.0737336560270114e-05,8136,8,3f4859c5e27e416ab37853c9c1d575234e58e18abcc7bf092b869157960e6b2f,131072,asterix,130304,195456,202608056132,0,196608,8,768,960,0.0,16,8.336484652560872e-08,4,1.4004744507720598e-06,1.1627762519192325e-05,16
2.216227311420793e-07,1.0557009235247377e-05,8124,0,3f4859c5e27e416ab37853c9c1d575234e58e18abcc7bf092b869157960e6b2f,131072,asterix,129984,389952,202608056132,0,393216,32,768,3264,0.0,16,3.7039697131554387e-07,4,1.61094810469161e-05,1.1771149876580532e-05,16
2.1866623222827985e-07,1.0395318184168926e-05,8116,8,3f4859c5e27e416ab37853c9c1d575234e58e18abcc7bf092b869157960e6b2f,131072,asterix,129984,389952,202608056132,0,393216,32,768,3264,0.0,16,3.673811004378576e-07,4,1.6053628741552563e-05,1.1627762519192325e-05,16
5.575983155433701e-07,2.745034478913489e-05,8144,0,3f4859c5e27e416ab37853c9c1d575234e58e18abcc7bf092b869157960e6b2f,131072,asterix,130304,195456,202608056132,9,196608,8,768,960,0.1,16,8.219711570631995e-08,4,1.3531537710292965e-06,2.794168969837137e-05,16
5.555339262075456e-07,2.732886794844611e-05,8136,8,3f4859c5e27e416ab37853c9c1d575234e58e18abcc7bf092b869157960e6b2f,131072,asterix,130304,195456,202608056132,9,196608,8,768,960,0.1,16,8.336484652560872e-08,4,1.4004744507720598e-06,2.771001439193185e-05,16
5.5491176859354e-07,2.7383240646980067e-05,8124,0,3f4859c5e27e416ab37853c9c1d575234e58e18abcc7bf092b869157960e6b2f,131072,asterix,129984,389952,202608056132,9,393216,32,768,3264,0.1,16,3.7039697131554387e-07,4,1.61094810469161e-05,2.794168969837137e-05,16
5.541348209843124e-07,2.7340545615160243e-05,8116,8,3f4859c5e27e416ab37853c9c1d575234e58e18abcc7bf092b869157960e6b2f,131072,asterix,129984,389952,202608056132,9,393216,32,768,3264,0.1,16,3.673811004378576e-07,4,1.6053628741552563e-05,2.771001439193185e-05,16
1.6479733351043093e-07,6.043052471898196e-07,16304,0,3f4859c5e27e416ab37853c9c1d575234e58e18abcc7bf092b869157960e6b2f,131072,asterix,65216,195648,202608056132,26,196608,8,768,960,0.3,4,1.7228878677385704e-07,4,6.676159203372173e-07,6.676159203372173e-07,4
1.5581234855973802e-07,6.051382573117842e-07,16296,8,3f4859c5e27e416ab37853c9c1d575234e58e18abcc7bf092b869157960e6b2f,131072,asterix,65216,195648,202608056132,26,196608,8,768,960,0.3,4,1.6311063387400526e-07,4,6.667793028918556e-07,6.667793028918556e-07,4
5.238037030962551e-07,2.3292500623202913e-05,8124,0,3f4859c5e27e416ab37853c9c1d575234e58e18abcc7bf092b869157960e6b2f,131072,asterix,129984,389952,202608056132,26,393216,32,768,3264,0.3,16,6.063021427522283e-07,4,1.8632560850962668e-05,2.3736988427904952e-05,16
5.075009773571651e-07,2.237228547886397e-05,8116,8,3f4859c5e27e416ab37853c9c1d575234e58e18abcc7bf092b869157960e6b2f,131072,asterix,129984,389952,202608056132,26,393216,32,768,3264,0.3,16,5.740093843476716e-07,4,1.767769690361589e-05,2.2610284581100047e-05,16
4.5759295810243317e-07,1.5261809934503063e-05,16304,0,3f4859c5e27e416ab37853c9c1d575234e58e18abcc7bf092b869157960e6b2f,131072,asterix,65216,195648,202608056132,35,196608,8,768,960,0.5,4,4.383425080662092e-07,4,1.4233919468994167e-05,1.4233919468994167e-05,4
4.4992654730455935e-07,1.5414766689855542e-05,16296,8,3f4859c5e27e416ab37853c9c1d575234e58e18abcc7bf092b869157960e6b2f,131072,asterix,65216,195648,202608056132,35,196608,8,768,960,0.5,4,4.285072413808092e-07,4,1.4313257923867804e-05,1.4313257923867804e-05,4
1.4515921313399865e-06,6.772217428525954e-05,10832,0,3f4859c5e27e416ab37853c9c1d575234e58e18abcc7bf092b869157960e6b2f,131072,asterix,43328,389952,202608056132,35,393216,32,768,3264,0.5,4,1.5831321215647396e-06,4,7.446496833366871e-05,7.446496833366871e-05,4
1.4089851162812223e-06,6.597435313979937e-05,10824,8,3f4859c5e27e416ab37853c9c1d575234e58e18abcc7bf092b869157960e6b2f,131072,asterix,43328,389952,202608056132,35,393216,32,768,3264,0.5,4,1.5416901057962076e-06,4,7.276824158689311e-05,7.276824158689311e-05,4
3.9649609722022434e-07,1.365548016647843e-06,21738,0,3f4859c5e27e416ab37853c9c1d575234e58e18abcc7bf092b869157960e6b2f,131072,asterix,21738,195642,202608056132,73,196608,8,768,960,0.7,1,3.412760777401517e-07,4,6.749937259687109e-06,1.3369948172134997e-06,1
4.0038484180285205e-07,1.3781408219485794e-06,21730,8,3f4859c5e27e416ab37853c9c1d575234e58e18abcc7bf092b869157960e6b2f,131072,asterix,21738,195642,202608056132,73,196608,8,768,960,0.7,1,3.2249174267333973e-07,4,6.83271093502746e-06,1.3510619661290647e-06,1
9.977644941624376e-07,3.7784072057903626e-05,10832,0,3f4859c5e27e416ab37853c9c1d575234e58e18abcc7bf092b869157960e6b2f,131072,asterix,43328,389952,202608056132,73,393216,32,768,3264,0.7,4,1.1075938357438872e-06,4,4.3850152723966396e-05,4.3850152723966396e-05,4
9.298307410187925e-07,3.560495716267466e-05,10824,8,3f4859c5e27e416ab37853c9c1d575234e58e18abcc7bf092b869157960e6b2f,131072,asterix,43328,389952,202608056132,73,393216,32,768,3264,0.7,4,1.0382138139543557e-06,4,4.161939372980221e-05,4.161939372980221e-05,4
3.9649609722022434e-07,1.365548016647843e-06,21738,0,3f4859c5e27e416ab37853c9c1d575234e58e18abcc7bf092b869157960e6b2f,131072,asterix,21738,195642,202608056132,89,196608,8,768,960,0.9,1,3.412760777401517e-07,4,6.749937259687109e-06,1.3369948172134997e-06,1
4.0038484180285205e-07,1.3781408219485794e-06,21730,8,3f4859c5e27e416ab37853c9c1d575234e58e18abcc7bf092b869157960e6b2f,131072,asterix,21738,195642,202608056132,89,196608,8,768,960,0.9,1,3.2249174267333973e-07,4,6.83271093502746e-06,1.3510619661290647e-06,1
8.114364427648479e-07,3.430416490451207e-05,11816,0,3f4859c5e27e416ab37853c9c1d575234e58e18abcc7bf092b869157960e6b2f,131072,asterix,11816,389928,202608056132,89,393216,32,768,3264,0.9,1,1.1075938357438872e-06,4,4.3850152723966396e-05,3.2952672139662794e-05,1
7.748928223807837e-07,3.3634926831414605e-05,11808,8,3f4859c5e27e416ab37853c9c1d575234e58e18abcc7bf092b869157960e6b2f,131072,asterix,11816,389928,202608056132,89,393216,32,768,3264,0.9,1,1.0382138139543557e-06,4,4.161939372980221e-05,3.178028314370394e-05,1
3.9649609722022434e-07,1.365548016647843e-06,21738,0,3f4859c5e27e416ab37853c9c1d575234e58e18abcc7bf092b869157960e6b2f,131072,asterix,21738,195642,202608056132,96,196608,8,768,960,1.0,1,3.412760777401517e-07,4,6.749937259687109e-06,1.3369948172134997e-06,1
4.0038484180285205e-07,1.3781408219485794e-06,21730,8,3f4859c5e27e416ab37853c9c1d575234e58e18abcc7bf092b869157960e6b2f,131072,asterix,21738,195642,202608056132,96,196608,8,768,960,1.0,1,3.2249174267333973e-07,4,6.83271093502746e-06,1.3510619661290647e-06,1
8.114364427648479e-07,3.430416490451207e-05,11816,0,3f4859c5e27e416ab37853c9c1d575234e58e18abcc7bf092b869157960e6b2f,131072,asterix,11816,389928,202608056132,96,393216,32,768,3264,1.0,1,1.1075938357438872e-06,4,4.3850152723966396e-05,3.2952672139662794e-05,1
7.748928223807837e-07,3.3634926831414605e-05,11808,8,3f4859c5e27e416ab37853c9c1d575234e58e18abcc7bf092b869157960e6b2f,131072,asterix,11816,389928,202608056132,96,393216,32,768,3264,1.0,1,1.0382138139543557e-06,4,4.161939372980221e-05,3.178028314370394e-05,1
5.510284415353899e-07,2.8495908749362957e-06,8144,0,6c3869c803a48cd9e520a4c06b6a0c22580338dba337748124010a0ad0cb9410,131072,breakout,130304,195456,202608056101,0,196608,8,768,960,0.0,16,1.621515603693339e-06,4,1.7449642027594864e-05,3.01721765694696e-06,16
5.588128194436351e-07,3.0356069435692765e-06,8136,8,6c3869c803a48cd9e520a4c06b6a0c22580338dba337748124010a0ad0cb9410,131072,breakout,130304,195456,202608056101,0,196608,8,768,960,0.0,16,1.6884065295970056e-06,4,1.9232278093952856e-05,3.220960244894682e-06,16
5.544100744086961e-07,2.8179165070964627e-06,8124,0,6c3869c803a48cd9e520a4c06b6a0c22580338dba337748124010a0ad0cb9410,131072,breakout,129984,389952,202608056101,0,393216,32,768,3264,0.0,16,3.449676216541096e-06,4,7.548990864597947e-05,3.01721765694696e-06,16
5.637634307755642e-07,2.999563647988066e-06,8116,8,6c3869c803a48cd9e520a4c06b6a0c22580338dba337748124010a0ad0cb9410,131072,breakout,129984,389952,202608056101,0,393216,32,768,3264,0.0,16,3.6839609077659257e-06,4,8.060267263009936e-05,3.220960244894682e-06,16
1.6125549602130969e-06,3.380825445430834e-05,8144,0,6c3869c803a48cd9e520a4c06b6a0c22580338dba337748124010a0ad0cb9410,131072,breakout,130304,195456,202608056101,4,196608,8,768,960,0.1,16,1.350206687307649e-06,4,7.711879526916205e-06,3.452134277640622e-05,16
1.6780835692421977e-06,3.5606738428069455e-05,8136,8,6c3869c803a48cd9e520a4c06b6a0c22580338dba337748124010a0ad0cb9410,131072,breakout,130304,195456,202608056101,4,196608,8,768,960,0.1,16,1.3740147685319446e-06,4,8.513782829190004e-06,3.589005343105524e-05,16
1.6501856052635603e-06,3.461186974120774e-05,8124,0,6c3869c803a48cd9e520a4c06b6a0c22580338dba337748124010a0ad0cb9410,131072,breakout,129984,389952,202608056101,4,393216,32,768,3264,0.1,16,3.1575133339067744e-06,4,6.609532500457243e-05,3.452134277640622e-05,16
1.7274266651492538e-06,3.6725243680087866e-05,8116,8,6c3869c803a48cd9e520a4c06b6a0c22580338dba337748124010a0ad0cb9410,131072,breakout,129984,389952,202608056101,4,393216,32,768,3264,0.1,16,3.280827195161181e-06,4,6.884578514194084e-05,3.589005343105524e-05,16
2.6180473166034325e-06,3.001005927523189e-05,16304,0,6c3869c803a48cd9e520a4c06b6a0c22580338dba337748124010a0ad0cb9410,131072,breakout,65216,195648,202608056101,27,196608,8,768,960,0.3,4,2.5635427193339154e-06,4,3.3174847349381495e-05,3.3174847349381495e-05,4
2.327693518059855e-06,2.2296178284820722e-05,16296,8,6c3869c803a48cd9e520a4c06b6a0c22580338dba337748124010a0ad0cb9410,131072,breakout,65216,195648,202608056101,27,196608,8,768,960,0.3,4,2.2447105940324612e-06,4,2.45868177976397e-05,2.45868177976397e-05,4
6.494317218916383e-06,0.00014760087869726952,8124,0,6c3869c803a48cd9e520a4c06b6a0c22580338dba337748124010a0ad0cb9410,131072,breakout,129984,389952,202608056101,27,393216,32,768,3264,0.3,16,5.538684810766146e-06,4,6.182962442292059e-05,0.00013748283451801851,16
6.910414949851103e-06,0.00015936837219364804,8116,8,6c3869c803a48cd9e520a4c06b6a0c22580338dba337748124010a0ad0cb9410,131072,breakout,129984,389952,202608056101,27,393216,32,768,3264,0.3,16,5.88035107993709e-06,4,7.436101659713056e-05,0.0001452844525032562,16
1.935634768307691e-06,1.4632659972875413e-05,16304,0,6c3869c803a48cd9e520a4c06b6a0c22580338dba337748124010a0ad0cb9410,131072,breakout,65216,195648,202608056101,50,196608,8,768,960,0.5,4,1.8819046942118836e-06,4,1.6898166099292797e-05,1.6898166099292797e-05,4
1.8659285443645407e-06,1.2406052447923196e-05,16296,8,6c3869c803a48cd9e520a4c06b6a0c22580338dba337748124010a0ad0cb9410,131072,breakout,65216,195648,202608056101,50,196608,8,768,960,0.5,4,1.7957574158458207e-06,4,1.427163587811936e-05,1.427163587811936e-05,4
3.5683692277120823e-06,3.2315463190848996e-05,10832,0,6c3869c803a48cd9e520a4c06b6a0c22580338dba337748124010a0ad0cb9410,131072,breakout,43328,389952,202608056101,50,393216,32,768,3264,0.5,4,3.8303678754125985e-06,4,3.548905866767569e-05,3.548905866767569e-05,4
3.687247067833914e-06,3.644874966220607e-05,10824,8,6c3869c803a48cd9e520a4c06b6a0c22580338dba337748124010a0ad0cb9410,131072,breakout,43328,389952,202608056101,50,393216,32,768,3264,0.5,4,3.9971619968167145e-06,4,4.0826241189778244e-05,4.0826241189778244e-05,4
1.3969412240710677e-06,1.4545696806210583e-05,21738,0,6c3869c803a48cd9e520a4c06b6a0c22580338dba337748124010a0ad0cb9410,131072,breakout,21738,195642,202608056101,69,196608,8,768,960,0.7,1,1.2424047546354001e-06,4,1.3211134164654766e-05,1.5333891064082902e-05,1
1.2130655125614375e-06,9.250130787047694e-06,21730,8,6c3869c803a48cd9e520a4c06b6a0c22580338dba337748124010a0ad0cb9410,131072,breakout,21738,195642,202608056101,69,196608,8,768,960,0.7,1,1.1236272583905444e-06,4,9.724237533661777e-06,9.732562176727233e-06,1
2.6867843898535423e-06,3.9379193009180704e-05,10832,0,6c3869c803a48cd9e520a4c06b6a0c22580338dba337748124010a0ad0cb9410,131072,breakout,43328,389952,202608056101,69,393216,32,768,3264,0.7,4,2.894589934996462e-06,4,4.2834936793060784e-05,4.2834936793060784e-05,4
2.864491975054176e-06,4.4665390891388634e-05,10824,8,6c3869c803a48cd9e520a4c06b6a0c22580338dba337748124010a0ad0cb9410,131072,breakout,43328,389952,202608056101,69,393216,32,768,3264,0.7,4,3.1079986740987943e-06,4,4.9138415176156634e-05,4.9138415176156634e-05,4
1.3969412240710677e-06,1.4545696806210583e-05,21738,0,6c3869c803a48cd9e520a4c06b6a0c22580338dba337748124010a0ad0cb9410,131072,breakout,21738,195642,202608056101,87,196608,8,768,960,0.9,1,2.5635427193339154e-06,4,3.3174847349381495e-05,1.5333891064082902e-05,1
1.2130655125614375e-06,9.250130787047694e-06,21730,8,6c3869c803a48cd9e520a4c06b6a0c22580338dba337748124010a0ad0cb9410,131072,breakout,21738,195642,202608056101,87,196608,8,768,960,0.9,1,2.2447105940324612e-06,4,2.45868177976397e-05,9.732562176727233e-06,1
3.0662843310287616e-06,2.1983883595456954e-05,11816,0,6c3869c803a48cd9e520a4c06b6a0c22580338dba337748124010a0ad0cb9410,131072,breakout,11816,389928,202608056101,87,393216,32,768,3264,0.9,1,5.538684810766146e-06,4,6.182962442292059e-05,2.126785636925291e-05,1
3.3009480467410713e-06,2.8046546797622516e-05,11808,8,6c3869c803a48cd9e520a4c06b6a0c22580338dba337748124010a0ad0cb9410,131072,breakout,11816,389928,202608056101,87,393216,32,768,3264,0.9,1,5.88035107993709e-06,4,7.436101659713056e-05,2.7475919405540355e-05,1
1.3969412240710677e-06,1.4545696806210583e-05,21738,0,6c3869c803a48cd9e520a4c06b6a0c22580338dba337748124010a0ad0cb9410,131072,breakout,21738,195642,202608056101,96,196608,8,768,960,1.0,1,2.5635427193339154e-06,4,3.3174847349381495e-05,1.5333891064082902e-05,1
1.2130655125614375e-06,9.250130787047694e-06,21730,8,6c3869c803a48cd9e520a4c06b6a0c22580338dba337748124010a0ad0cb9410,131072,breakout,21738,195642,202608056101,96,196608,8,768,960,1.0,1,2.2447105940324612e-06,4,2.45868177976397e-05,9.732562176727233e-06,1
3.0662843310287616e-06,2.1983883595456954e-05,11816,0,6c3869c803a48cd9e520a4c06b6a0c22580338dba337748124010a0ad0cb9410,131072,breakout,11816,389928,202608056101,96,393216,32,768,3264,1.0,1,5.538684810766146e-06,4,6.182962442292059e-05,2.126785636925291e-05,1
3.3009480467410713e-06,2.8046546797622516e-05,11808,8,6c3869c803a48cd9e520a4c06b6a0c22580338dba337748124010a0ad0cb9410,131072,breakout,11816,389928,202608056101,96,393216,32,768,3264,1.0,1,5.88035107993709e-06,4,7.436101659713056e-05,2.7475919405540355e-05,1
2.567018953699582e-07,1.1969539772456353e-06,8144,0,6c3869c803a48cd9e520a4c06b6a0c22580338dba337748124010a0ad0cb9410,131072,breakout,130304,195456,202608056102,0,196608,8,768,960,0.0,16,1.2877343556688722e-06,4,4.446017526944765e-06,1.1914599145935543e-06,16
2.6455116175683913e-07,1.361366202737177e-06,8136,8,6c3869c803a48cd9e520a4c06b6a0c22580338dba337748124010a0ad0cb9410,131072,breakout,130304,195456,202608056102,0,196608,8,768,960,0.0,16,1.3131373960181304e-06,4,4.462751318920912e-06,1.3311874649661064e-06,16
2.5871852196035437e-07,1.2027042121619666e-06,8124,0,6c3869c803a48cd9e520a4c06b6a0c22580338dba337748124010a0ad0cb9410,131072,breakout,129984,389952,202608056102,0,393216,32,768,3264,0.0,16,2.647729699957371e-06,4,9.867732184072778e-06,1.1914599145935543e-06,16
2.638456033157139e-07,1.3473564349865363e-06,8116,8,6c3869c803a48cd9e520a4c06b6a0c22580338dba337748124010a0ad0cb9410,131072,breakout,129984,389952,202608056102,0,393216,32,768,3264,0.0,16,2.63004327949822e-06,4,1.0159914406502205e-05,1.3311874649661064e-06,16
6.26237893023917e-07,3.944236580745e-06,8144,0,6c3869c803a48cd9e520a4c06b6a0c22580338dba337748124010a0ad0cb9410,131072,breakout,130304,195456,202608056102,6,196608,8,768,960,0.1,16,1.2874062506503044e-06,4,8.05791085708473e-06,3.57377571181952e-06,16
6.444086228148266e-07,4.424541041626043e-06,8136,8,6c3869c803a48cd9e520a4c06b6a0c22580338dba337748124010a0ad0cb9410,131072,breakout,130304,195456,202608056102,6,196608,8,768,960,0.1,16,1.323202111286354e-06,4,8.946493782319839e-06,4.029606519954365e-06,16
6.337067948220923e-07,4.008240655302832e-06,8124,0,6c3869c803a48cd9e520a4c06b6a0c22580338dba337748124010a0ad0cb9410,131072,breakout,129984,389952,202608056102,6,393216,32,768,3264,0.1,16,2.047325587432804e-06,4,1.4331914264660161e-05,3.57377571181952e-06,16
6.522652602046814e-07,4.517146200941373e-06,8116,8,6c3869c803a48cd9e520a4c06b6a0c22580338dba337748124010a0ad0cb9410,131072,breakout,129984,389952,202608056102,6,393216,32,768,3264,0.1,16,2.0720930056997064e-06,4,1.4835507538292331e-05,4.029606519954365e-06,16
1.2988601317504272e-06,1.1101893279675192e-05,16304,0,6c3869c803a48cd9e520a4c06b6a0c22580338dba337748124010a0ad0cb9410,131072,breakout,65216,195648,202608056102,29,196608,8,768,960,0.3,4,1.1433964969958532e-06,4,8.401333041556858e-06,8.401333041556858e-06,4
1.1748106048772802e-06,7.766138168402907e-06,16296,8,6c3869c803a48cd9e520a4c06b6a0c22580338dba337748124010a0ad0cb9410,131072,breakout,65216,195648,202608056102,29,196608,8,768,960,0.3,4,1.0421628059822709e-06,4,5.774193521204474e-06,5.774193521204474e-06,4
9.362044584468121e-07,1.115702986300445e-05,8124,0,6c3869c803a48cd9e520a4c06b6a0c22580338dba337748124010a0ad0cb9410,131072,breakout,129984,389952,202608056102,29,393216,32,768,3264,0.3,16,2.636850586896739e-06,4,3.852788029418266e-05,1.3095168864704525e-05,16
8.586010398945181e-07,8.910138430513071e-06,8116,8,6c3869c803a48cd9e520a4c06b6a0c22580338dba337748124010a0ad0cb9410,131072,breakout,129984,389952,202608056102,29,393216,32,768,3264,0.3,16,2.484979252642916e-06,4,3.3622885542324064e-05,1.0770717398445555e-05,16
1.7955147679538107e-06,1.683943274932905e-05,16304,0,6c3869c803a48cd9e520a4c06b6a0c22580338dba337748124010a0ad0cb9410,131072,breakout,65216,195648,202608056102,59,196608,8,768,960,0.5,4,1.5945925246224065e-06,4,1.3435019067624894e-05,1.3435019067624894e-05,4
1.5219137723968222e-06,9.978601943786062e-06,16296,8,6c3869c803a48cd9e520a4c06b6a0c22580338dba337748124010a0ad0cb9410,131072,breakout,65216,195648,202608056102,59,196608,8,768,960,0.5,4,1.365093908842992e-06,4,7.710822642874401e-06,7.710822642874401e-06,4
4.594798511827167e-06,3.798624053264562e-05,10832,0,6c3869c803a48cd9e520a4c06b6a0c22580338dba337748124010a0ad0cb9410,131072,breakout,43328,389952,202608056102,59,393216,32,768,3264,0.5,4,4.761539779851478e-06,4,4.154463610203083e-05,4.154463610203083e-05,4
4.32291295725419e-06,3.096006903235454e-05,10824,8,6c3869c803a48cd9e520a4c06b6a0c22580338dba337748124010a0ad0cb9410,131072,breakout,43328,389952,202608056102,59,393216,32,768,3264,0.5,4,4.48308095869932e-06,4,3.388829075764503e-05,3.388829075764503e-05,4
7.918282060782077e-06,0.0001235854299193086,21738,0,6c3869c803a48cd9e520a4c06b6a0c22580338dba337748124010a0ad0cb9410,131072,breakout,21738,195642,202608056102,71,196608,8,768,960,0.7,1,1.9383364991403217e-06,4,2.9410612692189984e-05,0.00012049110322361464,1
7.532861333904386e-06,0.00010867083469227029,21730,8,6c3869c803a48cd9e520a4c06b6a0c22580338dba337748124010a0ad0cb9410,131072,breakout,21738,195642,202608056102,71,196608,8,768,960,0.7,1,1.6487291114422882e-06,4,2.2367790651364808e-05,0.00010540706449948025,1
4.401646964979085e-06,5.8259789829268326e-05,10832,0,6c3869c803a48cd9e520a4c06b6a0c22580338dba337748124010a0ad0cb9410,131072,breakout,43328,389952,202608056102,71,393216,32,768,3264,0.7,4,4.418596857137357e-06,4,5.8974420988081914e-05,5.8974420988081914e-05,4
4.115606786069969e-06,5.1327389719399606e-05,10824,8,6c3869c803a48cd9e520a4c06b6a0c22580338dba337748124010a0ad0cb9410,131072,breakout,43328,389952,202608056102,71,393216,32,768,3264,0.7,4,4.1450881596303385e-06,4,5.187668547849294e-05,5.187668547849294e-05,4
1.6770169168728606e-06,8.970775898461412e-06,21738,0,6c3869c803a48cd9e520a4c06b6a0c22580338dba337748124010a0ad0cb9410,131072,breakout,21738,195642,202608056102,87,196608,8,768,960,0.9,1,1.5945925246224065e-06,4,1.3435019067624894e-05,7.964735087444975e-06,1
1.5054565325901983e-06,5.851949385023059e-06,21730,8,6c3869c803a48cd9e520a4c06b6a0c22580338dba337748124010a0ad0cb9410,131072,breakout,21738,195642,202608056102,87,196608,8,768,960,0.9,1,1.365093908842992e-06,4,7.710822642874401e-06,5.364819179358391e-06,1
5.550392867669473e-06,3.1893586753481124e-05,11816,0,6c3869c803a48cd9e520a4c06b6a0c22580338dba337748124010a0ad0cb9410,131072,breakout,11816,389928,202608056102,87,393216,32,768,3264,0.9,1,4.761539779851478e-06,4,4.154463610203083e-05,2.3976896008170205e-05,1
5.3441481703774195e-06,2.5732318142498474e-05,11808,8,6c3869c803a48cd9e520a4c06b6a0c22580338dba337748124010a0ad0cb9410,131072,breakout,11816,389928,202608056102,87,393216,32,768,3264,0.9,1,4.48308095869932e-06,4,3.388829075764503e-05,1.9483992515306805e-05,1
1.6770169168728606e-06,8.970775898461412e-06,21738,0,6c3869c803a48cd9e520a4c06b6a0c22580338dba337748124010a0ad0cb9410,131072,breakout,21738,195642,202608056102,96,196608,8,768,960,1.0,1,1.5945925246224065e-06,4,1.3435019067624894e-05,7.964735087444975e-06,1
1.5054565325901983e-06,5.851949385023059e-06,21730,8,6c3869c803a48cd9e520a4c06b6a0c22580338dba337748124010a0ad0cb9410,131072,breakout,21738,195642,202608056102,96,196608,8,768,960,1.0,1,1.365093908842992e-06,4,7.710822642874401e-06,5.364819179358391e-06,1
5.550392867669473e-06,3.1893586753481124e-05,11816,0,6c3869c803a48cd9e520a4c06b6a0c22580338dba337748124010a0ad0cb9410,131072,breakout,11816,389928,202608056102,96,393216,32,768,3264,1.0,1,4.761539779851478e-06,4,4.154463610203083e-05,2.3976896008170205e-05,1
5.3441481703774195e-06,2.5732318142498474e-05,11808,8,6c3869c803a48cd9e520a4c06b6a0c22580338dba337748124010a0ad0cb9410,131072,breakout,11816,389928,202608056102,96,393216,32,768,3264,1.0,1,4.48308095869932e-06,4,3.388829075764503e-05,1.9483992515306805e-05,1
4.3025044419463134e-07,6.279953709007145e-06,8144,0,6c3869c803a48cd9e520a4c06b6a0c22580338dba337748124010a0ad0cb9410,131072,breakout,130304,195456,202608056103,0,196608,8,768,960,0.0,16,1.0400587367111875e-06,4,1.9944995798193427e-05,5.927599474129592e-06,16
4.405797357529224e-07,6.529759925168471e-06,8136,8,6c3869c803a48cd9e520a4c06b6a0c22580338dba337748124010a0ad0cb9410,131072,breakout,130304,195456,202608056103,0,196608,8,768,960,0.0,16,1.1226223312477915e-06,4,2.2127751366594915e-05,6.0817922150327465e-06,16
4.4082216923157847e-07,6.376773608541879e-06,8124,0,6c3869c803a48cd9e520a4c06b6a0c22580338dba337748124010a0ad0cb9410,131072,breakout,129984,389952,202608056103,0,393216,32,768,3264,0.0,16,1.743370529338434e-06,4,3.979319103380197e-05,5.927599474129592e-06,16
4.45872099292092e-07,6.512331920748751e-06,8116,8,6c3869c803a48cd9e520a4c06b6a0c22580338dba337748124010a0ad0cb9410,131072,breakout,129984,389952,202608056103,0,393216,32,768,3264,0.0,16,1.9094214339489137e-06,4,4.384581354746425e-05,6.0817922150327465e-06,16
1.900092365879016e-06,3.504445550376351e-05,8144,0,6c3869c803a48cd9e520a4c06b6a0c22580338dba337748124010a0ad0cb9410,131072,breakout,130304,195456,202608056103,9,196608,8,768,960,0.1,16,1.2974839715898285e-06,4,2.379575946916146e-05,2.9953165294192653e-05,16
1.903479281885671e-06,3.454626862337826e-05,8136,8,6c3869c803a48cd9e520a4c06b6a0c22580338dba337748124010a0ad0cb9410,131072,breakout,130304,195456,202608056103,9,196608,8,768,960,0.1,16,1.5575109935323082e-06,4,3.126688652210614e-05,2.9334579820160354e-05,16
1.963552555716901e-06,3.7613354292488245e-05,8124,0,6c3869c803a48cd9e520a4c06b6a0c22580338dba337748124010a0ad0cb9410,131072,breakout,129984,389952,202608056103,9,393216,32,768,3264,0.1,16,2.837042243873048e-06,4,1.7096960314149124e-05,2.9953165294192653e-05,16
1.963452761531539e-06,3.712699024248287e-05,8116,8,6c3869c803a48cd9e520a4c06b6a0c22580338dba337748124010a0ad0cb9410,131072,breakout,129984,389952,202608056103,9,393216,32,768,3264,0.1,16,2.7111989843205987e-06,4,1.3197732087735935e-05,2.9334579820160354e-05,16
1.9643805304549254e-06,4.969705424180073e-05,16304,0,6c3869c803a48cd9e520a4c06b6a0c22580338dba337748124010a0ad0cb9410,131072,breakout,65216,195648,202608056103,27,196608,8,768,960,0.3,4,1.8431381795862568e-06,4,4.620927583576886e-05,4.620927583576886e-05,4
2.3852947013143204e-06,6.103779137699167e-05,16296,8,6c3869c803a48cd9e520a4c06b6a0c22580338dba337748124010a0ad0cb9410,131072,breakout,65216,195648,202608056103,27,196608,8,768,960,0.3,4,2.2405834393339393e-06,4,5.703838192833594e-05,5.703838192833594e-05,4
1.1010890070122186e-05,0.0001896164422478333,8124,0,6c3869c803a48cd9e520a4c06b6a0c22580338dba337748124010a0ad0cb9410,131072,breakout,129984,389952,202608056103,27,393216,32,768,3264,0.3,16,2.4540872939394086e-06,4,1.873493872197571e-05,0.0001612039515731485,16
1.109646863625057e-05,0.0001869760589156148,8116,8,6c3869c803a48cd9e520a4c06b6a0c22580338dba337748124010a0ad0cb9410,131072,breakout,129984,389952,202608056103,27,393216,32,768,3264,0.3,16,2.39479213668988e-06,4,1.6336495795432532e-05,0.00015807043073275516,16
5.832756247352106e-07,1.3424643550571762e-05,16304,0,6c3869c803a48cd9e520a4c06b6a0c22580338dba337748124010a0ad0cb9410,131072,breakout,65216,195648,202608056103,50,196608,8,768,960,0.5,4,5.250222647626659e-07,4,1.1788849076287118e-05,1.1788849076287118e-05,4
7.82504282906961e-07,1.891467052441738e-05,16296,8,6c3869c803a48cd9e520a4c06b6a0c22580338dba337748124010a0ad0cb9410,131072,breakout,65216,195648,202608056103,50,196608,8,768,960,0.5,4,7.021542198132178e-07,4,1.672300072954553e-05,1.672300072954553e-05,4
2.781855500922929e-06,1.6482950056173868e-05,10832,0,6c3869c803a48cd9e520a4c06b6a0c22580338dba337748124010a0ad0cb9410,131072,breakout,43328,389952,202608056103,50,393216,32,768,3264,0.5,4,2.991267384183374e-06,4,2.0547452533434843e-05,2.0547452533434843e-05,4
2.74613672497842e-06,1.4741576023148042e-05,10824,8,6c3869c803a48cd9e520a4c06b6a0c22580338dba337748124010a0ad0cb9410,131072,breakout,43328,389952,202608056103,50,393216,32,768,3264,0.5,4,2.945816701948789e-06,4,1.8097719515885318e-05,1.8097719515885318e-05,4
1.4879530092374804e-06,3.588405352578461e-05,16304,0,6c3869c803a48cd9e520a4c06b6a0c22580338dba337748124010a0ad0cb9410,131072,breakout,65216,195648,202608056103,62,196608,8,768,960,0.7,4,1.1959275840511284e-06,4,2.857567721402849e-05,3.3026260527893182e-06,1
1.9087561614202287e-06,4.706051286644583e-05,16296,8,6c3869c803a48cd9e520a4c06b6a0c22580338dba337748124010a0ad0cb9410,131072,breakout,65216,195648,202608056103,62,196608,8,768,960,0.7,4,1.5548935821658204e-06,4,3.823386677492673e-05,1.7454687643734088e-06,1
1.3950792465769504e-06,4.205889690272331e-06,10832,0,6c3869c803a48cd9e520a4c06b6a0c22580338dba337748124010a0ad0cb9410,131072,breakout,43328,389952,202608056103,62,393216,32,768,3264,0.7,4,1.4742037966790763e-06,4,4.859301676216435e-06,4.859301676216435e-06,4
1.3850784160521913e-06,4.073440329479435e-06,10824,8,6c3869c803a48cd9e520a4c06b6a0c22580338dba337748124010a0ad0cb9410,131072,breakout,43328,389952,202608056103,62,393216,32,768,3264,0.7,4,1.4567839943556375e-06,4,4.3102014656930885e-06,4.3102014656930885e-06,4
6.408557553407697e-07,4.3000117358416825e-06,21738,0,6c3869c803a48cd9e520a4c06b6a0c22580338dba337748124010a0ad0cb9410,131072,breakout,21738,195642,202608056103,79,196608,8,768,960,0.9,1,1.3823249034799055e-06,4,2.6893319518666894e-05,3.3026260527893182e-06,1
5.599964273464402e-07,2.247601915282803e-06,21730,8,6c3869c803a48cd9e520a4c06b6a0c22580338dba337748124010a0ad0cb9410,131072,breakout,21738,195642,202608056103,79,196608,8,768,960,0.9,1,1.9045700011935261e-06,4,4.166242328854047e-05,1.7454687643734088e-06,1
4.327351061806273e-06,3.9883158196696774e-05,10832,0,6c3869c803a48cd9e520a4c06b6a0c22580338dba337748124010a0ad0cb9410,131072,breakout,43328,389952,202608056103,79,393216,32,768,3264,0.9,4,4.620954493895259e-06,4,4.6093967877447806e-05,9.868918884736697e-05,1
4.020354930044625e-06,3.1293404406516514e-05,10824,8,6c3869c803a48cd9e520a4c06b6a0c22580338dba337748124010a0ad0cb9410,131072,breakout,43328,389952,202608056103,79,393216,32,768,3264,0.9,4,4.273676126202394e-06,4,3.600982249358079e-05,8.419369709872874e-05,1
6.408557553407697e-07,4.3000117358416825e-06,21738,0,6c3869c803a48cd9e520a4c06b6a0c22580338dba337748124010a0ad0cb9410,131072,breakout,21738,195642,202608056103,96,196608,8,768,960,1.0,1,1.3823249034799055e-06,4,2.6893319518666894e-05,3.3026260527893182e-06,1
5.599964273464402e-07,2.247601915282803e-06,21730,8,6c3869c803a48cd9e520a4c06b6a0c22580338dba337748124010a0ad0cb9410,131072,breakout,21738,195642,202608056103,96,196608,8,768,960,1.0,1,1.9045700011935261e-06,4,4.166242328854047e-05,1.7454687643734088e-06,1
8.638432661377257e-06,0.000103414187640413,11816,0,6c3869c803a48cd9e520a4c06b6a0c22580338dba337748124010a0ad0cb9410,131072,breakout,11816,389928,202608056103,96,393216,32,768,3264,1.0,1,4.620954493895259e-06,4,4.6093967877447806e-05,9.868918884736697e-05,1
8.13426285398555e-06,8.917325406544743e-05,11808,8,6c3869c803a48cd9e520a4c06b6a0c22580338dba337748124010a0ad0cb9410,131072,breakout,11816,389928,202608056103,96,393216,32,768,3264,1.0,1,4.273676126202394e-06,4,3.600982249358079e-05,8.419369709872874e-05,1
7.833566835570214e-07,1.4896496294769605e-05,8144,0,6c3869c803a48cd9e520a4c06b6a0c22580338dba337748124010a0ad0cb9410,131072,breakout,130304,195456,202608056104,0,196608,8,768,960,0.0,16,2.3223702252690996e-07,4,2.6191671578431756e-06,1.5816804952532258e-05,16
7.920088323429476e-07,1.5005820701938178e-05,8136,8,6c3869c803a48cd9e520a4c06b6a0c22580338dba337748124010a0ad0cb9410,131072,breakout,130304,195456,202608056104,0,196608,8,768,960,0.0,16,2.1133122824332618e-07,4,1.8870152621656106e-06,1.608600910248995e-05,16
7.778328330806852e-07,1.4552894196017047e-05,8124,0,6c3869c803a48cd9e520a4c06b6a0c22580338dba337748124010a0ad0cb9410,131072,breakout,129984,389952,202608056104,0,393216,32,768,3264,0.0,16,9.439655620045614e-07,4,5.235598290556769e-06,1.5816804952532258e-05,16
7.86606354696024e-07,1.4755067865855334e-05,8116,8,6c3869c803a48cd9e520a4c06b6a0c22580338dba337748124010a0ad0cb9410,131072,breakout,129984,389952,202608056104,0,393216,32,768,3264,0.0,16,1.0137736537290414e-06,4,6.314637809559514e-06,1.608600910248995e-05,16
3.505410100405562e-07,2.3500381482382524e-06,16304,0,6c3869c803a48cd9e520a4c06b6a0c22580338dba337748124010a0ad0cb9410,131072,breakout,65216,195648,202608056104,13,196608,8,768,960,0.1,4,3.3997234095647004e-07,4,2.137913049203201e-06,1.3937066921803347e-05,16
3.4441367126603915e-07,1.989046324401323e-06,16296,8,6c3869c803a48cd9e520a4c06b6a0c22580338dba337748124010a0ad0cb9410,131072,breakout,65216,195648,202608056104,13,196608,8,768,960,0.1,4,3.3394350682283607e-07,4,1.7675274286485829e-06,1.4317517184240237e-05,16
7.685660008750573e-07,1.4182944628286648e-05,8124,0,6c3869c803a48cd9e520a4c06b6a0c22580338dba337748124010a0ad0cb9410,131072,breakout,129984,389952,202608056104,13,393216,32,768,3264,0.1,16,8.297051463690008e-07,4,1.0153406852888925e-05,1.3937066921803347e-05,16
7.843828328483765e-07,1.4534540663187757e-05,8116,8,6c3869c803a48cd9e520a4c06b6a0c22580338dba337748124010a0ad0cb9410,131072,breakout,129984,389952,202608056104,13,393216,32,768,3264,0.1,16,8.717307341340082e-07,4,1.1432712388615866e-05,1.4317517184240237e-05,16
9.203396176882127e-07,3.940393253312258e-06,16304,0,6c3869c803a48cd9e520a4c06b6a0c22580338dba337748124010a0ad0cb9410,131072,breakout,65216,195648,202608056104,27,196608,8,768,960,0.3,4,8.460059919776149e-07,4,3.83284211416991e-06,3.83284211416991e-06,4
8.920005584812597e-07,3.5270815410574347e-06,16296,8,6c3869c803a48cd9e520a4c06b6a0c22580338dba337748124010a0ad0cb9410,131072,breakout,65216,195648,202608056104,27,196608,8,768,960,0.3,4,8.139133863780089e-07,4,3.3894494110325204e-06,3.3894494110325204e-06,4
1.1223692579193702e-06,4.493345615149412e-06,8124,0,6c3869c803a48cd9e520a4c06b6a0c22580338dba337748124010a0ad0cb9410,131072,breakout,129984,389952,202608056104,27,393216,32,768,3264,0.3,16,1.3220514459630184e-06,4,2.0042198353463583e-05,4.198820638191853e-06,16
1.1800702949075534e-06,5.858338373364549e-06,8116,8,6c3869c803a48cd9e520a4c06b6a0c22580338dba337748124010a0ad0cb9410,131072,breakout,129984,389952,202608056104,27,393216,32,768,3264,0.3,16,1.4429361070500213e-06,4,2.3091607471446338e-05,5.100893465660559e-06,16
2.094355566112969e-06,2.401870517202049e-05,16304,0,6c3869c803a48cd9e520a4c06b6a0c22580338dba337748124010a0ad0cb9410,131072,breakout,65216,195648,202608056104,42,196608,8,768,960,0.5,4,2.083964327129917e-06,4,2.452018410448913e-05,2.452018410448913e-05,4
2.0844812135839585e-06,2.2498786837102052e-05,16296,8,6c3869c803a48cd9e520a4c06b6a0c22580338dba337748124010a0ad0cb9410,131072,breakout,65216,195648,202608056104,42,196608,8,768,960,0.5,4,2.067620043588203e-06,4,2.2993690517422567e-05,2.2993690517422567e-05,4
7.13188238590564e-07,6.753289613769894e-06,10832,0,6c3869c803a48cd9e520a4c06b6a0c22580338dba337748124010a0ad0cb9410,131072,breakout,43328,389952,202608056104,42,393216,32,768,3264,0.5,4,7.760670313341973e-07,4,9.000032932692277e-06,9.000032932692277e-06,4
8.257078830559457e-07,8.768282289964143e-06,10824,8,6c3869c803a48cd9e520a4c06b6a0c22580338dba337748124010a0ad0cb9410,131072,breakout,43328,389952,202608056104,42,393216,32,768,3264,0.5,4,9.129173547836029e-07,4,1.1650412327213882e-05,1.1650412327213882e-05,4
5.606964465492505e-06,0.00012216917900034985,21738,0,6c3869c803a48cd9e520a4c06b6a0c22580338dba337748124010a0ad0cb9410,131072,breakout,21738,195642,202608056104,71,196608,8,768,960,0.7,1,2.2916758471096892e-06,4,1.377800008691603e-05,0.00011579960130008441,1
4.951258980819387e-06,0.000106135278643786,21730,8,6c3869c803a48cd9e520a4c06b6a0c22580338dba337748124010a0ad0cb9410,131072,breakout,21738,195642,202608056104,71,196608,8,768,960,0.7,1,2.170248859724455e-06,4,1.0604591995547046e-05,9.88538031183846e-05,1
2.214282317735674e-06,2.2767245167306853e-05,10832,0,6c3869c803a48cd9e520a4c06b6a0c22580338dba337748124010a0ad0cb9410,131072,breakout,43328,389952,202608056104,71,393216,32,768,3264,0.7,4,2.7256403228831544e-06,4,3.170490334933497e-05,3.170490334933497e-05,4
2.378528764299321e-06,2.8868622399151222e-05,10824,8,6c3869c803a48cd9e520a4c06b6a0c22580338dba337748124010a0ad0cb9410,131072,breakout,43328,389952,202608056104,71,393216,32,768,3264,0.7,4,2.9745694319110797e-06,4,3.9962739700430134e-05,3.9962739700430134e-05,4
5.606964465492505e-06,0.00012216917900034985,21738,0,6c3869c803a48cd9e520a4c06b6a0c22580338dba337748124010a0ad0cb9410,131072,breakout,21738,195642,202608056104,92,196608,8,768,960,0.9,1,2.2916758471096892e-06,4,1.377800008691603e-05,0.00011579960130008441,1
4.951258980819387e-06,0.000106135278643786,21730,8,6c3869c803a48cd9e520a4c06b6a0c22580338dba337748124010a0ad0cb9410,131072,breakout,21738,195642,202608056104,92,196608,8,768,960,0.9,1,2.170248859724455e-06,4,1.0604591995547046e-05,9.88538031183846e-05,1
2.308770593417962e-06,9.07065373659792e-06,11816,0,6c3869c803a48cd9e520a4c06b6a0c22580338dba337748124010a0ad0cb9410,131072,breakout,11816,389928,202608056104,92,393216,32,768,3264,0.9,1,2.7256403228831544e-06,4,3.170490334933497e-05,9.887120221399786e-06,1
2.1775834270092503e-06,7.690830227613064e-06,11808,8,6c3869c803a48cd9e520a4c06b6a0c22580338dba337748124010a0ad0cb9410,131072,breakout,11816,389928,202608056104,92,393216,32,768,3264,0.9,1,2.9745694319110797e-06,4,3.9962739700430134e-05,8.120941778026024e-06,1
5.606964465492505e-06,0.00012216917900034985,21738,0,6c3869c803a48cd9e520a4c06b6a0c22580338dba337748124010a0ad0cb9410,131072,breakout,21738,195642,202608056104,96,196608,8,768,960,1.0,1,2.2916758471096892e-06,4,1.377800008691603e-05,0.00011579960130008441,1
4.951258980819387e-06,0.000106135278643786,21730,8,6c3869c803a48cd9e520a4c06b6a0c22580338dba337748124010a0ad0cb9410,131072,breakout,21738,195642,202608056104,96,196608,8,768,960,1.0,1,2.170248859724455e-06,4,1.0604591995547046e-05,9.88538031183846e-05,1
2.308770593417962e-06,9.07065373659792e-06,11816,0,6c3869c803a48cd9e520a4c06b6a0c22580338dba337748124010a0ad0cb9410,131072,breakout,11816,389928,202608056104,96,393216,32,768,3264,1.0,1,2.7256403228831544e-06,4,3.170490334933497e-05,9.887120221399786e-06,1
2.1775834270092503e-06,7.690830227613064e-06,11808,8,6c3869c803a48cd9e520a4c06b6a0c22580338dba337748124010a0ad0cb9410,131072,breakout,11816,389928,202608056104,96,393216,32,768,3264,1.0,1,2.9745694319110797e-06,4,3.9962739700430134e-05,8.120941778026024e-06,1
4.5725650280323173e-07,9.584809837013887e-06,8144,0,6c3869c803a48cd9e520a4c06b6a0c22580338dba337748124010a0ad0cb9410,131072,breakout,130304,195456,202608056105,0,196608,8,768,960,0.0,16,1.1495494122608633e-06,4,1.448293952023205e-05,8.60943205219581e-06,16
4.7341848102058794e-07,9.917041044771784e-06,8136,8,6c3869c803a48cd9e520a4c06b6a0c22580338dba337748124010a0ad0cb9410,131072,breakout,130304,195456,202608056105,0,196608,8,768,960,0.0,16,1.1897963422153423e-06,4,1.624047968621732e-05,8.92112841216579e-06,16
4.6774796469232573e-07,9.806008677255262e-06,8124,0,6c3869c803a48cd9e520a4c06b6a0c22580338dba337748124010a0ad0cb9410,131072,breakout,129984,389952,202608056105,0,393216,32,768,3264,0.0,16,1.1802265550819968e-06,4,2.294997436751339e-05,8.60943205219581e-06,16
4.812733885807474e-07,1.0080659998233506e-05,8116,8,6c3869c803a48cd9e520a4c06b6a0c22580338dba337748124010a0ad0cb9410,131072,breakout,129984,389952,202608056105,0,393216,32,768,3264,0.0,16,1.215562194316705e-06,4,2.4147448047173636e-05,8.92112841216579e-06,16
3.86605121865994e-06,8.020744026840679e-05,8144,0,6c3869c803a48cd9e520a4c06b6a0c22580338dba337748124010a0ad0cb9410,131072,breakout,130304,195456,202608056105,6,196608,8,768,960,0.1,16,4.3593502223605185e-07,4,2.9071322957723297e-06,8.173329696120355e-05,16
3.815911397057935e-06,7.878078658366084e-05,8136,8,6c3869c803a48cd9e520a4c06b6a0c22580338dba337748124010a0ad0cb9410,131072,breakout,130304,195456,202608056105,6,196608,8,768,960,0.1,16,4.699954994601129e-07,4,4.015317652689044e-06,7.946708948896743e-05,16
3.860183779326902e-06,8.063947311283958e-05,8124,0,6c3869c803a48cd9e520a4c06b6a0c22580338dba337748124010a0ad0cb9410,131072,breakout,129984,389952,202608056105,6,393216,32,768,3264,0.1,16,3.364004907499979e-06,4,6.515818857267733e-05,8.173329696120355e-05,16
3.792622338096906e-06,7.872926891614777e-05,8116,8,6c3869c803a48cd9e520a4c06b6a0c22580338dba337748124010a0ad0cb9410,131072,breakout,129984,389952,202608056105,6,393216,32,768,3264,0.1,16,3.3406089299150234e-06,4,6.414561588085042e-05,7.946708948896743e-05,16
4.6688608663352703e-07,5.392866979479852e-06,16304,0,6c3869c803a48cd9e520a4c06b6a0c22580338dba337748124010a0ad0cb9410,131072,breakout,65216,195648,202608056105,27,196608,8,768,960,0.3,4,4.834064377856542e-07,4,5.8586478462039895e-06,5.8586478462039895e-06,4
3.494179200473312e-07,2.971778442243438e-06,16296,8,6c3869c803a48cd9e520a4c06b6a0c22580338dba337748124010a0ad0cb9410,131072,breakout,65216,195648,202608056105,27,196608,8,768,960,0.3,4,3.670035461810542e-07,4,3.4436592202567785e-06,3.4436592202567785e-06,4
1.2695927486177962e-05,0.00025566313784498927,8124,0,6c3869c803a48cd9e520a4c06b6a0c22580338dba337748124010a0ad0cb9410,131072,breakout,129984,389952,202608056105,27,393216,32,768,3264,0.3,16,7.727481786327322e-06,4,0.00017602907010133795,0.00025669555063202097,16
1.2577228196137035e-05,0.00024994479941048105,8116,8,6c3869c803a48cd9e520a4c06b6a0c22580338dba337748124010a0ad0cb9410,131072,breakout,129984,389952,202608056105,27,393216,32,768,3264,0.3,16,7.487368025131664e-06,4,0.0001684757095387606,0.00025095797633530953,16
3.635459645326524e-07,2.8938691333602843e-06,16304,0,6c3869c803a48cd9e520a4c06b6a0c22580338dba337748124010a0ad0cb9410,131072,breakout,65216,195648,202608056105,45,196608,8,768,960,0.5,4,3.2430601486815574e-07,4,2.750465000224028e-06,2.750465000224028e-06,4
2.846409267691157e-07,1.4940968458601593e-06,16296,8,6c3869c803a48cd9e520a4c06b6a0c22580338dba337748124010a0ad0cb9410,131072,breakout,65216,195648,202608056105,45,196608,8,768,960,0.5,4,2.485763625385163e-07,4,1.4160303991844109e-06,1.4160303991844109e-06,4
4.797867283550365e-06,0.00011108534661049169,10832,0,6c3869c803a48cd9e520a4c06b6a0c22580338dba337748124010a0ad0cb9410,131072,breakout,43328,389952,202608056105,45,393216,32,768,3264,0.5,4,4.918135119937119e-06,4,0.00011502924083481631,0.00011502924083481631,4
4.449918493261142e-06,0.00010193666010049283,10824,8,6c3869c803a48cd9e520a4c06b6a0c22580338dba337748124010a0ad0cb9410,131072,breakout,43328,389952,202608056105,45,393216,32,768,3264,0.5,4,4.594595427342201e-06,4,0.00010653384637239278,0.00010653384637239278,4
2.87748293536891e-06,1.524499894037467e-05,21738,0,6c3869c803a48cd9e520a4c06b6a0c22580338dba337748124010a0ad0cb9410,131072,breakout,21738,195642,202608056105,73,196608,8,768,960,0.7,1,1.022293701174112e-06,4,1.947091436917186e-05,1.35705376209479e-05,1
2.6023110636650666e-06,1.0515503836782972e-05,21730,8,6c3869c803a48cd9e520a4c06b6a0c22580338dba337748124010a0ad0cb9410,131072,breakout,21738,195642,202608056105,73,196608,8,768,960,0.7,1,7.054106515215224e-07,4,1.199172270363116e-05,9.444569290892147e-06,1
1.3149655054304843e-05,0.0003097140809608638,10832,0,6c3869c803a48cd9e520a4c06b6a0c22580338dba337748124010a0ad0cb9410,131072,breakout,43328,389952,202608056105,73,393216,32,768,3264,0.7,4,1.3595383974410027e-05,4,0.00032429511270892493,0.00032429511270892493,4
1.224755941347163e-05,0.00028565387632368064,10824,8,6c3869c803a48cd9e520a4c06b6a0c22580338dba337748124010a0ad0cb9410,131072,breakout,43328,389952,202608056105,73,393216,32,768,3264,0.7,4,1.2770149246715594e-05,4,0.00030209046745521866,0.00030209046745521866,4
2.87748293536891e-06,1.524499894037467e-05,21738,0,6c3869c803a48cd9e520a4c06b6a0c22580338dba337748124010a0ad0cb9410,131072,breakout,21738,195642,202608056105,86,196608,8,768,960,0.9,1,1.022293701174112e-06,4,1.947091436917186e-05,1.35705376209479e-05,1
2.6023110636650666e-06,1.0515503836782972e-05,21730,8,6c3869c803a48cd9e520a4c06b6a0c22580338dba337748124010a0ad0cb9410,131072,breakout,21738,195642,202608056105,86,196608,8,768,960,0.9,1,7.054106515215224e-07,4,1.199172270363116e-05,9.444569290892147e-06,1
8.261169929356184e-06,0.0001819985728094167,11816,0,6c3869c803a48cd9e520a4c06b6a0c22580338dba337748124010a0ad0cb9410,131072,breakout,11816,389928,202608056105,86,393216,32,768,3264,0.9,1,1.3595383974410027e-05,4,0.00032429511270892493,0.00015639570675495185,1
7.55383189663854e-06,0.00016320709547327128,11808,8,6c3869c803a48cd9e520a4c06b6a0c22580338dba337748124010a0ad0cb9410,131072,breakout,11816,389928,202608056105,86,393216,32,768,3264,0.9,1,1.2770149246715594e-05,4,0.00030209046745521866,0.00014142837662060165,1
2.87748293536891e-06,1.524499894037467e-05,21738,0,6c3869c803a48cd9e520a4c06b6a0c22580338dba337748124010a0ad0cb9410,131072,breakout,21738,195642,202608056105,96,196608,8,768,960,1.0,1,1.022293701174112e-06,4,1.947091436917186e-05,1.35705376209479e-05,1
2.6023110636650666e-06,1.0515503836782972e-05,21730,8,6c3869c803a48cd9e520a4c06b6a0c22580338dba337748124010a0ad0cb9410,131072,breakout,21738,195642,202608056105,96,196608,8,768,960,1.0,1,7.054106515215224e-07,4,1.199172270363116e-05,9.444569290892147e-06,1
8.261169929356184e-06,0.0001819985728094167,11816,0,6c3869c803a48cd9e520a4c06b6a0c22580338dba337748124010a0ad0cb9410,131072,breakout,11816,389928,202608056105,96,393216,32,768,3264,1.0,1,1.3595383974410027e-05,4,0.00032429511270892493,0.00015639570675495185,1
7.55383189663854e-06,0.00016320709547327128,11808,8,6c3869c803a48cd9e520a4c06b6a0c22580338dba337748124010a0ad0cb9410,131072,breakout,11816,389928,202608056105,96,393216,32,768,3264,1.0,1,1.2770149246715594e-05,4,0.00030209046745521866,0.00014142837662060165,1
3.7369282246974645e-07,5.490992554137549e-06,8144,0,6c3869c803a48cd9e520a4c06b6a0c22580338dba337748124010a0ad0cb9410,131072,breakout,130304,195456,202608056106,0,196608,8,768,960,0.0,16,7.211763429011156e-07,4,6.570064305255367e-06,4.907165818056154e-06,16
3.8467829870059005e-07,5.813856814918181e-06,8136,8,6c3869c803a48cd9e520a4c06b6a0c22580338dba337748124010a0ad0cb9410,131072,breakout,130304,195456,202608056106,0,196608,8,768,960,0.0,16,7.133709261255353e-07,4,5.8555439555752425e-06,5.230444101977658e-06,16
3.790448796734871e-07,5.690172573184604e-06,8124,0,6c3869c803a48cd9e520a4c06b6a0c22580338dba337748124010a0ad0cb9410,131072,breakout,129984,389952,202608056106,0,393216,32,768,3264,0.0,16,4.725609253941028e-07,4,1.6477180069014137e-06,4.907165818056154e-06,16
3.890701545965083e-07,5.988319532263846e-06,8116,8,6c3869c803a48cd9e520a4c06b6a0c22580338dba337748124010a0ad0cb9410,131072,breakout,129984,389952,202608056106,0,393216,32,768,3264,0.0,16,4.969859896138908e-07,4,1.6693982152105864e-06,5.230444101977658e-06,16
1.019367405672724e-06,9.3982392857007e-06,8144,0,6c3869c803a48cd9e520a4c06b6a0c22580338dba337748124010a0ad0cb9410,131072,breakout,130304,195456,202608056106,8,196608,8,768,960,0.1,16,1.3911627914118642e-06,4,6.864010034360433e-06,9.278387736176518e-06,16
1.028348293853321e-06,1.0028055169635444e-05,8136,8,6c3869c803a48cd9e520a4c06b6a0c22580338dba337748124010a0ad0cb9410,131072,breakout,130304,195456,202608056106,8,196608,8,768,960,0.1,16,1.40858990123224e-06,4,6.096891467766351e-06,1.006090411929011e-05,16
1.004802749711003e-06,9.434652603687658e-06,8124,0,6c3869c803a48cd9e520a4c06b6a0c22580338dba337748124010a0ad0cb9410,131072,breakout,129984,389952,202608056106,8,393216,32,768,3264,0.1,16,1.4910356589925227e-06,4,5.041208091629116e-06,9.278387736176518e-06,16
1.0242755820467418e-06,1.0223164629639172e-05,8116,8,6c3869c803a48cd9e520a4c06b6a0c22580338dba337748124010a0ad0cb9410,131072,breakout,129984,389952,202608056106,8,393216,32,768,3264,0.1,16,1.47143673479924e-06,4,4.932629484612236e-06,1.006090411929011e-05,16
1.4055889198855406e-06,8.432968578136671e-06,16304,0,6c3869c803a48cd9e520a4c06b6a0c22580338dba337748124010a0ad0cb9410,131072,breakout,65216,195648,202608056106,32,196608,8,768,960,0.3,4,1.3976829804621082e-06,4,8.015270482447355e-06,8.015270482447355e-06,4
1.5189012394775942e-06,1.014412962035726e-05,16296,8,6c3869c803a48cd9e520a4c06b6a0c22580338dba337748124010a0ad0cb9410,131072,breakout,65216,195648,202608056106,32,196608,8,768,960,0.3,4,1.4984771535315095e-06,4,9.538853630339408e-06,9.538853630339408e-06,4
2.7981722548505347e-06,2.414727866506829e-05,10832,0,6c3869c803a48cd9e520a4c06b6a0c22580338dba337748124010a0ad0cb9410,131072,breakout,43328,389952,202608056106,32,393216,32,768,3264,0.3,4,2.6240262068613044e-06,4,2.2132532575259573e-05,2.4307775292294295e-05,16
2.929010475429246e-06,2.7675251552922398e-05,10824,8,6c3869c803a48cd9e520a4c06b6a0c22580338dba337748124010a0ad0cb9410,131072,breakout,43328,389952,202608056106,32,393216,32,768,3264,0.3,4,2.7147301457916467e-06,4,2.5008280474935627e-05,2.6836217797683184e-05,16
1.2864533054411646e-06,1.529782132798018e-05,16304,0,6c3869c803a48cd9e520a4c06b6a0c22580338dba337748124010a0ad0cb9410,131072,breakout,65216,195648,202608056106,46,196608,8,768,960,0.5,4,1.313064589886478e-06,4,1.6015269416766845e-05,1.6015269416766845e-05,4
1.277963225883726e-06,1.4191857145028184e-05,16296,8,6c3869c803a48cd9e520a4c06b6a0c22580338dba337748124010a0ad0cb9410,131072,breakout,65216,195648,202608056106,46,196608,8,768,960,0.5,4,1.3051790270211609e-06,4,1.4937177459906891e-05,1.4937177459906891e-05,4
8.754329724472904e-07,1.66169838299508e-05,10832,0,6c3869c803a48cd9e520a4c06b6a0c22580338dba337748124010a0ad0cb9410,131072,breakout,43328,389952,202608056106,46,393216,32,768,3264,0.5,4,8.760870408544765e-07,4,1.7535722157200637e-05,1.7535722157200637e-05,4
8.385135599236914e-07,1.540580997863099e-05,10824,8,6c3869c803a48cd9e520a4c06b6a0c22580338dba337748124010a0ad0cb9410,131072,breakout,43328,389952,202608056106,46,393216,32,768,3264,0.5,4,8.453266791947535e-07,4,1.6543082441116045e-05,1.6543082441116045e-05,4
2.424417153595946e-06,8.367464555810032e-06,21738,0,6c3869c803a48cd9e520a4c06b6a0c22580338dba337748124010a0ad0cb9410,131072,breakout,21738,195642,202608056106,69,196608,8,768,960,0.7,1,4.173879989632756e-06,4,1.9948571230867847e-05,8.7294140558735e-06,1
2.550228549551253e-06,1.0488595620057907e-05,21730,8,6c3869c803a48cd9e520a4c06b6a0c22580338dba337748124010a0ad0cb9410,131072,breakout,21738,195642,202608056106,69,196608,8,768,960,0.7,1,4.134932178273018e-06,4,1.6629850617504997e-05,1.103918943071914e-05,1
6.408882543959272e-06,2.9505090713636116e-05,10832,0,6c3869c803a48cd9e520a4c06b6a0c22580338dba337748124010a0ad0cb9410,131072,breakout,43328,389952,202608056106,69,393216,32,768,3264,0.7,4,6.202546391656541e-06,4,3.260439462003876e-05,3.260439462003876e-05,4
5.9930504203534105e-06,2.393429597055773e-05,10824,8,6c3869c803a48cd9e520a4c06b6a0c22580338dba337748124010a0ad0cb9410,131072,breakout,43328,389952,202608056106,69,393216,32,768,3264,0.7,4,5.746388914221033e-06,4,2.603089438570794e-05,2.603089438570794e-05,4
2.424417153595946e-06,8.367464555810032e-06,21738,0,6c3869c803a48cd9e520a4c06b6a0c22580338dba337748124010a0ad0cb9410,131072,breakout,21738,195642,202608056106,82,196608,8,768,960,0.9,1,3.1764273419932035e-06,4,2.6115070292503626e-05,8.7294140558735e-06,1
2.550228549551253e-06,1.0488595620057907e-05,21730,8,6c3869c803a48cd9e520a4c06b6a0c22580338dba337748124010a0ad0cb9410,131072,breakout,21738,195642,202608056106,82,196608,8,768,960,0.9,1,3.07045732038108e-06,4,2.2393334268690043e-05,1.103918943071914e-05,1
4.530574025873814e-06,2.5243081727879366e-05,10832,0,6c3869c803a48cd9e520a4c06b6a0c22580338dba337748124010a0ad0cb9410,131072,breakout,43328,389952,202608056106,82,393216,32,768,3264,0.9,4,4.39348065338125e-06,4,2.6184382601314863e-05,2.0190545999833482e-05,1
4.285529941730618e-06,2.167532425522575e-05,10824,8,6c3869c803a48cd9e520a4c06b6a0c22580338dba337748124010a0ad0cb9410,131072,breakout,43328,389952,202608056106,82,393216,32,768,3264,0.9,4,4.153472512274647e-06,4,2.2572118631668284e-05,2.0268836191206487e-05,1
2.424417153595946e-06,8.367464555810032e-06,21738,0,6c3869c803a48cd9e520a4c06b6a0c22580338dba337748124010a0ad0cb9410,131072,breakout,21738,195642,202608056106,96,196608,8,768,960,1.0,1,4.173879989632756e-06,4,1.9948571230867847e-05,8.7294140558735e-06,1
2.550228549551253e-06,1.0488595620057907e-05,21730,8,6c3869c803a48cd9e520a4c06b6a0c22580338dba337748124010a0ad0cb9410,131072,breakout,21738,195642,202608056106,96,196608,8,768,960,1.0,1,4.134932178273018e-06,4,1.6629850617504997e-05,1.103918943071914e-05,1
5.768694649096417e-06,1.9905229708152127e-05,11816,0,6c3869c803a48cd9e520a4c06b6a0c22580338dba337748124010a0ad0cb9410,131072,breakout,11816,389928,202608056106,96,393216,32,768,3264,1.0,1,6.202546391656541e-06,4,3.260439462003876e-05,2.0190545999833482e-05,1
5.541912539498834e-06,1.8787411586882792e-05,11808,8,6c3869c803a48cd9e520a4c06b6a0c22580338dba337748124010a0ad0cb9410,131072,breakout,11816,389928,202608056106,96,393216,32,768,3264,1.0,1,5.746388914221033e-06,4,2.603089438570794e-05,2.0268836191206487e-05,1
3.0553363377417404e-07,2.090262114032405e-06,8144,0,6c3869c803a48cd9e520a4c06b6a0c22580338dba337748124010a0ad0cb9410,131072,breakout,130304,195456,202608056107,0,196608,8,768,960,0.0,16,1.0072205984939456e-06,4,8.834193382608758e-06,2.0550293498084183e-06,16
3.1330559061816807e-07,2.2219147601408154e-06,8136,8,6c3869c803a48cd9e520a4c06b6a0c22580338dba337748124010a0ad0cb9410,131072,breakout,130304,195456,202608056107,0,196608,8,768,960,0.0,16,9.756650489525359e-07,4,8.036401743921688e-06,2.2372520259621906e-06,16
3.173667928670135e-07,2.0568873137512485e-06,8124,0,6c3869c803a48cd9e520a4c06b6a0c22580338dba337748124010a0ad0cb9410,131072,breakout,129984,389952,202608056107,0,393216,32,768,3264,0.0,16,6.459281318890651e-07,4,2.3999348862491838e-06,2.0550293498084183e-06,16
3.252348276240907e-07,2.2242054799505297e-06,8116,8,6c3869c803a48cd9e520a4c06b6a0c22580338dba337748124010a0ad0cb9410,131072,breakout,129984,389952,202608056107,0,393216,32,768,3264,0.0,16,6.529944690302186e-07,4,2.76143451443945e-06,2.2372520259621906e-06,16
9.924365243713426e-07,8.810460521150738e-06,16304,0,6c3869c803a48cd9e520a4c06b6a0c22580338dba337748124010a0ad0cb9410,131072,breakout,65216,195648,202608056107,11,196608,8,768,960,0.1,4,1.0072205984939456e-06,4,8.834193382608758e-06,5.515737995251613e-06,16
9.600656974321538e-07,7.994110184510272e-06,16296,8,6c3869c803a48cd9e520a4c06b6a0c22580338dba337748124010a0ad0cb9410,131072,breakout,65216,195648,202608056107,11,196608,8,768,960,0.1,4,9.756650489525359e-07,4,8.036401743921688e-06,5.7395450139080544e-06,16
6.977837418801675e-07,6.2260580131120595e-06,8124,0,6c3869c803a48cd9e520a4c06b6a0c22580338dba337748124010a0ad0cb9410,131072,breakout,129984,389952,202608056107,11,393216,32,768,3264,0.1,16,6.459281318890651e-07,4,2.3999348862491838e-06,5.515737995251613e-06,16
7.085874690386732e-07,6.545924377197505e-06,8116,8,6c3869c803a48cd9e520a4c06b6a0c22580338dba337748124010a0ad0cb9410,131072,breakout,129984,389952,202608056107,11,393216,32,768,3264,0.1,16,6.529944690302186e-07,4,2.76143451443945e-06,5.7395450139080544e-06,16
9.924365243713426e-07,8.810460521150738e-06,16304,0,6c3869c803a48cd9e520a4c06b6a0c22580338dba337748124010a0ad0cb9410,131072,breakout,65216,195648,202608056107,31,196608,8,768,960,0.3,4,1.0072205984939456e-06,4,8.834193382608758e-06,8.834193382608758e-06,4
9.600656974321538e-07,7.994110184510272e-06,16296,8,6c3869c803a48cd9e520a4c06b6a0c22580338dba337748124010a0ad0cb9410,131072,breakout,65216,195648,202608056107,31,196608,8,768,960,0.3,4,9.756650489525359e-07,4,8.036401743921688e-06,8.036401743921688e-06,4
8.660141826297948e-07,3.119400219366907e-06,8124,0,6c3869c803a48cd9e520a4c06b6a0c22580338dba337748124010a0ad0cb9410,131072,breakout,129984,389952,202608056107,31,393216,32,768,3264,0.3,16,6.459281318890651e-07,4,2.3999348862491838e-06,3.854351544770767e-06,16
8.632949463753698e-07,3.0210947882676356e-06,8116,8,6c3869c803a48cd9e520a4c06b6a0c22580338dba337748124010a0ad0cb9410,131072,breakout,129984,389952,202608056107,31,393216,32,768,3264,0.3,16,6.529944690302186e-07,4,2.76143451443945e-06,3.7822365820020294e-06,16
3.3529998999996756e-06,5.5486331685239994e-05,16304,0,6c3869c803a48cd9e520a4c06b6a0c22580338dba337748124010a0ad0cb9410,131072,breakout,65216,195648,202608056107,51,196608,8,768,960,0.5,4,3.0718379041302527e-06,4,4.988798368004376e-05,4.988798368004376e-05,4
3.0320568849012837e-06,4.6989512758313084e-05,16296,8,6c3869c803a48cd9e520a4c06b6a0c22580338dba337748124010a0ad0cb9410,131072,breakout,65216,195648,202608056107,51,196608,8,768,960,0.5,4,2.7909432249518947e-06,4,4.2403328138665024e-05,4.2403328138665024e-05,4
1.203910143875631e-06,4.939797561920227e-06,10832,0,6c3869c803a48cd9e520a4c06b6a0c22580338dba337748124010a0ad0cb9410,131072,breakout,43328,389952,202608056107,51,393216,32,768,3264,0.5,4,1.049764809552078e-06,4,4.240265636599103e-06,4.240265636599103e-06,4
1.1815114723448082e-06,4.1730684788463165e-06,10824,8,6c3869c803a48cd9e520a4c06b6a0c22580338dba337748124010a0ad0cb9410,131072,breakout,43328,389952,202608056107,51,393216,32,768,3264,0.5,4,1.0177190862072567e-06,4,3.491471724189322e-06,3.491471724189322e-06,4
3.476507441130118e-06,3.562556547915046e-05,16304,0,6c3869c803a48cd9e520a4c06b6a0c22580338dba337748124010a0ad0cb9410,131072,breakout,65216,195648,202608056107,61,196608,8,768,960,0.7,4,3.245698268895694e-06,4,3.1118183753344574e-05,0.0001600372069132948,1
3.192131904178899e-06,2.825339920221711e-05,16296,8,6c3869c803a48cd9e520a4c06b6a0c22580338dba337748124010a0ad0cb9410,131072,breakout,65216,195648,202608056107,61,196608,8,768,960,0.7,4,2.995429163219275e-06,4,2.4658115843777208e-05,0.00013816322709952843,1
1.4811872112140867e-06,1.267829365139596e-05,10832,0,6c3869c803a48cd9e520a4c06b6a0c22580338dba337748124010a0ad0cb9410,131072,breakout,43328,389952,202608056107,61,393216,32,768,3264,0.7,4,1.3866903997310367e-06,4,1.1657765234359137e-05,1.1657765234359137e-05,4
1.667495627069245e-06,1.6969157656985428e-05,10824,8,6c3869c803a48cd9e520a4c06b6a0c22580338dba337748124010a0ad0cb9410,131072,breakout,43328,389952,202608056107,61,393216,32,768,3264,0.7,4,1.583375853849452e-06,4,1.606601903318081e-05,1.606601903318081e-05,4
7.858560802889329e-06,0.00015976177492572268,21738,0,6c3869c803a48cd9e520a4c06b6a0c22580338dba337748124010a0ad0cb9410,131072,breakout,21738,195642,202608056107,82,196608,8,768,960,0.9,1,5.514463393463879e-06,4,7.613043973236407e-05,0.0001600372069132948,1
6.856289044844942e-06,0.00013719438800299254,21730,8,6c3869c803a48cd9e520a4c06b6a0c22580338dba337748124010a0ad0cb9410,131072,breakout,21738,195642,202608056107,82,196608,8,768,960,0.9,1,4.831909460113051e-06,4,5.940889522477103e-05,0.00013816322709952843,1
1.584515964999021e-06,6.06732151974976e-06,10832,0,6c3869c803a48cd9e520a4c06b6a0c22580338dba337748124010a0ad0cb9410,131072,breakout,43328,389952,202608056107,82,393216,32,768,3264,0.9,4,1.4084324117867431e-06,4,5.720333435866353e-06,5.611687645489439e-06,1
1.6665090709856564e-06,8.20756766071776e-06,10824,8,6c3869c803a48cd9e520a4c06b6a0c22580338dba337748124010a0ad0cb9410,131072,breakout,43328,389952,202608056107,82,393216,32,768,3264,0.9,4,1.4969968233010303e-06,4,8.325816317782414e-06,3.0018129919305093e-06,1
7.858560802889329e-06,0.00015976177492572268,21738,0,6c3869c803a48cd9e520a4c06b6a0c22580338dba337748124010a0ad0cb9410,131072,breakout,21738,195642,202608056107,96,196608,8,768,960,1.0,1,5.514463393463879e-06,4,7.613043973236407e-05,0.0001600372069132948,1
6.856289044844942e-06,0.00013719438800299254,21730,8,6c3869c803a48cd9e520a4c06b6a0c22580338dba337748124010a0ad0cb9410,131072,breakout,21738,195642,202608056107,96,196608,8,768,960,1.0,1,4.831909460113051e-06,4,5.940889522477103e-05,0.00013816322709952843,1
5.16308055042853e-07,2.779941901796285e-06,11816,0,6c3869c803a48cd9e520a4c06b6a0c22580338dba337748124010a0ad0cb9410,131072,breakout,11816,389928,202608056107,96,393216,32,768,3264,1.0,1,1.4084324117867431e-06,4,5.720333435866353e-06,5.611687645489439e-06,1
5.006084051251947e-07,1.7661751700909346e-06,11808,8,6c3869c803a48cd9e520a4c06b6a0c22580338dba337748124010a0ad0cb9410,131072,breakout,11816,389928,202608056107,96,393216,32,768,3264,1.0,1,1.4969968233010303e-06,4,8.325816317782414e-06,3.0018129919305093e-06,1
1.3515185955749915e-07,1.783070112625578e-06,8144,0,6c3869c803a48cd9e520a4c06b6a0c22580338dba337748124010a0ad0cb9410,131072,breakout,130304,195456,202608056108,0,196608,8,768,960,0.0,16,5.016587273602454e-07,4,3.750110017919292e-06,1.7053816006948925e-06,16
1.2631567128888578e-07,1.5466198121669375e-06,8136,8,6c3869c803a48cd9e520a4c06b6a0c22580338dba337748124010a0ad0cb9410,131072,breakout,130304,195456,202608056108,0,196608,8,768,960,0.0,16,5.578828105910517e-07,4,4.736378329178878e-06,1.534765297583659e-06,16
1.3210245431796884e-07,1.7346021510098541e-06,8124,0,6c3869c803a48cd9e520a4c06b6a0c22580338dba337748124010a0ad0cb9410,131072,breakout,129984,389952,202608056108,0,393216,32,768,3264,0.0,16,9.163966402999671e-07,4,3.520333003810128e-06,1.7053816006948925e-06,16
1.243371837331559e-07,1.5409464650544e-06,8116,8,6c3869c803a48cd9e520a4c06b6a0c22580338dba337748124010a0ad0cb9410,131072,breakout,129984,389952,202608056108,0,393216,32,768,3264,0.0,16,9.402066919588329e-07,4,3.290982570643726e-06,1.534765297583659e-06,16
9.077666214042087e-07,1.5269618327151544e-05,8144,0,6c3869c803a48cd9e520a4c06b6a0c22580338dba337748124010a0ad0cb9410,131072,breakout,130304,195456,202608056108,6,196608,8,768,960,0.1,16,7.154688841379328e-07,4,6.2197175577077096e-06,1.693722586370699e-05,16
8.395029246994491e-07,1.3396191185098547e-05,8136,8,6c3869c803a48cd9e520a4c06b6a0c22580338dba337748124010a0ad0cb9410,131072,breakout,130304,195456,202608056108,6,196608,8,768,960,0.1,16,8.023098477581944e-07,4,7.942312582797597e-06,1.5364128881946165e-05,16
8.708752041196258e-07,1.4224970498405379e-05,8124,0,6c3869c803a48cd9e520a4c06b6a0c22580338dba337748124010a0ad0cb9410,131072,breakout,129984,389952,202608056108,6,393216,32,768,3264,0.1,16,2.23758065128483e-06,4,2.9374360559562537e-05,1.693722586370699e-05,16
8.084305156828769e-07,1.253011870777487e-05,8116,8,6c3869c803a48cd9e520a4c06b6a0c22580338dba337748124010a0ad0cb9410,131072,breakout,129984,389952,202608056108,6,393216,32,768,3264,0.1,16,2.148364904580939e-06,4,2.7059637954253284e-05,1.5364128881946165e-05,16
9.738332745428307e-07,4.696397811671501e-06,16304,0,6c3869c803a48cd9e520a4c06b6a0c22580338dba337748124010a0ad0cb9410,131072,breakout,65216,195648,202608056108,24,196608,8,768,960,0.3,4,9.53765132907983e-07,4,4.464441801361669e-06,4.464441801361669e-06,4
1.045208941542961e-06,5.875085141763006e-06,16296,8,6c3869c803a48cd9e520a4c06b6a0c22580338dba337748124010a0ad0cb9410,131072,breakout,65216,195648,202608056108,24,196608,8,768,960,0.3,4,1.0265801838058973e-06,4,5.668957427122167e-06,5.668957427122167e-06,4
2.0552363457749605e-06,3.0151404367578497e-05,8124,0,6c3869c803a48cd9e520a4c06b6a0c22580338dba337748124010a0ad0cb9410,131072,breakout,129984,389952,202608056108,24,393216,32,768,3264,0.3,16,2.7547102183969854e-06,4,4.666974301961148e-05,3.433124568927449e-05,16
1.9623075930098194e-06,2.7502080244475112e-05,8116,8,6c3869c803a48cd9e520a4c06b6a0c22580338dba337748124010a0ad0cb9410,131072,breakout,129984,389952,202608056108,24,393216,32,768,3264,0.3,16,2.6585767790176627e-06,4,4.421299845361386e-05,3.2035061126609593e-05,16
1.419635854760614e-06,2.0002859300350066e-05,16304,0,6c3869c803a48cd9e520a4c06b6a0c22580338dba337748124010a0ad0cb9410,131072,breakout,65216,195648,202608056108,45,196608,8,768,960,0.5,4,1.3669761597768641e-06,4,2.0540438866392825e-05,2.0540438866392825e-05,4
1.4929795782497417e-06,2.174111965814185e-05,16296,8,6c3869c803a48cd9e520a4c06b6a0c22580338dba337748124010a0ad0cb9410,131072,breakout,65216,195648,202608056108,45,196608,8,768,960,0.5,4,1.441610669345656e-06,4,2.245415195387833e-05,2.245415195387833e-05,4
1.3270141653071032e-06,1.0103684420444252e-05,10832,0,6c3869c803a48cd9e520a4c06b6a0c22580338dba337748124010a0ad0cb9410,131072,breakout,43328,389952,202608056108,45,393216,32,768,3264,0.5,4,1.303357504533908e-06,4,1.1975977512489848e-05,1.1975977512489848e-05,4
1.3099631673849922e-06,9.17842315700132e-06,10824,8,6c3869c803a48cd9e520a4c06b6a0c22580338dba337748124010a0ad0cb9410,131072,breakout,43328,389952,202608056108,45,393216,32,768,3264,0.5,4,1.2790725714903566e-06,4,1.1192818323441931e-05,1.1192818323441931e-05,4
6.796643671890418e-06,5.670301823493937e-05,21738,0,6c3869c803a48cd9e520a4c06b6a0c22580338dba337748124010a0ad0cb9410,131072,breakout,21738,195642,202608056108,64,196608,8,768,960,0.7,1,1.3198057632217338e-06,4,1.4210698850754299e-05,6.143155474015915e-05,1
7.457636916455938e-06,6.674676172584054e-05,21730,8,6c3869c803a48cd9e520a4c06b6a0c22580338dba337748124010a0ad0cb9410,131072,breakout,21738,195642,202608056108,64,196608,8,768,960,0.7,1,1.4709242864461896e-06,4,1.7290444716648024e-05,7.319507729243639e-05,1
3.0432012047512294e-06,3.39829697920861e-05,10832,0,6c3869c803a48cd9e520a4c06b6a0c22580338dba337748124010a0ad0cb9410,131072,breakout,43328,389952,202608056108,64,393216,32,768,3264,0.7,4,3.1633424489504287e-06,4,4.062224477904822e-05,4.062224477904822e-05,4
2.9428075794984845e-06,3.0768547936834056e-05,10824,8,6c3869c803a48cd9e520a4c06b6a0c22580338dba337748124010a0ad0cb9410,131072,breakout,43328,389952,202608056108,64,393216,32,768,3264,0.7,4,3.0770187427384733e-06,4,3.7763092098097145e-05,3.7763092098097145e-05,4
6.796643671890418e-06,5.670301823493937e-05,21738,0,6c3869c803a48cd9e520a4c06b6a0c22580338dba337748124010a0ad0cb9410,131072,breakout,21738,195642,202608056108,91,196608,8,768,960,0.9,1,1.611363819430406e-06,4,1.5857690059635793e-05,6.143155474015915e-05,1
7.457636916455938e-06,6.674676172584054e-05,21730,8,6c3869c803a48cd9e520a4c06b6a0c22580338dba337748124010a0ad0cb9410,131072,breakout,21738,195642,202608056108,91,196608,8,768,960,0.9,1,1.934790508946002e-06,4,2.155984019271408e-05,7.319507729243639e-05,1
4.193029646216772e-06,5.232597043121982e-05,11816,0,6c3869c803a48cd9e520a4c06b6a0c22580338dba337748124010a0ad0cb9410,131072,breakout,11816,389928,202608056108,91,393216,32,768,3264,0.9,1,7.1230307727800035e-06,4,9.381380864064959e-05,5.1246347362391994e-05,1
3.854380249559624e-06,4.363576656556273e-05,11808,8,6c3869c803a48cd9e520a4c06b6a0c22580338dba337748124010a0ad0cb9410,131072,breakout,11816,389928,202608056108,91,393216,32,768,3264,0.9,1,6.874401769308437e-06,4,8.607464387914288e-05,4.3753592841261785e-05,1
6.796643671890418e-06,5.670301823493937e-05,21738,0,6c3869c803a48cd9e520a4c06b6a0c22580338dba337748124010a0ad0cb9410,131072,breakout,21738,195642,202608056108,96,196608,8,768,960,1.0,1,1.611363819430406e-06,4,1.5857690059635793e-05,6.143155474015915e-05,1
7.457636916455938e-06,6.674676172584054e-05,21730,8,6c3869c803a48cd9e520a4c06b6a0c22580338dba337748124010a0ad0cb9410,131072,breakout,21738,195642,202608056108,96,196608,8,768,960,1.0,1,1.934790508946002e-06,4,2.155984019271408e-05,7.319507729243639e-05,1
4.193029646216772e-06,5.232597043121982e-05,11816,0,6c3869c803a48cd9e520a4c06b6a0c22580338dba337748124010a0ad0cb9410,131072,breakout,11816,389928,202608056108,96,393216,32,768,3264,1.0,1,7.1230307727800035e-06,4,9.381380864064959e-05,5.1246347362391994e-05,1
3.854380249559624e-06,4.363576656556273e-05,11808,8,6c3869c803a48cd9e520a4c06b6a0c22580338dba337748124010a0ad0cb9410,131072,breakout,11816,389928,202608056108,96,393216,32,768,3264,1.0,1,6.874401769308437e-06,4,8.607464387914288e-05,4.3753592841261785e-05,1
2.7886549625805047e-07,6.755516523882047e-06,8144,0,6c3869c803a48cd9e520a4c06b6a0c22580338dba337748124010a0ad0cb9410,131072,breakout,130304,195456,202608056109,0,196608,8,768,960,0.0,16,7.640720965022854e-07,4,7.5819276712195665e-06,6.548460102468439e-06,16
2.971649432926898e-07,7.221933205310277e-06,8136,8,6c3869c803a48cd9e520a4c06b6a0c22580338dba337748124010a0ad0cb9410,131072,breakout,130304,195456,202608056109,0,196608,8,768,960,0.0,16,7.786113694145999e-07,4,7.941773759095364e-06,6.977250173315948e-06,16
2.8443433505999695e-07,6.915347114990136e-06,8124,0,6c3869c803a48cd9e520a4c06b6a0c22580338dba337748124010a0ad0cb9410,131072,breakout,129984,389952,202608056109,0,393216,32,768,3264,0.0,16,2.122315683467305e-06,4,3.1265492338650724e-05,6.548460102468439e-06,16
3.0223240220625057e-07,7.373588436335553e-06,8116,8,6c3869c803a48cd9e520a4c06b6a0c22580338dba337748124010a0ad0cb9410,131072,breakout,129984,389952,202608056109,0,393216,32,768,3264,0.0,16,2.1134170738493233e-06,4,3.194339187512938e-05,6.977250173315948e-06,16
1.1942185935463277e-06,1.2708969859876355e-05,8144,0,6c3869c803a48cd9e520a4c06b6a0c22580338dba337748124010a0ad0cb9410,131072,breakout,130304,195456,202608056109,9,196608,8,768,960,0.1,16,6.388370657174543e-07,4,5.751834800948594e-06,1.2710535174440715e-05,16
1.2707100639019276e-06,1.4231180838587521e-05,8136,8,6c3869c803a48cd9e520a4c06b6a0c22580338dba337748124010a0ad0cb9410,131072,breakout,130304,195456,202608056109,9,196608,8,768,960,0.1,16,6.041597042478052e-07,4,5.218658036265595e-06,1.4252865563648173e-05,16
1.192074621844837e-06,1.2573453056088837e-05,8124,0,6c3869c803a48cd9e520a4c06b6a0c22580338dba337748124010a0ad0cb9410,131072,breakout,129984,389952,202608056109,9,393216,32,768,3264,0.1,16,1.0068138565089973e-06,4,9.154329231942243e-06,1.2710535174440715e-05,16
1.2590415113360873e-06,1.3877550611721666e-05,8116,8,6c3869c803a48cd9e520a4c06b6a0c22580338dba337748124010a0ad0cb9410,131072,breakout,129984,389952,202608056109,9,393216,32,768,3264,0.1,16,1.0226918143709756e-06,4,1.0208442828970378e-05,1.4252865563648173e-05,16
8.802685495624355e-07,4.875400151856607e-06,16304,0,6c3869c803a48cd9e520a4c06b6a0c22580338dba337748124010a0ad0cb9410,131072,breakout,65216,195648,202608056109,26,196608,8,768,960,0.3,4,8.633662117470583e-07,4,3.956068859566388e-06,3.956068859566388e-06,4
8.89341566519697e-07,5.43280507365246e-06,16296,8,6c3869c803a48cd9e520a4c06b6a0c22580338dba337748124010a0ad0cb9410,131072,breakout,65216,195648,202608056109,26,196608,8,768,960,0.3,4,8.680421590388236e-07,4,4.324264314264822e-06,4.324264314264822e-06,4
1.7831868843254707e-06,7.961204243386867e-06,8124,0,6c3869c803a48cd9e520a4c06b6a0c22580338dba337748124010a0ad0cb9410,131072,breakout,129984,389952,202608056109,26,393216,32,768,3264,0.3,16,2.3988371925547554e-06,4,3.780706304217835e-05,8.217123328751494e-06,16
1.8970309134639593e-06,9.001051319347517e-06,8116,8,6c3869c803a48cd9e520a4c06b6a0c22580338dba337748124010a0ad0cb9410,131072,breakout,129984,389952,202608056109,26,393216,32,768,3264,0.3,16,2.441177906374995e-06,4,3.931377366165486e-05,9.415291614382685e-06,16
3.862124930543755e-06,3.993006277707352e-05,16304,0,6c3869c803a48cd9e520a4c06b6a0c22580338dba337748124010a0ad0cb9410,131072,breakout,65216,195648,202608056109,53,196608,8,768,960,0.5,4,4.133889699106575e-06,4,4.5364784505182883e-05,4.5364784505182883e-05,4
3.788038534603897e-06,3.6136059259182814e-05,16296,8,6c3869c803a48cd9e520a4c06b6a0c22580338dba337748124010a0ad0cb9410,131072,breakout,65216,195648,202608056109,53,196608,8,768,960,0.5,4,4.0569823903188225e-06,4,4.1455350712145274e-05,4.1455350712145274e-05,4
2.1520326538247014e-06,9.446038908354876e-06,10832,0,6c3869c803a48cd9e520a4c06b6a0c22580338dba337748124010a0ad0cb9410,131072,breakout,43328,389952,202608056109,53,393216,32,768,3264,0.5,4,1.9650918371683736e-06,4,7.292424036667984e-06,7.292424036667984e-06,4
2.3073970405677725e-06,1.1619943114969191e-05,10824,8,6c3869c803a48cd9e520a4c06b6a0c22580338dba337748124010a0ad0cb9410,131072,breakout,43328,389952,202608056109,53,393216,32,768,3264,0.5,4,2.078555217662389e-06,4,8.780735444545188e-06,8.780735444545188e-06,4
1.5554379349922486e-06,5.6956901126463125e-06,21738,0,6c3869c803a48cd9e520a4c06b6a0c22580338dba337748124010a0ad0cb9410,131072,breakout,21738,195642,202608056109,69,196608,8,768,960,0.7,1,3.720251824290296e-06,4,4.854299623110073e-05,5.396181695736792e-06,1
1.622284279672986e-06,5.274475055990705e-06,21730,8,6c3869c803a48cd9e520a4c06b6a0c22580338dba337748124010a0ad0cb9410,131072,breakout,21738,195642,202608056109,69,196608,8,768,960,0.7,1,3.5538043338401962e-06,4,4.425573020689159e-05,5.114357174347901e-06,1
1.6798759058467498e-06,6.696883244546853e-06,10832,0,6c3869c803a48cd9e520a4c06b6a0c22580338dba337748124010a0ad0cb9410,131072,breakout,43328,389952,202608056109,69,393216,32,768,3264,0.7,4,1.5482702543058244e-06,4,5.35897588616159e-06,5.35897588616159e-06,4
1.7687100400536651e-06,8.255428423538312e-06,10824,8,6c3869c803a48cd9e520a4c06b6a0c22580338dba337748124010a0ad0cb9410,131072,breakout,43328,389952,202608056109,69,393216,32,768,3264,0.7,4,1.6040783661895716e-06,4,6.298692049282714e-06,6.298692049282714e-06,4
1.5554379349922486e-06,5.6956901126463125e-06,21738,0,6c3869c803a48cd9e520a4c06b6a0c22580338dba337748124010a0ad0cb9410,131072,breakout,21738,195642,202608056109,87,196608,8,768,960,0.9,1,4.133889699106575e-06,4,4.5364784505182883e-05,5.396181695736792e-06,1
1.622284279672986e-06,5.274475055990705e-06,21730,8,6c3869c803a48cd9e520a4c06b6a0c22580338dba337748124010a0ad0cb9410,131072,breakout,21738,195642,202608056109,87,196608,8,768,960,0.9,1,4.0569823903188225e-06,4,4.1455350712145274e-05,5.114357174347901e-06,1
2.454027264063949e-06,9.692237672651774e-06,11816,0,6c3869c803a48cd9e520a4c06b6a0c22580338dba337748124010a0ad0cb9410,131072,breakout,11816,389928,202608056109,87,393216,32,768,3264,0.9,1,1.9650918371683736e-06,4,7.292424036667984e-06,9.732398481930879e-06,1
2.4588241271711663e-06,8.978183209923758e-06,11808,8,6c3869c803a48cd9e520a4c06b6a0c22580338dba337748124010a0ad0cb9410,131072,breakout,11816,389928,202608056109,87,393216,32,768,3264,0.9,1,2.078555217662389e-06,4,8.780735444545188e-06,8.99118524028856e-06,1
1.5554379349922486e-06,5.6956901126463125e-06,21738,0,6c3869c803a48cd9e520a4c06b6a0c22580338dba337748124010a0ad0cb9410,131072,breakout,21738,195642,202608056109,96,196608,8,768,960,1.0,1,4.133889699106575e-06,4,4.5364784505182883e-05,5.396181695736792e-06,1
1.622284279672986e-06,5.274475055990705e-06,21730,8,6c3869c803a48cd9e520a4c06b6a0c22580338dba337748124010a0ad0cb9410,131072,breakout,21738,195642,202608056109,96,196608,8,768,960,1.0,1,4.0569823903188225e-06,4,4.1455350712145274e-05,5.114357174347901e-06,1
2.454027264063949e-06,9.692237672651774e-06,11816,0,6c3869c803a48cd9e520a4c06b6a0c22580338dba337748124010a0ad0cb9410,131072,breakout,11816,389928,202608056109,96,393216,32,768,3264,1.0,1,1.9650918371683736e-06,4,7.292424036667984e-06,9.732398481930879e-06,1
2.4588241271711663e-06,8.978183209923758e-06,11808,8,6c3869c803a48cd9e520a4c06b6a0c22580338dba337748124010a0ad0cb9410,131072,breakout,11816,389928,202608056109,96,393216,32,768,3264,1.0,1,2.078555217662389e-06,4,8.780735444545188e-06,8.99118524028856e-06,1
4.723490604134527e-07,3.4263454409352123e-06,8144,0,6c3869c803a48cd9e520a4c06b6a0c22580338dba337748124010a0ad0cb9410,131072,breakout,130304,195456,202608056110,0,196608,8,768,960,0.0,16,9.751864761290053e-07,4,7.274592215055863e-06,3.5770365254214604e-06,16
4.796279516175708e-07,3.5180755820979792e-06,8136,8,6c3869c803a48cd9e520a4c06b6a0c22580338dba337748124010a0ad0cb9410,131072,breakout,130304,195456,202608056110,0,196608,8,768,960,0.0,16,1.0345403508196116e-06,4,8.491958730725784e-06,3.620746849778162e-06,16
4.791821825262011e-07,3.4796450448390306e-06,8124,0,6c3869c803a48cd9e520a4c06b6a0c22580338dba337748124010a0ad0cb9410,131072,breakout,129984,389952,202608056110,0,393216,32,768,3264,0.0,16,1.181946584188992e-06,4,5.527756965402578e-06,3.5770365254214604e-06,16
4.863678073257839e-07,3.5835050160853636e-06,8116,8,6c3869c803a48cd9e520a4c06b6a0c22580338dba337748124010a0ad0cb9410,131072,breakout,129984,389952,202608056110,0,393216,32,768,3264,0.0,16,1.1753452679556162e-06,4,6.1734669982116415e-06,3.620746849778162e-06,16
2.89991202144075e-06,5.439521211767498e-05,16304,0,6c3869c803a48cd9e520a4c06b6a0c22580338dba337748124010a0ad0cb9410,131072,breakout,65216,195648,202608056110,11,196608,8,768,960,0.1,4,2.9214748397755406e-06,4,5.579717110652598e-05,1.0844441860293373e-05,16
3.05638934346515e-06,5.817888433586053e-05,16296,8,6c3869c803a48cd9e520a4c06b6a0c22580338dba337748124010a0ad0cb9410,131072,breakout,65216,195648,202608056110,11,196608,8,768,960,0.1,4,3.06644748541438e-06,4,5.945991186143601e-05,1.113769397473045e-05,16
1.1408401167975275e-06,9.487037213948722e-06,8124,0,6c3869c803a48cd9e520a4c06b6a0c22580338dba337748124010a0ad0cb9410,131072,breakout,129984,389952,202608056110,11,393216,32,768,3264,0.1,16,2.78788390417068e-06,4,4.824011072084463e-05,1.0844441860293373e-05,16
1.1497890839122427e-06,9.865373978727885e-06,8116,8,6c3869c803a48cd9e520a4c06b6a0c22580338dba337748124010a0ad0cb9410,131072,breakout,129984,389952,202608056110,11,393216,32,768,3264,0.1,16,2.9155909590245064e-06,4,5.217427560497517e-05,1.113769397473045e-05,16
3.422934426747884e-06,5.797923353413726e-05,16304,0,6c3869c803a48cd9e520a4c06b6a0c22580338dba337748124010a0ad0cb9410,131072,breakout,65216,195648,202608056110,27,196608,8,768,960,0.3,4,3.500503915878333e-06,4,6.376191935955087e-05,6.376191935955087e-05,4
3.7478431116540714e-06,6.478325501453483e-05,16296,8,6c3869c803a48cd9e520a4c06b6a0c22580338dba337748124010a0ad0cb9410,131072,breakout,65216,195648,202608056110,27,196608,8,768,960,0.3,4,3.836571975566604e-06,4,7.123082895064236e-05,7.123082895064236e-05,4
2.4222564615214297e-06,1.4198808323119582e-05,8124,0,6c3869c803a48cd9e520a4c06b6a0c22580338dba337748124010a0ad0cb9410,131072,breakout,129984,389952,202608056110,27,393216,32,768,3264,0.3,16,4.519275501134409e-06,4,0.00010403635167587038,1.3355651642319957e-05,16
2.439135165134649e-06,1.5605450643256832e-05,8116,8,6c3869c803a48cd9e520a4c06b6a0c22580338dba337748124010a0ad0cb9410,131072,breakout,129984,389952,202608056110,27,393216,32,768,3264,0.3,16,4.877344550552526e-06,4,0.00011363458182692052,1.4455892331571162e-05,16
1.4464036110587448e-06,6.9412079761487185e-06,16304,0,6c3869c803a48cd9e520a4c06b6a0c22580338dba337748124010a0ad0cb9410,131072,breakout,65216,195648,202608056110,48,196608,8,768,960,0.5,4,1.327967251292037e-06,4,7.76026632269085e-06,7.76026632269085e-06,4
1.5954372903074647e-06,8.992480874494609e-06,16296,8,6c3869c803a48cd9e520a4c06b6a0c22580338dba337748124010a0ad0cb9410,131072,breakout,65216,195648,202608056110,48,196608,8,768,960,0.5,4,1.471261989572563e-06,4,1.0247538415761344e-05,1.0247538415761344e-05,4
2.6288796568393087e-06,5.072202299290712e-05,10832,0,6c3869c803a48cd9e520a4c06b6a0c22580338dba337748124010a0ad0cb9410,131072,breakout,43328,389952,202608056110,48,393216,32,768,3264,0.5,4,2.854264215643416e-06,4,5.7642411492502976e-05,5.7642411492502976e-05,4
2.814292877416238e-06,5.647151361106603e-05,10824,8,6c3869c803a48cd9e520a4c06b6a0c22580338dba337748124010a0ad0cb9410,131072,breakout,43328,389952,202608056110,48,393216,32,768,3264,0.5,4,3.0529467205578196e-06,4,6.367127908925908e-05,6.367127908925908e-05,4
1.2763858468270308e-06,4.4969300139709086e-06,21738,0,6c3869c803a48cd9e520a4c06b6a0c22580338dba337748124010a0ad0cb9410,131072,breakout,21738,195642,202608056110,73,196608,8,768,960,0.7,1,2.8619995313271283e-06,4,4.4530584253975016e-05,5.122390236275295e-06,1
1.187000110429565e-06,3.860885248972187e-06,21730,8,6c3869c803a48cd9e520a4c06b6a0c22580338dba337748124010a0ad0cb9410,131072,breakout,21738,195642,202608056110,73,196608,8,768,960,0.7,1,3.1391373981179054e-06,4,5.170305532336154e-05,3.752502059756445e-06,1
5.154379578126875e-06,0.00010213125132701691,10832,0,6c3869c803a48cd9e520a4c06b6a0c22580338dba337748124010a0ad0cb9410,131072,breakout,43328,389952,202608056110,73,393216,32,768,3264,0.7,4,5.588452301104085e-06,4,0.0001159309528027171,0.0001159309528027171,4
5.513002957446631e-06,0.00011202952981072996,10824,8,6c3869c803a48cd9e520a4c06b6a0c22580338dba337748124010a0ad0cb9410,131072,breakout,43328,389952,202608056110,73,393216,32,768,3264,0.7,4,5.946096768729161e-06,4,0.00012617621908934552,0.00012617621908934552,4
1.2763858468270308e-06,4.4969300139709086e-06,21738,0,6c3869c803a48cd9e520a4c06b6a0c22580338dba337748124010a0ad0cb9410,131072,breakout,21738,195642,202608056110,84,196608,8,768,960,0.9,1,3.7398515403856985e-06,4,5.741684505354682e-05,5.122390236275295e-06,1
1.187000110429565e-06,3.860885248972187e-06,21730,8,6c3869c803a48cd9e520a4c06b6a0c22580338dba337748124010a0ad0cb9410,131072,breakout,21738,195642,202608056110,84,196608,8,768,960,0.9,1,4.300317989630115e-06,4,7.041989131365672e-05,3.752502059756445e-06,1
6.469264678323995e-06,0.00014570080389611145,10832,0,6c3869c803a48cd9e520a4c06b6a0c22580338dba337748124010a0ad0cb9410,131072,breakout,43328,389952,202608056110,84,393216,32,768,3264,0.9,4,7.0378805489632045e-06,4,0.00016188352382280583,0.00023702276520634448,1
7.167502989659869e-06,0.00016535644689742382,10824,8,6c3869c803a48cd9e520a4c06b6a0c22580338dba337748124010a0ad0cb9410,131072,breakout,43328,389952,202608056110,84,393216,32,768,3264,0.9,4,7.751785750906456e-06,4,0.00018198183307082145,0.000261909199274505,1
1.2763858468270308e-06,4.4969300139709086e-06,21738,0,6c3869c803a48cd9e520a4c06b6a0c22580338dba337748124010a0ad0cb9410,131072,breakout,21738,195642,202608056110,96,196608,8,768,960,1.0,1,3.7398515403856985e-06,4,5.741684505354682e-05,5.122390236275295e-06,1
1.187000110429565e-06,3.860885248972187e-06,21730,8,6c3869c803a48cd9e520a4c06b6a0c22580338dba337748124010a0ad0cb9410,131072,breakout,21738,195642,202608056110,96,196608,8,768,960,1.0,1,4.300317989630115e-06,4,7.041989131365672e-05,3.752502059756445e-06,1
1.1031764055886363e-05,0.0002465891685305685,11816,0,6c3869c803a48cd9e520a4c06b6a0c22580338dba337748124010a0ad0cb9410,131072,breakout,11816,389928,202608056110,96,393216,32,768,3264,1.0,1,7.0378805489632045e-06,4,0.00016188352382280583,0.00023702276520634448,1
1.1935231253683998e-05,0.00027329790557252185,11808,8,6c3869c803a48cd9e520a4c06b6a0c22580338dba337748124010a0ad0cb9410,131072,breakout,11816,389928,202608056110,96,393216,32,768,3264,1.0,1,7.751785750906456e-06,4,0.00018198183307082145,0.000261909199274505,1
2.946545255920145e-07,2.2769668929091206e-06,8144,0,6c3869c803a48cd9e520a4c06b6a0c22580338dba337748124010a0ad0cb9410,131072,breakout,130304,195456,202608056111,0,196608,8,768,960,0.0,16,1.1631893159817692e-06,4,1.61018196836611e-05,1.705663636433177e-06,16
3.0839947820072854e-07,2.4878255515412013e-06,8136,8,6c3869c803a48cd9e520a4c06b6a0c22580338dba337748124010a0ad0cb9410,131072,breakout,130304,195456,202608056111,0,196608,8,768,960,0.0,16,1.2380775272496432e-06,4,1.7587603556795606e-05,1.8275101377402442e-06,16
3.147314197713885e-07,2.6037679764192244e-06,8124,0,6c3869c803a48cd9e520a4c06b6a0c22580338dba337748124010a0ad0cb9410,131072,breakout,129984,389952,202608056111,0,393216,32,768,3264,0.0,16,2.4005812825231746e-06,4,1.823874179886798e-05,1.705663636433177e-06,16
3.265287382257665e-07,2.8207631034392237e-06,8116,8,6c3869c803a48cd9e520a4c06b6a0c22580338dba337748124010a0ad0cb9410,131072,breakout,129984,389952,202608056111,0,393216,32,768,3264,0.0,16,2.4414674218791792e-06,4,1.9777323371436362e-05,1.8275101377402442e-06,16
6.30897576400724e-07,4.19476333031239e-06,8144,0,6c3869c803a48cd9e520a4c06b6a0c22580338dba337748124010a0ad0cb9410,131072,breakout,130304,195456,202608056111,9,196608,8,768,960,0.1,16,1.5096395859590999e-06,4,2.3848614922860135e-05,3.663290111542593e-06,16
6.491114649534894e-07,4.412592329505748e-06,8136,8,6c3869c803a48cd9e520a4c06b6a0c22580338dba337748124010a0ad0cb9410,131072,breakout,130304,195456,202608056111,9,196608,8,768,960,0.1,16,1.6033554467510704e-06,4,2.6001144359761816e-05,3.7461926320146572e-06,16
6.593343593037228e-07,4.585999230440692e-06,8124,0,6c3869c803a48cd9e520a4c06b6a0c22580338dba337748124010a0ad0cb9410,131072,breakout,129984,389952,202608056111,9,393216,32,768,3264,0.1,16,3.9437951311130286e-06,4,5.779742778294414e-05,3.663290111542593e-06,16
6.73255050297602e-07,4.789706192943733e-06,8116,8,6c3869c803a48cd9e520a4c06b6a0c22580338dba337748124010a0ad0cb9410,131072,breakout,129984,389952,202608056111,9,393216,32,768,3264,0.1,16,4.118321874858486e-06,4,6.26368490028835e-05,3.7461926320146572e-06,16
9.71960125308508e-07,1.9408309267770733e-05,16304,0,6c3869c803a48cd9e520a4c06b6a0c22580338dba337748124010a0ad0cb9410,131072,breakout,65216,195648,202608056111,36,196608,8,768,960,0.3,4,1.0828615632054926e-06,4,2.218567604294443e-05,2.218567604294443e-05,4
1.0289675458479682e-06,2.0726476497421762e-05,16296,8,6c3869c803a48cd9e520a4c06b6a0c22580338dba337748124010a0ad0cb9410,131072,breakout,65216,195648,202608056111,36,196608,8,768,960,0.3,4,1.1523694791801102e-06,4,2.381744845088702e-05,2.381744845088702e-05,4
2.075300613546506e-06,2.8127135027889057e-05,10832,0,6c3869c803a48cd9e520a4c06b6a0c22580338dba337748124010a0ad0cb9410,131072,breakout,43328,389952,202608056111,36,393216,32,768,3264,0.3,4,1.8410404211780167e-06,4,2.4383403319717894e-05,7.135110233187486e-06,16
2.1890193696954174e-06,3.0949828343113446e-05,10824,8,6c3869c803a48cd9e520a4c06b6a0c22580338dba337748124010a0ad0cb9410,131072,breakout,43328,389952,202608056111,36,393216,32,768,3264,0.3,4,1.939420774806337e-06,4,2.6918457923695713e-05,7.854055209402982e-06,16
1.5842421962484589e-06,3.430249996160338e-05,16304,0,6c3869c803a48cd9e520a4c06b6a0c22580338dba337748124010a0ad0cb9410,131072,breakout,65216,195648,202608056111,44,196608,8,768,960,0.5,4,1.7357230293935202e-06,4,3.790375168055048e-05,3.790375168055048e-05,4
1.7228296836852489e-06,3.76915992475631e-05,16296,8,6c3869c803a48cd9e520a4c06b6a0c22580338dba337748124010a0ad0cb9410,131072,breakout,65216,195648,202608056111,44,196608,8,768,960,0.5,4,1.8876942058022164e-06,4,4.167886852653563e-05,4.167886852653563e-05,4
2.410025558561298e-06,3.9400024872958316e-05,10832,0,6c3869c803a48cd9e520a4c06b6a0c22580338dba337748124010a0ad0cb9410,131072,breakout,43328,389952,202608056111,44,393216,32,768,3264,0.5,4,2.3406086439568616e-06,4,3.709513235378617e-05,3.709513235378617e-05,4
2.6442008047246197e-06,4.513567871482086e-05,10824,8,6c3869c803a48cd9e520a4c06b6a0c22580338dba337748124010a0ad0cb9410,131072,breakout,43328,389952,202608056111,44,393216,32,768,3264,0.5,4,2.5736470733123334e-06,4,4.275151395881142e-05,4.275151395881142e-05,4
2.1631614017565795e-06,1.82830165881997e-05,21738,0,6c3869c803a48cd9e520a4c06b6a0c22580338dba337748124010a0ad0cb9410,131072,breakout,21738,195642,202608056111,72,196608,8,768,960,0.7,1,1.6740028132603022e-06,4,3.0357181811774136e-05,2.1870128657825884e-05,1
1.967715270907219e-06,1.2666635472265665e-05,21730,8,6c3869c803a48cd9e520a4c06b6a0c22580338dba337748124010a0ad0cb9410,131072,breakout,21738,195642,202608056111,72,196608,8,768,960,0.7,1,1.8291606222582138e-06,4,3.4215807079919786e-05,1.5872504532530527e-05,1
4.371835361360091e-06,7.411735252604503e-05,10832,0,6c3869c803a48cd9e520a4c06b6a0c22580338dba337748124010a0ad0cb9410,131072,breakout,43328,389952,202608056111,72,393216,32,768,3264,0.7,4,4.2654615205566305e-06,4,7.181081062923104e-05,7.181081062923104e-05,4
4.749336139480178e-06,8.363658371544227e-05,10824,8,6c3869c803a48cd9e520a4c06b6a0c22580338dba337748124010a0ad0cb9410,131072,breakout,43328,389952,202608056111,72,393216,32,768,3264,0.7,4,4.648914869584736e-06,4,8.13831983172181e-05,8.13831983172181e-05,4
2.1631614017565795e-06,1.82830165881997e-05,21738,0,6c3869c803a48cd9e520a4c06b6a0c22580338dba337748124010a0ad0cb9410,131072,breakout,21738,195642,202608056111,83,196608,8,768,960,0.9,1,2.792504881961867e-06,4,6.121480679657502e-05,2.1870128657825884e-05,1
1.967715270907219e-06,1.2666635472265665e-05,21730,8,6c3869c803a48cd9e520a4c06b6a0c22580338dba337748124010a0ad0cb9410,131072,breakout,21738,195642,202608056111,83,196608,8,768,960,0.9,1,3.155673294734971e-06,4,7.054162878210084e-05,1.5872504532530527e-05,1
8.152053901048487e-06,0.0001666269022448627,10832,0,6c3869c803a48cd9e520a4c06b6a0c22580338dba337748124010a0ad0cb9410,131072,breakout,43328,389952,202608056111,83,393216,32,768,3264,0.9,4,7.967469327218926e-06,4,0.0001608252400076522,0.0002161888914707121,1
9.023332596156198e-06,0.00018834094532605447,10824,8,6c3869c803a48cd9e520a4c06b6a0c22580338dba337748124010a0ad0cb9410,131072,breakout,43328,389952,202608056111,83,393216,32,768,3264,0.9,4,8.856516046303769e-06,4,0.00018271166421088026,0.00025342988238151866,1
2.1631614017565795e-06,1.82830165881997e-05,21738,0,6c3869c803a48cd9e520a4c06b6a0c22580338dba337748124010a0ad0cb9410,131072,breakout,21738,195642,202608056111,96,196608,8,768,960,1.0,1,3.6732210218126694e-06,4,7.882370038784521e-05,2.1870128657825884e-05,1
1.967715270907219e-06,1.2666635472265665e-05,21730,8,6c3869c803a48cd9e520a4c06b6a0c22580338dba337748124010a0ad0cb9410,131072,breakout,21738,195642,202608056111,96,196608,8,768,960,1.0,1,4.403027053247947e-06,4,9.684011579972464e-05,1.5872504532530527e-05,1
1.2208817528143983e-05,0.00023073274951638278,11816,0,6c3869c803a48cd9e520a4c06b6a0c22580338dba337748124010a0ad0cb9410,131072,breakout,11816,389928,202608056111,96,393216,32,768,3264,1.0,1,1.0377676256739273e-05,4,0.0001909576738643259,0.0002161888914707121,1
1.3880680269980274e-05,0.00026949244040013045,11808,8,6c3869c803a48cd9e520a4c06b6a0c22580338dba337748124010a0ad0cb9410,131072,breakout,11816,389928,202608056111,96,393216,32,768,3264,1.0,1,1.1923294693338585e-05,4,0.0002269665373563853,0.00025342988238151866,1
5.719927140424727e-07,2.000253495694168e-06,8144,0,6c3869c803a48cd9e520a4c06b6a0c22580338dba337748124010a0ad0cb9410,131072,breakout,130304,195456,202608056112,0,196608,8,768,960,0.0,16,9.537915866311364e-07,4,5.717099861234775e-06,2.2180018038628785e-06,16
5.717333936757592e-07,1.9957113125708068e-06,8136,8,6c3869c803a48cd9e520a4c06b6a0c22580338dba337748124010a0ad0cb9410,131072,breakout,130304,195456,202608056112,0,196608,8,768,960,0.0,16,9.691974477417376e-07,4,6.140967059596835e-06,2.2407251762783095e-06,16
5.704035476684685e-07,1.945637484595503e-06,8124,0,6c3869c803a48cd9e520a4c06b6a0c22580338dba337748124010a0ad0cb9410,131072,breakout,129984,389952,202608056112,0,393216,32,768,3264,0.0,16,1.7056457446617933e-06,4,2.1213782652168973e-05,2.2180018038628785e-06,16
5.711540003047839e-07,1.9459298011917232e-06,8116,8,6c3869c803a48cd9e520a4c06b6a0c22580338dba337748124010a0ad0cb9410,131072,breakout,129984,389952,202608056112,0,393216,32,768,3264,0.0,16,1.71063375903968e-06,4,2.1803139989180988e-05,2.2407251762783095e-06,16
4.7328940118572205e-07,2.4813005265276417e-06,8144,0,6c3869c803a48cd9e520a4c06b6a0c22580338dba337748124010a0ad0cb9410,131072,breakout,130304,195456,202608056112,5,196608,8,768,960,0.1,16,9.537915866311364e-07,4,5.717099861234775e-06,2.8200573996916e-06,16
4.7527070975067636e-07,2.5262004033273633e-06,8136,8,6c3869c803a48cd9e520a4c06b6a0c22580338dba337748124010a0ad0cb9410,131072,breakout,130304,195456,202608056112,5,196608,8,768,960,0.1,16,9.691974477417376e-07,4,6.140967059596835e-06,2.9349234564754646e-06,16
4.6438020665236544e-07,2.2988227732676783e-06,8124,0,6c3869c803a48cd9e520a4c06b6a0c22580338dba337748124010a0ad0cb9410,131072,breakout,129984,389952,202608056112,5,393216,32,768,3264,0.1,16,1.7056457446617933e-06,4,2.1213782652168973e-05,2.8200573996916e-06,16
4.6794709402925196e-07,2.353244416443562e-06,8116,8,6c3869c803a48cd9e520a4c06b6a0c22580338dba337748124010a0ad0cb9410,131072,breakout,129984,389952,202608056112,5,393216,32,768,3264,0.1,16,1.71063375903968e-06,4,2.1803139989180988e-05,2.9349234564754646e-06,16
1.1515209369291696e-06,4.44983495942128e-06,16304,0,6c3869c803a48cd9e520a4c06b6a0c22580338dba337748124010a0ad0cb9410,131072,breakout,65216,195648,202608056112,32,196608,8,768,960,0.3,4,1.173531851151948e-06,4,4.910739021129778e-06,4.910739021129778e-06,4
1.1817798105728584e-06,4.8779943623380765e-06,16296,8,6c3869c803a48cd9e520a4c06b6a0c22580338dba337748124010a0ad0cb9410,131072,breakout,65216,195648,202608056112,32,196608,8,768,960,0.3,4,1.216614910100597e-06,4,5.513942810355288e-06,5.513942810355288e-06,4
5.423565469211864e-07,1.6747184231835402e-06,10832,0,6c3869c803a48cd9e520a4c06b6a0c22580338dba337748124010a0ad0cb9410,131072,breakout,43328,389952,202608056112,32,393216,32,768,3264,0.3,4,6.46816087687511e-07,4,2.5224313471526642e-06,5.491958390647133e-06,16
5.532243800701395e-07,1.980520467228389e-06,10824,8,6c3869c803a48cd9e520a4c06b6a0c22580338dba337748124010a0ad0cb9410,131072,breakout,43328,389952,202608056112,32,393216,32,768,3264,0.3,4,6.682264851381091e-07,4,3.0866579049812523e-06,6.460479653994157e-06,16
1.6064944231879894e-06,1.2093487255099323e-05,16304,0,6c3869c803a48cd9e520a4c06b6a0c22580338dba337748124010a0ad0cb9410,131072,breakout,65216,195648,202608056112,45,196608,8,768,960,0.5,4,1.623718637265561e-06,4,1.293734674491148e-05,1.293734674491148e-05,4
1.7194465374886302e-06,1.4208356316106849e-05,16296,8,6c3869c803a48cd9e520a4c06b6a0c22580338dba337748124010a0ad0cb9410,131072,breakout,65216,195648,202608056112,45,196608,8,768,960,0.5,4,1.7556839173855548e-06,4,1.5369739404301402e-05,1.5369739404301402e-05,4
6.937610578699331e-07,2.4137669549294334e-06,10832,0,6c3869c803a48cd9e520a4c06b6a0c22580338dba337748124010a0ad0cb9410,131072,breakout,43328,389952,202608056112,45,393216,32,768,3264,0.5,4,7.526839231093055e-07,4,2.523880542670169e-06,2.523880542670169e-06,4
6.807693248740668e-07,2.1991485581393484e-06,10824,8,6c3869c803a48cd9e520a4c06b6a0c22580338dba337748124010a0ad0cb9410,131072,breakout,43328,389952,202608056112,45,393216,32,768,3264,0.5,4,7.609218595240545e-07,4,2.947355429244943e-06,2.947355429244943e-06,4
3.167685144236814e-06,1.2404146260234281e-05,21738,0,6c3869c803a48cd9e520a4c06b6a0c22580338dba337748124010a0ad0cb9410,131072,breakout,21738,195642,202608056112,71,196608,8,768,960,0.7,1,1.618357872132784e-06,4,8.949534977447804e-06,1.1414470052886522e-05,1
3.0572986861188803e-06,1.0425986917779287e-05,21730,8,6c3869c803a48cd9e520a4c06b6a0c22580338dba337748124010a0ad0cb9410,131072,breakout,21738,195642,202608056112,71,196608,8,768,960,0.7,1,1.7545224250904966e-06,4,1.13570074996734e-05,9.919623160395714e-06,1
2.7576148538849432e-06,3.215147826004653e-05,10832,0,6c3869c803a48cd9e520a4c06b6a0c22580338dba337748124010a0ad0cb9410,131072,breakout,43328,389952,202608056112,71,393216,32,768,3264,0.7,4,2.620524391114632e-06,4,2.6505441693785647e-05,2.6505441693785647e-05,4
2.5783019476837003e-06,2.613482991624586e-05,10824,8,6c3869c803a48cd9e520a4c06b6a0c22580338dba337748124010a0ad0cb9410,131072,breakout,43328,389952,202608056112,71,393216,32,768,3264,0.7,4,2.4673705238397063e-06,4,2.167030043100332e-05,2.167030043100332e-05,4
1.3952414738603875e-06,7.863184537358766e-06,21738,0,6c3869c803a48cd9e520a4c06b6a0c22580338dba337748124010a0ad0cb9410,131072,breakout,21738,195642,202608056112,86,196608,8,768,960,0.9,1,3.629246040877506e-06,4,2.062185149974754e-05,9.593590462690606e-06,1
1.294935221683833e-06,5.071055622860049e-06,21730,8,6c3869c803a48cd9e520a4c06b6a0c22580338dba337748124010a0ad0cb9410,131072,breakout,21738,195642,202608056112,86,196608,8,768,960,0.9,1,3.9874805404810974e-06,4,2.6786276262306902e-05,5.937084384339527e-06,1
3.6857306124712483e-06,1.5724932056931565e-05,11816,0,6c3869c803a48cd9e520a4c06b6a0c22580338dba337748124010a0ad0cb9410,131072,breakout,11816,389928,202608056112,86,393216,32,768,3264,0.9,1,5.000874551293664e-06,4,3.948341575950085e-05,1.5466623276321502e-05,1
3.6479123056256646e-06,1.2970998590960726e-05,11808,8,6c3869c803a48cd9e520a4c06b6a0c22580338dba337748124010a0ad0cb9410,131072,breakout,11816,389928,202608056112,86,393216,32,768,3264,0.9,1,4.635196122912329e-06,4,2.989396006816789e-05,1.3460720395973516e-05,1
1.3952414738603875e-06,7.863184537358766e-06,21738,0,6c3869c803a48cd9e520a4c06b6a0c22580338dba337748124010a0ad0cb9410,131072,breakout,21738,195642,202608056112,96,196608,8,768,960,1.0,1,3.629246040877506e-06,4,2.062185149974754e-05,9.593590462690606e-06,1
1.294935221683833e-06,5.071055622860049e-06,21730,8,6c3869c803a48cd9e520a4c06b6a0c22580338dba337748124010a0ad0cb9410,131072,breakout,21738,195642,202608056112,96,196608,8,768,960,1.0,1,3.9874805404810974e-06,4,2.6786276262306902e-05,5.937084384339527e-06,1
3.6857306124712483e-06,1.5724932056931565e-05,11816,0,6c3869c803a48cd9e520a4c06b6a0c22580338dba337748124010a0ad0cb9410,131072,breakout,11816,389928,202608056112,96,393216,32,768,3264,1.0,1,5.000874551293664e-06,4,3.948341575950085e-05,1.5466623276321502e-05,1
3.6479123056256646e-06,1.2970998590960726e-05,11808,8,6c3869c803a48cd9e520a4c06b6a0c22580338dba337748124010a0ad0cb9410,131072,breakout,11816,389928,202608056112,96,393216,32,768,3264,1.0,1,4.635196122912329e-06,4,2.989396006816789e-05,1.3460720395973516e-05,1
1.2628045083393333e-06,2.7575869941653368e-05,8144,0,6c3869c803a48cd9e520a4c06b6a0c22580338dba337748124010a0ad0cb9410,131072,breakout,130304,195456,202608056113,0,196608,8,768,960,0.0,16,2.4688075984656025e-07,4,1.09667042143144e-06,2.763332328085981e-05,16
1.2961682706153591e-06,2.8579772158116657e-05,8136,8,6c3869c803a48cd9e520a4c06b6a0c22580338dba337748124010a0ad0cb9410,131072,breakout,130304,195456,202608056113,0,196608,8,768,960,0.0,16,2.4936119723518506e-07,4,9.051172264940853e-07,2.8702877486743946e-05,16
1.2564112405338953e-06,2.7502860136642804e-05,8124,0,6c3869c803a48cd9e520a4c06b6a0c22580338dba337748124010a0ad0cb9410,131072,breakout,129984,389952,202608056113,0,393216,32,768,3264,0.0,16,3.765323134350516e-07,4,3.754031661785591e-06,2.763332328085981e-05,16
1.2900719142637636e-06,2.846125581125631e-05,8116,8,6c3869c803a48cd9e520a4c06b6a0c22580338dba337748124010a0ad0cb9410,131072,breakout,129984,389952,202608056113,0,393216,32,768,3264,0.0,16,3.9872081695923295e-07,4,4.3258665345393824e-06,2.8702877486743946e-05,16
1.4189107155020552e-06,1.4125183665302191e-05,16304,0,6c3869c803a48cd9e520a4c06b6a0c22580338dba337748124010a0ad0cb9410,131072,breakout,65216,195648,202608056113,13,196608,8,768,960,0.1,4,1.422937670635123e-06,4,1.3788419709614163e-05,9.364333242789378e-06,16
1.3479896963039202e-06,1.2012880983824067e-05,16296,8,6c3869c803a48cd9e520a4c06b6a0c22580338dba337748124010a0ad0cb9410,131072,breakout,65216,195648,202608056113,13,196608,8,768,960,0.1,4,1.3513120428396205e-06,4,1.1811850831607862e-05,8.854111397853895e-06,16
8.773948773560685e-07,9.06179151383567e-06,8124,0,6c3869c803a48cd9e520a4c06b6a0c22580338dba337748124010a0ad0cb9410,131072,breakout,129984,389952,202608056113,13,393216,32,768,3264,0.1,16,7.154574150733461e-07,4,1.0646532118884575e-05,9.364333242789378e-06,16
8.495598647989315e-07,8.697010073457485e-06,8116,8,6c3869c803a48cd9e520a4c06b6a0c22580338dba337748124010a0ad0cb9410,131072,breakout,129984,389952,202608056113,13,393216,32,768,3264,0.1,16,7.028285937158929e-07,4,9.855129206990432e-06,8.854111397853895e-06,16
1.4189107155020552e-06,1.4125183665302191e-05,16304,0,6c3869c803a48cd9e520a4c06b6a0c22580338dba337748124010a0ad0cb9410,131072,breakout,65216,195648,202608056113,25,196608,8,768,960,0.3,4,1.422937670635123e-06,4,1.3788419709614163e-05,1.3788419709614163e-05,4
1.3479896963039202e-06,1.2012880983824067e-05,16296,8,6c3869c803a48cd9e520a4c06b6a0c22580338dba337748124010a0ad0cb9410,131072,breakout,65216,195648,202608056113,25,196608,8,768,960,0.3,4,1.3513120428396205e-06,4,1.1811850831607862e-05,1.1811850831607862e-05,4
4.082242825283861e-07,1.3330387469330014e-06,8124,0,6c3869c803a48cd9e520a4c06b6a0c22580338dba337748124010a0ad0cb9410,131072,breakout,129984,389952,202608056113,25,393216,32,768,3264,0.3,16,7.154574150733461e-07,4,1.0646532118884575e-05,1.4416988634779852e-06,16
4.016403408779896e-07,1.2889650993620153e-06,8116,8,6c3869c803a48cd9e520a4c06b6a0c22580338dba337748124010a0ad0cb9410,131072,breakout,129984,389952,202608056113,25,393216,32,768,3264,0.3,16,7.028285937158929e-07,4,9.855129206990432e-06,1.3982296579220965e-06,16
3.512344497674151e-06,7.67482840488218e-05,16304,0,6c3869c803a48cd9e520a4c06b6a0c22580338dba337748124010a0ad0cb9410,131072,breakout,65216,195648,202608056113,55,196608,8,768,960,0.5,4,3.6004179139503887e-06,4,8.024374808814308e-05,8.024374808814308e-05,4
3.3040456111960488e-06,7.091121740522986e-05,16296,8,6c3869c803a48cd9e520a4c06b6a0c22580338dba337748124010a0ad0cb9410,131072,breakout,65216,195648,202608056113,55,196608,8,768,960,0.5,4,3.4013848937253417e-06,4,7.486784251455903e-05,7.486784251455903e-05,4
4.985288475867923e-06,9.097927317175912e-05,10832,0,6c3869c803a48cd9e520a4c06b6a0c22580338dba337748124010a0ad0cb9410,131072,breakout,43328,389952,202608056113,55,393216,32,768,3264,0.5,4,4.959703787497187e-06,4,9.171559682758151e-05,9.171559682758151e-05,4
4.796264190653695e-06,8.590668286914422e-05,10824,8,6c3869c803a48cd9e520a4c06b6a0c22580338dba337748124010a0ad0cb9410,131072,breakout,43328,389952,202608056113,55,393216,32,768,3264,0.5,4,4.75098744118058e-06,4,8.625211946023711e-05,8.625211946023711e-05,4
7.843622667719814e-06,0.00014179641470823544,16304,0,6c3869c803a48cd9e520a4c06b6a0c22580338dba337748124010a0ad0cb9410,131072,breakout,65216,195648,202608056113,58,196608,8,768,960,0.7,4,8.089995053953985e-06,4,0.00014846210845095926,0.00013155693278093416,1
7.078699050028537e-06,0.00012154603839095978,16296,8,6c3869c803a48cd9e520a4c06b6a0c22580338dba337748124010a0ad0cb9410,131072,breakout,65216,195648,202608056113,58,196608,8,768,960,0.7,4,7.335601800418913e-06,4,0.00012887656358039353,0.00010892329293645005,1
1.181697762750553e-05,0.00023477729294807856,10832,0,6c3869c803a48cd9e520a4c06b6a0c22580338dba337748124010a0ad0cb9410,131072,breakout,43328,389952,202608056113,58,393216,32,768,3264,0.7,4,1.1077987103469949e-05,4,0.00021806101036321135,0.00021806101036321135,4
1.1434090642624179e-05,0.0002233830337744158,10824,8,6c3869c803a48cd9e520a4c06b6a0c22580338dba337748124010a0ad0cb9410,131072,breakout,43328,389952,202608056113,58,393216,32,768,3264,0.7,4,1.065083579663835e-05,4,0.00020579624233362114,0.00020579624233362114,4
4.5844348956537135e-06,0.00011299377258760047,21738,0,6c3869c803a48cd9e520a4c06b6a0c22580338dba337748124010a0ad0cb9410,131072,breakout,21738,195642,202608056113,82,196608,8,768,960,0.9,1,8.089995053953985e-06,4,0.00014846210845095926,0.00013155693278093416,1
3.7916357679550064e-06,9.186002311195757e-05,21730,8,6c3869c803a48cd9e520a4c06b6a0c22580338dba337748124010a0ad0cb9410,131072,breakout,21738,195642,202608056113,82,196608,8,768,960,0.9,1,7.335601800418913e-06,4,0.00012887656358039353,0.00010892329293645005,1
1.181697762750553e-05,0.00023477729294807856,10832,0,6c3869c803a48cd9e520a4c06b6a0c22580338dba337748124010a0ad0cb9410,131072,breakout,43328,389952,202608056113,82,393216,32,768,3264,0.9,4,1.1077987103469949e-05,4,0.00021806101036321135,0.00018093158676895692,1
1.1434090642624179e-05,0.0002233830337744158,10824,8,6c3869c803a48cd9e520a4c06b6a0c22580338dba337748124010a0ad0cb9410,131072,breakout,43328,389952,202608056113,82,393216,32,768,3264,0.9,4,1.065083579663835e-05,4,0.00020579624233362114,0.0001628326410461105,1
4.5844348956537135e-06,0.00011299377258760047,21738,0,6c3869c803a48cd9e520a4c06b6a0c22580338dba337748124010a0ad0cb9410,131072,breakout,21738,195642,202608056113,96,196608,8,768,960,1.0,1,8.089995053953985e-06,4,0.00014846210845095926,0.00013155693278093416,1
3.7916357679550064e-06,9.186002311195757e-05,21730,8,6c3869c803a48cd9e520a4c06b6a0c22580338dba337748124010a0ad0cb9410,131072,breakout,21738,195642,202608056113,96,196608,8,768,960,1.0,1,7.335601800418913e-06,4,0.00012887656358039353,0.00010892329293645005,1
1.182969546869301e-05,0.00016769852867077218,11816,0,6c3869c803a48cd9e520a4c06b6a0c22580338dba337748124010a0ad0cb9410,131072,breakout,11816,389928,202608056113,96,393216,32,768,3264,1.0,1,1.1077987103469949e-05,4,0.00021806101036321135,0.00018093158676895692,1
1.1032340656788816e-05,0.00014828060596685193,11808,8,6c3869c803a48cd9e520a4c06b6a0c22580338dba337748124010a0ad0cb9410,131072,breakout,11816,389928,202608056113,96,393216,32,768,3264,1.0,1,1.065083579663835e-05,4,0.00020579624233362114,0.0001628326410461105,1
3.4219934189676715e-07,5.9344701826370545e-06,8144,0,6c3869c803a48cd9e520a4c06b6a0c22580338dba337748124010a0ad0cb9410,131072,breakout,130304,195456,202608056114,0,196608,8,768,960,0.0,16,4.2991351923145723e-07,4,4.450268129916846e-06,5.596752364045572e-06,16
3.583160820723379e-07,6.310736802424945e-06,8136,8,6c3869c803a48cd9e520a4c06b6a0c22580338dba337748124010a0ad0cb9410,131072,breakout,130304,195456,202608056114,0,196608,8,768,960,0.0,16,4.611753466361397e-07,4,5.196784769430402e-06,5.860289881696697e-06,16
3.494127099675475e-07,6.125585358856469e-06,8124,0,6c3869c803a48cd9e520a4c06b6a0c22580338dba337748124010a0ad0cb9410,131072,breakout,129984,389952,202608056114,0,393216,32,768,3264,0.0,16,5.070156005641137e-07,4,2.436659882278978e-06,5.596752364045572e-06,16
3.645336308925373e-07,6.475687164685701e-06,8116,8,6c3869c803a48cd9e520a4c06b6a0c22580338dba337748124010a0ad0cb9410,131072,breakout,129984,389952,202608056114,0,393216,32,768,3264,0.0,16,4.873526241432167e-07,4,2.0068252952242384e-06,5.860289881696697e-06,16
6.25509866095374e-07,1.3724988576324377e-05,8144,0,6c3869c803a48cd9e520a4c06b6a0c22580338dba337748124010a0ad0cb9410,131072,breakout,130304,195456,202608056114,7,196608,8,768,960,0.1,16,1.1711409501327133e-06,4,7.896131313743801e-06,1.2925498650560517e-05,16
6.323398818821729e-07,1.3967630671059332e-05,8136,8,6c3869c803a48cd9e520a4c06b6a0c22580338dba337748124010a0ad0cb9410,131072,breakout,130304,195456,202608056114,7,196608,8,768,960,0.1,16,1.2316300444139606e-06,4,9.070927542360346e-06,1.3085606703581265e-05,16
6.412105634654661e-07,1.4155950776315448e-05,8124,0,6c3869c803a48cd9e520a4c06b6a0c22580338dba337748124010a0ad0cb9410,131072,breakout,129984,389952,202608056114,7,393216,32,768,3264,0.1,16,5.76107592641434e-07,4,2.027961256424354e-06,1.2925498650560517e-05,16
6.491281431612925e-07,1.4418289599317759e-05,8116,8,6c3869c803a48cd9e520a4c06b6a0c22580338dba337748124010a0ad0cb9410,131072,breakout,129984,389952,202608056114,7,393216,32,768,3264,0.1,16,5.793232875873533e-07,4,1.9520885677252428e-06,1.3085606703581265e-05,16
2.803399155403244e-06,2.0392293561621915e-05,16304,0,6c3869c803a48cd9e520a4c06b6a0c22580338dba337748124010a0ad0cb9410,131072,breakout,65216,195648,202608056114,18,196608,8,768,960,0.3,4,2.9845654168596848e-06,4,2.1438759950286965e-05,2.1438759950286965e-05,4
2.673881174784416e-06,1.6856465164851708e-05,16296,8,6c3869c803a48cd9e520a4c06b6a0c22580338dba337748124010a0ad0cb9410,131072,breakout,65216,195648,202608056114,18,196608,8,768,960,0.3,4,2.8469141290260265e-06,4,1.7947670511619073e-05,1.7947670511619073e-05,4
3.49789197052865e-06,4.772922483542348e-05,8124,0,6c3869c803a48cd9e520a4c06b6a0c22580338dba337748124010a0ad0cb9410,131072,breakout,129984,389952,202608056114,18,393216,32,768,3264,0.3,16,9.673381878178677e-07,4,7.1113728472365785e-06,4.498549401575356e-05,16
3.5853373182126682e-06,4.957161771931357e-05,8116,8,6c3869c803a48cd9e520a4c06b6a0c22580338dba337748124010a0ad0cb9410,131072,breakout,129984,389952,202608056114,18,393216,32,768,3264,0.3,16,8.989145178880638e-07,4,5.9451703504790095e-06,4.622963006019975e-05,16
9.166993960600343e-07,5.519340899387304e-06,16304,0,6c3869c803a48cd9e520a4c06b6a0c22580338dba337748124010a0ad0cb9410,131072,breakout,65216,195648,202608056114,44,196608,8,768,960,0.5,4,1.035502252373339e-06,4,6.065901413485527e-06,6.065901413485527e-06,4
8.910824452905772e-07,4.37500119392515e-06,16296,8,6c3869c803a48cd9e520a4c06b6a0c22580338dba337748124010a0ad0cb9410,131072,breakout,65216,195648,202608056114,44,196608,8,768,960,0.5,4,1.0153244966085688e-06,4,4.92961537483427e-06,4.92961537483427e-06,4
1.0032384832845562e-06,1.3062014237841074e-05,10832,0,6c3869c803a48cd9e520a4c06b6a0c22580338dba337748124010a0ad0cb9410,131072,breakout,43328,389952,202608056114,44,393216,32,768,3264,0.5,4,8.268689463593113e-07,4,1.1391594399297657e-05,1.1391594399297657e-05,4
9.574113035332673e-07,1.1690381620641473e-05,10824,8,6c3869c803a48cd9e520a4c06b6a0c22580338dba337748124010a0ad0cb9410,131072,breakout,43328,389952,202608056114,44,393216,32,768,3264,0.5,4,7.694222171216086e-07,4,9.802994809937066e-06,9.802994809937066e-06,4
4.8498395749329605e-06,2.059231618492835e-05,21738,0,6c3869c803a48cd9e520a4c06b6a0c22580338dba337748124010a0ad0cb9410,131072,breakout,21738,195642,202608056114,67,196608,8,768,960,0.7,1,4.81608192297306e-06,4,3.9411410657756694e-05,1.9512316145281817e-05,1
4.848256583067762e-06,1.772457499003048e-05,21730,8,6c3869c803a48cd9e520a4c06b6a0c22580338dba337748124010a0ad0cb9410,131072,breakout,21738,195642,202608056114,67,196608,8,768,960,0.7,1,4.5587478675365e-06,4,3.1309418131527884e-05,1.6371623835993418e-05,1
1.8831893801635155e-06,1.210343770691777e-05,10832,0,6c3869c803a48cd9e520a4c06b6a0c22580338dba337748124010a0ad0cb9410,131072,breakout,43328,389952,202608056114,67,393216,32,768,3264,0.7,4,1.7416042075255336e-06,4,1.3760700828317883e-05,1.3760700828317883e-05,4
1.736287532024579e-06,9.746005289355267e-06,10824,8,6c3869c803a48cd9e520a4c06b6a0c22580338dba337748124010a0ad0cb9410,131072,breakout,43328,389952,202608056114,67,393216,32,768,3264,0.7,4,1.5676030283161404e-06,4,1.0724241836875142e-05,1.0724241836875142e-05,4
4.8498395749329605e-06,2.059231618492835e-05,21738,0,6c3869c803a48cd9e520a4c06b6a0c22580338dba337748124010a0ad0cb9410,131072,breakout,21738,195642,202608056114,85,196608,8,768,960,0.9,1,4.81608192297306e-06,4,3.9411410657756694e-05,1.9512316145281817e-05,1
4.848256583067762e-06,1.772457499003048e-05,21730,8,6c3869c803a48cd9e520a4c06b6a0c22580338dba337748124010a0ad0cb9410,131072,breakout,21738,195642,202608056114,85,196608,8,768,960,0.9,1,4.5587478675365e-06,4,3.1309418131527884e-05,1.6371623835993418e-05,1
1.8831893801635155e-06,1.210343770691777e-05,10832,0,6c3869c803a48cd9e520a4c06b6a0c22580338dba337748124010a0ad0cb9410,131072,breakout,43328,389952,202608056114,85,393216,32,768,3264,0.9,4,1.7416042075255336e-06,4,1.3760700828317883e-05,3.777430535670917e-05,1
1.736287532024579e-06,9.746005289355267e-06,10824,8,6c3869c803a48cd9e520a4c06b6a0c22580338dba337748124010a0ad0cb9410,131072,breakout,43328,389952,202608056114,85,393216,32,768,3264,0.9,4,1.5676030283161404e-06,4,1.0724241836875142e-05,3.054689396313373e-05,1
4.8498395749329605e-06,2.059231618492835e-05,21738,0,6c3869c803a48cd9e520a4c06b6a0c22580338dba337748124010a0ad0cb9410,131072,breakout,21738,195642,202608056114,96,196608,8,768,960,1.0,1,4.81608192297306e-06,4,3.9411410657756694e-05,1.9512316145281817e-05,1
4.848256583067762e-06,1.772457499003048e-05,21730,8,6c3869c803a48cd9e520a4c06b6a0c22580338dba337748124010a0ad0cb9410,131072,breakout,21738,195642,202608056114,96,196608,8,768,960,1.0,1,4.5587478675365e-06,4,3.1309418131527884e-05,1.6371623835993418e-05,1
2.463979586198459e-06,3.717613727738232e-05,11816,0,6c3869c803a48cd9e520a4c06b6a0c22580338dba337748124010a0ad0cb9410,131072,breakout,11816,389928,202608056114,96,393216,32,768,3264,1.0,1,1.7416042075255336e-06,4,1.3760700828317883e-05,3.777430535670917e-05,1
2.1714230419338853e-06,3.0059649179016114e-05,11808,8,6c3869c803a48cd9e520a4c06b6a0c22580338dba337748124010a0ad0cb9410,131072,breakout,11816,389928,202608056114,96,393216,32,768,3264,1.0,1,1.5676030283161404e-06,4,1.0724241836875142e-05,3.054689396313373e-05,1
8.759252708364867e-07,1.5058774258777047e-05,8144,0,6c3869c803a48cd9e520a4c06b6a0c22580338dba337748124010a0ad0cb9410,131072,breakout,130304,195456,202608056115,0,196608,8,768,960,0.0,16,5.167392248944474e-07,4,1.6898350773472102e-06,1.4770184098341598e-05,16
8.552829303071272e-07,1.4608442958652534e-05,8136,8,6c3869c803a48cd9e520a4c06b6a0c22580338dba337748124010a0ad0cb9410,131072,breakout,130304,195456,202608056115,0,196608,8,768,960,0.0,16,5.122786073765066e-07,4,1.714930370204889e-06,1.4284061679032984e-05,16
8.606505394686736e-07,1.4892862559986341e-05,8124,0,6c3869c803a48cd9e520a4c06b6a0c22580338dba337748124010a0ad0cb9410,131072,breakout,129984,389952,202608056115,0,393216,32,768,3264,0.0,16,4.363221373385729e-07,4,8.077385676527248e-06,1.4770184098341598e-05,16
8.389335205492468e-07,1.441697787244622e-05,8116,8,6c3869c803a48cd9e520a4c06b6a0c22580338dba337748124010a0ad0cb9410,131072,breakout,129984,389952,202608056115,0,393216,32,768,3264,0.0,16,3.8944394718430844e-07,4,6.923134362338689e-06,1.4284061679032984e-05,16
1.1876919468992602e-06,1.7284833425038214e-05,8144,0,6c3869c803a48cd9e520a4c06b6a0c22580338dba337748124010a0ad0cb9410,131072,breakout,130304,195456,202608056115,7,196608,8,768,960,0.1,16,2.4820335431396505e-07,4,1.8466313951277413e-06,1.760421709437161e-05,16
1.1725906929213469e-06,1.6806593119789958e-05,8136,8,6c3869c803a48cd9e520a4c06b6a0c22580338dba337748124010a0ad0cb9410,131072,breakout,130304,195456,202608056115,7,196608,8,768,960,0.1,16,2.5888350540565753e-07,4,2.311061495842427e-06,1.743285411020724e-05,16
1.1525162368270777e-06,1.636044402947243e-05,8124,0,6c3869c803a48cd9e520a4c06b6a0c22580338dba337748124010a0ad0cb9410,131072,breakout,129984,389952,202608056115,7,393216,32,768,3264,0.1,16,1.0360193451454155e-06,4,1.7045141614054085e-05,1.760421709437161e-05,16
1.1376260968116311e-06,1.588823656619289e-05,8116,8,6c3869c803a48cd9e520a4c06b6a0c22580338dba337748124010a0ad0cb9410,131072,breakout,129984,389952,202608056115,7,393216,32,768,3264,0.1,16,9.637550698522805e-07,4,1.5207299204799502e-05,1.743285411020724e-05,16
7.11101802208489e-07,8.265097018468371e-06,16304,0,6c3869c803a48cd9e520a4c06b6a0c22580338dba337748124010a0ad0cb9410,131072,breakout,65216,195648,202608056115,25,196608,8,768,960,0.3,4,7.300087393274054e-07,4,7.235718781632548e-06,7.235718781632548e-06,4
5.784439705171207e-07,5.44427916829439e-06,16296,8,6c3869c803a48cd9e520a4c06b6a0c22580338dba337748124010a0ad0cb9410,131072,breakout,65216,195648,202608056115,25,196608,8,768,960,0.3,4,6.032978652996807e-07,4,4.601907297175438e-06,4.601907297175438e-06,4
4.881273354954029e-06,5.29777616516526e-05,8124,0,6c3869c803a48cd9e520a4c06b6a0c22580338dba337748124010a0ad0cb9410,131072,breakout,129984,389952,202608056115,25,393216,32,768,3264,0.3,16,1.2264937325292103e-05,4,0.0001735591738016792,5.9933227757694286e-05,16
4.595911808085471e-06,4.7191986029640624e-05,8116,8,6c3869c803a48cd9e520a4c06b6a0c22580338dba337748124010a0ad0cb9410,131072,breakout,129984,389952,202608056115,25,393216,32,768,3264,0.3,16,1.1557728287358996e-05,4,0.00015871170542219604,5.493589319957315e-05,16
7.409238507238785e-07,1.1284124365553257e-05,16304,0,6c3869c803a48cd9e520a4c06b6a0c22580338dba337748124010a0ad0cb9410,131072,breakout,65216,195648,202608056115,45,196608,8,768,960,0.5,4,7.803271483115207e-07,4,1.0313724386607679e-05,1.0313724386607679e-05,4
6.417635238389273e-07,8.627327372171437e-06,16296,8,6c3869c803a48cd9e520a4c06b6a0c22580338dba337748124010a0ad0cb9410,131072,breakout,65216,195648,202608056115,45,196608,8,768,960,0.5,4,6.88906931087871e-07,4,7.776739177167074e-06,7.776739177167074e-06,4
1.1489065977292876e-05,0.00017196765096681688,10832,0,6c3869c803a48cd9e520a4c06b6a0c22580338dba337748124010a0ad0cb9410,131072,breakout,43328,389952,202608056115,45,393216,32,768,3264,0.5,4,1.2159033304154202e-05,4,0.00018452187370071488,0.00018452187370071488,4
1.0844651721273722e-05,0.00016013669034622467,10824,8,6c3869c803a48cd9e520a4c06b6a0c22580338dba337748124010a0ad0cb9410,131072,breakout,43328,389952,202608056115,45,393216,32,768,3264,0.5,4,1.1506179968279645e-05,4,0.00017127864661696271,0.00017127864661696271,4
3.4874883593835847e-06,3.602749025172745e-05,21738,0,6c3869c803a48cd9e520a4c06b6a0c22580338dba337748124010a0ad0cb9410,131072,breakout,21738,195642,202608056115,65,196608,8,768,960,0.7,1,2.1065778902452194e-06,4,3.359287030556171e-05,4.118887993582932e-05,1
3.6194768796387623e-06,4.493803019540489e-05,21730,8,6c3869c803a48cd9e520a4c06b6a0c22580338dba337748124010a0ad0cb9410,131072,breakout,21738,195642,202608056115,65,196608,8,768,960,0.7,1,1.7142638837413887e-06,4,2.369935264785334e-05,5.083669126008995e-05,1
1.9309961388275617e-05,0.00027513816937101664,10832,0,6c3869c803a48cd9e520a4c06b6a0c22580338dba337748124010a0ad0cb9410,131072,breakout,43328,389952,202608056115,65,393216,32,768,3264,0.7,4,2.0586663880384415e-05,4,0.0002985957464184388,0.0002985957464184388,4
1.7727871933314584e-05,0.00024497666557642063,10824,8,6c3869c803a48cd9e520a4c06b6a0c22580338dba337748124010a0ad0cb9410,131072,breakout,43328,389952,202608056115,65,393216,32,768,3264,0.7,4,1.9014956880782057e-05,4,0.00026654362692337427,0.00026654362692337427,4
3.4874883593835847e-06,3.602749025172745e-05,21738,0,6c3869c803a48cd9e520a4c06b6a0c22580338dba337748124010a0ad0cb9410,131072,breakout,21738,195642,202608056115,87,196608,8,768,960,0.9,1,2.1065778902452194e-06,4,3.359287030556171e-05,4.118887993582932e-05,1
3.6194768796387623e-06,4.493803019540489e-05,21730,8,6c3869c803a48cd9e520a4c06b6a0c22580338dba337748124010a0ad0cb9410,131072,breakout,21738,195642,202608056115,87,196608,8,768,960,0.9,1,1.7142638837413887e-06,4,2.369935264785334e-05,5.083669126008995e-05,1
1.9816276749979207e-05,0.0003146066640601725,11816,0,6c3869c803a48cd9e520a4c06b6a0c22580338dba337748124010a0ad0cb9410,131072,breakout,11816,389928,202608056115,87,393216,32,768,3264,0.9,1,2.0586663880384415e-05,4,0.0002985957464184388,0.0002987356558077011,1
1.823590121250766e-05,0.00028305177487885513,11808,8,6c3869c803a48cd9e520a4c06b6a0c22580338dba337748124010a0ad0cb9410,131072,breakout,11816,389928,202608056115,87,393216,32,768,3264,0.9,1,1.9014956880782057e-05,4,0.00026654362692337427,0.0002674723216698656,1
3.4874883593835847e-06,3.602749025172745e-05,21738,0,6c3869c803a48cd9e520a4c06b6a0c22580338dba337748124010a0ad0cb9410,131072,breakout,21738,195642,202608056115,96,196608,8,768,960,1.0,1,2.1065778902452194e-06,4,3.359287030556171e-05,4.118887993582932e-05,1
3.6194768796387623e-06,4.493803019540489e-05,21730,8,6c3869c803a48cd9e520a4c06b6a0c22580338dba337748124010a0ad0cb9410,131072,breakout,21738,195642,202608056115,96,196608,8,768,960,1.0,1,1.7142638837413887e-06,4,2.369935264785334e-05,5.083669126008995e-05,1
1.9816276749979207e-05,0.0003146066640601725,11816,0,6c3869c803a48cd9e520a4c06b6a0c22580338dba337748124010a0ad0cb9410,131072,breakout,11816,389928,202608056115,96,393216,32,768,3264,1.0,1,2.0586663880384415e-05,4,0.0002985957464184388,0.0002987356558077011,1
1.823590121250766e-05,0.00028305177487885513,11808,8,6c3869c803a48cd9e520a4c06b6a0c22580338dba337748124010a0ad0cb9410,131072,breakout,11816,389928,202608056115,96,393216,32,768,3264,1.0,1,1.9014956880782057e-05,4,0.00026654362692337427,0.0002674723216698656,1
1.9424771860212877e-07,2.9620442413821762e-06,8144,0,6c3869c803a48cd9e520a4c06b6a0c22580338dba337748124010a0ad0cb9410,131072,breakout,130304,195456,202608056116,0,196608,8,768,960,0.0,16,2.0737302283347035e-06,4,3.813041151040611e-05,2.586153251524503e-06,16
1.9122764410043918e-07,2.836001594193702e-06,8136,8,6c3869c803a48cd9e520a4c06b6a0c22580338dba337748124010a0ad0cb9410,131072,breakout,130304,195456,202608056116,0,196608,8,768,960,0.0,16,2.1283945255779807e-06,4,3.9238839246713065e-05,2.409964313330929e-06,16
2.025244555930727e-07,3.211466698948327e-06,8124,0,6c3869c803a48cd9e520a4c06b6a0c22580338dba337748124010a0ad0cb9410,131072,breakout,129984,389952,202608056116,0,393216,32,768,3264,0.0,16,7.120485503498591e-07,4,1.1798275899906672e-05,2.586153251524503e-06,16
1.983563743632385e-07,3.0665274050410895e-06,8116,8,6c3869c803a48cd9e520a4c06b6a0c22580338dba337748124010a0ad0cb9410,131072,breakout,129984,389952,202608056116,0,393216,32,768,3264,0.0,16,7.356730255552692e-07,4,1.2583267489823907e-05,2.409964313330929e-06,16
2.0082400690963124e-06,3.779113047553808e-05,16304,0,6c3869c803a48cd9e520a4c06b6a0c22580338dba337748124010a0ad0cb9410,131072,breakout,65216,195648,202608056116,12,196608,8,768,960,0.1,4,2.0737302283347035e-06,4,3.813041151040611e-05,7.3434481930116565e-06,16
2.0699712626679387e-06,3.91480171162192e-05,16296,8,6c3869c803a48cd9e520a4c06b6a0c22580338dba337748124010a0ad0cb9410,131072,breakout,65216,195648,202608056116,12,196608,8,768,960,0.1,4,2.1283945255779807e-06,4,3.9238839246713065e-05,6.83697648201133e-06,16
3.926348399806219e-07,9.425050307829407e-06,8124,0,6c3869c803a48cd9e520a4c06b6a0c22580338dba337748124010a0ad0cb9410,131072,breakout,129984,389952,202608056116,12,393216,32,768,3264,0.1,16,7.120485503498591e-07,4,1.1798275899906672e-05,7.3434481930116565e-06,16
3.75612754392527e-07,9.005257027419496e-06,8116,8,6c3869c803a48cd9e520a4c06b6a0c22580338dba337748124010a0ad0cb9410,131072,breakout,129984,389952,202608056116,12,393216,32,768,3264,0.1,16,7.356730255552692e-07,4,1.2583267489823907e-05,6.83697648201133e-06,16
1.2902768774857906e-06,5.176222488607256e-06,16304,0,6c3869c803a48cd9e520a4c06b6a0c22580338dba337748124010a0ad0cb9410,131072,breakout,65216,195648,202608056116,38,196608,8,768,960,0.3,4,1.2094764457726298e-06,4,4.935513483857536e-06,4.935513483857536e-06,4
1.2675560513611055e-06,4.468008391224597e-06,16296,8,6c3869c803a48cd9e520a4c06b6a0c22580338dba337748124010a0ad0cb9410,131072,breakout,65216,195648,202608056116,38,196608,8,768,960,0.3,4,1.1835714656949513e-06,4,4.221216160510782e-06,4.221216160510782e-06,4
6.947862659791605e-06,3.9671785876362006e-05,10832,0,6c3869c803a48cd9e520a4c06b6a0c22580338dba337748124010a0ad0cb9410,131072,breakout,43328,389952,202608056116,38,393216,32,768,3264,0.3,4,7.488870325558759e-06,4,4.511996923474828e-05,4.4784482275610745e-06,16
6.9024186237710605e-06,3.754935149550585e-05,10824,8,6c3869c803a48cd9e520a4c06b6a0c22580338dba337748124010a0ad0cb9410,131072,breakout,43328,389952,202608056116,38,393216,32,768,3264,0.3,4,7.454588855215668e-06,4,4.323508419209092e-05,3.7394143434418676e-06,16
3.6380691067398455e-06,2.9557872113669972e-05,16304,0,6c3869c803a48cd9e520a4c06b6a0c22580338dba337748124010a0ad0cb9410,131072,breakout,65216,195648,202608056116,55,196608,8,768,960,0.5,4,3.4796972368162844e-06,4,2.7991735186484208e-05,2.7991735186484208e-05,4
3.356214771754373e-06,2.1805468517145462e-05,16296,8,6c3869c803a48cd9e520a4c06b6a0c22580338dba337748124010a0ad0cb9410,131072,breakout,65216,195648,202608056116,55,196608,8,768,960,0.5,4,3.2101889045913812e-06,4,2.071137675894799e-05,2.071137675894799e-05,4
1.2196932356322413e-05,0.0001342022797108525,10832,0,6c3869c803a48cd9e520a4c06b6a0c22580338dba337748124010a0ad0cb9410,131072,breakout,43328,389952,202608056116,55,393216,32,768,3264,0.5,4,1.2824798195720568e-05,4,0.00013868364703949058,0.00013868364703949058,4
1.1823299879435696e-05,0.00012314291238916248,10824,8,6c3869c803a48cd9e520a4c06b6a0c22580338dba337748124010a0ad0cb9410,131072,breakout,43328,389952,202608056116,55,393216,32,768,3264,0.5,4,1.2434199769499835e-05,4,0.00012813808018334146,0.00012813808018334146,4
4.564005076170507e-06,2.6974699163361036e-05,21738,0,6c3869c803a48cd9e520a4c06b6a0c22580338dba337748124010a0ad0cb9410,131072,breakout,21738,195642,202608056116,65,196608,8,768,960,0.7,1,3.8587209863707755e-07,4,2.5174272414589795e-06,2.6556133713567126e-05,1
4.8362543818218415e-06,3.2578646304478284e-05,21730,8,6c3869c803a48cd9e520a4c06b6a0c22580338dba337748124010a0ad0cb9410,131072,breakout,21738,195642,202608056116,65,196608,8,768,960,0.7,1,4.1702689410804544e-07,4,3.4876258196166883e-06,3.16692992156784e-05,1
2.901028892769958e-06,1.942859082888617e-05,10832,0,6c3869c803a48cd9e520a4c06b6a0c22580338dba337748124010a0ad0cb9410,131072,breakout,43328,389952,202608056116,65,393216,32,768,3264,0.7,4,2.923598635102833e-06,4,1.8670426237944126e-05,1.8670426237944126e-05,4
2.8107728174775566e-06,1.7062226632649066e-05,10824,8,6c3869c803a48cd9e520a4c06b6a0c22580338dba337748124010a0ad0cb9410,131072,breakout,43328,389952,202608056116,65,393216,32,768,3264,0.7,4,2.8330858490317966e-06,4,1.664044687077684e-05,1.664044687077684e-05,4
1.3261700454577148e-06,9.790445166068726e-06,21738,0,6c3869c803a48cd9e520a4c06b6a0c22580338dba337748124010a0ad0cb9410,131072,breakout,21738,195642,202608056116,86,196608,8,768,960,0.9,1,1.2094764457726298e-06,4,4.935513483857536e-06,7.829736035923874e-06,1
1.5199557860411385e-06,1.6168693736805925e-05,21730,8,6c3869c803a48cd9e520a4c06b6a0c22580338dba337748124010a0ad0cb9410,131072,breakout,21738,195642,202608056116,86,196608,8,768,960,0.9,1,1.1835714656949513e-06,4,4.221216160510782e-06,1.2927895914093245e-05,1
7.15443687855213e-06,4.087230245079024e-05,11816,0,6c3869c803a48cd9e520a4c06b6a0c22580338dba337748124010a0ad0cb9410,131072,breakout,11816,389928,202608056116,86,393216,32,768,3264,0.9,1,7.488870325558759e-06,4,4.511996923474828e-05,2.9828169279247608e-05,1
7.133304788957489e-06,3.529626114835027e-05,11808,8,6c3869c803a48cd9e520a4c06b6a0c22580338dba337748124010a0ad0cb9410,131072,breakout,11816,389928,202608056116,86,393216,32,768,3264,0.9,1,7.454588855215668e-06,4,4.323508419209092e-05,2.62355279381244e-05,1
1.3261700454577148e-06,9.790445166068726e-06,21738,0,6c3869c803a48cd9e520a4c06b6a0c22580338dba337748124010a0ad0cb9410,131072,breakout,21738,195642,202608056116,96,196608,8,768,960,1.0,1,3.4796972368162844e-06,4,2.7991735186484208e-05,7.829736035923874e-06,1
1.5199557860411385e-06,1.6168693736805925e-05,21730,8,6c3869c803a48cd9e520a4c06b6a0c22580338dba337748124010a0ad0cb9410,131072,breakout,21738,195642,202608056116,96,196608,8,768,960,1.0,1,3.2101889045913812e-06,4,2.071137675894799e-05,1.2927895914093245e-05,1
7.15443687855213e-06,4.087230245079024e-05,11816,0,6c3869c803a48cd9e520a4c06b6a0c22580338dba337748124010a0ad0cb9410,131072,breakout,11816,389928,202608056116,96,393216,32,768,3264,1.0,1,1.2824798195720568e-05,4,0.00013868364703949058,2.9828169279247608e-05,1
7.133304788957489e-06,3.529626114835027e-05,11808,8,6c3869c803a48cd9e520a4c06b6a0c22580338dba337748124010a0ad0cb9410,131072,breakout,11816,389928,202608056116,96,393216,32,768,3264,1.0,1,1.2434199769499835e-05,4,0.00012813808018334146,2.62355279381244e-05,1
1.715933827573262e-07,5.771003404111018e-07,8144,0,6c3869c803a48cd9e520a4c06b6a0c22580338dba337748124010a0ad0cb9410,131072,breakout,130304,195456,202608056117,0,196608,8,768,960,0.0,16,5.902566250823663e-07,4,1.8888693193258009e-06,5.094398561732404e-07,16
1.750705263313733e-07,5.919763224618156e-07,8136,8,6c3869c803a48cd9e520a4c06b6a0c22580338dba337748124010a0ad0cb9410,131072,breakout,130304,195456,202608056117,0,196608,8,768,960,0.0,16,6.027202598975392e-07,4,1.9450227964396805e-06,5.237761929197912e-07,16
1.760614741204812e-07,5.928368529976632e-07,8124,0,6c3869c803a48cd9e520a4c06b6a0c22580338dba337748124010a0ad0cb9410,131072,breakout,129984,389952,202608056117,0,393216,32,768,3264,0.0,16,1.206625874393869e-06,4,2.8313059573603356e-05,5.094398561732404e-07,16
1.7833760444202368e-07,6.036587164139214e-07,8116,8,6c3869c803a48cd9e520a4c06b6a0c22580338dba337748124010a0ad0cb9410,131072,breakout,129984,389952,202608056117,0,393216,32,768,3264,0.0,16,1.1554388881825202e-06,4,2.7079638662457764e-05,5.237761929197912e-07,16
2.0936533520653722e-07,2.5918953001515876e-06,8144,0,6c3869c803a48cd9e520a4c06b6a0c22580338dba337748124010a0ad0cb9410,131072,breakout,130304,195456,202608056117,7,196608,8,768,960,0.1,16,1.1854768177162108e-06,4,6.718465609979021e-06,2.5866353420163177e-06,16
2.055939205238034e-07,2.401864964551511e-06,8136,8,6c3869c803a48cd9e520a4c06b6a0c22580338dba337748124010a0ad0cb9410,131072,breakout,130304,195456,202608056117,7,196608,8,768,960,0.1,16,1.1857837175123157e-06,4,6.026512399965091e-06,2.406018218685045e-06,16
2.089582579686963e-07,2.5805280210036994e-06,8124,0,6c3869c803a48cd9e520a4c06b6a0c22580338dba337748124010a0ad0cb9410,131072,breakout,129984,389952,202608056117,7,393216,32,768,3264,0.1,16,3.5916549172745425e-06,4,8.515319155927234e-05,2.5866353420163177e-06,16
2.072244872430658e-07,2.4357051918469467e-06,8116,8,6c3869c803a48cd9e520a4c06b6a0c22580338dba337748124010a0ad0cb9410,131072,breakout,129984,389952,202608056117,7,393216,32,768,3264,0.1,16,3.46969295838519e-06,4,8.182338803302205e-05,2.406018218685045e-06,16
4.4986007110898636e-06,2.9134032119114046e-05,16304,0,6c3869c803a48cd9e520a4c06b6a0c22580338dba337748124010a0ad0cb9410,131072,breakout,65216,195648,202608056117,29,196608,8,768,960,0.3,4,4.464099611567309e-06,4,2.9856334826788254e-05,2.9856334826788254e-05,4
4.4742994333059555e-06,2.540945850356628e-05,16296,8,6c3869c803a48cd9e520a4c06b6a0c22580338dba337748124010a0ad0cb9410,131072,breakout,65216,195648,202608056117,29,196608,8,768,960,0.3,4,4.431590758549683e-06,4,2.624686023423034e-05,2.624686023423034e-05,4
1.5796305786324247e-06,2.6205126680557002e-05,8124,0,6c3869c803a48cd9e520a4c06b6a0c22580338dba337748124010a0ad0cb9410,131072,breakout,129984,389952,202608056117,29,393216,32,768,3264,0.3,16,1.6017092735416954e-05,4,0.00034320807930524977,2.2863135689918748e-05,16
1.516232031937839e-06,2.4420397316986213e-05,8116,8,6c3869c803a48cd9e520a4c06b6a0c22580338dba337748124010a0ad0cb9410,131072,breakout,129984,389952,202608056117,29,393216,32,768,3264,0.3,16,1.5470624578929082e-05,4,0.0003277206737217129,2.0788829221560562e-05,16
4.4986007110898636e-06,2.9134032119114046e-05,16304,0,6c3869c803a48cd9e520a4c06b6a0c22580338dba337748124010a0ad0cb9410,131072,breakout,65216,195648,202608056117,48,196608,8,768,960,0.5,4,4.464099611567309e-06,4,2.9856334826788254e-05,2.9856334826788254e-05,4
4.4742994333059555e-06,2.540945850356628e-05,16296,8,6c3869c803a48cd9e520a4c06b6a0c22580338dba337748124010a0ad0cb9410,131072,breakout,65216,195648,202608056117,48,196608,8,768,960,0.5,4,4.431590758549683e-06,4,2.624686023423034e-05,2.624686023423034e-05,4
1.6266280697138804e-05,0.00034903672687616104,10832,0,6c3869c803a48cd9e520a4c06b6a0c22580338dba337748124010a0ad0cb9410,131072,breakout,43328,389952,202608056117,48,393216,32,768,3264,0.5,4,1.6017092735416954e-05,4,0.00034320807930524977,0.00034320807930524977,4
1.572128719581022e-05,0.0003338296148700215,10824,8,6c3869c803a48cd9e520a4c06b6a0c22580338dba337748124010a0ad0cb9410,131072,breakout,43328,389952,202608056117,48,393216,32,768,3264,0.5,4,1.5470624578929082e-05,4,0.0003277206737217129,0.0003277206737217129,4
2.311618183806541e-06,1.7849929045107838e-05,21738,0,6c3869c803a48cd9e520a4c06b6a0c22580338dba337748124010a0ad0cb9410,131072,breakout,21738,195642,202608056117,71,196608,8,768,960,0.7,1,4.464099611567309e-06,4,2.9856334826788254e-05,1.7263850251310683e-05,1
2.070874611174185e-06,1.256510005167553e-05,21730,8,6c3869c803a48cd9e520a4c06b6a0c22580338dba337748124010a0ad0cb9410,131072,breakout,21738,195642,202608056117,71,196608,8,768,960,0.7,1,4.431590758549683e-06,4,2.624686023423034e-05,1.2136752303711536e-05,1
1.6266280697138804e-05,0.00034903672687616104,10832,0,6c3869c803a48cd9e520a4c06b6a0c22580338dba337748124010a0ad0cb9410,131072,breakout,43328,389952,202608056117,71,393216,32,768,3264,0.7,4,1.6017092735416954e-05,4,0.00034320807930524977,0.00034320807930524977,4
1.572128719581022e-05,0.0003338296148700215,10824,8,6c3869c803a48cd9e520a4c06b6a0c22580338dba337748124010a0ad0cb9410,131072,breakout,43328,389952,202608056117,71,393216,32,768,3264,0.7,4,1.5470624578929082e-05,4,0.0003277206737217129,0.0003277206737217129,4
2.311618183806541e-06,1.7849929045107838e-05,21738,0,6c3869c803a48cd9e520a4c06b6a0c22580338dba337748124010a0ad0cb9410,131072,breakout,21738,195642,202608056117,88,196608,8,768,960,0.9,1,4.464099611567309e-06,4,2.9856334826788254e-05,1.7263850251310683e-05,1
2.070874611174185e-06,1.256510005167553e-05,21730,8,6c3869c803a48cd9e520a4c06b6a0c22580338dba337748124010a0ad0cb9410,131072,breakout,21738,195642,202608056117,88,196608,8,768,960,0.9,1,4.431590758549683e-06,4,2.624686023423034e-05,1.2136752303711536e-05,1
1.4505364932454599e-05,0.00030366094244163485,11816,0,6c3869c803a48cd9e520a4c06b6a0c22580338dba337748124010a0ad0cb9410,131072,breakout,11816,389928,202608056117,88,393216,32,768,3264,0.9,1,1.6017092735416954e-05,4,0.00034320807930524977,0.00027805540552186374,1
1.4073123367303636e-05,0.00029058944625464636,11808,8,6c3869c803a48cd9e520a4c06b6a0c22580338dba337748124010a0ad0cb9410,131072,breakout,11816,389928,202608056117,88,393216,32,768,3264,0.9,1,1.5470624578929082e-05,4,0.0003277206737217129,0.0002634981229944514,1
2.311618183806541e-06,1.7849929045107838e-05,21738,0,6c3869c803a48cd9e520a4c06b6a0c22580338dba337748124010a0ad0cb9410,131072,breakout,21738,195642,202608056117,96,196608,8,768,960,1.0,1,4.464099611567309e-06,4,2.9856334826788254e-05,1.7263850251310683e-05,1
2.070874611174185e-06,1.256510005167553e-05,21730,8,6c3869c803a48cd9e520a4c06b6a0c22580338dba337748124010a0ad0cb9410,131072,breakout,21738,195642,202608056117,96,196608,8,768,960,1.0,1,4.431590758549683e-06,4,2.624686023423034e-05,1.2136752303711536e-05,1
1.4505364932454599e-05,0.00030366094244163485,11816,0,6c3869c803a48cd9e520a4c06b6a0c22580338dba337748124010a0ad0cb9410,131072,breakout,11816,389928,202608056117,96,393216,32,768,3264,1.0,1,1.6017092735416954e-05,4,0.00034320807930524977,0.00027805540552186374,1
1.4073123367303636e-05,0.00029058944625464636,11808,8,6c3869c803a48cd9e520a4c06b6a0c22580338dba337748124010a0ad0cb9410,131072,breakout,11816,389928,202608056117,96,393216,32,768,3264,1.0,1,1.5470624578929082e-05,4,0.0003277206737217129,0.0002634981229944514,1
2.800762899753469e-07,1.163856479949981e-06,8144,0,6c3869c803a48cd9e520a4c06b6a0c22580338dba337748124010a0ad0cb9410,131072,breakout,130304,195456,202608056118,0,196608,8,768,960,0.0,16,1.034841107090606e-06,4,2.065679965478892e-05,1.0957955782324896e-06,16
2.8330812274749014e-07,1.2271304975104024e-06,8136,8,6c3869c803a48cd9e520a4c06b6a0c22580338dba337748124010a0ad0cb9410,131072,breakout,130304,195456,202608056118,0,196608,8,768,960,0.0,16,1.119955872733027e-06,4,2.2965868051644004e-05,1.1767239855051446e-06,16
2.850788052548069e-07,1.1767397497429358e-06,8124,0,6c3869c803a48cd9e520a4c06b6a0c22580338dba337748124010a0ad0cb9410,131072,breakout,129984,389952,202608056118,0,393216,32,768,3264,0.0,16,4.1497544809395843e-07,4,5.464993130258665e-06,1.0957955782324896e-06,16
2.9057130213394995e-07,1.2429895849265949e-06,8116,8,6c3869c803a48cd9e520a4c06b6a0c22580338dba337748124010a0ad0cb9410,131072,breakout,129984,389952,202608056118,0,393216,32,768,3264,0.0,16,4.6512750401859744e-07,4,6.822058456381852e-06,1.1767239855051446e-06,16
5.58695697147222e-07,2.2674460108821843e-06,8144,0,6c3869c803a48cd9e520a4c06b6a0c22580338dba337748124010a0ad0cb9410,131072,breakout,130304,195456,202608056118,10,196608,8,768,960,0.1,16,3.70899977499593e-06,4,8.018451701679494e-05,2.104111826852188e-06,16
5.458647934143142e-07,1.9365410026251547e-06,8136,8,6c3869c803a48cd9e520a4c06b6a0c22580338dba337748124010a0ad0cb9410,131072,breakout,130304,195456,202608056118,10,196608,8,768,960,0.1,16,3.919080561346525e-06,4,8.650688255940051e-05,1.8275709893554038e-06,16
5.685920598841593e-07,2.321952975812385e-06,8124,0,6c3869c803a48cd9e520a4c06b6a0c22580338dba337748124010a0ad0cb9410,131072,breakout,129984,389952,202608056118,10,393216,32,768,3264,0.1,16,7.952934756763134e-07,4,3.7473853011950927e-06,2.104111826852188e-06,16
5.573725320672271e-07,2.0003817005234114e-06,8116,8,6c3869c803a48cd9e520a4c06b6a0c22580338dba337748124010a0ad0cb9410,131072,breakout,129984,389952,202608056118,10,393216,32,768,3264,0.1,16,8.475167527779636e-07,4,4.82899966984637e-06,1.8275709893554038e-06,16
3.5903848432253228e-06,7.82914189357788e-05,16304,0,6c3869c803a48cd9e520a4c06b6a0c22580338dba337748124010a0ad0cb9410,131072,breakout,65216,195648,202608056118,29,196608,8,768,960,0.3,4,3.70899977499593e-06,4,8.018451701679494e-05,8.018451701679494e-05,4
3.816472270117811e-06,8.509784433698492e-05,16296,8,6c3869c803a48cd9e520a4c06b6a0c22580338dba337748124010a0ad0cb9410,131072,breakout,65216,195648,202608056118,29,196608,8,768,960,0.3,4,3.919080561346525e-06,4,8.650688255940051e-05,8.650688255940051e-05,4
4.88035961159254e-07,1.8625885728589018e-06,8124,0,6c3869c803a48cd9e520a4c06b6a0c22580338dba337748124010a0ad0cb9410,131072,breakout,129984,389952,202608056118,29,393216,32,768,3264,0.3,16,7.952934756763134e-07,4,3.7473853011950927e-06,1.8171518257933558e-06,16
4.86042648732967e-07,1.7238801759845997e-06,8116,8,6c3869c803a48cd9e520a4c06b6a0c22580338dba337748124010a0ad0cb9410,131072,breakout,129984,389952,202608056118,29,393216,32,768,3264,0.3,16,8.475167527779636e-07,4,4.82899966984637e-06,1.6798025697942296e-06,16
7.487558939808772e-06,0.0001470710410383067,16304,0,6c3869c803a48cd9e520a4c06b6a0c22580338dba337748124010a0ad0cb9410,131072,breakout,65216,195648,202608056118,49,196608,8,768,960,0.5,4,7.412018137793782e-06,4,0.00014021998786709758,0.00014021998786709758,4
8.201192834551151e-06,0.00016811090957807634,16296,8,6c3869c803a48cd9e520a4c06b6a0c22580338dba337748124010a0ad0cb9410,131072,breakout,65216,195648,202608056118,49,196608,8,768,960,0.5,4,8.065771906448032e-06,4,0.0001594809685651636,0.0001594809685651636,4
1.8025418002173416e-06,7.296400229209058e-06,10832,0,6c3869c803a48cd9e520a4c06b6a0c22580338dba337748124010a0ad0cb9410,131072,breakout,43328,389952,202608056118,49,393216,32,768,3264,0.5,4,1.8194754379615442e-06,4,6.328594452872904e-06,6.328594452872904e-06,4
1.8759774582709126e-06,6.461186528317345e-06,10824,8,6c3869c803a48cd9e520a4c06b6a0c22580338dba337748124010a0ad0cb9410,131072,breakout,43328,389952,202608056118,49,393216,32,768,3264,0.5,4,1.911613574296902e-06,4,6.481622755702833e-06,6.481622755702833e-06,4
4.989723371218006e-06,9.88517646868762e-05,21738,0,6c3869c803a48cd9e520a4c06b6a0c22580338dba337748124010a0ad0cb9410,131072,breakout,21738,195642,202608056118,64,196608,8,768,960,0.7,1,7.412018137793782e-06,4,0.00014021998786709758,0.00010594839591328086,1
5.273665319663625e-06,0.00010908291965402342,21730,8,6c3869c803a48cd9e520a4c06b6a0c22580338dba337748124010a0ad0cb9410,131072,breakout,21738,195642,202608056118,64,196608,8,768,960,0.7,1,8.065771906448032e-06,4,0.0001594809685651636,0.00011694173885146344,1
1.8025418002173416e-06,7.296400229209058e-06,10832,0,6c3869c803a48cd9e520a4c06b6a0c22580338dba337748124010a0ad0cb9410,131072,breakout,43328,389952,202608056118,64,393216,32,768,3264,0.7,4,1.8194754379615442e-06,4,6.328594452872904e-06,6.328594452872904e-06,4
1.8759774582709126e-06,6.461186528317345e-06,10824,8,6c3869c803a48cd9e520a4c06b6a0c22580338dba337748124010a0ad0cb9410,131072,breakout,43328,389952,202608056118,64,393216,32,768,3264,0.7,4,1.911613574296902e-06,4,6.481622755702833e-06,6.481622755702833e-06,4
4.989723371218006e-06,9.88517646868762e-05,21738,0,6c3869c803a48cd9e520a4c06b6a0c22580338dba337748124010a0ad0cb9410,131072,breakout,21738,195642,202608056118,87,196608,8,768,960,0.9,1,7.412018137793782e-06,4,0.00014021998786709758,0.00010594839591328086,1
5.273665319663625e-06,0.00010908291965402342,21730,8,6c3869c803a48cd9e520a4c06b6a0c22580338dba337748124010a0ad0cb9410,131072,breakout,21738,195642,202608056118,87,196608,8,768,960,0.9,1,8.065771906448032e-06,4,0.0001594809685651636,0.00011694173885146344,1
3.533547643773072e-06,1.4357566058970044e-05,11816,0,6c3869c803a48cd9e520a4c06b6a0c22580338dba337748124010a0ad0cb9410,131072,breakout,11816,389928,202608056118,87,393216,32,768,3264,0.9,1,1.8194754379615442e-06,4,6.328594452872904e-06,1.4482235470353227e-05,1
3.829606736090237e-06,1.9045943712543842e-05,11808,8,6c3869c803a48cd9e520a4c06b6a0c22580338dba337748124010a0ad0cb9410,131072,breakout,11816,389928,202608056118,87,393216,32,768,3264,0.9,1,1.911613574296902e-06,4,6.481622755702833e-06,1.858093949003553e-05,1
4.989723371218006e-06,9.88517646868762e-05,21738,0,6c3869c803a48cd9e520a4c06b6a0c22580338dba337748124010a0ad0cb9410,131072,breakout,21738,195642,202608056118,96,196608,8,768,960,1.0,1,7.412018137793782e-06,4,0.00014021998786709758,0.00010594839591328086,1
5.273665319663625e-06,0.00010908291965402342,21730,8,6c3869c803a48cd9e520a4c06b6a0c22580338dba337748124010a0ad0cb9410,131072,breakout,21738,195642,202608056118,96,196608,8,768,960,1.0,1,8.065771906448032e-06,4,0.0001594809685651636,0.00011694173885146344,1
3.533547643773072e-06,1.4357566058970044e-05,11816,0,6c3869c803a48cd9e520a4c06b6a0c22580338dba337748124010a0ad0cb9410,131072,breakout,11816,389928,202608056118,96,393216,32,768,3264,1.0,1,1.8194754379615442e-06,4,6.328594452872904e-06,1.4482235470353227e-05,1
3.829606736090237e-06,1.9045943712543842e-05,11808,8,6c3869c803a48cd9e520a4c06b6a0c22580338dba337748124010a0ad0cb9410,131072,breakout,11816,389928,202608056118,96,393216,32,768,3264,1.0,1,1.911613574296902e-06,4,6.481622755702833e-06,1.858093949003553e-05,1
3.9254145557200143e-07,6.5878314057009275e-06,8144,0,6c3869c803a48cd9e520a4c06b6a0c22580338dba337748124010a0ad0cb9410,131072,breakout,130304,195456,202608056119,0,196608,8,768,960,0.0,16,3.678741593369872e-07,4,1.275515313384619e-06,6.9884695711764615e-06,16
4.1145909644206677e-07,7.056038998883317e-06,8136,8,6c3869c803a48cd9e520a4c06b6a0c22580338dba337748124010a0ad0cb9410,131072,breakout,130304,195456,202608056119,0,196608,8,768,960,0.0,16,3.717224913733617e-07,4,1.2750715666317704e-06,7.5296831584478595e-06,16
3.859323334479987e-07,6.327972069570779e-06,8124,0,6c3869c803a48cd9e520a4c06b6a0c22580338dba337748124010a0ad0cb9410,131072,breakout,129984,389952,202608056119,0,393216,32,768,3264,0.0,16,1.8339906539059217e-06,4,1.9984914233594913e-05,6.9884695711764615e-06,16
4.000114884935693e-07,6.6672256560825325e-06,8116,8,6c3869c803a48cd9e520a4c06b6a0c22580338dba337748124010a0ad0cb9410,131072,breakout,129984,389952,202608056119,0,393216,32,768,3264,0.0,16,1.940205916213982e-06,4,2.21077492373037e-05,7.5296831584478595e-06,16
3.684505617779054e-07,1.2626359785765593e-06,16304,0,6c3869c803a48cd9e520a4c06b6a0c22580338dba337748124010a0ad0cb9410,131072,breakout,65216,195648,202608056119,11,196608,8,768,960,0.1,4,3.678741593369872e-07,4,1.275515313384619e-06,2.3478282350342252e-05,16
3.71421399307831e-07,1.2917981398197845e-06,16296,8,6c3869c803a48cd9e520a4c06b6a0c22580338dba337748124010a0ad0cb9410,131072,breakout,65216,195648,202608056119,11,196608,8,768,960,0.1,4,3.717224913733617e-07,4,1.2750715666317704e-06,2.512798906155034e-05,16
1.2436075238372547e-06,2.2237749541773413e-05,8124,0,6c3869c803a48cd9e520a4c06b6a0c22580338dba337748124010a0ad0cb9410,131072,breakout,129984,389952,202608056119,11,393216,32,768,3264,0.1,16,1.8339906539059217e-06,4,1.9984914233594913e-05,2.3478282350342252e-05,16
1.2944279490705804e-06,2.3721804033129666e-05,8116,8,6c3869c803a48cd9e520a4c06b6a0c22580338dba337748124010a0ad0cb9410,131072,breakout,129984,389952,202608056119,11,393216,32,768,3264,0.1,16,1.940205916213982e-06,4,2.21077492373037e-05,2.512798906155034e-05,16
2.4350142031002653e-06,9.182736129425726e-06,16304,0,6c3869c803a48cd9e520a4c06b6a0c22580338dba337748124010a0ad0cb9410,131072,breakout,65216,195648,202608056119,28,196608,8,768,960,0.3,4,2.413892521344541e-06,4,8.958845686175086e-06,8.958845686175086e-06,4
2.5458553868176703e-06,1.0976401295421741e-05,16296,8,6c3869c803a48cd9e520a4c06b6a0c22580338dba337748124010a0ad0cb9410,131072,breakout,65216,195648,202608056119,28,196608,8,768,960,0.3,4,2.5301248225299785e-06,4,1.0718780834942718e-05,1.0718780834942718e-05,4
1.0905195367180418e-06,6.006375900004683e-06,8124,0,6c3869c803a48cd9e520a4c06b6a0c22580338dba337748124010a0ad0cb9410,131072,breakout,129984,389952,202608056119,28,393216,32,768,3264,0.3,16,1.481643779202262e-06,4,8.135783751554005e-06,6.145729246821203e-06,16
1.1499583703322378e-06,7.204291836210104e-06,8116,8,6c3869c803a48cd9e520a4c06b6a0c22580338dba337748124010a0ad0cb9410,131072,breakout,129984,389952,202608056119,28,393216,32,768,3264,0.3,16,1.355935476348082e-06,4,6.067948214332554e-06,7.443920967056155e-06,16
1.4010264295528748e-06,5.1433573791454985e-06,16304,0,6c3869c803a48cd9e520a4c06b6a0c22580338dba337748124010a0ad0cb9410,131072,breakout,65216,195648,202608056119,35,196608,8,768,960,0.5,4,1.4417297729568352e-06,4,5.469429761254186e-06,5.469429761254186e-06,4
1.4037645835325014e-06,4.953084454310266e-06,16296,8,6c3869c803a48cd9e520a4c06b6a0c22580338dba337748124010a0ad0cb9410,131072,breakout,65216,195648,202608056119,35,196608,8,768,960,0.5,4,1.4454545144397072e-06,4,5.194494778037083e-06,5.194494778037083e-06,4
1.0681162752570625e-06,4.2107344651844196e-06,10832,0,6c3869c803a48cd9e520a4c06b6a0c22580338dba337748124010a0ad0cb9410,131072,breakout,43328,389952,202608056119,35,393216,32,768,3264,0.5,4,1.0983782927036376e-06,4,4.774835517357039e-06,4.774835517357039e-06,4
1.043957299123128e-06,3.956557523449727e-06,10824,8,6c3869c803a48cd9e520a4c06b6a0c22580338dba337748124010a0ad0cb9410,131072,breakout,43328,389952,202608056119,35,393216,32,768,3264,0.5,4,1.073955796213109e-06,4,4.442879831612903e-06,4.442879831612903e-06,4
5.506433033006258e-06,3.896068868485956e-05,21738,0,6c3869c803a48cd9e520a4c06b6a0c22580338dba337748124010a0ad0cb9410,131072,breakout,21738,195642,202608056119,71,196608,8,768,960,0.7,1,3.623303912646386e-06,4,1.2179535466689257e-05,4.592530759694718e-05,1
5.939655475566294e-06,4.7169343480362014e-05,21730,8,6c3869c803a48cd9e520a4c06b6a0c22580338dba337748124010a0ad0cb9410,131072,breakout,21738,195642,202608056119,71,196608,8,768,960,0.7,1,3.77043943532156e-06,4,1.4332215894281574e-05,5.643752269093896e-05,1
3.087453662378535e-06,2.503016832632932e-05,10832,0,6c3869c803a48cd9e520a4c06b6a0c22580338dba337748124010a0ad0cb9410,131072,breakout,43328,389952,202608056119,71,393216,32,768,3264,0.7,4,3.0606664305025173e-06,4,2.6351786557319872e-05,2.6351786557319872e-05,4
2.7736450358735506e-06,1.7875530529354996e-05,10824,8,6c3869c803a48cd9e520a4c06b6a0c22580338dba337748124010a0ad0cb9410,131072,breakout,43328,389952,202608056119,71,393216,32,768,3264,0.7,4,2.730360338548963e-06,4,1.8682357796159564e-05,1.8682357796159564e-05,4
5.506433033006258e-06,3.896068868485956e-05,21738,0,6c3869c803a48cd9e520a4c06b6a0c22580338dba337748124010a0ad0cb9410,131072,breakout,21738,195642,202608056119,88,196608,8,768,960,0.9,1,3.623303912646386e-06,4,1.2179535466689257e-05,4.592530759694718e-05,1
5.939655475566294e-06,4.7169343480362014e-05,21730,8,6c3869c803a48cd9e520a4c06b6a0c22580338dba337748124010a0ad0cb9410,131072,breakout,21738,195642,202608056119,88,196608,8,768,960,0.9,1,3.77043943532156e-06,4,1.4332215894281574e-05,5.643752269093896e-05,1
1.920616783617438e-06,2.2602543494114874e-05,11816,0,6c3869c803a48cd9e520a4c06b6a0c22580338dba337748124010a0ad0cb9410,131072,breakout,11816,389928,202608056119,88,393216,32,768,3264,0.9,1,3.0606664305025173e-06,4,2.6351786557319872e-05,1.4480550236233735e-05,1
1.5795592749843236e-06,1.53762592739972e-05,11808,8,6c3869c803a48cd9e520a4c06b6a0c22580338dba337748124010a0ad0cb9410,131072,breakout,11816,389928,202608056119,88,393216,32,768,3264,0.9,1,2.730360338548963e-06,4,1.8682357796159564e-05,8.977825634670221e-06,1
5.506433033006258e-06,3.896068868485956e-05,21738,0,6c3869c803a48cd9e520a4c06b6a0c22580338dba337748124010a0ad0cb9410,131072,breakout,21738,195642,202608056119,96,196608,8,768,960,1.0,1,3.623303912646386e-06,4,1.2179535466689257e-05,4.592530759694718e-05,1
5.939655475566294e-06,4.7169343480362014e-05,21730,8,6c3869c803a48cd9e520a4c06b6a0c22580338dba337748124010a0ad0cb9410,131072,breakout,21738,195642,202608056119,96,196608,8,768,960,1.0,1,3.77043943532156e-06,4,1.4332215894281574e-05,5.643752269093896e-05,1
1.920616783617438e-06,2.2602543494114874e-05,11816,0,6c3869c803a48cd9e520a4c06b6a0c22580338dba337748124010a0ad0cb9410,131072,breakout,11816,389928,202608056119,96,393216,32,768,3264,1.0,1,3.0606664305025173e-06,4,2.6351786557319872e-05,1.4480550236233735e-05,1
1.5795592749843236e-06,1.53762592739972e-05,11808,8,6c3869c803a48cd9e520a4c06b6a0c22580338dba337748124010a0ad0cb9410,131072,breakout,11816,389928,202608056119,96,393216,32,768,3264,1.0,1,2.730360338548963e-06,4,1.8682357796159564e-05,8.977825634670221e-06,1
2.0834452206568062e-07,1.1346804084486858e-06,8144,0,6c3869c803a48cd9e520a4c06b6a0c22580338dba337748124010a0ad0cb9410,131072,breakout,130304,195456,202608056120,0,196608,8,768,960,0.0,16,1.0791309972067837e-06,4,1.7304679953296527e-05,9.223695120194187e-07,16
2.0695182477772719e-07,1.10101801805684e-06,8136,8,6c3869c803a48cd9e520a4c06b6a0c22580338dba337748124010a0ad0cb9410,131072,breakout,130304,195456,202608056120,0,196608,8,768,960,0.0,16,1.1668183503936872e-06,4,1.9416156613649375e-05,8.802846707558643e-07,16
2.0997680077012372e-07,1.260660295754558e-06,8124,0,6c3869c803a48cd9e520a4c06b6a0c22580338dba337748124010a0ad0cb9410,131072,breakout,129984,389952,202608056120,0,393216,32,768,3264,0.0,16,2.999342594454545e-07,4,4.804667495235025e-06,9.223695120194187e-07,16
2.0739309274090157e-07,1.2162620422938212e-06,8116,8,6c3869c803a48cd9e520a4c06b6a0c22580338dba337748124010a0ad0cb9410,131072,breakout,129984,389952,202608056120,0,393216,32,768,3264,0.0,16,3.2164451245477953e-07,4,5.350892525228193e-06,8.802846707558643e-07,16
2.5558035833028885e-06,3.750035750115327e-05,8144,0,6c3869c803a48cd9e520a4c06b6a0c22580338dba337748124010a0ad0cb9410,131072,breakout,130304,195456,202608056120,9,196608,8,768,960,0.1,16,8.48168860330844e-07,4,8.783729290323378e-06,3.6369271331119285e-05,16
2.481822726430193e-06,3.571189717349092e-05,8136,8,6c3869c803a48cd9e520a4c06b6a0c22580338dba337748124010a0ad0cb9410,131072,breakout,130304,195456,202608056120,9,196608,8,768,960,0.1,16,9.046327844685633e-07,4,1.0184143029418002e-05,3.5027623491055214e-05,16
2.5714904952205833e-06,3.736164794426225e-05,8124,0,6c3869c803a48cd9e520a4c06b6a0c22580338dba337748124010a0ad0cb9410,131072,breakout,129984,389952,202608056120,9,393216,32,768,3264,0.1,16,2.878478213248281e-07,4,9.982486650314193e-07,3.6369271331119285e-05,16
2.5043261723782006e-06,3.5667474600915015e-05,8116,8,6c3869c803a48cd9e520a4c06b6a0c22580338dba337748124010a0ad0cb9410,131072,breakout,129984,389952,202608056120,9,393216,32,768,3264,0.1,16,2.8464963272926957e-07,4,9.610172614457158e-07,3.5027623491055214e-05,16
1.4176116462978073e-06,2.8037158626884075e-05,16304,0,6c3869c803a48cd9e520a4c06b6a0c22580338dba337748124010a0ad0cb9410,131072,breakout,65216,195648,202608056120,27,196608,8,768,960,0.3,4,1.3669574646712997e-06,4,2.7990764094484765e-05,2.7990764094484765e-05,4
1.5236068007220084e-06,3.087619387515595e-05,16296,8,6c3869c803a48cd9e520a4c06b6a0c22580338dba337748124010a0ad0cb9410,131072,breakout,65216,195648,202608056120,27,196608,8,768,960,0.3,4,1.461813766301238e-06,4,3.061828447990398e-05,3.061828447990398e-05,4
2.7470314536831547e-06,2.7472324772900583e-05,8124,0,6c3869c803a48cd9e520a4c06b6a0c22580338dba337748124010a0ad0cb9410,131072,breakout,129984,389952,202608056120,27,393216,32,768,3264,0.3,16,1.3456558650009256e-06,4,9.161216088486676e-06,2.6647594580403746e-05,16
2.6284508993939938e-06,2.5014541671226375e-05,8116,8,6c3869c803a48cd9e520a4c06b6a0c22580338dba337748124010a0ad0cb9410,131072,breakout,129984,389952,202608056120,27,393216,32,768,3264,0.3,16,1.3649413135245318e-06,4,1.0267875137981759e-05,2.4615593988045498e-05,16
5.836888925378296e-07,1.084597979860833e-05,16304,0,6c3869c803a48cd9e520a4c06b6a0c22580338dba337748124010a0ad0cb9410,131072,breakout,65216,195648,202608056120,48,196608,8,768,960,0.5,4,6.032440881051906e-07,4,1.2460974819295986e-05,1.2460974819295986e-05,4
6.732828503667933e-07,1.4239224018494713e-05,16296,8,6c3869c803a48cd9e520a4c06b6a0c22580338dba337748124010a0ad0cb9410,131072,breakout,65216,195648,202608056120,48,196608,8,768,960,0.5,4,6.967600403673755e-07,4,1.5908738449458612e-05,1.5908738449458612e-05,4
3.348724052841884e-06,3.294725813214815e-05,10832,0,6c3869c803a48cd9e520a4c06b6a0c22580338dba337748124010a0ad0cb9410,131072,breakout,43328,389952,202608056120,48,393216,32,768,3264,0.5,4,3.0924030621206845e-06,4,2.9578522736411158e-05,2.9578522736411158e-05,4
3.1112797466392445e-06,2.9277851599850474e-05,10824,8,6c3869c803a48cd9e520a4c06b6a0c22580338dba337748124010a0ad0cb9410,131072,breakout,43328,389952,202608056120,48,393216,32,768,3264,0.5,4,2.8367061877671077e-06,4,2.56596722130742e-05,2.56596722130742e-05,4
4.404162428843999e-06,8.341187130631623e-05,21738,0,6c3869c803a48cd9e520a4c06b6a0c22580338dba337748124010a0ad0cb9410,131072,breakout,21738,195642,202608056120,71,196608,8,768,960,0.7,1,7.62638791846085e-07,4,1.0856838806194433e-05,8.098305543571631e-05,1
5.0308883898798696e-06,9.877575328085263e-05,21730,8,6c3869c803a48cd9e520a4c06b6a0c22580338dba337748124010a0ad0cb9410,131072,breakout,21738,195642,202608056120,71,196608,8,768,960,0.7,1,8.32499239763462e-07,4,1.5739085021222748e-05,9.561972415518339e-05,1
5.153177395216812e-06,3.059965832481186e-05,10832,0,6c3869c803a48cd9e520a4c06b6a0c22580338dba337748124010a0ad0cb9410,131072,breakout,43328,389952,202608056120,71,393216,32,768,3264,0.7,4,4.8988973425038005e-06,4,2.888304952071489e-05,2.888304952071489e-05,4
4.767457479193334e-06,2.5834263194555174e-05,10824,8,6c3869c803a48cd9e520a4c06b6a0c22580338dba337748124010a0ad0cb9410,131072,breakout,43328,389952,202608056120,71,393216,32,768,3264,0.7,4,4.5098487990779085e-06,4,2.4054129512372147e-05,2.4054129512372147e-05,4
4.404162428843999e-06,8.341187130631623e-05,21738,0,6c3869c803a48cd9e520a4c06b6a0c22580338dba337748124010a0ad0cb9410,131072,breakout,21738,195642,202608056120,88,196608,8,768,960,0.9,1,7.62638791846085e-07,4,1.0856838806194433e-05,8.098305543571631e-05,1
5.0308883898798696e-06,9.877575328085263e-05,21730,8,6c3869c803a48cd9e520a4c06b6a0c22580338dba337748124010a0ad0cb9410,131072,breakout,21738,195642,202608056120,88,196608,8,768,960,0.9,1,8.32499239763462e-07,4,1.5739085021222748e-05,9.561972415518339e-05,1
4.760393201322062e-06,1.5971103015098456e-05,11816,0,6c3869c803a48cd9e520a4c06b6a0c22580338dba337748124010a0ad0cb9410,131072,breakout,11816,389928,202608056120,88,393216,32,768,3264,0.9,1,4.8988973425038005e-06,4,2.888304952071489e-05,1.5157819723398945e-05,1
4.439495419243132e-06,1.5005694380948153e-05,11808,8,6c3869c803a48cd9e520a4c06b6a0c22580338dba337748124010a0ad0cb9410,131072,breakout,11816,389928,202608056120,88,393216,32,768,3264,0.9,1,4.5098487990779085e-06,4,2.4054129512372147e-05,1.4799629472378725e-05,1
4.404162428843999e-06,8.341187130631623e-05,21738,0,6c3869c803a48cd9e520a4c06b6a0c22580338dba337748124010a0ad0cb9410,131072,breakout,21738,195642,202608056120,96,196608,8,768,960,1.0,1,7.62638791846085e-07,4,1.0856838806194433e-05,8.098305543571631e-05,1
5.0308883898798696e-06,9.877575328085263e-05,21730,8,6c3869c803a48cd9e520a4c06b6a0c22580338dba337748124010a0ad0cb9410,131072,breakout,21738,195642,202608056120,96,196608,8,768,960,1.0,1,8.32499239763462e-07,4,1.5739085021222748e-05,9.561972415518339e-05,1
4.760393201322062e-06,1.5971103015098456e-05,11816,0,6c3869c803a48cd9e520a4c06b6a0c22580338dba337748124010a0ad0cb9410,131072,breakout,11816,389928,202608056120,96,393216,32,768,3264,1.0,1,4.8988973425038005e-06,4,2.888304952071489e-05,1.5157819723398945e-05,1
4.439495419243132e-06,1.5005694380948153e-05,11808,8,6c3869c803a48cd9e520a4c06b6a0c22580338dba337748124010a0ad0cb9410,131072,breakout,11816,389928,202608056120,96,393216,32,768,3264,1.0,1,4.5098487990779085e-06,4,2.4054129512372147e-05,1.4799629472378725e-05,1
5.645182457144394e-07,1.3107378248807242e-05,8144,0,6c3869c803a48cd9e520a4c06b6a0c22580338dba337748124010a0ad0cb9410,131072,breakout,130304,195456,202608056121,0,196608,8,768,960,0.0,16,1.63736342022472e-06,4,2.87904844736665e-05,1.3837136351423858e-05,16
5.712074430080552e-07,1.3231307963393525e-05,8136,8,6c3869c803a48cd9e520a4c06b6a0c22580338dba337748124010a0ad0cb9410,131072,breakout,130304,195456,202608056121,0,196608,8,768,960,0.0,16,1.6646390903330799e-06,4,2.9745537046736638e-05,1.4264425574817277e-05,16
5.382360456304597e-07,1.2403692953119739e-05,8124,0,6c3869c803a48cd9e520a4c06b6a0c22580338dba337748124010a0ad0cb9410,131072,breakout,129984,389952,202608056121,0,393216,32,768,3264,0.0,16,7.1273423340308565e-06,4,0.00018187115753273052,1.3837136351423858e-05,16
5.426047243905454e-07,1.2474310095638955e-05,8116,8,6c3869c803a48cd9e520a4c06b6a0c22580338dba337748124010a0ad0cb9410,131072,breakout,129984,389952,202608056121,0,393216,32,768,3264,0.0,16,7.291690203613331e-06,4,0.00018620214258880402,1.4264425574817277e-05,16
1.0378276332201005e-06,7.690643852259901e-06,8144,0,6c3869c803a48cd9e520a4c06b6a0c22580338dba337748124010a0ad0cb9410,131072,breakout,130304,195456,202608056121,8,196608,8,768,960,0.1,16,4.794372108113791e-07,4,3.844082477966015e-06,7.738156357953585e-06,16
1.0750623704304378e-06,8.404970695128984e-06,8136,8,6c3869c803a48cd9e520a4c06b6a0c22580338dba337748124010a0ad0cb9410,131072,breakout,130304,195456,202608056121,8,196608,8,768,960,0.1,16,4.92480025369656e-07,4,4.582567140510713e-06,8.57425104964715e-06,16
1.0197826949133015e-06,7.469201922852938e-06,8124,0,6c3869c803a48cd9e520a4c06b6a0c22580338dba337748124010a0ad0cb9410,131072,breakout,129984,389952,202608056121,8,393216,32,768,3264,0.1,16,1.4472455909924525e-06,4,2.2092891751406646e-05,7.738156357953585e-06,16
1.051502521010129e-06,8.052316798119752e-06,8116,8,6c3869c803a48cd9e520a4c06b6a0c22580338dba337748124010a0ad0cb9410,131072,breakout,129984,389952,202608056121,8,393216,32,768,3264,0.1,16,1.5104138901051178e-06,4,2.3582382634893943e-05,8.57425104964715e-06,16
1.0227720598915318e-06,3.274801629494534e-06,16304,0,6c3869c803a48cd9e520a4c06b6a0c22580338dba337748124010a0ad0cb9410,131072,breakout,65216,195648,202608056121,28,196608,8,768,960,0.3,4,9.135109508301806e-07,4,2.8564856530047396e-06,2.8564856530047396e-06,4
1.052083525483825e-06,3.8822537779640315e-06,16296,8,6c3869c803a48cd9e520a4c06b6a0c22580338dba337748124010a0ad0cb9410,131072,breakout,65216,195648,202608056121,28,196608,8,768,960,0.3,4,9.206370925251205e-07,4,3.1702173809114893e-06,3.1702173809114893e-06,4
1.112573610341791e-06,4.631298574997503e-06,8124,0,6c3869c803a48cd9e520a4c06b6a0c22580338dba337748124010a0ad0cb9410,131072,breakout,129984,389952,202608056121,28,393216,32,768,3264,0.3,16,2.3384476464494977e-06,4,7.929553024334177e-06,4.573678157634327e-06,16
1.1457675186612035e-06,5.139230412885353e-06,8116,8,6c3869c803a48cd9e520a4c06b6a0c22580338dba337748124010a0ad0cb9410,131072,breakout,129984,389952,202608056121,28,393216,32,768,3264,0.3,16,2.2568293819392108e-06,4,7.1871106757420035e-06,5.137009541882853e-06,16
6.064900965730763e-07,6.900079570156767e-06,16304,0,6c3869c803a48cd9e520a4c06b6a0c22580338dba337748124010a0ad0cb9410,131072,breakout,65216,195648,202608056121,43,196608,8,768,960,0.5,4,5.368071154550129e-07,4,5.7424483517793965e-06,5.7424483517793965e-06,4
6.385490692961126e-07,8.08987308361136e-06,16296,8,6c3869c803a48cd9e520a4c06b6a0c22580338dba337748124010a0ad0cb9410,131072,breakout,65216,195648,202608056121,43,196608,8,768,960,0.5,4,5.612466406615101e-07,4,6.802239106125069e-06,6.802239106125069e-06,4
1.5729321976774142e-06,1.7047062638532495e-05,10832,0,6c3869c803a48cd9e520a4c06b6a0c22580338dba337748124010a0ad0cb9410,131072,breakout,43328,389952,202608056121,43,393216,32,768,3264,0.5,4,1.6528682937925899e-06,4,1.6182412799345933e-05,1.6182412799345933e-05,4
1.6002373404561237e-06,1.8276715861330154e-05,10824,8,6c3869c803a48cd9e520a4c06b6a0c22580338dba337748124010a0ad0cb9410,131072,breakout,43328,389952,202608056121,43,393216,32,768,3264,0.5,4,1.6887506605899747e-06,4,1.73490182724945e-05,1.73490182724945e-05,4
1.822209064244953e-06,3.236930108815567e-05,21738,0,6c3869c803a48cd9e520a4c06b6a0c22580338dba337748124010a0ad0cb9410,131072,breakout,21738,195642,202608056121,68,196608,8,768,960,0.7,1,1.4131721142281705e-06,4,8.47952148725474e-06,3.738765400194518e-05,1
1.4889519954409942e-06,2.3897857166776623e-05,21730,8,6c3869c803a48cd9e520a4c06b6a0c22580338dba337748124010a0ad0cb9410,131072,breakout,21738,195642,202608056121,68,196608,8,768,960,0.7,1,1.3502873446959704e-06,4,5.929100577058735e-06,2.878337046605078e-05,1
4.173572540571583e-06,2.34807001395231e-05,10832,0,6c3869c803a48cd9e520a4c06b6a0c22580338dba337748124010a0ad0cb9410,131072,breakout,43328,389952,202608056121,68,393216,32,768,3264,0.7,4,4.380604558456161e-06,4,2.8157898902232704e-05,2.8157898902232704e-05,4
3.848073972580782e-06,1.9076162223126257e-05,10824,8,6c3869c803a48cd9e520a4c06b6a0c22580338dba337748124010a0ad0cb9410,131072,breakout,43328,389952,202608056121,68,393216,32,768,3264,0.7,4,4.022808484228477e-06,4,2.315224449661642e-05,2.315224449661642e-05,4
2.3095504993847757e-06,1.324313790915123e-05,21738,0,6c3869c803a48cd9e520a4c06b6a0c22580338dba337748124010a0ad0cb9410,131072,breakout,21738,195642,202608056121,83,196608,8,768,960,0.9,1,9.135109508301806e-07,4,2.8564856530047396e-06,1.5765436043086674e-05,1
2.393736363257165e-06,1.0409138979892868e-05,21730,8,6c3869c803a48cd9e520a4c06b6a0c22580338dba337748124010a0ad0cb9410,131072,breakout,21738,195642,202608056121,83,196608,8,768,960,0.9,1,9.206370925251205e-07,4,3.1702173809114893e-06,1.2472547878740651e-05,1
2.1373704977270186e-06,6.888057090351427e-06,10832,0,6c3869c803a48cd9e520a4c06b6a0c22580338dba337748124010a0ad0cb9410,131072,breakout,43328,389952,202608056121,83,393216,32,768,3264,0.9,4,2.3384476464494977e-06,4,7.929553024334177e-06,0.00011381952201938155,1
2.0502055819126336e-06,6.30171015801495e-06,10824,8,6c3869c803a48cd9e520a4c06b6a0c22580338dba337748124010a0ad0cb9410,131072,breakout,43328,389952,202608056121,83,393216,32,768,3264,0.9,4,2.2568293819392108e-06,4,7.1871106757420035e-06,0.0001384337983044298,1
1.822209064244953e-06,3.236930108815567e-05,21738,0,6c3869c803a48cd9e520a4c06b6a0c22580338dba337748124010a0ad0cb9410,131072,breakout,21738,195642,202608056121,96,196608,8,768,960,1.0,1,1.4131721142281705e-06,4,8.47952148725474e-06,3.738765400194518e-05,1
1.4889519954409942e-06,2.3897857166776623e-05,21730,8,6c3869c803a48cd9e520a4c06b6a0c22580338dba337748124010a0ad0cb9410,131072,breakout,21738,195642,202608056121,96,196608,8,768,960,1.0,1,1.3502873446959704e-06,4,5.929100577058735e-06,2.878337046605078e-05,1
3.854654077527427e-06,1.549747671982206e-05,11816,0,6c3869c803a48cd9e520a4c06b6a0c22580338dba337748124010a0ad0cb9410,131072,breakout,11816,389928,202608056121,96,393216,32,768,3264,1.0,1,4.380604558456161e-06,4,2.8157898902232704e-05,1.3725797482767236e-05,1
3.7669425512999295e-06,1.3110058002207278e-05,11808,8,6c3869c803a48cd9e520a4c06b6a0c22580338dba337748124010a0ad0cb9410,131072,breakout,11816,389928,202608056121,96,393216,32,768,3264,1.0,1,4.022808484228477e-06,4,2.315224449661642e-05,1.2254552266072391e-05,1
1.005630682487843e-07,4.6909366407088806e-07,8144,0,6c3869c803a48cd9e520a4c06b6a0c22580338dba337748124010a0ad0cb9410,131072,breakout,130304,195456,202608056122,0,196608,8,768,960,0.0,16,6.179285198683336e-07,4,1.043564617761666e-05,6.081795462680837e-07,16
9.627454920830096e-08,4.878956452366972e-07,8136,8,6c3869c803a48cd9e520a4c06b6a0c22580338dba337748124010a0ad0cb9410,131072,breakout,130304,195456,202608056122,0,196608,8,768,960,0.0,16,6.63002264648141e-07,4,1.1521741600712387e-05,6.41861015923892e-07,16
9.308611544849202e-08,4.114070330139563e-07,8124,0,6c3869c803a48cd9e520a4c06b6a0c22580338dba337748124010a0ad0cb9410,131072,breakout,129984,389952,202608056122,0,393216,32,768,3264,0.0,16,1.2804124477576053e-06,4,2.1391331527435962e-05,6.081795462680837e-07,16
8.931081002343028e-08,4.3526820002775143e-07,8116,8,6c3869c803a48cd9e520a4c06b6a0c22580338dba337748124010a0ad0cb9410,131072,breakout,129984,389952,202608056122,0,393216,32,768,3264,0.0,16,1.3014904471005036e-06,4,2.244453694464934e-05,6.41861015923892e-07,16
1.3866208696353145e-06,1.3637831029770862e-05,8144,0,6c3869c803a48cd9e520a4c06b6a0c22580338dba337748124010a0ad0cb9410,131072,breakout,130304,195456,202608056122,10,196608,8,768,960,0.1,16,1.4901035628405535e-06,4,3.128324632876104e-05,1.6677494049352305e-05,16
1.4062466927521404e-06,1.443275025757199e-05,8136,8,6c3869c803a48cd9e520a4c06b6a0c22580338dba337748124010a0ad0cb9410,131072,breakout,130304,195456,202608056122,10,196608,8,768,960,0.1,16,1.5915539824487181e-06,4,3.364954798931925e-05,1.7699309344945867e-05,16
1.379773921158269e-06,1.270451246938415e-05,8124,0,6c3869c803a48cd9e520a4c06b6a0c22580338dba337748124010a0ad0cb9410,131072,breakout,129984,389952,202608056122,10,393216,32,768,3264,0.1,16,1.6713309725461202e-06,4,2.8150362034837472e-05,1.6677494049352305e-05,16
1.3971133335367467e-06,1.3440685078949245e-05,8116,8,6c3869c803a48cd9e520a4c06b6a0c22580338dba337748124010a0ad0cb9410,131072,breakout,129984,389952,202608056122,10,393216,32,768,3264,0.1,16,1.7162856434672677e-06,4,2.9598403055352122e-05,1.7699309344945867e-05,16
2.559211274747411e-06,3.586314728763588e-05,16304,0,6c3869c803a48cd9e520a4c06b6a0c22580338dba337748124010a0ad0cb9410,131072,breakout,65216,195648,202608056122,29,196608,8,768,960,0.3,4,2.3640271189062893e-06,4,3.359768094957728e-05,3.359768094957728e-05,4
2.8979980300236003e-06,4.3324490057469486e-05,16296,8,6c3869c803a48cd9e520a4c06b6a0c22580338dba337748124010a0ad0cb9410,131072,breakout,65216,195648,202608056122,29,196608,8,768,960,0.3,4,2.674366632891577e-06,4,4.0317190142334495e-05,4.0317190142334495e-05,4
4.235027489883484e-06,3.2372994498207134e-05,8124,0,6c3869c803a48cd9e520a4c06b6a0c22580338dba337748124010a0ad0cb9410,131072,breakout,129984,389952,202608056122,29,393216,32,768,3264,0.3,16,3.260526092519456e-06,4,4.2070142833624494e-05,4.5225635963122016e-05,16
4.221474296939819e-06,3.394951431565858e-05,8116,8,6c3869c803a48cd9e520a4c06b6a0c22580338dba337748124010a0ad0cb9410,131072,breakout,129984,389952,202608056122,29,393216,32,768,3264,0.3,16,3.553181451916299e-06,4,4.872895049243194e-05,4.7786140273563774e-05,16
2.905069709406824e-06,4.9317318373507064e-05,16304,0,6c3869c803a48cd9e520a4c06b6a0c22580338dba337748124010a0ad0cb9410,131072,breakout,65216,195648,202608056122,53,196608,8,768,960,0.5,4,2.7413086204644704e-06,4,4.5904950211307065e-05,4.5904950211307065e-05,4
3.291648890250434e-06,5.912737091466667e-05,16296,8,6c3869c803a48cd9e520a4c06b6a0c22580338dba337748124010a0ad0cb9410,131072,breakout,65216,195648,202608056122,53,196608,8,768,960,0.5,4,3.0902094620292217e-06,4,5.463975891844903e-05,5.463975891844903e-05,4
4.803271755320455e-06,7.577528230233746e-05,10832,0,6c3869c803a48cd9e520a4c06b6a0c22580338dba337748124010a0ad0cb9410,131072,breakout,43328,389952,202608056122,53,393216,32,768,3264,0.5,4,4.9536867724735875e-06,4,8.26294049034161e-05,8.26294049034161e-05,4
5.289730537005354e-06,8.810692429307684e-05,10824,8,6c3869c803a48cd9e520a4c06b6a0c22580338dba337748124010a0ad0cb9410,131072,breakout,43328,389952,202608056122,53,393216,32,768,3264,0.5,4,5.508836510331157e-06,4,9.653215405584939e-05,9.653215405584939e-05,4
2.41405339699573e-06,4.145733386373739e-05,21738,0,6c3869c803a48cd9e520a4c06b6a0c22580338dba337748124010a0ad0cb9410,131072,breakout,21738,195642,202608056122,70,196608,8,768,960,0.7,1,3.1786166920943014e-06,4,3.64460450078794e-05,4.173417858353747e-05,1
2.9847682662114678e-06,5.5055103159104354e-05,21730,8,6c3869c803a48cd9e520a4c06b6a0c22580338dba337748124010a0ad0cb9410,131072,breakout,21738,195642,202608056122,70,196608,8,768,960,0.7,1,3.6877766924035263e-06,4,4.750782211817153e-05,5.6511080920339915e-05,1
5.216538971724579e-06,5.8699567457407535e-05,10832,0,6c3869c803a48cd9e520a4c06b6a0c22580338dba337748124010a0ad0cb9410,131072,breakout,43328,389952,202608056122,70,393216,32,768,3264,0.7,4,5.159786005894725e-06,4,6.076570936638848e-05,6.076570936638848e-05,4
5.731561450402876e-06,7.101530642613553e-05,10824,8,6c3869c803a48cd9e520a4c06b6a0c22580338dba337748124010a0ad0cb9410,131072,breakout,43328,389952,202608056122,70,393216,32,768,3264,0.7,4,5.759432109815674e-06,4,7.458818712504633e-05,7.458818712504633e-05,4
2.41405339699573e-06,4.145733386373739e-05,21738,0,6c3869c803a48cd9e520a4c06b6a0c22580338dba337748124010a0ad0cb9410,131072,breakout,21738,195642,202608056122,89,196608,8,768,960,0.9,1,3.1786166920943014e-06,4,3.64460450078794e-05,4.173417858353747e-05,1
2.9847682662114678e-06,5.5055103159104354e-05,21730,8,6c3869c803a48cd9e520a4c06b6a0c22580338dba337748124010a0ad0cb9410,131072,breakout,21738,195642,202608056122,89,196608,8,768,960,0.9,1,3.6877766924035263e-06,4,4.750782211817153e-05,5.6511080920339915e-05,1
5.4416231902637866e-06,5.2807266357387296e-05,11816,0,6c3869c803a48cd9e520a4c06b6a0c22580338dba337748124010a0ad0cb9410,131072,breakout,11816,389928,202608056122,89,393216,32,768,3264,0.9,1,5.159786005894725e-06,4,6.076570936638848e-05,5.00456113948078e-05,1
6.052835914878046e-06,6.686542992310226e-05,11808,8,6c3869c803a48cd9e520a4c06b6a0c22580338dba337748124010a0ad0cb9410,131072,breakout,11816,389928,202608056122,89,393216,32,768,3264,0.9,1,5.759432109815674e-06,4,7.458818712504633e-05,6.414380551770224e-05,1
2.41405339699573e-06,4.145733386373739e-05,21738,0,6c3869c803a48cd9e520a4c06b6a0c22580338dba337748124010a0ad0cb9410,131072,breakout,21738,195642,202608056122,96,196608,8,768,960,1.0,1,3.1786166920943014e-06,4,3.64460450078794e-05,4.173417858353747e-05,1
2.9847682662114678e-06,5.5055103159104354e-05,21730,8,6c3869c803a48cd9e520a4c06b6a0c22580338dba337748124010a0ad0cb9410,131072,breakout,21738,195642,202608056122,96,196608,8,768,960,1.0,1,3.6877766924035263e-06,4,4.750782211817153e-05,5.6511080920339915e-05,1
5.4416231902637866e-06,5.2807266357387296e-05,11816,0,6c3869c803a48cd9e520a4c06b6a0c22580338dba337748124010a0ad0cb9410,131072,breakout,11816,389928,202608056122,96,393216,32,768,3264,1.0,1,5.159786005894725e-06,4,6.076570936638848e-05,5.00456113948078e-05,1
6.052835914878046e-06,6.686542992310226e-05,11808,8,6c3869c803a48cd9e520a4c06b6a0c22580338dba337748124010a0ad0cb9410,131072,breakout,11816,389928,202608056122,96,393216,32,768,3264,1.0,1,5.759432109815674e-06,4,7.458818712504633e-05,6.414380551770224e-05,1
4.825237560405596e-07,9.092823456666683e-06,8144,0,6c3869c803a48cd9e520a4c06b6a0c22580338dba337748124010a0ad0cb9410,131072,breakout,130304,195456,202608056123,0,196608,8,768,960,0.0,16,1.3425853134893668e-06,4,2.698160800967878e-05,8.750662319854883e-06,16
4.998932076348158e-07,9.656429913399794e-06,8136,8,6c3869c803a48cd9e520a4c06b6a0c22580338dba337748124010a0ad0cb9410,131072,breakout,130304,195456,202608056123,0,196608,8,768,960,0.0,16,1.4421960871127763e-06,4,2.9506321973164027e-05,9.25071150408907e-06,16
4.791073700512027e-07,9.079347987650193e-06,8124,0,6c3869c803a48cd9e520a4c06b6a0c22580338dba337748124010a0ad0cb9410,131072,breakout,129984,389952,202608056123,0,393216,32,768,3264,0.0,16,7.756663023123258e-07,4,1.0524634412148123e-05,8.750662319854883e-06,16
4.933636501430531e-07,9.551531353632376e-06,8116,8,6c3869c803a48cd9e520a4c06b6a0c22580338dba337748124010a0ad0cb9410,131072,breakout,129984,389952,202608056123,0,393216,32,768,3264,0.0,16,8.27752604296708e-07,4,1.1779151648186145e-05,9.25071150408907e-06,16
5.010062062992705e-07,7.141430346968218e-06,8144,0,6c3869c803a48cd9e520a4c06b6a0c22580338dba337748124010a0ad0cb9410,131072,breakout,130304,195456,202608056123,9,196608,8,768,960,0.1,16,6.20369219026332e-07,4,5.355327985795161e-06,7.418738004167232e-06,16
5.288971453345064e-07,7.749626926458099e-06,8136,8,6c3869c803a48cd9e520a4c06b6a0c22580338dba337748124010a0ad0cb9410,131072,breakout,130304,195456,202608056123,9,196608,8,768,960,0.1,16,6.553503390524584e-07,4,6.361383609447003e-06,8.246645192534893e-06,16
4.7348856717637315e-07,6.655329845254258e-06,8124,0,6c3869c803a48cd9e520a4c06b6a0c22580338dba337748124010a0ad0cb9410,131072,breakout,129984,389952,202608056123,9,393216,32,768,3264,0.1,16,6.195180446462092e-07,4,9.536196641011018e-06,7.418738004167232e-06,16
4.928410892988777e-07,7.0362677612431435e-06,8116,8,6c3869c803a48cd9e520a4c06b6a0c22580338dba337748124010a0ad0cb9410,131072,breakout,129984,389952,202608056123,9,393216,32,768,3264,0.1,16,6.631421900080667e-07,4,1.0833263022838692e-05,8.246645192534893e-06,16
6.926139290255056e-07,9.51391682564837e-06,16304,0,6c3869c803a48cd9e520a4c06b6a0c22580338dba337748124010a0ad0cb9410,131072,breakout,65216,195648,202608056123,23,196608,8,768,960,0.3,4,6.172025025178751e-07,4,8.180338685591231e-06,8.180338685591231e-06,4
7.643803520522249e-07,1.1548821393230783e-05,16296,8,6c3869c803a48cd9e520a4c06b6a0c22580338dba337748124010a0ad0cb9410,131072,breakout,65216,195648,202608056123,23,196608,8,768,960,0.3,4,6.851786335877256e-07,4,1.0127694633657586e-05,1.0127694633657586e-05,4
2.72336024265257e-07,9.812630002733126e-07,8124,0,6c3869c803a48cd9e520a4c06b6a0c22580338dba337748124010a0ad0cb9410,131072,breakout,129984,389952,202608056123,23,393216,32,768,3264,0.3,16,1.12236033878904e-06,4,1.5115557911078391e-05,1.1629872433653248e-06,16
2.727317840975603e-07,1.0427724185054818e-06,8116,8,6c3869c803a48cd9e520a4c06b6a0c22580338dba337748124010a0ad0cb9410,131072,breakout,129984,389952,202608056123,23,393216,32,768,3264,0.3,16,1.1848430431201758e-06,4,1.6674071516026492e-05,1.2887464234132771e-06,16
2.348740482976531e-06,7.902518026838746e-06,16304,0,6c3869c803a48cd9e520a4c06b6a0c22580338dba337748124010a0ad0cb9410,131072,breakout,65216,195648,202608056123,36,196608,8,768,960,0.5,4,2.2383645123640506e-06,4,7.669196393773013e-06,7.669196393773013e-06,4
2.3415154016187027e-06,8.736978217813656e-06,16296,8,6c3869c803a48cd9e520a4c06b6a0c22580338dba337748124010a0ad0cb9410,131072,breakout,65216,195648,202608056123,36,196608,8,768,960,0.5,4,2.26064076026538e-06,4,9.10767555169218e-06,9.10767555169218e-06,4
1.004220926521033e-06,3.3525994004787666e-06,10832,0,6c3869c803a48cd9e520a4c06b6a0c22580338dba337748124010a0ad0cb9410,131072,breakout,43328,389952,202608056123,36,393216,32,768,3264,0.5,4,1.033864939117344e-06,4,3.895313428734315e-06,3.895313428734315e-06,4
9.880861407992946e-07,3.613818064387697e-06,10824,8,6c3869c803a48cd9e520a4c06b6a0c22580338dba337748124010a0ad0cb9410,131072,breakout,43328,389952,202608056123,36,393216,32,768,3264,0.5,4,1.0535180228232518e-06,4,5.161800565199499e-06,5.161800565199499e-06,4
5.60510265306836e-06,8.47806218361819e-05,21738,0,6c3869c803a48cd9e520a4c06b6a0c22580338dba337748124010a0ad0cb9410,131072,breakout,21738,195642,202608056123,68,196608,8,768,960,0.7,1,3.6609954308279683e-06,4,1.2393015725495228e-05,8.539420132806911e-05,1
6.281966497586106e-06,0.00010334268644323927,21730,8,6c3869c803a48cd9e520a4c06b6a0c22580338dba337748124010a0ad0cb9410,131072,breakout,21738,195642,202608056123,68,196608,8,768,960,0.7,1,3.720331837088976e-06,4,1.3549611449539875e-05,0.00010352780315703636,1
1.3941328622055623e-06,5.871308334919887e-06,10832,0,6c3869c803a48cd9e520a4c06b6a0c22580338dba337748124010a0ad0cb9410,131072,breakout,43328,389952,202608056123,68,393216,32,768,3264,0.7,4,1.474814097636965e-06,4,4.923012229479112e-06,4.923012229479112e-06,4
1.3266691295100223e-06,4.446022687866375e-06,10824,8,6c3869c803a48cd9e520a4c06b6a0c22580338dba337748124010a0ad0cb9410,131072,breakout,43328,389952,202608056123,68,393216,32,768,3264,0.7,4,1.5127973572341673e-06,4,5.77579564844833e-06,5.77579564844833e-06,4
5.60510265306836e-06,8.47806218361819e-05,21738,0,6c3869c803a48cd9e520a4c06b6a0c22580338dba337748124010a0ad0cb9410,131072,breakout,21738,195642,202608056123,88,196608,8,768,960,0.9,1,3.6609954308279683e-06,4,1.2393015725495228e-05,8.539420132806911e-05,1
6.281966497586106e-06,0.00010334268644323927,21730,8,6c3869c803a48cd9e520a4c06b6a0c22580338dba337748124010a0ad0cb9410,131072,breakout,21738,195642,202608056123,88,196608,8,768,960,0.9,1,3.720331837088976e-06,4,1.3549611449539875e-05,0.00010352780315703636,1
3.2040995704491412e-06,1.0667835672629269e-05,11816,0,6c3869c803a48cd9e520a4c06b6a0c22580338dba337748124010a0ad0cb9410,131072,breakout,11816,389928,202608056123,88,393216,32,768,3264,0.9,1,1.474814097636965e-06,4,4.923012229479112e-06,1.1481246370408425e-05,1
3.301549784482487e-06,1.2380205503705793e-05,11808,8,6c3869c803a48cd9e520a4c06b6a0c22580338dba337748124010a0ad0cb9410,131072,breakout,11816,389928,202608056123,88,393216,32,768,3264,0.9,1,1.5127973572341673e-06,4,5.77579564844833e-06,1.1043225516162191e-05,1
5.60510265306836e-06,8.47806218361819e-05,21738,0,6c3869c803a48cd9e520a4c06b6a0c22580338dba337748124010a0ad0cb9410,131072,breakout,21738,195642,202608056123,96,196608,8,768,960,1.0,1,3.6609954308279683e-06,4,1.2393015725495228e-05,8.539420132806911e-05,1
6.281966497586106e-06,0.00010334268644323927,21730,8,6c3869c803a48cd9e520a4c06b6a0c22580338dba337748124010a0ad0cb9410,131072,breakout,21738,195642,202608056123,96,196608,8,768,960,1.0,1,3.720331837088976e-06,4,1.3549611449539875e-05,0.00010352780315703636,1
3.2040995704491412e-06,1.0667835672629269e-05,11816,0,6c3869c803a48cd9e520a4c06b6a0c22580338dba337748124010a0ad0cb9410,131072,breakout,11816,389928,202608056123,96,393216,32,768,3264,1.0,1,1.474814097636965e-06,4,4.923012229479112e-06,1.1481246370408425e-05,1
3.301549784482487e-06,1.2380205503705793e-05,11808,8,6c3869c803a48cd9e520a4c06b6a0c22580338dba337748124010a0ad0cb9410,131072,breakout,11816,389928,202608056123,96,393216,32,768,3264,1.0,1,1.5127973572341673e-06,4,5.77579564844833e-06,1.1043225516162191e-05,1
3.136013521806573e-07,1.2626161999662825e-06,8144,0,6c3869c803a48cd9e520a4c06b6a0c22580338dba337748124010a0ad0cb9410,131072,breakout,130304,195456,202608056124,0,196608,8,768,960,0.0,16,6.791887283660892e-07,4,6.42198186938131e-06,1.1828633273044984e-06,16
3.2005990129124294e-07,1.2652999572745079e-06,8136,8,6c3869c803a48cd9e520a4c06b6a0c22580338dba337748124010a0ad0cb9410,131072,breakout,130304,195456,202608056124,0,196608,8,768,960,0.0,16,7.217567002187915e-07,4,7.667683845310219e-06,1.1956941104752652e-06,16
3.121941245982267e-07,1.2614069277779792e-06,8124,0,6c3869c803a48cd9e520a4c06b6a0c22580338dba337748124010a0ad0cb9410,131072,breakout,129984,389952,202608056124,0,393216,32,768,3264,0.0,16,1.7704893290948546e-07,4,1.1513328645500106e-06,1.1828633273044984e-06,16
3.1945743577817726e-07,1.2785933022676486e-06,8116,8,6c3869c803a48cd9e520a4c06b6a0c22580338dba337748124010a0ad0cb9410,131072,breakout,129984,389952,202608056124,0,393216,32,768,3264,0.0,16,1.8636681098540104e-07,4,1.4027604767487531e-06,1.1956941104752652e-06,16
1.534416804367583e-06,1.710455851685543e-05,8144,0,6c3869c803a48cd9e520a4c06b6a0c22580338dba337748124010a0ad0cb9410,131072,breakout,130304,195456,202608056124,8,196608,8,768,960,0.1,16,9.967553189296306e-07,4,7.394445078133278e-06,1.6075733828636892e-05,16
1.5760589670715336e-06,1.8043981266770147e-05,8136,8,6c3869c803a48cd9e520a4c06b6a0c22580338dba337748124010a0ad0cb9410,131072,breakout,130304,195456,202608056124,8,196608,8,768,960,0.1,16,9.99872445109525e-07,4,7.994602803781844e-06,1.6835278610736065e-05,16
1.5633561932239351e-06,1.7219344283743372e-05,8124,0,6c3869c803a48cd9e520a4c06b6a0c22580338dba337748124010a0ad0cb9410,131072,breakout,129984,389952,202608056124,8,393216,32,768,3264,0.1,16,1.0486824248048067e-06,4,1.6801558278489485e-05,1.6075733828636892e-05,16
1.5988625553622235e-06,1.791316380959016e-05,8116,8,6c3869c803a48cd9e520a4c06b6a0c22580338dba337748124010a0ad0cb9410,131072,breakout,129984,389952,202608056124,8,393216,32,768,3264,0.1,16,1.1223417374079164e-06,4,1.8763233542448743e-05,1.6835278610736065e-05,16
7.974871211570118e-07,2.7532398658776945e-06,16304,0,6c3869c803a48cd9e520a4c06b6a0c22580338dba337748124010a0ad0cb9410,131072,breakout,65216,195648,202608056124,30,196608,8,768,960,0.3,4,8.084212519664658e-07,4,2.9905053252754146e-06,2.9905053252754146e-06,4
8.351663909242451e-07,3.05446285772879e-06,16296,8,6c3869c803a48cd9e520a4c06b6a0c22580338dba337748124010a0ad0cb9410,131072,breakout,65216,195648,202608056124,30,196608,8,768,960,0.3,4,8.512578386369269e-07,4,3.4619071514282993e-06,3.4619071514282993e-06,4
8.404282706951458e-06,0.0001422694529698235,8124,0,6c3869c803a48cd9e520a4c06b6a0c22580338dba337748124010a0ad0cb9410,131072,breakout,129984,389952,202608056124,30,393216,32,768,3264,0.3,16,1.4416602995563689e-05,4,0.0002883185836517826,0.00013592211846717212,16
8.950554824924526e-06,0.00015358594388975973,8116,8,6c3869c803a48cd9e520a4c06b6a0c22580338dba337748124010a0ad0cb9410,131072,breakout,129984,389952,202608056124,30,393216,32,768,3264,0.3,16,1.5047401081721697e-05,4,0.000305473339522925,0.00014764402446670625,16
6.825888595395577e-07,9.693200121777834e-06,16304,0,6c3869c803a48cd9e520a4c06b6a0c22580338dba337748124010a0ad0cb9410,131072,breakout,65216,195648,202608056124,50,196608,8,768,960,0.5,4,7.745709662047014e-07,4,1.215943750866207e-05,1.215943750866207e-05,4
7.417083001042838e-07,1.1261259207901043e-05,16296,8,6c3869c803a48cd9e520a4c06b6a0c22580338dba337748124010a0ad0cb9410,131072,breakout,65216,195648,202608056124,50,196608,8,768,960,0.5,4,8.431006649577614e-07,4,1.3995354349582663e-05,1.3995354349582663e-05,4
8.63088499049262e-06,0.00011705968680496126,10832,0,6c3869c803a48cd9e520a4c06b6a0c22580338dba337748124010a0ad0cb9410,131072,breakout,43328,389952,202608056124,50,393216,32,768,3264,0.5,4,8.821792345023637e-06,4,0.00012005634841786803,0.00012005634841786803,4
8.959066669010558e-06,0.00012682474144535408,10824,8,6c3869c803a48cd9e520a4c06b6a0c22580338dba337748124010a0ad0cb9410,131072,breakout,43328,389952,202608056124,50,393216,32,768,3264,0.5,4,9.209282136916372e-06,4,0.00013093300469592192,0.00013093300469592192,4
1.2000638672134109e-06,5.703564275298027e-06,21738,0,6c3869c803a48cd9e520a4c06b6a0c22580338dba337748124010a0ad0cb9410,131072,breakout,21738,195642,202608056124,64,196608,8,768,960,0.7,1,1.0381002975621838e-06,4,6.458328942363772e-06,6.326828414053309e-06,1
1.2520995085684067e-06,4.501777190286978e-06,21730,8,6c3869c803a48cd9e520a4c06b6a0c22580338dba337748124010a0ad0cb9410,131072,breakout,21738,195642,202608056124,64,196608,8,768,960,0.7,1,1.1244072254679004e-06,4,7.5844568399657385e-06,4.9906635251253686e-06,1
1.0765204128171998e-05,0.0002009622450213551,10832,0,6c3869c803a48cd9e520a4c06b6a0c22580338dba337748124010a0ad0cb9410,131072,breakout,43328,389952,202608056124,64,393216,32,768,3264,0.7,4,1.1283312671496274e-05,4,0.0002130786410003277,0.0002130786410003277,4
1.15916962774331e-05,0.0002219120412120123,10824,8,6c3869c803a48cd9e520a4c06b6a0c22580338dba337748124010a0ad0cb9410,131072,breakout,43328,389952,202608056124,64,393216,32,768,3264,0.7,4,1.2194436837374635e-05,4,0.00023576935011722025,0.00023576935011722025,4
1.0210708518528426e-06,3.690370173518365e-06,21738,0,6c3869c803a48cd9e520a4c06b6a0c22580338dba337748124010a0ad0cb9410,131072,breakout,21738,195642,202608056124,85,196608,8,768,960,0.9,1,1.2643023709860288e-06,4,6.409167909574768e-06,2.989910073349991e-06,1
1.1177419110352211e-06,5.175937653914155e-06,21730,8,6c3869c803a48cd9e520a4c06b6a0c22580338dba337748124010a0ad0cb9410,131072,breakout,21738,195642,202608056124,85,196608,8,768,960,0.9,1,1.37185287396554e-06,4,8.30956103857453e-06,3.870062769908375e-06,1
1.9632574602938978e-05,0.0003486043180644012,10832,0,6c3869c803a48cd9e520a4c06b6a0c22580338dba337748124010a0ad0cb9410,131072,breakout,43328,389952,202608056124,85,393216,32,768,3264,0.9,4,2.04863032782332e-05,4,0.00036609149695287536,0.00022165483693600173,1
2.0751985128934518e-05,0.000380892484469931,10824,8,6c3869c803a48cd9e520a4c06b6a0c22580338dba337748124010a0ad0cb9410,131072,breakout,43328,389952,202608056124,85,393216,32,768,3264,0.9,4,2.174193453924992e-05,4,0.00040126461663934427,0.00024032439428205613,1
1.0210708518528426e-06,3.690370173518365e-06,21738,0,6c3869c803a48cd9e520a4c06b6a0c22580338dba337748124010a0ad0cb9410,131072,breakout,21738,195642,202608056124,96,196608,8,768,960,1.0,1,1.2643023709860288e-06,4,6.409167909574768e-06,2.989910073349991e-06,1
1.1177419110352211e-06,5.175937653914155e-06,21730,8,6c3869c803a48cd9e520a4c06b6a0c22580338dba337748124010a0ad0cb9410,131072,breakout,21738,195642,202608056124,96,196608,8,768,960,1.0,1,1.37185287396554e-06,4,8.30956103857453e-06,3.870062769908375e-06,1
1.4430768094603216e-05,0.00022663800555431163,11816,0,6c3869c803a48cd9e520a4c06b6a0c22580338dba337748124010a0ad0cb9410,131072,breakout,11816,389928,202608056124,96,393216,32,768,3264,1.0,1,2.04863032782332e-05,4,0.00036609149695287536,0.00022165483693600173,1
1.5063534665427476e-05,0.0002476464817435257,11808,8,6c3869c803a48cd9e520a4c06b6a0c22580338dba337748124010a0ad0cb9410,131072,breakout,11816,389928,202608056124,96,393216,32,768,3264,1.0,1,2.174193453924992e-05,4,0.00040126461663934427,0.00024032439428205613,1
6.652086806708536e-07,1.2113261913431875e-05,8144,0,6c3869c803a48cd9e520a4c06b6a0c22580338dba337748124010a0ad0cb9410,131072,breakout,130304,195456,202608056125,0,196608,8,768,960,0.0,16,1.052635660397946e-06,4,3.5563287826170493e-06,1.315780235340127e-05,16
6.724150971212695e-07,1.229530961677874e-05,8136,8,6c3869c803a48cd9e520a4c06b6a0c22580338dba337748124010a0ad0cb9410,131072,breakout,130304,195456,202608056125,0,196608,8,768,960,0.0,16,1.025255151013996e-06,4,3.4397610957152385e-06,1.3287515596996135e-05,16
6.678711783455582e-07,1.2037247365137471e-05,8124,0,6c3869c803a48cd9e520a4c06b6a0c22580338dba337748124010a0ad0cb9410,131072,breakout,129984,389952,202608056125,0,393216,32,768,3264,0.0,16,3.040698572842318e-06,4,6.897520990800181e-05,1.315780235340127e-05,16
6.786225001181493e-07,1.2283600148292383e-05,8116,8,6c3869c803a48cd9e520a4c06b6a0c22580338dba337748124010a0ad0cb9410,131072,breakout,129984,389952,202608056125,0,393216,32,768,3264,0.0,16,3.1799537731918737e-06,4,7.27626936262309e-05,1.3287515596996135e-05,16
7.633587823848906e-07,1.0397498266524846e-05,8144,0,6c3869c803a48cd9e520a4c06b6a0c22580338dba337748124010a0ad0cb9410,131072,breakout,130304,195456,202608056125,10,196608,8,768,960,0.1,16,2.0456345472327515e-06,4,1.3230904977797638e-05,1.1651249290736094e-05,16
7.745255515594877e-07,1.0640402255136914e-05,8136,8,6c3869c803a48cd9e520a4c06b6a0c22580338dba337748124010a0ad0cb9410,131072,breakout,130304,195456,202608056125,10,196608,8,768,960,0.1,16,1.9748775571929394e-06,4,1.1971185086559597e-05,1.1894720499311629e-05,16
7.687643376052729e-07,1.026849674493947e-05,8124,0,6c3869c803a48cd9e520a4c06b6a0c22580338dba337748124010a0ad0cb9410,131072,breakout,129984,389952,202608056125,10,393216,32,768,3264,0.1,16,2.97058761640335e-06,4,4.315695572164733e-05,1.1651249290736094e-05,16
7.84995146116157e-07,1.0596688827771874e-05,8116,8,6c3869c803a48cd9e520a4c06b6a0c22580338dba337748124010a0ad0cb9410,131072,breakout,129984,389952,202608056125,10,393216,32,768,3264,0.1,16,3.1189242438775696e-06,4,4.688520113970164e-05,1.1894720499311629e-05,16
9.865844815638878e-07,1.0170627180218378e-05,16304,0,6c3869c803a48cd9e520a4c06b6a0c22580338dba337748124010a0ad0cb9410,131072,breakout,65216,195648,202608056125,31,196608,8,768,960,0.3,4,9.701623149438265e-07,4,9.807166705782257e-06,9.807166705782257e-06,4
1.0152163749164294e-06,1.0969754713976291e-05,16296,8,6c3869c803a48cd9e520a4c06b6a0c22580338dba337748124010a0ad0cb9410,131072,breakout,65216,195648,202608056125,31,196608,8,768,960,0.3,4,1.001436226712941e-06,4,1.0787498631892341e-05,1.0787498631892341e-05,4
1.7133396684530092e-06,2.0204145647302373e-05,8124,0,6c3869c803a48cd9e520a4c06b6a0c22580338dba337748124010a0ad0cb9410,131072,breakout,129984,389952,202608056125,31,393216,32,768,3264,0.3,16,3.5889929117534126e-06,4,9.116881881457646e-05,2.142140282690335e-05,16
1.7729682720762953e-06,2.198260606000908e-05,8116,8,6c3869c803a48cd9e520a4c06b6a0c22580338dba337748124010a0ad0cb9410,131072,breakout,129984,389952,202608056125,31,393216,32,768,3264,0.3,16,3.7673563237280483e-06,4,9.574401799834837e-05,2.3051962735631365e-05,16
7.143757346237269e-07,2.598581749649499e-06,16304,0,6c3869c803a48cd9e520a4c06b6a0c22580338dba337748124010a0ad0cb9410,131072,breakout,65216,195648,202608056125,43,196608,8,768,960,0.5,4,7.691604061295421e-07,4,3.5275035538866993e-06,3.5275035538866993e-06,4
7.017281549636201e-07,2.374949532449741e-06,16296,8,6c3869c803a48cd9e520a4c06b6a0c22580338dba337748124010a0ad0cb9410,131072,breakout,65216,195648,202608056125,43,196608,8,768,960,0.5,4,7.363959004679839e-07,4,2.754352645609213e-06,2.754352645609213e-06,4
1.8223278308836225e-06,3.1752180452059874e-05,10832,0,6c3869c803a48cd9e520a4c06b6a0c22580338dba337748124010a0ad0cb9410,131072,breakout,43328,389952,202608056125,43,393216,32,768,3264,0.5,4,2.009051371828561e-06,4,3.5073146313468016e-05,3.5073146313468016e-05,4
2.099810079085355e-06,3.83715525736071e-05,10824,8,6c3869c803a48cd9e520a4c06b6a0c22580338dba337748124010a0ad0cb9410,131072,breakout,43328,389952,202608056125,43,393216,32,768,3264,0.5,4,2.293706517445909e-06,4,4.1753369443787396e-05,4.1753369443787396e-05,4
1.946357803417206e-06,2.8264488298979734e-05,21738,0,6c3869c803a48cd9e520a4c06b6a0c22580338dba337748124010a0ad0cb9410,131072,breakout,21738,195642,202608056125,69,196608,8,768,960,0.7,1,1.1206873792368213e-06,4,3.7352414135040236e-06,2.6178627032532632e-05,1
1.613342137415772e-06,1.9565825984844578e-05,21730,8,6c3869c803a48cd9e520a4c06b6a0c22580338dba337748124010a0ad0cb9410,131072,breakout,21738,195642,202608056125,69,196608,8,768,960,0.7,1,1.0761829060048408e-06,4,3.7266672973450784e-06,1.796616911534093e-05,1
2.984821115701247e-06,4.982803791214692e-05,10832,0,6c3869c803a48cd9e520a4c06b6a0c22580338dba337748124010a0ad0cb9410,131072,breakout,43328,389952,202608056125,69,393216,32,768,3264,0.7,4,3.2794188265878025e-06,4,5.609028835518457e-05,5.609028835518457e-05,4
3.2541412345796236e-06,5.677915387566464e-05,10824,8,6c3869c803a48cd9e520a4c06b6a0c22580338dba337748124010a0ad0cb9410,131072,breakout,43328,389952,202608056125,69,393216,32,768,3264,0.7,4,3.549127027942205e-06,4,6.323664560361893e-05,6.323664560361893e-05,4
1.946357803417206e-06,2.8264488298979734e-05,21738,0,6c3869c803a48cd9e520a4c06b6a0c22580338dba337748124010a0ad0cb9410,131072,breakout,21738,195642,202608056125,90,196608,8,768,960,0.9,1,9.620610433453325e-07,4,3.6536827645246073e-06,2.6178627032532632e-05,1
1.613342137415772e-06,1.9565825984844578e-05,21730,8,6c3869c803a48cd9e520a4c06b6a0c22580338dba337748124010a0ad0cb9410,131072,breakout,21738,195642,202608056125,90,196608,8,768,960,0.9,1,8.942941062030844e-07,4,2.9876661816825407e-06,1.796616911534093e-05,1
2.5994441266434056e-06,4.023040550270038e-05,11816,0,6c3869c803a48cd9e520a4c06b6a0c22580338dba337748124010a0ad0cb9410,131072,breakout,11816,389928,202608056125,90,393216,32,768,3264,0.9,1,2.1220495731064893e-06,4,2.5050825277017036e-05,4.92418043891082e-05,1
3.0121121248548742e-06,5.112268587093838e-05,11808,8,6c3869c803a48cd9e520a4c06b6a0c22580338dba337748124010a0ad0cb9410,131072,breakout,11816,389928,202608056125,90,393216,32,768,3264,0.9,1,2.493433945441585e-06,4,3.3504618504406216e-05,6.173740989628287e-05,1
1.946357803417206e-06,2.8264488298979734e-05,21738,0,6c3869c803a48cd9e520a4c06b6a0c22580338dba337748124010a0ad0cb9410,131072,breakout,21738,195642,202608056125,96,196608,8,768,960,1.0,1,9.620610433453325e-07,4,3.6536827645246073e-06,2.6178627032532632e-05,1
1.613342137415772e-06,1.9565825984844578e-05,21730,8,6c3869c803a48cd9e520a4c06b6a0c22580338dba337748124010a0ad0cb9410,131072,breakout,21738,195642,202608056125,96,196608,8,768,960,1.0,1,8.942941062030844e-07,4,2.9876661816825407e-06,1.796616911534093e-05,1
2.5994441266434056e-06,4.023040550270038e-05,11816,0,6c3869c803a48cd9e520a4c06b6a0c22580338dba337748124010a0ad0cb9410,131072,breakout,11816,389928,202608056125,96,393216,32,768,3264,1.0,1,2.1220495731064893e-06,4,2.5050825277017036e-05,4.92418043891082e-05,1
3.0121121248548742e-06,5.112268587093838e-05,11808,8,6c3869c803a48cd9e520a4c06b6a0c22580338dba337748124010a0ad0cb9410,131072,breakout,11816,389928,202608056125,96,393216,32,768,3264,1.0,1,2.493433945441585e-06,4,3.3504618504406216e-05,6.173740989628287e-05,1
4.2548974086850665e-07,1.3653772128634775e-06,8144,0,6c3869c803a48cd9e520a4c06b6a0c22580338dba337748124010a0ad0cb9410,131072,breakout,130304,195456,202608056126,0,196608,8,768,960,0.0,16,3.2238257513408127e-07,4,1.8750864760946645e-06,1.2874782579093205e-06,16
4.274301402896234e-07,1.372695530192118e-06,8136,8,6c3869c803a48cd9e520a4c06b6a0c22580338dba337748124010a0ad0cb9410,131072,breakout,130304,195456,202608056126,0,196608,8,768,960,0.0,16,3.2615247023209243e-07,4,2.223509158649206e-06,1.3088916311031408e-06,16
4.2895153690519055e-07,1.3771101289842203e-06,8124,0,6c3869c803a48cd9e520a4c06b6a0c22580338dba337748124010a0ad0cb9410,131072,breakout,129984,389952,202608056126,0,393216,32,768,3264,0.0,16,3.747078525288741e-06,4,7.22974625063417e-05,1.2874782579093205e-06,16
4.305377285523464e-07,1.3832920942303846e-06,8116,8,6c3869c803a48cd9e520a4c06b6a0c22580338dba337748124010a0ad0cb9410,131072,breakout,129984,389952,202608056126,0,393216,32,768,3264,0.0,16,3.851531675874204e-06,4,7.512328426849037e-05,1.3088916311031408e-06,16
3.3820692881333473e-07,5.256056411475891e-06,8144,0,6c3869c803a48cd9e520a4c06b6a0c22580338dba337748124010a0ad0cb9410,131072,breakout,130304,195456,202608056126,8,196608,8,768,960,0.1,16,1.6201547762000228e-06,4,5.904879649688458e-06,5.513353539243432e-06,16
3.022198218506642e-07,4.518178927882183e-06,8136,8,6c3869c803a48cd9e520a4c06b6a0c22580338dba337748124010a0ad0cb9410,131072,breakout,130304,195456,202608056126,8,196608,8,768,960,0.1,16,1.6164073281974512e-06,4,6.394401748875986e-06,4.7149963104164185e-06,16
3.36756165651671e-07,5.31696844621384e-06,8124,0,6c3869c803a48cd9e520a4c06b6a0c22580338dba337748124010a0ad0cb9410,131072,breakout,129984,389952,202608056126,8,393216,32,768,3264,0.1,16,2.169536975629332e-06,4,3.7382913622975026e-05,5.513353539243432e-06,16
3.0128125252003037e-07,4.573201568835688e-06,8116,8,6c3869c803a48cd9e520a4c06b6a0c22580338dba337748124010a0ad0cb9410,131072,breakout,129984,389952,202608056126,8,393216,32,768,3264,0.1,16,2.3140846271535512e-06,4,4.138259523307385e-05,4.7149963104164185e-06,16
3.570927715344929e-06,3.241366119581819e-05,16304,0,6c3869c803a48cd9e520a4c06b6a0c22580338dba337748124010a0ad0cb9410,131072,breakout,65216,195648,202608056126,29,196608,8,768,960,0.3,4,3.38966980739512e-06,4,3.188213611995355e-05,3.188213611995355e-05,4
3.653810581584132e-06,3.576408108193461e-05,16296,8,6c3869c803a48cd9e520a4c06b6a0c22580338dba337748124010a0ad0cb9410,131072,breakout,65216,195648,202608056126,29,196608,8,768,960,0.3,4,3.4551146629600506e-06,4,3.478418313665051e-05,3.478418313665051e-05,4
7.172708881603875e-07,2.36259795990945e-06,8124,0,6c3869c803a48cd9e520a4c06b6a0c22580338dba337748124010a0ad0cb9410,131072,breakout,129984,389952,202608056126,29,393216,32,768,3264,0.3,16,3.3904813503166276e-06,4,6.469262220644153e-05,2.340406285031755e-06,16
6.971242532521948e-07,2.4106307844134483e-06,8116,8,6c3869c803a48cd9e520a4c06b6a0c22580338dba337748124010a0ad0cb9410,131072,breakout,129984,389952,202608056126,29,393216,32,768,3264,0.3,16,3.628452512994618e-06,4,7.126031802762608e-05,2.2386323903788317e-06,16
4.442554920083103e-06,6.217629709834844e-05,16304,0,6c3869c803a48cd9e520a4c06b6a0c22580338dba337748124010a0ad0cb9410,131072,breakout,65216,195648,202608056126,50,196608,8,768,960,0.5,4,4.231889603300791e-06,4,6.144260313732741e-05,6.144260313732741e-05,4
4.859247208411907e-06,7.388174733301308e-05,16296,8,6c3869c803a48cd9e520a4c06b6a0c22580338dba337748124010a0ad0cb9410,131072,breakout,65216,195648,202608056126,50,196608,8,768,960,0.5,4,4.6129091584496075e-06,4,7.239384010549264e-05,7.239384010549264e-05,4
3.2267141631345272e-06,6.355537433741836e-05,10832,0,6c3869c803a48cd9e520a4c06b6a0c22580338dba337748124010a0ad0cb9410,131072,breakout,43328,389952,202608056126,50,393216,32,768,3264,0.5,4,3.567377210655308e-06,4,7.094863392843286e-05,7.094863392843286e-05,4
3.6422603989511917e-06,7.462984098554869e-05,10824,8,6c3869c803a48cd9e520a4c06b6a0c22580338dba337748124010a0ad0cb9410,131072,breakout,43328,389952,202608056126,50,393216,32,768,3264,0.5,4,3.973704242615106e-06,4,8.192287727839245e-05,8.192287727839245e-05,4
2.8686182717715067e-06,2.326764522370246e-05,21738,0,6c3869c803a48cd9e520a4c06b6a0c22580338dba337748124010a0ad0cb9410,131072,breakout,21738,195642,202608056126,75,196608,8,768,960,0.7,1,3.8896919478399246e-06,4,3.1796595505130815e-05,2.0827775282530613e-05,1
3.1110278575865242e-06,3.218316191423608e-05,21730,8,6c3869c803a48cd9e520a4c06b6a0c22580338dba337748124010a0ad0cb9410,131072,breakout,21738,195642,202608056126,75,196608,8,768,960,0.7,1,4.024100493473262e-06,4,3.7272565426788796e-05,2.8983714997478755e-05,1
2.381807494737831e-06,4.535201726125168e-05,10832,0,6c3869c803a48cd9e520a4c06b6a0c22580338dba337748124010a0ad0cb9410,131072,breakout,43328,389952,202608056126,75,393216,32,768,3264,0.7,4,2.697532958448586e-06,4,5.0314702870716815e-05,5.0314702870716815e-05,4
2.606049379466159e-06,5.1992214656412944e-05,10824,8,6c3869c803a48cd9e520a4c06b6a0c22580338dba337748124010a0ad0cb9410,131072,breakout,43328,389952,202608056126,75,393216,32,768,3264,0.7,4,2.9367634716755407e-06,4,5.726348474393252e-05,5.726348474393252e-05,4
2.8686182717715067e-06,2.326764522370246e-05,21738,0,6c3869c803a48cd9e520a4c06b6a0c22580338dba337748124010a0ad0cb9410,131072,breakout,21738,195642,202608056126,87,196608,8,768,960,0.9,1,7.392558831919401e-06,4,7.659032587673338e-05,2.0827775282530613e-05,1
3.1110278575865242e-06,3.218316191423608e-05,21730,8,6c3869c803a48cd9e520a4c06b6a0c22580338dba337748124010a0ad0cb9410,131072,breakout,21738,195642,202608056126,87,196608,8,768,960,0.9,1,7.949718958489656e-06,4,9.474812719425096e-05,2.8983714997478755e-05,1
7.200708686205725e-06,7.39098471301624e-05,11816,0,6c3869c803a48cd9e520a4c06b6a0c22580338dba337748124010a0ad0cb9410,131072,breakout,11816,389928,202608056126,87,393216,32,768,3264,0.9,1,3.109628160090179e-06,4,5.670863957510303e-05,7.864611411694286e-05,1
7.766114220845864e-06,8.983316128739104e-05,11808,8,6c3869c803a48cd9e520a4c06b6a0c22580338dba337748124010a0ad0cb9410,131072,breakout,11816,389928,202608056126,87,393216,32,768,3264,0.9,1,3.682783244535855e-06,4,7.281360834824631e-05,9.393199332140712e-05,1
2.8686182717715067e-06,2.326764522370246e-05,21738,0,6c3869c803a48cd9e520a4c06b6a0c22580338dba337748124010a0ad0cb9410,131072,breakout,21738,195642,202608056126,96,196608,8,768,960,1.0,1,7.392558831919401e-06,4,7.659032587673338e-05,2.0827775282530613e-05,1
3.1110278575865242e-06,3.218316191423608e-05,21730,8,6c3869c803a48cd9e520a4c06b6a0c22580338dba337748124010a0ad0cb9410,131072,breakout,21738,195642,202608056126,96,196608,8,768,960,1.0,1,7.949718958489656e-06,4,9.474812719425096e-05,2.8983714997478755e-05,1
7.200708686205725e-06,7.39098471301624e-05,11816,0,6c3869c803a48cd9e520a4c06b6a0c22580338dba337748124010a0ad0cb9410,131072,breakout,11816,389928,202608056126,96,393216,32,768,3264,1.0,1,3.109628160090179e-06,4,5.670863957510303e-05,7.864611411694286e-05,1
7.766114220845864e-06,8.983316128739104e-05,11808,8,6c3869c803a48cd9e520a4c06b6a0c22580338dba337748124010a0ad0cb9410,131072,breakout,11816,389928,202608056126,96,393216,32,768,3264,1.0,1,3.682783244535855e-06,4,7.281360834824631e-05,9.393199332140712e-05,1
1.4980665829128351e-06,3.432765419630935e-05,8144,0,6c3869c803a48cd9e520a4c06b6a0c22580338dba337748124010a0ad0cb9410,131072,breakout,130304,195456,202608056127,0,196608,8,768,960,0.0,16,5.337895528199836e-07,4,6.008556079770894e-06,3.401713204228164e-05,16
1.5096706251992941e-06,3.46240846550666e-05,8136,8,6c3869c803a48cd9e520a4c06b6a0c22580338dba337748124010a0ad0cb9410,131072,breakout,130304,195456,202608056127,0,196608,8,768,960,0.0,16,4.967807864311753e-07,4,5.115890741994451e-06,3.459737422164331e-05,16
1.4800360972259261e-06,3.388833897414904e-05,8124,0,6c3869c803a48cd9e520a4c06b6a0c22580338dba337748124010a0ad0cb9410,131072,breakout,129984,389952,202608056127,0,393216,32,768,3264,0.0,16,7.228746834477059e-07,4,2.6425026653497623e-06,3.401713204228164e-05,16
1.4912503932104824e-06,3.420319353246281e-05,8116,8,6c3869c803a48cd9e520a4c06b6a0c22580338dba337748124010a0ad0cb9410,131072,breakout,129984,389952,202608056127,0,393216,32,768,3264,0.0,16,7.137224446573856e-07,4,2.981571552610072e-06,3.459737422164331e-05,16
5.862268588802407e-07,5.488726282988973e-06,16304,0,6c3869c803a48cd9e520a4c06b6a0c22580338dba337748124010a0ad0cb9410,131072,breakout,65216,195648,202608056127,14,196608,8,768,960,0.1,4,5.940192291393089e-07,4,5.7533673543638606e-06,4.903528396324223e-05,16
5.504212485853827e-07,4.808449303404617e-06,16296,8,6c3869c803a48cd9e520a4c06b6a0c22580338dba337748124010a0ad0cb9410,131072,breakout,65216,195648,202608056127,14,196608,8,768,960,0.1,4,5.58928172439369e-07,4,5.002590257535501e-06,4.9725782901996775e-05,16
2.4469333025944686e-06,5.097981766633772e-05,8124,0,6c3869c803a48cd9e520a4c06b6a0c22580338dba337748124010a0ad0cb9410,131072,breakout,129984,389952,202608056127,14,393216,32,768,3264,0.1,16,6.365833660934832e-07,4,2.16173991902995e-06,4.903528396324223e-05,16
2.463164822742364e-06,5.134223052341455e-05,8116,8,6c3869c803a48cd9e520a4c06b6a0c22580338dba337748124010a0ad0cb9410,131072,breakout,129984,389952,202608056127,14,393216,32,768,3264,0.1,16,6.437644512681292e-07,4,2.345268041317361e-06,4.9725782901996775e-05,16
5.280758510250132e-07,5.555040415364331e-06,16304,0,6c3869c803a48cd9e520a4c06b6a0c22580338dba337748124010a0ad0cb9410,131072,breakout,65216,195648,202608056127,31,196608,8,768,960,0.3,4,5.337895528199836e-07,4,6.008556079770894e-06,6.008556079770894e-06,4
4.922928778267655e-07,4.69941605570438e-06,16296,8,6c3869c803a48cd9e520a4c06b6a0c22580338dba337748124010a0ad0cb9410,131072,breakout,65216,195648,202608056127,31,196608,8,768,960,0.3,4,4.967807864311753e-07,4,5.115890741994451e-06,5.115890741994451e-06,4
2.25145289865533e-06,2.5974819827957446e-05,8124,0,6c3869c803a48cd9e520a4c06b6a0c22580338dba337748124010a0ad0cb9410,131072,breakout,129984,389952,202608056127,31,393216,32,768,3264,0.3,16,7.228746834477059e-07,4,2.6425026653497623e-06,2.606058444796873e-05,16
2.316519751138861e-06,2.81701607167706e-05,8116,8,6c3869c803a48cd9e520a4c06b6a0c22580338dba337748124010a0ad0cb9410,131072,breakout,129984,389952,202608056127,31,393216,32,768,3264,0.3,16,7.137224446573856e-07,4,2.981571552610072e-06,2.8605410016357947e-05,16
1.766714653392998e-06,7.286079701045366e-06,16304,0,6c3869c803a48cd9e520a4c06b6a0c22580338dba337748124010a0ad0cb9410,131072,breakout,65216,195648,202608056127,56,196608,8,768,960,0.5,4,1.814018863797228e-06,4,8.12012810312693e-06,8.12012810312693e-06,4
1.6331749419028284e-06,5.749523378917399e-06,16296,8,6c3869c803a48cd9e520a4c06b6a0c22580338dba337748124010a0ad0cb9410,131072,breakout,65216,195648,202608056127,56,196608,8,768,960,0.5,4,1.6805188868698954e-06,4,6.352380812823619e-06,6.352380812823619e-06,4
1.2957749226308996e-06,1.3766641268228606e-05,10832,0,6c3869c803a48cd9e520a4c06b6a0c22580338dba337748124010a0ad0cb9410,131072,breakout,43328,389952,202608056127,56,393216,32,768,3264,0.5,4,1.226631185615107e-06,4,1.1124501026194051e-05,1.1124501026194051e-05,4
1.062732081042089e-06,8.946334863754686e-06,10824,8,6c3869c803a48cd9e520a4c06b6a0c22580338dba337748124010a0ad0cb9410,131072,breakout,43328,389952,202608056127,56,393216,32,768,3264,0.5,4,1.0392641135302448e-06,4,7.057402831659285e-06,7.057402831659285e-06,4
6.66333012245414e-07,2.2704928337636886e-06,21738,0,6c3869c803a48cd9e520a4c06b6a0c22580338dba337748124010a0ad0cb9410,131072,breakout,21738,195642,202608056127,71,196608,8,768,960,0.7,1,3.2922694178798133e-06,4,1.4417439541876579e-05,2.1934947622163967e-06,1
7.469237135007773e-07,2.4859756928998102e-06,21730,8,6c3869c803a48cd9e520a4c06b6a0c22580338dba337748124010a0ad0cb9410,131072,breakout,21738,195642,202608056127,71,196608,8,768,960,0.7,1,2.8866241500844066e-06,4,1.0483598055602313e-05,2.6430001933362946e-06,1
1.5202019412079176e-06,1.848300792523502e-05,10832,0,6c3869c803a48cd9e520a4c06b6a0c22580338dba337748124010a0ad0cb9410,131072,breakout,43328,389952,202608056127,71,393216,32,768,3264,0.7,4,1.283271475219127e-06,4,1.4660212966309327e-05,1.4660212966309327e-05,4
1.165885870012195e-06,1.1057788409790333e-05,10824,8,6c3869c803a48cd9e520a4c06b6a0c22580338dba337748124010a0ad0cb9410,131072,breakout,43328,389952,202608056127,71,393216,32,768,3264,0.7,4,9.78081310656118e-07,4,8.043739409613714e-06,8.043739409613714e-06,4
6.66333012245414e-07,2.2704928337636886e-06,21738,0,6c3869c803a48cd9e520a4c06b6a0c22580338dba337748124010a0ad0cb9410,131072,breakout,21738,195642,202608056127,83,196608,8,768,960,0.9,1,3.2922694178798133e-06,4,1.4417439541876579e-05,2.1934947622163967e-06,1
7.469237135007773e-07,2.4859756928998102e-06,21730,8,6c3869c803a48cd9e520a4c06b6a0c22580338dba337748124010a0ad0cb9410,131072,breakout,21738,195642,202608056127,83,196608,8,768,960,0.9,1,2.8866241500844066e-06,4,1.0483598055602313e-05,2.6430001933362946e-06,1
1.5202019412079176e-06,1.848300792523502e-05,10832,0,6c3869c803a48cd9e520a4c06b6a0c22580338dba337748124010a0ad0cb9410,131072,breakout,43328,389952,202608056127,83,393216,32,768,3264,0.9,4,1.283271475219127e-06,4,1.4660212966309327e-05,3.0452504591855386e-06,1
1.165885870012195e-06,1.1057788409790333e-05,10824,8,6c3869c803a48cd9e520a4c06b6a0c22580338dba337748124010a0ad0cb9410,131072,breakout,43328,389952,202608056127,83,393216,32,768,3264,0.9,4,9.78081310656118e-07,4,8.043739409613714e-06,3.5359052103330876e-06,1
6.66333012245414e-07,2.2704928337636886e-06,21738,0,6c3869c803a48cd9e520a4c06b6a0c22580338dba337748124010a0ad0cb9410,131072,breakout,21738,195642,202608056127,96,196608,8,768,960,1.0,1,3.2922694178798133e-06,4,1.4417439541876579e-05,2.1934947622163967e-06,1
7.469237135007773e-07,2.4859756928998102e-06,21730,8,6c3869c803a48cd9e520a4c06b6a0c22580338dba337748124010a0ad0cb9410,131072,breakout,21738,195642,202608056127,96,196608,8,768,960,1.0,1,2.8866241500844066e-06,4,1.0483598055602313e-05,2.6430001933362946e-06,1
1.0538713471756347e-06,5.007309308362081e-06,11816,0,6c3869c803a48cd9e520a4c06b6a0c22580338dba337748124010a0ad0cb9410,131072,breakout,11816,389928,202608056127,96,393216,32,768,3264,1.0,1,1.283271475219127e-06,4,1.4660212966309327e-05,3.0452504591855386e-06,1
9.010097764220422e-07,2.8682645913602784e-06,11808,8,6c3869c803a48cd9e520a4c06b6a0c22580338dba337748124010a0ad0cb9410,131072,breakout,11816,389928,202608056127,96,393216,32,768,3264,1.0,1,9.78081310656118e-07,4,8.043739409613714e-06,3.5359052103330876e-06,1
4.828396726438999e-07,1.553692307368966e-06,8144,0,6c3869c803a48cd9e520a4c06b6a0c22580338dba337748124010a0ad0cb9410,131072,breakout,130304,195456,202608056128,0,196608,8,768,960,0.0,16,1.4935403064342756e-06,4,1.1848554757850752e-05,1.465021224128929e-06,16
4.848700943927899e-07,1.5580250558593229e-06,8136,8,6c3869c803a48cd9e520a4c06b6a0c22580338dba337748124010a0ad0cb9410,131072,breakout,130304,195456,202608056128,0,196608,8,768,960,0.0,16,1.560060692347559e-06,4,1.2836102642206194e-05,1.4634823744068431e-06,16
4.957290924619951e-07,1.595211169498681e-06,8124,0,6c3869c803a48cd9e520a4c06b6a0c22580338dba337748124010a0ad0cb9410,131072,breakout,129984,389952,202608056128,0,393216,32,768,3264,0.0,16,2.3977951139134633e-06,4,4.5002474558412844e-05,1.465021224128929e-06,16
4.976777669384049e-07,1.6025931066370358e-06,8116,8,6c3869c803a48cd9e520a4c06b6a0c22580338dba337748124010a0ad0cb9410,131072,breakout,129984,389952,202608056128,0,393216,32,768,3264,0.0,16,2.472426554469557e-06,4,4.656853236077697e-05,1.4634823744068431e-06,16
1.3751827748469037e-06,5.562858792362003e-06,8144,0,6c3869c803a48cd9e520a4c06b6a0c22580338dba337748124010a0ad0cb9410,131072,breakout,130304,195456,202608056128,10,196608,8,768,960,0.1,16,1.4677791206747458e-06,4,1.543332615626463e-05,5.821970017807811e-06,16
1.3862539201018181e-06,5.4114865822064546e-06,8136,8,6c3869c803a48cd9e520a4c06b6a0c22580338dba337748124010a0ad0cb9410,131072,breakout,130304,195456,202608056128,10,196608,8,768,960,0.1,16,1.5374263682997394e-06,4,1.6947101511544585e-05,5.679904838320174e-06,16
1.3776651938825058e-06,5.409142184003432e-06,8124,0,6c3869c803a48cd9e520a4c06b6a0c22580338dba337748124010a0ad0cb9410,131072,breakout,129984,389952,202608056128,10,393216,32,768,3264,0.1,16,9.54750166226247e-07,4,7.410391306696985e-06,5.821970017807811e-06,16
1.3900126011368942e-06,5.2750148402318955e-06,8116,8,6c3869c803a48cd9e520a4c06b6a0c22580338dba337748124010a0ad0cb9410,131072,breakout,129984,389952,202608056128,10,393216,32,768,3264,0.1,16,9.861525300696296e-07,4,8.158203811010017e-06,5.679904838320174e-06,16
2.3539458967302064e-06,1.4434197763828457e-05,16304,0,6c3869c803a48cd9e520a4c06b6a0c22580338dba337748124010a0ad0cb9410,131072,breakout,65216,195648,202608056128,28,196608,8,768,960,0.3,4,2.317817627030867e-06,4,1.3941106284202995e-05,1.3941106284202995e-05,4
2.4452116280590087e-06,1.677739137155928e-05,16296,8,6c3869c803a48cd9e520a4c06b6a0c22580338dba337748124010a0ad0cb9410,131072,breakout,65216,195648,202608056128,28,196608,8,768,960,0.3,4,2.3995020261451556e-06,4,1.6233922225458677e-05,1.6233922225458677e-05,4
5.291652478926941e-06,4.1318233363802776e-05,8124,0,6c3869c803a48cd9e520a4c06b6a0c22580338dba337748124010a0ad0cb9410,131072,breakout,129984,389952,202608056128,28,393216,32,768,3264,0.3,16,4.898979075828703e-07,4,2.2752466608813692e-06,4.1899290159357024e-05,16
5.301236503817885e-06,3.886570891659661e-05,8116,8,6c3869c803a48cd9e520a4c06b6a0c22580338dba337748124010a0ad0cb9410,131072,breakout,129984,389952,202608056128,28,393216,32,768,3264,0.3,16,4.882939339100924e-07,4,1.9017809508996607e-06,3.963527799998753e-05,16
6.128952315943319e-06,4.9940873596621976e-05,16304,0,6c3869c803a48cd9e520a4c06b6a0c22580338dba337748124010a0ad0cb9410,131072,breakout,65216,195648,202608056128,51,196608,8,768,960,0.5,4,5.703802086237848e-06,4,4.6436592916223315e-05,4.6436592916223315e-05,4
6.537439592622158e-06,6.20147873097027e-05,16296,8,6c3869c803a48cd9e520a4c06b6a0c22580338dba337748124010a0ad0cb9410,131072,breakout,65216,195648,202608056128,51,196608,8,768,960,0.5,4,6.0510470489958e-06,4,5.762659328027321e-05,5.762659328027321e-05,4
4.732232094570464e-06,7.793793967347526e-05,10832,0,6c3869c803a48cd9e520a4c06b6a0c22580338dba337748124010a0ad0cb9410,131072,breakout,43328,389952,202608056128,51,393216,32,768,3264,0.5,4,4.606836141312398e-06,4,8.223243716969504e-05,8.223243716969504e-05,4
4.097005508710053e-06,6.281990769560943e-05,10824,8,6c3869c803a48cd9e520a4c06b6a0c22580338dba337748124010a0ad0cb9410,131072,breakout,43328,389952,202608056128,51,393216,32,768,3264,0.5,4,3.998211386328343e-06,4,6.728922983511668e-05,6.728922983511668e-05,4
6.848092256999258e-06,0.0001364322536260747,21738,0,6c3869c803a48cd9e520a4c06b6a0c22580338dba337748124010a0ad0cb9410,131072,breakout,21738,195642,202608056128,68,196608,8,768,960,0.7,1,3.876445362538127e-06,4,4.9330691512368984e-05,0.00013616506214779296,1
7.676257572635239e-06,0.00015877537142686103,21730,8,6c3869c803a48cd9e520a4c06b6a0c22580338dba337748124010a0ad0cb9410,131072,breakout,21738,195642,202608056128,68,196608,8,768,960,0.7,1,4.1320486998670925e-06,4,5.616863277055332e-05,0.00015893266440412251,1
3.1544856592677727e-06,3.246510183241347e-05,10832,0,6c3869c803a48cd9e520a4c06b6a0c22580338dba337748124010a0ad0cb9410,131072,breakout,43328,389952,202608056128,68,393216,32,768,3264,0.7,4,2.9822574552584545e-06,4,3.522473918674617e-05,3.522473918674617e-05,4
3.000998822430827e-06,2.7619904621809357e-05,10824,8,6c3869c803a48cd9e520a4c06b6a0c22580338dba337748124010a0ad0cb9410,131072,breakout,43328,389952,202608056128,68,393216,32,768,3264,0.7,4,2.8380734017556723e-06,4,3.0229771062845773e-05,3.0229771062845773e-05,4
6.848092256999258e-06,0.0001364322536260747,21738,0,6c3869c803a48cd9e520a4c06b6a0c22580338dba337748124010a0ad0cb9410,131072,breakout,21738,195642,202608056128,87,196608,8,768,960,0.9,1,5.703802086237848e-06,4,4.6436592916223315e-05,0.00013616506214779296,1
7.676257572635239e-06,0.00015877537142686103,21730,8,6c3869c803a48cd9e520a4c06b6a0c22580338dba337748124010a0ad0cb9410,131072,breakout,21738,195642,202608056128,87,196608,8,768,960,0.9,1,6.0510470489958e-06,4,5.762659328027321e-05,0.00015893266440412251,1
2.2417995893428056e-06,3.12767296355336e-05,11816,0,6c3869c803a48cd9e520a4c06b6a0c22580338dba337748124010a0ad0cb9410,131072,breakout,11816,389928,202608056128,87,393216,32,768,3264,0.9,1,4.606836141312398e-06,4,8.223243716969504e-05,3.355395595821466e-05,1
1.7538676218530674e-06,2.0877625695903953e-05,11808,8,6c3869c803a48cd9e520a4c06b6a0c22580338dba337748124010a0ad0cb9410,131072,breakout,11816,389928,202608056128,87,393216,32,768,3264,0.9,1,3.998211386328343e-06,4,6.728922983511668e-05,2.2510650484972066e-05,1
6.848092256999258e-06,0.0001364322536260747,21738,0,6c3869c803a48cd9e520a4c06b6a0c22580338dba337748124010a0ad0cb9410,131072,breakout,21738,195642,202608056128,96,196608,8,768,960,1.0,1,5.703802086237848e-06,4,4.6436592916223315e-05,0.00013616506214779296,1
7.676257572635239e-06,0.00015877537142686103,21730,8,6c3869c803a48cd9e520a4c06b6a0c22580338dba337748124010a0ad0cb9410,131072,breakout,21738,195642,202608056128,96,196608,8,768,960,1.0,1,6.0510470489958e-06,4,5.762659328027321e-05,0.00015893266440412251,1
2.2417995893428056e-06,3.12767296355336e-05,11816,0,6c3869c803a48cd9e520a4c06b6a0c22580338dba337748124010a0ad0cb9410,131072,breakout,11816,389928,202608056128,96,393216,32,768,3264,1.0,1,4.606836141312398e-06,4,8.223243716969504e-05,3.355395595821466e-05,1
1.7538676218530674e-06,2.0877625695903953e-05,11808,8,6c3869c803a48cd9e520a4c06b6a0c22580338dba337748124010a0ad0cb9410,131072,breakout,11816,389928,202608056128,96,393216,32,768,3264,1.0,1,3.998211386328343e-06,4,6.728922983511668e-05,2.2510650484972066e-05,1
2.83095678644445e-07,3.1466128325875847e-06,8144,0,6c3869c803a48cd9e520a4c06b6a0c22580338dba337748124010a0ad0cb9410,131072,breakout,130304,195456,202608056129,0,196608,8,768,960,0.0,16,1.1012928730893372e-06,4,3.9767585328533795e-06,3.375715868676842e-06,16
2.7365713561877415e-07,2.904266211329173e-06,8136,8,6c3869c803a48cd9e520a4c06b6a0c22580338dba337748124010a0ad0cb9410,131072,breakout,130304,195456,202608056129,0,196608,8,768,960,0.0,16,1.1231887825620772e-06,4,4.212883064551528e-06,3.181071210147986e-06,16
2.7968652336416167e-07,2.9190989486016565e-06,8124,0,6c3869c803a48cd9e520a4c06b6a0c22580338dba337748124010a0ad0cb9410,131072,breakout,129984,389952,202608056129,0,393216,32,768,3264,0.0,16,1.442489271934607e-06,4,6.403833868573367e-06,3.375715868676842e-06,16
2.6883964586990204e-07,2.6402893872148864e-06,8116,8,6c3869c803a48cd9e520a4c06b6a0c22580338dba337748124010a0ad0cb9410,131072,breakout,129984,389952,202608056129,0,393216,32,768,3264,0.0,16,1.5238370569479564e-06,4,7.294220615645838e-06,3.181071210147986e-06,16
3.872909488002831e-06,7.572328190023359e-05,16304,0,6c3869c803a48cd9e520a4c06b6a0c22580338dba337748124010a0ad0cb9410,131072,breakout,65216,195648,202608056129,11,196608,8,768,960,0.1,4,3.989009758754038e-06,4,7.781573603303232e-05,1.1203208275468853e-05,16
3.9665483693416775e-06,7.900713381115188e-05,16296,8,6c3869c803a48cd9e520a4c06b6a0c22580338dba337748124010a0ad0cb9410,131072,breakout,65216,195648,202608056129,11,196608,8,768,960,0.1,4,4.106998662287412e-06,4,8.164863520815158e-05,1.2528475857385855e-05,16
1.3003721870873849e-06,1.2477491234340864e-05,8124,0,6c3869c803a48cd9e520a4c06b6a0c22580338dba337748124010a0ad0cb9410,131072,breakout,129984,389952,202608056129,11,393216,32,768,3264,0.1,16,3.836586818332758e-06,4,4.9380070553225654e-05,1.1203208275468853e-05,16
1.3575077389051301e-06,1.3908137911116959e-05,8116,8,6c3869c803a48cd9e520a4c06b6a0c22580338dba337748124010a0ad0cb9410,131072,breakout,129984,389952,202608056129,11,393216,32,768,3264,0.1,16,4.0293516766704846e-06,4,5.391786521890707e-05,1.2528475857385855e-05,16
7.025181349657446e-06,0.00014264987325281604,16304,0,6c3869c803a48cd9e520a4c06b6a0c22580338dba337748124010a0ad0cb9410,131072,breakout,65216,195648,202608056129,22,196608,8,768,960,0.3,4,7.072431444391658e-06,4,0.00014434882799796452,0.00014434882799796452,4
7.293347266616335e-06,0.0001506179226822293,16296,8,6c3869c803a48cd9e520a4c06b6a0c22580338dba337748124010a0ad0cb9410,131072,breakout,65216,195648,202608056129,22,196608,8,768,960,0.3,4,7.391864626179441e-06,4,0.00015337162226823452,0.00015337162226823452,4
5.123205266927355e-06,0.00010429611674007577,8124,0,6c3869c803a48cd9e520a4c06b6a0c22580338dba337748124010a0ad0cb9410,131072,breakout,129984,389952,202608056129,22,393216,32,768,3264,0.3,16,5.5287118247981064e-06,4,9.572851141721933e-05,0.00010071858149549349,16
5.622217825405053e-06,0.00011760067110346902,8116,8,6c3869c803a48cd9e520a4c06b6a0c22580338dba337748124010a0ad0cb9410,131072,breakout,129984,389952,202608056129,22,393216,32,768,3264,0.3,16,6.061742132963336e-06,4,0.00010837398228200105,0.00011398913318885126,16
3.163635466026514e-06,5.1792344372167896e-05,16304,0,6c3869c803a48cd9e520a4c06b6a0c22580338dba337748124010a0ad0cb9410,131072,breakout,65216,195648,202608056129,39,196608,8,768,960,0.5,4,3.149818347914741e-06,4,5.2373214276493896e-05,5.2373214276493896e-05,4
3.276478359805819e-06,5.433669089735872e-05,16296,8,6c3869c803a48cd9e520a4c06b6a0c22580338dba337748124010a0ad0cb9410,131072,breakout,65216,195648,202608056129,39,196608,8,768,960,0.5,4,3.285519052046705e-06,4,5.5426322942423035e-05,5.5426322942423035e-05,4
3.2316211304229213e-06,4.334143876923025e-05,10832,0,6c3869c803a48cd9e520a4c06b6a0c22580338dba337748124010a0ad0cb9410,131072,breakout,43328,389952,202608056129,39,393216,32,768,3264,0.5,4,3.040101979823452e-06,4,3.670842428886327e-05,3.670842428886327e-05,4
3.488562753480993e-06,4.913188304158568e-05,10824,8,6c3869c803a48cd9e520a4c06b6a0c22580338dba337748124010a0ad0cb9410,131072,breakout,43328,389952,202608056129,39,393216,32,768,3264,0.5,4,3.2597049429132047e-06,4,4.1394903689152146e-05,4.1394903689152146e-05,4
3.3970341151512416e-06,5.7173528943062266e-05,21738,0,6c3869c803a48cd9e520a4c06b6a0c22580338dba337748124010a0ad0cb9410,131072,breakout,21738,195642,202608056129,77,196608,8,768,960,0.7,1,1.0916573119525643e-05,4,0.00023990568739616454,6.534629233885762e-05,1
3.6816633345914395e-06,6.555870713443701e-05,21730,8,6c3869c803a48cd9e520a4c06b6a0c22580338dba337748124010a0ad0cb9410,131072,breakout,21738,195642,202608056129,77,196608,8,768,960,0.7,1,1.1800294887875256e-05,4,0.00026308082524679647,7.506207581489682e-05,1
1.0981654599730004e-05,0.0002463990817411051,10832,0,6c3869c803a48cd9e520a4c06b6a0c22580338dba337748124010a0ad0cb9410,131072,breakout,43328,389952,202608056129,77,393216,32,768,3264,0.7,4,9.698286503420973e-06,4,0.0002166136991915919,0.0002166136991915919,4
1.2454347305160601e-05,0.0002833704673477973,10824,8,6c3869c803a48cd9e520a4c06b6a0c22580338dba337748124010a0ad0cb9410,131072,breakout,43328,389952,202608056129,77,393216,32,768,3264,0.7,4,1.0975044985895642e-05,4,0.00024859058466952767,0.00024859058466952767,4
3.3970341151512416e-06,5.7173528943062266e-05,21738,0,6c3869c803a48cd9e520a4c06b6a0c22580338dba337748124010a0ad0cb9410,131072,breakout,21738,195642,202608056129,85,196608,8,768,960,0.9,1,1.0916573119525643e-05,4,0.00023990568739616454,6.534629233885762e-05,1
3.6816633345914395e-06,6.555870713443701e-05,21730,8,6c3869c803a48cd9e520a4c06b6a0c22580338dba337748124010a0ad0cb9410,131072,breakout,21738,195642,202608056129,85,196608,8,768,960,0.9,1,1.1800294887875256e-05,4,0.00026308082524679647,7.506207581489682e-05,1
1.0981654599730004e-05,0.0002463990817411051,10832,0,6c3869c803a48cd9e520a4c06b6a0c22580338dba337748124010a0ad0cb9410,131072,breakout,43328,389952,202608056129,85,393216,32,768,3264,0.9,4,9.698286503420973e-06,4,0.0002166136991915919,0.0002448465628969677,1
1.2454347305160601e-05,0.0002833704673477973,10824,8,6c3869c803a48cd9e520a4c06b6a0c22580338dba337748124010a0ad0cb9410,131072,breakout,43328,389952,202608056129,85,393216,32,768,3264,0.9,4,1.0975044985895642e-05,4,0.00024859058466952767,0.00027785104272902065,1
3.3970341151512416e-06,5.7173528943062266e-05,21738,0,6c3869c803a48cd9e520a4c06b6a0c22580338dba337748124010a0ad0cb9410,131072,breakout,21738,195642,202608056129,96,196608,8,768,960,1.0,1,1.0916573119525643e-05,4,0.00023990568739616454,6.534629233885762e-05,1
3.6816633345914395e-06,6.555870713443701e-05,21730,8,6c3869c803a48cd9e520a4c06b6a0c22580338dba337748124010a0ad0cb9410,131072,breakout,21738,195642,202608056129,96,196608,8,768,960,1.0,1,1.1800294887875256e-05,4,0.00026308082524679647,7.506207581489682e-05,1
1.0914878705390794e-05,0.0002490406598870072,11816,0,6c3869c803a48cd9e520a4c06b6a0c22580338dba337748124010a0ad0cb9410,131072,breakout,11816,389928,202608056129,96,393216,32,768,3264,1.0,1,9.698286503420973e-06,4,0.0002166136991915919,0.0002448465628969677,1
1.2227404846844674e-05,0.0002808908855270017,11808,8,6c3869c803a48cd9e520a4c06b6a0c22580338dba337748124010a0ad0cb9410,131072,breakout,11816,389928,202608056129,96,393216,32,768,3264,1.0,1,1.0975044985895642e-05,4,0.00024859058466952767,0.00027785104272902065,1
8.449029372459624e-07,2.014648373189941e-05,8144,0,6c3869c803a48cd9e520a4c06b6a0c22580338dba337748124010a0ad0cb9410,131072,breakout,130304,195456,202608056130,0,196608,8,768,960,0.0,16,6.98019190794769e-07,4,3.283547924036068e-06,1.9932774676637425e-05,16
8.401644913228888e-07,1.9988182062734767e-05,8136,8,6c3869c803a48cd9e520a4c06b6a0c22580338dba337748124010a0ad0cb9410,131072,breakout,130304,195456,202608056130,0,196608,8,768,960,0.0,16,7.05659323619174e-07,4,3.011757317559008e-06,1.9610261233587144e-05,16
8.511543606216189e-07,2.0387324247718475e-05,8124,0,6c3869c803a48cd9e520a4c06b6a0c22580338dba337748124010a0ad0cb9410,131072,breakout,129984,389952,202608056130,0,393216,32,768,3264,0.0,16,1.258517391833341e-06,4,1.0775242492890784e-05,1.9932774676637425e-05,16
8.491644059539307e-07,2.0302680650814966e-05,8116,8,6c3869c803a48cd9e520a4c06b6a0c22580338dba337748124010a0ad0cb9410,131072,breakout,129984,389952,202608056130,0,393216,32,768,3264,0.0,16,1.2880201859370137e-06,4,1.1674095228367022e-05,1.9610261233587144e-05,16
1.7884480827001295e-06,4.6605559953203216e-05,8144,0,6c3869c803a48cd9e520a4c06b6a0c22580338dba337748124010a0ad0cb9410,131072,breakout,130304,195456,202608056130,9,196608,8,768,960,0.1,16,6.98019190794769e-07,4,3.283547924036068e-06,4.486546141728752e-05,16
1.7677077475015003e-06,4.605043457748194e-05,8136,8,6c3869c803a48cd9e520a4c06b6a0c22580338dba337748124010a0ad0cb9410,131072,breakout,130304,195456,202608056130,9,196608,8,768,960,0.1,16,7.05659323619174e-07,4,3.011757317559008e-06,4.4200035730769394e-05,16
1.8247937594971188e-06,4.7553050439988236e-05,8124,0,6c3869c803a48cd9e520a4c06b6a0c22580338dba337748124010a0ad0cb9410,131072,breakout,129984,389952,202608056130,9,393216,32,768,3264,0.1,16,1.258517391833341e-06,4,1.0775242492890784e-05,4.486546141728752e-05,16
1.8159696890453213e-06,4.7320527396071965e-05,8116,8,6c3869c803a48cd9e520a4c06b6a0c22580338dba337748124010a0ad0cb9410,131072,breakout,129984,389952,202608056130,9,393216,32,768,3264,0.1,16,1.2880201859370137e-06,4,1.1674095228367022e-05,4.4200035730769394e-05,16
5.858114993394794e-07,4.0853735280457715e-06,16304,0,6c3869c803a48cd9e520a4c06b6a0c22580338dba337748124010a0ad0cb9410,131072,breakout,65216,195648,202608056130,27,196608,8,768,960,0.3,4,5.59425559963522e-07,4,3.1217525706340317e-06,3.1217525706340317e-06,4
5.458581073721704e-07,3.2130695051250966e-06,16296,8,6c3869c803a48cd9e520a4c06b6a0c22580338dba337748124010a0ad0cb9410,131072,breakout,65216,195648,202608056130,27,196608,8,768,960,0.3,4,5.231970849324355e-07,4,2.362397842366477e-06,2.362397842366477e-06,4
7.80874962124481e-06,0.00017726332523211808,8124,0,6c3869c803a48cd9e520a4c06b6a0c22580338dba337748124010a0ad0cb9410,131072,breakout,129984,389952,202608056130,27,393216,32,768,3264,0.3,16,3.332474008886828e-06,4,6.98123933709847e-05,0.00017054150825875528,16
7.575555640901758e-06,0.00017029648470418113,8116,8,6c3869c803a48cd9e520a4c06b6a0c22580338dba337748124010a0ad0cb9410,131072,breakout,129984,389952,202608056130,27,393216,32,768,3264,0.3,16,3.238655381491795e-06,4,6.676283320774604e-05,0.00016292952820534228,16
2.1307463841787687e-06,2.4509312225571212e-05,16304,0,6c3869c803a48cd9e520a4c06b6a0c22580338dba337748124010a0ad0cb9410,131072,breakout,65216,195648,202608056130,54,196608,8,768,960,0.5,4,1.9948947155071683e-06,4,1.984736734233997e-05,1.984736734233997e-05,4
1.9002689292576374e-06,1.9243409587216477e-05,16296,8,6c3869c803a48cd9e520a4c06b6a0c22580338dba337748124010a0ad0cb9410,131072,breakout,65216,195648,202608056130,54,196608,8,768,960,0.5,4,1.7704673936771167e-06,4,1.4904811074980956e-05,1.4904811074980956e-05,4
8.548548396479347e-06,0.00020196098029714586,10832,0,6c3869c803a48cd9e520a4c06b6a0c22580338dba337748124010a0ad0cb9410,131072,breakout,43328,389952,202608056130,54,393216,32,768,3264,0.5,4,6.915986936223505e-06,4,0.00015357110224753119,0.00015357110224753119,4
8.25405370849429e-06,0.00019341004830189954,10824,8,6c3869c803a48cd9e520a4c06b6a0c22580338dba337748124010a0ad0cb9410,131072,breakout,43328,389952,202608056130,54,393216,32,768,3264,0.5,4,6.66325938028686e-06,4,0.00014534475406587755,0.00014534475406587755,4
6.668318749451522e-07,3.0450656495557443e-06,21738,0,6c3869c803a48cd9e520a4c06b6a0c22580338dba337748124010a0ad0cb9410,131072,breakout,21738,195642,202608056130,71,196608,8,768,960,0.7,1,4.189431707904727e-06,4,6.402642888679535e-05,2.154187719030945e-06,1
7.404863164333686e-07,6.175171147174378e-06,21730,8,6c3869c803a48cd9e520a4c06b6a0c22580338dba337748124010a0ad0cb9410,131072,breakout,21738,195642,202608056130,71,196608,8,768,960,0.7,1,3.6369670424012706e-06,4,5.1058678385596156e-05,4.061794240483386e-06,1
1.649456817527787e-05,0.00038405291072822543,10832,0,6c3869c803a48cd9e520a4c06b6a0c22580338dba337748124010a0ad0cb9410,131072,breakout,43328,389952,202608056130,71,393216,32,768,3264,0.7,4,1.4103156925495824e-05,4,0.0003128693652148131,0.0003128693652148131,4
1.6039726435190237e-05,0.00037052379197668523,10824,8,6c3869c803a48cd9e520a4c06b6a0c22580338dba337748124010a0ad0cb9410,131072,breakout,43328,389952,202608056130,71,393216,32,768,3264,0.7,4,1.3723595946193227e-05,4,0.00030055213292714525,0.00030055213292714525,4
6.668318749451522e-07,3.0450656495557443e-06,21738,0,6c3869c803a48cd9e520a4c06b6a0c22580338dba337748124010a0ad0cb9410,131072,breakout,21738,195642,202608056130,87,196608,8,768,960,0.9,1,4.189431707904727e-06,4,6.402642888679535e-05,2.154187719030945e-06,1
7.404863164333686e-07,6.175171147174378e-06,21730,8,6c3869c803a48cd9e520a4c06b6a0c22580338dba337748124010a0ad0cb9410,131072,breakout,21738,195642,202608056130,87,196608,8,768,960,0.9,1,3.6369670424012706e-06,4,5.1058678385596156e-05,4.061794240483386e-06,1
8.263486361104753e-06,0.00015313397365573938,11816,0,6c3869c803a48cd9e520a4c06b6a0c22580338dba337748124010a0ad0cb9410,131072,breakout,11816,389928,202608056130,87,393216,32,768,3264,0.9,1,1.4103156925495824e-05,4,0.0003128693652148131,0.00012121541099907907,1
7.82129872899303e-06,0.0001411844294446893,11808,8,6c3869c803a48cd9e520a4c06b6a0c22580338dba337748124010a0ad0cb9410,131072,breakout,11816,389928,202608056130,87,393216,32,768,3264,0.9,1,1.3723595946193227e-05,4,0.00030055213292714525,0.00010976169667727875,1
6.668318749451522e-07,3.0450656495557443e-06,21738,0,6c3869c803a48cd9e520a4c06b6a0c22580338dba337748124010a0ad0cb9410,131072,breakout,21738,195642,202608056130,96,196608,8,768,960,1.0,1,4.189431707904727e-06,4,6.402642888679535e-05,2.154187719030945e-06,1
7.404863164333686e-07,6.175171147174378e-06,21730,8,6c3869c803a48cd9e520a4c06b6a0c22580338dba337748124010a0ad0cb9410,131072,breakout,21738,195642,202608056130,96,196608,8,768,960,1.0,1,3.6369670424012706e-06,4,5.1058678385596156e-05,4.061794240483386e-06,1
8.263486361104753e-06,0.00015313397365573938,11816,0,6c3869c803a48cd9e520a4c06b6a0c22580338dba337748124010a0ad0cb9410,131072,breakout,11816,389928,202608056130,96,393216,32,768,3264,1.0,1,1.4103156925495824e-05,4,0.0003128693652148131,0.00012121541099907907,1
7.82129872899303e-06,0.0001411844294446893,11808,8,6c3869c803a48cd9e520a4c06b6a0c22580338dba337748124010a0ad0cb9410,131072,breakout,11816,389928,202608056130,96,393216,32,768,3264,1.0,1,1.3723595946193227e-05,4,0.00030055213292714525,0.00010976169667727875,1
3.315233106831297e-07,4.133732257925303e-06,8144,0,6c3869c803a48cd9e520a4c06b6a0c22580338dba337748124010a0ad0cb9410,131072,breakout,130304,195456,202608056131,0,196608,8,768,960,0.0,16,1.3779303421993216e-06,4,6.413359432422954e-06,4.832678282815647e-06,16
3.2964034330545443e-07,4.040463319272854e-06,8136,8,6c3869c803a48cd9e520a4c06b6a0c22580338dba337748124010a0ad0cb9410,131072,breakout,130304,195456,202608056131,0,196608,8,768,960,0.0,16,1.3948869363732919e-06,4,6.6650576630125e-06,4.8667705503714306e-06,16
3.202314145213767e-07,3.845139690888391e-06,8124,0,6c3869c803a48cd9e520a4c06b6a0c22580338dba337748124010a0ad0cb9410,131072,breakout,129984,389952,202608056131,0,393216,32,768,3264,0.0,16,1.7509569832301392e-06,4,1.2645632720181846e-05,4.832678282815647e-06,16
3.205972053823048e-07,3.811606884809985e-06,8116,8,6c3869c803a48cd9e520a4c06b6a0c22580338dba337748124010a0ad0cb9410,131072,breakout,129984,389952,202608056131,0,393216,32,768,3264,0.0,16,1.8049909200308902e-06,4,1.3829356176480922e-05,4.8667705503714306e-06,16
3.629429796164127e-06,2.511619921630317e-05,8144,0,6c3869c803a48cd9e520a4c06b6a0c22580338dba337748124010a0ad0cb9410,131072,breakout,130304,195456,202608056131,3,196608,8,768,960,0.1,16,2.3602566169146425e-06,4,5.440301336307198e-05,2.300817131293905e-05,16
3.6072643093691744e-06,2.3718513109211724e-05,8136,8,6c3869c803a48cd9e520a4c06b6a0c22580338dba337748124010a0ad0cb9410,131072,breakout,130304,195456,202608056131,3,196608,8,768,960,0.1,16,2.437740208122422e-06,4,5.6287970408917907e-05,2.17753217274595e-05,16
3.663539919267398e-06,2.5826897796837155e-05,8124,0,6c3869c803a48cd9e520a4c06b6a0c22580338dba337748124010a0ad0cb9410,131072,breakout,129984,389952,202608056131,3,393216,32,768,3264,0.1,16,3.869733151008617e-06,4,2.055062563799763e-05,2.300817131293905e-05,16
3.646520622360898e-06,2.449390256510481e-05,8116,8,6c3869c803a48cd9e520a4c06b6a0c22580338dba337748124010a0ad0cb9410,131072,breakout,129984,389952,202608056131,3,393216,32,768,3264,0.1,16,3.7374163424821466e-06,4,1.8857247709271012e-05,2.17753217274595e-05,16
5.564048642653784e-06,0.00012661002646625495,16304,0,6c3869c803a48cd9e520a4c06b6a0c22580338dba337748124010a0ad0cb9410,131072,breakout,65216,195648,202608056131,36,196608,8,768,960,0.3,4,5.604785441208087e-06,4,0.00012840330270256725,0.00012840330270256725,4
5.811728783502706e-06,0.00013265338728526952,16296,8,6c3869c803a48cd9e520a4c06b6a0c22580338dba337748124010a0ad0cb9410,131072,breakout,65216,195648,202608056131,36,196608,8,768,960,0.3,4,5.84748152400205e-06,4,0.00013451630802784547,0.00013451630802784547,4
1.4379297378376661e-05,0.00010039128495128243,10832,0,6c3869c803a48cd9e520a4c06b6a0c22580338dba337748124010a0ad0cb9410,131072,breakout,43328,389952,202608056131,36,393216,32,768,3264,0.3,4,1.362381884217471e-05,4,9.710018375463696e-05,2.0051781028115244e-05,16
1.3721370429764226e-05,8.80077306191748e-05,10824,8,6c3869c803a48cd9e520a4c06b6a0c22580338dba337748124010a0ad0cb9410,131072,breakout,43328,389952,202608056131,36,393216,32,768,3264,0.3,4,1.3041530777882076e-05,4,8.674498113865621e-05,1.8124610267547635e-05,16
1.4632637154360007e-06,1.515758485483957e-05,16304,0,6c3869c803a48cd9e520a4c06b6a0c22580338dba337748124010a0ad0cb9410,131072,breakout,65216,195648,202608056131,54,196608,8,768,960,0.5,4,1.360943494047425e-06,4,1.2955295247143042e-05,1.2955295247143042e-05,4
1.5052798564278692e-06,1.610450819268907e-05,16296,8,6c3869c803a48cd9e520a4c06b6a0c22580338dba337748124010a0ad0cb9410,131072,breakout,65216,195648,202608056131,54,196608,8,768,960,0.5,4,1.400729282418605e-06,4,1.3717133181247763e-05,1.3717133181247763e-05,4
8.820688473659789e-07,4.9844486136562686e-06,10832,0,6c3869c803a48cd9e520a4c06b6a0c22580338dba337748124010a0ad0cb9410,131072,breakout,43328,389952,202608056131,54,393216,32,768,3264,0.5,4,9.982872421444004e-07,4,5.452398167468784e-06,5.452398167468784e-06,4
8.486780148354865e-07,4.333036045045605e-06,10824,8,6c3869c803a48cd9e520a4c06b6a0c22580338dba337748124010a0ad0cb9410,131072,breakout,43328,389952,202608056131,54,393216,32,768,3264,0.5,4,9.698232443013282e-07,4,4.876699998380261e-06,4.876699998380261e-06,4
2.652029771873542e-06,4.6851483546058184e-05,21738,0,6c3869c803a48cd9e520a4c06b6a0c22580338dba337748124010a0ad0cb9410,131072,breakout,21738,195642,202608056131,67,196608,8,768,960,0.7,1,1.6222010769174142e-06,4,3.0461927263457382e-05,4.2330275668743986e-05,1
2.3240168950659395e-06,3.845712187867509e-05,21730,8,6c3869c803a48cd9e520a4c06b6a0c22580338dba337748124010a0ad0cb9410,131072,breakout,21738,195642,202608056131,67,196608,8,768,960,0.7,1,1.6681864563520758e-06,4,3.16612105979342e-05,3.4555654475669837e-05,1
1.5831076681553782e-06,8.513088541916913e-06,10832,0,6c3869c803a48cd9e520a4c06b6a0c22580338dba337748124010a0ad0cb9410,131072,breakout,43328,389952,202608056131,67,393216,32,768,3264,0.7,4,1.484547795961173e-06,4,7.736760242887156e-06,7.736760242887156e-06,4
1.5730226744184727e-06,7.723625696747114e-06,10824,8,6c3869c803a48cd9e520a4c06b6a0c22580338dba337748124010a0ad0cb9410,131072,breakout,43328,389952,202608056131,67,393216,32,768,3264,0.7,4,1.4779679136457718e-06,4,7.135737335952467e-06,7.135737335952467e-06,4
1.1815886071736665e-05,0.00028154290088511734,21738,0,6c3869c803a48cd9e520a4c06b6a0c22580338dba337748124010a0ad0cb9410,131072,breakout,21738,195642,202608056131,83,196608,8,768,960,0.9,1,5.604785441208087e-06,4,0.00012840330270256725,0.00027783411375770554,1
1.2616069354084037e-05,0.0003023970498496365,21730,8,6c3869c803a48cd9e520a4c06b6a0c22580338dba337748124010a0ad0cb9410,131072,breakout,21738,195642,202608056131,83,196608,8,768,960,0.9,1,5.84748152400205e-06,4,0.00013451630802784547,0.0002993517640743765,1
1.4379297378376661e-05,0.00010039128495128243,10832,0,6c3869c803a48cd9e520a4c06b6a0c22580338dba337748124010a0ad0cb9410,131072,breakout,43328,389952,202608056131,83,393216,32,768,3264,0.9,4,1.362381884217471e-05,4,9.710018375463696e-05,3.080059075388641e-05,1
1.3721370429764226e-05,8.80077306191748e-05,10824,8,6c3869c803a48cd9e520a4c06b6a0c22580338dba337748124010a0ad0cb9410,131072,breakout,43328,389952,202608056131,83,393216,32,768,3264,0.9,4,1.3041530777882076e-05,4,8.674498113865621e-05,3.363014456636309e-05,1
1.1815886071736665e-05,0.00028154290088511734,21738,0,6c3869c803a48cd9e520a4c06b6a0c22580338dba337748124010a0ad0cb9410,131072,breakout,21738,195642,202608056131,96,196608,8,768,960,1.0,1,5.604785441208087e-06,4,0.00012840330270256725,0.00027783411375770554,1
1.2616069354084037e-05,0.0003023970498496365,21730,8,6c3869c803a48cd9e520a4c06b6a0c22580338dba337748124010a0ad0cb9410,131072,breakout,21738,195642,202608056131,96,196608,8,768,960,1.0,1,5.84748152400205e-06,4,0.00013451630802784547,0.0002993517640743765,1
9.101060994506585e-06,3.149919558772999e-05,11816,0,6c3869c803a48cd9e520a4c06b6a0c22580338dba337748124010a0ad0cb9410,131072,breakout,11816,389928,202608056131,96,393216,32,768,3264,1.0,1,1.362381884217471e-05,4,9.710018375463696e-05,3.080059075388641e-05,1
9.019257339573675e-06,3.283089748071454e-05,11808,8,6c3869c803a48cd9e520a4c06b6a0c22580338dba337748124010a0ad0cb9410,131072,breakout,11816,389928,202608056131,96,393216,32,768,3264,1.0,1,1.3041530777882076e-05,4,8.674498113865621e-05,3.363014456636309e-05,1
2.2894615224853634e-07,1.469755411087274e-06,8144,0,6c3869c803a48cd9e520a4c06b6a0c22580338dba337748124010a0ad0cb9410,131072,breakout,130304,195456,202608056132,0,196608,8,768,960,0.0,16,2.812858829237665e-06,4,2.2375657958582852e-05,1.952868675215503e-06,16
2.223705700053108e-07,1.3300162847019933e-06,8136,8,6c3869c803a48cd9e520a4c06b6a0c22580338dba337748124010a0ad0cb9410,131072,breakout,130304,195456,202608056132,0,196608,8,768,960,0.0,16,2.7807028043118207e-06,4,2.147910453251231e-05,1.821855756842276e-06,16
2.188031306356597e-07,1.3273071778993496e-06,8124,0,6c3869c803a48cd9e520a4c06b6a0c22580338dba337748124010a0ad0cb9410,131072,breakout,129984,389952,202608056132,0,393216,32,768,3264,0.0,16,1.5306129099607079e-06,4,1.236193116357843e-05,1.952868675215503e-06,16
2.1371901103338847e-07,1.2017571733258632e-06,8116,8,6c3869c803a48cd9e520a4c06b6a0c22580338dba337748124010a0ad0cb9410,131072,breakout,129984,389952,202608056132,0,393216,32,768,3264,0.0,16,1.4851966881193864e-06,4,1.1148664559434869e-05,1.821855756842276e-06,16
8.620224145375213e-07,1.065503420648509e-05,8144,0,6c3869c803a48cd9e520a4c06b6a0c22580338dba337748124010a0ad0cb9410,131072,breakout,130304,195456,202608056132,10,196608,8,768,960,0.1,16,2.6960291227186406e-06,4,3.930981296574149e-05,1.207791295948082e-05,16
8.363187859387019e-07,1.0049564792725995e-05,8136,8,6c3869c803a48cd9e520a4c06b6a0c22580338dba337748124010a0ad0cb9410,131072,breakout,130304,195456,202608056132,10,196608,8,768,960,0.1,16,2.655797401580801e-06,4,3.821340576089066e-05,1.1642174287461768e-05,16
8.236490653421223e-07,1.003361247657883e-05,8124,0,6c3869c803a48cd9e520a4c06b6a0c22580338dba337748124010a0ad0cb9410,131072,breakout,129984,389952,202608056132,10,393216,32,768,3264,0.1,16,3.137321487559498e-06,4,3.095392665019755e-05,1.207791295948082e-05,16
8.00554437023188e-07,9.424670196534284e-06,8116,8,6c3869c803a48cd9e520a4c06b6a0c22580338dba337748124010a0ad0cb9410,131072,breakout,129984,389952,202608056132,10,393216,32,768,3264,0.1,16,3.083277344076125e-06,4,2.8781568118960846e-05,1.1642174287461768e-05,16
1.1873504383973294e-06,1.48112411218354e-05,16304,0,6c3869c803a48cd9e520a4c06b6a0c22580338dba337748124010a0ad0cb9410,131072,breakout,65216,195648,202608056132,25,196608,8,768,960,0.3,4,1.1334427432497408e-06,4,1.2006124378693051e-05,1.2006124378693051e-05,4
1.0343272744345728e-06,1.1618302640987494e-05,16296,8,6c3869c803a48cd9e520a4c06b6a0c22580338dba337748124010a0ad0cb9410,131072,breakout,65216,195648,202608056132,25,196608,8,768,960,0.3,4,1.0178264545094063e-06,4,9.347417783907869e-06,9.347417783907869e-06,4
1.2354889322661955e-05,0.0002482579447833211,8124,0,6c3869c803a48cd9e520a4c06b6a0c22580338dba337748124010a0ad0cb9410,131072,breakout,129984,389952,202608056132,25,393216,32,768,3264,0.3,16,6.212999878358777e-06,4,5.031257004641337e-05,0.00025822629140403487,16
1.213351732400431e-05,0.00024193339696436855,8116,8,6c3869c803a48cd9e520a4c06b6a0c22580338dba337748124010a0ad0cb9410,131072,breakout,129984,389952,202608056132,25,393216,32,768,3264,0.3,16,6.126588674044228e-06,4,4.6585655218889685e-05,0.00025453099443602565,16
2.2911828864129495e-06,3.129408063150662e-05,16304,0,6c3869c803a48cd9e520a4c06b6a0c22580338dba337748124010a0ad0cb9410,131072,breakout,65216,195648,202608056132,48,196608,8,768,960,0.5,4,2.2328802391371506e-06,4,2.6700175939767026e-05,2.6700175939767026e-05,4
2.0576492834722223e-06,2.4953297104237503e-05,16296,8,6c3869c803a48cd9e520a4c06b6a0c22580338dba337748124010a0ad0cb9410,131072,breakout,65216,195648,202608056132,48,196608,8,768,960,0.5,4,2.0637108985246765e-06,4,2.1233776903115477e-05,2.1233776903115477e-05,4
1.1418791279302484e-05,9.27354734063271e-05,10832,0,6c3869c803a48cd9e520a4c06b6a0c22580338dba337748124010a0ad0cb9410,131072,breakout,43328,389952,202608056132,48,393216,32,768,3264,0.5,4,1.0596295335353187e-05,4,9.214344415967578e-05,9.214344415967578e-05,4
1.1290970523653927e-05,8.805515780711745e-05,10824,8,6c3869c803a48cd9e520a4c06b6a0c22580338dba337748124010a0ad0cb9410,131072,breakout,43328,389952,202608056132,48,393216,32,768,3264,0.5,4,1.0475220838248786e-05,4,8.75416847214607e-05,8.75416847214607e-05,4
8.371641026933762e-07,2.8562232343070715e-06,21738,0,6c3869c803a48cd9e520a4c06b6a0c22580338dba337748124010a0ad0cb9410,131072,breakout,21738,195642,202608056132,67,196608,8,768,960,0.7,1,2.2328802391371506e-06,4,2.6700175939767026e-05,2.538473098741717e-06,1
8.475903591229301e-07,2.9824120582583043e-06,21730,8,6c3869c803a48cd9e520a4c06b6a0c22580338dba337748124010a0ad0cb9410,131072,breakout,21738,195642,202608056132,67,196608,8,768,960,0.7,1,2.0637108985246765e-06,4,2.1233776903115477e-05,3.3748224898788784e-06,1
1.1418791279302484e-05,9.27354734063271e-05,10832,0,6c3869c803a48cd9e520a4c06b6a0c22580338dba337748124010a0ad0cb9410,131072,breakout,43328,389952,202608056132,67,393216,32,768,3264,0.7,4,1.0596295335353187e-05,4,9.214344415967578e-05,9.214344415967578e-05,4
1.1290970523653927e-05,8.805515780711745e-05,10824,8,6c3869c803a48cd9e520a4c06b6a0c22580338dba337748124010a0ad0cb9410,131072,breakout,43328,389952,202608056132,67,393216,32,768,3264,0.7,4,1.0475220838248786e-05,4,8.75416847214607e-05,8.75416847214607e-05,4
8.371641026933762e-07,2.8562232343070715e-06,21738,0,6c3869c803a48cd9e520a4c06b6a0c22580338dba337748124010a0ad0cb9410,131072,breakout,21738,195642,202608056132,90,196608,8,768,960,0.9,1,2.2328802391371506e-06,4,2.6700175939767026e-05,2.538473098741717e-06,1
8.475903591229301e-07,2.9824120582583043e-06,21730,8,6c3869c803a48cd9e520a4c06b6a0c22580338dba337748124010a0ad0cb9410,131072,breakout,21738,195642,202608056132,90,196608,8,768,960,0.9,1,2.0637108985246765e-06,4,2.1233776903115477e-05,3.3748224898788784e-06,1
8.738430427938529e-06,0.00015799408377379997,11816,0,6c3869c803a48cd9e520a4c06b6a0c22580338dba337748124010a0ad0cb9410,131072,breakout,11816,389928,202608056132,90,393216,32,768,3264,0.9,1,1.0596295335353187e-05,4,9.214344415967578e-05,0.00015319651442677077,1
8.30446977570841e-06,0.00014808619794349248,11808,8,6c3869c803a48cd9e520a4c06b6a0c22580338dba337748124010a0ad0cb9410,131072,breakout,11816,389928,202608056132,90,393216,32,768,3264,0.9,1,1.0475220838248786e-05,4,8.75416847214607e-05,0.00014526377650764407,1
8.371641026933762e-07,2.8562232343070715e-06,21738,0,6c3869c803a48cd9e520a4c06b6a0c22580338dba337748124010a0ad0cb9410,131072,breakout,21738,195642,202608056132,96,196608,8,768,960,1.0,1,2.2328802391371506e-06,4,2.6700175939767026e-05,2.538473098741717e-06,1
8.475903591229301e-07,2.9824120582583043e-06,21730,8,6c3869c803a48cd9e520a4c06b6a0c22580338dba337748124010a0ad0cb9410,131072,breakout,21738,195642,202608056132,96,196608,8,768,960,1.0,1,2.0637108985246765e-06,4,2.1233776903115477e-05,3.3748224898788784e-06,1
8.738430427938529e-06,0.00015799408377379997,11816,0,6c3869c803a48cd9e520a4c06b6a0c22580338dba337748124010a0ad0cb9410,131072,breakout,11816,389928,202608056132,96,393216,32,768,3264,1.0,1,1.0596295335353187e-05,4,9.214344415967578e-05,0.00015319651442677077,1
8.30446977570841e-06,0.00014808619794349248,11808,8,6c3869c803a48cd9e520a4c06b6a0c22580338dba337748124010a0ad0cb9410,131072,breakout,11816,389928,202608056132,96,393216,32,768,3264,1.0,1,1.0475220838248786e-05,4,8.75416847214607e-05,0.00014526377650764407,1
8.316779498158015e-08,2.913707909976556e-06,8144,0,5f137a239e0a6b1c8568edc2557a08cbc06ac9cb9a8c33bcf157053b80d91715,131072,seaquest,130304,195456,202608056101,0,196608,8,768,960,0.0,16,1.521431333669837e-07,4,6.260667169296868e-06,2.94973101350934e-06,16
8.287077526526793e-08,2.909150831532959e-06,8136,8,5f137a239e0a6b1c8568edc2557a08cbc06ac9cb9a8c33bcf157053b80d91715,131072,seaquest,130304,195456,202608056101,0,196608,8,768,960,0.0,16,1.5388404001148422e-07,4,6.325059909797019e-06,2.9380227840202497e-06,16
8.320732398953521e-08,2.9305467715784994e-06,8124,0,5f137a239e0a6b1c8568edc2557a08cbc06ac9cb9a8c33bcf157053b80d91715,131072,seaquest,129984,389952,202608056101,0,393216,32,768,3264,0.0,16,8.451666307463211e-08,16,2.94973101350934e-06,2.94973101350934e-06,16
8.297901754101438e-08,2.9297084656693527e-06,8116,8,5f137a239e0a6b1c8568edc2557a08cbc06ac9cb9a8c33bcf157053b80d91715,131072,seaquest,129984,389952,202608056101,0,393216,32,768,3264,0.0,16,8.408255617310158e-08,16,2.9380227840202497e-06,2.9380227840202497e-06,16
4.6393155105720767e-08,5.447838032361928e-07,8144,0,5f137a239e0a6b1c8568edc2557a08cbc06ac9cb9a8c33bcf157053b80d91715,131072,seaquest,130304,195456,202608056101,9,196608,8,768,960,0.1,16,2.3238905860943433e-07,4,2.1248561743203676e-06,5.777760359104343e-07,16
4.568494338312953e-08,5.20011901258158e-07,8136,8,5f137a239e0a6b1c8568edc2557a08cbc06ac9cb9a8c33bcf157053b80d91715,131072,seaquest,130304,195456,202608056101,9,196608,8,768,960,0.1,16,2.327943482516597e-07,4,2.236608943735947e-06,5.559805826600524e-07,16
4.6478376998273885e-08,5.410131542646521e-07,8124,0,5f137a239e0a6b1c8568edc2557a08cbc06ac9cb9a8c33bcf157053b80d91715,131072,seaquest,129984,389952,202608056101,9,393216,32,768,3264,0.1,16,4.6564136246548775e-08,16,5.777760359104343e-07,5.777760359104343e-07,16
4.582076163755462e-08,5.19294041942127e-07,8116,8,5f137a239e0a6b1c8568edc2557a08cbc06ac9cb9a8c33bcf157053b80d91715,131072,seaquest,129984,389952,202608056101,9,393216,32,768,3264,0.1,16,4.613404286581274e-08,16,5.559805826600524e-07,5.559805826600524e-07,16
1.9641039400076405e-07,1.4420261104752805e-06,16304,0,5f137a239e0a6b1c8568edc2557a08cbc06ac9cb9a8c33bcf157053b80d91715,131072,seaquest,65216,195648,202608056101,25,196608,8,768,960,0.3,4,1.9693149475359867e-07,4,1.1264593198526205e-06,1.1264593198526205e-06,4
1.9772567567209472e-07,1.5042448894457727e-06,16296,8,5f137a239e0a6b1c8568edc2557a08cbc06ac9cb9a8c33bcf157053b80d91715,131072,seaquest,65216,195648,202608056101,25,196608,8,768,960,0.3,4,1.9715464218945111e-07,4,1.1904161271961095e-06,1.1904161271961095e-06,4
1.2912494788274167e-07,1.5395461065205161e-06,8124,0,5f137a239e0a6b1c8568edc2557a08cbc06ac9cb9a8c33bcf157053b80d91715,131072,seaquest,129984,389952,202608056101,25,393216,32,768,3264,0.3,16,1.3208776256838764e-07,16,1.7411308114903698e-06,1.7411308114903698e-06,16
1.2633041788702137e-07,1.4841523192272778e-06,8116,8,5f137a239e0a6b1c8568edc2557a08cbc06ac9cb9a8c33bcf157053b80d91715,131072,seaquest,129984,389952,202608056101,25,393216,32,768,3264,0.3,16,1.2964110255386049e-07,16,1.6897120923706639e-06,1.6897120923706639e-06,16
3.2680802226747916e-07,1.3104133924618992e-06,16304,0,5f137a239e0a6b1c8568edc2557a08cbc06ac9cb9a8c33bcf157053b80d91715,131072,seaquest,65216,195648,202608056101,48,196608,8,768,960,0.5,4,3.401714684794511e-07,4,1.2024822337554494e-06,1.2024822337554494e-06,4
3.3118530607103955e-07,1.3576629443189405e-06,16296,8,5f137a239e0a6b1c8568edc2557a08cbc06ac9cb9a8c33bcf157053b80d91715,131072,seaquest,65216,195648,202608056101,48,196608,8,768,960,0.5,4,3.423128138398835e-07,4,1.2353034284110496e-06,1.2353034284110496e-06,4
4.060087892216896e-07,3.718857117506041e-06,10832,0,5f137a239e0a6b1c8568edc2557a08cbc06ac9cb9a8c33bcf157053b80d91715,131072,seaquest,43328,389952,202608056101,48,393216,32,768,3264,0.5,4,1.257471128382263e-07,16,1.739881546591059e-06,3.6158519296681146e-06,4
4.0973513929977386e-07,3.895248624388339e-06,10824,8,5f137a239e0a6b1c8568edc2557a08cbc06ac9cb9a8c33bcf157053b80d91715,131072,seaquest,43328,389952,202608056101,48,393216,32,768,3264,0.5,4,1.2264373030748744e-07,16,1.6671405953889536e-06,3.8095109249892785e-06,4
1.773834875139076e-07,8.903814773652402e-07,21738,0,5f137a239e0a6b1c8568edc2557a08cbc06ac9cb9a8c33bcf157053b80d91715,131072,seaquest,21738,195642,202608056101,71,196608,8,768,960,0.7,1,2.3238905860943433e-07,4,2.1248561743203676e-06,1.1581778470798091e-06,1
1.7709207384439564e-07,8.590812477321269e-07,21730,8,5f137a239e0a6b1c8568edc2557a08cbc06ac9cb9a8c33bcf157053b80d91715,131072,seaquest,21738,195642,202608056101,71,196608,8,768,960,0.7,1,2.327943482516597e-07,4,2.236608943735947e-06,1.1101858374873916e-06,1
3.1552123452173877e-07,1.8512710763832749e-06,10832,0,5f137a239e0a6b1c8568edc2557a08cbc06ac9cb9a8c33bcf157053b80d91715,131072,seaquest,43328,389952,202608056101,71,393216,32,768,3264,0.7,4,1.3051915361503349e-07,16,8.321398346642801e-07,1.845141754804026e-06,4
3.1733546326573045e-07,1.8477824031890225e-06,10824,8,5f137a239e0a6b1c8568edc2557a08cbc06ac9cb9a8c33bcf157053b80d91715,131072,seaquest,43328,389952,202608056101,71,393216,32,768,3264,0.7,4,1.2814304171960293e-07,16,7.781054074102415e-07,1.8649944433351324e-06,4
1.773834875139076e-07,8.903814773652402e-07,21738,0,5f137a239e0a6b1c8568edc2557a08cbc06ac9cb9a8c33bcf157053b80d91715,131072,seaquest,21738,195642,202608056101,88,196608,8,768,960,0.9,1,3.401714684794511e-07,4,1.2024822337554494e-06,1.1581778470798091e-06,1
1.7709207384439564e-07,8.590812477321269e-07,21730,8,5f137a239e0a6b1c8568edc2557a08cbc06ac9cb9a8c33bcf157053b80d91715,131072,seaquest,21738,195642,202608056101,88,196608,8,768,960,0.9,1,3.423128138398835e-07,4,1.2353034284110496e-06,1.1101858374873916e-06,1
3.604012409941973e-07,2.4504245706959776e-06,11816,0,5f137a239e0a6b1c8568edc2557a08cbc06ac9cb9a8c33bcf157053b80d91715,131072,seaquest,11816,389928,202608056101,88,393216,32,768,3264,0.9,1,2.1904976846305557e-07,16,2.0787936372984186e-06,2.5447077165517492e-06,1
3.56230927465816e-07,2.5633799042919903e-06,11808,8,5f137a239e0a6b1c8568edc2557a08cbc06ac9cb9a8c33bcf157053b80d91715,131072,seaquest,11816,389928,202608056101,88,393216,32,768,3264,0.9,1,2.1281970761029914e-07,16,1.9521969612971256e-06,2.559525303622196e-06,1
1.773834875139076e-07,8.903814773652402e-07,21738,0,5f137a239e0a6b1c8568edc2557a08cbc06ac9cb9a8c33bcf157053b80d91715,131072,seaquest,21738,195642,202608056101,96,196608,8,768,960,1.0,1,3.401714684794511e-07,4,1.2024822337554494e-06,1.1581778470798091e-06,1
1.7709207384439564e-07,8.590812477321269e-07,21730,8,5f137a239e0a6b1c8568edc2557a08cbc06ac9cb9a8c33bcf157053b80d91715,131072,seaquest,21738,195642,202608056101,96,196608,8,768,960,1.0,1,3.423128138398835e-07,4,1.2353034284110496e-06,1.1101858374873916e-06,1
3.604012409941973e-07,2.4504245706959776e-06,11816,0,5f137a239e0a6b1c8568edc2557a08cbc06ac9cb9a8c33bcf157053b80d91715,131072,seaquest,11816,389928,202608056101,96,393216,32,768,3264,1.0,1,2.1904976846305557e-07,16,2.0787936372984186e-06,2.5447077165517492e-06,1
3.56230927465816e-07,2.5633799042919903e-06,11808,8,5f137a239e0a6b1c8568edc2557a08cbc06ac9cb9a8c33bcf157053b80d91715,131072,seaquest,11816,389928,202608056101,96,393216,32,768,3264,1.0,1,2.1281970761029914e-07,16,1.9521969612971256e-06,2.559525303622196e-06,1
1.0967632230517547e-07,3.7072863910278605e-06,8144,0,5f137a239e0a6b1c8568edc2557a08cbc06ac9cb9a8c33bcf157053b80d91715,131072,seaquest,130304,195456,202608056102,0,196608,8,768,960,0.0,16,2.3029605425633488e-07,4,8.79040010629287e-06,3.4681092061452746e-06,16
1.0918031566424972e-07,3.701832161219193e-06,8136,8,5f137a239e0a6b1c8568edc2557a08cbc06ac9cb9a8c33bcf157053b80d91715,131072,seaquest,130304,195456,202608056102,0,196608,8,768,960,0.0,16,2.332512818241992e-07,4,8.932049185649845e-06,3.4810922662355197e-06,16
1.1021736155668685e-07,3.7530400977032372e-06,8124,0,5f137a239e0a6b1c8568edc2557a08cbc06ac9cb9a8c33bcf157053b80d91715,131072,seaquest,129984,389952,202608056102,0,393216,32,768,3264,0.0,16,1.0513749334263814e-07,16,3.4681092061452746e-06,3.4681092061452746e-06,16
1.1017877094706333e-07,3.7619483403627295e-06,8116,8,5f137a239e0a6b1c8568edc2557a08cbc06ac9cb9a8c33bcf157053b80d91715,131072,seaquest,129984,389952,202608056102,0,393216,32,768,3264,0.0,16,1.0514030756639516e-07,16,3.4810922662355197e-06,3.4810922662355197e-06,16
1.0522600326974285e-07,3.7972781098362686e-06,8144,0,5f137a239e0a6b1c8568edc2557a08cbc06ac9cb9a8c33bcf157053b80d91715,131072,seaquest,130304,195456,202608056102,8,196608,8,768,960,0.1,16,3.240115222861104e-07,4,7.822068964432168e-06,4.239292052653215e-06,16
1.057341487217855e-07,3.8127771434449976e-06,8136,8,5f137a239e0a6b1c8568edc2557a08cbc06ac9cb9a8c33bcf157053b80d91715,131072,seaquest,130304,195456,202608056102,8,196608,8,768,960,0.1,16,3.2500426717290815e-07,4,7.819097793517585e-06,4.2374879036364965e-06,16
1.0247774567870412e-07,3.6557346732011956e-06,8124,0,5f137a239e0a6b1c8568edc2557a08cbc06ac9cb9a8c33bcf157053b80d91715,131072,seaquest,129984,389952,202608056102,8,393216,32,768,3264,0.1,16,1.1432300737955054e-07,16,4.239292052653215e-06,4.239292052653215e-06,16
1.0256611955590513e-07,3.651633828239405e-06,8116,8,5f137a239e0a6b1c8568edc2557a08cbc06ac9cb9a8c33bcf157053b80d91715,131072,seaquest,129984,389952,202608056102,8,393216,32,768,3264,0.1,16,1.1439804255963717e-07,16,4.2374879036364965e-06,4.2374879036364965e-06,16
4.5395096395643573e-07,1.5409900293049073e-05,16304,0,5f137a239e0a6b1c8568edc2557a08cbc06ac9cb9a8c33bcf157053b80d91715,131072,seaquest,65216,195648,202608056102,24,196608,8,768,960,0.3,4,4.230360313130605e-07,4,1.3443370634657364e-05,1.3443370634657364e-05,4
4.5304235315209694e-07,1.519623599487016e-05,16296,8,5f137a239e0a6b1c8568edc2557a08cbc06ac9cb9a8c33bcf157053b80d91715,131072,seaquest,65216,195648,202608056102,24,196608,8,768,960,0.3,4,4.232635764422331e-07,4,1.3277063245319511e-05,1.3277063245319511e-05,4
7.804860070799866e-07,3.269477883916975e-05,8124,0,5f137a239e0a6b1c8568edc2557a08cbc06ac9cb9a8c33bcf157053b80d91715,131072,seaquest,129984,389952,202608056102,24,393216,32,768,3264,0.3,16,8.603179195841551e-07,16,3.6099048579236846e-05,3.6099048579236846e-05,16
7.808883895997444e-07,3.267691977514939e-05,8116,8,5f137a239e0a6b1c8568edc2557a08cbc06ac9cb9a8c33bcf157053b80d91715,131072,seaquest,129984,389952,202608056102,24,393216,32,768,3264,0.3,16,8.61872068373783e-07,16,3.611963137113305e-05,3.611963137113305e-05,16
3.2078411978278127e-07,6.86216408712472e-06,16304,0,5f137a239e0a6b1c8568edc2557a08cbc06ac9cb9a8c33bcf157053b80d91715,131072,seaquest,65216,195648,202608056102,43,196608,8,768,960,0.5,4,3.076225632749859e-07,4,5.301157367263096e-06,5.301157367263096e-06,4
3.188531424659576e-07,6.661030063873671e-06,16296,8,5f137a239e0a6b1c8568edc2557a08cbc06ac9cb9a8c33bcf157053b80d91715,131072,seaquest,65216,195648,202608056102,43,196608,8,768,960,0.5,4,3.062286493150118e-07,4,5.13269960979926e-06,5.13269960979926e-06,4
2.115917630364552e-06,9.232652118035886e-05,10832,0,5f137a239e0a6b1c8568edc2557a08cbc06ac9cb9a8c33bcf157053b80d91715,131072,seaquest,43328,389952,202608056102,43,393216,32,768,3264,0.5,4,1.948608619396304e-06,16,7.969406798987702e-05,8.962048227099599e-05,4
2.1024483080798425e-06,9.175398774126579e-05,10824,8,5f137a239e0a6b1c8568edc2557a08cbc06ac9cb9a8c33bcf157053b80d91715,131072,seaquest,43328,389952,202608056102,43,393216,32,768,3264,0.5,4,1.9528979340594243e-06,16,7.969801076377554e-05,8.872967431273352e-05,4
3.312271432854032e-07,1.6871117810527665e-06,21738,0,5f137a239e0a6b1c8568edc2557a08cbc06ac9cb9a8c33bcf157053b80d91715,131072,seaquest,21738,195642,202608056102,73,196608,8,768,960,0.7,1,3.138833977707369e-07,4,9.659223973853595e-06,1.8647644253891754e-06,1
3.4718346053164263e-07,1.8609718188792383e-06,21730,8,5f137a239e0a6b1c8568edc2557a08cbc06ac9cb9a8c33bcf157053b80d91715,131072,seaquest,21738,195642,202608056102,73,196608,8,768,960,0.7,1,3.095549054742031e-07,4,9.347135647563823e-06,2.034403792245755e-06,1
1.6590492613951658e-06,7.328468017785184e-05,10832,0,5f137a239e0a6b1c8568edc2557a08cbc06ac9cb9a8c33bcf157053b80d91715,131072,seaquest,43328,389952,202608056102,73,393216,32,768,3264,0.7,4,1.061473359876046e-06,16,4.283136893934072e-05,6.96929672888936e-05,4
1.666935633265365e-06,7.368134672372693e-05,10824,8,5f137a239e0a6b1c8568edc2557a08cbc06ac9cb9a8c33bcf157053b80d91715,131072,seaquest,43328,389952,202608056102,73,393216,32,768,3264,0.7,4,1.06314233983639e-06,16,4.279594425816909e-05,6.99034547535975e-05,4
3.312271432854032e-07,1.6871117810527665e-06,21738,0,5f137a239e0a6b1c8568edc2557a08cbc06ac9cb9a8c33bcf157053b80d91715,131072,seaquest,21738,195642,202608056102,90,196608,8,768,960,0.9,1,3.8943094667368004e-07,4,9.838380475237426e-06,1.8647644253891754e-06,1
3.4718346053164263e-07,1.8609718188792383e-06,21730,8,5f137a239e0a6b1c8568edc2557a08cbc06ac9cb9a8c33bcf157053b80d91715,131072,seaquest,21738,195642,202608056102,90,196608,8,768,960,0.9,1,3.85988290486095e-07,4,9.348296217127837e-06,2.034403792245755e-06,1
1.9825834139797306e-06,8.067828187964239e-05,11816,0,5f137a239e0a6b1c8568edc2557a08cbc06ac9cb9a8c33bcf157053b80d91715,131072,seaquest,11816,389928,202608056102,90,393216,32,768,3264,0.9,1,1.7835102388862838e-06,16,7.322797226962746e-05,7.630378256469081e-05,1
1.9749508170823565e-06,8.010034518084336e-05,11808,8,5f137a239e0a6b1c8568edc2557a08cbc06ac9cb9a8c33bcf157053b80d91715,131072,seaquest,11816,389928,202608056102,90,393216,32,768,3264,0.9,1,1.7872048681484475e-06,16,7.323634988677141e-05,7.569437663381554e-05,1
3.312271432854032e-07,1.6871117810527665e-06,21738,0,5f137a239e0a6b1c8568edc2557a08cbc06ac9cb9a8c33bcf157053b80d91715,131072,seaquest,21738,195642,202608056102,96,196608,8,768,960,1.0,1,3.8943094667368004e-07,4,9.838380475237426e-06,1.8647644253891754e-06,1
3.4718346053164263e-07,1.8609718188792383e-06,21730,8,5f137a239e0a6b1c8568edc2557a08cbc06ac9cb9a8c33bcf157053b80d91715,131072,seaquest,21738,195642,202608056102,96,196608,8,768,960,1.0,1,3.85988290486095e-07,4,9.348296217127837e-06,2.034403792245755e-06,1
1.9825834139797306e-06,8.067828187964239e-05,11816,0,5f137a239e0a6b1c8568edc2557a08cbc06ac9cb9a8c33bcf157053b80d91715,131072,seaquest,11816,389928,202608056102,96,393216,32,768,3264,1.0,1,2.326576436484158e-06,16,9.621821077574668e-05,7.630378256469081e-05,1
1.9749508170823565e-06,8.010034518084336e-05,11808,8,5f137a239e0a6b1c8568edc2557a08cbc06ac9cb9a8c33bcf157053b80d91715,131072,seaquest,11816,389928,202608056102,96,393216,32,768,3264,1.0,1,2.3360307291591e-06,16,9.643214648131985e-05,7.569437663381554e-05,1
1.5366510396133537e-08,7.282211441984282e-08,8144,0,5f137a239e0a6b1c8568edc2557a08cbc06ac9cb9a8c33bcf157053b80d91715,131072,seaquest,130304,195456,202608056103,0,196608,8,768,960,0.0,16,6.024112694211104e-08,4,1.515369420009848e-06,5.25680499860707e-08,16
1.540626909477694e-08,7.254693788463546e-08,8136,8,5f137a239e0a6b1c8568edc2557a08cbc06ac9cb9a8c33bcf157053b80d91715,131072,seaquest,130304,195456,202608056103,0,196608,8,768,960,0.0,16,5.857315815774908e-08,4,1.451913870815502e-06,5.2476083023736645e-08,16
1.5936195023312643e-08,8.302057563142399e-08,8124,0,5f137a239e0a6b1c8568edc2557a08cbc06ac9cb9a8c33bcf157053b80d91715,131072,seaquest,129984,389952,202608056103,0,393216,32,768,3264,0.0,16,1.4114613209851622e-08,16,5.25680499860707e-08,5.25680499860707e-08,16
1.597018657133233e-08,8.44320916992148e-08,8116,8,5f137a239e0a6b1c8568edc2557a08cbc06ac9cb9a8c33bcf157053b80d91715,131072,seaquest,129984,389952,202608056103,0,393216,32,768,3264,0.0,16,1.401074670961013e-08,16,5.2476083023736645e-08,5.2476083023736645e-08,16
3.193681150009102e-08,1.1366299662064032e-06,16304,0,5f137a239e0a6b1c8568edc2557a08cbc06ac9cb9a8c33bcf157053b80d91715,131072,seaquest,65216,195648,202608056103,12,196608,8,768,960,0.1,4,2.920754869701062e-08,4,9.874514977732833e-07,2.3065581560824199e-07,16
3.3214915559542295e-08,1.1929667829325342e-06,16296,8,5f137a239e0a6b1c8568edc2557a08cbc06ac9cb9a8c33bcf157053b80d91715,131072,seaquest,65216,195648,202608056103,12,196608,8,768,960,0.1,4,3.0236459785162006e-08,4,1.0329172006847734e-06,2.3632323904761885e-07,16
6.608057151722639e-08,2.7190990692191297e-07,8124,0,5f137a239e0a6b1c8568edc2557a08cbc06ac9cb9a8c33bcf157053b80d91715,131072,seaquest,129984,389952,202608056103,12,393216,32,768,3264,0.1,16,6.522167793673333e-08,16,2.3065581560824199e-07,2.3065581560824199e-07,16
6.660601350526468e-08,2.80053233584026e-07,8116,8,5f137a239e0a6b1c8568edc2557a08cbc06ac9cb9a8c33bcf157053b80d91715,131072,seaquest,129984,389952,202608056103,12,393216,32,768,3264,0.1,16,6.604142499297953e-08,16,2.3632323904761885e-07,2.3632323904761885e-07,16
7.001046842050496e-08,1.44462307639879e-06,16304,0,5f137a239e0a6b1c8568edc2557a08cbc06ac9cb9a8c33bcf157053b80d91715,131072,seaquest,65216,195648,202608056103,24,196608,8,768,960,0.3,4,7.503170250453364e-08,4,1.7886240992222136e-06,1.7886240992222136e-06,4
6.739758825997663e-08,1.3690521393055846e-06,16296,8,5f137a239e0a6b1c8568edc2557a08cbc06ac9cb9a8c33bcf157053b80d91715,131072,seaquest,65216,195648,202608056103,24,196608,8,768,960,0.3,4,7.215453883586486e-08,4,1.6972578755582555e-06,1.6972578755582555e-06,4
1.165086201834398e-07,4.73713583122717e-07,8124,0,5f137a239e0a6b1c8568edc2557a08cbc06ac9cb9a8c33bcf157053b80d91715,131072,seaquest,129984,389952,202608056103,24,393216,32,768,3264,0.3,16,1.1525590408678116e-07,16,4.2197787423266205e-07,4.2197787423266205e-07,16
1.197183154131238e-07,5.147226391911071e-07,8116,8,5f137a239e0a6b1c8568edc2557a08cbc06ac9cb9a8c33bcf157053b80d91715,131072,seaquest,129984,389952,202608056103,24,393216,32,768,3264,0.3,16,1.188955485411643e-07,16,4.5302355060709284e-07,4.5302355060709284e-07,16
3.9366923406637975e-08,4.900528345785278e-07,16304,0,5f137a239e0a6b1c8568edc2557a08cbc06ac9cb9a8c33bcf157053b80d91715,131072,seaquest,65216,195648,202608056103,48,196608,8,768,960,0.5,4,4.6367622166860105e-08,4,6.58585931816164e-07,6.58585931816164e-07,4
3.796136528237048e-08,4.4347972625336053e-07,16296,8,5f137a239e0a6b1c8568edc2557a08cbc06ac9cb9a8c33bcf157053b80d91715,131072,seaquest,65216,195648,202608056103,48,196608,8,768,960,0.5,4,4.421246423677623e-08,4,5.969936068970515e-07,5.969936068970515e-07,4
1.4355065986460766e-07,1.8631649049614868e-06,10832,0,5f137a239e0a6b1c8568edc2557a08cbc06ac9cb9a8c33bcf157053b80d91715,131072,seaquest,43328,389952,202608056103,48,393216,32,768,3264,0.5,4,2.963955564277593e-07,16,1.1155751470199026e-06,1.4307561273338313e-06,4
1.4332858312464836e-07,1.8210097245691089e-06,10824,8,5f137a239e0a6b1c8568edc2557a08cbc06ac9cb9a8c33bcf157053b80d91715,131072,seaquest,43328,389952,202608056103,48,393216,32,768,3264,0.5,4,3.0200026823275173e-07,16,1.185553039165397e-06,1.3831555205827933e-06,4
4.221101161257394e-08,2.926318507438872e-07,16304,0,5f137a239e0a6b1c8568edc2557a08cbc06ac9cb9a8c33bcf157053b80d91715,131072,seaquest,65216,195648,202608056103,63,196608,8,768,960,0.7,4,4.160711446044189e-08,4,3.813923436076035e-07,8.038612380118502e-07,1
4.185558410635056e-08,2.8238702188888153e-07,16296,8,5f137a239e0a6b1c8568edc2557a08cbc06ac9cb9a8c33bcf157053b80d91715,131072,seaquest,65216,195648,202608056103,63,196608,8,768,960,0.7,4,4.1103619560141065e-08,4,3.7142199056275015e-07,7.743793105782925e-07,1
2.125749104982209e-07,4.105899427955656e-06,10832,0,5f137a239e0a6b1c8568edc2557a08cbc06ac9cb9a8c33bcf157053b80d91715,131072,seaquest,43328,389952,202608056103,63,393216,32,768,3264,0.7,4,1.9529691940817965e-07,16,9.440205073534935e-07,3.244913713371495e-06,4
2.1287742070043997e-07,4.0622182368921285e-06,10824,8,5f137a239e0a6b1c8568edc2557a08cbc06ac9cb9a8c33bcf157053b80d91715,131072,seaquest,43328,389952,202608056103,63,393216,32,768,3264,0.7,4,1.996259047827216e-07,16,1.0104244796301147e-06,3.1852879281464796e-06,4
2.130278837983453e-07,4.38436366550246e-06,21738,0,5f137a239e0a6b1c8568edc2557a08cbc06ac9cb9a8c33bcf157053b80d91715,131072,seaquest,21738,195642,202608056103,87,196608,8,768,960,0.9,1,1.5397523086871052e-07,4,3.4187740301390233e-06,5.6359611220451885e-06,1
1.9907996730122235e-07,3.874665863479947e-06,21730,8,5f137a239e0a6b1c8568edc2557a08cbc06ac9cb9a8c33bcf157053b80d91715,131072,seaquest,21738,195642,202608056103,87,196608,8,768,960,0.9,1,1.4675123286090974e-07,4,3.158563200832829e-06,5.062042286097789e-06,1
9.275810956771153e-07,2.2194944792129803e-05,11816,0,5f137a239e0a6b1c8568edc2557a08cbc06ac9cb9a8c33bcf157053b80d91715,131072,seaquest,11816,389928,202608056103,87,393216,32,768,3264,0.9,1,3.9783741342343236e-07,16,1.9872058084175717e-06,2.4025622986670048e-05,1
9.381929536904888e-07,2.2155523681363282e-05,11808,8,5f137a239e0a6b1c8568edc2557a08cbc06ac9cb9a8c33bcf157053b80d91715,131072,seaquest,11816,389928,202608056103,87,393216,32,768,3264,0.9,1,4.0766535598554775e-07,16,2.2235557997681725e-06,2.412096119638648e-05,1
2.130278837983453e-07,4.38436366550246e-06,21738,0,5f137a239e0a6b1c8568edc2557a08cbc06ac9cb9a8c33bcf157053b80d91715,131072,seaquest,21738,195642,202608056103,96,196608,8,768,960,1.0,1,4.1450355583404104e-07,4,1.324420631603046e-05,5.6359611220451885e-06,1
1.9907996730122235e-07,3.874665863479947e-06,21730,8,5f137a239e0a6b1c8568edc2557a08cbc06ac9cb9a8c33bcf157053b80d91715,131072,seaquest,21738,195642,202608056103,96,196608,8,768,960,1.0,1,3.983484604156452e-07,4,1.2610877009244005e-05,5.062042286097789e-06,1
9.275810956771153e-07,2.2194944792129803e-05,11816,0,5f137a239e0a6b1c8568edc2557a08cbc06ac9cb9a8c33bcf157053b80d91715,131072,seaquest,11816,389928,202608056103,96,393216,32,768,3264,1.0,1,4.1357956008797027e-07,16,1.5165622336110738e-06,2.4025622986670048e-05,1
9.381929536904888e-07,2.2155523681363282e-05,11808,8,5f137a239e0a6b1c8568edc2557a08cbc06ac9cb9a8c33bcf157053b80d91715,131072,seaquest,11816,389928,202608056103,96,393216,32,768,3264,1.0,1,4.194764885053222e-07,16,1.6315659807984459e-06,2.412096119638648e-05,1
5.8431341125547854e-08,1.0855524552780712e-06,8144,0,5f137a239e0a6b1c8568edc2557a08cbc06ac9cb9a8c33bcf157053b80d91715,131072,seaquest,130304,195456,202608056104,0,196608,8,768,960,0.0,16,6.608822793698274e-08,4,1.925332700795361e-06,1.0541323550899339e-06,16
5.8691303033426785e-08,1.099024471501467e-06,8136,8,5f137a239e0a6b1c8568edc2557a08cbc06ac9cb9a8c33bcf157053b80d91715,131072,seaquest,130304,195456,202608056104,0,196608,8,768,960,0.0,16,6.837373410435682e-08,4,1.9940636580195387e-06,1.0586120212225615e-06,16
5.9334696436069254e-08,1.1213856366121962e-06,8124,0,5f137a239e0a6b1c8568edc2557a08cbc06ac9cb9a8c33bcf157053b80d91715,131072,seaquest,129984,389952,202608056104,0,393216,32,768,3264,0.0,16,5.7329992933114585e-08,16,1.0541323550899339e-06,1.0541323550899339e-06,16
5.969960228733873e-08,1.1404496456979589e-06,8116,8,5f137a239e0a6b1c8568edc2557a08cbc06ac9cb9a8c33bcf157053b80d91715,131072,seaquest,129984,389952,202608056104,0,393216,32,768,3264,0.0,16,5.741791234218562e-08,16,1.0586120212225615e-06,1.0586120212225615e-06,16
9.418625354547376e-08,2.844435322983606e-06,8144,0,5f137a239e0a6b1c8568edc2557a08cbc06ac9cb9a8c33bcf157053b80d91715,131072,seaquest,130304,195456,202608056104,8,196608,8,768,960,0.1,16,1.618736123277784e-07,4,6.613398897561047e-06,3.368302735728979e-06,16
9.27534662450976e-08,2.763753615818535e-06,8136,8,5f137a239e0a6b1c8568edc2557a08cbc06ac9cb9a8c33bcf157053b80d91715,131072,seaquest,130304,195456,202608056104,8,196608,8,768,960,0.1,16,1.6129781783553838e-07,4,6.585929041889955e-06,3.284124627775644e-06,16
9.039993117642262e-08,2.673576799404869e-06,8124,0,5f137a239e0a6b1c8568edc2557a08cbc06ac9cb9a8c33bcf157053b80d91715,131072,seaquest,129984,389952,202608056104,8,393216,32,768,3264,0.1,16,1.0562523743415159e-07,16,3.368302735728979e-06,3.368302735728979e-06,16
8.866005744354086e-08,2.5766635587328186e-06,8116,8,5f137a239e0a6b1c8568edc2557a08cbc06ac9cb9a8c33bcf157053b80d91715,131072,seaquest,129984,389952,202608056104,8,393216,32,768,3264,0.1,16,1.039867085310735e-07,16,3.284124627775644e-06,3.284124627775644e-06,16
8.39151806765458e-08,9.101603133744774e-07,16304,0,5f137a239e0a6b1c8568edc2557a08cbc06ac9cb9a8c33bcf157053b80d91715,131072,seaquest,65216,195648,202608056104,27,196608,8,768,960,0.3,4,8.771183533922013e-08,4,8.151485097549304e-07,8.151485097549304e-07,4
8.597604111885339e-08,9.446023239326916e-07,16296,8,5f137a239e0a6b1c8568edc2557a08cbc06ac9cb9a8c33bcf157053b80d91715,131072,seaquest,65216,195648,202608056104,27,196608,8,768,960,0.3,4,8.937917979532411e-08,4,8.358496649689315e-07,8.358496649689315e-07,4
1.7687209623959842e-06,6.347963982282139e-05,8124,0,5f137a239e0a6b1c8568edc2557a08cbc06ac9cb9a8c33bcf157053b80d91715,131072,seaquest,129984,389952,202608056104,27,393216,32,768,3264,0.3,16,1.9174455677046762e-06,16,6.995336446836886e-05,6.995336446836886e-05,16
1.7588925012486698e-06,6.330143937793122e-05,8116,8,5f137a239e0a6b1c8568edc2557a08cbc06ac9cb9a8c33bcf157053b80d91715,131072,seaquest,129984,389952,202608056104,27,393216,32,768,3264,0.3,16,1.9044494115480523e-06,16,6.971039688966676e-05,6.971039688966676e-05,16
6.738516927350723e-08,2.723955029785383e-07,16304,0,5f137a239e0a6b1c8568edc2557a08cbc06ac9cb9a8c33bcf157053b80d91715,131072,seaquest,65216,195648,202608056104,44,196608,8,768,960,0.5,4,7.766663976149187e-08,4,4.0016096483676803e-07,4.0016096483676803e-07,4
6.992900901518951e-08,2.8006053656582655e-07,16296,8,5f137a239e0a6b1c8568edc2557a08cbc06ac9cb9a8c33bcf157053b80d91715,131072,seaquest,65216,195648,202608056104,44,196608,8,768,960,0.5,4,8.006104474730904e-08,4,4.120336725932671e-07,4.120336725932671e-07,4
1.7807954108322343e-06,7.37434863264407e-05,10832,0,5f137a239e0a6b1c8568edc2557a08cbc06ac9cb9a8c33bcf157053b80d91715,131072,seaquest,43328,389952,202608056104,44,393216,32,768,3264,0.5,4,2.8076341650216114e-06,16,0.00010124075852730313,7.930240151365566e-05,4
1.7910420087518794e-06,7.441294166762551e-05,10824,8,5f137a239e0a6b1c8568edc2557a08cbc06ac9cb9a8c33bcf157053b80d91715,131072,seaquest,43328,389952,202608056104,44,393216,32,768,3264,0.5,4,2.77636252639868e-06,16,0.00010036885284027892,7.981892035859062e-05,4
6.738516927350723e-08,2.723955029785383e-07,16304,0,5f137a239e0a6b1c8568edc2557a08cbc06ac9cb9a8c33bcf157053b80d91715,131072,seaquest,65216,195648,202608056104,63,196608,8,768,960,0.7,4,7.766663976149187e-08,4,4.0016096483676803e-07,2.11197570116606e-05,1
6.992900901518951e-08,2.8006053656582655e-07,16296,8,5f137a239e0a6b1c8568edc2557a08cbc06ac9cb9a8c33bcf157053b80d91715,131072,seaquest,65216,195648,202608056104,63,196608,8,768,960,0.7,4,8.006104474730904e-08,4,4.120336725932671e-07,2.172024619859471e-05,1
1.7807954108322343e-06,7.37434863264407e-05,10832,0,5f137a239e0a6b1c8568edc2557a08cbc06ac9cb9a8c33bcf157053b80d91715,131072,seaquest,43328,389952,202608056104,63,393216,32,768,3264,0.7,4,3.703919944539484e-06,16,0.00013621324486555905,7.930240151365566e-05,4
1.7910420087518794e-06,7.441294166762551e-05,10824,8,5f137a239e0a6b1c8568edc2557a08cbc06ac9cb9a8c33bcf157053b80d91715,131072,seaquest,43328,389952,202608056104,63,393216,32,768,3264,0.7,4,3.6683292116793076e-06,16,0.00013518959204717826,7.981892035859062e-05,4
4.96300179362349e-07,1.9175284838920153e-05,21738,0,5f137a239e0a6b1c8568edc2557a08cbc06ac9cb9a8c33bcf157053b80d91715,131072,seaquest,21738,195642,202608056104,89,196608,8,768,960,0.9,1,7.766663976149187e-08,4,4.0016096483676803e-07,2.11197570116606e-05,1
5.086367973435704e-07,1.967994074086898e-05,21730,8,5f137a239e0a6b1c8568edc2557a08cbc06ac9cb9a8c33bcf157053b80d91715,131072,seaquest,21738,195642,202608056104,89,196608,8,768,960,0.9,1,8.006104474730904e-08,4,4.120336725932671e-07,2.172024619859471e-05,1
1.0423283930083693e-06,4.1152732781557386e-05,11816,0,5f137a239e0a6b1c8568edc2557a08cbc06ac9cb9a8c33bcf157053b80d91715,131072,seaquest,11816,389928,202608056104,89,393216,32,768,3264,0.9,1,3.661110186683306e-06,16,0.00013379226206875662,3.9182199409358877e-05,1
1.0268429910338225e-06,4.05766558912067e-05,11808,8,5f137a239e0a6b1c8568edc2557a08cbc06ac9cb9a8c33bcf157053b80d91715,131072,seaquest,11816,389928,202608056104,89,393216,32,768,3264,0.9,1,3.632397590253927e-06,16,0.0001331039469026772,3.8230268535105385e-05,1
4.96300179362349e-07,1.9175284838920153e-05,21738,0,5f137a239e0a6b1c8568edc2557a08cbc06ac9cb9a8c33bcf157053b80d91715,131072,seaquest,21738,195642,202608056104,96,196608,8,768,960,1.0,1,7.766663976149187e-08,4,4.0016096483676803e-07,2.11197570116606e-05,1
5.086367973435704e-07,1.967994074086898e-05,21730,8,5f137a239e0a6b1c8568edc2557a08cbc06ac9cb9a8c33bcf157053b80d91715,131072,seaquest,21738,195642,202608056104,96,196608,8,768,960,1.0,1,8.006104474730904e-08,4,4.120336725932671e-07,2.172024619859471e-05,1
1.0423283930083693e-06,4.1152732781557386e-05,11816,0,5f137a239e0a6b1c8568edc2557a08cbc06ac9cb9a8c33bcf157053b80d91715,131072,seaquest,11816,389928,202608056104,96,393216,32,768,3264,1.0,1,4.174762213446031e-06,16,0.00015221497387652195,3.9182199409358877e-05,1
1.0268429910338225e-06,4.05766558912067e-05,11808,8,5f137a239e0a6b1c8568edc2557a08cbc06ac9cb9a8c33bcf157053b80d91715,131072,seaquest,11816,389928,202608056104,96,393216,32,768,3264,1.0,1,4.136982688785222e-06,16,0.00015124757757556382,3.8230268535105385e-05,1
3.611355289139e-08,1.25159339937246e-07,8144,0,5f137a239e0a6b1c8568edc2557a08cbc06ac9cb9a8c33bcf157053b80d91715,131072,seaquest,130304,195456,202608056105,0,196608,8,768,960,0.0,16,3.398152339019406e-08,4,5.058406216978621e-07,1.1851182115082974e-07,16
3.6246814987725895e-08,1.2706108982122886e-07,8136,8,5f137a239e0a6b1c8568edc2557a08cbc06ac9cb9a8c33bcf157053b80d91715,131072,seaquest,130304,195456,202608056105,0,196608,8,768,960,0.0,16,3.354078170781115e-08,4,4.737426998833369e-07,1.196489585858902e-07,16
3.624028327243168e-08,1.2790118535934405e-07,8124,0,5f137a239e0a6b1c8568edc2557a08cbc06ac9cb9a8c33bcf157053b80d91715,131072,seaquest,129984,389952,202608056105,0,393216,32,768,3264,0.0,16,3.516023696856307e-08,16,1.1851182115082974e-07,1.1851182115082974e-07,16
3.637381725817509e-08,1.2972939821424091e-07,8116,8,5f137a239e0a6b1c8568edc2557a08cbc06ac9cb9a8c33bcf157053b80d91715,131072,seaquest,129984,389952,202608056105,0,393216,32,768,3264,0.0,16,3.5380344010549074e-08,16,1.196489585858902e-07,1.196489585858902e-07,16
6.055671586293212e-08,1.0743975026392438e-06,8144,0,5f137a239e0a6b1c8568edc2557a08cbc06ac9cb9a8c33bcf157053b80d91715,131072,seaquest,130304,195456,202608056105,9,196608,8,768,960,0.1,16,3.3309422656191904e-08,4,2.0924677318211432e-07,9.99285409573242e-07,16
6.097970045192584e-08,1.0952193365603944e-06,8136,8,5f137a239e0a6b1c8568edc2557a08cbc06ac9cb9a8c33bcf157053b80d91715,131072,seaquest,130304,195456,202608056105,9,196608,8,768,960,0.1,16,3.277851256645443e-08,4,2.0582881050590142e-07,1.0178525297288605e-06,16
6.141195194921645e-08,1.098823227669782e-06,8124,0,5f137a239e0a6b1c8568edc2557a08cbc06ac9cb9a8c33bcf157053b80d91715,131072,seaquest,129984,389952,202608056105,9,393216,32,768,3264,0.1,16,5.75961200484732e-08,16,9.99285409573242e-07,9.99285409573242e-07,16
6.170761698362222e-08,1.113706319085408e-06,8116,8,5f137a239e0a6b1c8568edc2557a08cbc06ac9cb9a8c33bcf157053b80d91715,131072,seaquest,129984,389952,202608056105,9,393216,32,768,3264,0.1,16,5.8067531048816706e-08,16,1.0178525297288605e-06,1.0178525297288605e-06,16
1.3236265982397754e-07,3.626316382921277e-06,16304,0,5f137a239e0a6b1c8568edc2557a08cbc06ac9cb9a8c33bcf157053b80d91715,131072,seaquest,65216,195648,202608056105,34,196608,8,768,960,0.3,4,1.275373129085788e-07,4,3.556180994473098e-06,3.556180994473098e-06,4
1.3115348339373375e-07,3.566960288639214e-06,16296,8,5f137a239e0a6b1c8568edc2557a08cbc06ac9cb9a8c33bcf157053b80d91715,131072,seaquest,65216,195648,202608056105,34,196608,8,768,960,0.3,4,1.261793345469885e-07,4,3.4814353208025943e-06,3.4814353208025943e-06,4
6.690340706977216e-08,3.636144529897805e-07,10832,0,5f137a239e0a6b1c8568edc2557a08cbc06ac9cb9a8c33bcf157053b80d91715,131072,seaquest,43328,389952,202608056105,34,393216,32,768,3264,0.3,4,8.419638891791007e-07,16,3.202638332848433e-05,3.202638332848433e-05,16
6.623209505337689e-08,3.649963763513442e-07,10824,8,5f137a239e0a6b1c8568edc2557a08cbc06ac9cb9a8c33bcf157053b80d91715,131072,seaquest,43328,389952,202608056105,34,393216,32,768,3264,0.3,4,8.484374008956755e-07,16,3.240202357703553e-05,3.240202357703553e-05,16
6.088344385908613e-08,7.111854035103888e-07,16304,0,5f137a239e0a6b1c8568edc2557a08cbc06ac9cb9a8c33bcf157053b80d91715,131072,seaquest,65216,195648,202608056105,44,196608,8,768,960,0.5,4,5.4904111978391696e-08,4,6.896537173465615e-07,6.896537173465615e-07,4
6.200674942211986e-08,6.803709141120076e-07,16296,8,5f137a239e0a6b1c8568edc2557a08cbc06ac9cb9a8c33bcf157053b80d91715,131072,seaquest,65216,195648,202608056105,44,196608,8,768,960,0.5,4,5.5991185260751295e-08,4,6.421572737471565e-07,6.421572737471565e-07,4
5.265067946610451e-08,4.0042052536790805e-07,10832,0,5f137a239e0a6b1c8568edc2557a08cbc06ac9cb9a8c33bcf157053b80d91715,131072,seaquest,43328,389952,202608056105,44,393216,32,768,3264,0.5,4,1.3777671300765446e-06,16,5.181137766804404e-05,6.503631047959202e-07,4
5.141456120484517e-08,4.3191293839391894e-07,10824,8,5f137a239e0a6b1c8568edc2557a08cbc06ac9cb9a8c33bcf157053b80d91715,131072,seaquest,43328,389952,202608056105,44,393216,32,768,3264,0.5,4,1.386750908885873e-06,16,5.2516077535107075e-05,6.869431811832471e-07,4
1.584350659655818e-07,1.63963954670002e-06,21738,0,5f137a239e0a6b1c8568edc2557a08cbc06ac9cb9a8c33bcf157053b80d91715,131072,seaquest,21738,195642,202608056105,68,196608,8,768,960,0.7,1,2.4371443109541475e-07,4,8.965737105592773e-07,1.1600897229405129e-06,1
1.5743408774140156e-07,1.6128803626554012e-06,21730,8,5f137a239e0a6b1c8568edc2557a08cbc06ac9cb9a8c33bcf157053b80d91715,131072,seaquest,21738,195642,202608056105,68,196608,8,768,960,0.7,1,2.5691260716871845e-07,4,9.018602570408027e-07,1.1543572442439766e-06,1
7.048908371125344e-07,2.924737019476885e-05,10832,0,5f137a239e0a6b1c8568edc2557a08cbc06ac9cb9a8c33bcf157053b80d91715,131072,seaquest,43328,389952,202608056105,68,393216,32,768,3264,0.7,4,1.8282836055885099e-06,16,7.223312004843744e-05,3.080519991696693e-05,4
7.062651039941068e-07,2.9564004341696436e-05,10824,8,5f137a239e0a6b1c8568edc2557a08cbc06ac9cb9a8c33bcf157053b80d91715,131072,seaquest,43328,389952,202608056105,68,393216,32,768,3264,0.7,4,1.8393263415223977e-06,16,7.315980122879454e-05,3.0852638489337914e-05,4
1.584350659655818e-07,1.63963954670002e-06,21738,0,5f137a239e0a6b1c8568edc2557a08cbc06ac9cb9a8c33bcf157053b80d91715,131072,seaquest,21738,195642,202608056105,86,196608,8,768,960,0.9,1,2.4371443109541475e-07,4,8.965737105592773e-07,1.1600897229405129e-06,1
1.5743408774140156e-07,1.6128803626554012e-06,21730,8,5f137a239e0a6b1c8568edc2557a08cbc06ac9cb9a8c33bcf157053b80d91715,131072,seaquest,21738,195642,202608056105,86,196608,8,768,960,0.9,1,2.5691260716871845e-07,4,9.018602570408027e-07,1.1543572442439766e-06,1
1.2569144632958636e-06,5.569366425398905e-05,11816,0,5f137a239e0a6b1c8568edc2557a08cbc06ac9cb9a8c33bcf157053b80d91715,131072,seaquest,11816,389928,202608056105,86,393216,32,768,3264,0.9,1,1.9855973631285664e-06,16,7.715175565572337e-05,5.243389257503302e-05,1
1.2921894867733757e-06,5.7010124656613765e-05,11808,8,5f137a239e0a6b1c8568edc2557a08cbc06ac9cb9a8c33bcf157053b80d91715,131072,seaquest,11816,389928,202608056105,86,393216,32,768,3264,0.9,1,1.9936287636707346e-06,16,7.805825072999099e-05,5.3481640350068054e-05,1
1.584350659655818e-07,1.63963954670002e-06,21738,0,5f137a239e0a6b1c8568edc2557a08cbc06ac9cb9a8c33bcf157053b80d91715,131072,seaquest,21738,195642,202608056105,96,196608,8,768,960,1.0,1,2.4371443109541475e-07,4,8.965737105592773e-07,1.1600897229405129e-06,1
1.5743408774140156e-07,1.6128803626554012e-06,21730,8,5f137a239e0a6b1c8568edc2557a08cbc06ac9cb9a8c33bcf157053b80d91715,131072,seaquest,21738,195642,202608056105,96,196608,8,768,960,1.0,1,2.5691260716871845e-07,4,9.018602570408027e-07,1.1543572442439766e-06,1
1.2569144632958636e-06,5.569366425398905e-05,11816,0,5f137a239e0a6b1c8568edc2557a08cbc06ac9cb9a8c33bcf157053b80d91715,131072,seaquest,11816,389928,202608056105,96,393216,32,768,3264,1.0,1,2.151479172113067e-06,16,8.322047976509085e-05,5.243389257503302e-05,1
1.2921894867733757e-06,5.7010124656613765e-05,11808,8,5f137a239e0a6b1c8568edc2557a08cbc06ac9cb9a8c33bcf157053b80d91715,131072,seaquest,11816,389928,202608056105,96,393216,32,768,3264,1.0,1,2.1604942100124707e-06,16,8.427503377899364e-05,5.3481640350068054e-05,1
1.4432268668627469e-08,2.001619208756373e-07,8144,0,5f137a239e0a6b1c8568edc2557a08cbc06ac9cb9a8c33bcf157053b80d91715,131072,seaquest,130304,195456,202608056106,1,196608,8,768,960,0.0,16,2.3812047524235523e-07,4,9.326793767847011e-06,2.5873002401319203e-07,16
1.4389067073282894e-08,2.0581590879220266e-07,8136,8,5f137a239e0a6b1c8568edc2557a08cbc06ac9cb9a8c33bcf157053b80d91715,131072,seaquest,130304,195456,202608056106,1,196608,8,768,960,0.0,16,2.387900520309646e-07,4,9.363746336819108e-06,2.569264795924611e-07,16
1.3854208904477778e-08,1.8376989766891715e-07,8124,0,5f137a239e0a6b1c8568edc2557a08cbc06ac9cb9a8c33bcf157053b80d91715,131072,seaquest,129984,389952,202608056106,1,393216,32,768,3264,0.0,16,1.6161199987452596e-08,16,2.5873002401319203e-07,2.5873002401319203e-07,16
1.3833424668628767e-08,1.8996138157714027e-07,8116,8,5f137a239e0a6b1c8568edc2557a08cbc06ac9cb9a8c33bcf157053b80d91715,131072,seaquest,129984,389952,202608056106,1,393216,32,768,3264,0.0,16,1.6041801180721393e-08,16,2.569264795924611e-07,2.569264795924611e-07,16
2.3101173205727296e-07,9.715361419911415e-06,8144,0,5f137a239e0a6b1c8568edc2557a08cbc06ac9cb9a8c33bcf157053b80d91715,131072,seaquest,130304,195456,202608056106,9,196608,8,768,960,0.1,16,2.6061954479469584e-07,4,9.355161455456385e-06,9.948880724811549e-06,16
2.3054067534124394e-07,9.68798318805424e-06,8136,8,5f137a239e0a6b1c8568edc2557a08cbc06ac9cb9a8c33bcf157053b80d91715,131072,seaquest,130304,195456,202608056106,9,196608,8,768,960,0.1,16,2.553127852411391e-07,4,9.080714158230706e-06,9.883871856615967e-06,16
2.3006741883659827e-07,9.668240591651141e-06,8124,0,5f137a239e0a6b1c8568edc2557a08cbc06ac9cb9a8c33bcf157053b80d91715,131072,seaquest,129984,389952,202608056106,9,393216,32,768,3264,0.1,16,2.3601263730947348e-07,16,9.948880724811549e-06,9.948880724811549e-06,16
2.2993537806873743e-07,9.655258539747608e-06,8116,8,5f137a239e0a6b1c8568edc2557a08cbc06ac9cb9a8c33bcf157053b80d91715,131072,seaquest,129984,389952,202608056106,9,393216,32,768,3264,0.1,16,2.3471928459752584e-07,16,9.883871856615967e-06,9.883871856615967e-06,16
1.6441704417728054e-07,9.101791755573367e-07,16304,0,5f137a239e0a6b1c8568edc2557a08cbc06ac9cb9a8c33bcf157053b80d91715,131072,seaquest,65216,195648,202608056106,32,196608,8,768,960,0.3,4,1.6703413655450864e-07,4,1.0229565042939513e-06,1.0229565042939513e-06,4
1.6243474688337324e-07,8.320658449169175e-07,16296,8,5f137a239e0a6b1c8568edc2557a08cbc06ac9cb9a8c33bcf157053b80d91715,131072,seaquest,65216,195648,202608056106,32,196608,8,768,960,0.3,4,1.6514647049642608e-07,4,9.46391909046192e-07,9.46391909046192e-07,4
3.110734895695458e-07,5.942496575213392e-06,10832,0,5f137a239e0a6b1c8568edc2557a08cbc06ac9cb9a8c33bcf157053b80d91715,131072,seaquest,43328,389952,202608056106,32,393216,32,768,3264,0.3,4,2.5734136736457286e-07,16,1.1178537081297447e-05,1.1178537081297447e-05,16
3.1043883505198313e-07,6.131357430808865e-06,10824,8,5f137a239e0a6b1c8568edc2557a08cbc06ac9cb9a8c33bcf157053b80d91715,131072,seaquest,43328,389952,202608056106,32,393216,32,768,3264,0.3,4,2.559997595789689e-07,16,1.1132175838238162e-05,1.1132175838238162e-05,16
5.6245470341036875e-08,1.0339563556421174e-06,16304,0,5f137a239e0a6b1c8568edc2557a08cbc06ac9cb9a8c33bcf157053b80d91715,131072,seaquest,65216,195648,202608056106,50,196608,8,768,960,0.5,4,5.4917038827914587e-08,4,8.578895380036777e-07,8.578895380036777e-07,4
5.363736183544315e-08,9.43346879478168e-07,16296,8,5f137a239e0a6b1c8568edc2557a08cbc06ac9cb9a8c33bcf157053b80d91715,131072,seaquest,65216,195648,202608056106,50,196608,8,768,960,0.5,4,5.2938934982313374e-08,4,7.83873657153911e-07,7.83873657153911e-07,4
2.068612441032029e-07,4.3189651340075365e-06,10832,0,5f137a239e0a6b1c8568edc2557a08cbc06ac9cb9a8c33bcf157053b80d91715,131072,seaquest,43328,389952,202608056106,50,393216,32,768,3264,0.5,4,5.295505762975237e-07,16,2.2955104688852774e-05,2.9663473885656057e-06,4
2.1001378994265724e-07,4.541578285860977e-06,10824,8,5f137a239e0a6b1c8568edc2557a08cbc06ac9cb9a8c33bcf157053b80d91715,131072,seaquest,43328,389952,202608056106,50,393216,32,768,3264,0.5,4,5.285805029562245e-07,16,2.292757625160286e-05,3.2169468286678665e-06,4
2.4655268205415583e-07,9.615481601055822e-06,21738,0,5f137a239e0a6b1c8568edc2557a08cbc06ac9cb9a8c33bcf157053b80d91715,131072,seaquest,21738,195642,202608056106,65,196608,8,768,960,0.7,1,2.568155982946009e-07,4,2.8462455178629447e-06,8.67513130134376e-06,1
2.6614537640789474e-07,1.0567363500840934e-05,21730,8,5f137a239e0a6b1c8568edc2557a08cbc06ac9cb9a8c33bcf157053b80d91715,131072,seaquest,21738,195642,202608056106,65,196608,8,768,960,0.7,1,2.634211068051851e-07,4,3.3168979949716866e-06,9.534970950645538e-06,1
4.5748117451211936e-07,3.5231208666136926e-06,10832,0,5f137a239e0a6b1c8568edc2557a08cbc06ac9cb9a8c33bcf157053b80d91715,131072,seaquest,43328,389952,202608056106,65,393216,32,768,3264,0.7,4,1.2148173893584443e-06,16,5.260215871144492e-05,2.545553443371615e-06,4
4.517441462439961e-07,3.7384021633224883e-06,10824,8,5f137a239e0a6b1c8568edc2557a08cbc06ac9cb9a8c33bcf157053b80d91715,131072,seaquest,43328,389952,202608056106,65,393216,32,768,3264,0.7,4,1.2208179493826243e-06,16,5.278714506222694e-05,2.719656574370393e-06,4
2.4655268205415583e-07,9.615481601055822e-06,21738,0,5f137a239e0a6b1c8568edc2557a08cbc06ac9cb9a8c33bcf157053b80d91715,131072,seaquest,21738,195642,202608056106,79,196608,8,768,960,0.9,1,2.6223326282390086e-07,4,4.317484495478268e-06,8.67513130134376e-06,1
2.6614537640789474e-07,1.0567363500840934e-05,21730,8,5f137a239e0a6b1c8568edc2557a08cbc06ac9cb9a8c33bcf157053b80d91715,131072,seaquest,21738,195642,202608056106,79,196608,8,768,960,0.9,1,2.690648504170454e-07,4,4.779655938660446e-06,9.534970950645538e-06,1
3.9232543125359316e-07,5.450991203585255e-06,10832,0,5f137a239e0a6b1c8568edc2557a08cbc06ac9cb9a8c33bcf157053b80d91715,131072,seaquest,43328,389952,202608056106,79,393216,32,768,3264,0.9,4,8.020821632654184e-07,16,3.4885998979969834e-05,3.643647396615523e-06,1
3.911125466883886e-07,5.680404785706165e-06,10824,8,5f137a239e0a6b1c8568edc2557a08cbc06ac9cb9a8c33bcf157053b80d91715,131072,seaquest,43328,389952,202608056106,79,393216,32,768,3264,0.9,4,8.118813251232236e-07,16,3.5240682001633134e-05,3.384804939124276e-06,1
2.4655268205415583e-07,9.615481601055822e-06,21738,0,5f137a239e0a6b1c8568edc2557a08cbc06ac9cb9a8c33bcf157053b80d91715,131072,seaquest,21738,195642,202608056106,96,196608,8,768,960,1.0,1,2.568155982946009e-07,4,2.8462455178629447e-06,8.67513130134376e-06,1
2.6614537640789474e-07,1.0567363500840934e-05,21730,8,5f137a239e0a6b1c8568edc2557a08cbc06ac9cb9a8c33bcf157053b80d91715,131072,seaquest,21738,195642,202608056106,96,196608,8,768,960,1.0,1,2.634211068051851e-07,4,3.3168979949716866e-06,9.534970950645538e-06,1
8.680718253643609e-07,3.781148400434821e-06,11816,0,5f137a239e0a6b1c8568edc2557a08cbc06ac9cb9a8c33bcf157053b80d91715,131072,seaquest,11816,389928,202608056106,96,393216,32,768,3264,1.0,1,1.285981451188576e-06,16,5.5966684673968385e-05,3.643647396615523e-06,1
8.505428466177539e-07,3.5540758624665156e-06,11808,8,5f137a239e0a6b1c8568edc2557a08cbc06ac9cb9a8c33bcf157053b80d91715,131072,seaquest,11816,389928,202608056106,96,393216,32,768,3264,1.0,1,1.29629167358994e-06,16,5.629980303566174e-05,3.384804939124276e-06,1
8.734057468464362e-08,3.3569406150762326e-06,8144,0,5f137a239e0a6b1c8568edc2557a08cbc06ac9cb9a8c33bcf157053b80d91715,131072,seaquest,130304,195456,202608056107,0,196608,8,768,960,0.0,16,6.697779691875634e-08,4,2.250563525677716e-06,3.63150724054684e-06,16
8.663911341390815e-08,3.3355149664479842e-06,8136,8,5f137a239e0a6b1c8568edc2557a08cbc06ac9cb9a8c33bcf157053b80d91715,131072,seaquest,130304,195456,202608056107,0,196608,8,768,960,0.0,16,6.567550538993527e-08,4,2.2065618631922e-06,3.6143333006773447e-06,16
8.322950685446512e-08,3.210968927636e-06,8124,0,5f137a239e0a6b1c8568edc2557a08cbc06ac9cb9a8c33bcf157053b80d91715,131072,seaquest,129984,389952,202608056107,0,393216,32,768,3264,0.0,16,9.511574425021596e-08,16,3.63150724054684e-06,3.63150724054684e-06,16
8.254731320925972e-08,3.1887540918256e-06,8116,8,5f137a239e0a6b1c8568edc2557a08cbc06ac9cb9a8c33bcf157053b80d91715,131072,seaquest,129984,389952,202608056107,0,393216,32,768,3264,0.0,16,9.471990940665263e-08,16,3.6143333006773447e-06,3.6143333006773447e-06,16
4.75668603323364e-08,1.2241119274790067e-06,16304,0,5f137a239e0a6b1c8568edc2557a08cbc06ac9cb9a8c33bcf157053b80d91715,131072,seaquest,65216,195648,202608056107,12,196608,8,768,960,0.1,4,5.846896124200999e-08,4,1.7642061062938435e-06,1.3544987054319453e-05,16
4.7572367506393193e-08,1.2387927329466264e-06,16296,8,5f137a239e0a6b1c8568edc2557a08cbc06ac9cb9a8c33bcf157053b80d91715,131072,seaquest,65216,195648,202608056107,12,196608,8,768,960,0.1,4,5.863462036441426e-08,4,1.7885919865331755e-06,1.3609425175437705e-05,16
3.2173255545805044e-07,1.3612443289849531e-05,8124,0,5f137a239e0a6b1c8568edc2557a08cbc06ac9cb9a8c33bcf157053b80d91715,131072,seaquest,129984,389952,202608056107,12,393216,32,768,3264,0.1,16,3.21729260416222e-07,16,1.3544987054319453e-05,1.3544987054319453e-05,16
3.251311181117255e-07,1.3719059689431737e-05,8116,8,5f137a239e0a6b1c8568edc2557a08cbc06ac9cb9a8c33bcf157053b80d91715,131072,seaquest,129984,389952,202608056107,12,393216,32,768,3264,0.1,16,3.243071610212738e-07,16,1.3609425175437705e-05,1.3609425175437705e-05,16
6.570240988117366e-08,2.120372679994259e-06,16304,0,5f137a239e0a6b1c8568edc2557a08cbc06ac9cb9a8c33bcf157053b80d91715,131072,seaquest,65216,195648,202608056107,27,196608,8,768,960,0.3,4,7.533011660855135e-08,4,2.6083263244595356e-06,2.6083263244595356e-06,4
6.523240581845261e-08,2.123142675545708e-06,16296,8,5f137a239e0a6b1c8568edc2557a08cbc06ac9cb9a8c33bcf157053b80d91715,131072,seaquest,65216,195648,202608056107,27,196608,8,768,960,0.3,4,7.522628595605631e-08,4,2.6269229961373373e-06,2.6269229961373373e-06,4
5.221566610721616e-07,2.0004484486052155e-05,8124,0,5f137a239e0a6b1c8568edc2557a08cbc06ac9cb9a8c33bcf157053b80d91715,131072,seaquest,129984,389952,202608056107,27,393216,32,768,3264,0.3,16,5.227526375408412e-07,16,1.968803063139446e-05,1.968803063139446e-05,16
5.286051375964317e-07,2.0168882273997093e-05,8116,8,5f137a239e0a6b1c8568edc2557a08cbc06ac9cb9a8c33bcf157053b80d91715,131072,seaquest,129984,389952,202608056107,27,393216,32,768,3264,0.3,16,5.30453108780509e-07,16,1.986894799207409e-05,1.986894799207409e-05,16
3.875373173449492e-08,4.616810455445891e-07,16304,0,5f137a239e0a6b1c8568edc2557a08cbc06ac9cb9a8c33bcf157053b80d91715,131072,seaquest,65216,195648,202608056107,54,196608,8,768,960,0.5,4,3.253242466684871e-08,4,2.720010360171085e-07,2.720010360171085e-07,4
3.765578560211244e-08,4.484858151097724e-07,16296,8,5f137a239e0a6b1c8568edc2557a08cbc06ac9cb9a8c33bcf157053b80d91715,131072,seaquest,65216,195648,202608056107,54,196608,8,768,960,0.5,4,3.137193337654407e-08,4,2.576188215751311e-07,2.576188215751311e-07,4
9.264396331410568e-08,4.852693016421475e-07,10832,0,5f137a239e0a6b1c8568edc2557a08cbc06ac9cb9a8c33bcf157053b80d91715,131072,seaquest,43328,389952,202608056107,54,393216,32,768,3264,0.5,4,4.965265937168907e-07,16,2.0060058938681888e-05,3.107935975760908e-07,4
9.502483372559841e-08,5.061725716874661e-07,10824,8,5f137a239e0a6b1c8568edc2557a08cbc06ac9cb9a8c33bcf157053b80d91715,131072,seaquest,43328,389952,202608056107,54,393216,32,768,3264,0.5,4,5.012627655228338e-07,16,2.0164697356741728e-05,3.193923225828253e-07,4
2.4319594037734555e-07,5.3619795732384635e-06,21738,0,5f137a239e0a6b1c8568edc2557a08cbc06ac9cb9a8c33bcf157053b80d91715,131072,seaquest,21738,195642,202608056107,71,196608,8,768,960,0.7,1,8.787541974480897e-07,4,3.8161394210740314e-05,5.536920910927901e-06,1
2.444252857670653e-07,5.285471364023316e-06,21730,8,5f137a239e0a6b1c8568edc2557a08cbc06ac9cb9a8c33bcf157053b80d91715,131072,seaquest,21738,195642,202608056107,71,196608,8,768,960,0.7,1,8.683397789874449e-07,4,3.765750797367599e-05,5.465457809495403e-06,1
8.180743149832241e-08,6.825620223213675e-07,10832,0,5f137a239e0a6b1c8568edc2557a08cbc06ac9cb9a8c33bcf157053b80d91715,131072,seaquest,43328,389952,202608056107,71,393216,32,768,3264,0.7,4,8.410326291903921e-07,16,3.353893866192565e-05,1.3935276241246008e-06,4
8.11358298980255e-08,6.531376909432877e-07,10824,8,5f137a239e0a6b1c8568edc2557a08cbc06ac9cb9a8c33bcf157053b80d91715,131072,seaquest,43328,389952,202608056107,71,393216,32,768,3264,0.7,4,8.530369616956198e-07,16,3.385569396393492e-05,1.3318619630716195e-06,4
2.4319594037734555e-07,5.3619795732384635e-06,21738,0,5f137a239e0a6b1c8568edc2557a08cbc06ac9cb9a8c33bcf157053b80d91715,131072,seaquest,21738,195642,202608056107,88,196608,8,768,960,0.9,1,4.263676408639211e-07,4,1.842406490873222e-05,5.536920910927901e-06,1
2.444252857670653e-07,5.285471364023316e-06,21730,8,5f137a239e0a6b1c8568edc2557a08cbc06ac9cb9a8c33bcf157053b80d91715,131072,seaquest,21738,195642,202608056107,88,196608,8,768,960,0.9,1,4.256710524619883e-07,4,1.83947422566627e-05,5.465457809495403e-06,1
3.960166264679717e-07,1.7022722834384684e-05,11816,0,5f137a239e0a6b1c8568edc2557a08cbc06ac9cb9a8c33bcf157053b80d91715,131072,seaquest,11816,389928,202608056107,88,393216,32,768,3264,0.9,1,9.942783692912437e-07,16,3.8798173208140115e-05,2.240454781682234e-05,1
3.936550500919837e-07,1.6934804274135542e-05,11808,8,5f137a239e0a6b1c8568edc2557a08cbc06ac9cb9a8c33bcf157053b80d91715,131072,seaquest,11816,389928,202608056107,88,393216,32,768,3264,0.9,1,9.98318322605952e-07,16,3.859878023476072e-05,2.2255714076157203e-05,1
2.4319594037734555e-07,5.3619795732384635e-06,21738,0,5f137a239e0a6b1c8568edc2557a08cbc06ac9cb9a8c33bcf157053b80d91715,131072,seaquest,21738,195642,202608056107,96,196608,8,768,960,1.0,1,8.787541974480897e-07,4,3.8161394210740314e-05,5.536920910927901e-06,1
2.444252857670653e-07,5.285471364023316e-06,21730,8,5f137a239e0a6b1c8568edc2557a08cbc06ac9cb9a8c33bcf157053b80d91715,131072,seaquest,21738,195642,202608056107,96,196608,8,768,960,1.0,1,8.683397789874449e-07,4,3.765750797367599e-05,5.465457809495403e-06,1
3.960166264679717e-07,1.7022722834384684e-05,11816,0,5f137a239e0a6b1c8568edc2557a08cbc06ac9cb9a8c33bcf157053b80d91715,131072,seaquest,11816,389928,202608056107,96,393216,32,768,3264,1.0,1,1.090574510256889e-06,16,4.1903930201148274e-05,2.240454781682234e-05,1
3.936550500919837e-07,1.6934804274135542e-05,11808,8,5f137a239e0a6b1c8568edc2557a08cbc06ac9cb9a8c33bcf157053b80d91715,131072,seaquest,11816,389928,202608056107,96,393216,32,768,3264,1.0,1,1.0968875066640974e-06,16,4.1720270513867736e-05,2.2255714076157203e-05,1
7.050769939986431e-08,2.2445811982680074e-06,8144,0,5f137a239e0a6b1c8568edc2557a08cbc06ac9cb9a8c33bcf157053b80d91715,131072,seaquest,130304,195456,202608056108,0,196608,8,768,960,0.0,16,9.426617380098647e-08,4,3.5866685656561288e-06,2.315606683751864e-06,16
7.037064751620159e-08,2.242620110885838e-06,8136,8,5f137a239e0a6b1c8568edc2557a08cbc06ac9cb9a8c33bcf157053b80d91715,131072,seaquest,130304,195456,202608056108,0,196608,8,768,960,0.0,16,9.457171957117891e-08,4,3.6018392991239513e-06,2.339023375483691e-06,16
6.9783208626891e-08,2.1974885757967123e-06,8124,0,5f137a239e0a6b1c8568edc2557a08cbc06ac9cb9a8c33bcf157053b80d91715,131072,seaquest,129984,389952,202608056108,0,393216,32,768,3264,0.0,16,7.175587427961622e-08,16,2.315606683751864e-06,2.315606683751864e-06,16
6.967678309552238e-08,2.191409675252026e-06,8116,8,5f137a239e0a6b1c8568edc2557a08cbc06ac9cb9a8c33bcf157053b80d91715,131072,seaquest,129984,389952,202608056108,0,393216,32,768,3264,0.0,16,7.216346644633879e-08,16,2.339023375483691e-06,2.339023375483691e-06,16
2.8648222096077512e-08,2.679420785758862e-07,8144,0,5f137a239e0a6b1c8568edc2557a08cbc06ac9cb9a8c33bcf157053b80d91715,131072,seaquest,130304,195456,202608056108,8,196608,8,768,960,0.1,16,9.426617380098647e-08,4,3.5866685656561288e-06,2.9799026837316333e-07,16
2.8770306165936524e-08,2.699769626247569e-07,8136,8,5f137a239e0a6b1c8568edc2557a08cbc06ac9cb9a8c33bcf157053b80d91715,131072,seaquest,130304,195456,202608056108,8,196608,8,768,960,0.1,16,9.457171957117891e-08,4,3.6018392991239513e-06,3.0779552086623867e-07,16
2.846893881631481e-08,2.513933711766925e-07,8124,0,5f137a239e0a6b1c8568edc2557a08cbc06ac9cb9a8c33bcf157053b80d91715,131072,seaquest,129984,389952,202608056108,8,393216,32,768,3264,0.1,16,2.9173089023436966e-08,16,2.9799026837316333e-07,2.9799026837316333e-07,16
2.8671078049585488e-08,2.524436852185824e-07,8116,8,5f137a239e0a6b1c8568edc2557a08cbc06ac9cb9a8c33bcf157053b80d91715,131072,seaquest,129984,389952,202608056108,8,393216,32,768,3264,0.1,16,2.9441759714428764e-08,16,3.0779552086623867e-07,3.0779552086623867e-07,16
3.275072412877786e-07,1.2547572600137714e-05,16304,0,5f137a239e0a6b1c8568edc2557a08cbc06ac9cb9a8c33bcf157053b80d91715,131072,seaquest,65216,195648,202608056108,35,196608,8,768,960,0.3,4,2.5846310547325646e-07,4,9.737249386688746e-06,9.737249386688746e-06,4
3.386141985890014e-07,1.3072662621925663e-05,16296,8,5f137a239e0a6b1c8568edc2557a08cbc06ac9cb9a8c33bcf157053b80d91715,131072,seaquest,65216,195648,202608056108,35,196608,8,768,960,0.3,4,2.695004166122016e-07,4,1.02522365960404e-05,1.02522365960404e-05,4
2.7292544793748055e-07,9.04491431433715e-06,10832,0,5f137a239e0a6b1c8568edc2557a08cbc06ac9cb9a8c33bcf157053b80d91715,131072,seaquest,43328,389952,202608056108,35,393216,32,768,3264,0.3,4,1.9171657274330977e-07,16,3.027266884607804e-06,3.027266884607804e-06,16
2.7909222701623267e-07,9.203687078016338e-06,10824,8,5f137a239e0a6b1c8568edc2557a08cbc06ac9cb9a8c33bcf157053b80d91715,131072,seaquest,43328,389952,202608056108,35,393216,32,768,3264,0.3,4,1.921114279916981e-07,16,2.938695730962444e-06,2.938695730962444e-06,16
3.8629052502368495e-07,1.2544750067004115e-05,16304,0,5f137a239e0a6b1c8568edc2557a08cbc06ac9cb9a8c33bcf157053b80d91715,131072,seaquest,65216,195648,202608056108,55,196608,8,768,960,0.5,4,3.4577109974470154e-07,4,1.0683130294538828e-05,1.0683130294538828e-05,4
3.9543586253685035e-07,1.3020910962502869e-05,16296,8,5f137a239e0a6b1c8568edc2557a08cbc06ac9cb9a8c33bcf157053b80d91715,131072,seaquest,65216,195648,202608056108,55,196608,8,768,960,0.5,4,3.5523765268885934e-07,4,1.1194420530062646e-05,1.1194420530062646e-05,4
2.7720733520352576e-07,8.200160083295914e-06,10832,0,5f137a239e0a6b1c8568edc2557a08cbc06ac9cb9a8c33bcf157053b80d91715,131072,seaquest,43328,389952,202608056108,55,393216,32,768,3264,0.5,4,4.0356202218380194e-07,16,9.008816308088127e-06,8.102929972390712e-06,4
2.87724658827779e-07,8.566765338295237e-06,10824,8,5f137a239e0a6b1c8568edc2557a08cbc06ac9cb9a8c33bcf157053b80d91715,131072,seaquest,43328,389952,202608056108,55,393216,32,768,3264,0.5,4,4.011807888323307e-07,16,8.804792277905463e-06,8.579555426725321e-06,4
1.3079331747160625e-07,9.184279559064424e-07,21738,0,5f137a239e0a6b1c8568edc2557a08cbc06ac9cb9a8c33bcf157053b80d91715,131072,seaquest,21738,195642,202608056108,67,196608,8,768,960,0.7,1,3.4577109974470154e-07,4,1.0683130294538828e-05,9.050170957015906e-07,1
1.2730167844470768e-07,9.420506759431336e-07,21730,8,5f137a239e0a6b1c8568edc2557a08cbc06ac9cb9a8c33bcf157053b80d91715,131072,seaquest,21738,195642,202608056108,67,196608,8,768,960,0.7,1,3.5523765268885934e-07,4,1.1194420530062646e-05,8.998493470330803e-07,1
2.7720733520352576e-07,8.200160083295914e-06,10832,0,5f137a239e0a6b1c8568edc2557a08cbc06ac9cb9a8c33bcf157053b80d91715,131072,seaquest,43328,389952,202608056108,67,393216,32,768,3264,0.7,4,4.754040713801397e-07,16,1.162609753049732e-05,8.102929972390712e-06,4
2.87724658827779e-07,8.566765338295237e-06,10824,8,5f137a239e0a6b1c8568edc2557a08cbc06ac9cb9a8c33bcf157053b80d91715,131072,seaquest,43328,389952,202608056108,67,393216,32,768,3264,0.7,4,4.720808196707736e-07,16,1.137269467079607e-05,8.579555426725321e-06,4
1.3079331747160625e-07,9.184279559064424e-07,21738,0,5f137a239e0a6b1c8568edc2557a08cbc06ac9cb9a8c33bcf157053b80d91715,131072,seaquest,21738,195642,202608056108,83,196608,8,768,960,0.9,1,7.181619699566193e-07,4,2.5603369271626822e-05,9.050170957015906e-07,1
1.2730167844470768e-07,9.420506759431336e-07,21730,8,5f137a239e0a6b1c8568edc2557a08cbc06ac9cb9a8c33bcf157053b80d91715,131072,seaquest,21738,195642,202608056108,83,196608,8,768,960,0.9,1,7.375544196199732e-07,4,2.66426495396464e-05,8.998493470330803e-07,1
5.959721455196872e-07,2.1969463377012412e-05,10832,0,5f137a239e0a6b1c8568edc2557a08cbc06ac9cb9a8c33bcf157053b80d91715,131072,seaquest,43328,389952,202608056108,83,393216,32,768,3264,0.9,4,6.124074515577292e-07,16,1.7175598979029994e-05,1.2156428553515512e-05,1
6.167711074013398e-07,2.28242970709691e-05,10824,8,5f137a239e0a6b1c8568edc2557a08cbc06ac9cb9a8c33bcf157053b80d91715,131072,seaquest,43328,389952,202608056108,83,393216,32,768,3264,0.9,4,6.130861538139611e-07,16,1.7072019064747748e-05,1.2987533867930266e-05,1
1.3079331747160625e-07,9.184279559064424e-07,21738,0,5f137a239e0a6b1c8568edc2557a08cbc06ac9cb9a8c33bcf157053b80d91715,131072,seaquest,21738,195642,202608056108,96,196608,8,768,960,1.0,1,7.181619699566193e-07,4,2.5603369271626822e-05,9.050170957015906e-07,1
1.2730167844470768e-07,9.420506759431336e-07,21730,8,5f137a239e0a6b1c8568edc2557a08cbc06ac9cb9a8c33bcf157053b80d91715,131072,seaquest,21738,195642,202608056108,96,196608,8,768,960,1.0,1,7.375544196199732e-07,4,2.66426495396464e-05,8.998493470330803e-07,1
4.821486543865129e-07,1.501256574267359e-05,11816,0,5f137a239e0a6b1c8568edc2557a08cbc06ac9cb9a8c33bcf157053b80d91715,131072,seaquest,11816,389928,202608056108,96,393216,32,768,3264,1.0,1,8.601907153376845e-07,16,2.634106017255363e-05,1.2156428553515512e-05,1
4.984971594716716e-07,1.5887571884248093e-05,11808,8,5f137a239e0a6b1c8568edc2557a08cbc06ac9cb9a8c33bcf157053b80d91715,131072,seaquest,11816,389928,202608056108,96,393216,32,768,3264,1.0,1,8.608698554361922e-07,16,2.6113951351605095e-05,1.2987533867930266e-05,1
1.769165205977317e-08,1.9022652914517212e-07,8144,0,5f137a239e0a6b1c8568edc2557a08cbc06ac9cb9a8c33bcf157053b80d91715,131072,seaquest,130304,195456,202608056109,0,196608,8,768,960,0.0,16,4.726364865684647e-08,4,5.765743703179568e-07,2.31040313395685e-07,16
1.7753581207290972e-08,1.902967678628306e-07,8136,8,5f137a239e0a6b1c8568edc2557a08cbc06ac9cb9a8c33bcf157053b80d91715,131072,seaquest,130304,195456,202608056109,0,196608,8,768,960,0.0,16,4.859300365492425e-08,4,6.023946393773026e-07,2.3486621419683893e-07,16
1.788112424570634e-08,1.7258619753557823e-07,8124,0,5f137a239e0a6b1c8568edc2557a08cbc06ac9cb9a8c33bcf157053b80d91715,131072,seaquest,129984,389952,202608056109,0,393216,32,768,3264,0.0,16,1.7404348691771735e-08,16,2.31040313395685e-07,2.31040313395685e-07,16
1.795526150520041e-08,1.7082367156579603e-07,8116,8,5f137a239e0a6b1c8568edc2557a08cbc06ac9cb9a8c33bcf157053b80d91715,131072,seaquest,129984,389952,202608056109,0,393216,32,768,3264,0.0,16,1.7518194411857334e-08,16,2.3486621419683893e-07,2.3486621419683893e-07,16
6.717806120901675e-08,8.896525427432103e-07,8144,0,5f137a239e0a6b1c8568edc2557a08cbc06ac9cb9a8c33bcf157053b80d91715,131072,seaquest,130304,195456,202608056109,8,196608,8,768,960,0.1,16,6.418500701693349e-08,4,2.1696471866524847e-07,1.1185858365079274e-06,16
6.498472091863215e-08,8.506552484125648e-07,8136,8,5f137a239e0a6b1c8568edc2557a08cbc06ac9cb9a8c33bcf157053b80d91715,131072,seaquest,130304,195456,202608056109,8,196608,8,768,960,0.1,16,6.562560220434416e-08,4,2.21935727840062e-07,1.0963127417847895e-06,16
6.290506353765117e-08,7.832590981462672e-07,8124,0,5f137a239e0a6b1c8568edc2557a08cbc06ac9cb9a8c33bcf157053b80d91715,131072,seaquest,129984,389952,202608056109,8,393216,32,768,3264,0.1,16,7.499520190336802e-08,16,1.1185858365079274e-06,1.1185858365079274e-06,16
6.045295187266817e-08,7.36458186697487e-07,8116,8,5f137a239e0a6b1c8568edc2557a08cbc06ac9cb9a8c33bcf157053b80d91715,131072,seaquest,129984,389952,202608056109,8,393216,32,768,3264,0.1,16,7.361151445823047e-08,16,1.0963127417847895e-06,1.0963127417847895e-06,16
2.239478388362827e-07,4.577932277945374e-06,16304,0,5f137a239e0a6b1c8568edc2557a08cbc06ac9cb9a8c33bcf157053b80d91715,131072,seaquest,65216,195648,202608056109,42,196608,8,768,960,0.3,4,2.2681938620628784e-07,4,4.32137088083342e-06,4.32137088083342e-06,4
2.2355963362219056e-07,4.491108499854977e-06,16296,8,5f137a239e0a6b1c8568edc2557a08cbc06ac9cb9a8c33bcf157053b80d91715,131072,seaquest,65216,195648,202608056109,42,196608,8,768,960,0.3,4,2.27244796922284e-07,4,4.196971797318854e-06,4.196971797318854e-06,4
1.6203147894195613e-07,4.652511518381427e-06,10832,0,5f137a239e0a6b1c8568edc2557a08cbc06ac9cb9a8c33bcf157053b80d91715,131072,seaquest,43328,389952,202608056109,42,393216,32,768,3264,0.3,4,3.4678555897664337e-07,16,8.438369317299339e-06,8.438369317299339e-06,16
1.583272604181531e-07,4.5317223169561336e-06,10824,8,5f137a239e0a6b1c8568edc2557a08cbc06ac9cb9a8c33bcf157053b80d91715,131072,seaquest,43328,389952,202608056109,42,393216,32,768,3264,0.3,4,3.365949235627502e-07,16,8.213124701949732e-06,8.213124701949732e-06,16
2.2032844852638732e-07,1.7694756529023564e-06,16304,0,5f137a239e0a6b1c8568edc2557a08cbc06ac9cb9a8c33bcf157053b80d91715,131072,seaquest,65216,195648,202608056109,44,196608,8,768,960,0.5,4,2.2932839202867545e-07,4,1.7088834647830428e-06,1.7088834647830428e-06,4
2.194831653251537e-07,1.6245424633014286e-06,16296,8,5f137a239e0a6b1c8568edc2557a08cbc06ac9cb9a8c33bcf157053b80d91715,131072,seaquest,65216,195648,202608056109,44,196608,8,768,960,0.5,4,2.3067583366727654e-07,4,1.5521459505749922e-06,1.5521459505749922e-06,4
2.40332940914831e-07,6.551416302034364e-06,10832,0,5f137a239e0a6b1c8568edc2557a08cbc06ac9cb9a8c33bcf157053b80d91715,131072,seaquest,43328,389952,202608056109,44,393216,32,768,3264,0.5,4,6.25702396711901e-07,16,2.1842938637225435e-05,3.5962290410543145e-06,4
2.22785848211725e-07,6.035000096415322e-06,10824,8,5f137a239e0a6b1c8568edc2557a08cbc06ac9cb9a8c33bcf157053b80d91715,131072,seaquest,43328,389952,202608056109,44,393216,32,768,3264,0.5,4,6.094340567913053e-07,16,2.1265535091914704e-05,3.2789201930098924e-06,4
2.4154553187417715e-07,5.436875786030985e-06,21738,0,5f137a239e0a6b1c8568edc2557a08cbc06ac9cb9a8c33bcf157053b80d91715,131072,seaquest,21738,195642,202608056109,70,196608,8,768,960,0.7,1,3.2345895416878664e-07,4,4.74881969539398e-06,5.216374761629335e-06,1
2.2789194578899954e-07,5.167848166002486e-06,21730,8,5f137a239e0a6b1c8568edc2557a08cbc06ac9cb9a8c33bcf157053b80d91715,131072,seaquest,21738,195642,202608056109,70,196608,8,768,960,0.7,1,3.1285580207466365e-07,4,3.951763653870944e-06,4.949579961585749e-06,1
3.9993237427914616e-07,1.0254399135598784e-05,10832,0,5f137a239e0a6b1c8568edc2557a08cbc06ac9cb9a8c33bcf157053b80d91715,131072,seaquest,43328,389952,202608056109,70,393216,32,768,3264,0.7,4,9.859795576230595e-07,16,2.8591037528719198e-05,5.402085162545025e-06,4
3.530524735345522e-07,8.948648557399393e-06,10824,8,5f137a239e0a6b1c8568edc2557a08cbc06ac9cb9a8c33bcf157053b80d91715,131072,seaquest,43328,389952,202608056109,70,393216,32,768,3264,0.7,4,9.409127126422365e-07,16,2.7185888550616563e-05,4.573666839363462e-06,4
4.960770690880254e-07,2.10086097792687e-05,21738,0,5f137a239e0a6b1c8568edc2557a08cbc06ac9cb9a8c33bcf157053b80d91715,131072,seaquest,21738,195642,202608056109,85,196608,8,768,960,0.9,1,3.490845655423668e-07,4,9.258315153042835e-06,2.2582637904794706e-05,1
4.891847635493026e-07,2.0672651303008482e-05,21730,8,5f137a239e0a6b1c8568edc2557a08cbc06ac9cb9a8c33bcf157053b80d91715,131072,seaquest,21738,195642,202608056109,85,196608,8,768,960,0.9,1,3.3609618889925077e-07,4,8.510983212003231e-06,2.2121417374638367e-05,1
2.9602271977220626e-07,7.793822529905748e-06,10832,0,5f137a239e0a6b1c8568edc2557a08cbc06ac9cb9a8c33bcf157053b80d91715,131072,seaquest,43328,389952,202608056109,85,393216,32,768,3264,0.9,4,1.1716539251669377e-06,16,3.389413685454769e-05,3.2900704576858404e-06,1
2.7616353885780506e-07,7.19522797893691e-06,10824,8,5f137a239e0a6b1c8568edc2557a08cbc06ac9cb9a8c33bcf157053b80d91715,131072,seaquest,43328,389952,202608056109,85,393216,32,768,3264,0.9,4,1.1144708141530272e-06,16,3.210740405235092e-05,3.3974710389051117e-06,1
2.4154553187417715e-07,5.436875786030985e-06,21738,0,5f137a239e0a6b1c8568edc2557a08cbc06ac9cb9a8c33bcf157053b80d91715,131072,seaquest,21738,195642,202608056109,96,196608,8,768,960,1.0,1,3.2345895416878664e-07,4,4.74881969539398e-06,5.216374761629335e-06,1
2.2789194578899954e-07,5.167848166002486e-06,21730,8,5f137a239e0a6b1c8568edc2557a08cbc06ac9cb9a8c33bcf157053b80d91715,131072,seaquest,21738,195642,202608056109,96,196608,8,768,960,1.0,1,3.1285580207466365e-07,4,3.951763653870944e-06,4.949579961585749e-06,1
5.414527476375609e-07,1.734872271780538e-05,11816,0,5f137a239e0a6b1c8568edc2557a08cbc06ac9cb9a8c33bcf157053b80d91715,131072,seaquest,11816,389928,202608056109,96,393216,32,768,3264,1.0,1,1.3358681388609618e-06,16,3.9730683748722e-05,2.1035251598620767e-05,1
4.91043095930162e-07,1.5087153711915539e-05,11808,8,5f137a239e0a6b1c8568edc2557a08cbc06ac9cb9a8c33bcf157053b80d91715,131072,seaquest,11816,389928,202608056109,96,393216,32,768,3264,1.0,1,1.2651639040971114e-06,16,3.7430815760874594e-05,1.8667761307375566e-05,1
2.2305336496479145e-08,4.572994591547124e-07,8144,0,5f137a239e0a6b1c8568edc2557a08cbc06ac9cb9a8c33bcf157053b80d91715,131072,seaquest,130304,195456,202608056110,0,196608,8,768,960,0.0,16,2.0228244663152226e-07,4,7.416989740986128e-06,4.006699456524895e-07,16
2.2334358541252182e-08,4.584407254517729e-07,8136,8,5f137a239e0a6b1c8568edc2557a08cbc06ac9cb9a8c33bcf157053b80d91715,131072,seaquest,130304,195456,202608056110,0,196608,8,768,960,0.0,16,2.0020838109477975e-07,4,7.359342507378797e-06,4.01836774388646e-07,16
2.2875352941474402e-08,4.878788924085324e-07,8124,0,5f137a239e0a6b1c8568edc2557a08cbc06ac9cb9a8c33bcf157053b80d91715,131072,seaquest,129984,389952,202608056110,0,393216,32,768,3264,0.0,16,2.140375284698177e-08,16,4.006699456524895e-07,4.006699456524895e-07,16
2.2818193077053e-08,4.849468975857692e-07,8116,8,5f137a239e0a6b1c8568edc2557a08cbc06ac9cb9a8c33bcf157053b80d91715,131072,seaquest,129984,389952,202608056110,0,393216,32,768,3264,0.0,16,2.142997699283385e-08,16,4.01836774388646e-07,4.01836774388646e-07,16
1.0364292826734534e-07,3.555920119886368e-06,16304,0,5f137a239e0a6b1c8568edc2557a08cbc06ac9cb9a8c33bcf157053b80d91715,131072,seaquest,65216,195648,202608056110,12,196608,8,768,960,0.1,4,1.0988712313514454e-07,4,3.9763603060041364e-06,6.424519383305876e-08,16
1.0303681875242943e-07,3.5345796151542064e-06,16296,8,5f137a239e0a6b1c8568edc2557a08cbc06ac9cb9a8c33bcf157053b80d91715,131072,seaquest,65216,195648,202608056110,12,196608,8,768,960,0.1,4,1.0953569762323969e-07,4,3.974941707987246e-06,6.454390136017476e-08,16
1.2925893090125482e-08,4.347425708439592e-08,8124,0,5f137a239e0a6b1c8568edc2557a08cbc06ac9cb9a8c33bcf157053b80d91715,131072,seaquest,129984,389952,202608056110,12,393216,32,768,3264,0.1,16,1.484719807573635e-08,16,6.424519383305876e-08,6.424519383305876e-08,16
1.2887959711927952e-08,4.2540973815223424e-08,8116,8,5f137a239e0a6b1c8568edc2557a08cbc06ac9cb9a8c33bcf157053b80d91715,131072,seaquest,129984,389952,202608056110,12,393216,32,768,3264,0.1,16,1.498071255951956e-08,16,6.454390136017476e-08,6.454390136017476e-08,16
4.3989972325947077e-07,1.8509532752049424e-05,16304,0,5f137a239e0a6b1c8568edc2557a08cbc06ac9cb9a8c33bcf157053b80d91715,131072,seaquest,65216,195648,202608056110,25,196608,8,768,960,0.3,4,4.4257259930781477e-07,4,1.880807844566469e-05,1.880807844566469e-05,4
4.4105437528980834e-07,1.8553346076008186e-05,16296,8,5f137a239e0a6b1c8568edc2557a08cbc06ac9cb9a8c33bcf157053b80d91715,131072,seaquest,65216,195648,202608056110,25,196608,8,768,960,0.3,4,4.4433681940896865e-07,4,1.8904867524521614e-05,1.8904867524521614e-05,4
8.247765562505532e-08,2.465007894042451e-06,8124,0,5f137a239e0a6b1c8568edc2557a08cbc06ac9cb9a8c33bcf157053b80d91715,131072,seaquest,129984,389952,202608056110,25,393216,32,768,3264,0.3,16,7.544703099291619e-08,16,1.9059710601668097e-06,1.9059710601668097e-06,16
8.522455403905266e-08,2.5922410433550252e-06,8116,8,5f137a239e0a6b1c8568edc2557a08cbc06ac9cb9a8c33bcf157053b80d91715,131072,seaquest,129984,389952,202608056110,25,393216,32,768,3264,0.3,16,7.637887555450334e-08,16,1.9319401593782385e-06,1.9319401593782385e-06,16
2.523929711486744e-07,1.0545100136598788e-05,16304,0,5f137a239e0a6b1c8568edc2557a08cbc06ac9cb9a8c33bcf157053b80d91715,131072,seaquest,65216,195648,202608056110,51,196608,8,768,960,0.5,4,2.8271676120186403e-07,4,1.2075358954137217e-05,1.2075358954137217e-05,4
2.587177657303781e-07,1.083615796205574e-05,16296,8,5f137a239e0a6b1c8568edc2557a08cbc06ac9cb9a8c33bcf157053b80d91715,131072,seaquest,65216,195648,202608056110,51,196608,8,768,960,0.5,4,2.907404214093945e-07,4,1.2452368026773404e-05,1.2452368026773404e-05,4
3.8371534885847055e-07,1.2192349914585096e-05,10832,0,5f137a239e0a6b1c8568edc2557a08cbc06ac9cb9a8c33bcf157053b80d91715,131072,seaquest,43328,389952,202608056110,51,393216,32,768,3264,0.5,4,1.8356163837571043e-07,16,3.613924199833704e-06,1.2221781239015293e-05,4
3.9440242441258953e-07,1.2737494828448434e-05,10824,8,5f137a239e0a6b1c8568edc2557a08cbc06ac9cb9a8c33bcf157053b80d91715,131072,seaquest,43328,389952,202608056110,51,393216,32,768,3264,0.5,4,1.9352977917735311e-07,16,3.883532456685828e-06,1.2794054551534368e-05,4
2.774400400406123e-07,1.001884573809455e-05,21738,0,5f137a239e0a6b1c8568edc2557a08cbc06ac9cb9a8c33bcf157053b80d91715,131072,seaquest,21738,195642,202608056110,64,196608,8,768,960,0.7,1,2.3449014548007943e-07,4,1.0077093988737529e-05,9.309545947826503e-06,1
2.816105713592603e-07,1.0220808194745332e-05,21730,8,5f137a239e0a6b1c8568edc2557a08cbc06ac9cb9a8c33bcf157053b80d91715,131072,seaquest,21738,195642,202608056110,64,196608,8,768,960,0.7,1,2.400733678088671e-07,4,1.0328432947950296e-05,9.55819145846062e-06,1
4.051191929704772e-07,1.0823488218328772e-05,10832,0,5f137a239e0a6b1c8568edc2557a08cbc06ac9cb9a8c33bcf157053b80d91715,131072,seaquest,43328,389952,202608056110,64,393216,32,768,3264,0.7,4,3.221694265267045e-07,16,6.798651748548191e-06,1.0966890838953821e-05,4
4.135769332795149e-07,1.1462428788118967e-05,10824,8,5f137a239e0a6b1c8568edc2557a08cbc06ac9cb9a8c33bcf157053b80d91715,131072,seaquest,43328,389952,202608056110,64,393216,32,768,3264,0.7,4,3.488684993321653e-07,16,7.514357530425867e-06,1.1588253185028281e-05,4
2.774400400406123e-07,1.001884573809455e-05,21738,0,5f137a239e0a6b1c8568edc2557a08cbc06ac9cb9a8c33bcf157053b80d91715,131072,seaquest,21738,195642,202608056110,88,196608,8,768,960,0.9,1,2.575991754123574e-07,4,1.1025488284146415e-05,9.309545947826503e-06,1
2.816105713592603e-07,1.0220808194745332e-05,21730,8,5f137a239e0a6b1c8568edc2557a08cbc06ac9cb9a8c33bcf157053b80d91715,131072,seaquest,21738,195642,202608056110,88,196608,8,768,960,0.9,1,2.6059735255108553e-07,4,1.1149595246869625e-05,9.55819145846062e-06,1
4.646966139118439e-07,1.3417159425299788e-05,11816,0,5f137a239e0a6b1c8568edc2557a08cbc06ac9cb9a8c33bcf157053b80d91715,131072,seaquest,11816,389928,202608056110,88,393216,32,768,3264,0.9,1,2.910393909506538e-07,16,5.21846224789364e-06,1.5784723640725436e-05,1
4.662974148633846e-07,1.3936033559941701e-05,11808,8,5f137a239e0a6b1c8568edc2557a08cbc06ac9cb9a8c33bcf157053b80d91715,131072,seaquest,11816,389928,202608056110,88,393216,32,768,3264,0.9,1,3.1839833178327034e-07,16,5.90458333511485e-06,1.640548516393912e-05,1
2.774400400406123e-07,1.001884573809455e-05,21738,0,5f137a239e0a6b1c8568edc2557a08cbc06ac9cb9a8c33bcf157053b80d91715,131072,seaquest,21738,195642,202608056110,96,196608,8,768,960,1.0,1,2.3449014548007943e-07,4,1.0077093988737529e-05,9.309545947826503e-06,1
2.816105713592603e-07,1.0220808194745332e-05,21730,8,5f137a239e0a6b1c8568edc2557a08cbc06ac9cb9a8c33bcf157053b80d91715,131072,seaquest,21738,195642,202608056110,96,196608,8,768,960,1.0,1,2.400733678088671e-07,4,1.0328432947950296e-05,9.55819145846062e-06,1
4.646966139118439e-07,1.3417159425299788e-05,11816,0,5f137a239e0a6b1c8568edc2557a08cbc06ac9cb9a8c33bcf157053b80d91715,131072,seaquest,11816,389928,202608056110,96,393216,32,768,3264,1.0,1,3.558763514196465e-07,16,7.254394446240915e-06,1.5784723640725436e-05,1
4.662974148633846e-07,1.3936033559941701e-05,11808,8,5f137a239e0a6b1c8568edc2557a08cbc06ac9cb9a8c33bcf157053b80d91715,131072,seaquest,11816,389928,202608056110,96,393216,32,768,3264,1.0,1,3.902208768603734e-07,16,8.166096690820458e-06,1.640548516393912e-05,1
5.139341608150045e-08,8.41968952081899e-07,8144,0,5f137a239e0a6b1c8568edc2557a08cbc06ac9cb9a8c33bcf157053b80d91715,131072,seaquest,130304,195456,202608056111,0,196608,8,768,960,0.0,16,7.380144411244149e-08,4,1.99918518254425e-06,8.076790062836552e-07,16
5.1588345891358287e-08,8.520024464558935e-07,8136,8,5f137a239e0a6b1c8568edc2557a08cbc06ac9cb9a8c33bcf157053b80d91715,131072,seaquest,130304,195456,202608056111,0,196608,8,768,960,0.0,16,7.605198881638201e-08,4,2.0722853460689257e-06,8.134805546088839e-07,16
5.175767850970147e-08,8.612905797880993e-07,8124,0,5f137a239e0a6b1c8568edc2557a08cbc06ac9cb9a8c33bcf157053b80d91715,131072,seaquest,129984,389952,202608056111,0,393216,32,768,3264,0.0,16,5.142991559093146e-08,16,8.076790062836552e-07,8.076790062836552e-07,16
5.167604617028224e-08,8.623366328486843e-07,8116,8,5f137a239e0a6b1c8568edc2557a08cbc06ac9cb9a8c33bcf157053b80d91715,131072,seaquest,129984,389952,202608056111,0,393216,32,768,3264,0.0,16,5.1390911980073826e-08,16,8.134805546088839e-07,8.134805546088839e-07,16
4.1105679686915104e-08,1.533965863741138e-07,8144,0,5f137a239e0a6b1c8568edc2557a08cbc06ac9cb9a8c33bcf157053b80d91715,131072,seaquest,130304,195456,202608056111,8,196608,8,768,960,0.1,16,7.380144411244149e-08,4,1.99918518254425e-06,1.7781026404335187e-07,16
3.998617049430442e-08,1.5156529949603075e-07,8136,8,5f137a239e0a6b1c8568edc2557a08cbc06ac9cb9a8c33bcf157053b80d91715,131072,seaquest,130304,195456,202608056111,8,196608,8,768,960,0.1,16,7.605198881638201e-08,4,2.0722853460689257e-06,1.780096653549175e-07,16
3.979599187585598e-08,1.4431008992275833e-07,8124,0,5f137a239e0a6b1c8568edc2557a08cbc06ac9cb9a8c33bcf157053b80d91715,131072,seaquest,129984,389952,202608056111,8,393216,32,768,3264,0.1,16,4.49807257414421e-08,16,1.7781026404335187e-07,1.7781026404335187e-07,16
3.840196969497211e-08,1.422618000011842e-07,8116,8,5f137a239e0a6b1c8568edc2557a08cbc06ac9cb9a8c33bcf157053b80d91715,131072,seaquest,129984,389952,202608056111,8,393216,32,768,3264,0.1,16,4.394450421660859e-08,16,1.780096653549175e-07,1.780096653549175e-07,16
4.097596767743378e-07,1.2487595918785386e-05,16304,0,5f137a239e0a6b1c8568edc2557a08cbc06ac9cb9a8c33bcf157053b80d91715,131072,seaquest,65216,195648,202608056111,31,196608,8,768,960,0.3,4,3.922197135002033e-07,4,1.1206433484480012e-05,1.1206433484480012e-05,4
4.1549328428613416e-07,1.2755638211791082e-05,16296,8,5f137a239e0a6b1c8568edc2557a08cbc06ac9cb9a8c33bcf157053b80d91715,131072,seaquest,65216,195648,202608056111,31,196608,8,768,960,0.3,4,3.974543171888768e-07,4,1.1390401165251945e-05,1.1390401165251945e-05,4
1.9727976770490344e-07,5.1826173555043544e-06,8124,0,5f137a239e0a6b1c8568edc2557a08cbc06ac9cb9a8c33bcf157053b80d91715,131072,seaquest,129984,389952,202608056111,31,393216,32,768,3264,0.3,16,2.0562803882765635e-07,16,5.27443184245239e-06,5.27443184245239e-06,16
2.0961740069799277e-07,5.61936882174869e-06,8116,8,5f137a239e0a6b1c8568edc2557a08cbc06ac9cb9a8c33bcf157053b80d91715,131072,seaquest,129984,389952,202608056111,31,393216,32,768,3264,0.3,16,2.1650663162277796e-07,16,5.662078848653064e-06,5.662078848653064e-06,16
2.006070312070706e-07,5.191025427821148e-06,16304,0,5f137a239e0a6b1c8568edc2557a08cbc06ac9cb9a8c33bcf157053b80d91715,131072,seaquest,65216,195648,202608056111,47,196608,8,768,960,0.5,4,1.9187001310401197e-07,4,4.466437563754006e-06,4.466437563754006e-06,4
1.9933257111160592e-07,5.161371832391705e-06,16296,8,5f137a239e0a6b1c8568edc2557a08cbc06ac9cb9a8c33bcf157053b80d91715,131072,seaquest,65216,195648,202608056111,47,196608,8,768,960,0.5,4,1.911919335259e-07,4,4.43408463918391e-06,4.43408463918391e-06,4
1.1082128884819577e-07,3.541551360212132e-06,10832,0,5f137a239e0a6b1c8568edc2557a08cbc06ac9cb9a8c33bcf157053b80d91715,131072,seaquest,43328,389952,202608056111,47,393216,32,768,3264,0.5,4,2.5739161146781526e-07,16,5.3673349278095945e-06,2.8967743126311826e-06,4
1.1341515614788681e-07,3.6590403890149932e-06,10824,8,5f137a239e0a6b1c8568edc2557a08cbc06ac9cb9a8c33bcf157053b80d91715,131072,seaquest,43328,389952,202608056111,47,393216,32,768,3264,0.5,4,2.6470948535482324e-07,16,5.662253913018833e-06,2.9882515628844063e-06,4
2.3071482513773493e-07,6.05316788457722e-06,21738,0,5f137a239e0a6b1c8568edc2557a08cbc06ac9cb9a8c33bcf157053b80d91715,131072,seaquest,21738,195642,202608056111,65,196608,8,768,960,0.7,1,3.136831653590663e-07,4,9.891554740091873e-06,6.186802492260276e-06,1
2.3418511103657537e-07,6.0863903548734225e-06,21730,8,5f137a239e0a6b1c8568edc2557a08cbc06ac9cb9a8c33bcf157053b80d91715,131072,seaquest,21738,195642,202608056111,65,196608,8,768,960,0.7,1,3.205394634621866e-07,4,1.017672035123299e-05,6.221070484887774e-06,1
1.5063979011370145e-07,4.976387584330649e-06,10832,0,5f137a239e0a6b1c8568edc2557a08cbc06ac9cb9a8c33bcf157053b80d91715,131072,seaquest,43328,389952,202608056111,65,393216,32,768,3264,0.7,4,2.5299115587829185e-07,16,5.349345939716364e-06,3.899773313946344e-06,4
1.4742796656018526e-07,4.818527930451801e-06,10824,8,5f137a239e0a6b1c8568edc2557a08cbc06ac9cb9a8c33bcf157053b80d91715,131072,seaquest,43328,389952,202608056111,65,393216,32,768,3264,0.7,4,2.6578202860079516e-07,16,5.818280472000281e-06,3.7482601327213455e-06,4
2.3071482513773493e-07,6.05316788457722e-06,21738,0,5f137a239e0a6b1c8568edc2557a08cbc06ac9cb9a8c33bcf157053b80d91715,131072,seaquest,21738,195642,202608056111,86,196608,8,768,960,0.9,1,2.880851577481943e-07,4,5.110232174754123e-06,6.186802492260276e-06,1
2.3418511103657537e-07,6.0863903548734225e-06,21730,8,5f137a239e0a6b1c8568edc2557a08cbc06ac9cb9a8c33bcf157053b80d91715,131072,seaquest,21738,195642,202608056111,86,196608,8,768,960,0.9,1,2.9677827059872785e-07,4,5.3906596578036754e-06,6.221070484887774e-06,1
1.1348223971449903e-07,3.2015372107032252e-06,11816,0,5f137a239e0a6b1c8568edc2557a08cbc06ac9cb9a8c33bcf157053b80d91715,131072,seaquest,11816,389928,202608056111,86,393216,32,768,3264,0.9,1,3.370305680136754e-07,16,6.0899786976241534e-06,2.5274719031213203e-06,1
1.0459628247413799e-07,2.826032956424764e-06,11808,8,5f137a239e0a6b1c8568edc2557a08cbc06ac9cb9a8c33bcf157053b80d91715,131072,seaquest,11816,389928,202608056111,86,393216,32,768,3264,0.9,1,3.5405694440864423e-07,16,6.702806647547273e-06,2.200189673312415e-06,1
2.3071482513773493e-07,6.05316788457722e-06,21738,0,5f137a239e0a6b1c8568edc2557a08cbc06ac9cb9a8c33bcf157053b80d91715,131072,seaquest,21738,195642,202608056111,96,196608,8,768,960,1.0,1,2.880851577481943e-07,4,5.110232174754123e-06,6.186802492260276e-06,1
2.3418511103657537e-07,6.0863903548734225e-06,21730,8,5f137a239e0a6b1c8568edc2557a08cbc06ac9cb9a8c33bcf157053b80d91715,131072,seaquest,21738,195642,202608056111,96,196608,8,768,960,1.0,1,2.9677827059872785e-07,4,5.3906596578036754e-06,6.221070484887774e-06,1
1.1348223971449903e-07,3.2015372107032252e-06,11816,0,5f137a239e0a6b1c8568edc2557a08cbc06ac9cb9a8c33bcf157053b80d91715,131072,seaquest,11816,389928,202608056111,96,393216,32,768,3264,1.0,1,3.370305680136754e-07,16,6.0899786976241534e-06,2.5274719031213203e-06,1
1.0459628247413799e-07,2.826032956424764e-06,11808,8,5f137a239e0a6b1c8568edc2557a08cbc06ac9cb9a8c33bcf157053b80d91715,131072,seaquest,11816,389928,202608056111,96,393216,32,768,3264,1.0,1,3.5405694440864423e-07,16,6.702806647547273e-06,2.200189673312415e-06,1
7.468207193176118e-08,2.268572021593777e-06,8144,0,5f137a239e0a6b1c8568edc2557a08cbc06ac9cb9a8c33bcf157053b80d91715,131072,seaquest,130304,195456,202608056112,0,196608,8,768,960,0.0,16,9.722763540057632e-09,4,2.7726233949419904e-07,2.248370335239935e-06,16
7.492498510424276e-08,2.2666415805758266e-06,8136,8,5f137a239e0a6b1c8568edc2557a08cbc06ac9cb9a8c33bcf157053b80d91715,131072,seaquest,130304,195456,202608056112,0,196608,8,768,960,0.0,16,1.0340530937565326e-08,4,2.9630245641921025e-07,2.23019029531195e-06,16
7.48857041980023e-08,2.2740833158498698e-06,8124,0,5f137a239e0a6b1c8568edc2557a08cbc06ac9cb9a8c33bcf157053b80d91715,131072,seaquest,129984,389952,202608056112,0,393216,32,768,3264,0.0,16,7.457260009129458e-08,16,2.248370335239935e-06,2.248370335239935e-06,16
7.480995900674123e-08,2.2549771865036873e-06,8116,8,5f137a239e0a6b1c8568edc2557a08cbc06ac9cb9a8c33bcf157053b80d91715,131072,seaquest,129984,389952,202608056112,0,393216,32,768,3264,0.0,16,7.441414345699447e-08,16,2.23019029531195e-06,2.23019029531195e-06,16
1.8760475947548228e-07,7.156214395557512e-06,16304,0,5f137a239e0a6b1c8568edc2557a08cbc06ac9cb9a8c33bcf157053b80d91715,131072,seaquest,65216,195648,202608056112,17,196608,8,768,960,0.1,4,1.7658456830777586e-07,4,6.438672276559227e-06,2.465338694578033e-07,16
1.89755422402384e-07,7.255983701942926e-06,16296,8,5f137a239e0a6b1c8568edc2557a08cbc06ac9cb9a8c33bcf157053b80d91715,131072,seaquest,65216,195648,202608056112,17,196608,8,768,960,0.1,4,1.78720866326582e-07,4,6.532275533434799e-06,2.493428607261712e-07,16
5.436780815487711e-08,3.422168513617049e-07,8124,0,5f137a239e0a6b1c8568edc2557a08cbc06ac9cb9a8c33bcf157053b80d91715,131072,seaquest,129984,389952,202608056112,17,393216,32,768,3264,0.1,16,5.1115298061770355e-08,16,2.465338694578033e-07,2.465338694578033e-07,16
5.4631344875228515e-08,3.4638915426081597e-07,8116,8,5f137a239e0a6b1c8568edc2557a08cbc06ac9cb9a8c33bcf157053b80d91715,131072,seaquest,129984,389952,202608056112,17,393216,32,768,3264,0.1,16,5.1200307077355374e-08,16,2.493428607261712e-07,2.493428607261712e-07,16
2.8533141821315826e-07,1.1118134107102597e-05,16304,0,5f137a239e0a6b1c8568edc2557a08cbc06ac9cb9a8c33bcf157053b80d91715,131072,seaquest,65216,195648,202608056112,37,196608,8,768,960,0.3,4,2.8312635807267595e-07,4,1.078270789295308e-05,1.078270789295308e-05,4
2.894219447689881e-07,1.1310779910400728e-05,16296,8,5f137a239e0a6b1c8568edc2557a08cbc06ac9cb9a8c33bcf157053b80d91715,131072,seaquest,65216,195648,202608056112,37,196608,8,768,960,0.3,4,2.882773270233438e-07,4,1.1018804654894912e-05,1.1018804654894912e-05,4
5.139053915196292e-08,3.653046701457272e-07,10832,0,5f137a239e0a6b1c8568edc2557a08cbc06ac9cb9a8c33bcf157053b80d91715,131072,seaquest,43328,389952,202608056112,37,393216,32,768,3264,0.3,4,2.930449216620944e-07,16,9.608469566601534e-06,9.608469566601534e-06,16
4.8971452704096886e-08,2.750751389673695e-07,10824,8,5f137a239e0a6b1c8568edc2557a08cbc06ac9cb9a8c33bcf157053b80d91715,131072,seaquest,43328,389952,202608056112,37,393216,32,768,3264,0.3,4,2.9235778301319207e-07,16,9.592604451718984e-06,9.592604451718984e-06,16
6.051777578231644e-07,2.163720746641191e-05,16304,0,5f137a239e0a6b1c8568edc2557a08cbc06ac9cb9a8c33bcf157053b80d91715,131072,seaquest,65216,195648,202608056112,47,196608,8,768,960,0.5,4,6.003034099797553e-07,4,2.1140994424730777e-05,2.1140994424730777e-05,4
6.181173675542572e-07,2.2171948247473464e-05,16296,8,5f137a239e0a6b1c8568edc2557a08cbc06ac9cb9a8c33bcf157053b80d91715,131072,seaquest,65216,195648,202608056112,47,196608,8,768,960,0.5,4,6.15120105353794e-07,4,2.175816016319193e-05,2.175816016319193e-05,4
8.973383466639001e-08,1.1308286094183527e-06,10832,0,5f137a239e0a6b1c8568edc2557a08cbc06ac9cb9a8c33bcf157053b80d91715,131072,seaquest,43328,389952,202608056112,47,393216,32,768,3264,0.5,4,8.396947657487059e-07,16,2.889995731519659e-05,5.52342971153941e-07,4
8.346095292539392e-08,8.78882401754196e-07,10824,8,5f137a239e0a6b1c8568edc2557a08cbc06ac9cb9a8c33bcf157053b80d91715,131072,seaquest,43328,389952,202608056112,47,393216,32,768,3264,0.5,4,8.299058181045426e-07,16,2.8532228530179837e-05,4.0261928110437815e-07,4
1.7768905424492678e-07,3.4247823162858135e-06,21738,0,5f137a239e0a6b1c8568edc2557a08cbc06ac9cb9a8c33bcf157053b80d91715,131072,seaquest,21738,195642,202608056112,71,196608,8,768,960,0.7,1,2.3284334684656795e-07,4,7.750742757327567e-06,3.2024243944120585e-06,1
1.9135111359265086e-07,3.6140177730644406e-06,21730,8,5f137a239e0a6b1c8568edc2557a08cbc06ac9cb9a8c33bcf157053b80d91715,131072,seaquest,21738,195642,202608056112,71,196608,8,768,960,0.7,1,2.3754433227283205e-07,4,7.91676695183703e-06,3.4356879661475516e-06,1
3.121489965300442e-07,8.891316888286983e-06,10832,0,5f137a239e0a6b1c8568edc2557a08cbc06ac9cb9a8c33bcf157053b80d91715,131072,seaquest,43328,389952,202608056112,71,393216,32,768,3264,0.7,4,2.1680823513062076e-06,16,8.234781730705942e-05,6.92733874182203e-06,4
2.9329262290084573e-07,8.045632909027582e-06,10824,8,5f137a239e0a6b1c8568edc2557a08cbc06ac9cb9a8c33bcf157053b80d91715,131072,seaquest,43328,389952,202608056112,71,393216,32,768,3264,0.7,4,2.1531409241738764e-06,16,8.178727639464928e-05,6.264877093940668e-06,4
1.7768905424492678e-07,3.4247823162858135e-06,21738,0,5f137a239e0a6b1c8568edc2557a08cbc06ac9cb9a8c33bcf157053b80d91715,131072,seaquest,21738,195642,202608056112,86,196608,8,768,960,0.9,1,5.193586581357021e-07,4,1.6354484120541466e-05,3.2024243944120585e-06,1
1.9135111359265086e-07,3.6140177730644406e-06,21730,8,5f137a239e0a6b1c8568edc2557a08cbc06ac9cb9a8c33bcf157053b80d91715,131072,seaquest,21738,195642,202608056112,86,196608,8,768,960,0.9,1,5.354839180792087e-07,4,1.6910116005949322e-05,3.4356879661475516e-06,1
2.4071079807513746e-07,8.321988385655566e-06,11816,0,5f137a239e0a6b1c8568edc2557a08cbc06ac9cb9a8c33bcf157053b80d91715,131072,seaquest,11816,389928,202608056112,86,393216,32,768,3264,0.9,1,3.5142356605965343e-06,16,0.00013233735528196767,1.0731278995325866e-05,1
2.602762931395417e-07,9.324125489105646e-06,11808,8,5f137a239e0a6b1c8568edc2557a08cbc06ac9cb9a8c33bcf157053b80d91715,131072,seaquest,11816,389928,202608056112,86,393216,32,768,3264,0.9,1,3.4718834867475127e-06,16,0.00013076623666458332,1.1825347877285576e-05,1
1.7768905424492678e-07,3.4247823162858135e-06,21738,0,5f137a239e0a6b1c8568edc2557a08cbc06ac9cb9a8c33bcf157053b80d91715,131072,seaquest,21738,195642,202608056112,96,196608,8,768,960,1.0,1,5.193586581357021e-07,4,1.6354484120541466e-05,3.2024243944120585e-06,1
1.9135111359265086e-07,3.6140177730644406e-06,21730,8,5f137a239e0a6b1c8568edc2557a08cbc06ac9cb9a8c33bcf157053b80d91715,131072,seaquest,21738,195642,202608056112,96,196608,8,768,960,1.0,1,5.354839180792087e-07,4,1.6910116005949322e-05,3.4356879661475516e-06,1
2.4071079807513746e-07,8.321988385655566e-06,11816,0,5f137a239e0a6b1c8568edc2557a08cbc06ac9cb9a8c33bcf157053b80d91715,131072,seaquest,11816,389928,202608056112,96,393216,32,768,3264,1.0,1,3.5142356605965343e-06,16,0.00013233735528196767,1.0731278995325866e-05,1
2.602762931395417e-07,9.324125489105646e-06,11808,8,5f137a239e0a6b1c8568edc2557a08cbc06ac9cb9a8c33bcf157053b80d91715,131072,seaquest,11816,389928,202608056112,96,393216,32,768,3264,1.0,1,3.4718834867475127e-06,16,0.00013076623666458332,1.1825347877285576e-05,1
6.00615371765032e-08,2.19466701666698e-06,8144,0,5f137a239e0a6b1c8568edc2557a08cbc06ac9cb9a8c33bcf157053b80d91715,131072,seaquest,130304,195456,202608056113,0,196608,8,768,960,0.0,16,1.122619862948413e-07,4,3.852799837126213e-07,2.25950797430477e-06,16
6.033017300616414e-08,2.2106424205980173e-06,8136,8,5f137a239e0a6b1c8568edc2557a08cbc06ac9cb9a8c33bcf157053b80d91715,131072,seaquest,130304,195456,202608056113,0,196608,8,768,960,0.0,16,1.1159741094036175e-07,4,3.786675182663159e-07,2.2545338912305916e-06,16
5.890703721291504e-08,2.1577261270217477e-06,8124,0,5f137a239e0a6b1c8568edc2557a08cbc06ac9cb9a8c33bcf157053b80d91715,131072,seaquest,129984,389952,202608056113,0,393216,32,768,3264,0.0,16,6.270773988922868e-08,16,2.25950797430477e-06,2.25950797430477e-06,16
5.850688433205349e-08,2.1344016881415723e-06,8116,8,5f137a239e0a6b1c8568edc2557a08cbc06ac9cb9a8c33bcf157053b80d91715,131072,seaquest,129984,389952,202608056113,0,393216,32,768,3264,0.0,16,6.265661323384191e-08,16,2.2545338912305916e-06,2.2545338912305916e-06,16
9.013774742379031e-08,4.989279168330186e-07,16304,0,5f137a239e0a6b1c8568edc2557a08cbc06ac9cb9a8c33bcf157053b80d91715,131072,seaquest,65216,195648,202608056113,15,196608,8,768,960,0.1,4,9.007997817112044e-08,4,4.501890149505661e-07,1.637148614763446e-07,16
8.944506576665658e-08,5.205176927224761e-07,16296,8,5f137a239e0a6b1c8568edc2557a08cbc06ac9cb9a8c33bcf157053b80d91715,131072,seaquest,65216,195648,202608056113,15,196608,8,768,960,0.1,4,8.948897795451965e-08,4,4.7373447931313214e-07,1.485403601403175e-07,16
1.0015318459252181e-08,4.189878616297956e-08,8124,0,5f137a239e0a6b1c8568edc2557a08cbc06ac9cb9a8c33bcf157053b80d91715,131072,seaquest,129984,389952,202608056113,15,393216,32,768,3264,0.1,16,1.0170239251153249e-08,16,1.637148614763446e-07,1.637148614763446e-07,16
1.030556110184546e-08,3.8976784380723346e-08,8116,8,5f137a239e0a6b1c8568edc2557a08cbc06ac9cb9a8c33bcf157053b80d91715,131072,seaquest,129984,389952,202608056113,15,393216,32,768,3264,0.1,16,9.990037059296956e-09,16,1.485403601403175e-07,1.485403601403175e-07,16
2.0478731013693683e-07,4.33209998535643e-06,16304,0,5f137a239e0a6b1c8568edc2557a08cbc06ac9cb9a8c33bcf157053b80d91715,131072,seaquest,65216,195648,202608056113,22,196608,8,768,960,0.3,4,2.1548870482365006e-07,4,4.6592925012333705e-06,4.6592925012333705e-06,4
2.068566591370778e-07,4.388860048018542e-06,16296,8,5f137a239e0a6b1c8568edc2557a08cbc06ac9cb9a8c33bcf157053b80d91715,131072,seaquest,65216,195648,202608056113,22,196608,8,768,960,0.3,4,2.1714310786186552e-07,4,4.692170342959794e-06,4.692170342959794e-06,4
1.652825472587837e-07,6.193148129688016e-06,8124,0,5f137a239e0a6b1c8568edc2557a08cbc06ac9cb9a8c33bcf157053b80d91715,131072,seaquest,129984,389952,202608056113,22,393216,32,768,3264,0.3,16,1.3111980757517723e-07,16,4.657602169999286e-06,4.657602169999286e-06,16
1.7060117198194673e-07,6.41733193210131e-06,8116,8,5f137a239e0a6b1c8568edc2557a08cbc06ac9cb9a8c33bcf157053b80d91715,131072,seaquest,129984,389952,202608056113,22,393216,32,768,3264,0.3,16,1.355608434074552e-07,16,4.841654830250853e-06,4.841654830250853e-06,16
1.0390689225631652e-07,5.961480495121482e-07,16304,0,5f137a239e0a6b1c8568edc2557a08cbc06ac9cb9a8c33bcf157053b80d91715,131072,seaquest,65216,195648,202608056113,36,196608,8,768,960,0.5,4,1.0307289245768583e-07,4,5.498811831562004e-07,5.498811831562004e-07,4
1.0395611865275351e-07,6.012379866263287e-07,16296,8,5f137a239e0a6b1c8568edc2557a08cbc06ac9cb9a8c33bcf157053b80d91715,131072,seaquest,65216,195648,202608056113,36,196608,8,768,960,0.5,4,1.0320145791154712e-07,4,5.593351556166831e-07,5.593351556166831e-07,4
2.441816505023417e-07,1.0632904808646555e-05,10832,0,5f137a239e0a6b1c8568edc2557a08cbc06ac9cb9a8c33bcf157053b80d91715,131072,seaquest,43328,389952,202608056113,36,393216,32,768,3264,0.5,4,1.4302282639799376e-07,16,6.358531397650015e-06,9.568117791513492e-06,4
2.4239621469810976e-07,1.0531374737429995e-05,10824,8,5f137a239e0a6b1c8568edc2557a08cbc06ac9cb9a8c33bcf157053b80d91715,131072,seaquest,43328,389952,202608056113,36,393216,32,768,3264,0.5,4,1.4538413516621488e-07,16,6.467096898012133e-06,9.645611701968617e-06,4
1.740218112153168e-07,1.1925061184372106e-06,21738,0,5f137a239e0a6b1c8568edc2557a08cbc06ac9cb9a8c33bcf157053b80d91715,131072,seaquest,21738,195642,202608056113,70,196608,8,768,960,0.7,1,1.6916367550387423e-07,4,1.3360391474812037e-06,1.3498119955301685e-06,1
1.791676956601449e-07,1.3253586631159304e-06,21730,8,5f137a239e0a6b1c8568edc2557a08cbc06ac9cb9a8c33bcf157053b80d91715,131072,seaquest,21738,195642,202608056113,70,196608,8,768,960,0.7,1,1.7233399274135808e-07,4,1.4816648181548647e-06,1.4944821974392257e-06,1
2.2391930691816077e-07,4.889414585445577e-06,10832,0,5f137a239e0a6b1c8568edc2557a08cbc06ac9cb9a8c33bcf157053b80d91715,131072,seaquest,43328,389952,202608056113,70,393216,32,768,3264,0.7,4,1.813191601164739e-07,16,7.033011197803363e-07,6.336013314121077e-06,4
2.1715600958332723e-07,4.682127125424081e-06,10824,8,5f137a239e0a6b1c8568edc2557a08cbc06ac9cb9a8c33bcf157053b80d91715,131072,seaquest,43328,389952,202608056113,70,393216,32,768,3264,0.7,4,1.856830319000279e-07,16,7.761270359121756e-07,6.134051720773874e-06,4
1.740218112153168e-07,1.1925061184372106e-06,21738,0,5f137a239e0a6b1c8568edc2557a08cbc06ac9cb9a8c33bcf157053b80d91715,131072,seaquest,21738,195642,202608056113,85,196608,8,768,960,0.9,1,1.6916367550387423e-07,4,1.3360391474812037e-06,1.3498119955301685e-06,1
1.791676956601449e-07,1.3253586631159304e-06,21730,8,5f137a239e0a6b1c8568edc2557a08cbc06ac9cb9a8c33bcf157053b80d91715,131072,seaquest,21738,195642,202608056113,85,196608,8,768,960,0.9,1,1.7233399274135808e-07,4,1.4816648181548647e-06,1.4944821974392257e-06,1
2.2391930691816077e-07,4.889414585445577e-06,10832,0,5f137a239e0a6b1c8568edc2557a08cbc06ac9cb9a8c33bcf157053b80d91715,131072,seaquest,43328,389952,202608056113,85,393216,32,768,3264,0.9,4,1.7962097852443395e-07,16,1.2983405807535287e-06,5.690432782189677e-06,1
2.1715600958332723e-07,4.682127125424081e-06,10824,8,5f137a239e0a6b1c8568edc2557a08cbc06ac9cb9a8c33bcf157053b80d91715,131072,seaquest,43328,389952,202608056113,85,393216,32,768,3264,0.9,4,1.8609830698559264e-07,16,1.4634137475900817e-06,5.689435231187321e-06,1
1.740218112153168e-07,1.1925061184372106e-06,21738,0,5f137a239e0a6b1c8568edc2557a08cbc06ac9cb9a8c33bcf157053b80d91715,131072,seaquest,21738,195642,202608056113,96,196608,8,768,960,1.0,1,1.6916367550387423e-07,4,1.3360391474812037e-06,1.3498119955301685e-06,1
1.791676956601449e-07,1.3253586631159304e-06,21730,8,5f137a239e0a6b1c8568edc2557a08cbc06ac9cb9a8c33bcf157053b80d91715,131072,seaquest,21738,195642,202608056113,96,196608,8,768,960,1.0,1,1.7233399274135808e-07,4,1.4816648181548647e-06,1.4944821974392257e-06,1
2.8753083429811535e-07,6.6347168842161705e-06,11816,0,5f137a239e0a6b1c8568edc2557a08cbc06ac9cb9a8c33bcf157053b80d91715,131072,seaquest,11816,389928,202608056113,96,393216,32,768,3264,1.0,1,2.5220089747377297e-07,16,2.375347872277633e-06,5.690432782189677e-06,1
2.7933660536273633e-07,6.480959444524184e-06,11808,8,5f137a239e0a6b1c8568edc2557a08cbc06ac9cb9a8c33bcf157053b80d91715,131072,seaquest,11816,389928,202608056113,96,393216,32,768,3264,1.0,1,2.6073520529694404e-07,16,2.6432423124502545e-06,5.689435231187321e-06,1
1.3895695155072595e-08,5.5967396046576014e-08,8144,0,5f137a239e0a6b1c8568edc2557a08cbc06ac9cb9a8c33bcf157053b80d91715,131072,seaquest,130304,195456,202608056114,0,196608,8,768,960,0.0,16,1.5413959872756367e-08,4,1.8449817686503948e-07,4.449778333749766e-08,16
1.4083646234344877e-08,5.6983472221734994e-08,8136,8,5f137a239e0a6b1c8568edc2557a08cbc06ac9cb9a8c33bcf157053b80d91715,131072,seaquest,130304,195456,202608056114,0,196608,8,768,960,0.0,16,1.5818054941758492e-08,4,1.8491796186380166e-07,4.539587419253561e-08,16
1.4041121978024479e-08,6.216672098637594e-08,8124,0,5f137a239e0a6b1c8568edc2557a08cbc06ac9cb9a8c33bcf157053b80d91715,131072,seaquest,129984,389952,202608056114,0,393216,32,768,3264,0.0,16,1.3335751287260459e-08,16,4.449778333749766e-08,4.449778333749766e-08,16
1.4228808721995971e-08,6.300536610475565e-08,8116,8,5f137a239e0a6b1c8568edc2557a08cbc06ac9cb9a8c33bcf157053b80d91715,131072,seaquest,129984,389952,202608056114,0,393216,32,768,3264,0.0,16,1.3547788706630655e-08,16,4.539587419253561e-08,4.539587419253561e-08,16
1.9745704634555085e-08,1.0673315052823154e-07,8144,0,5f137a239e0a6b1c8568edc2557a08cbc06ac9cb9a8c33bcf157053b80d91715,131072,seaquest,130304,195456,202608056114,5,196608,8,768,960,0.1,16,3.678533217665536e-08,4,5.324200303602475e-07,6.691937626025134e-08,16
2.014291325750679e-08,1.0410002692887937e-07,8136,8,5f137a239e0a6b1c8568edc2557a08cbc06ac9cb9a8c33bcf157053b80d91715,131072,seaquest,130304,195456,202608056114,5,196608,8,768,960,0.1,16,3.7606647915292444e-08,4,5.32619155278182e-07,6.792210189484323e-08,16
2.0344189997798768e-08,1.30125663649215e-07,8124,0,5f137a239e0a6b1c8568edc2557a08cbc06ac9cb9a8c33bcf157053b80d91715,131072,seaquest,129984,389952,202608056114,5,393216,32,768,3264,0.1,16,1.8787455667045954e-08,16,6.691937626025134e-08,6.691937626025134e-08,16
2.073755923818535e-08,1.2637581061534807e-07,8116,8,5f137a239e0a6b1c8568edc2557a08cbc06ac9cb9a8c33bcf157053b80d91715,131072,seaquest,129984,389952,202608056114,5,393216,32,768,3264,0.1,16,1.9194855718052495e-08,16,6.792210189484323e-08,6.792210189484323e-08,16
1.0436040602939459e-07,3.5763545343272565e-06,16304,0,5f137a239e0a6b1c8568edc2557a08cbc06ac9cb9a8c33bcf157053b80d91715,131072,seaquest,65216,195648,202608056114,29,196608,8,768,960,0.3,4,1.0883934378689387e-07,4,3.8220321169029355e-06,3.8220321169029355e-06,4
1.0574780347649234e-07,3.586270761322242e-06,16296,8,5f137a239e0a6b1c8568edc2557a08cbc06ac9cb9a8c33bcf157053b80d91715,131072,seaquest,65216,195648,202608056114,29,196608,8,768,960,0.3,4,1.1026075749079179e-07,4,3.835617888659442e-06,3.835617888659442e-06,4
5.298567994818551e-08,1.1658420065146395e-06,8124,0,5f137a239e0a6b1c8568edc2557a08cbc06ac9cb9a8c33bcf157053b80d91715,131072,seaquest,129984,389952,202608056114,29,393216,32,768,3264,0.3,16,6.35873213617885e-08,16,1.6298140752756984e-06,1.6298140752756984e-06,16
5.4694415994789106e-08,1.2255034737306783e-06,8116,8,5f137a239e0a6b1c8568edc2557a08cbc06ac9cb9a8c33bcf157053b80d91715,131072,seaquest,129984,389952,202608056114,29,393216,32,768,3264,0.3,16,6.485314223461764e-08,16,1.6629427702833428e-06,1.6629427702833428e-06,16
2.499429935958546e-08,1.6639202606325752e-07,16304,0,5f137a239e0a6b1c8568edc2557a08cbc06ac9cb9a8c33bcf157053b80d91715,131072,seaquest,65216,195648,202608056114,48,196608,8,768,960,0.5,4,3.422990346099784e-08,4,5.602066319537803e-07,5.602066319537803e-07,4
2.5688419976205256e-08,1.5763674072587154e-07,16296,8,5f137a239e0a6b1c8568edc2557a08cbc06ac9cb9a8c33bcf157053b80d91715,131072,seaquest,65216,195648,202608056114,48,196608,8,768,960,0.5,4,3.5140758732271424e-08,4,5.286012960866494e-07,5.286012960866494e-07,4
3.1056395697828933e-07,5.862148392291523e-06,10832,0,5f137a239e0a6b1c8568edc2557a08cbc06ac9cb9a8c33bcf157053b80d91715,131072,seaquest,43328,389952,202608056114,48,393216,32,768,3264,0.5,4,2.1900362452498818e-08,16,8.207555188439451e-08,5.56197957959305e-06,4
3.0697158126455647e-07,5.838848611148008e-06,10824,8,5f137a239e0a6b1c8568edc2557a08cbc06ac9cb9a8c33bcf157053b80d91715,131072,seaquest,43328,389952,202608056114,48,393216,32,768,3264,0.5,4,2.294533973299172e-08,16,8.365279037600643e-08,5.485045825502963e-06,4
1.1660177475547388e-07,4.564295094077685e-07,21738,0,5f137a239e0a6b1c8568edc2557a08cbc06ac9cb9a8c33bcf157053b80d91715,131072,seaquest,21738,195642,202608056114,73,196608,8,768,960,0.7,1,6.465555053751558e-08,4,2.1296235853591176e-06,3.981040036668609e-07,1
1.1744024407689591e-07,4.49796640572332e-07,21730,8,5f137a239e0a6b1c8568edc2557a08cbc06ac9cb9a8c33bcf157053b80d91715,131072,seaquest,21738,195642,202608056114,73,196608,8,768,960,0.7,1,6.632260152630486e-08,4,2.166592604349798e-06,3.9432561576994e-07,1
3.7974290351074613e-07,1.1505941087639951e-05,10832,0,5f137a239e0a6b1c8568edc2557a08cbc06ac9cb9a8c33bcf157053b80d91715,131072,seaquest,43328,389952,202608056114,73,393216,32,768,3264,0.7,4,1.0698096488205814e-07,16,2.0210056116383384e-06,1.0480546483903312e-05,4
3.8059102286434444e-07,1.153339434154107e-05,10824,8,5f137a239e0a6b1c8568edc2557a08cbc06ac9cb9a8c33bcf157053b80d91715,131072,seaquest,43328,389952,202608056114,73,393216,32,768,3264,0.7,4,1.0727750642589779e-07,16,2.0213283550457733e-06,1.0423841300365004e-05,4
3.768331387146742e-07,1.4727019090356176e-05,21738,0,5f137a239e0a6b1c8568edc2557a08cbc06ac9cb9a8c33bcf157053b80d91715,131072,seaquest,21738,195642,202608056114,92,196608,8,768,960,0.9,1,3.422990346099784e-08,4,5.602066319537803e-07,1.47804240241532e-05,1
3.7021928658986103e-07,1.432724892904337e-05,21730,8,5f137a239e0a6b1c8568edc2557a08cbc06ac9cb9a8c33bcf157053b80d91715,131072,seaquest,21738,195642,202608056114,92,196608,8,768,960,0.9,1,3.5140758732271424e-08,4,5.286012960866494e-07,1.439780423705151e-05,1
2.845189503136309e-07,8.417210240129272e-06,11816,0,5f137a239e0a6b1c8568edc2557a08cbc06ac9cb9a8c33bcf157053b80d91715,131072,seaquest,11816,389928,202608056114,92,393216,32,768,3264,0.9,1,1.1521408497622276e-07,16,2.3177807129423097e-06,6.134541913548407e-06,1
2.8282889855505913e-07,8.440854307871441e-06,11808,8,5f137a239e0a6b1c8568edc2557a08cbc06ac9cb9a8c33bcf157053b80d91715,131072,seaquest,11816,389928,202608056114,92,393216,32,768,3264,0.9,1,1.1669486882527062e-07,16,2.322799805967472e-06,6.0389441541141e-06,1
3.768331387146742e-07,1.4727019090356176e-05,21738,0,5f137a239e0a6b1c8568edc2557a08cbc06ac9cb9a8c33bcf157053b80d91715,131072,seaquest,21738,195642,202608056114,96,196608,8,768,960,1.0,1,3.422990346099784e-08,4,5.602066319537803e-07,1.47804240241532e-05,1
3.7021928658986103e-07,1.432724892904337e-05,21730,8,5f137a239e0a6b1c8568edc2557a08cbc06ac9cb9a8c33bcf157053b80d91715,131072,seaquest,21738,195642,202608056114,96,196608,8,768,960,1.0,1,3.5140758732271424e-08,4,5.286012960866494e-07,1.439780423705151e-05,1
2.845189503136309e-07,8.417210240129272e-06,11816,0,5f137a239e0a6b1c8568edc2557a08cbc06ac9cb9a8c33bcf157053b80d91715,131072,seaquest,11816,389928,202608056114,96,393216,32,768,3264,1.0,1,1.1521408497622276e-07,16,2.3177807129423097e-06,6.134541913548407e-06,1
2.8282889855505913e-07,8.440854307871441e-06,11808,8,5f137a239e0a6b1c8568edc2557a08cbc06ac9cb9a8c33bcf157053b80d91715,131072,seaquest,11816,389928,202608056114,96,393216,32,768,3264,1.0,1,1.1669486882527062e-07,16,2.322799805967472e-06,6.0389441541141e-06,1
8.310623281641641e-08,3.239091845260591e-06,8144,0,5f137a239e0a6b1c8568edc2557a08cbc06ac9cb9a8c33bcf157053b80d91715,131072,seaquest,130304,195456,202608056115,0,196608,8,768,960,0.0,16,7.97686270408238e-08,4,2.288900270434254e-06,3.087379185212759e-06,16
8.352078439118601e-08,3.251612594227455e-06,8136,8,5f137a239e0a6b1c8568edc2557a08cbc06ac9cb9a8c33bcf157053b80d91715,131072,seaquest,130304,195456,202608056115,0,196608,8,768,960,0.0,16,7.930042743846865e-08,4,2.295806233710409e-06,3.129464947388122e-06,16
8.352928397727662e-08,3.251497802600993e-06,8124,0,5f137a239e0a6b1c8568edc2557a08cbc06ac9cb9a8c33bcf157053b80d91715,131072,seaquest,129984,389952,202608056115,0,393216,32,768,3264,0.0,16,7.962063339996095e-08,16,3.087379185212759e-06,3.087379185212759e-06,16
8.41126625789438e-08,3.270141993902137e-06,8116,8,5f137a239e0a6b1c8568edc2557a08cbc06ac9cb9a8c33bcf157053b80d91715,131072,seaquest,129984,389952,202608056115,0,393216,32,768,3264,0.0,16,8.060204965347262e-08,16,3.129464947388122e-06,3.129464947388122e-06,16
5.856676677402709e-08,1.9368281272618927e-06,8144,0,5f137a239e0a6b1c8568edc2557a08cbc06ac9cb9a8c33bcf157053b80d91715,131072,seaquest,130304,195456,202608056115,6,196608,8,768,960,0.1,16,8.622490135106489e-08,4,3.175485931478573e-06,1.835332355576821e-06,16
5.9252629509586203e-08,1.96895696852144e-06,8136,8,5f137a239e0a6b1c8568edc2557a08cbc06ac9cb9a8c33bcf157053b80d91715,131072,seaquest,130304,195456,202608056115,6,196608,8,768,960,0.1,16,8.725696559024843e-08,4,3.217610435088958e-06,1.888614149691872e-06,16
5.829379552889694e-08,1.9445607678848336e-06,8124,0,5f137a239e0a6b1c8568edc2557a08cbc06ac9cb9a8c33bcf157053b80d91715,131072,seaquest,129984,389952,202608056115,6,393216,32,768,3264,0.1,16,5.7939492553751645e-08,16,1.835332355576821e-06,1.835332355576821e-06,16
5.9058158182011805e-08,1.9817917314908717e-06,8116,8,5f137a239e0a6b1c8568edc2557a08cbc06ac9cb9a8c33bcf157053b80d91715,131072,seaquest,129984,389952,202608056115,6,393216,32,768,3264,0.1,16,5.902665361532727e-08,16,1.888614149691872e-06,1.888614149691872e-06,16
3.352070177091423e-07,1.0833582943024364e-05,16304,0,5f137a239e0a6b1c8568edc2557a08cbc06ac9cb9a8c33bcf157053b80d91715,131072,seaquest,65216,195648,202608056115,25,196608,8,768,960,0.3,4,3.973580946757995e-07,4,1.402037491866936e-05,1.402037491866936e-05,4
3.495750879780701e-07,1.1209960299919525e-05,16296,8,5f137a239e0a6b1c8568edc2557a08cbc06ac9cb9a8c33bcf157053b80d91715,131072,seaquest,65216,195648,202608056115,25,196608,8,768,960,0.3,4,4.186409393604831e-07,4,1.4786806884597176e-05,1.4786806884597176e-05,4
8.046028268311696e-07,2.6257963603709466e-05,8124,0,5f137a239e0a6b1c8568edc2557a08cbc06ac9cb9a8c33bcf157053b80d91715,131072,seaquest,129984,389952,202608056115,25,393216,32,768,3264,0.3,16,8.085054999475517e-07,16,2.567396756427095e-05,2.567396756427095e-05,16
7.857228295510927e-07,2.54922516207691e-05,8116,8,5f137a239e0a6b1c8568edc2557a08cbc06ac9cb9a8c33bcf157053b80d91715,131072,seaquest,129984,389952,202608056115,25,393216,32,768,3264,0.3,16,7.925400847374217e-07,16,2.5002892198321156e-05,2.5002892198321156e-05,16
9.750591298069624e-08,3.890619152436223e-06,16304,0,5f137a239e0a6b1c8568edc2557a08cbc06ac9cb9a8c33bcf157053b80d91715,131072,seaquest,65216,195648,202608056115,43,196608,8,768,960,0.5,4,1.037881212620937e-07,4,4.093240860929495e-06,4.093240860929495e-06,4
9.7492531663765e-08,3.9015455833681736e-06,16296,8,5f137a239e0a6b1c8568edc2557a08cbc06ac9cb9a8c33bcf157053b80d91715,131072,seaquest,65216,195648,202608056115,43,196608,8,768,960,0.5,4,1.0402937711252666e-07,4,4.114953795701962e-06,4.114953795701962e-06,4
7.493582060842654e-08,4.678051297341907e-07,10832,0,5f137a239e0a6b1c8568edc2557a08cbc06ac9cb9a8c33bcf157053b80d91715,131072,seaquest,43328,389952,202608056115,43,393216,32,768,3264,0.5,4,7.732920342215882e-08,16,1.2405804165154671e-06,3.7614328863864156e-07,4
7.500144018520919e-08,4.922231155560479e-07,10824,8,5f137a239e0a6b1c8568edc2557a08cbc06ac9cb9a8c33bcf157053b80d91715,131072,seaquest,43328,389952,202608056115,43,393216,32,768,3264,0.5,4,7.618372533373827e-08,16,1.1822354188711887e-06,4.113504156834312e-07,4
1.2342371074602063e-06,5.1599415469063265e-05,21738,0,5f137a239e0a6b1c8568edc2557a08cbc06ac9cb9a8c33bcf157053b80d91715,131072,seaquest,21738,195642,202608056115,73,196608,8,768,960,0.7,1,2.544442453194168e-07,4,9.743363878426918e-06,5.06733247225022e-05,1
1.2453309356767453e-06,5.185582111124737e-05,21730,8,5f137a239e0a6b1c8568edc2557a08cbc06ac9cb9a8c33bcf157053b80d91715,131072,seaquest,21738,195642,202608056115,73,196608,8,768,960,0.7,1,2.6490513861235956e-07,4,1.0141890795607027e-05,5.0992169321357644e-05,1
7.463705907073733e-07,1.1820860916964991e-05,10832,0,5f137a239e0a6b1c8568edc2557a08cbc06ac9cb9a8c33bcf157053b80d91715,131072,seaquest,43328,389952,202608056115,73,393216,32,768,3264,0.7,4,1.2935839959228492e-06,16,4.4923196945576536e-05,1.090312374963396e-05,4
7.490676914115484e-07,1.1921634696798038e-05,10824,8,5f137a239e0a6b1c8568edc2557a08cbc06ac9cb9a8c33bcf157053b80d91715,131072,seaquest,43328,389952,202608056115,73,393216,32,768,3264,0.7,4,1.2624280619349465e-06,16,4.358886483925594e-05,1.0955087866071418e-05,4
1.2342371074602063e-06,5.1599415469063265e-05,21738,0,5f137a239e0a6b1c8568edc2557a08cbc06ac9cb9a8c33bcf157053b80d91715,131072,seaquest,21738,195642,202608056115,85,196608,8,768,960,0.9,1,3.973580946757995e-07,4,1.402037491866936e-05,5.06733247225022e-05,1
1.2453309356767453e-06,5.185582111124737e-05,21730,8,5f137a239e0a6b1c8568edc2557a08cbc06ac9cb9a8c33bcf157053b80d91715,131072,seaquest,21738,195642,202608056115,85,196608,8,768,960,0.9,1,4.186409393604831e-07,4,1.4786806884597176e-05,5.0992169321357644e-05,1
1.2724620300093214e-06,1.9725661239333303e-05,10832,0,5f137a239e0a6b1c8568edc2557a08cbc06ac9cb9a8c33bcf157053b80d91715,131072,seaquest,43328,389952,202608056115,85,393216,32,768,3264,0.9,4,1.6277285808686486e-06,16,5.59731228525484e-05,6.3110321180581895e-06,1
1.2859655093563192e-06,1.9956659131117457e-05,10824,8,5f137a239e0a6b1c8568edc2557a08cbc06ac9cb9a8c33bcf157053b80d91715,131072,seaquest,43328,389952,202608056115,85,393216,32,768,3264,0.9,4,1.5915973241732269e-06,16,5.448920451162675e-05,6.245884999242366e-06,1
1.2342371074602063e-06,5.1599415469063265e-05,21738,0,5f137a239e0a6b1c8568edc2557a08cbc06ac9cb9a8c33bcf157053b80d91715,131072,seaquest,21738,195642,202608056115,96,196608,8,768,960,1.0,1,3.973580946757995e-07,4,1.402037491866936e-05,5.06733247225022e-05,1
1.2453309356767453e-06,5.185582111124737e-05,21730,8,5f137a239e0a6b1c8568edc2557a08cbc06ac9cb9a8c33bcf157053b80d91715,131072,seaquest,21738,195642,202608056115,96,196608,8,768,960,1.0,1,4.186409393604831e-07,4,1.4786806884597176e-05,5.0992169321357644e-05,1
8.055347596837543e-07,8.705863195991917e-06,11816,0,5f137a239e0a6b1c8568edc2557a08cbc06ac9cb9a8c33bcf157053b80d91715,131072,seaquest,11816,389928,202608056115,96,393216,32,768,3264,1.0,1,1.6277285808686486e-06,16,5.59731228525484e-05,6.3110321180581895e-06,1
8.042238492585155e-07,8.698461492746231e-06,11808,8,5f137a239e0a6b1c8568edc2557a08cbc06ac9cb9a8c33bcf157053b80d91715,131072,seaquest,11816,389928,202608056115,96,393216,32,768,3264,1.0,1,1.5915973241732269e-06,16,5.448920451162675e-05,6.245884999242366e-06,1
1.8232000310485198e-08,6.89394744561996e-08,8144,0,5f137a239e0a6b1c8568edc2557a08cbc06ac9cb9a8c33bcf157053b80d91715,131072,seaquest,130304,195456,202608056116,0,196608,8,768,960,0.0,16,1.3066863610022346e-06,4,5.714830195320603e-05,5.950522967921935e-08,16
1.837507769424478e-08,7.237583810004524e-08,8136,8,5f137a239e0a6b1c8568edc2557a08cbc06ac9cb9a8c33bcf157053b80d91715,131072,seaquest,130304,195456,202608056116,0,196608,8,768,960,0.0,16,1.3139646913965691e-06,4,5.7521371460594225e-05,6.350866393245437e-08,16
1.839627806865521e-08,6.800857617111611e-08,8124,0,5f137a239e0a6b1c8568edc2557a08cbc06ac9cb9a8c33bcf157053b80d91715,131072,seaquest,129984,389952,202608056116,0,393216,32,768,3264,0.0,16,1.697788696153955e-08,16,5.950522967921935e-08,5.950522967921935e-08,16
1.8440744978712928e-08,6.996205127126777e-08,8116,8,5f137a239e0a6b1c8568edc2557a08cbc06ac9cb9a8c33bcf157053b80d91715,131072,seaquest,129984,389952,202608056116,0,393216,32,768,3264,0.0,16,1.7167154185456875e-08,16,6.350866393245437e-08,6.350866393245437e-08,16
1.5329240526621297e-06,6.492593832694695e-05,16304,0,5f137a239e0a6b1c8568edc2557a08cbc06ac9cb9a8c33bcf157053b80d91715,131072,seaquest,65216,195648,202608056116,17,196608,8,768,960,0.1,4,1.6010748175389891e-06,4,6.80907004770754e-05,8.59134918712719e-07,16
1.5295615467312147e-06,6.473937903421801e-05,16296,8,5f137a239e0a6b1c8568edc2557a08cbc06ac9cb9a8c33bcf157053b80d91715,131072,seaquest,65216,195648,202608056116,17,196608,8,768,960,0.1,4,1.6087630396502886e-06,4,6.839829788644695e-05,9.176628062390383e-07,16
7.138577386260813e-08,1.104504900233618e-06,8124,0,5f137a239e0a6b1c8568edc2557a08cbc06ac9cb9a8c33bcf157053b80d91715,131072,seaquest,129984,389952,202608056116,17,393216,32,768,3264,0.1,16,6.443995889171267e-08,16,8.59134918712719e-07,8.59134918712719e-07,16
7.308632760567663e-08,1.167295918169499e-06,8116,8,5f137a239e0a6b1c8568edc2557a08cbc06ac9cb9a8c33bcf157053b80d91715,131072,seaquest,129984,389952,202608056116,17,393216,32,768,3264,0.1,16,6.615344638587662e-08,16,9.176628062390383e-07,9.176628062390383e-07,16
1.5329240526621297e-06,6.492593832694695e-05,16304,0,5f137a239e0a6b1c8568edc2557a08cbc06ac9cb9a8c33bcf157053b80d91715,131072,seaquest,65216,195648,202608056116,35,196608,8,768,960,0.3,4,1.6010748175389891e-06,4,6.80907004770754e-05,6.80907004770754e-05,4
1.5295615467312147e-06,6.473937903421801e-05,16296,8,5f137a239e0a6b1c8568edc2557a08cbc06ac9cb9a8c33bcf157053b80d91715,131072,seaquest,65216,195648,202608056116,35,196608,8,768,960,0.3,4,1.6087630396502886e-06,4,6.839829788644695e-05,6.839829788644695e-05,4
9.014811204728654e-08,4.0039840140858364e-07,10832,0,5f137a239e0a6b1c8568edc2557a08cbc06ac9cb9a8c33bcf157053b80d91715,131072,seaquest,43328,389952,202608056116,35,393216,32,768,3264,0.3,4,5.624787210768679e-07,16,1.7125106025910158e-05,1.7125106025910158e-05,16
8.988851496629432e-08,3.823448703386398e-07,10824,8,5f137a239e0a6b1c8568edc2557a08cbc06ac9cb9a8c33bcf157053b80d91715,131072,seaquest,43328,389952,202608056116,35,393216,32,768,3264,0.3,4,5.745930424890813e-07,16,1.7629242644057963e-05,1.7629242644057963e-05,16
2.747496168143435e-07,9.81015321716664e-06,16304,0,5f137a239e0a6b1c8568edc2557a08cbc06ac9cb9a8c33bcf157053b80d91715,131072,seaquest,65216,195648,202608056116,45,196608,8,768,960,0.5,4,2.931054615725969e-07,4,1.0554883522412242e-05,1.0554883522412242e-05,4
2.6661708692272805e-07,9.415355298274741e-06,16296,8,5f137a239e0a6b1c8568edc2557a08cbc06ac9cb9a8c33bcf157053b80d91715,131072,seaquest,65216,195648,202608056116,45,196608,8,768,960,0.5,4,2.8731121822661664e-07,4,1.025286284040998e-05,1.025286284040998e-05,4
5.961518247902821e-07,2.1521307689325634e-05,10832,0,5f137a239e0a6b1c8568edc2557a08cbc06ac9cb9a8c33bcf157053b80d91715,131072,seaquest,43328,389952,202608056116,45,393216,32,768,3264,0.5,4,2.292126960096471e-07,16,6.0960450035719146e-06,2.0206453241858754e-05,4
6.097176896868917e-07,2.2080051331038848e-05,10824,8,5f137a239e0a6b1c8568edc2557a08cbc06ac9cb9a8c33bcf157053b80d91715,131072,seaquest,43328,389952,202608056116,45,393216,32,768,3264,0.5,4,2.3455065684478496e-07,16,6.318740163178715e-06,2.0922002392475355e-05,4
4.279816070070085e-07,1.4275161787835505e-05,16304,0,5f137a239e0a6b1c8568edc2557a08cbc06ac9cb9a8c33bcf157053b80d91715,131072,seaquest,65216,195648,202608056116,60,196608,8,768,960,0.7,4,4.584240017419221e-07,4,1.560690820149528e-05,6.679033134820434e-07,1
4.094743312244846e-07,1.3470549772004332e-05,16296,8,5f137a239e0a6b1c8568edc2557a08cbc06ac9cb9a8c33bcf157053b80d91715,131072,seaquest,65216,195648,202608056116,60,196608,8,768,960,0.7,4,4.423632787959297e-07,4,1.4912365959023805e-05,6.04372706571112e-07,1
3.999929225642533e-07,1.446658941699502e-05,10832,0,5f137a239e0a6b1c8568edc2557a08cbc06ac9cb9a8c33bcf157053b80d91715,131072,seaquest,43328,389952,202608056116,60,393216,32,768,3264,0.7,4,5.683460403394874e-07,16,1.5573580313367118e-05,1.2463352428850086e-05,4
4.200112200182804e-07,1.536808155411722e-05,10824,8,5f137a239e0a6b1c8568edc2557a08cbc06ac9cb9a8c33bcf157053b80d91715,131072,seaquest,43328,389952,202608056116,60,393216,32,768,3264,0.7,4,5.837467924837116e-07,16,1.6161450768466065e-05,1.3474063333360432e-05,4
1.341315892787439e-07,6.744868447883888e-07,21738,0,5f137a239e0a6b1c8568edc2557a08cbc06ac9cb9a8c33bcf157053b80d91715,131072,seaquest,21738,195642,202608056116,88,196608,8,768,960,0.9,1,4.584240017419221e-07,4,1.560690820149528e-05,6.679033134820434e-07,1
1.3298075959716288e-07,6.013275978015629e-07,21730,8,5f137a239e0a6b1c8568edc2557a08cbc06ac9cb9a8c33bcf157053b80d91715,131072,seaquest,21738,195642,202608056116,88,196608,8,768,960,0.9,1,4.423632787959297e-07,4,1.4912365959023805e-05,6.04372706571112e-07,1
2.870961443872837e-07,6.481048846642377e-06,11816,0,5f137a239e0a6b1c8568edc2557a08cbc06ac9cb9a8c33bcf157053b80d91715,131072,seaquest,11816,389928,202608056116,88,393216,32,768,3264,0.9,1,7.294498144664838e-07,16,2.1863881540777852e-05,3.8136230534457755e-06,1
3.0245216353508566e-07,7.249260867136796e-06,11808,8,5f137a239e0a6b1c8568edc2557a08cbc06ac9cb9a8c33bcf157053b80d91715,131072,seaquest,11816,389928,202608056116,88,393216,32,768,3264,0.9,1,7.456635341207498e-07,16,2.2531425194950387e-05,4.280248618881755e-06,1
1.341315892787439e-07,6.744868447883888e-07,21738,0,5f137a239e0a6b1c8568edc2557a08cbc06ac9cb9a8c33bcf157053b80d91715,131072,seaquest,21738,195642,202608056116,96,196608,8,768,960,1.0,1,4.584240017419221e-07,4,1.560690820149528e-05,6.679033134820434e-07,1
1.3298075959716288e-07,6.013275978015629e-07,21730,8,5f137a239e0a6b1c8568edc2557a08cbc06ac9cb9a8c33bcf157053b80d91715,131072,seaquest,21738,195642,202608056116,96,196608,8,768,960,1.0,1,4.423632787959297e-07,4,1.4912365959023805e-05,6.04372706571112e-07,1
2.870961443872837e-07,6.481048846642377e-06,11816,0,5f137a239e0a6b1c8568edc2557a08cbc06ac9cb9a8c33bcf157053b80d91715,131072,seaquest,11816,389928,202608056116,96,393216,32,768,3264,1.0,1,7.294498144664838e-07,16,2.1863881540777852e-05,3.8136230534457755e-06,1
3.0245216353508566e-07,7.249260867136796e-06,11808,8,5f137a239e0a6b1c8568edc2557a08cbc06ac9cb9a8c33bcf157053b80d91715,131072,seaquest,11816,389928,202608056116,96,393216,32,768,3264,1.0,1,7.456635341207498e-07,16,2.2531425194950387e-05,4.280248618881755e-06,1
1.4140196277038855e-08,8.26639101487836e-08,8144,0,5f137a239e0a6b1c8568edc2557a08cbc06ac9cb9a8c33bcf157053b80d91715,131072,seaquest,130304,195456,202608056117,0,196608,8,768,960,0.0,16,2.1762391910272494e-07,4,8.92858311196854e-06,1.253035190208907e-07,16
1.3997042360856541e-08,8.35727347828519e-08,8136,8,5f137a239e0a6b1c8568edc2557a08cbc06ac9cb9a8c33bcf157053b80d91715,131072,seaquest,130304,195456,202608056117,0,196608,8,768,960,0.0,16,2.2066823357148418e-07,4,9.083613688696263e-06,1.251733070416159e-07,16
1.4023902584838764e-08,7.213590191312611e-08,8124,0,5f137a239e0a6b1c8568edc2557a08cbc06ac9cb9a8c33bcf157053b80d91715,131072,seaquest,129984,389952,202608056117,0,393216,32,768,3264,0.0,16,1.4892628977640265e-08,16,1.253035190208907e-07,1.253035190208907e-07,16
1.3905005244087955e-08,7.35333319134006e-08,8116,8,5f137a239e0a6b1c8568edc2557a08cbc06ac9cb9a8c33bcf157053b80d91715,131072,seaquest,129984,389952,202608056117,0,393216,32,768,3264,0.0,16,1.4709845031293155e-08,16,1.251733070416159e-07,1.251733070416159e-07,16
1.9678284098596373e-08,6.424325257126789e-07,16304,0,5f137a239e0a6b1c8568edc2557a08cbc06ac9cb9a8c33bcf157053b80d91715,131072,seaquest,65216,195648,202608056117,13,196608,8,768,960,0.1,4,1.7198386714540454e-08,4,5.273482366873784e-07,5.851519823406338e-06,16
2.2404841474879827e-08,7.3074280979899e-07,16296,8,5f137a239e0a6b1c8568edc2557a08cbc06ac9cb9a8c33bcf157053b80d91715,131072,seaquest,65216,195648,202608056117,13,196608,8,768,960,0.1,4,1.9706261435440532e-08,4,6.067374036903968e-07,5.94794223203685e-06,16
1.39053847061127e-07,5.486665152701565e-06,8124,0,5f137a239e0a6b1c8568edc2557a08cbc06ac9cb9a8c33bcf157053b80d91715,131072,seaquest,129984,389952,202608056117,13,393216,32,768,3264,0.1,16,1.481488424413858e-07,16,5.851519823406338e-06,5.851519823406338e-06,16
1.4157952211625822e-07,5.60230771499343e-06,8116,8,5f137a239e0a6b1c8568edc2557a08cbc06ac9cb9a8c33bcf157053b80d91715,131072,seaquest,129984,389952,202608056117,13,393216,32,768,3264,0.1,16,1.5045329441027972e-07,16,5.94794223203685e-06,5.94794223203685e-06,16
6.034476400801963e-08,2.02259939965937e-06,16304,0,5f137a239e0a6b1c8568edc2557a08cbc06ac9cb9a8c33bcf157053b80d91715,131072,seaquest,65216,195648,202608056117,29,196608,8,768,960,0.3,4,5.678970859813178e-08,4,1.8550345509268512e-06,1.8550345509268512e-06,4
6.211951966762885e-08,2.134216488527605e-06,16296,8,5f137a239e0a6b1c8568edc2557a08cbc06ac9cb9a8c33bcf157053b80d91715,131072,seaquest,65216,195648,202608056117,29,196608,8,768,960,0.3,4,5.857176188327136e-08,4,1.966071933377058e-06,1.966071933377058e-06,4
1.3298439260402e-07,4.95521349185292e-06,8124,0,5f137a239e0a6b1c8568edc2557a08cbc06ac9cb9a8c33bcf157053b80d91715,131072,seaquest,129984,389952,202608056117,29,393216,32,768,3264,0.3,16,1.447037341074522e-07,16,5.464337819911622e-06,5.464337819911622e-06,16
1.338744980798993e-07,4.983471785428981e-06,8116,8,5f137a239e0a6b1c8568edc2557a08cbc06ac9cb9a8c33bcf157053b80d91715,131072,seaquest,129984,389952,202608056117,29,393216,32,768,3264,0.3,16,1.457551424434909e-07,16,5.494409072611161e-06,5.494409072611161e-06,16
5.707826248413132e-09,3.637883953562804e-08,16304,0,5f137a239e0a6b1c8568edc2557a08cbc06ac9cb9a8c33bcf157053b80d91715,131072,seaquest,65216,195648,202608056117,46,196608,8,768,960,0.5,4,6.057006441232717e-09,4,2.68563624220515e-08,2.68563624220515e-08,4
5.742079809922553e-09,4.266583312350789e-08,16296,8,5f137a239e0a6b1c8568edc2557a08cbc06ac9cb9a8c33bcf157053b80d91715,131072,seaquest,65216,195648,202608056117,46,196608,8,768,960,0.5,4,6.1187748659706725e-09,4,3.246702529000343e-08,3.246702529000343e-08,4
1.283385068991977e-08,1.4498409056560218e-07,10832,0,5f137a239e0a6b1c8568edc2557a08cbc06ac9cb9a8c33bcf157053b80d91715,131072,seaquest,43328,389952,202608056117,46,393216,32,768,3264,0.5,4,1.7023186902616047e-07,16,6.772054238537419e-06,6.040526248115867e-08,4
1.412880681238416e-08,1.5761885079193765e-07,10824,8,5f137a239e0a6b1c8568edc2557a08cbc06ac9cb9a8c33bcf157053b80d91715,131072,seaquest,43328,389952,202608056117,46,393216,32,768,3264,0.5,4,1.757183456637962e-07,16,6.995570319226364e-06,6.80596801910029e-08,4
4.564451242092673e-08,1.5001334281359217e-07,21738,0,5f137a239e0a6b1c8568edc2557a08cbc06ac9cb9a8c33bcf157053b80d91715,131072,seaquest,21738,195642,202608056117,65,196608,8,768,960,0.7,1,6.057006441232717e-09,4,2.68563624220515e-08,1.742711218752613e-07,1
4.728116676645863e-08,1.5545444230400973e-07,21730,8,5f137a239e0a6b1c8568edc2557a08cbc06ac9cb9a8c33bcf157053b80d91715,131072,seaquest,21738,195642,202608056117,65,196608,8,768,960,0.7,1,6.1187748659706725e-09,4,3.246702529000343e-08,1.8986722365769433e-07,1
1.283385068991977e-08,1.4498409056560218e-07,10832,0,5f137a239e0a6b1c8568edc2557a08cbc06ac9cb9a8c33bcf157053b80d91715,131072,seaquest,43328,389952,202608056117,65,393216,32,768,3264,0.7,4,3.332031273394e-07,16,1.3310258423333701e-05,6.040526248115867e-08,4
1.412880681238416e-08,1.5761885079193765e-07,10824,8,5f137a239e0a6b1c8568edc2557a08cbc06ac9cb9a8c33bcf157053b80d91715,131072,seaquest,43328,389952,202608056117,65,393216,32,768,3264,0.7,4,3.3955919773236205e-07,16,1.3541921501660993e-05,6.80596801910029e-08,4
4.564451242092673e-08,1.5001334281359217e-07,21738,0,5f137a239e0a6b1c8568edc2557a08cbc06ac9cb9a8c33bcf157053b80d91715,131072,seaquest,21738,195642,202608056117,84,196608,8,768,960,0.9,1,5.678970859813178e-08,4,1.8550345509268512e-06,1.742711218752613e-07,1
4.728116676645863e-08,1.5545444230400973e-07,21730,8,5f137a239e0a6b1c8568edc2557a08cbc06ac9cb9a8c33bcf157053b80d91715,131072,seaquest,21738,195642,202608056117,84,196608,8,768,960,0.9,1,5.857176188327136e-08,4,1.966071933377058e-06,1.8986722365769433e-07,1
1.0081405377750918e-07,3.7889341866560172e-06,10832,0,5f137a239e0a6b1c8568edc2557a08cbc06ac9cb9a8c33bcf157053b80d91715,131072,seaquest,43328,389952,202608056117,84,393216,32,768,3264,0.9,4,4.3907766535216055e-07,16,1.7506466035637762e-05,1.9498384258688545e-06,1
1.0063329764006275e-07,3.783899811459028e-06,10824,8,5f137a239e0a6b1c8568edc2557a08cbc06ac9cb9a8c33bcf157053b80d91715,131072,seaquest,43328,389952,202608056117,84,393216,32,768,3264,0.9,4,4.4947213186592137e-07,16,1.7909889375435014e-05,1.785845331938062e-06,1
4.564451242092673e-08,1.5001334281359217e-07,21738,0,5f137a239e0a6b1c8568edc2557a08cbc06ac9cb9a8c33bcf157053b80d91715,131072,seaquest,21738,195642,202608056117,96,196608,8,768,960,1.0,1,5.678970859813178e-08,4,1.8550345509268512e-06,1.742711218752613e-07,1
4.728116676645863e-08,1.5545444230400973e-07,21730,8,5f137a239e0a6b1c8568edc2557a08cbc06ac9cb9a8c33bcf157053b80d91715,131072,seaquest,21738,195642,202608056117,96,196608,8,768,960,1.0,1,5.857176188327136e-08,4,1.966071933377058e-06,1.8986722365769433e-07,1
8.278568194149295e-08,4.86842760670903e-07,11816,0,5f137a239e0a6b1c8568edc2557a08cbc06ac9cb9a8c33bcf157053b80d91715,131072,seaquest,11816,389928,202608056117,96,393216,32,768,3264,1.0,1,3.491864116073134e-07,16,1.3318748246288087e-05,1.9498384258688545e-06,1
8.24588931498231e-08,4.873519264219648e-07,11808,8,5f137a239e0a6b1c8568edc2557a08cbc06ac9cb9a8c33bcf157053b80d91715,131072,seaquest,11816,389928,202608056117,96,393216,32,768,3264,1.0,1,3.594465073940733e-07,16,1.3713723743265006e-05,1.785845331938062e-06,1
1.1013771669666017e-08,1.7150924940922775e-07,8144,0,5f137a239e0a6b1c8568edc2557a08cbc06ac9cb9a8c33bcf157053b80d91715,131072,seaquest,130304,195456,202608056118,0,196608,8,768,960,0.0,16,2.883317831519904e-07,4,1.2484519130551993e-05,2.463229418284234e-07,16
1.1288125290977683e-08,1.7980874978310621e-07,8136,8,5f137a239e0a6b1c8568edc2557a08cbc06ac9cb9a8c33bcf157053b80d91715,131072,seaquest,130304,195456,202608056118,0,196608,8,768,960,0.0,16,2.861282802359645e-07,4,1.2396527908822e-05,2.4979594522826557e-07,16
1.1027626926162346e-08,1.585731470467926e-07,8124,0,5f137a239e0a6b1c8568edc2557a08cbc06ac9cb9a8c33bcf157053b80d91715,131072,seaquest,129984,389952,202608056118,0,393216,32,768,3264,0.0,16,1.2087133750572677e-08,16,2.463229418284234e-07,2.463229418284234e-07,16
1.1296319757510655e-08,1.671684528863231e-07,8116,8,5f137a239e0a6b1c8568edc2557a08cbc06ac9cb9a8c33bcf157053b80d91715,131072,seaquest,129984,389952,202608056118,0,393216,32,768,3264,0.0,16,1.2219857395935417e-08,16,2.4979594522826557e-07,2.4979594522826557e-07,16
1.726513353465458e-07,6.705094359255429e-06,8144,0,5f137a239e0a6b1c8568edc2557a08cbc06ac9cb9a8c33bcf157053b80d91715,131072,seaquest,130304,195456,202608056118,8,196608,8,768,960,0.1,16,2.883317831519904e-07,4,1.2484519130551993e-05,7.107000408357083e-06,16
1.7670629523935397e-07,6.918188834929783e-06,8136,8,5f137a239e0a6b1c8568edc2557a08cbc06ac9cb9a8c33bcf157053b80d91715,131072,seaquest,130304,195456,202608056118,8,196608,8,768,960,0.1,16,2.861282802359645e-07,4,1.2396527908822e-05,7.277706329920872e-06,16
1.7216814286637894e-07,6.627838131833634e-06,8124,0,5f137a239e0a6b1c8568edc2557a08cbc06ac9cb9a8c33bcf157053b80d91715,131072,seaquest,129984,389952,202608056118,8,393216,32,768,3264,0.1,16,1.7950947505698178e-07,16,7.107000408357083e-06,7.107000408357083e-06,16
1.7638945409443466e-07,6.843073423208088e-06,8116,8,5f137a239e0a6b1c8568edc2557a08cbc06ac9cb9a8c33bcf157053b80d91715,131072,seaquest,129984,389952,202608056118,8,393216,32,768,3264,0.1,16,1.8253738783494474e-07,16,7.277706329920872e-06,7.277706329920872e-06,16
1.0902531698462435e-07,1.5014494720501431e-06,16304,0,5f137a239e0a6b1c8568edc2557a08cbc06ac9cb9a8c33bcf157053b80d91715,131072,seaquest,65216,195648,202608056118,40,196608,8,768,960,0.3,4,1.109864710486548e-07,4,1.7252771522255178e-06,1.7252771522255178e-06,4
1.0788896400627738e-07,1.4853330554431021e-06,16296,8,5f137a239e0a6b1c8568edc2557a08cbc06ac9cb9a8c33bcf157053b80d91715,131072,seaquest,65216,195648,202608056118,40,196608,8,768,960,0.3,4,1.0987729370620603e-07,4,1.7257687166531989e-06,1.7257687166531989e-06,4
2.2604910030776133e-07,8.605660177388525e-06,10832,0,5f137a239e0a6b1c8568edc2557a08cbc06ac9cb9a8c33bcf157053b80d91715,131072,seaquest,43328,389952,202608056118,40,393216,32,768,3264,0.3,4,3.2797117705187524e-07,16,1.3888763026138063e-05,1.3888763026138063e-05,16
2.2579969222921799e-07,8.578236514907402e-06,10824,8,5f137a239e0a6b1c8568edc2557a08cbc06ac9cb9a8c33bcf157053b80d91715,131072,seaquest,43328,389952,202608056118,40,393216,32,768,3264,0.3,4,3.306635138629419e-07,16,1.4084145829531474e-05,1.4084145829531474e-05,16
1.5626290191641388e-07,9.85925660585895e-07,16304,0,5f137a239e0a6b1c8568edc2557a08cbc06ac9cb9a8c33bcf157053b80d91715,131072,seaquest,65216,195648,202608056118,51,196608,8,768,960,0.5,4,1.4961675488832158e-07,4,8.205142093934672e-07,8.205142093934672e-07,4
1.556206572552772e-07,9.829125043263573e-07,16296,8,5f137a239e0a6b1c8568edc2557a08cbc06ac9cb9a8c33bcf157053b80d91715,131072,seaquest,65216,195648,202608056118,51,196608,8,768,960,0.5,4,1.4849909057670002e-07,4,8.062235624125184e-07,8.062235624125184e-07,4
4.315581128999791e-07,1.8334311661873488e-05,10832,0,5f137a239e0a6b1c8568edc2557a08cbc06ac9cb9a8c33bcf157053b80d91715,131072,seaquest,43328,389952,202608056118,51,393216,32,768,3264,0.5,4,1.0235337679909748e-06,16,4.2009904941828914e-05,1.818158070261189e-05,4
4.3815806472394934e-07,1.864234878321635e-05,10824,8,5f137a239e0a6b1c8568edc2557a08cbc06ac9cb9a8c33bcf157053b80d91715,131072,seaquest,43328,389952,202608056118,51,393216,32,768,3264,0.5,4,1.0344379625723218e-06,16,4.280777523814561e-05,1.8617675093857987e-05,4
8.699373029016353e-08,8.255261386473998e-07,21738,0,5f137a239e0a6b1c8568edc2557a08cbc06ac9cb9a8c33bcf157053b80d91715,131072,seaquest,21738,195642,202608056118,65,196608,8,768,960,0.7,1,1.5077320176787034e-07,4,5.110528679350498e-07,9.568710166010846e-07,1
8.529362396200337e-08,8.594735917855658e-07,21730,8,5f137a239e0a6b1c8568edc2557a08cbc06ac9cb9a8c33bcf157053b80d91715,131072,seaquest,21738,195642,202608056118,65,196608,8,768,960,0.7,1,1.4967935505137675e-07,4,5.061234377439539e-07,9.969155320154496e-07,1
2.686642109455783e-07,1.1338828591789988e-05,10832,0,5f137a239e0a6b1c8568edc2557a08cbc06ac9cb9a8c33bcf157053b80d91715,131072,seaquest,43328,389952,202608056118,65,393216,32,768,3264,0.7,4,1.344675957513067e-06,16,5.6923819649270626e-05,1.1497476202310212e-05,4
2.767616950276796e-07,1.1688399412514473e-05,10824,8,5f137a239e0a6b1c8568edc2557a08cbc06ac9cb9a8c33bcf157053b80d91715,131072,seaquest,43328,389952,202608056118,65,393216,32,768,3264,0.7,4,1.3571890482279145e-06,16,5.781978777813471e-05,1.1984387903579452e-05,4
2.5273186623277467e-07,2.066357748170243e-06,21738,0,5f137a239e0a6b1c8568edc2557a08cbc06ac9cb9a8c33bcf157053b80d91715,131072,seaquest,21738,195642,202608056118,90,196608,8,768,960,0.9,1,4.3540628142568156e-07,4,6.92084267286424e-06,2.0265094199128702e-06,1
2.640701961378773e-07,2.2953592367951132e-06,21730,8,5f137a239e0a6b1c8568edc2557a08cbc06ac9cb9a8c33bcf157053b80d91715,131072,seaquest,21738,195642,202608056118,90,196608,8,768,960,0.9,1,4.278550461083261e-07,4,6.672945069868079e-06,2.206642722407845e-06,1
1.0403800227806958e-07,2.29398036904609e-06,11816,0,5f137a239e0a6b1c8568edc2557a08cbc06ac9cb9a8c33bcf157053b80d91715,131072,seaquest,11816,389928,202608056118,90,393216,32,768,3264,0.9,1,1.366076742026472e-06,16,5.811031561292446e-05,2.076504252369699e-06,1
1.1300491388491116e-07,2.5733901066287857e-06,11808,8,5f137a239e0a6b1c8568edc2557a08cbc06ac9cb9a8c33bcf157053b80d91715,131072,seaquest,11816,389928,202608056118,90,393216,32,768,3264,0.9,1,1.3739894947360033e-06,16,5.8775759165420115e-05,2.285094952956581e-06,1
2.5273186623277467e-07,2.066357748170243e-06,21738,0,5f137a239e0a6b1c8568edc2557a08cbc06ac9cb9a8c33bcf157053b80d91715,131072,seaquest,21738,195642,202608056118,96,196608,8,768,960,1.0,1,4.3540628142568156e-07,4,6.92084267286424e-06,2.0265094199128702e-06,1
2.640701961378773e-07,2.2953592367951132e-06,21730,8,5f137a239e0a6b1c8568edc2557a08cbc06ac9cb9a8c33bcf157053b80d91715,131072,seaquest,21738,195642,202608056118,96,196608,8,768,960,1.0,1,4.278550461083261e-07,4,6.672945069868079e-06,2.206642722407845e-06,1
1.0403800227806958e-07,2.29398036904609e-06,11816,0,5f137a239e0a6b1c8568edc2557a08cbc06ac9cb9a8c33bcf157053b80d91715,131072,seaquest,11816,389928,202608056118,96,393216,32,768,3264,1.0,1,1.6222268976539922e-06,16,6.900091215489946e-05,2.076504252369699e-06,1
1.1300491388491116e-07,2.5733901066287857e-06,11808,8,5f137a239e0a6b1c8568edc2557a08cbc06ac9cb9a8c33bcf157053b80d91715,131072,seaquest,11816,389928,202608056118,96,393216,32,768,3264,1.0,1,1.6296394057000528e-06,16,6.975645239254152e-05,2.285094952956581e-06,1
6.662928056743348e-08,2.5302733419131937e-06,8144,0,5f137a239e0a6b1c8568edc2557a08cbc06ac9cb9a8c33bcf157053b80d91715,131072,seaquest,130304,195456,202608056119,0,196608,8,768,960,0.0,16,1.5952091466871144e-07,4,6.7688961226340506e-06,2.605787250665181e-06,16
6.755200229302324e-08,2.5615790517019465e-06,8136,8,5f137a239e0a6b1c8568edc2557a08cbc06ac9cb9a8c33bcf157053b80d91715,131072,seaquest,130304,195456,202608056119,0,196608,8,768,960,0.0,16,1.6265272332174887e-07,4,6.8994653305036805e-06,2.6285315500766995e-06,16
6.628249137523385e-08,2.509784574915563e-06,8124,0,5f137a239e0a6b1c8568edc2557a08cbc06ac9cb9a8c33bcf157053b80d91715,131072,seaquest,129984,389952,202608056119,0,393216,32,768,3264,0.0,16,6.746482734519687e-08,16,2.605787250665181e-06,2.605787250665181e-06,16
6.723556329694004e-08,2.54345856821276e-06,8116,8,5f137a239e0a6b1c8568edc2557a08cbc06ac9cb9a8c33bcf157053b80d91715,131072,seaquest,129984,389952,202608056119,0,393216,32,768,3264,0.0,16,6.828022893346825e-08,16,2.6285315500766995e-06,2.6285315500766995e-06,16
3.913338961875332e-08,3.6216576827237395e-07,8144,0,5f137a239e0a6b1c8568edc2557a08cbc06ac9cb9a8c33bcf157053b80d91715,131072,seaquest,130304,195456,202608056119,9,196608,8,768,960,0.1,16,1.5952091466871144e-07,4,6.7688961226340506e-06,3.055655030409464e-07,16
3.873124383425922e-08,3.6189040841534723e-07,8136,8,5f137a239e0a6b1c8568edc2557a08cbc06ac9cb9a8c33bcf157053b80d91715,131072,seaquest,130304,195456,202608056119,9,196608,8,768,960,0.1,16,1.6265272332174887e-07,4,6.8994653305036805e-06,3.003916132633839e-07,16
3.964987040328519e-08,3.980888881765282e-07,8124,0,5f137a239e0a6b1c8568edc2557a08cbc06ac9cb9a8c33bcf157053b80d91715,131072,seaquest,129984,389952,202608056119,9,393216,32,768,3264,0.1,16,3.7796181425869966e-08,16,3.055655030409464e-07,3.055655030409464e-07,16
3.914666379918843e-08,4.005037936655854e-07,8116,8,5f137a239e0a6b1c8568edc2557a08cbc06ac9cb9a8c33bcf157053b80d91715,131072,seaquest,129984,389952,202608056119,9,393216,32,768,3264,0.1,16,3.7430716075047955e-08,16,3.003916132633839e-07,3.003916132633839e-07,16
2.0310951196432938e-07,8.541333313052489e-06,16304,0,5f137a239e0a6b1c8568edc2557a08cbc06ac9cb9a8c33bcf157053b80d91715,131072,seaquest,65216,195648,202608056119,24,196608,8,768,960,0.3,4,1.6162381712448623e-07,4,6.660148201432351e-06,6.660148201432351e-06,4
2.1294532906734548e-07,8.973643166800133e-06,16296,8,5f137a239e0a6b1c8568edc2557a08cbc06ac9cb9a8c33bcf157053b80d91715,131072,seaquest,65216,195648,202608056119,24,196608,8,768,960,0.3,4,1.6751343730968887e-07,4,6.91278729763568e-06,6.91278729763568e-06,4
6.91777848622557e-08,1.1217897820266646e-06,8124,0,5f137a239e0a6b1c8568edc2557a08cbc06ac9cb9a8c33bcf157053b80d91715,131072,seaquest,129984,389952,202608056119,24,393216,32,768,3264,0.3,16,7.41833965127133e-08,16,1.3697213215725413e-06,1.3697213215725413e-06,16
6.906921148420811e-08,1.1390565033752393e-06,8116,8,5f137a239e0a6b1c8568edc2557a08cbc06ac9cb9a8c33bcf157053b80d91715,131072,seaquest,129984,389952,202608056119,24,393216,32,768,3264,0.3,16,7.480953237980718e-08,16,1.4099138061713166e-06,1.4099138061713166e-06,16
1.410765058042817e-07,3.671627098156611e-06,16304,0,5f137a239e0a6b1c8568edc2557a08cbc06ac9cb9a8c33bcf157053b80d91715,131072,seaquest,65216,195648,202608056119,50,196608,8,768,960,0.5,4,1.0428889420115556e-07,4,1.9460801115909976e-06,1.9460801115909976e-06,4
1.5360591164780532e-07,4.1850571970923245e-06,16296,8,5f137a239e0a6b1c8568edc2557a08cbc06ac9cb9a8c33bcf157053b80d91715,131072,seaquest,65216,195648,202608056119,50,196608,8,768,960,0.5,4,1.1293328381158571e-07,4,2.2026052952922434e-06,2.2026052952922434e-06,4
1.0520937756044302e-07,4.904315618493373e-07,10832,0,5f137a239e0a6b1c8568edc2557a08cbc06ac9cb9a8c33bcf157053b80d91715,131072,seaquest,43328,389952,202608056119,50,393216,32,768,3264,0.5,4,2.7170330840219286e-07,16,5.372641537877416e-06,4.694743007301289e-07,4
1.0704138580739167e-07,4.883914141501344e-07,10824,8,5f137a239e0a6b1c8568edc2557a08cbc06ac9cb9a8c33bcf157053b80d91715,131072,seaquest,43328,389952,202608056119,50,393216,32,768,3264,0.5,4,2.75756120768819e-07,16,5.59554207003027e-06,5.041660098057109e-07,4
4.341245967452556e-07,1.6932053111042114e-05,21738,0,5f137a239e0a6b1c8568edc2557a08cbc06ac9cb9a8c33bcf157053b80d91715,131072,seaquest,21738,195642,202608056119,67,196608,8,768,960,0.7,1,1.0428889420115556e-07,4,1.9460801115909976e-06,1.8295772467127234e-05,1
4.528026710959871e-07,1.780806476306612e-05,21730,8,5f137a239e0a6b1c8568edc2557a08cbc06ac9cb9a8c33bcf157053b80d91715,131072,seaquest,21738,195642,202608056119,67,196608,8,768,960,0.7,1,1.1293328381158571e-07,4,2.2026052952922434e-06,1.9226554590466428e-05,1
1.0520937756044302e-07,4.904315618493373e-07,10832,0,5f137a239e0a6b1c8568edc2557a08cbc06ac9cb9a8c33bcf157053b80d91715,131072,seaquest,43328,389952,202608056119,67,393216,32,768,3264,0.7,4,1.4526425185379786e-07,16,1.156860342235247e-06,4.694743007301289e-07,4
1.0704138580739167e-07,4.883914141501344e-07,10824,8,5f137a239e0a6b1c8568edc2557a08cbc06ac9cb9a8c33bcf157053b80d91715,131072,seaquest,43328,389952,202608056119,67,393216,32,768,3264,0.7,4,1.461181656313695e-07,16,1.2324127024182058e-06,5.041660098057109e-07,4
4.341245967452556e-07,1.6932053111042114e-05,21738,0,5f137a239e0a6b1c8568edc2557a08cbc06ac9cb9a8c33bcf157053b80d91715,131072,seaquest,21738,195642,202608056119,81,196608,8,768,960,0.9,1,1.0428889420115556e-07,4,1.9460801115909976e-06,1.8295772467127234e-05,1
4.528026710959871e-07,1.780806476306612e-05,21730,8,5f137a239e0a6b1c8568edc2557a08cbc06ac9cb9a8c33bcf157053b80d91715,131072,seaquest,21738,195642,202608056119,81,196608,8,768,960,0.9,1,1.1293328381158571e-07,4,2.2026052952922434e-06,1.9226554590466428e-05,1
1.0520937756044302e-07,4.904315618493373e-07,10832,0,5f137a239e0a6b1c8568edc2557a08cbc06ac9cb9a8c33bcf157053b80d91715,131072,seaquest,43328,389952,202608056119,81,393216,32,768,3264,0.9,4,2.2887811724630402e-07,16,4.275526285364118e-06,5.7146891113160344e-06,1
1.0704138580739167e-07,4.883914141501344e-07,10824,8,5f137a239e0a6b1c8568edc2557a08cbc06ac9cb9a8c33bcf157053b80d91715,131072,seaquest,43328,389952,202608056119,81,393216,32,768,3264,0.9,4,2.332587504015292e-07,16,4.471328347936659e-06,6.015735828422694e-06,1
4.341245967452556e-07,1.6932053111042114e-05,21738,0,5f137a239e0a6b1c8568edc2557a08cbc06ac9cb9a8c33bcf157053b80d91715,131072,seaquest,21738,195642,202608056119,96,196608,8,768,960,1.0,1,1.0428889420115556e-07,4,1.9460801115909976e-06,1.8295772467127234e-05,1
4.528026710959871e-07,1.780806476306612e-05,21730,8,5f137a239e0a6b1c8568edc2557a08cbc06ac9cb9a8c33bcf157053b80d91715,131072,seaquest,21738,195642,202608056119,96,196608,8,768,960,1.0,1,1.1293328381158571e-07,4,2.2026052952922434e-06,1.9226554590466428e-05,1
1.9119275319922648e-07,5.179914791408862e-06,11816,0,5f137a239e0a6b1c8568edc2557a08cbc06ac9cb9a8c33bcf157053b80d91715,131072,seaquest,11816,389928,202608056119,96,393216,32,768,3264,1.0,1,2.7170330840219286e-07,16,5.372641537877416e-06,5.7146891113160344e-06,1
1.994156763886003e-07,5.475986590408638e-06,11808,8,5f137a239e0a6b1c8568edc2557a08cbc06ac9cb9a8c33bcf157053b80d91715,131072,seaquest,11816,389928,202608056119,96,393216,32,768,3264,1.0,1,2.75756120768819e-07,16,5.59554207003027e-06,6.015735828422694e-06,1
4.192792110266376e-08,1.1139758563872903e-06,8144,0,5f137a239e0a6b1c8568edc2557a08cbc06ac9cb9a8c33bcf157053b80d91715,131072,seaquest,130304,195456,202608056120,0,196608,8,768,960,0.0,16,5.058977377926885e-08,4,1.0282139591982346e-06,1.211195195973679e-06,16
4.1810063472396355e-08,1.1133330756312784e-06,8136,8,5f137a239e0a6b1c8568edc2557a08cbc06ac9cb9a8c33bcf157053b80d91715,131072,seaquest,130304,195456,202608056120,0,196608,8,768,960,0.0,16,5.061446754816573e-08,4,1.014902148434757e-06,1.2164940045542117e-06,16
4.025232850339297e-08,1.069643004314457e-06,8124,0,5f137a239e0a6b1c8568edc2557a08cbc06ac9cb9a8c33bcf157053b80d91715,131072,seaquest,129984,389952,202608056120,0,393216,32,768,3264,0.0,16,4.532013774193743e-08,16,1.211195195973679e-06,1.211195195973679e-06,16
4.012083327160607e-08,1.0714408196298973e-06,8116,8,5f137a239e0a6b1c8568edc2557a08cbc06ac9cb9a8c33bcf157053b80d91715,131072,seaquest,129984,389952,202608056120,0,393216,32,768,3264,0.0,16,4.543024537404278e-08,16,1.2164940045542117e-06,1.2164940045542117e-06,16
1.5151187289687054e-07,1.5441019866545347e-06,8144,0,5f137a239e0a6b1c8568edc2557a08cbc06ac9cb9a8c33bcf157053b80d91715,131072,seaquest,130304,195456,202608056120,7,196608,8,768,960,0.1,16,2.3546366032507677e-07,4,6.1058729981420135e-06,1.4499164172298812e-06,16
1.5113288307310615e-07,1.5444314994587901e-06,8136,8,5f137a239e0a6b1c8568edc2557a08cbc06ac9cb9a8c33bcf157053b80d91715,131072,seaquest,130304,195456,202608056120,7,196608,8,768,960,0.1,16,2.3668957649419802e-07,4,6.151382178700887e-06,1.4479155095988982e-06,16
1.5300673634075176e-07,1.58682478772034e-06,8124,0,5f137a239e0a6b1c8568edc2557a08cbc06ac9cb9a8c33bcf157053b80d91715,131072,seaquest,129984,389952,202608056120,7,393216,32,768,3264,0.1,16,1.4927255061522554e-07,16,1.4499164172298812e-06,1.4499164172298812e-06,16
1.5254468928098068e-07,1.5800570441987094e-06,8116,8,5f137a239e0a6b1c8568edc2557a08cbc06ac9cb9a8c33bcf157053b80d91715,131072,seaquest,129984,389952,202608056120,7,393216,32,768,3264,0.1,16,1.4874027572264747e-07,16,1.4479155095988982e-06,1.4479155095988982e-06,16
1.0557513344327825e-07,2.795039264080712e-06,16304,0,5f137a239e0a6b1c8568edc2557a08cbc06ac9cb9a8c33bcf157053b80d91715,131072,seaquest,65216,195648,202608056120,31,196608,8,768,960,0.3,4,9.625069006519531e-08,4,2.398192928115374e-06,2.398192928115374e-06,4
1.0774928045101325e-07,2.853013211041618e-06,16296,8,5f137a239e0a6b1c8568edc2557a08cbc06ac9cb9a8c33bcf157053b80d91715,131072,seaquest,65216,195648,202608056120,31,196608,8,768,960,0.3,4,9.792494376326763e-08,4,2.435921522358191e-06,2.435921522358191e-06,4
1.7427027873356099e-07,2.504077428724262e-06,8124,0,5f137a239e0a6b1c8568edc2557a08cbc06ac9cb9a8c33bcf157053b80d91715,131072,seaquest,129984,389952,202608056120,31,393216,32,768,3264,0.3,16,1.6498805833511966e-07,16,2.22924885325555e-06,2.22924885325555e-06,16
1.7381657508523533e-07,2.467837443113255e-06,8116,8,5f137a239e0a6b1c8568edc2557a08cbc06ac9cb9a8c33bcf157053b80d91715,131072,seaquest,129984,389952,202608056120,31,393216,32,768,3264,0.3,16,1.6438506185684139e-07,16,2.1930714879781594e-06,2.1930714879781594e-06,16
5.058740841493684e-07,1.0860897150786933e-05,16304,0,5f137a239e0a6b1c8568edc2557a08cbc06ac9cb9a8c33bcf157053b80d91715,131072,seaquest,65216,195648,202608056120,50,196608,8,768,960,0.5,4,5.166465431179273e-07,4,1.1352766147794243e-05,1.1352766147794243e-05,4
5.126169066374142e-07,1.0914165354974954e-05,16296,8,5f137a239e0a6b1c8568edc2557a08cbc06ac9cb9a8c33bcf157053b80d91715,131072,seaquest,65216,195648,202608056120,50,196608,8,768,960,0.5,4,5.234219672144224e-07,4,1.1418721689314464e-05,1.1418721689314464e-05,4
5.77181744396807e-07,1.686409296456188e-05,10832,0,5f137a239e0a6b1c8568edc2557a08cbc06ac9cb9a8c33bcf157053b80d91715,131072,seaquest,43328,389952,202608056120,50,393216,32,768,3264,0.5,4,6.985687823572578e-07,16,1.3470916166207018e-05,1.4267259578177491e-05,4
5.880565765256578e-07,1.7147811177724076e-05,10824,8,5f137a239e0a6b1c8568edc2557a08cbc06ac9cb9a8c33bcf157053b80d91715,131072,seaquest,43328,389952,202608056120,50,393216,32,768,3264,0.5,4,6.993353112820751e-07,16,1.343527659237649e-05,1.436801120716748e-05,4
1.1891583821846286e-07,1.5740220181484395e-06,21738,0,5f137a239e0a6b1c8568edc2557a08cbc06ac9cb9a8c33bcf157053b80d91715,131072,seaquest,21738,195642,202608056120,67,196608,8,768,960,0.7,1,5.166465431179273e-07,4,1.1352766147794243e-05,1.190776448204485e-06,1
1.1892544010140716e-07,1.5480628037946117e-06,21730,8,5f137a239e0a6b1c8568edc2557a08cbc06ac9cb9a8c33bcf157053b80d91715,131072,seaquest,21738,195642,202608056120,67,196608,8,768,960,0.7,1,5.234219672144224e-07,4,1.1418721689314464e-05,1.151297651813587e-06,1
5.77181744396807e-07,1.686409296456188e-05,10832,0,5f137a239e0a6b1c8568edc2557a08cbc06ac9cb9a8c33bcf157053b80d91715,131072,seaquest,43328,389952,202608056120,67,393216,32,768,3264,0.7,4,1.0843671566563508e-06,16,2.3337513945993457e-05,1.4267259578177491e-05,4
5.880565765256578e-07,1.7147811177724076e-05,10824,8,5f137a239e0a6b1c8568edc2557a08cbc06ac9cb9a8c33bcf157053b80d91715,131072,seaquest,43328,389952,202608056120,67,393216,32,768,3264,0.7,4,1.0909761938341764e-06,16,2.3475267904189733e-05,1.436801120716748e-05,4
1.1891583821846286e-07,1.5740220181484395e-06,21738,0,5f137a239e0a6b1c8568edc2557a08cbc06ac9cb9a8c33bcf157053b80d91715,131072,seaquest,21738,195642,202608056120,89,196608,8,768,960,0.9,1,5.166465431179273e-07,4,1.1352766147794243e-05,1.190776448204485e-06,1
1.1892544010140716e-07,1.5480628037946117e-06,21730,8,5f137a239e0a6b1c8568edc2557a08cbc06ac9cb9a8c33bcf157053b80d91715,131072,seaquest,21738,195642,202608056120,89,196608,8,768,960,0.9,1,5.234219672144224e-07,4,1.1418721689314464e-05,1.151297651813587e-06,1
5.714860519588263e-07,1.672818309744727e-05,11816,0,5f137a239e0a6b1c8568edc2557a08cbc06ac9cb9a8c33bcf157053b80d91715,131072,seaquest,11816,389928,202608056120,89,393216,32,768,3264,0.9,1,9.752545503122006e-07,16,2.166660968528491e-05,1.7803223676787452e-05,1
5.704229133086499e-07,1.634547295919025e-05,11808,8,5f137a239e0a6b1c8568edc2557a08cbc06ac9cb9a8c33bcf157053b80d91715,131072,seaquest,11816,389928,202608056120,89,393216,32,768,3264,0.9,1,9.789307498676606e-07,16,2.1824552617662025e-05,1.7402491934528547e-05,1
1.1891583821846286e-07,1.5740220181484395e-06,21738,0,5f137a239e0a6b1c8568edc2557a08cbc06ac9cb9a8c33bcf157053b80d91715,131072,seaquest,21738,195642,202608056120,96,196608,8,768,960,1.0,1,5.166465431179273e-07,4,1.1352766147794243e-05,1.190776448204485e-06,1
1.1892544010140716e-07,1.5480628037946117e-06,21730,8,5f137a239e0a6b1c8568edc2557a08cbc06ac9cb9a8c33bcf157053b80d91715,131072,seaquest,21738,195642,202608056120,96,196608,8,768,960,1.0,1,5.234219672144224e-07,4,1.1418721689314464e-05,1.151297651813587e-06,1
5.714860519588263e-07,1.672818309744727e-05,11816,0,5f137a239e0a6b1c8568edc2557a08cbc06ac9cb9a8c33bcf157053b80d91715,131072,seaquest,11816,389928,202608056120,96,393216,32,768,3264,1.0,1,1.0843671566563508e-06,16,2.3337513945993457e-05,1.7803223676787452e-05,1
5.704229133086499e-07,1.634547295919025e-05,11808,8,5f137a239e0a6b1c8568edc2557a08cbc06ac9cb9a8c33bcf157053b80d91715,131072,seaquest,11816,389928,202608056120,96,393216,32,768,3264,1.0,1,1.0909761938341764e-06,16,2.3475267904189733e-05,1.7402491934528547e-05,1
3.816373341604275e-08,5.791018631506418e-07,8144,0,5f137a239e0a6b1c8568edc2557a08cbc06ac9cb9a8c33bcf157053b80d91715,131072,seaquest,130304,195456,202608056121,1,196608,8,768,960,0.0,16,4.00471586112448e-08,4,5.858666269698468e-07,7.550420545942428e-07,16
3.763223286217715e-08,5.484388867460446e-07,8136,8,5f137a239e0a6b1c8568edc2557a08cbc06ac9cb9a8c33bcf157053b80d91715,131072,seaquest,130304,195456,202608056121,1,196608,8,768,960,0.0,16,3.905807600264332e-08,4,5.42788963686487e-07,7.271306827651877e-07,16
3.693094856977123e-08,5.184728867782513e-07,8124,0,5f137a239e0a6b1c8568edc2557a08cbc06ac9cb9a8c33bcf157053b80d91715,131072,seaquest,129984,389952,202608056121,1,393216,32,768,3264,0.0,16,4.162393764009552e-08,16,7.550420545942428e-07,7.550420545942428e-07,16
3.658900605472987e-08,4.965562086561326e-07,8116,8,5f137a239e0a6b1c8568edc2557a08cbc06ac9cb9a8c33bcf157053b80d91715,131072,seaquest,129984,389952,202608056121,1,393216,32,768,3264,0.0,16,4.119787736152985e-08,16,7.271306827651877e-07,7.271306827651877e-07,16
5.4567984268581506e-08,6.681706917959832e-07,8144,0,5f137a239e0a6b1c8568edc2557a08cbc06ac9cb9a8c33bcf157053b80d91715,131072,seaquest,130304,195456,202608056121,9,196608,8,768,960,0.1,16,2.723355053015522e-08,4,1.482190524793307e-07,8.688500660462873e-07,16
5.422611283438111e-08,6.337722819655721e-07,8136,8,5f137a239e0a6b1c8568edc2557a08cbc06ac9cb9a8c33bcf157053b80d91715,131072,seaquest,130304,195456,202608056121,9,196608,8,768,960,0.1,16,2.6464957487973873e-08,4,1.3133500310083833e-07,8.47912465190075e-07,16
5.2886429570274106e-08,5.790322991438981e-07,8124,0,5f137a239e0a6b1c8568edc2557a08cbc06ac9cb9a8c33bcf157053b80d91715,131072,seaquest,129984,389952,202608056121,9,393216,32,768,3264,0.1,16,5.899295018411742e-08,16,8.688500660462873e-07,8.688500660462873e-07,16
5.2833309173365605e-08,5.538377236087173e-07,8116,8,5f137a239e0a6b1c8568edc2557a08cbc06ac9cb9a8c33bcf157053b80d91715,131072,seaquest,129984,389952,202608056121,9,393216,32,768,3264,0.1,16,5.8834416396137255e-08,16,8.47912465190075e-07,8.47912465190075e-07,16
6.278218751888139e-08,6.686328147053446e-07,16304,0,5f137a239e0a6b1c8568edc2557a08cbc06ac9cb9a8c33bcf157053b80d91715,131072,seaquest,65216,195648,202608056121,32,196608,8,768,960,0.3,4,6.21116378807331e-08,4,5.50204728437935e-07,5.50204728437935e-07,4
6.336047623626446e-08,6.984692078815328e-07,16296,8,5f137a239e0a6b1c8568edc2557a08cbc06ac9cb9a8c33bcf157053b80d91715,131072,seaquest,65216,195648,202608056121,32,196608,8,768,960,0.3,4,6.273415434949452e-08,4,5.81617044897556e-07,5.81617044897556e-07,4
5.99519597660754e-08,3.9864759700044194e-07,10832,0,5f137a239e0a6b1c8568edc2557a08cbc06ac9cb9a8c33bcf157053b80d91715,131072,seaquest,43328,389952,202608056121,32,393216,32,768,3264,0.3,4,7.015450110235603e-07,16,2.5253952216701983e-05,2.5253952216701983e-05,16
5.98207712860669e-08,3.805901143938299e-07,10824,8,5f137a239e0a6b1c8568edc2557a08cbc06ac9cb9a8c33bcf157053b80d91715,131072,seaquest,43328,389952,202608056121,32,393216,32,768,3264,0.3,4,6.998775483482284e-07,16,2.5101365807358118e-05,2.5101365807358118e-05,16
2.7180091074526136e-08,1.0909495709396108e-07,16304,0,5f137a239e0a6b1c8568edc2557a08cbc06ac9cb9a8c33bcf157053b80d91715,131072,seaquest,65216,195648,202608056121,46,196608,8,768,960,0.5,4,2.723355053015522e-08,4,1.482190524793307e-07,1.482190524793307e-07,4
2.658002775696558e-08,1.0015876206925418e-07,16296,8,5f137a239e0a6b1c8568edc2557a08cbc06ac9cb9a8c33bcf157053b80d91715,131072,seaquest,65216,195648,202608056121,46,196608,8,768,960,0.5,4,2.6464957487973873e-08,4,1.3133500310083833e-07,1.3133500310083833e-07,4
1.2104505318562644e-07,4.536660509058699e-06,10832,0,5f137a239e0a6b1c8568edc2557a08cbc06ac9cb9a8c33bcf157053b80d91715,131072,seaquest,43328,389952,202608056121,46,393216,32,768,3264,0.5,4,6.610265432165656e-07,16,2.197553345133074e-05,5.128803023274964e-06,4
1.233308409240146e-07,4.650654167248558e-06,10824,8,5f137a239e0a6b1c8568edc2557a08cbc06ac9cb9a8c33bcf157053b80d91715,131072,seaquest,43328,389952,202608056121,46,393216,32,768,3264,0.5,4,6.644641954252621e-07,16,2.194064594341134e-05,5.245419595617682e-06,4
2.944692694505426e-07,1.0396189981457306e-06,21738,0,5f137a239e0a6b1c8568edc2557a08cbc06ac9cb9a8c33bcf157053b80d91715,131072,seaquest,21738,195642,202608056121,67,196608,8,768,960,0.7,1,5.829345064189198e-07,4,1.5905222511627614e-05,1.0434353369919178e-06,1
3.1655367013314673e-07,1.1109024550125197e-06,21730,8,5f137a239e0a6b1c8568edc2557a08cbc06ac9cb9a8c33bcf157053b80d91715,131072,seaquest,21738,195642,202608056121,67,196608,8,768,960,0.7,1,5.97924623658615e-07,4,1.6390457777765185e-05,1.105432054834462e-06,1
3.7697188265745444e-07,6.017850404526526e-06,10832,0,5f137a239e0a6b1c8568edc2557a08cbc06ac9cb9a8c33bcf157053b80d91715,131072,seaquest,43328,389952,202608056121,67,393216,32,768,3264,0.7,4,9.682870020237338e-07,16,3.509432379176136e-05,3.042142239274348e-06,4
3.6910051225978124e-07,5.657963211811266e-06,10824,8,5f137a239e0a6b1c8568edc2557a08cbc06ac9cb9a8c33bcf157053b80d91715,131072,seaquest,43328,389952,202608056121,67,393216,32,768,3264,0.7,4,9.682344605992938e-07,16,3.4943757698256406e-05,2.9508850111308957e-06,4
2.944692694505426e-07,1.0396189981457306e-06,21738,0,5f137a239e0a6b1c8568edc2557a08cbc06ac9cb9a8c33bcf157053b80d91715,131072,seaquest,21738,195642,202608056121,90,196608,8,768,960,0.9,1,5.829345064189198e-07,4,1.5905222511627614e-05,1.0434353369919178e-06,1
3.1655367013314673e-07,1.1109024550125197e-06,21730,8,5f137a239e0a6b1c8568edc2557a08cbc06ac9cb9a8c33bcf157053b80d91715,131072,seaquest,21738,195642,202608056121,90,196608,8,768,960,0.9,1,5.97924623658615e-07,4,1.6390457777765185e-05,1.105432054834462e-06,1
5.160262906390727e-07,4.378557555453838e-06,11816,0,5f137a239e0a6b1c8568edc2557a08cbc06ac9cb9a8c33bcf157053b80d91715,131072,seaquest,11816,389928,202608056121,90,393216,32,768,3264,0.9,1,1.4459777804766365e-06,16,5.069510233915432e-05,3.858355227989252e-06,1
5.236310295153333e-07,4.531088067643246e-06,11808,8,5f137a239e0a6b1c8568edc2557a08cbc06ac9cb9a8c33bcf157053b80d91715,131072,seaquest,11816,389928,202608056121,90,393216,32,768,3264,0.9,1,1.4516347751767906e-06,16,5.045239205558184e-05,3.9815874599093835e-06,1
2.944692694505426e-07,1.0396189981457306e-06,21738,0,5f137a239e0a6b1c8568edc2557a08cbc06ac9cb9a8c33bcf157053b80d91715,131072,seaquest,21738,195642,202608056121,96,196608,8,768,960,1.0,1,5.829345064189198e-07,4,1.5905222511627614e-05,1.0434353369919178e-06,1
3.1655367013314673e-07,1.1109024550125197e-06,21730,8,5f137a239e0a6b1c8568edc2557a08cbc06ac9cb9a8c33bcf157053b80d91715,131072,seaquest,21738,195642,202608056121,96,196608,8,768,960,1.0,1,5.97924623658615e-07,4,1.6390457777765185e-05,1.105432054834462e-06,1
5.160262906390727e-07,4.378557555453838e-06,11816,0,5f137a239e0a6b1c8568edc2557a08cbc06ac9cb9a8c33bcf157053b80d91715,131072,seaquest,11816,389928,202608056121,96,393216,32,768,3264,1.0,1,1.4459777804766365e-06,16,5.069510233915432e-05,3.858355227989252e-06,1
5.236310295153333e-07,4.531088067643246e-06,11808,8,5f137a239e0a6b1c8568edc2557a08cbc06ac9cb9a8c33bcf157053b80d91715,131072,seaquest,11816,389928,202608056121,96,393216,32,768,3264,1.0,1,1.4516347751767906e-06,16,5.045239205558184e-05,3.9815874599093835e-06,1
1.9071126584607797e-08,1.5353061549954944e-07,8144,0,5f137a239e0a6b1c8568edc2557a08cbc06ac9cb9a8c33bcf157053b80d91715,131072,seaquest,130304,195456,202608056122,0,196608,8,768,960,0.0,16,8.464720466899696e-08,4,2.328619537746376e-06,1.6715284766786088e-07,16
1.8907650183276305e-08,1.60938028740225e-07,8136,8,5f137a239e0a6b1c8568edc2557a08cbc06ac9cb9a8c33bcf157053b80d91715,131072,seaquest,130304,195456,202608056122,0,196608,8,768,960,0.0,16,8.512921919631249e-08,4,2.3721624858848243e-06,1.792625715202789e-07,16
1.8450030473219758e-08,1.4983157572486034e-07,8124,0,5f137a239e0a6b1c8568edc2557a08cbc06ac9cb9a8c33bcf157053b80d91715,131072,seaquest,129984,389952,202608056122,0,393216,32,768,3264,0.0,16,2.0442493165038524e-08,16,1.6715284766786088e-07,1.6715284766786088e-07,16
1.8266081949420145e-08,1.5789929927744398e-07,8116,8,5f137a239e0a6b1c8568edc2557a08cbc06ac9cb9a8c33bcf157053b80d91715,131072,seaquest,129984,389952,202608056122,0,393216,32,768,3264,0.0,16,2.053336934555735e-08,16,1.792625715202789e-07,1.792625715202789e-07,16
2.19608364877299e-07,1.5173830107009435e-06,8144,0,5f137a239e0a6b1c8568edc2557a08cbc06ac9cb9a8c33bcf157053b80d91715,131072,seaquest,130304,195456,202608056122,4,196608,8,768,960,0.1,16,1.3216099563817167e-07,4,5.320407659873805e-06,1.4435582703390803e-06,16
2.2867409577161448e-07,1.5859732113523251e-06,8136,8,5f137a239e0a6b1c8568edc2557a08cbc06ac9cb9a8c33bcf157053b80d91715,131072,seaquest,130304,195456,202608056122,4,196608,8,768,960,0.1,16,1.328539123484772e-07,4,5.367884133009803e-06,1.4904209555491622e-06,16
2.2389959159354549e-07,1.5835952956633026e-06,8124,0,5f137a239e0a6b1c8568edc2557a08cbc06ac9cb9a8c33bcf157053b80d91715,131072,seaquest,129984,389952,202608056122,4,393216,32,768,3264,0.1,16,2.1270119927437597e-07,16,1.4435582703390803e-06,1.4435582703390803e-06,16
2.3069520232190458e-07,1.6115920133265724e-06,8116,8,5f137a239e0a6b1c8568edc2557a08cbc06ac9cb9a8c33bcf157053b80d91715,131072,seaquest,129984,389952,202608056122,4,393216,32,768,3264,0.1,16,2.2076388170026053e-07,16,1.4904209555491622e-06,1.4904209555491622e-06,16
8.513034539268397e-07,3.696970650851884e-05,16304,0,5f137a239e0a6b1c8568edc2557a08cbc06ac9cb9a8c33bcf157053b80d91715,131072,seaquest,65216,195648,202608056122,39,196608,8,768,960,0.3,4,8.484104866764814e-07,4,3.6817496105909686e-05,3.6817496105909686e-05,4
8.33338297868145e-07,3.614122321588838e-05,16296,8,5f137a239e0a6b1c8568edc2557a08cbc06ac9cb9a8c33bcf157053b80d91715,131072,seaquest,65216,195648,202608056122,39,196608,8,768,960,0.3,4,8.379015791013825e-07,4,3.634573920544667e-05,3.634573920544667e-05,4
2.55934800255572e-07,5.800755819217698e-06,10832,0,5f137a239e0a6b1c8568edc2557a08cbc06ac9cb9a8c33bcf157053b80d91715,131072,seaquest,43328,389952,202608056122,39,393216,32,768,3264,0.3,4,4.1135524134521404e-07,16,1.5020502269903023e-06,1.5020502269903023e-06,16
2.6119721701197546e-07,5.5883379688879286e-06,10824,8,5f137a239e0a6b1c8568edc2557a08cbc06ac9cb9a8c33bcf157053b80d91715,131072,seaquest,43328,389952,202608056122,39,393216,32,768,3264,0.3,4,4.3703018129561917e-07,16,1.5669300246696901e-06,1.5669300246696901e-06,16
3.1072031463821057e-07,1.3178108125570753e-05,16304,0,5f137a239e0a6b1c8568edc2557a08cbc06ac9cb9a8c33bcf157053b80d91715,131072,seaquest,65216,195648,202608056122,41,196608,8,768,960,0.5,4,2.9652935891501785e-07,4,1.2552451874058992e-05,1.2552451874058992e-05,4
3.061341166274219e-07,1.2971693381772678e-05,16296,8,5f137a239e0a6b1c8568edc2557a08cbc06ac9cb9a8c33bcf157053b80d91715,131072,seaquest,65216,195648,202608056122,41,196608,8,768,960,0.5,4,2.941212619598412e-07,4,1.2447590012662721e-05,1.2447590012662721e-05,4
1.4491836912309407e-07,4.0737318237504115e-06,10832,0,5f137a239e0a6b1c8568edc2557a08cbc06ac9cb9a8c33bcf157053b80d91715,131072,seaquest,43328,389952,202608056122,41,393216,32,768,3264,0.5,4,5.889281722244714e-07,16,3.157810898263438e-06,4.45830707473908e-06,4
1.44647863304805e-07,4.017818471945444e-06,10824,8,5f137a239e0a6b1c8568edc2557a08cbc06ac9cb9a8c33bcf157053b80d91715,131072,seaquest,43328,389952,202608056122,41,393216,32,768,3264,0.5,4,6.195833078857316e-07,16,3.1780633686373273e-06,4.37020258995891e-06,4
1.4497666676412049e-07,1.4398144851663942e-06,21738,0,5f137a239e0a6b1c8568edc2557a08cbc06ac9cb9a8c33bcf157053b80d91715,131072,seaquest,21738,195642,202608056122,66,196608,8,768,960,0.7,1,6.065330534601416e-07,4,2.4669699093420988e-05,1.3675305416693824e-06,1
1.4599758026369448e-07,1.375622943387246e-06,21730,8,5f137a239e0a6b1c8568edc2557a08cbc06ac9cb9a8c33bcf157053b80d91715,131072,seaquest,21738,195642,202608056122,66,196608,8,768,960,0.7,1,5.99166291337367e-07,4,2.433706983602638e-05,1.3485720195198537e-06,1
2.239849001284886e-07,6.639860030937157e-06,10832,0,5f137a239e0a6b1c8568edc2557a08cbc06ac9cb9a8c33bcf157053b80d91715,131072,seaquest,43328,389952,202608056122,66,393216,32,768,3264,0.7,4,5.278101778838988e-07,16,2.8454996136284547e-06,7.218245594845066e-06,4
2.2786741176351764e-07,6.6209537511348e-06,10824,8,5f137a239e0a6b1c8568edc2557a08cbc06ac9cb9a8c33bcf157053b80d91715,131072,seaquest,43328,389952,202608056122,66,393216,32,768,3264,0.7,4,5.598587169068213e-07,16,2.8911592754771787e-06,7.198353583724913e-06,4
1.4497666676412049e-07,1.4398144851663942e-06,21738,0,5f137a239e0a6b1c8568edc2557a08cbc06ac9cb9a8c33bcf157053b80d91715,131072,seaquest,21738,195642,202608056122,86,196608,8,768,960,0.9,1,8.484104866764814e-07,4,3.6817496105909686e-05,1.3675305416693824e-06,1
1.4599758026369448e-07,1.375622943387246e-06,21730,8,5f137a239e0a6b1c8568edc2557a08cbc06ac9cb9a8c33bcf157053b80d91715,131072,seaquest,21738,195642,202608056122,86,196608,8,768,960,0.9,1,8.379015791013825e-07,4,3.634573920544667e-05,1.3485720195198537e-06,1
3.797550575541158e-07,1.522446731381943e-05,11816,0,5f137a239e0a6b1c8568edc2557a08cbc06ac9cb9a8c33bcf157053b80d91715,131072,seaquest,11816,389928,202608056122,86,393216,32,768,3264,0.9,1,7.706790553793529e-07,16,2.9142102511179112e-06,1.329397101872462e-05,1
3.799866053545042e-07,1.5040453733542251e-05,11808,8,5f137a239e0a6b1c8568edc2557a08cbc06ac9cb9a8c33bcf157053b80d91715,131072,seaquest,11816,389928,202608056122,86,393216,32,768,3264,0.9,1,8.308702195556732e-07,16,3.0382598346290414e-06,1.285037445605524e-05,1
1.4497666676412049e-07,1.4398144851663942e-06,21738,0,5f137a239e0a6b1c8568edc2557a08cbc06ac9cb9a8c33bcf157053b80d91715,131072,seaquest,21738,195642,202608056122,96,196608,8,768,960,1.0,1,8.484104866764814e-07,4,3.6817496105909686e-05,1.3675305416693824e-06,1
1.4599758026369448e-07,1.375622943387246e-06,21730,8,5f137a239e0a6b1c8568edc2557a08cbc06ac9cb9a8c33bcf157053b80d91715,131072,seaquest,21738,195642,202608056122,96,196608,8,768,960,1.0,1,8.379015791013825e-07,4,3.634573920544667e-05,1.3485720195198537e-06,1
3.797550575541158e-07,1.522446731381943e-05,11816,0,5f137a239e0a6b1c8568edc2557a08cbc06ac9cb9a8c33bcf157053b80d91715,131072,seaquest,11816,389928,202608056122,96,393216,32,768,3264,1.0,1,7.706790553793529e-07,16,2.9142102511179112e-06,1.329397101872462e-05,1
3.799866053545042e-07,1.5040453733542251e-05,11808,8,5f137a239e0a6b1c8568edc2557a08cbc06ac9cb9a8c33bcf157053b80d91715,131072,seaquest,11816,389928,202608056122,96,393216,32,768,3264,1.0,1,8.308702195556732e-07,16,3.0382598346290414e-06,1.285037445605524e-05,1
6.310928286946222e-08,1.9899639523022736e-06,8144,0,5f137a239e0a6b1c8568edc2557a08cbc06ac9cb9a8c33bcf157053b80d91715,131072,seaquest,130304,195456,202608056123,0,196608,8,768,960,0.0,16,1.8739604296451992e-07,4,6.225619920697627e-06,1.9674192487840437e-06,16
6.354272378649582e-08,2.0042473265469315e-06,8136,8,5f137a239e0a6b1c8568edc2557a08cbc06ac9cb9a8c33bcf157053b80d91715,131072,seaquest,130304,195456,202608056123,0,196608,8,768,960,0.0,16,1.8725096916433038e-07,4,6.220229920856199e-06,1.9938031121974672e-06,16
6.297199749535124e-08,1.977108349186744e-06,8124,0,5f137a239e0a6b1c8568edc2557a08cbc06ac9cb9a8c33bcf157053b80d91715,131072,seaquest,129984,389952,202608056123,0,393216,32,768,3264,0.0,16,6.160164108368965e-08,16,1.9674192487840437e-06,1.9674192487840437e-06,16
6.322432675979609e-08,1.987646990078928e-06,8116,8,5f137a239e0a6b1c8568edc2557a08cbc06ac9cb9a8c33bcf157053b80d91715,131072,seaquest,129984,389952,202608056123,0,393216,32,768,3264,0.0,16,6.23988740590206e-08,16,1.9938031121974672e-06,1.9938031121974672e-06,16
2.5950581438922374e-07,1.0637782461687272e-05,8144,0,5f137a239e0a6b1c8568edc2557a08cbc06ac9cb9a8c33bcf157053b80d91715,131072,seaquest,130304,195456,202608056123,7,196608,8,768,960,0.1,16,2.989941294991869e-07,4,1.0424750320957188e-05,1.0659416138025798e-05,16
2.595546115150042e-07,1.0665988463081133e-05,8136,8,5f137a239e0a6b1c8568edc2557a08cbc06ac9cb9a8c33bcf157053b80d91715,131072,seaquest,130304,195456,202608056123,7,196608,8,768,960,0.1,16,3.0174557078369906e-07,4,1.0519690466085293e-05,1.072199975963634e-05,16
2.5882002529804826e-07,1.0587985744328718e-05,8124,0,5f137a239e0a6b1c8568edc2557a08cbc06ac9cb9a8c33bcf157053b80d91715,131072,seaquest,129984,389952,202608056123,7,393216,32,768,3264,0.1,16,2.5865931471972094e-07,16,1.0659416138025798e-05,1.0659416138025798e-05,16
2.5930829143408597e-07,1.0634625976790365e-05,8116,8,5f137a239e0a6b1c8568edc2557a08cbc06ac9cb9a8c33bcf157053b80d91715,131072,seaquest,129984,389952,202608056123,7,393216,32,768,3264,0.1,16,2.5954217567031737e-07,16,1.072199975963634e-05,1.072199975963634e-05,16
3.204700877536673e-07,1.1314379318204292e-05,16304,0,5f137a239e0a6b1c8568edc2557a08cbc06ac9cb9a8c33bcf157053b80d91715,131072,seaquest,65216,195648,202608056123,38,196608,8,768,960,0.3,4,2.989941294991869e-07,4,1.0424750320957188e-05,1.0424750320957188e-05,4
3.236591613226705e-07,1.1421819641254265e-05,16296,8,5f137a239e0a6b1c8568edc2557a08cbc06ac9cb9a8c33bcf157053b80d91715,131072,seaquest,65216,195648,202608056123,38,196608,8,768,960,0.3,4,3.0174557078369906e-07,4,1.0519690466085293e-05,1.0519690466085293e-05,4
7.01951750189649e-08,1.986440677419619e-06,10832,0,5f137a239e0a6b1c8568edc2557a08cbc06ac9cb9a8c33bcf157053b80d91715,131072,seaquest,43328,389952,202608056123,38,393216,32,768,3264,0.3,4,2.871101059892858e-07,16,1.235829314269451e-05,1.235829314269451e-05,16
6.877358670224526e-08,1.9408491752188474e-06,10824,8,5f137a239e0a6b1c8568edc2557a08cbc06ac9cb9a8c33bcf157053b80d91715,131072,seaquest,43328,389952,202608056123,38,393216,32,768,3264,0.3,4,2.9066737540334703e-07,16,1.253918313505506e-05,1.253918313505506e-05,16
1.7837081887133303e-07,5.557526965171786e-06,16304,0,5f137a239e0a6b1c8568edc2557a08cbc06ac9cb9a8c33bcf157053b80d91715,131072,seaquest,65216,195648,202608056123,49,196608,8,768,960,0.5,4,1.6789444560163568e-07,4,5.126710275874811e-06,5.126710275874811e-06,4
1.8052187121163832e-07,5.601128777049347e-06,16296,8,5f137a239e0a6b1c8568edc2557a08cbc06ac9cb9a8c33bcf157053b80d91715,131072,seaquest,65216,195648,202608056123,49,196608,8,768,960,0.5,4,1.6937057917512776e-07,4,5.1449429217127314e-06,5.1449429217127314e-06,4
3.388543156094749e-08,1.764697630406851e-07,10832,0,5f137a239e0a6b1c8568edc2557a08cbc06ac9cb9a8c33bcf157053b80d91715,131072,seaquest,43328,389952,202608056123,49,393216,32,768,3264,0.5,4,5.422717272581463e-07,16,2.2928277516668914e-05,4.6959249818897715e-07,4
3.241358998950866e-08,1.6460770828442875e-07,10824,8,5f137a239e0a6b1c8568edc2557a08cbc06ac9cb9a8c33bcf157053b80d91715,131072,seaquest,43328,389952,202608056123,49,393216,32,768,3264,0.5,4,5.550408511704544e-07,16,2.358787363379164e-05,4.275351179091078e-07,4
1.6733436991465373e-07,2.3078725346188457e-06,16304,0,5f137a239e0a6b1c8568edc2557a08cbc06ac9cb9a8c33bcf157053b80d91715,131072,seaquest,65216,195648,202608056123,61,196608,8,768,960,0.7,4,1.61596001528851e-07,4,2.1045955785569555e-06,8.581347467946283e-06,1
1.6535597305935522e-07,2.2256859636519525e-06,16296,8,5f137a239e0a6b1c8568edc2557a08cbc06ac9cb9a8c33bcf157053b80d91715,131072,seaquest,65216,195648,202608056123,61,196608,8,768,960,0.7,4,1.5901849829822009e-07,4,2.0076535684576845e-06,8.461775426296135e-06,1
1.9998245254192156e-07,2.6452348331155884e-06,10832,0,5f137a239e0a6b1c8568edc2557a08cbc06ac9cb9a8c33bcf157053b80d91715,131072,seaquest,43328,389952,202608056123,61,393216,32,768,3264,0.7,4,6.316631767612106e-07,16,2.546820739123446e-05,1.8624631392083379e-06,4
2.038787646738352e-07,2.807640785251013e-06,10824,8,5f137a239e0a6b1c8568edc2557a08cbc06ac9cb9a8c33bcf157053b80d91715,131072,seaquest,43328,389952,202608056123,61,393216,32,768,3264,0.7,4,6.480612547490336e-07,16,2.6430790971920004e-05,1.941575224089214e-06,4
1.0467215853153858e-07,3.6082769664733757e-06,21738,0,5f137a239e0a6b1c8568edc2557a08cbc06ac9cb9a8c33bcf157053b80d91715,131072,seaquest,21738,195642,202608056123,88,196608,8,768,960,0.9,1,1.5160091938899152e-07,4,6.533464963887028e-07,3.3899474370870686e-06,1
1.0844366321656305e-07,3.7709125929272246e-06,21730,8,5f137a239e0a6b1c8568edc2557a08cbc06ac9cb9a8c33bcf157053b80d91715,131072,seaquest,21738,195642,202608056123,88,196608,8,768,960,0.9,1,1.466892746029214e-07,4,5.794913879885131e-07,3.566785374743131e-06,1
4.3194934234423477e-07,1.0076855879466601e-05,11816,0,5f137a239e0a6b1c8568edc2557a08cbc06ac9cb9a8c33bcf157053b80d91715,131072,seaquest,11816,389928,202608056123,88,393216,32,768,3264,0.9,1,5.473773614642433e-07,16,2.038568366202895e-05,9.442942676250031e-06,1
4.167959874353522e-07,9.445864463286578e-06,11808,8,5f137a239e0a6b1c8568edc2557a08cbc06ac9cb9a8c33bcf157053b80d91715,131072,seaquest,11816,389928,202608056123,88,393216,32,768,3264,0.9,1,5.627620830589813e-07,16,2.1337462406131315e-05,8.790199313721363e-06,1
1.0467215853153858e-07,3.6082769664733757e-06,21738,0,5f137a239e0a6b1c8568edc2557a08cbc06ac9cb9a8c33bcf157053b80d91715,131072,seaquest,21738,195642,202608056123,96,196608,8,768,960,1.0,1,1.5160091938899152e-07,4,6.533464963887028e-07,3.3899474370870686e-06,1
1.0844366321656305e-07,3.7709125929272246e-06,21730,8,5f137a239e0a6b1c8568edc2557a08cbc06ac9cb9a8c33bcf157053b80d91715,131072,seaquest,21738,195642,202608056123,96,196608,8,768,960,1.0,1,1.466892746029214e-07,4,5.794913879885131e-07,3.566785374743131e-06,1
4.3194934234423477e-07,1.0076855879466601e-05,11816,0,5f137a239e0a6b1c8568edc2557a08cbc06ac9cb9a8c33bcf157053b80d91715,131072,seaquest,11816,389928,202608056123,96,393216,32,768,3264,1.0,1,7.537211850748109e-07,16,2.9152730477292127e-05,9.442942676250031e-06,1
4.167959874353522e-07,9.445864463286578e-06,11808,8,5f137a239e0a6b1c8568edc2557a08cbc06ac9cb9a8c33bcf157053b80d91715,131072,seaquest,11816,389928,202608056123,96,393216,32,768,3264,1.0,1,7.770502727138081e-07,16,3.05304140431566e-05,8.790199313721363e-06,1
2.490841744726929e-08,4.207639347833036e-07,8144,0,5f137a239e0a6b1c8568edc2557a08cbc06ac9cb9a8c33bcf157053b80d91715,131072,seaquest,130304,195456,202608056124,0,196608,8,768,960,0.0,16,1.0335460159817683e-07,4,2.3208055438191535e-06,4.978352322759636e-07,16
2.4932112831952707e-08,4.2562453614534007e-07,8136,8,5f137a239e0a6b1c8568edc2557a08cbc06ac9cb9a8c33bcf157053b80d91715,131072,seaquest,130304,195456,202608056124,0,196608,8,768,960,0.0,16,1.0417878578316814e-07,4,2.3119803263554566e-06,5.034646688920065e-07,16
2.4114716861456678e-08,4.022869349737902e-07,8124,0,5f137a239e0a6b1c8568edc2557a08cbc06ac9cb9a8c33bcf157053b80d91715,131072,seaquest,129984,389952,202608056124,0,393216,32,768,3264,0.0,16,2.7765437171355478e-08,16,4.978352322759636e-07,4.978352322759636e-07,16
2.404770728923614e-08,4.0511764143729546e-07,8116,8,5f137a239e0a6b1c8568edc2557a08cbc06ac9cb9a8c33bcf157053b80d91715,131072,seaquest,129984,389952,202608056124,0,393216,32,768,3264,0.0,16,2.770449027656986e-08,16,5.034646688920065e-07,5.034646688920065e-07,16
1.8021695591094653e-07,6.271055274748884e-06,8144,0,5f137a239e0a6b1c8568edc2557a08cbc06ac9cb9a8c33bcf157053b80d91715,131072,seaquest,130304,195456,202608056124,7,196608,8,768,960,0.1,16,1.0335460159817683e-07,4,2.3208055438191535e-06,6.812679443722569e-06,16
1.7953834116270401e-07,6.23357904424751e-06,8136,8,5f137a239e0a6b1c8568edc2557a08cbc06ac9cb9a8c33bcf157053b80d91715,131072,seaquest,130304,195456,202608056124,7,196608,8,768,960,0.1,16,1.0417878578316814e-07,4,2.3119803263554566e-06,6.8551702858132225e-06,16
1.7115642803194348e-07,5.952999536971594e-06,8124,0,5f137a239e0a6b1c8568edc2557a08cbc06ac9cb9a8c33bcf157053b80d91715,131072,seaquest,129984,389952,202608056124,7,393216,32,768,3264,0.1,16,1.9717023024012915e-07,16,6.812679443722569e-06,6.812679443722569e-06,16
1.6936685154529212e-07,5.875876996017937e-06,8116,8,5f137a239e0a6b1c8568edc2557a08cbc06ac9cb9a8c33bcf157053b80d91715,131072,seaquest,129984,389952,202608056124,7,393216,32,768,3264,0.1,16,1.9848034918465542e-07,16,6.8551702858132225e-06,6.8551702858132225e-06,16
2.1408507554327347e-07,8.377304089567591e-06,16304,0,5f137a239e0a6b1c8568edc2557a08cbc06ac9cb9a8c33bcf157053b80d91715,131072,seaquest,65216,195648,202608056124,33,196608,8,768,960,0.3,4,2.389531842721853e-07,4,9.500524201824245e-06,9.500524201824245e-06,4
2.134019641129302e-07,8.40268072525089e-06,16296,8,5f137a239e0a6b1c8568edc2557a08cbc06ac9cb9a8c33bcf157053b80d91715,131072,seaquest,65216,195648,202608056124,33,196608,8,768,960,0.3,4,2.39030157468607e-07,4,9.558096869862836e-06,9.558096869862836e-06,4
1.3956505529195265e-07,4.313042323191867e-06,10832,0,5f137a239e0a6b1c8568edc2557a08cbc06ac9cb9a8c33bcf157053b80d91715,131072,seaquest,43328,389952,202608056124,33,393216,32,768,3264,0.3,4,3.3907767616810494e-07,16,1.1932815298936858e-05,1.1932815298936858e-05,16
1.408265354186173e-07,4.346944047289252e-06,10824,8,5f137a239e0a6b1c8568edc2557a08cbc06ac9cb9a8c33bcf157053b80d91715,131072,seaquest,43328,389952,202608056124,33,393216,32,768,3264,0.3,4,3.405771820945873e-07,16,1.1941783691586072e-05,1.1941783691586072e-05,16
4.930483269189345e-07,2.045556597895726e-05,16304,0,5f137a239e0a6b1c8568edc2557a08cbc06ac9cb9a8c33bcf157053b80d91715,131072,seaquest,65216,195648,202608056124,44,196608,8,768,960,0.5,4,5.370258838336999e-07,4,2.2396887565102107e-05,2.2396887565102107e-05,4
4.86778765389011e-07,2.0332816050926267e-05,16296,8,5f137a239e0a6b1c8568edc2557a08cbc06ac9cb9a8c33bcf157053b80d91715,131072,seaquest,65216,195648,202608056124,44,196608,8,768,960,0.5,4,5.322371557515632e-07,4,2.2333610467254775e-05,2.2333610467254775e-05,4
8.914343486905613e-08,4.866603137901487e-07,10832,0,5f137a239e0a6b1c8568edc2557a08cbc06ac9cb9a8c33bcf157053b80d91715,131072,seaquest,43328,389952,202608056124,44,393216,32,768,3264,0.5,4,3.426041357688571e-07,16,1.2667323315771234e-05,2.674937088544677e-07,4
8.932004413360432e-08,5.132654919989787e-07,10824,8,5f137a239e0a6b1c8568edc2557a08cbc06ac9cb9a8c33bcf157053b80d91715,131072,seaquest,43328,389952,202608056124,44,393216,32,768,3264,0.5,4,3.425597574320418e-07,16,1.2625856835928947e-05,2.680260607104358e-07,4
2.2790124996483723e-07,3.3849816570079664e-06,21738,0,5f137a239e0a6b1c8568edc2557a08cbc06ac9cb9a8c33bcf157053b80d91715,131072,seaquest,21738,195642,202608056124,73,196608,8,768,960,0.7,1,6.575980135700295e-07,4,2.833639723077679e-05,2.4542672895373596e-06,1
2.2830783406619712e-07,3.586320211569704e-06,21730,8,5f137a239e0a6b1c8568edc2557a08cbc06ac9cb9a8c33bcf157053b80d91715,131072,seaquest,21738,195642,202608056124,73,196608,8,768,960,0.7,1,6.617296218640562e-07,4,2.859723196931724e-05,2.6245103857778845e-06,1
1.3613788472063986e-07,2.665160599301477e-06,10832,0,5f137a239e0a6b1c8568edc2557a08cbc06ac9cb9a8c33bcf157053b80d91715,131072,seaquest,43328,389952,202608056124,73,393216,32,768,3264,0.7,4,5.023376153731853e-07,16,1.667282043884837e-05,3.951297087114002e-06,4
1.3849579169093066e-07,2.698386583845075e-06,10824,8,5f137a239e0a6b1c8568edc2557a08cbc06ac9cb9a8c33bcf157053b80d91715,131072,seaquest,43328,389952,202608056124,73,393216,32,768,3264,0.7,4,5.018680437912804e-07,16,1.6476395615185637e-05,3.991117133362741e-06,4
2.2790124996483723e-07,3.3849816570079664e-06,21738,0,5f137a239e0a6b1c8568edc2557a08cbc06ac9cb9a8c33bcf157053b80d91715,131072,seaquest,21738,195642,202608056124,92,196608,8,768,960,0.9,1,7.303673497432624e-07,4,3.128692263956028e-05,2.4542672895373596e-06,1
2.2830783406619712e-07,3.586320211569704e-06,21730,8,5f137a239e0a6b1c8568edc2557a08cbc06ac9cb9a8c33bcf157053b80d91715,131072,seaquest,21738,195642,202608056124,92,196608,8,768,960,0.9,1,7.334579694634237e-07,4,3.1598545029813285e-05,2.6245103857778845e-06,1
2.880470962311751e-07,8.633821218483749e-06,11816,0,5f137a239e0a6b1c8568edc2557a08cbc06ac9cb9a8c33bcf157053b80d91715,131072,seaquest,11816,389928,202608056124,92,393216,32,768,3264,0.9,1,9.78441323583862e-07,16,3.3881132370863134e-05,1.1683564923303722e-05,1
2.8641858550712714e-07,8.395759688555161e-06,11808,8,5f137a239e0a6b1c8568edc2557a08cbc06ac9cb9a8c33bcf157053b80d91715,131072,seaquest,11816,389928,202608056124,92,393216,32,768,3264,0.9,1,9.740060730189911e-07,16,3.33243873055268e-05,1.1436562119295015e-05,1
2.2790124996483723e-07,3.3849816570079664e-06,21738,0,5f137a239e0a6b1c8568edc2557a08cbc06ac9cb9a8c33bcf157053b80d91715,131072,seaquest,21738,195642,202608056124,96,196608,8,768,960,1.0,1,7.303673497432624e-07,4,3.128692263956028e-05,2.4542672895373596e-06,1
2.2830783406619712e-07,3.586320211569704e-06,21730,8,5f137a239e0a6b1c8568edc2557a08cbc06ac9cb9a8c33bcf157053b80d91715,131072,seaquest,21738,195642,202608056124,96,196608,8,768,960,1.0,1,7.334579694634237e-07,4,3.1598545029813285e-05,2.6245103857778845e-06,1
2.880470962311751e-07,8.633821218483749e-06,11816,0,5f137a239e0a6b1c8568edc2557a08cbc06ac9cb9a8c33bcf157053b80d91715,131072,seaquest,11816,389928,202608056124,96,393216,32,768,3264,1.0,1,9.78441323583862e-07,16,3.3881132370863134e-05,1.1683564923303722e-05,1
2.8641858550712714e-07,8.395759688555161e-06,11808,8,5f137a239e0a6b1c8568edc2557a08cbc06ac9cb9a8c33bcf157053b80d91715,131072,seaquest,11816,389928,202608056124,96,393216,32,768,3264,1.0,1,9.740060730189911e-07,16,3.33243873055268e-05,1.1436562119295015e-05,1
1.0667789665253219e-07,3.680781139338147e-06,8144,0,5f137a239e0a6b1c8568edc2557a08cbc06ac9cb9a8c33bcf157053b80d91715,131072,seaquest,130304,195456,202608056125,0,196608,8,768,960,0.0,16,1.0441914037020173e-07,4,3.2532437689134903e-06,3.6156616875029474e-06,16
1.059620084359837e-07,3.6428993083914664e-06,8136,8,5f137a239e0a6b1c8568edc2557a08cbc06ac9cb9a8c33bcf157053b80d91715,131072,seaquest,130304,195456,202608056125,0,196608,8,768,960,0.0,16,1.0445045054236286e-07,4,3.2567230817682354e-06,3.5522758799113326e-06,16
1.0855278572749962e-07,3.729160180138643e-06,8124,0,5f137a239e0a6b1c8568edc2557a08cbc06ac9cb9a8c33bcf157053b80d91715,131072,seaquest,129984,389952,202608056125,0,393216,32,768,3264,0.0,16,1.027670997679448e-07,16,3.6156616875029474e-06,3.6156616875029474e-06,16
1.0779936009340622e-07,3.6914669228919225e-06,8116,8,5f137a239e0a6b1c8568edc2557a08cbc06ac9cb9a8c33bcf157053b80d91715,131072,seaquest,129984,389952,202608056125,0,393216,32,768,3264,0.0,16,1.0167777671912027e-07,16,3.5522758799113326e-06,3.5522758799113326e-06,16
1.8671782360739664e-07,5.183853144864847e-06,16304,0,5f137a239e0a6b1c8568edc2557a08cbc06ac9cb9a8c33bcf157053b80d91715,131072,seaquest,65216,195648,202608056125,11,196608,8,768,960,0.1,4,1.709009282984381e-07,4,4.290299497525346e-06,1.0683479772092849e-05,16
1.86559200365774e-07,5.176350143293728e-06,16296,8,5f137a239e0a6b1c8568edc2557a08cbc06ac9cb9a8c33bcf157053b80d91715,131072,seaquest,65216,195648,202608056125,11,196608,8,768,960,0.1,4,1.7033347094635326e-07,4,4.251677897772034e-06,1.0571706138696296e-05,16
3.023741949231558e-07,1.0707171439696426e-05,8124,0,5f137a239e0a6b1c8568edc2557a08cbc06ac9cb9a8c33bcf157053b80d91715,131072,seaquest,129984,389952,202608056125,11,393216,32,768,3264,0.1,16,2.9570031355712296e-07,16,1.0683479772092849e-05,1.0683479772092849e-05,16
3.0008026605699297e-07,1.0540877991799392e-05,8116,8,5f137a239e0a6b1c8568edc2557a08cbc06ac9cb9a8c33bcf157053b80d91715,131072,seaquest,129984,389952,202608056125,11,393216,32,768,3264,0.1,16,2.939781575225628e-07,16,1.0571706138696296e-05,1.0571706138696296e-05,16
2.4295560212606135e-07,4.150335495596563e-06,16304,0,5f137a239e0a6b1c8568edc2557a08cbc06ac9cb9a8c33bcf157053b80d91715,131072,seaquest,65216,195648,202608056125,25,196608,8,768,960,0.3,4,1.9627982251096249e-07,4,2.2148271509281177e-06,2.2148271509281177e-06,4
2.4565638258107397e-07,4.297124925268461e-06,16296,8,5f137a239e0a6b1c8568edc2557a08cbc06ac9cb9a8c33bcf157053b80d91715,131072,seaquest,65216,195648,202608056125,25,196608,8,768,960,0.3,4,1.9683743531436973e-07,4,2.2507800406649117e-06,2.2507800406649117e-06,4
1.0637134686362266e-06,4.16909962572308e-05,8124,0,5f137a239e0a6b1c8568edc2557a08cbc06ac9cb9a8c33bcf157053b80d91715,131072,seaquest,129984,389952,202608056125,25,393216,32,768,3264,0.3,16,1.0735923799446094e-06,16,4.279306938828537e-05,4.279306938828537e-05,16
1.060322343332133e-06,4.127247417349363e-05,8116,8,5f137a239e0a6b1c8568edc2557a08cbc06ac9cb9a8c33bcf157053b80d91715,131072,seaquest,129984,389952,202608056125,25,393216,32,768,3264,0.3,16,1.0758164104103093e-06,16,4.272742778681304e-05,4.272742778681304e-05,16
3.349177709490076e-07,6.092942186547857e-06,16304,0,5f137a239e0a6b1c8568edc2557a08cbc06ac9cb9a8c33bcf157053b80d91715,131072,seaquest,65216,195648,202608056125,48,196608,8,768,960,0.5,4,2.5654374662575457e-07,4,2.9403297136924373e-06,2.9403297136924373e-06,4
3.434811337188445e-07,6.432409348425077e-06,16296,8,5f137a239e0a6b1c8568edc2557a08cbc06ac9cb9a8c33bcf157053b80d91715,131072,seaquest,65216,195648,202608056125,48,196608,8,768,960,0.5,4,2.604404238412738e-07,4,3.0717694367084834e-06,3.0717694367084834e-06,4
2.1643478431409043e-07,4.958473509004179e-06,10832,0,5f137a239e0a6b1c8568edc2557a08cbc06ac9cb9a8c33bcf157053b80d91715,131072,seaquest,43328,389952,202608056125,48,393216,32,768,3264,0.5,4,2.2621464987662e-06,16,9.040352495924042e-05,2.5159093979455603e-06,4
2.2521225697987473e-07,4.93040625694396e-06,10824,8,5f137a239e0a6b1c8568edc2557a08cbc06ac9cb9a8c33bcf157053b80d91715,131072,seaquest,43328,389952,202608056125,48,393216,32,768,3264,0.5,4,2.270149803778564e-06,16,9.06813690686625e-05,2.353549104383716e-06,4
1.9282688197592156e-07,7.109726389380465e-07,21738,0,5f137a239e0a6b1c8568edc2557a08cbc06ac9cb9a8c33bcf157053b80d91715,131072,seaquest,21738,195642,202608056125,72,196608,8,768,960,0.7,1,2.5654374662575457e-07,4,2.9403297136924373e-06,7.388972604232051e-07,1
1.960946463632244e-07,7.396182657782513e-07,21730,8,5f137a239e0a6b1c8568edc2557a08cbc06ac9cb9a8c33bcf157053b80d91715,131072,seaquest,21738,195642,202608056125,72,196608,8,768,960,0.7,1,2.604404238412738e-07,4,3.0717694367084834e-06,7.603785467151263e-07,1
2.1643478431409043e-07,4.958473509004179e-06,10832,0,5f137a239e0a6b1c8568edc2557a08cbc06ac9cb9a8c33bcf157053b80d91715,131072,seaquest,43328,389952,202608056125,72,393216,32,768,3264,0.7,4,1.828197892071314e-06,16,7.211356371360346e-05,2.5159093979455603e-06,4
2.2521225697987473e-07,4.93040625694396e-06,10824,8,5f137a239e0a6b1c8568edc2557a08cbc06ac9cb9a8c33bcf157053b80d91715,131072,seaquest,43328,389952,202608056125,72,393216,32,768,3264,0.7,4,1.832428826376245e-06,16,7.227425176762929e-05,2.353549104383716e-06,4
1.9282688197592156e-07,7.109726389380465e-07,21738,0,5f137a239e0a6b1c8568edc2557a08cbc06ac9cb9a8c33bcf157053b80d91715,131072,seaquest,21738,195642,202608056125,83,196608,8,768,960,0.9,1,2.5654374662575457e-07,4,2.9403297136924373e-06,7.388972604232051e-07,1
1.960946463632244e-07,7.396182657782513e-07,21730,8,5f137a239e0a6b1c8568edc2557a08cbc06ac9cb9a8c33bcf157053b80d91715,131072,seaquest,21738,195642,202608056125,83,196608,8,768,960,0.9,1,2.604404238412738e-07,4,3.0717694367084834e-06,7.603785467151263e-07,1
2.1643478431409043e-07,4.958473509004179e-06,10832,0,5f137a239e0a6b1c8568edc2557a08cbc06ac9cb9a8c33bcf157053b80d91715,131072,seaquest,43328,389952,202608056125,83,393216,32,768,3264,0.9,4,2.2621464987662e-06,16,9.040352495924042e-05,6.312739708167767e-06,1
2.2521225697987473e-07,4.93040625694396e-06,10824,8,5f137a239e0a6b1c8568edc2557a08cbc06ac9cb9a8c33bcf157053b80d91715,131072,seaquest,43328,389952,202608056125,83,393216,32,768,3264,0.9,4,2.270149803778564e-06,16,9.06813690686625e-05,5.866310402263665e-06,1
1.9282688197592156e-07,7.109726389380465e-07,21738,0,5f137a239e0a6b1c8568edc2557a08cbc06ac9cb9a8c33bcf157053b80d91715,131072,seaquest,21738,195642,202608056125,96,196608,8,768,960,1.0,1,2.5654374662575457e-07,4,2.9403297136924373e-06,7.388972604232051e-07,1
1.960946463632244e-07,7.396182657782513e-07,21730,8,5f137a239e0a6b1c8568edc2557a08cbc06ac9cb9a8c33bcf157053b80d91715,131072,seaquest,21738,195642,202608056125,96,196608,8,768,960,1.0,1,2.604404238412738e-07,4,3.0717694367084834e-06,7.603785467151263e-07,1
2.948654105757932e-07,6.531904150079869e-06,11816,0,5f137a239e0a6b1c8568edc2557a08cbc06ac9cb9a8c33bcf157053b80d91715,131072,seaquest,11816,389928,202608056125,96,393216,32,768,3264,1.0,1,2.4581171471959825e-06,16,9.747019471939268e-05,6.312739708167767e-06,1
2.9458552651812335e-07,6.08052546123731e-06,11808,8,5f137a239e0a6b1c8568edc2557a08cbc06ac9cb9a8c33bcf157053b80d91715,131072,seaquest,11816,389928,202608056125,96,393216,32,768,3264,1.0,1,2.466205817556267e-06,16,9.78223461105314e-05,5.866310402263665e-06,1
1.2331381449134918e-08,1.0960810288887526e-07,8144,0,5f137a239e0a6b1c8568edc2557a08cbc06ac9cb9a8c33bcf157053b80d91715,131072,seaquest,130304,195456,202608056126,0,196608,8,768,960,0.0,16,1.4600043384280009e-08,4,3.3389846268141537e-07,1.1182382737462988e-07,16
1.2430355470855544e-08,1.1347664678231942e-07,8136,8,5f137a239e0a6b1c8568edc2557a08cbc06ac9cb9a8c33bcf157053b80d91715,131072,seaquest,130304,195456,202608056126,0,196608,8,768,960,0.0,16,1.408537825922282e-08,4,3.219172727434516e-07,1.0967161826219041e-07,16
1.239447416942885e-08,1.1774543387534047e-07,8124,0,5f137a239e0a6b1c8568edc2557a08cbc06ac9cb9a8c33bcf157053b80d91715,131072,seaquest,129984,389952,202608056126,0,393216,32,768,3264,0.0,16,1.2360976482662458e-08,16,1.1182382737462988e-07,1.1182382737462988e-07,16
1.247180395138989e-08,1.229182628582738e-07,8116,8,5f137a239e0a6b1c8568edc2557a08cbc06ac9cb9a8c33bcf157053b80d91715,131072,seaquest,129984,389952,202608056126,0,393216,32,768,3264,0.0,16,1.2388111321675276e-08,16,1.0967161826219041e-07,1.0967161826219041e-07,16
2.337116872201228e-07,8.620049941235746e-06,8144,0,5f137a239e0a6b1c8568edc2557a08cbc06ac9cb9a8c33bcf157053b80d91715,131072,seaquest,130304,195456,202608056126,10,196608,8,768,960,0.1,16,1.604654760302964e-07,4,2.8891472034394727e-06,9.171650231840794e-06,16
2.3331928925612086e-07,8.613323074806183e-06,8136,8,5f137a239e0a6b1c8568edc2557a08cbc06ac9cb9a8c33bcf157053b80d91715,131072,seaquest,130304,195456,202608056126,10,196608,8,768,960,0.1,16,1.6347738579802457e-07,4,3.044299205511967e-06,9.048582893947667e-06,16
2.2855705826503208e-07,8.428607726624298e-06,8124,0,5f137a239e0a6b1c8568edc2557a08cbc06ac9cb9a8c33bcf157053b80d91715,131072,seaquest,129984,389952,202608056126,10,393216,32,768,3264,0.1,16,2.470046065183972e-07,16,9.171650231840794e-06,9.171650231840794e-06,16
2.2777999007583055e-07,8.404296144057925e-06,8116,8,5f137a239e0a6b1c8568edc2557a08cbc06ac9cb9a8c33bcf157053b80d91715,131072,seaquest,129984,389952,202608056126,10,393216,32,768,3264,0.1,16,2.441856659508628e-07,16,9.048582893947667e-06,9.048582893947667e-06,16
3.1730631680848946e-07,9.16838220543388e-06,16304,0,5f137a239e0a6b1c8568edc2557a08cbc06ac9cb9a8c33bcf157053b80d91715,131072,seaquest,65216,195648,202608056126,27,196608,8,768,960,0.3,4,3.185629094599417e-07,4,9.017646041349488e-06,9.017646041349488e-06,4
3.273690341018745e-07,9.612994505352141e-06,16296,8,5f137a239e0a6b1c8568edc2557a08cbc06ac9cb9a8c33bcf157053b80d91715,131072,seaquest,65216,195648,202608056126,27,196608,8,768,960,0.3,4,3.2586802379382236e-07,4,9.345222299529422e-06,9.345222299529422e-06,4
3.662107619554399e-07,1.3335450818121956e-05,8124,0,5f137a239e0a6b1c8568edc2557a08cbc06ac9cb9a8c33bcf157053b80d91715,131072,seaquest,129984,389952,202608056126,27,393216,32,768,3264,0.3,16,3.8852542884872393e-07,16,1.3950338729510348e-05,1.3950338729510348e-05,16
3.6204049739572525e-07,1.3150947968252978e-05,8116,8,5f137a239e0a6b1c8568edc2557a08cbc06ac9cb9a8c33bcf157053b80d91715,131072,seaquest,129984,389952,202608056126,27,393216,32,768,3264,0.3,16,3.830618755573549e-07,16,1.3696505947577832e-05,1.3696505947577832e-05,16
1.5737272190018652e-07,2.8535819975418943e-06,16304,0,5f137a239e0a6b1c8568edc2557a08cbc06ac9cb9a8c33bcf157053b80d91715,131072,seaquest,65216,195648,202608056126,50,196608,8,768,960,0.5,4,1.604654760302964e-07,4,2.8891472034394727e-06,2.8891472034394727e-06,4
1.6254607758585073e-07,3.063805957430883e-06,16296,8,5f137a239e0a6b1c8568edc2557a08cbc06ac9cb9a8c33bcf157053b80d91715,131072,seaquest,65216,195648,202608056126,50,196608,8,768,960,0.5,4,1.6347738579802457e-07,4,3.044299205511967e-06,3.044299205511967e-06,4
1.084315961484209e-07,2.0479255577468495e-06,10832,0,5f137a239e0a6b1c8568edc2557a08cbc06ac9cb9a8c33bcf157053b80d91715,131072,seaquest,43328,389952,202608056126,50,393216,32,768,3264,0.5,4,4.619578531749872e-07,16,1.4499239004809528e-05,1.3702960431478705e-06,4
1.0426138415519731e-07,1.8974728055545715e-06,10824,8,5f137a239e0a6b1c8568edc2557a08cbc06ac9cb9a8c33bcf157053b80d91715,131072,seaquest,43328,389952,202608056126,50,393216,32,768,3264,0.5,4,4.5252323977397284e-07,16,1.4060235970662595e-05,1.2836214634400757e-06,4
3.1730631680848946e-07,9.16838220543388e-06,16304,0,5f137a239e0a6b1c8568edc2557a08cbc06ac9cb9a8c33bcf157053b80d91715,131072,seaquest,65216,195648,202608056126,59,196608,8,768,960,0.7,4,3.185629094599417e-07,4,9.017646041349488e-06,1.002931989340426e-06,1
3.273690341018745e-07,9.612994505352141e-06,16296,8,5f137a239e0a6b1c8568edc2557a08cbc06ac9cb9a8c33bcf157053b80d91715,131072,seaquest,65216,195648,202608056126,59,196608,8,768,960,0.7,4,3.2586802379382236e-07,4,9.345222299529422e-06,1.061908179290995e-06,1
6.301434729883797e-08,4.2675334733927963e-07,10832,0,5f137a239e0a6b1c8568edc2557a08cbc06ac9cb9a8c33bcf157053b80d91715,131072,seaquest,43328,389952,202608056126,59,393216,32,768,3264,0.7,4,8.008007869087644e-07,16,2.8467343583778823e-05,2.409378914471039e-07,4
6.280225776471868e-08,4.101312485067114e-07,10824,8,5f137a239e0a6b1c8568edc2557a08cbc06ac9cb9a8c33bcf157053b80d91715,131072,seaquest,43328,389952,202608056126,59,393216,32,768,3264,0.7,4,7.859197484426219e-07,16,2.7780526254182357e-05,2.42162984585415e-07,4
2.3235470632129173e-07,1.6984620979811108e-06,21738,0,5f137a239e0a6b1c8568edc2557a08cbc06ac9cb9a8c33bcf157053b80d91715,131072,seaquest,21738,195642,202608056126,92,196608,8,768,960,0.9,1,4.989929147114693e-07,4,1.3555814545554915e-05,1.6888829856623281e-06,1
2.2978882577222114e-07,1.5406644746043157e-06,21730,8,5f137a239e0a6b1c8568edc2557a08cbc06ac9cb9a8c33bcf157053b80d91715,131072,seaquest,21738,195642,202608056126,92,196608,8,768,960,0.9,1,5.1219489093104e-07,4,1.4084225982750832e-05,1.5365845841124284e-06,1
2.842597059341562e-07,1.1744544277319166e-06,11816,0,5f137a239e0a6b1c8568edc2557a08cbc06ac9cb9a8c33bcf157053b80d91715,131072,seaquest,11816,389928,202608056126,92,393216,32,768,3264,0.9,1,9.891937788799835e-07,16,3.3951934466656555e-05,1.2830891893982384e-06,1
2.9661707718414e-07,1.2554288953079073e-06,11808,8,5f137a239e0a6b1c8568edc2557a08cbc06ac9cb9a8c33bcf157053b80d91715,131072,seaquest,11816,389928,202608056126,92,393216,32,768,3264,0.9,1,9.703578806154206e-07,16,3.3009740116740737e-05,1.3858786145727786e-06,1
2.3235470632129173e-07,1.6984620979811108e-06,21738,0,5f137a239e0a6b1c8568edc2557a08cbc06ac9cb9a8c33bcf157053b80d91715,131072,seaquest,21738,195642,202608056126,96,196608,8,768,960,1.0,1,4.989929147114693e-07,4,1.3555814545554915e-05,1.6888829856623281e-06,1
2.2978882577222114e-07,1.5406644746043157e-06,21730,8,5f137a239e0a6b1c8568edc2557a08cbc06ac9cb9a8c33bcf157053b80d91715,131072,seaquest,21738,195642,202608056126,96,196608,8,768,960,1.0,1,5.1219489093104e-07,4,1.4084225982750832e-05,1.5365845841124284e-06,1
2.842597059341562e-07,1.1744544277319166e-06,11816,0,5f137a239e0a6b1c8568edc2557a08cbc06ac9cb9a8c33bcf157053b80d91715,131072,seaquest,11816,389928,202608056126,96,393216,32,768,3264,1.0,1,9.891937788799835e-07,16,3.3951934466656555e-05,1.2830891893982384e-06,1
2.9661707718414e-07,1.2554288953079073e-06,11808,8,5f137a239e0a6b1c8568edc2557a08cbc06ac9cb9a8c33bcf157053b80d91715,131072,seaquest,11816,389928,202608056126,96,393216,32,768,3264,1.0,1,9.703578806154206e-07,16,3.3009740116740737e-05,1.3858786145727786e-06,1
1.870203462419929e-08,6.424442155629365e-07,8144,0,5f137a239e0a6b1c8568edc2557a08cbc06ac9cb9a8c33bcf157053b80d91715,131072,seaquest,130304,195456,202608056127,0,196608,8,768,960,0.0,16,2.0516130899504092e-08,4,9.676525662800802e-08,7.074133491595283e-07,16
1.8269423683656166e-08,6.265493466537881e-07,8136,8,5f137a239e0a6b1c8568edc2557a08cbc06ac9cb9a8c33bcf157053b80d91715,131072,seaquest,130304,195456,202608056127,0,196608,8,768,960,0.0,16,2.054749563485354e-08,4,9.732343246628982e-08,7.020636941684881e-07,16
1.8496896766816545e-08,6.152845574532937e-07,8124,0,5f137a239e0a6b1c8568edc2557a08cbc06ac9cb9a8c33bcf157053b80d91715,131072,seaquest,129984,389952,202608056127,0,393216,32,768,3264,0.0,16,1.9272266838640675e-08,16,7.074133491595283e-07,7.074133491595283e-07,16
1.8061951717932428e-08,5.980039709959038e-07,8116,8,5f137a239e0a6b1c8568edc2557a08cbc06ac9cb9a8c33bcf157053b80d91715,131072,seaquest,129984,389952,202608056127,0,393216,32,768,3264,0.0,16,1.906921575853664e-08,16,7.020636941684881e-07,7.020636941684881e-07,16
1.9742586110833568e-07,8.37416394111558e-06,8144,0,5f137a239e0a6b1c8568edc2557a08cbc06ac9cb9a8c33bcf157053b80d91715,131072,seaquest,130304,195456,202608056127,5,196608,8,768,960,0.1,16,5.317082538509803e-08,4,8.694480718814274e-07,9.71900781966371e-06,16
1.9955225231467518e-07,8.482774042491913e-06,8136,8,5f137a239e0a6b1c8568edc2557a08cbc06ac9cb9a8c33bcf157053b80d91715,131072,seaquest,130304,195456,202608056127,5,196608,8,768,960,0.1,16,5.4368063572471086e-08,4,8.86886213488213e-07,9.738399977632963e-06,16
1.8698302078388068e-07,7.939491599109098e-06,8124,0,5f137a239e0a6b1c8568edc2557a08cbc06ac9cb9a8c33bcf157053b80d91715,131072,seaquest,129984,389952,202608056127,5,393216,32,768,3264,0.1,16,2.2928318913931876e-07,16,9.71900781966371e-06,9.71900781966371e-06,16
1.888750217306437e-07,8.038620573220705e-06,8116,8,5f137a239e0a6b1c8568edc2557a08cbc06ac9cb9a8c33bcf157053b80d91715,131072,seaquest,129984,389952,202608056127,5,393216,32,768,3264,0.1,16,2.2944553958466782e-07,16,9.738399977632963e-06,9.738399977632963e-06,16
6.223672424131054e-08,1.1025694569105596e-06,16304,0,5f137a239e0a6b1c8568edc2557a08cbc06ac9cb9a8c33bcf157053b80d91715,131072,seaquest,65216,195648,202608056127,29,196608,8,768,960,0.3,4,5.717308220694251e-08,4,9.103686331055946e-07,9.103686331055946e-07,4
6.213143499868071e-08,1.0936152063049667e-06,16296,8,5f137a239e0a6b1c8568edc2557a08cbc06ac9cb9a8c33bcf157053b80d91715,131072,seaquest,65216,195648,202608056127,29,196608,8,768,960,0.3,4,5.709211482024409e-08,4,9.024901558654716e-07,9.024901558654716e-07,4
1.909320310627506e-07,7.941337711456147e-06,8124,0,5f137a239e0a6b1c8568edc2557a08cbc06ac9cb9a8c33bcf157053b80d91715,131072,seaquest,129984,389952,202608056127,29,393216,32,768,3264,0.3,16,2.1114843613883714e-07,16,8.745805468264952e-06,8.745805468264952e-06,16
1.9105718526838045e-07,7.943657102759302e-06,8116,8,5f137a239e0a6b1c8568edc2557a08cbc06ac9cb9a8c33bcf157053b80d91715,131072,seaquest,129984,389952,202608056127,29,393216,32,768,3264,0.3,16,2.0954781405523505e-07,16,8.668090919877444e-06,8.668090919877444e-06,16
7.563180220896237e-08,1.9555535771876415e-06,16304,0,5f137a239e0a6b1c8568edc2557a08cbc06ac9cb9a8c33bcf157053b80d91715,131072,seaquest,65216,195648,202608056127,54,196608,8,768,960,0.5,4,6.807552880050654e-08,4,1.6371016922953286e-06,1.6371016922953286e-06,4
7.574470979880205e-08,1.9290985775539533e-06,16296,8,5f137a239e0a6b1c8568edc2557a08cbc06ac9cb9a8c33bcf157053b80d91715,131072,seaquest,65216,195648,202608056127,54,196608,8,768,960,0.5,4,6.819482380870002e-08,4,1.6112520607794493e-06,1.6112520607794493e-06,4
1.0913812297951828e-07,2.785040351047547e-06,10832,0,5f137a239e0a6b1c8568edc2557a08cbc06ac9cb9a8c33bcf157053b80d91715,131072,seaquest,43328,389952,202608056127,54,393216,32,768,3264,0.5,4,2.106218317774673e-07,16,8.862119478080127e-06,4.111287734770157e-06,4
1.1284004262154391e-07,2.8606889928223443e-06,10824,8,5f137a239e0a6b1c8568edc2557a08cbc06ac9cb9a8c33bcf157053b80d91715,131072,seaquest,43328,389952,202608056127,54,393216,32,768,3264,0.5,4,2.113127145196296e-07,16,8.903402568735257e-06,4.192499317667983e-06,4
1.4612880042062908e-07,5.351083502332428e-06,21738,0,5f137a239e0a6b1c8568edc2557a08cbc06ac9cb9a8c33bcf157053b80d91715,131072,seaquest,21738,195642,202608056127,72,196608,8,768,960,0.7,1,1.8132261489819545e-07,4,3.9262555663365185e-06,4.386727119878273e-06,1
1.3393612773193859e-07,4.813943210805498e-06,21730,8,5f137a239e0a6b1c8568edc2557a08cbc06ac9cb9a8c33bcf157053b80d91715,131072,seaquest,21738,195642,202608056127,72,196608,8,768,960,0.7,1,1.7015505594070557e-07,4,3.50785823510548e-06,3.940661319594946e-06,1
1.0582267757089624e-07,5.492091311758084e-07,10832,0,5f137a239e0a6b1c8568edc2557a08cbc06ac9cb9a8c33bcf157053b80d91715,131072,seaquest,43328,389952,202608056127,72,393216,32,768,3264,0.7,4,2.820873057279326e-07,16,1.1743740243123438e-05,1.2521298814594933e-06,4
1.0647139225549986e-07,5.445235682874806e-07,10824,8,5f137a239e0a6b1c8568edc2557a08cbc06ac9cb9a8c33bcf157053b80d91715,131072,seaquest,43328,389952,202608056127,72,393216,32,768,3264,0.7,4,2.833236707618793e-07,16,1.1824624012493125e-05,1.1990664127964814e-06,4
1.4612880042062908e-07,5.351083502332428e-06,21738,0,5f137a239e0a6b1c8568edc2557a08cbc06ac9cb9a8c33bcf157053b80d91715,131072,seaquest,21738,195642,202608056127,89,196608,8,768,960,0.9,1,2.172130071152454e-07,4,3.604160311916076e-06,4.386727119878273e-06,1
1.3393612773193859e-07,4.813943210805498e-06,21730,8,5f137a239e0a6b1c8568edc2557a08cbc06ac9cb9a8c33bcf157053b80d91715,131072,seaquest,21738,195642,202608056127,89,196608,8,768,960,0.9,1,2.065436828398537e-07,4,3.1826346867104117e-06,3.940661319594946e-06,1
2.6107803050513276e-07,2.6852784684164147e-06,11816,0,5f137a239e0a6b1c8568edc2557a08cbc06ac9cb9a8c33bcf157053b80d91715,131072,seaquest,11816,389928,202608056127,89,393216,32,768,3264,0.9,1,4.209984060135866e-07,16,1.6490436907897132e-05,2.3984326226268105e-06,1
2.6023346844734576e-07,2.480869442091932e-06,11808,8,5f137a239e0a6b1c8568edc2557a08cbc06ac9cb9a8c33bcf157053b80d91715,131072,seaquest,11816,389928,202608056127,89,393216,32,768,3264,0.9,1,4.2403682617785617e-07,16,1.6680799787663017e-05,2.118366180514838e-06,1
1.4612880042062908e-07,5.351083502332428e-06,21738,0,5f137a239e0a6b1c8568edc2557a08cbc06ac9cb9a8c33bcf157053b80d91715,131072,seaquest,21738,195642,202608056127,96,196608,8,768,960,1.0,1,2.172130071152454e-07,4,3.604160311916076e-06,4.386727119878273e-06,1
1.3393612773193859e-07,4.813943210805498e-06,21730,8,5f137a239e0a6b1c8568edc2557a08cbc06ac9cb9a8c33bcf157053b80d91715,131072,seaquest,21738,195642,202608056127,96,196608,8,768,960,1.0,1,2.065436828398537e-07,4,3.1826346867104117e-06,3.940661319594946e-06,1
2.6107803050513276e-07,2.6852784684164147e-06,11816,0,5f137a239e0a6b1c8568edc2557a08cbc06ac9cb9a8c33bcf157053b80d91715,131072,seaquest,11816,389928,202608056127,96,393216,32,768,3264,1.0,1,4.209984060135866e-07,16,1.6490436907897132e-05,2.3984326226268105e-06,1
2.6023346844734576e-07,2.480869442091932e-06,11808,8,5f137a239e0a6b1c8568edc2557a08cbc06ac9cb9a8c33bcf157053b80d91715,131072,seaquest,11816,389928,202608056127,96,393216,32,768,3264,1.0,1,4.2403682617785617e-07,16,1.6680799787663017e-05,2.118366180514838e-06,1
9.318269352409951e-09,1.0812626398883215e-07,8144,0,5f137a239e0a6b1c8568edc2557a08cbc06ac9cb9a8c33bcf157053b80d91715,131072,seaquest,130304,195456,202608056128,0,196608,8,768,960,0.0,16,3.877130923186537e-08,4,5.455569605752992e-07,7.869189754374879e-08,16
9.470432237859051e-09,1.1527256218781954e-07,8136,8,5f137a239e0a6b1c8568edc2557a08cbc06ac9cb9a8c33bcf157053b80d91715,131072,seaquest,130304,195456,202608056128,0,196608,8,768,960,0.0,16,3.921215783850849e-08,4,5.798310736367228e-07,8.367497783376618e-08,16
9.806261757466783e-09,1.3081823226117077e-07,8124,0,5f137a239e0a6b1c8568edc2557a08cbc06ac9cb9a8c33bcf157053b80d91715,131072,seaquest,129984,389952,202608056128,0,393216,32,768,3264,0.0,16,8.701304317878836e-09,16,7.869189754374879e-08,7.869189754374879e-08,16
1.0009995589247213e-08,1.396874684764516e-07,8116,8,5f137a239e0a6b1c8568edc2557a08cbc06ac9cb9a8c33bcf157053b80d91715,131072,seaquest,129984,389952,202608056128,0,393216,32,768,3264,0.0,16,8.836368985878415e-09,16,8.367497783376618e-08,8.367497783376618e-08,16
2.5423600810812314e-08,1.1270169748163455e-07,8144,0,5f137a239e0a6b1c8568edc2557a08cbc06ac9cb9a8c33bcf157053b80d91715,131072,seaquest,130304,195456,202608056128,9,196608,8,768,960,0.1,16,3.7981880421928456e-08,4,8.631221869343131e-07,1.2745759391766957e-07,16
2.5566559201496603e-08,1.0756459960204554e-07,8136,8,5f137a239e0a6b1c8568edc2557a08cbc06ac9cb9a8c33bcf157053b80d91715,131072,seaquest,130304,195456,202608056128,9,196608,8,768,960,0.1,16,3.872178540065974e-08,4,8.714278054617604e-07,1.2064629661359667e-07,16
2.5258488975773452e-08,1.0594177772270653e-07,8124,0,5f137a239e0a6b1c8568edc2557a08cbc06ac9cb9a8c33bcf157053b80d91715,131072,seaquest,129984,389952,202608056128,9,393216,32,768,3264,0.1,16,2.497092619845318e-08,16,1.2745759391766957e-07,1.2745759391766957e-07,16
2.539392528567039e-08,1.0175899882818841e-07,8116,8,5f137a239e0a6b1c8568edc2557a08cbc06ac9cb9a8c33bcf157053b80d91715,131072,seaquest,129984,389952,202608056128,9,393216,32,768,3264,0.1,16,2.5153295129391454e-08,16,1.2064629661359667e-07,1.2064629661359667e-07,16
2.8660633516197604e-07,5.432898332211508e-06,16304,0,5f137a239e0a6b1c8568edc2557a08cbc06ac9cb9a8c33bcf157053b80d91715,131072,seaquest,65216,195648,202608056128,30,196608,8,768,960,0.3,4,2.784415721073772e-07,4,5.212742514209432e-06,5.212742514209432e-06,4
2.8838604925868097e-07,5.63153410692049e-06,16296,8,5f137a239e0a6b1c8568edc2557a08cbc06ac9cb9a8c33bcf157053b80d91715,131072,seaquest,65216,195648,202608056128,30,196608,8,768,960,0.3,4,2.8283305328495423e-07,4,5.4980471060716074e-06,5.4980471060716074e-06,4
1.6500615024716358e-07,3.5483175854549796e-06,8124,0,5f137a239e0a6b1c8568edc2557a08cbc06ac9cb9a8c33bcf157053b80d91715,131072,seaquest,129984,389952,202608056128,30,393216,32,768,3264,0.3,16,1.6628894181805268e-07,16,3.6079219809239367e-06,3.6079219809239367e-06,16
1.6561364637425786e-07,3.5515487255239863e-06,8116,8,5f137a239e0a6b1c8568edc2557a08cbc06ac9cb9a8c33bcf157053b80d91715,131072,seaquest,129984,389952,202608056128,30,393216,32,768,3264,0.3,16,1.659385485907028e-07,16,3.5757253054083077e-06,3.5757253054083077e-06,16
2.1500011120235703e-07,4.089085903685164e-06,16304,0,5f137a239e0a6b1c8568edc2557a08cbc06ac9cb9a8c33bcf157053b80d91715,131072,seaquest,65216,195648,202608056128,41,196608,8,768,960,0.5,4,2.1024727957750097e-07,4,4.007049769539991e-06,4.007049769539991e-06,4
2.162558421804222e-07,4.180450377440843e-06,16296,8,5f137a239e0a6b1c8568edc2557a08cbc06ac9cb9a8c33bcf157053b80d91715,131072,seaquest,65216,195648,202608056128,41,196608,8,768,960,0.5,4,2.132669396085767e-07,4,4.1591177468138525e-06,4.1591177468138525e-06,4
2.960405143348682e-07,1.5290726359119735e-06,10832,0,5f137a239e0a6b1c8568edc2557a08cbc06ac9cb9a8c33bcf157053b80d91715,131072,seaquest,43328,389952,202608056128,41,393216,32,768,3264,0.5,4,1.747893470603518e-07,16,1.2151530232195183e-06,1.6340279201108823e-06,4
2.906308414927327e-07,1.4406045035251521e-06,10824,8,5f137a239e0a6b1c8568edc2557a08cbc06ac9cb9a8c33bcf157053b80d91715,131072,seaquest,43328,389952,202608056128,41,393216,32,768,3264,0.5,4,1.7385178489883176e-07,16,1.225681808290383e-06,1.5828462321229878e-06,4
2.251265410779628e-07,6.6046301316602024e-06,16304,0,5f137a239e0a6b1c8568edc2557a08cbc06ac9cb9a8c33bcf157053b80d91715,131072,seaquest,65216,195648,202608056128,62,196608,8,768,960,0.7,4,2.1361789613289078e-07,4,6.234065360347581e-06,1.6072262253591732e-05,1
2.2627737829724075e-07,6.665332516714291e-06,16296,8,5f137a239e0a6b1c8568edc2557a08cbc06ac9cb9a8c33bcf157053b80d91715,131072,seaquest,65216,195648,202608056128,62,196608,8,768,960,0.7,4,2.180871142769065e-07,4,6.426511371527764e-06,1.6527023975746376e-05,1
3.2456774143531237e-07,3.8155101620270165e-06,10832,0,5f137a239e0a6b1c8568edc2557a08cbc06ac9cb9a8c33bcf157053b80d91715,131072,seaquest,43328,389952,202608056128,62,393216,32,768,3264,0.7,4,8.393709142674775e-08,16,3.9443162904466987e-07,3.594063853800576e-06,4
3.1650181757559905e-07,3.6418975549106646e-06,10824,8,5f137a239e0a6b1c8568edc2557a08cbc06ac9cb9a8c33bcf157053b80d91715,131072,seaquest,43328,389952,202608056128,62,393216,32,768,3264,0.7,4,8.298178017740007e-08,16,3.9268240910808034e-07,3.454348641325116e-06,4
4.2232477198629436e-07,1.4698547747547149e-05,21738,0,5f137a239e0a6b1c8568edc2557a08cbc06ac9cb9a8c33bcf157053b80d91715,131072,seaquest,21738,195642,202608056128,88,196608,8,768,960,0.9,1,2.784415721073772e-07,4,5.212742514209432e-06,1.6072262253591732e-05,1
4.358840967902449e-07,1.5137797222674351e-05,21730,8,5f137a239e0a6b1c8568edc2557a08cbc06ac9cb9a8c33bcf157053b80d91715,131072,seaquest,21738,195642,202608056128,88,196608,8,768,960,0.9,1,2.8283305328495423e-07,4,5.4980471060716074e-06,1.6527023975746376e-05,1
5.422794790240341e-07,1.8195588251045488e-06,11816,0,5f137a239e0a6b1c8568edc2557a08cbc06ac9cb9a8c33bcf157053b80d91715,131072,seaquest,11816,389928,202608056128,88,393216,32,768,3264,0.9,1,3.360336685093277e-07,16,4.611377107035453e-06,1.8208694093159322e-06,1
5.365797104456652e-07,1.7846476962549144e-06,11808,8,5f137a239e0a6b1c8568edc2557a08cbc06ac9cb9a8c33bcf157053b80d91715,131072,seaquest,11816,389928,202608056128,88,393216,32,768,3264,0.9,1,3.3179535074723935e-07,16,4.554432334345538e-06,1.8644692568353525e-06,1
4.2232477198629436e-07,1.4698547747547149e-05,21738,0,5f137a239e0a6b1c8568edc2557a08cbc06ac9cb9a8c33bcf157053b80d91715,131072,seaquest,21738,195642,202608056128,96,196608,8,768,960,1.0,1,2.784415721073772e-07,4,5.212742514209432e-06,1.6072262253591732e-05,1
4.358840967902449e-07,1.5137797222674351e-05,21730,8,5f137a239e0a6b1c8568edc2557a08cbc06ac9cb9a8c33bcf157053b80d91715,131072,seaquest,21738,195642,202608056128,96,196608,8,768,960,1.0,1,2.8283305328495423e-07,4,5.4980471060716074e-06,1.6527023975746376e-05,1
5.422794790240341e-07,1.8195588251045488e-06,11816,0,5f137a239e0a6b1c8568edc2557a08cbc06ac9cb9a8c33bcf157053b80d91715,131072,seaquest,11816,389928,202608056128,96,393216,32,768,3264,1.0,1,3.360336685093277e-07,16,4.611377107035453e-06,1.8208694093159322e-06,1
5.365797104456652e-07,1.7846476962549144e-06,11808,8,5f137a239e0a6b1c8568edc2557a08cbc06ac9cb9a8c33bcf157053b80d91715,131072,seaquest,11816,389928,202608056128,96,393216,32,768,3264,1.0,1,3.3179535074723935e-07,16,4.554432334345538e-06,1.8644692568353525e-06,1
1.750799960400821e-08,5.422864382778434e-07,8144,0,5f137a239e0a6b1c8568edc2557a08cbc06ac9cb9a8c33bcf157053b80d91715,131072,seaquest,130304,195456,202608056129,0,196608,8,768,960,0.0,16,7.028094171692428e-08,4,1.5887451150304042e-06,6.782296365073412e-07,16
1.7953561103271056e-08,5.622823325212425e-07,8136,8,5f137a239e0a6b1c8568edc2557a08cbc06ac9cb9a8c33bcf157053b80d91715,131072,seaquest,130304,195456,202608056129,0,196608,8,768,960,0.0,16,6.944012876903128e-08,4,1.551395479297757e-06,6.985140988047786e-07,16
1.6454272452104557e-08,4.882466429395424e-07,8124,0,5f137a239e0a6b1c8568edc2557a08cbc06ac9cb9a8c33bcf157053b80d91715,131072,seaquest,129984,389952,202608056129,0,393216,32,768,3264,0.0,16,2.0302427852033707e-08,16,6.782296365073412e-07,6.782296365073412e-07,16
1.6915142098388788e-08,5.08959055029601e-07,8116,8,5f137a239e0a6b1c8568edc2557a08cbc06ac9cb9a8c33bcf157053b80d91715,131072,seaquest,129984,389952,202608056129,0,393216,32,768,3264,0.0,16,2.074816644171942e-08,16,6.985140988047786e-07,6.985140988047786e-07,16
1.4320710230508562e-07,4.920034149126425e-06,8144,0,5f137a239e0a6b1c8568edc2557a08cbc06ac9cb9a8c33bcf157053b80d91715,131072,seaquest,130304,195456,202608056129,7,196608,8,768,960,0.1,16,5.443775999347756e-08,4,2.1038090900325513e-06,4.540342875393164e-06,16
1.4465738051870074e-07,5.0430748786471516e-06,8136,8,5f137a239e0a6b1c8568edc2557a08cbc06ac9cb9a8c33bcf157053b80d91715,131072,seaquest,130304,195456,202608056129,7,196608,8,768,960,0.1,16,5.395742498749865e-08,4,2.09269194967844e-06,4.844251626659188e-06,16
1.3913068675104678e-07,4.718958799511303e-06,8124,0,5f137a239e0a6b1c8568edc2557a08cbc06ac9cb9a8c33bcf157053b80d91715,131072,seaquest,129984,389952,202608056129,7,393216,32,768,3264,0.1,16,1.3428848212137534e-07,16,4.540342875393164e-06,4.540342875393164e-06,16
1.4045603195020021e-07,4.836186344211117e-06,8116,8,5f137a239e0a6b1c8568edc2557a08cbc06ac9cb9a8c33bcf157053b80d91715,131072,seaquest,129984,389952,202608056129,7,393216,32,768,3264,0.1,16,1.4007815096315672e-07,16,4.844251626659188e-06,4.844251626659188e-06,16
6.162930111416817e-08,2.4227123141007974e-06,16304,0,5f137a239e0a6b1c8568edc2557a08cbc06ac9cb9a8c33bcf157053b80d91715,131072,seaquest,65216,195648,202608056129,33,196608,8,768,960,0.3,4,5.443775999347756e-08,4,2.1038090900325513e-06,2.1038090900325513e-06,4
6.077401574260664e-08,2.3953652427660074e-06,16296,8,5f137a239e0a6b1c8568edc2557a08cbc06ac9cb9a8c33bcf157053b80d91715,131072,seaquest,65216,195648,202608056129,33,196608,8,768,960,0.3,4,5.395742498749865e-08,4,2.09269194967844e-06,2.09269194967844e-06,4
1.3480311395732887e-07,4.748335455954775e-06,10832,0,5f137a239e0a6b1c8568edc2557a08cbc06ac9cb9a8c33bcf157053b80d91715,131072,seaquest,43328,389952,202608056129,33,393216,32,768,3264,0.3,4,1.8280615814991995e-07,16,5.327453236954086e-06,5.327453236954086e-06,16
1.3986029183831143e-07,4.9840733640006e-06,10824,8,5f137a239e0a6b1c8568edc2557a08cbc06ac9cb9a8c33bcf157053b80d91715,131072,seaquest,43328,389952,202608056129,33,393216,32,768,3264,0.3,4,1.8876563140552763e-07,16,5.679338601967156e-06,5.679338601967156e-06,16
5.80757244565506e-07,2.259994285007643e-05,16304,0,5f137a239e0a6b1c8568edc2557a08cbc06ac9cb9a8c33bcf157053b80d91715,131072,seaquest,65216,195648,202608056129,54,196608,8,768,960,0.5,4,5.324387391331762e-07,4,2.0514601192265215e-05,2.0514601192265215e-05,4
5.662171916382448e-07,2.1883822116273845e-05,16296,8,5f137a239e0a6b1c8568edc2557a08cbc06ac9cb9a8c33bcf157053b80d91715,131072,seaquest,65216,195648,202608056129,54,196608,8,768,960,0.5,4,5.212423251378121e-07,4,1.9945261497204884e-05,1.9945261497204884e-05,4
2.1374492469073475e-07,4.1003692037744625e-06,10832,0,5f137a239e0a6b1c8568edc2557a08cbc06ac9cb9a8c33bcf157053b80d91715,131072,seaquest,43328,389952,202608056129,54,393216,32,768,3264,0.5,4,2.834127530340844e-07,16,5.464764719981496e-06,2.6785752227856537e-06,4
2.2269859012978313e-07,4.472802397648661e-06,10824,8,5f137a239e0a6b1c8568edc2557a08cbc06ac9cb9a8c33bcf157053b80d91715,131072,seaquest,43328,389952,202608056129,54,393216,32,768,3264,0.5,4,2.884080038798525e-07,16,6.043151738178613e-06,2.8262648194498227e-06,4
1.7582879194472956e-07,1.3288867295244656e-06,21738,0,5f137a239e0a6b1c8568edc2557a08cbc06ac9cb9a8c33bcf157053b80d91715,131072,seaquest,21738,195642,202608056129,70,196608,8,768,960,0.7,1,1.2522071986038742e-07,4,3.7455489896341864e-06,1.0230759411541188e-06,1
1.7552391257750879e-07,1.2330002021321352e-06,21730,8,5f137a239e0a6b1c8568edc2557a08cbc06ac9cb9a8c33bcf157053b80d91715,131072,seaquest,21738,195642,202608056129,70,196608,8,768,960,0.7,1,1.2219509236743345e-07,4,3.6112473552758005e-06,9.390078669348591e-07,1
2.2970887312579058e-07,7.329250831337027e-06,10832,0,5f137a239e0a6b1c8568edc2557a08cbc06ac9cb9a8c33bcf157053b80d91715,131072,seaquest,43328,389952,202608056129,70,393216,32,768,3264,0.7,4,2.3395109083557612e-07,16,3.3324327167901917e-06,5.464596124912311e-06,4
2.3978205814076136e-07,7.774290668108725e-06,10824,8,5f137a239e0a6b1c8568edc2557a08cbc06ac9cb9a8c33bcf157053b80d91715,131072,seaquest,43328,389952,202608056129,70,393216,32,768,3264,0.7,4,2.3583957580291695e-07,16,3.6596159199693656e-06,5.706191550952525e-06,4
1.7582879194472956e-07,1.3288867295244656e-06,21738,0,5f137a239e0a6b1c8568edc2557a08cbc06ac9cb9a8c33bcf157053b80d91715,131072,seaquest,21738,195642,202608056129,86,196608,8,768,960,0.9,1,9.215925758863722e-07,4,3.407355169442824e-05,1.0230759411541188e-06,1
1.7552391257750879e-07,1.2330002021321352e-06,21730,8,5f137a239e0a6b1c8568edc2557a08cbc06ac9cb9a8c33bcf157053b80d91715,131072,seaquest,21738,195642,202608056129,86,196608,8,768,960,0.9,1,8.940997775070433e-07,4,3.261186320227645e-05,9.390078669348591e-07,1
1.4917134464009203e-07,1.962174451750137e-06,11816,0,5f137a239e0a6b1c8568edc2557a08cbc06ac9cb9a8c33bcf157053b80d91715,131072,seaquest,11816,389928,202608056129,86,393216,32,768,3264,0.9,1,2.3227773199769627e-07,16,2.110169433075679e-06,3.5552338905753465e-06,1
1.479742401316893e-07,1.727767630438855e-06,11808,8,5f137a239e0a6b1c8568edc2557a08cbc06ac9cb9a8c33bcf157053b80d91715,131072,seaquest,11816,389928,202608056129,86,393216,32,768,3264,0.9,1,2.3025161566837056e-07,16,2.4255244560864216e-06,3.2135256539280872e-06,1
1.7582879194472956e-07,1.3288867295244656e-06,21738,0,5f137a239e0a6b1c8568edc2557a08cbc06ac9cb9a8c33bcf157053b80d91715,131072,seaquest,21738,195642,202608056129,96,196608,8,768,960,1.0,1,9.215925758863722e-07,4,3.407355169442824e-05,1.0230759411541188e-06,1
1.7552391257750879e-07,1.2330002021321352e-06,21730,8,5f137a239e0a6b1c8568edc2557a08cbc06ac9cb9a8c33bcf157053b80d91715,131072,seaquest,21738,195642,202608056129,96,196608,8,768,960,1.0,1,8.940997775070433e-07,4,3.261186320227645e-05,9.390078669348591e-07,1
1.4917134464009203e-07,1.962174451750137e-06,11816,0,5f137a239e0a6b1c8568edc2557a08cbc06ac9cb9a8c33bcf157053b80d91715,131072,seaquest,11816,389928,202608056129,96,393216,32,768,3264,1.0,1,2.8984801953573424e-07,16,3.2331933885706236e-06,3.5552338905753465e-06,1
1.479742401316893e-07,1.727767630438855e-06,11808,8,5f137a239e0a6b1c8568edc2557a08cbc06ac9cb9a8c33bcf157053b80d91715,131072,seaquest,11816,389928,202608056129,96,393216,32,768,3264,1.0,1,2.8765044214864335e-07,16,3.68617612990802e-06,3.2135256539280872e-06,1
6.44374530820841e-08,2.4901346777237926e-06,8144,0,5f137a239e0a6b1c8568edc2557a08cbc06ac9cb9a8c33bcf157053b80d91715,131072,seaquest,130304,195456,202608056130,0,196608,8,768,960,0.0,16,5.177585748832866e-08,4,5.650258068086888e-07,2.2103155336888226e-06,16
6.478448375688667e-08,2.519022180940934e-06,8136,8,5f137a239e0a6b1c8568edc2557a08cbc06ac9cb9a8c33bcf157053b80d91715,131072,seaquest,130304,195456,202608056130,0,196608,8,768,960,0.0,16,5.117770330550614e-08,4,5.487712916806333e-07,2.2298817930771346e-06,16
6.553274017784123e-08,2.567258873234042e-06,8124,0,5f137a239e0a6b1c8568edc2557a08cbc06ac9cb9a8c33bcf157053b80d91715,131072,seaquest,129984,389952,202608056130,0,393216,32,768,3264,0.0,16,5.9154087054747074e-08,16,2.2103155336888226e-06,2.2103155336888226e-06,16
6.500917103780465e-08,2.5572271091468203e-06,8116,8,5f137a239e0a6b1c8568edc2557a08cbc06ac9cb9a8c33bcf157053b80d91715,131072,seaquest,129984,389952,202608056130,0,393216,32,768,3264,0.0,16,5.945839709768042e-08,16,2.2298817930771346e-06,2.2298817930771346e-06,16
5.410258880433258e-08,5.082102676247574e-07,16304,0,5f137a239e0a6b1c8568edc2557a08cbc06ac9cb9a8c33bcf157053b80d91715,131072,seaquest,65216,195648,202608056130,16,196608,8,768,960,0.1,4,5.177585748832866e-08,4,5.650258068086888e-07,4.855666424287371e-08,16
5.3361793257029794e-08,4.972584815349679e-07,16296,8,5f137a239e0a6b1c8568edc2557a08cbc06ac9cb9a8c33bcf157053b80d91715,131072,seaquest,65216,195648,202608056130,16,196608,8,768,960,0.1,4,5.117770330550614e-08,4,5.487712916806333e-07,4.7933695650531736e-08,16
1.3368180308602515e-08,4.549351265881589e-08,8124,0,5f137a239e0a6b1c8568edc2557a08cbc06ac9cb9a8c33bcf157053b80d91715,131072,seaquest,129984,389952,202608056130,16,393216,32,768,3264,0.1,16,1.321292043241893e-08,16,4.855666424287371e-08,4.855666424287371e-08,16
1.3555808625786438e-08,4.6314087773175345e-08,8116,8,5f137a239e0a6b1c8568edc2557a08cbc06ac9cb9a8c33bcf157053b80d91715,131072,seaquest,129984,389952,202608056130,16,393216,32,768,3264,0.1,16,1.3429448791752422e-08,16,4.7933695650531736e-08,4.7933695650531736e-08,16
9.187742009092823e-08,9.645528255596433e-07,16304,0,5f137a239e0a6b1c8568edc2557a08cbc06ac9cb9a8c33bcf157053b80d91715,131072,seaquest,65216,195648,202608056130,24,196608,8,768,960,0.3,4,1.0467694762915041e-07,4,1.133912656666801e-06,1.133912656666801e-06,4
9.021747071347726e-08,9.411228394718618e-07,16296,8,5f137a239e0a6b1c8568edc2557a08cbc06ac9cb9a8c33bcf157053b80d91715,131072,seaquest,65216,195648,202608056130,24,196608,8,768,960,0.3,4,1.020432468720599e-07,4,1.0942777138017419e-06,1.0942777138017419e-06,4
5.767776122684515e-08,1.2444624291784045e-06,8124,0,5f137a239e0a6b1c8568edc2557a08cbc06ac9cb9a8c33bcf157053b80d91715,131072,seaquest,129984,389952,202608056130,24,393216,32,768,3264,0.3,16,5.5847602504144035e-08,16,1.1145095270549113e-06,1.1145095270549113e-06,16
5.75063525544883e-08,1.2391911013241095e-06,8116,8,5f137a239e0a6b1c8568edc2557a08cbc06ac9cb9a8c33bcf157053b80d91715,131072,seaquest,129984,389952,202608056130,24,393216,32,768,3264,0.3,16,5.6303293904590314e-08,16,1.1334243379628885e-06,1.1334243379628885e-06,16
1.4508210578684912e-07,4.552862118875753e-06,16304,0,5f137a239e0a6b1c8568edc2557a08cbc06ac9cb9a8c33bcf157053b80d91715,131072,seaquest,65216,195648,202608056130,41,196608,8,768,960,0.5,4,1.3351174579559204e-07,4,3.920804694203398e-06,3.920804694203398e-06,4
1.498833041867983e-07,4.716180271739631e-06,16296,8,5f137a239e0a6b1c8568edc2557a08cbc06ac9cb9a8c33bcf157053b80d91715,131072,seaquest,65216,195648,202608056130,41,196608,8,768,960,0.5,4,1.3900950911424803e-07,4,4.133656615585629e-06,4.133656615585629e-06,4
2.5108207601566387e-07,6.754577727052803e-06,10832,0,5f137a239e0a6b1c8568edc2557a08cbc06ac9cb9a8c33bcf157053b80d91715,131072,seaquest,43328,389952,202608056130,41,393216,32,768,3264,0.5,4,1.0015218293673861e-07,16,8.932570362444343e-07,8.175580046034085e-06,4
2.402489693034056e-07,6.250361568229253e-06,10824,8,5f137a239e0a6b1c8568edc2557a08cbc06ac9cb9a8c33bcf157053b80d91715,131072,seaquest,43328,389952,202608056130,41,393216,32,768,3264,0.5,4,1.0121212891008721e-07,16,8.676645292759828e-07,7.82626689657878e-06,4
3.5078180837870305e-07,1.126267621323064e-05,21738,0,5f137a239e0a6b1c8568edc2557a08cbc06ac9cb9a8c33bcf157053b80d91715,131072,seaquest,21738,195642,202608056130,71,196608,8,768,960,0.7,1,2.453219120500157e-07,4,6.061522431276623e-06,9.847906260991465e-06,1
3.4335657049640516e-07,1.0864447767098837e-05,21730,8,5f137a239e0a6b1c8568edc2557a08cbc06ac9cb9a8c33bcf157053b80d91715,131072,seaquest,21738,195642,202608056130,71,196608,8,768,960,0.7,1,2.5237003829171064e-07,4,6.45178704539143e-06,9.458176917007126e-06,1
1.0951586795195616e-07,3.616298214789236e-07,10832,0,5f137a239e0a6b1c8568edc2557a08cbc06ac9cb9a8c33bcf157053b80d91715,131072,seaquest,43328,389952,202608056130,71,393216,32,768,3264,0.7,4,1.2437914717668936e-07,16,5.373635366652245e-07,5.43826238238015e-07,4
1.081272887997758e-07,3.249269640040258e-07,10824,8,5f137a239e0a6b1c8568edc2557a08cbc06ac9cb9a8c33bcf157053b80d91715,131072,seaquest,43328,389952,202608056130,71,393216,32,768,3264,0.7,4,1.2345572859425037e-07,16,5.517140079389353e-07,4.585006417829398e-07,4
3.5078180837870305e-07,1.126267621323064e-05,21738,0,5f137a239e0a6b1c8568edc2557a08cbc06ac9cb9a8c33bcf157053b80d91715,131072,seaquest,21738,195642,202608056130,83,196608,8,768,960,0.9,1,2.453219120500157e-07,4,6.061522431276623e-06,9.847906260991465e-06,1
3.4335657049640516e-07,1.0864447767098837e-05,21730,8,5f137a239e0a6b1c8568edc2557a08cbc06ac9cb9a8c33bcf157053b80d91715,131072,seaquest,21738,195642,202608056130,83,196608,8,768,960,0.9,1,2.5237003829171064e-07,4,6.45178704539143e-06,9.458176917007126e-06,1
1.0951586795195616e-07,3.616298214789236e-07,10832,0,5f137a239e0a6b1c8568edc2557a08cbc06ac9cb9a8c33bcf157053b80d91715,131072,seaquest,43328,389952,202608056130,83,393216,32,768,3264,0.9,4,1.4199440694237104e-07,16,4.965940571939797e-07,5.984658621018583e-07,1
1.081272887997758e-07,3.249269640040258e-07,10824,8,5f137a239e0a6b1c8568edc2557a08cbc06ac9cb9a8c33bcf157053b80d91715,131072,seaquest,43328,389952,202608056130,83,393216,32,768,3264,0.9,4,1.4017788408207689e-07,16,4.771252406939324e-07,6.580799567220992e-07,1
3.5078180837870305e-07,1.126267621323064e-05,21738,0,5f137a239e0a6b1c8568edc2557a08cbc06ac9cb9a8c33bcf157053b80d91715,131072,seaquest,21738,195642,202608056130,96,196608,8,768,960,1.0,1,2.453219120500157e-07,4,6.061522431276623e-06,9.847906260991465e-06,1
3.4335657049640516e-07,1.0864447767098837e-05,21730,8,5f137a239e0a6b1c8568edc2557a08cbc06ac9cb9a8c33bcf157053b80d91715,131072,seaquest,21738,195642,202608056130,96,196608,8,768,960,1.0,1,2.5237003829171064e-07,4,6.45178704539143e-06,9.458176917007126e-06,1
7.406056406739595e-08,3.199022903272445e-07,11816,0,5f137a239e0a6b1c8568edc2557a08cbc06ac9cb9a8c33bcf157053b80d91715,131072,seaquest,11816,389928,202608056130,96,393216,32,768,3264,1.0,1,1.4199440694237104e-07,16,4.965940571939797e-07,5.984658621018583e-07,1
7.498103767575639e-08,3.69079448294206e-07,11808,8,5f137a239e0a6b1c8568edc2557a08cbc06ac9cb9a8c33bcf157053b80d91715,131072,seaquest,11816,389928,202608056130,96,393216,32,768,3264,1.0,1,1.4017788408207689e-07,16,4.771252406939324e-07,6.580799567220992e-07,1
7.393298678260379e-08,2.934760888990731e-06,8144,0,5f137a239e0a6b1c8568edc2557a08cbc06ac9cb9a8c33bcf157053b80d91715,131072,seaquest,130304,195456,202608056131,0,196608,8,768,960,0.0,16,4.935515805735056e-08,4,1.0174639030253911e-06,2.9904598591231846e-06,16
7.340152487014953e-08,2.9054545984128183e-06,8136,8,5f137a239e0a6b1c8568edc2557a08cbc06ac9cb9a8c33bcf157053b80d91715,131072,seaquest,130304,195456,202608056131,0,196608,8,768,960,0.0,16,5.1258707136413794e-08,4,1.0457297003128952e-06,3.006784044518548e-06,16
7.244416286309595e-08,2.8654425266470523e-06,8124,0,5f137a239e0a6b1c8568edc2557a08cbc06ac9cb9a8c33bcf157053b80d91715,131072,seaquest,129984,389952,202608056131,0,393216,32,768,3264,0.0,16,7.51623290643071e-08,16,2.9904598591231846e-06,2.9904598591231846e-06,16
7.16976285830455e-08,2.8264780378095727e-06,8116,8,5f137a239e0a6b1c8568edc2557a08cbc06ac9cb9a8c33bcf157053b80d91715,131072,seaquest,129984,389952,202608056131,0,393216,32,768,3264,0.0,16,7.569849708294477e-08,16,3.006784044518548e-06,3.006784044518548e-06,16
2.855647904343041e-08,6.687656493533e-07,16304,0,5f137a239e0a6b1c8568edc2557a08cbc06ac9cb9a8c33bcf157053b80d91715,131072,seaquest,65216,195648,202608056131,11,196608,8,768,960,0.1,4,2.2332008197878616e-08,4,4.37383112846242e-07,1.9861683351034224e-07,16
2.9508887966192202e-08,6.898975991969287e-07,16296,8,5f137a239e0a6b1c8568edc2557a08cbc06ac9cb9a8c33bcf157053b80d91715,131072,seaquest,65216,195648,202608056131,11,196608,8,768,960,0.1,4,2.302358571224109e-08,4,4.4964275799893294e-07,1.8896284491294316e-07,16
1.2136379444666208e-08,2.2403879666410735e-07,8124,0,5f137a239e0a6b1c8568edc2557a08cbc06ac9cb9a8c33bcf157053b80d91715,131072,seaquest,129984,389952,202608056131,11,393216,32,768,3264,0.1,16,1.0376577131154289e-08,16,1.9861683351034224e-07,1.9861683351034224e-07,16
1.2281379350091675e-08,2.2610837757139608e-07,8116,8,5f137a239e0a6b1c8568edc2557a08cbc06ac9cb9a8c33bcf157053b80d91715,131072,seaquest,129984,389952,202608056131,11,393216,32,768,3264,0.1,16,1.0240582908443742e-08,16,1.8896284491294316e-07,1.8896284491294316e-07,16
4.806690769994605e-08,1.9298772782178754e-06,16304,0,5f137a239e0a6b1c8568edc2557a08cbc06ac9cb9a8c33bcf157053b80d91715,131072,seaquest,65216,195648,202608056131,30,196608,8,768,960,0.3,4,4.2816047141279024e-08,4,1.6739038554847835e-06,1.6739038554847835e-06,4
4.760729497084864e-08,1.936345480856925e-06,16296,8,5f137a239e0a6b1c8568edc2557a08cbc06ac9cb9a8c33bcf157053b80d91715,131072,seaquest,65216,195648,202608056131,30,196608,8,768,960,0.3,4,4.1569527926324806e-08,4,1.6516747178870371e-06,1.6516747178870371e-06,4
3.4193507735608147e-07,1.3436011022270834e-05,8124,0,5f137a239e0a6b1c8568edc2557a08cbc06ac9cb9a8c33bcf157053b80d91715,131072,seaquest,129984,389952,202608056131,30,393216,32,768,3264,0.3,16,3.1757061724338096e-07,16,1.2562783248841749e-05,1.2562783248841749e-05,16
3.4860925842964095e-07,1.3836201505598875e-05,8116,8,5f137a239e0a6b1c8568edc2557a08cbc06ac9cb9a8c33bcf157053b80d91715,131072,seaquest,129984,389952,202608056131,30,393216,32,768,3264,0.3,16,3.2414660280576133e-07,16,1.2954586378326164e-05,1.2954586378326164e-05,16
1.2614943906146262e-07,2.5793014482437733e-06,16304,0,5f137a239e0a6b1c8568edc2557a08cbc06ac9cb9a8c33bcf157053b80d91715,131072,seaquest,65216,195648,202608056131,53,196608,8,768,960,0.5,4,1.1385950357376008e-07,4,2.081607275949465e-06,2.081607275949465e-06,4
1.2398498503624783e-07,2.5665387803986675e-06,16296,8,5f137a239e0a6b1c8568edc2557a08cbc06ac9cb9a8c33bcf157053b80d91715,131072,seaquest,65216,195648,202608056131,53,196608,8,768,960,0.5,4,1.1020018085103015e-07,4,2.0398863178084264e-06,2.0398863178084264e-06,4
1.321711960393938e-07,4.719068397004669e-06,10832,0,5f137a239e0a6b1c8568edc2557a08cbc06ac9cb9a8c33bcf157053b80d91715,131072,seaquest,43328,389952,202608056131,53,393216,32,768,3264,0.5,4,5.455623678038461e-07,16,2.0901656345141064e-05,7.1487641537860855e-06,4
1.2816127483403014e-07,4.494227202886669e-06,10824,8,5f137a239e0a6b1c8568edc2557a08cbc06ac9cb9a8c33bcf157053b80d91715,131072,seaquest,43328,389952,202608056131,53,393216,32,768,3264,0.5,4,5.519736618602869e-07,16,2.1371494011524575e-05,6.984001767541855e-06,4
2.870759251010948e-07,8.726389173551813e-06,21738,0,5f137a239e0a6b1c8568edc2557a08cbc06ac9cb9a8c33bcf157053b80d91715,131072,seaquest,21738,195642,202608056131,71,196608,8,768,960,0.7,1,1.3565057569890766e-07,4,5.5768820906391625e-06,8.454250263679698e-06,1
2.8207980972851683e-07,8.716658332345263e-06,21730,8,5f137a239e0a6b1c8568edc2557a08cbc06ac9cb9a8c33bcf157053b80d91715,131072,seaquest,21738,195642,202608056131,71,196608,8,768,960,0.7,1,1.3092090292084038e-07,4,5.4670114145300965e-06,8.460306556651817e-06,1
1.2939486903780592e-07,2.6859909602405976e-06,10832,0,5f137a239e0a6b1c8568edc2557a08cbc06ac9cb9a8c33bcf157053b80d91715,131072,seaquest,43328,389952,202608056131,71,393216,32,768,3264,0.7,4,6.961001268378523e-07,16,2.7068261536076893e-05,5.80530322683679e-06,4
1.2708665984916216e-07,2.595069129524964e-06,10824,8,5f137a239e0a6b1c8568edc2557a08cbc06ac9cb9a8c33bcf157053b80d91715,131072,seaquest,43328,389952,202608056131,71,393216,32,768,3264,0.7,4,7.068070968716436e-07,16,2.7835158924017884e-05,5.790945780465098e-06,4
2.870759251010948e-07,8.726389173551813e-06,21738,0,5f137a239e0a6b1c8568edc2557a08cbc06ac9cb9a8c33bcf157053b80d91715,131072,seaquest,21738,195642,202608056131,83,196608,8,768,960,0.9,1,3.217356304100169e-07,4,1.0691854769037097e-05,8.454250263679698e-06,1
2.8207980972851683e-07,8.716658332345263e-06,21730,8,5f137a239e0a6b1c8568edc2557a08cbc06ac9cb9a8c33bcf157053b80d91715,131072,seaquest,21738,195642,202608056131,83,196608,8,768,960,0.9,1,3.022203127993427e-07,4,1.0277132122121713e-05,8.460306556651817e-06,1
3.6244121280374894e-07,1.0722233230563299e-05,10832,0,5f137a239e0a6b1c8568edc2557a08cbc06ac9cb9a8c33bcf157053b80d91715,131072,seaquest,43328,389952,202608056131,83,393216,32,768,3264,0.9,4,9.636025242725881e-07,16,3.80585155515664e-05,2.5932863085665008e-05,1
3.519359341316276e-07,1.0395342937628232e-05,10824,8,5f137a239e0a6b1c8568edc2557a08cbc06ac9cb9a8c33bcf157053b80d91715,131072,seaquest,43328,389952,202608056131,83,393216,32,768,3264,0.9,4,9.746360431147685e-07,16,3.903778563833162e-05,2.5776574658666676e-05,1
2.870759251010948e-07,8.726389173551813e-06,21738,0,5f137a239e0a6b1c8568edc2557a08cbc06ac9cb9a8c33bcf157053b80d91715,131072,seaquest,21738,195642,202608056131,96,196608,8,768,960,1.0,1,3.217356304100169e-07,4,1.0691854769037097e-05,8.454250263679698e-06,1
2.8207980972851683e-07,8.716658332345263e-06,21730,8,5f137a239e0a6b1c8568edc2557a08cbc06ac9cb9a8c33bcf157053b80d91715,131072,seaquest,21738,195642,202608056131,96,196608,8,768,960,1.0,1,3.022203127993427e-07,4,1.0277132122121713e-05,8.460306556651817e-06,1
6.678556539121767e-07,2.835021035814801e-05,11816,0,5f137a239e0a6b1c8568edc2557a08cbc06ac9cb9a8c33bcf157053b80d91715,131072,seaquest,11816,389928,202608056131,96,393216,32,768,3264,1.0,1,1.2982966599055684e-06,16,5.1961153466005176e-05,2.5932863085665008e-05,1
6.628287436190133e-07,2.81942270473181e-05,11808,8,5f137a239e0a6b1c8568edc2557a08cbc06ac9cb9a8c33bcf157053b80d91715,131072,seaquest,11816,389928,202608056131,96,393216,32,768,3264,1.0,1,1.3164727511829224e-06,16,5.339643386681362e-05,2.5776574658666676e-05,1
3.019496226505494e-08,1.2842505511764719e-07,8144,0,5f137a239e0a6b1c8568edc2557a08cbc06ac9cb9a8c33bcf157053b80d91715,131072,seaquest,130304,195456,202608056132,0,196608,8,768,960,0.0,16,3.1533686040381704e-07,4,1.2212643950003542e-05,1.315949324668305e-07,16
3.016396358352235e-08,1.2755224412540806e-07,8136,8,5f137a239e0a6b1c8568edc2557a08cbc06ac9cb9a8c33bcf157053b80d91715,131072,seaquest,130304,195456,202608056132,0,196608,8,768,960,0.0,16,3.1812165526085535e-07,4,1.231810252777359e-05,1.2897056223143023e-07,16
3.0018130756603484e-08,1.2810371623027302e-07,8124,0,5f137a239e0a6b1c8568edc2557a08cbc06ac9cb9a8c33bcf157053b80d91715,131072,seaquest,129984,389952,202608056132,0,393216,32,768,3264,0.0,16,3.148426662351177e-08,16,1.315949324668305e-07,1.315949324668305e-07,16
2.9986489744524817e-08,1.2647146253471028e-07,8116,8,5f137a239e0a6b1c8568edc2557a08cbc06ac9cb9a8c33bcf157053b80d91715,131072,seaquest,129984,389952,202608056132,0,393216,32,768,3264,0.0,16,3.1157593148089106e-08,16,1.2897056223143023e-07,1.2897056223143023e-07,16
3.3282264322795254e-07,1.39155314130505e-05,16304,0,5f137a239e0a6b1c8568edc2557a08cbc06ac9cb9a8c33bcf157053b80d91715,131072,seaquest,65216,195648,202608056132,12,196608,8,768,960,0.1,4,3.3039728114691715e-07,4,1.3942841610200528e-05,1.8329172887608842e-07,16
3.398337855209503e-07,1.4238856177274566e-05,16296,8,5f137a239e0a6b1c8568edc2557a08cbc06ac9cb9a8c33bcf157053b80d91715,131072,seaquest,65216,195648,202608056132,12,196608,8,768,960,0.1,4,3.3738561147802934e-07,4,1.4261332476811337e-05,1.8113204917726822e-07,16
4.200273313935008e-08,2.0833096232757563e-07,8124,0,5f137a239e0a6b1c8568edc2557a08cbc06ac9cb9a8c33bcf157053b80d91715,131072,seaquest,129984,389952,202608056132,12,393216,32,768,3264,0.1,16,4.228110711135369e-08,16,1.8329172887608842e-07,1.8329172887608842e-07,16
4.2345336044171406e-08,2.0812672419312206e-07,8116,8,5f137a239e0a6b1c8568edc2557a08cbc06ac9cb9a8c33bcf157053b80d91715,131072,seaquest,129984,389952,202608056132,12,393216,32,768,3264,0.1,16,4.265885316496968e-08,16,1.8113204917726822e-07,1.8113204917726822e-07,16
3.164855876999118e-07,1.3083487766383758e-05,16304,0,5f137a239e0a6b1c8568edc2557a08cbc06ac9cb9a8c33bcf157053b80d91715,131072,seaquest,65216,195648,202608056132,27,196608,8,768,960,0.3,4,3.130667113521182e-07,4,1.3052086342612006e-05,1.3052086342612006e-05,4
3.168286014860479e-07,1.3103269044581969e-05,16296,8,5f137a239e0a6b1c8568edc2557a08cbc06ac9cb9a8c33bcf157053b80d91715,131072,seaquest,65216,195648,202608056132,27,196608,8,768,960,0.3,4,3.129158856454574e-07,4,1.3044305705087249e-05,1.3044305705087249e-05,4
6.48621456417489e-08,8.933553782554441e-07,8124,0,5f137a239e0a6b1c8568edc2557a08cbc06ac9cb9a8c33bcf157053b80d91715,131072,seaquest,129984,389952,202608056132,27,393216,32,768,3264,0.3,16,6.297618194348958e-08,16,7.601422436258116e-07,7.601422436258116e-07,16
6.500556423755496e-08,8.96217440402563e-07,8116,8,5f137a239e0a6b1c8568edc2557a08cbc06ac9cb9a8c33bcf157053b80d91715,131072,seaquest,129984,389952,202608056132,27,393216,32,768,3264,0.3,16,6.303086287260051e-08,16,7.534545276971512e-07,7.534545276971512e-07,16
4.701313908620974e-07,2.0061089663926047e-05,16304,0,5f137a239e0a6b1c8568edc2557a08cbc06ac9cb9a8c33bcf157053b80d91715,131072,seaquest,65216,195648,202608056132,50,196608,8,768,960,0.5,4,4.87528216139104e-07,4,2.0800074583815853e-05,2.0800074583815853e-05,4
4.737646530036895e-07,2.0229887430076173e-05,16296,8,5f137a239e0a6b1c8568edc2557a08cbc06ac9cb9a8c33bcf157053b80d91715,131072,seaquest,65216,195648,202608056132,50,196608,8,768,960,0.5,4,4.913835976898142e-07,4,2.097565208325105e-05,2.097565208325105e-05,4
3.8452613687313595e-08,4.4258953885081793e-07,10832,0,5f137a239e0a6b1c8568edc2557a08cbc06ac9cb9a8c33bcf157053b80d91715,131072,seaquest,43328,389952,202608056132,50,393216,32,768,3264,0.5,4,2.1276499162117524e-07,16,3.305300343890205e-06,2.692812036113466e-07,4
3.9275007495590366e-08,4.1886694751683995e-07,10824,8,5f137a239e0a6b1c8568edc2557a08cbc06ac9cb9a8c33bcf157053b80d91715,131072,seaquest,43328,389952,202608056132,50,393216,32,768,3264,0.5,4,2.134395312263334e-07,16,3.12073937669583e-06,2.5053598601186123e-07,4
1.63165822520714e-06,7.127114532640614e-05,21738,0,5f137a239e0a6b1c8568edc2557a08cbc06ac9cb9a8c33bcf157053b80d91715,131072,seaquest,21738,195642,202608056132,78,196608,8,768,960,0.7,1,4.2166939406168297e-07,4,1.3995520417901697e-05,7.260292794118673e-05,1
1.6328311883453528e-06,7.148562042347316e-05,21730,8,5f137a239e0a6b1c8568edc2557a08cbc06ac9cb9a8c33bcf157053b80d91715,131072,seaquest,21738,195642,202608056132,78,196608,8,768,960,0.7,1,4.3773228678005373e-07,4,1.4512191905862643e-05,7.281064477430071e-05,1
3.8339308823319074e-07,5.519433310224934e-06,10832,0,5f137a239e0a6b1c8568edc2557a08cbc06ac9cb9a8c33bcf157053b80d91715,131072,seaquest,43328,389952,202608056132,78,393216,32,768,3264,0.7,4,1.9796397742984514e-07,16,2.527174916249047e-06,4.698992700756895e-06,4
3.9845688897422704e-07,5.181117227811961e-06,10824,8,5f137a239e0a6b1c8568edc2557a08cbc06ac9cb9a8c33bcf157053b80d91715,131072,seaquest,43328,389952,202608056132,78,393216,32,768,3264,0.7,4,2.005241092595172e-07,16,2.4149446428459427e-06,4.417880811909217e-06,4
1.63165822520714e-06,7.127114532640614e-05,21738,0,5f137a239e0a6b1c8568edc2557a08cbc06ac9cb9a8c33bcf157053b80d91715,131072,seaquest,21738,195642,202608056132,84,196608,8,768,960,0.9,1,4.2166939406168297e-07,4,1.3995520417901697e-05,7.260292794118673e-05,1
1.6328311883453528e-06,7.148562042347316e-05,21730,8,5f137a239e0a6b1c8568edc2557a08cbc06ac9cb9a8c33bcf157053b80d91715,131072,seaquest,21738,195642,202608056132,84,196608,8,768,960,0.9,1,4.3773228678005373e-07,4,1.4512191905862643e-05,7.281064477430071e-05,1
3.8339308823319074e-07,5.519433310224934e-06,10832,0,5f137a239e0a6b1c8568edc2557a08cbc06ac9cb9a8c33bcf157053b80d91715,131072,seaquest,43328,389952,202608056132,84,393216,32,768,3264,0.9,4,2.7001516872203055e-07,16,3.3569629119462366e-06,9.00311806956747e-07,1
3.9845688897422704e-07,5.181117227811961e-06,10824,8,5f137a239e0a6b1c8568edc2557a08cbc06ac9cb9a8c33bcf157053b80d91715,131072,seaquest,43328,389952,202608056132,84,393216,32,768,3264,0.9,4,2.7760309796660484e-07,16,3.1101560970672597e-06,9.861483552725423e-07,1
1.63165822520714e-06,7.127114532640614e-05,21738,0,5f137a239e0a6b1c8568edc2557a08cbc06ac9cb9a8c33bcf157053b80d91715,131072,seaquest,21738,195642,202608056132,96,196608,8,768,960,1.0,1,4.2166939406168297e-07,4,1.3995520417901697e-05,7.260292794118673e-05,1
1.6328311883453528e-06,7.148562042347316e-05,21730,8,5f137a239e0a6b1c8568edc2557a08cbc06ac9cb9a8c33bcf157053b80d91715,131072,seaquest,21738,195642,202608056132,96,196608,8,768,960,1.0,1,4.3773228678005373e-07,4,1.4512191905862643e-05,7.281064477430071e-05,1
2.669505514487498e-07,9.154077516409061e-07,11816,0,5f137a239e0a6b1c8568edc2557a08cbc06ac9cb9a8c33bcf157053b80d91715,131072,seaquest,11816,389928,202608056132,96,393216,32,768,3264,1.0,1,2.7001516872203055e-07,16,3.3569629119462366e-06,9.00311806956747e-07,1
2.874407678778654e-07,9.785384201300795e-07,11808,8,5f137a239e0a6b1c8568edc2557a08cbc06ac9cb9a8c33bcf157053b80d91715,131072,seaquest,11816,389928,202608056132,96,393216,32,768,3264,1.0,1,2.7760309796660484e-07,16,3.1101560970672597e-06,9.861483552725423e-07,1
