cell_id,target_heterogeneity,initial_common_parameter,noise_scale,spatial_correlation,temporal_correlation,delay,local_risk,strong_fixed_alpha,strong_fixed_risk,phase_early_alpha,phase_late_alpha,phase_risk,safe_risk,safe_charged_shadow_risk,safe_to_local_ratio,safe_to_fixed_ratio,phase_to_fixed_ratio,safe_checkpoint_valid,safe_early_alpha_mean,safe_late_alpha_mean,safe_uses_nonzero,safe_uses_shadow,safe_environment_used,safe_message_used
H0-I0.5-N0.1-S0-T0-D0,0.0,0.5,0.1,0.0,0.0,0,0.0020408170931363327,1.0,0.0005102048529705092,0.0,1.0,0.0005102048529705092,0.0005102061362694121,0.0020408183685622365,0.2500009128624683,1.000002515262047,1.0,True,1.0,1.0,True,False,240,18
H0-I0.5-N0.1-S0-T0-D1,0.0,0.5,0.1,0.0,0.0,1,0.0020408170931363327,1.0,0.0005103075235786299,0.25,1.0,0.0005101789040727286,0.0005102477113456664,0.0020408183685622365,0.2500212846421805,0.9998827917869131,0.999747956869224,True,0.5833333333333334,1.0,True,False,240,17
H0-I0.5-N0.1-S0-T0-D3,0.0,0.5,0.1,0.0,0.0,3,0.0020408170931363327,0.75,0.000590506440283077,0.1,0.75,0.0004142077652557227,0.0004251593316564717,0.0020408183685622365,0.2083279942560094,0.7199910155978295,0.7014449580891273,True,0.3333333333333333,0.75,True,False,240,17
H0-I0.5-N0.1-S0-T0.6-D0,0.0,0.5,0.1,0.0,0.6,0,0.006598358041790273,1.0,0.0016495900901339947,0.0,1.0,0.0016495900901339947,0.0016061808777619133,0.006424717334532242,0.2434212977818528,0.9736848489623532,1.0,True,1.0,1.0,True,False,240,18
H0-I0.5-N0.1-S0-T0.6-D1,0.0,0.5,0.1,0.0,0.6,1,0.006598358041790273,1.0,0.00164969229185971,0.5,1.0,0.0016494342875008141,0.0016496291445253339,0.006424717334532242,0.2500060066576434,0.9999617217497544,0.9998436045557291,True,0.6166666666666667,1.0,True,False,240,18
H0-I0.5-N0.1-S0-T0.6-D3,0.0,0.5,0.1,0.0,0.6,3,0.006598358041790273,0.75,0.0015045043966886173,0.25,0.75,0.001334046000264021,0.001347298959124294,0.006424717334532242,0.2041870038866129,0.8955101507776718,0.8867012972512598,True,0.4166666666666667,0.75,True,False,240,17
H0-I0.5-N0.1-S0-T0.9-D0,0.0,0.5,0.1,0.0,0.9,0,0.014676404620922352,1.0,0.003669101734917014,0.0,1.0,0.003669101734917014,0.0033992307423428357,0.01359691679285593,0.23161195334564222,0.9264476670118055,1.0,True,1.0,1.0,True,False,240,18
H0-I0.5-N0.1-S0-T0.9-D1,0.0,0.5,0.1,0.0,0.9,1,0.014676404620922352,1.0,0.0036692031055687033,0.5,1.0,0.0036687139189432263,0.003669173868927141,0.01359691679285593,0.25000495446251525,0.9999920318824767,0.9998666776922939,True,0.8333333333333334,1.0,True,False,240,18
H0-I0.5-N0.1-S0-T0.9-D3,0.0,0.5,0.1,0.0,0.9,3,0.014676404620922352,0.75,0.0031245267175535867,0.25,0.75,0.0029595444450785297,0.0029410557168870373,0.01359691679285593,0.20039347461805015,0.9412803866787858,0.9471976758757776,True,0.5,0.75,True,False,240,17
H0-I0.5-N0.1-S0.5-T0-D0,0.0,0.5,0.1,0.5,0.0,0,0.0020408170931363327,1.0,0.001275510973053421,0.0,1.0,0.001275510973053421,0.0012755122524158243,0.0020408183685622365,0.6250007689104632,1.0000010030195194,1.0,True,1.0,1.0,True,False,240,18
H0-I0.5-N0.1-S0.5-T0-D1,0.0,0.5,0.1,0.5,0.0,1,0.0020408170931363327,0.75,0.0011488172107623803,0.5,0.75,0.0011487806550695451,0.001177313396251333,0.0020408183685622365,0.5768833474645368,1.0248048037773059,0.9999681797134542,True,0.4166666666666667,0.75,True,False,240,17
H0-I0.5-N0.1-S0.5-T0-D3,0.0,0.5,0.1,0.5,0.0,3,0.0020408170931363327,0.5,0.0009187339442801823,0.25,0.75,0.0008484868678511156,0.00085713624869851,0.0020408183685622365,0.41999660409608824,0.9329537174878921,0.9235392608856915,True,0.19999999999999998,0.75,True,False,240,17
H0-I0.5-N0.1-S0.5-T0.6-D0,0.0,0.5,0.1,0.5,0.6,0,0.006598358041790273,1.0,0.004123974065962133,0.0,1.0,0.004123974065962133,0.004015449106147078,0.006424717334532242,0.6085527764203597,0.9736843738395974,1.0,True,1.0,1.0,True,False,240,18
H0-I0.5-N0.1-S0.5-T0.6-D1,0.0,0.5,0.1,0.5,0.6,1,0.006598358041790273,0.75,0.003714269152489594,0.5,0.75,0.0037141863992745847,0.0037955425853962057,0.006424717334532242,0.5752253153523017,1.0218814064274626,0.9999777201889223,True,0.5,0.75,True,False,240,17
H0-I0.5-N0.1-S0.5-T0.6-D3,0.0,0.5,0.1,0.5,0.6,3,0.006598358041790273,0.75,0.002893010367748436,0.25,0.75,0.002729261464539458,0.0027510435986705293,0.006424717334532242,0.4169285117974764,0.9509276666753199,0.943398438859927,True,0.3333333333333333,0.75,True,False,240,17
H0-I0.5-N0.1-S0.5-T0.9-D0,0.0,0.5,0.1,0.5,0.9,0,0.014676404620922352,1.0,0.009172753177919685,0.0,1.0,0.009172753177919685,0.008498073767599383,0.01359691679285593,0.579029672940791,0.9264474474311197,1.0,True,1.0,1.0,True,False,240,18
H0-I0.5-N0.1-S0.5-T0.9-D1,0.0,0.5,0.1,0.5,0.9,1,0.014676404620922352,0.75,0.008261423092580471,0.5,0.75,0.008261258456231511,0.008398695619249021,0.01359691679285593,0.572258385904408,1.0166160872201102,0.9999800716720213,True,0.5833333333333334,0.75,True,False,240,18
H0-I0.5-N0.1-S0.5-T0.9-D3,0.0,0.5,0.1,0.5,0.9,3,0.014676404620922352,0.75,0.006212912742476648,0.25,0.75,0.006062854068108713,0.00607031226226833,0.01359691679285593,0.4136103098176122,0.9770477252588174,0.9758472908621412,True,0.4166666666666667,0.75,True,False,240,17
H0-I0.5-N0.1-S0.9-T0-D0,0.0,0.5,0.1,0.9,0.0,0,0.0020408170931363327,1.0,0.0018877558691197506,0.0,1.0,0.0018877558691197506,0.0018877571453329541,0.0020408183685622365,0.9250006537488591,1.0000006760478006,1.0,True,1.0,1.0,True,False,240,18
H0-I0.5-N0.1-S0.9-T0-D1,0.0,0.5,0.1,0.9,0.0,1,0.0020408170931363327,0.5,0.0015884350006250478,0.5,0.5,0.0015884350006250478,0.0016437822482995462,0.0020408183685622365,0.805452999108988,1.0348438857445972,1.0,True,0.3333333333333333,0.5,True,False,240,17
H0-I0.5-N0.1-S0.9-T0-D3,0.0,0.5,0.1,0.9,0.0,3,0.0020408170931363327,0.5,0.0011170977796483622,0.25,0.5,0.0011102649648331514,0.0011306050302891913,0.0020408183685622365,0.5539962567403209,1.0120913772159505,0.9938834227945905,True,0.19999999999999998,0.5,True,False,240,17
H0-I0.5-N0.1-S0.9-T0.6-D0,0.0,0.5,0.1,0.9,0.6,0,0.006598358041790273,1.0,0.006103481246624646,0.0,1.0,0.006103481246624646,0.0059428636888552095,0.006424717334532242,0.900657959331165,0.9736842711103173,1.0,True,1.0,1.0,True,False,240,18
H0-I0.5-N0.1-S0.9-T0.6-D1,0.0,0.5,0.1,0.9,0.6,1,0.006598358041790273,0.5,0.005135694594718679,0.5,0.5,0.005135694594718679,0.005270525730200062,0.006424717334532242,0.7987632221257969,1.026253729265762,1.0,True,0.3333333333333333,0.5,True,False,240,17
H0-I0.5-N0.1-S0.9-T0.6-D3,0.0,0.5,0.1,0.9,0.6,3,0.006598358041790273,0.5,0.003589423663046897,0.25,0.5,0.003586397081889169,0.003601990885167619,0.006424717334532242,0.545892002579224,1.0035011810531316,0.9991568058156838,True,0.25,0.5,True,False,240,17
H0-I0.5-N0.1-S0.9-T0.9-D0,0.0,0.5,0.1,0.9,0.9,0,0.014676404620922352,1.0,0.013575674332321822,0.0,1.0,0.013575674332321822,0.012577148187804622,0.01359691679285593,0.8569638486169101,0.9264473999542073,1.0,True,1.0,1.0,True,False,240,18
H0-I0.5-N0.1-S0.9-T0.9-D1,0.0,0.5,0.1,0.9,0.9,1,0.014676404620922352,0.5,0.011423060644128437,0.5,0.5,0.011423060644128437,0.011546824852748534,0.01359691679285593,0.7867611415051641,1.0108345926259013,1.0,True,0.3333333333333333,0.5,True,False,240,17
H0-I0.5-N0.1-S0.9-T0.9-D3,0.0,0.5,0.1,0.9,0.9,3,0.014676404620922352,0.5,0.007971515644203049,0.5,0.5,0.007971515644203049,0.007807317888687387,0.01359691679285593,0.531963930563583,0.9794019402527212,1.0,True,0.3333333333333333,0.5,True,False,240,17
H0-I0.5-N0.5-S0-T0-D0,0.0,0.5,0.5,0.0,0.0,0,0.010204082374020726,1.0,0.002551021173191607,0.0,1.0,0.002551021173191607,0.0025510224459931777,0.010204083607457299,0.25000018154381043,1.0000004989380662,1.0,True,1.0,1.0,True,False,240,18
H0-I0.5-N0.5-S0-T0-D1,0.0,0.5,0.5,0.0,0.0,1,0.010204082374020726,1.0,0.0025511230039583525,0.5,1.0,0.0025507618088694175,0.002551083327537223,0.010204083607457299,0.2500061479346934,0.999984447468402,0.9998584172192503,True,0.75,1.0,True,False,240,18
H0-I0.5-N0.5-S0-T0-D3,0.0,0.5,0.5,0.0,0.0,3,0.010204082374020726,0.75,0.0022276190561397236,0.25,0.75,0.002059604987459185,0.0020914345105042735,0.010204083607457299,0.20496056713820737,0.9388654243820994,0.924576839914589,True,0.4166666666666667,0.75,True,False,240,17
H0-I0.5-N0.5-S0-T0.6-D0,0.0,0.5,0.5,0.0,0.6,0,0.03299178711729042,1.0,0.008247947359009033,0.0,1.0,0.008247947359009033,0.008030896153455685,0.03212357843730732,0.2434210709745648,0.9736842154652856,1.0,True,1.0,1.0,True,False,240,18
H0-I0.5-N0.5-S0-T0.6-D1,0.0,0.5,0.5,0.0,0.6,1,0.03299178711729042,1.0,0.008248046845363753,0.5,1.0,0.008247033498398606,0.008248029168791299,0.03212357843730732,0.25000249727207563,0.9999978568777814,0.9998771409784467,True,0.9166666666666666,1.0,True,False,240,18
H0-I0.5-N0.5-S0-T0.6-D3,0.0,0.5,0.5,0.0,0.6,3,0.03299178711729042,0.75,0.006797608838167426,0.25,0.75,0.006645042600156995,0.006689908232981432,0.03212357843730732,0.20277495757346736,0.9841561043375616,0.9775558962507819,True,0.5333333333333333,0.75,True,False,240,18
H0-I0.5-N0.5-S0-T0.9-D0,0.0,0.5,0.5,0.0,0.9,0,0.07338202001295083,1.0,0.018345505582924134,0.0,1.0,0.018345505582924134,0.016996145476360296,0.06798457572892577,0.23161185087792255,0.9264473742375455,1.0,True,1.0,1.0,True,False,240,18
H0-I0.5-N0.5-S0-T0.9-D1,0.0,0.5,0.5,0.0,0.9,1,0.07338202001295083,1.0,0.018345600913908723,0.5,1.0,0.01834343165561067,0.018345578410301478,0.06798457572892577,0.2500010003412792,0.9999987733513145,0.9998817559420249,True,0.9166666666666666,1.0,True,False,240,18
H0-I0.5-N0.5-S0-T0.9-D3,0.0,0.5,0.5,0.0,0.9,3,0.07338202001295083,0.75,0.014897720442492272,0.5,0.75,0.01473839762749146,0.014614050681987715,0.06798457572892577,0.19915029157562783,0.9809588479257904,0.989305557476674,True,0.5833333333333334,0.75,True,False,240,18
H0-I0.5-N0.5-S0.5-T0-D0,0.0,0.5,0.5,0.5,0.0,0,0.010204082374020726,1.0,0.006377551773606165,0.0,1.0,0.006377551773606165,0.0063775530267252386,0.010204083607457299,0.625000151210293,1.0000001964890475,1.0,True,1.0,1.0,True,False,240,18
H0-I0.5-N0.5-S0.5-T0-D1,0.0,0.5,0.5,0.5,0.0,1,0.010204082374020726,0.75,0.005743940985100496,0.5,0.75,0.0057438216824541866,0.005886489147133417,0.010204083607457299,0.5768758945067157,1.0248171355525213,0.9999792298272877,True,0.5333333333333333,0.75,True,False,240,18
H0-I0.5-N0.5-S0.5-T0-D3,0.0,0.5,0.5,0.5,0.0,3,0.010204082374020726,0.75,0.00437488505811118,0.25,0.75,0.004217246938092469,0.004284602382799646,0.010204083607457299,0.41989100300759136,0.9793634177555941,0.9639674830481673,True,0.4166666666666667,0.75,True,False,240,17
H0-I0.5-N0.5-S0.5-T0.6-D0,0.0,0.5,0.5,0.5,0.6,0,0.03299178711729042,1.0,0.02061986723814973,0.0,1.0,0.02061986723814973,0.020077237295381505,0.03212357843730732,0.6085525838295487,0.9736841204406845,1.0,True,1.0,1.0,True,False,240,18
H0-I0.5-N0.5-S0.5-T0.6-D1,0.0,0.5,0.5,0.5,0.6,1,0.03299178711729042,0.75,0.01857120069373657,0.5,0.75,0.018570850403479385,0.018977612498132856,0.03212357843730732,0.5752223252006563,1.0218839810682436,0.9999811379854775,True,0.6666666666666666,0.75,True,False,240,18
H0-I0.5-N0.5-S0.5-T0.6-D3,0.0,0.5,0.5,0.5,0.6,3,0.03299178711729042,0.75,0.013740138693466518,0.5,0.75,0.0135782491262865,0.01374400423325884,0.03212357843730732,0.41658865536434814,1.000281331934019,0.9882177632415751,True,0.4166666666666667,0.75,True,False,240,17
H0-I0.5-N0.5-S0.5-T0.9-D0,0.0,0.5,0.5,0.5,0.9,0,0.07338202001295083,1.0,0.04586376279793748,0.0,1.0,0.04586376279793748,0.042490360602643024,0.06798457572892577,0.5790295851101416,0.9264473303213978,1.0,True,1.0,1.0,True,False,240,18
H0-I0.5-N0.5-S0.5-T0.9-D1,0.0,0.5,0.5,0.5,0.9,1,0.07338202001295083,0.75,0.04130697039419094,0.5,0.75,0.041306210688264025,0.041993365677328434,0.06798457572892577,0.5722568780461104,1.0166169359937862,0.999981608287423,True,0.75,0.75,True,False,240,18
H0-I0.5-N0.5-S0.5-T0.9-D3,0.0,0.5,0.5,0.5,0.9,3,0.07338202001295083,0.75,0.03033965056710759,0.5,0.75,0.030149272975616283,0.030280991202795704,0.06798457572892577,0.4126486460505116,0.9980665774583614,0.9937251224739647,True,0.5,0.75,True,False,240,18
H0-I0.5-N0.5-S0.9-T0-D0,0.0,0.5,0.5,0.9,0.0,0,0.010204082374020726,1.0,0.009438776253937815,0.0,1.0,0.009438776253937815,0.009438777491310887,0.010204083607457299,0.9250001269434789,1.0000001310946502,1.0,True,1.0,1.0,True,False,240,18
H0-I0.5-N0.5-S0.9-T0-D1,0.0,0.5,0.5,0.9,0.0,1,0.010204082374020726,0.5,0.007942129111766508,0.5,0.5,0.007942129111766508,0.008218863104903346,0.010204083607457299,0.8054485257614457,1.034843804380723,1.0,True,0.3333333333333333,0.5,True,False,240,17
H0-I0.5-N0.5-S0.9-T0-D3,0.0,0.5,0.5,0.9,0.0,3,0.010204082374020726,0.5,0.005545418287210641,0.25,0.5,0.0055454030293668605,0.005648017462654641,0.010204083607457299,0.5535056711257366,1.0185016116242527,0.9999972485675578,True,0.3333333333333333,0.5,True,False,240,17
H0-I0.5-N0.5-S0.9-T0.6-D0,0.0,0.5,0.5,0.9,0.6,0,0.03299178711729042,1.0,0.03051740314146229,0.0,1.0,0.03051740314146229,0.029714310208922165,0.03212357843730732,0.900657794113536,0.9736840998948234,1.0,True,1.0,1.0,True,False,240,18
H0-I0.5-N0.5-S0.9-T0.6-D1,0.0,0.5,0.5,0.9,0.6,1,0.03299178711729042,0.5,0.025678427082234667,0.5,0.5,0.025678427082234667,0.026352579596999604,0.03212357843730732,0.7987618101230011,1.0262536530218918,1.0,True,0.4166666666666667,0.5,True,False,240,18
H0-I0.5-N0.5-S0.9-T0.6-D3,0.0,0.5,0.5,0.9,0.6,3,0.03299178711729042,0.5,0.017907047704203316,0.5,0.5,0.017907047704203316,0.01800132315471033,0.03212357843730732,0.5456304349537995,1.0052647120879052,1.0,True,0.3333333333333333,0.5,True,False,240,17
H0-I0.5-N0.5-S0.9-T0.9-D0,0.0,0.5,0.5,0.9,0.9,0,0.07338202001295083,1.0,0.06787836856994817,0.0,1.0,0.06787836856994817,0.06288573270366922,0.06798457572892577,0.8569637724959169,0.9264473208260143,1.0,True,1.0,1.0,True,False,240,18
H0-I0.5-N0.5-S0.9-T0.9-D1,0.0,0.5,0.5,0.9,0.9,1,0.07338202001295083,0.5,0.05711525732928345,0.5,0.5,0.05711525732928345,0.05773407354113106,0.06798457572892577,0.7867604834391566,1.010834516743573,1.0,True,0.5,0.5,True,False,240,18
H0-I0.5-N0.5-S0.9-T0.9-D3,0.0,0.5,0.5,0.9,0.9,3,0.07338202001295083,0.5,0.039817507609984065,0.5,0.5,0.039817507609984065,0.03902370683454765,0.06798457572892577,0.5317883975892262,0.9800640265279343,1.0,True,0.4166666666666667,0.5,True,False,240,18
H0-I0.5-N1-S0-T0-D0,0.0,0.5,1.0,0.0,0.0,0,0.020408163975126216,1.0,0.005102041573467979,0.0,1.0,0.005102041573467979,0.005102042833147884,0.020408165156076127,0.25000009012894703,1.0000002468972249,1.0,True,1.0,1.0,True,False,240,18
H0-I0.5-N1-S0-T0-D1,0.0,0.5,1.0,0.0,0.0,1,0.020408163975126216,1.0,0.005102142354433006,0.5,1.0,0.005101489132962468,0.005102112622733868,0.020408165156076127,0.2500035098185413,0.9999941727029407,0.9998719711397369,True,0.8333333333333334,1.0,True,False,240,18
H0-I0.5-N1-S0-T0-D3,0.0,0.5,1.0,0.0,0.0,3,0.020408163975126216,0.75,0.004274009825960531,0.25,0.75,0.004112913124627593,0.004178656323314281,0.020408165156076127,0.2047541527208078,0.9776899196471031,0.9623078308443679,True,0.5,0.75,True,False,240,17
H0-I0.5-N1-S0-T0.6-D0,0.0,0.5,1.0,0.0,0.6,0,0.06598357346166561,1.0,0.01649589394510283,0.0,1.0,0.01649589394510283,0.0160617902480729,0.06424715481577618,0.2434210426236508,0.9736841362781188,1.0,True,1.0,1.0,True,False,240,18
H0-I0.5-N1-S0-T0.6-D1,0.0,0.5,1.0,0.0,0.6,1,0.06598357346166561,1.0,0.016495990037243807,0.5,1.0,0.016494032512020848,0.0164959686206959,0.06424715481577618,0.2500011405153669,0.9999987017118792,0.9998813332683556,True,0.9166666666666666,1.0,True,False,240,18
H0-I0.5-N1-S0-T0.6-D3,0.0,0.5,1.0,0.0,0.6,3,0.06598357346166561,0.75,0.013413989390015939,0.5,0.75,0.013256753871864292,0.013355304007570457,0.06424715481577618,0.2024034666041461,0.9956250612148865,0.9882782434382513,True,0.5833333333333334,0.75,True,False,240,18
H0-I0.5-N1-S0-T0.9-D0,0.0,0.5,1.0,0.0,0.9,0,0.14676403925298642,1.0,0.03669101039293303,0.0,1.0,0.03669101039293303,0.03399228889388212,0.13596914939901306,0.23161183806945695,0.926447337640756,1.0,True,1.0,1.0,True,False,240,18
H0-I0.5-N1-S0-T0.9-D1,0.0,0.5,1.0,0.0,0.9,1,0.14676403925298642,1.0,0.03669109817433375,0.5,1.0,0.03668682882644497,0.03669106710371626,0.13596914939901306,0.2500003903576785,0.9999991531837684,0.9998836407711623,True,0.9166666666666666,1.0,True,False,240,18
H0-I0.5-N1-S0-T0.9-D3,0.0,0.5,1.0,0.0,0.9,3,0.14676403925298642,0.75,0.02961421259866563,0.5,0.75,0.02943418678115162,0.02920118976041651,0.13596914939901306,0.19896692615607683,0.9860532223548727,0.9939209655865671,True,0.6666666666666666,0.75,True,False,240,18
H0-I0.5-N1-S0.5-T0-D0,0.0,0.5,1.0,0.5,0.0,0,0.020408163975126216,1.0,0.012755102774297096,0.0,1.0,0.012755102774297096,0.012755103994612008,0.020408165156076127,0.6250000739977455,1.0000000956726836,1.0,True,1.0,1.0,True,False,240,18
H0-I0.5-N1-S0.5-T0-D1,0.0,0.5,1.0,0.5,0.0,1,0.020408163975126216,0.75,0.011487845703023141,0.5,0.75,0.01148762296668499,0.01177295594769173,0.020408165156076127,0.5768748213725051,1.0248184256682311,0.999980611130763,True,0.6666666666666666,0.75,True,False,240,18
H0-I0.5-N1-S0.5-T0-D3,0.0,0.5,1.0,0.5,0.0,3,0.020408163975126216,0.75,0.008568541829903445,0.5,0.75,0.008415527739201218,0.008550693374756939,0.020408165156076127,0.4189839607903315,0.9979169786994309,0.982142341866358,True,0.4166666666666667,0.75,True,False,240,17
H0-I0.5-N1-S0.5-T0.6-D0,0.0,0.5,1.0,0.5,0.6,0,0.06598357346166561,1.0,0.04123973370338422,0.0,1.0,0.04123973370338422,0.040154472531924536,0.06424715481577618,0.6085525597556948,0.973684088765815,1.0,True,1.0,1.0,True,False,240,18
H0-I0.5-N1-S0.5-T0.6-D1,0.0,0.5,1.0,0.5,0.6,1,0.06598357346166561,0.75,0.037142365120295284,0.5,0.75,0.03714168040873538,0.03795519674292369,0.06424715481577618,0.5752219037511582,1.0218842181965484,0.9999815652138014,True,0.75,0.75,True,False,240,18
H0-I0.5-N1-S0.5-T0.6-D3,0.0,0.5,1.0,0.5,0.6,3,0.06598357346166561,0.75,0.02729904910061412,0.5,0.75,0.027113889778741695,0.027473806688493273,0.06424715481577618,0.41637342822080853,1.0064015998225821,0.9932173710084188,True,0.5,0.75,True,False,240,18
H0-I0.5-N1-S0.5-T0.9-D0,0.0,0.5,1.0,0.5,0.9,0,0.14676403925298642,1.0,0.09172752482295973,0.0,1.0,0.09172752482295973,0.08498071914644759,0.13596914939901306,0.57902957413131,0.9264473156826816,1.0,True,1.0,1.0,True,False,240,18
H0-I0.5-N1-S0.5-T0.9-D1,0.0,0.5,1.0,0.5,0.9,1,0.14676403925298642,0.75,0.08261390452120404,0.5,0.75,0.08261240097830468,0.0839866877708007,0.13596914939901306,0.5722565840943337,1.0166168547238235,0.9999818003651071,True,0.75,0.75,True,False,240,18
H0-I0.5-N1-S0.5-T0.9-D3,0.0,0.5,1.0,0.5,0.9,3,0.14676403925298642,0.75,0.06049807284789627,0.5,0.75,0.06025593747740126,0.06060638951651606,0.13596914939901306,0.4129512230993112,1.0017904151904495,0.9959976349808071,True,0.6666666666666666,0.75,True,False,240,18
H0-I0.5-N1-S0.9-T0-D0,0.0,0.5,1.0,0.9,0.0,0,0.020408163975126216,1.0,0.018877551734960394,0.0,1.0,0.018877551734960394,0.018877552923783302,0.020408165156076127,0.925000061092784,1.0000000629754815,1.0,True,1.0,1.0,True,False,240,18
H0-I0.5-N1-S0.9-T0-D1,0.0,0.5,1.0,0.9,0.0,1,0.020408163975126216,0.5,0.01588424675069333,0.5,0.5,0.01588424675069333,0.01643771431496975,0.020408165156076127,0.8054479734190831,1.0348438029806015,1.0,True,0.4166666666666667,0.5,True,False,240,18
H0-I0.5-N1-S0.9-T0-D3,0.0,0.5,1.0,0.9,0.0,3,0.020408163975126216,0.5,0.011080818921663491,0.5,0.5,0.011080818921663491,0.011293088125073698,0.020408165156076127,0.5533612988820497,1.0191564544922949,1.0,True,0.3333333333333333,0.5,True,False,240,17
H0-I0.5-N1-S0.9-T0.6-D0,0.0,0.5,1.0,0.9,0.6,0,0.06598357346166561,1.0,0.06103480551000934,0.0,1.0,0.06103480551000934,0.059428618359005855,0.06424715481577618,0.90065777346133,0.9736840784928842,1.0,True,1.0,1.0,True,False,240,18
H0-I0.5-N1-S0.9-T0.6-D1,0.0,0.5,1.0,0.9,0.6,1,0.06598357346166561,0.5,0.051356842691629656,0.5,0.5,0.051356842691629656,0.05270514497103819,0.06424715481577618,0.7987616039264412,1.026253605337547,1.0,True,0.5,0.5,True,False,240,18
H0-I0.5-N1-S0.9-T0.6-D3,0.0,0.5,1.0,0.9,0.6,3,0.06598357346166561,0.5,0.03580407775564884,0.5,0.5,0.03580407775564884,0.03599880062801127,0.06424715481577618,0.545572158939307,1.0054385669054613,1.0,True,0.4166666666666667,0.5,True,False,240,18
H0-I0.5-N1-S0.9-T0.9-D0,0.0,0.5,1.0,0.9,0.9,0,0.14676403925298642,1.0,0.1357567363669811,0.0,1.0,0.1357567363669811,0.12577146334849995,0.13596914939901306,0.8569637629807922,0.9264473109349896,1.0,True,1.0,1.0,True,False,240,18
H0-I0.5-N1-S0.9-T0.9-D1,0.0,0.5,1.0,0.9,0.9,1,0.14676403925298642,0.5,0.1142305031857272,0.5,0.5,0.1142305031857272,0.11546812995160634,0.13596914939901306,0.7867603708601032,1.0108344683019288,1.0,True,0.5,0.5,True,False,240,18
H0-I0.5-N1-S0.9-T0.9-D3,0.0,0.5,1.0,0.9,0.9,3,0.14676403925298642,0.5,0.07962499756721034,0.5,0.5,0.07962499756721034,0.07804081928763355,0.13596914939901306,0.5317434685284839,0.9801045107946207,1.0,True,0.5,0.5,True,False,240,18
H0-I1.5-N0.1-S0-T0-D0,0.0,1.5,0.1,0.0,0.0,0,0.0020408232764582107,1.0,0.0005102110362923873,0.0,1.0,0.0005102110362923873,0.0005102226069771775,0.0020408348392700016,0.2500082260246727,1.0000226782330588,1.0,True,1.0,1.0,True,False,240,18
H0-I1.5-N0.1-S0-T0-D1,0.0,1.5,0.1,0.0,0.0,1,0.0020408232764582107,1.0,0.0005111367514482224,0.0,1.0,0.0005102846198298774,0.0005103883818175737,0.0020408348392700016,0.25008945541984307,0.9985358719979961,0.9983328695971663,True,0.25,1.0,True,False,240,16
H0-I1.5-N0.1-S0-T0-D3,0.0,1.5,0.1,0.0,0.0,3,0.0020408232764582107,0.5,0.0007509203721322986,0.0,0.75,0.0004180702228129127,0.0004394870422075531,0.0020408348392700016,0.21534791732200842,0.5852645080857167,0.5567437485092711,True,0.16666666666666666,0.75,True,False,240,16
H0-I1.5-N0.1-S0-T0.6-D0,0.0,1.5,0.1,0.0,0.6,0,0.006598364225112152,1.0,0.0016495962734558727,0.0,1.0,0.0016495962734558727,0.0016061973484696789,0.006424733805240008,0.24342356585239555,0.973691183906912,1.0,True,1.0,1.0,True,False,240,18
H0-I1.5-N0.1-S0-T0.6-D1,0.0,1.5,0.1,0.0,0.6,1,0.006598364225112152,1.0,0.0016505215197293024,0.25,1.0,0.001649613139568066,0.001649935194665916,0.006424733805240008,0.25005215510634715,0.9996447637571653,0.9994496405224783,True,0.5,1.0,True,False,240,17
H0-I1.5-N0.1-S0-T0.6-D3,0.0,1.5,0.1,0.0,0.6,3,0.006598364225112152,0.5,0.0022265296915284817,0.0,0.75,0.0013441803282748582,0.0013724357433731512,0.006424733805240008,0.2079963603933707,0.6164012762079958,0.6037109378730526,True,0.25,0.75,True,False,240,16
H0-I1.5-N0.1-S0-T0.9-D0,0.0,1.5,0.1,0.0,0.9,0,0.01467641080424423,1.0,0.003669107918238892,0.0,1.0,0.003669107918238892,0.003399247213050601,0.013596933263563695,0.23161297802236377,0.9264505947489765,1.0,True,1.0,1.0,True,False,240,18
H0-I1.5-N0.1-S0-T0.9-D1,0.0,1.5,0.1,0.0,0.9,1,0.01467641080424423,1.0,0.003670032333438296,0.25,1.0,0.0036689529095384685,0.003669497206690904,0.013596933263563695,0.2500268802526114,0.9998541901817822,0.9997058816376105,True,0.5833333333333334,1.0,True,False,240,17
H0-I1.5-N0.1-S0-T0.9-D3,0.0,1.5,0.1,0.0,0.9,3,0.01467641080424423,0.75,0.004574353008104911,0.1,0.75,0.002981213616820363,0.0029725105849662415,0.013596933263563695,0.20253661638488818,0.6498209866399687,0.6517235577442759,True,0.2833333333333333,0.75,True,False,240,17
H0-I1.5-N0.1-S0.5-T0-D0,0.0,1.5,0.1,0.5,0.0,0,0.0020408232764582107,1.0,0.0012755171563752989,0.0,1.0,0.0012755171563752989,0.0012755287231235898,0.0020408348392700016,0.625006945891578,1.0000090682812326,1.0,True,1.0,1.0,True,False,240,18
H0-I1.5-N0.1-S0.5-T0-D1,0.0,1.5,0.1,0.5,0.0,1,0.0020408232764582107,0.75,0.0011491073481851872,0.25,0.75,0.0011488798625366935,0.001177438344797325,0.0020408348392700016,0.5769428241923695,1.024654786741101,0.9998020327266613,True,0.25,0.75,True,False,240,16
H0-I1.5-N0.1-S0.5-T0-D3,0.0,1.5,0.1,0.5,0.0,3,0.0020408232764582107,0.5,0.0009988751663425244,0.0,0.75,0.0008556589132992369,0.0008705668819139043,0.0020408348392700016,0.4265763194472908,0.8715472275695542,0.8566224710864649,True,0.08333333333333333,0.75,True,False,240,16
H0-I1.5-N0.1-S0.5-T0.6-D0,0.0,1.5,0.1,0.5,0.6,0,0.006598364225112152,1.0,0.004123980249284012,0.0,1.0,0.004123980249284012,0.004015465576854844,0.006424733805240008,0.6085547023264836,0.9736869078245445,1.0,True,1.0,1.0,True,False,240,18
H0-I1.5-N0.1-S0.5-T0.6-D1,0.0,1.5,0.1,0.5,0.6,1,0.006598364225112152,0.75,0.003714559289912401,0.25,0.75,0.003714335788310193,0.003795685451315139,0.006424733805240008,0.5752464280267318,1.0218400502108154,0.9999398309234652,True,0.3333333333333333,0.75,True,False,240,17
H0-I1.5-N0.1-S0.5-T0.6-D3,0.0,1.5,0.1,0.5,0.6,3,0.006598364225112152,0.5,0.0030282159101844572,0.1,0.75,0.002752877411429797,0.0027713703034897715,0.006424733805240008,0.4200086883567975,0.9151825317901323,0.9090756713123904,True,0.16666666666666666,0.75,True,False,240,16
H0-I1.5-N0.1-S0.5-T0.9-D0,0.0,1.5,0.1,0.5,0.9,0,0.01467641080424423,1.0,0.009172759361241562,0.0,1.0,0.009172759361241562,0.008498090238307148,0.013596933263563695,0.5790305512468764,0.9264486185274684,1.0,True,1.0,1.0,True,False,240,18
H0-I1.5-N0.1-S0.5-T0.9-D1,0.0,1.5,0.1,0.5,0.9,1,0.01467641080424423,0.75,0.008261713230003279,0.5,0.75,0.008261421642018586,0.008398854346820465,0.013596933263563695,0.5722689599552245,1.0165995978072857,0.9999647061116047,True,0.4166666666666667,0.75,True,False,240,17
H0-I1.5-N0.1-S0.5-T0.9-D3,0.0,1.5,0.1,0.5,0.9,3,0.01467641080424423,0.5,0.006625135661070591,0.1,0.75,0.006108078252146737,0.006077154943109498,0.013596933263563695,0.41407637222528976,0.9172876230775111,0.9219551967875779,True,0.16666666666666666,0.75,True,False,240,16
H0-I1.5-N0.1-S0.9-T0-D0,0.0,1.5,0.1,0.9,0.0,0,0.0020408232764582107,1.0,0.0018877620524416286,0.0,1.0,0.0018877620524416286,0.0018877736160407197,0.0020408348392700016,0.9250059217851022,1.000006125559668,1.0,True,1.0,1.0,True,False,240,18
H0-I1.5-N0.1-S0.9-T0-D1,0.0,1.5,0.1,0.9,0.0,1,0.0020408232764582107,0.5,0.0015885267833425103,0.25,0.5,0.0015884969042250694,0.0016438507315921823,0.0020408348392700016,0.8054841154325902,1.034827205200319,0.9999811906744324,True,0.16666666666666666,0.5,True,False,240,16
H0-I1.5-N0.1-S0.9-T0-D3,0.0,1.5,0.1,0.9,0.0,3,0.0020408232764582107,0.5,0.0011972390017107044,0.0,0.5,0.0011130911062411928,0.0011344640017179174,0.0020408348392700016,0.55588546779354,0.9475668601648548,0.9297150398965663,True,0.08333333333333333,0.5,True,False,240,16
H0-I1.5-N0.1-S0.9-T0.6-D0,0.0,1.5,0.1,0.9,0.6,0,0.006598364225112152,1.0,0.006103487429946525,0.0,1.0,0.006103487429946525,0.005942880159562975,0.006424733805240008,0.9006596115057538,0.9736859832633493,1.0,True,1.0,1.0,True,False,240,18
H0-I1.5-N0.1-S0.9-T0.6-D1,0.0,1.5,0.1,0.9,0.6,1,0.006598364225112152,0.5,0.005135786377436142,0.5,0.5,0.005135786377436142,0.0052706035603638235,0.006424733805240008,0.7987742689778904,1.0262505433481415,1.0,True,0.19999999999999998,0.5,True,False,240,17
H0-I1.5-N0.1-S0.9-T0.6-D3,0.0,1.5,0.1,0.9,0.6,3,0.006598364225112152,0.5,0.0036695648851092387,0.1,0.5,0.003593941383662225,0.003608641785485555,0.006424733805240008,0.5468994530116621,0.9833977320115244,0.9793916979765402,True,0.16666666666666666,0.5,True,False,240,16
H0-I1.5-N0.1-S0.9-T0.9-D0,0.0,1.5,0.1,0.9,0.9,0,0.01467641080424423,1.0,0.0135756805156437,0.0,1.0,0.0135756805156437,0.012577164658512387,0.013596933263563695,0.8569646098264865,0.9264481912357403,1.0,True,1.0,1.0,True,False,240,18
H0-I1.5-N0.1-S0.9-T0.9-D1,0.0,1.5,0.1,0.9,0.9,1,0.01467641080424423,0.5,0.0114231524268459,0.5,0.5,0.0114231524268459,0.011546907497287255,0.013596933263563695,0.7867664411484065,1.010833705602187,1.0,True,0.25,0.5,True,False,240,17
H0-I1.5-N0.1-S0.9-T0.9-D3,0.0,1.5,0.1,0.9,0.9,3,0.01467641080424423,0.5,0.00805165686626539,0.25,0.5,0.007987079039153433,0.007816219759530854,0.013596933263563695,0.5325702492104203,0.9707591728454098,0.9919795604576093,True,0.16666666666666666,0.5,True,False,240,16
H0-I1.5-N0.5-S0-T0-D0,0.0,1.5,0.5,0.0,0.0,0,0.010204088557342603,1.0,0.002551027356513485,0.0,1.0,0.002551027356513485,0.002551038916700943,0.010204100078165064,0.2500016441806829,1.0000045315811406,1.0,True,1.0,1.0,True,False,240,18
H0-I1.5-N0.5-S0-T0-D1,0.0,1.5,0.5,0.0,0.0,1,0.010204088557342603,1.0,0.002551952231827945,0.25,1.0,0.00255096750442557,0.002551425312449249,0.010204100078165064,0.2500395109383198,0.999793523024403,0.9996141278076863,True,0.5833333333333334,1.0,True,False,240,17
H0-I1.5-N0.5-S0-T0-D3,0.0,1.5,0.5,0.0,0.0,3,0.010204088557342603,0.5,0.003393966361380954,0.1,0.75,0.0020764888842746796,0.002119468553557966,0.010204100078165064,0.20770777729411713,0.6244813082636407,0.6118177563285534,True,0.25,0.75,True,False,240,16
H0-I1.5-N0.5-S0-T0.6-D0,0.0,1.5,0.5,0.0,0.6,0,0.032991793300612304,1.0,0.00824795354233091,0.0,1.0,0.00824795354233091,0.00803091262416345,0.03212359490801509,0.24342152458909838,0.9736854824589466,1.0,True,1.0,1.0,True,False,240,18
H0-I1.5-N0.5-S0-T0.6-D1,0.0,1.5,0.5,0.0,0.6,1,0.032991793300612304,1.0,0.008248876073233345,0.5,1.0,0.008247309376609538,0.008248315774835733,0.03212359490801509,0.25001113760865645,0.9999320757891574,0.9998100715042998,True,0.5833333333333334,1.0,True,False,240,17
H0-I1.5-N0.5-S0-T0.6-D3,0.0,1.5,0.5,0.0,0.6,3,0.032991793300612304,0.75,0.008247435128718752,0.1,0.75,0.006686308781190117,0.006741498916614434,0.03212359490801509,0.20433866250275387,0.8174055098826504,0.8107137160627589,True,0.3333333333333333,0.75,True,False,240,17
H0-I1.5-N0.5-S0-T0.9-D0,0.0,1.5,0.5,0.0,0.9,0,0.07338202619627271,1.0,0.018345511766246013,0.0,1.0,0.018345511766246013,0.016996161947068062,0.06798459219963353,0.2316120558133532,0.9264479597859665,1.0,True,1.0,1.0,True,False,240,18
H0-I1.5-N0.5-S0-T0.9-D1,0.0,1.5,0.5,0.0,0.9,1,0.07338202619627271,1.0,0.018346430141778315,0.5,1.0,0.018343707533821602,0.018345883976834145,0.06798459219963353,0.250005143327127,0.9999702304513767,0.9998516001240747,True,0.6666666666666666,1.0,True,False,240,18
H0-I1.5-N0.5-S0-T0.9-D3,0.0,1.5,0.5,0.0,0.9,3,0.07338202619627271,0.75,0.016347546733043596,0.25,0.75,0.014822909626555757,0.014711917754387804,0.06798459219963353,0.200483940236786,0.8999465176417165,0.90673603009765,True,0.4166666666666667,0.75,True,False,240,17
H0-I1.5-N0.5-S0.5-T0-D0,0.0,1.5,0.5,0.5,0.0,0,0.010204088557342603,1.0,0.006377557956928044,0.0,1.0,0.006377557956928044,0.006377569497433004,0.010204100078165064,0.6250013866102591,1.0000018095492096,1.0,True,1.0,1.0,True,False,240,18
H0-I1.5-N0.5-S0.5-T0-D1,0.0,1.5,0.5,0.5,0.0,1,0.010204088557342603,0.75,0.005744231122523303,0.5,0.75,0.005743984868241261,0.005886656691727707,0.010204100078165064,0.5768919642991356,1.0247945401510654,0.9999571301577549,True,0.4166666666666667,0.75,True,False,240,17
H0-I1.5-N0.5-S0.5-T0-D3,0.0,1.5,0.5,0.5,0.0,3,0.010204088557342603,0.5,0.004633740332432081,0.1,0.75,0.004250507957674179,0.004294419899270908,0.010204100078165064,0.42085286452955684,0.9267718066145765,0.9172952415836481,True,0.16666666666666666,0.75,True,False,240,16
H0-I1.5-N0.5-S0.5-T0.6-D0,0.0,1.5,0.5,0.5,0.6,0,0.032991793300612304,1.0,0.020619873421471608,0.0,1.0,0.020619873421471608,0.02007725376608927,0.03212359490801509,0.6085529690111344,0.9736846272384339,1.0,True,1.0,1.0,True,False,240,18
H0-I1.5-N0.5-S0.5-T0.6-D1,0.0,1.5,0.5,0.5,0.6,1,0.032991793300612304,0.75,0.018571490831159373,0.5,0.75,0.01857101358926646,0.01897781774479089,0.03212359490801509,0.5752284385353091,1.0218790681548182,0.999974302445762,True,0.5,0.75,True,False,240,17
H0-I1.5-N0.5-S0.5-T0.6-D3,0.0,1.5,0.5,0.5,0.6,3,0.032991793300612304,0.5,0.01478044405164175,0.25,0.75,0.013671494723860401,0.013763962633946315,0.03212359490801509,0.41719352775197177,0.9312279513292073,0.9249718530846053,True,0.25,0.75,True,False,240,17
H0-I1.5-N0.5-S0.5-T0.9-D0,0.0,1.5,0.5,0.5,0.9,0,0.07338202619627271,1.0,0.045863768981259365,0.0,1.0,0.045863768981259365,0.042490377073350794,0.06798459219963353,0.5790297607714326,0.9264475645408254,1.0,True,1.0,1.0,True,False,240,18
H0-I1.5-N0.5-S0.5-T0.9-D1,0.0,1.5,0.5,0.5,0.9,1,0.07338202619627271,0.75,0.04130726053161375,0.5,0.75,0.0413063738740511,0.041993565253558,0.06798459219963353,0.5722595495147418,1.016614626898799,0.9999785350674134,True,0.5,0.75,True,False,240,17
H0-I1.5-N0.5-S0.5-T0.9-D3,0.0,1.5,0.5,0.5,0.9,3,0.07338202619627271,0.75,0.03178947685765891,0.25,0.75,0.030339457741706672,0.030292276310987465,0.06798459219963353,0.4128023970061227,0.9529026365115935,0.9543868204423474,True,0.3333333333333333,0.75,True,False,240,17
H0-I1.5-N0.5-S0.9-T0-D0,0.0,1.5,0.5,0.9,0.0,0,0.010204088557342603,1.0,0.009438782437259692,0.0,1.0,0.009438782437259692,0.009438793962018651,0.010204100078165064,0.9250011805539198,1.0000012210005937,1.0,True,1.0,1.0,True,False,240,18
H0-I1.5-N0.5-S0.9-T0-D1,0.0,1.5,0.5,0.9,0.0,1,0.010204088557342603,0.5,0.007942220894483971,0.5,0.5,0.007942220894483971,0.008218948136429276,0.010204100078165064,0.805456370771609,1.0348425516768864,1.0,True,0.25,0.5,True,False,240,17
H0-I1.5-N0.5-S0.9-T0-D3,0.0,1.5,0.5,0.9,0.0,3,0.010204088557342603,0.5,0.005625559509272984,0.1,0.5,0.005556303506461476,0.005655743658182717,0.010204100078165064,0.5542625023685225,1.0053655372163388,0.9876890462722244,True,0.16666666666666666,0.5,True,False,240,16
H0-I1.5-N0.5-S0.9-T0.6-D0,0.0,1.5,0.5,0.9,0.6,0,0.032991793300612304,1.0,0.030517409324784167,0.0,1.0,0.030517409324784167,0.02971432667962993,0.03212359490801509,0.9006581245487633,0.9736844423257768,1.0,True,1.0,1.0,True,False,240,18
H0-I1.5-N0.5-S0.9-T0.6-D1,0.0,1.5,0.5,0.9,0.6,1,0.032991793300612304,0.5,0.02567851886495213,0.5,0.5,0.02567851886495213,0.02635267678759469,0.03212359490801509,0.7987646063212211,1.026253769782754,1.0,True,0.3333333333333333,0.5,True,False,240,17
H0-I1.5-N0.5-S0.9-T0.6-D3,0.0,1.5,0.5,0.9,0.6,3,0.032991793300612304,0.5,0.01798718892626566,0.25,0.5,0.017937907204244746,0.01801643996066321,0.03212359490801509,0.5460885316691421,1.001626214886465,0.997260176549936,True,0.25,0.5,True,False,240,17
H0-I1.5-N0.5-S0.9-T0.9-D0,0.0,1.5,0.5,0.9,0.9,0,0.07338202619627271,1.0,0.06787837475327005,0.0,1.0,0.06787837475327005,0.06288574917437698,0.06798459219963353,0.8569639247378963,0.9264474790823929,1.0,True,1.0,1.0,True,False,240,18
H0-I1.5-N0.5-S0.9-T0.9-D1,0.0,1.5,0.5,0.9,0.9,1,0.07338202619627271,0.5,0.05711534911200091,0.5,0.5,0.05711534911200091,0.057734172400337055,0.06798459219963353,0.786761764330644,1.0108346232310101,1.0,True,0.3333333333333333,0.5,True,False,240,17
H0-I1.5-N0.5-S0.9-T0.9-D3,0.0,1.5,0.5,0.9,0.9,3,0.07338202619627271,0.5,0.03989764883204641,0.25,0.5,0.03988209904257707,0.03904322392593429,0.06798459219963353,0.532054318335481,0.9785845800160075,0.9996102579995428,True,0.25,0.5,True,False,240,17
H0-I1.5-N1-S0-T0-D0,0.0,1.5,1.0,0.0,0.0,0,0.020408170158448095,1.0,0.0051020477567898575,0.0,1.0,0.0051020477567898575,0.00510205930385565,0.020408181626783893,0.2500008214476602,1.0000022632218166,1.0,True,1.0,1.0,True,False,240,18
H0-I1.5-N1-S0-T0-D1,0.0,1.5,1.0,0.0,0.0,1,0.020408170158448095,1.0,0.005102971582302599,0.5,1.0,0.0051017650111734,0.0051024304245264355,0.020408181626783893,0.2500190063543865,0.9998939524221455,0.9997635551933342,True,0.5833333333333334,1.0,True,False,240,17
H0-I1.5-N1-S0-T0-D3,0.0,1.5,1.0,0.0,0.0,3,0.020408170158448095,0.75,0.005723836116511855,0.1,0.75,0.004140715138058211,0.004241408008741696,0.020408181626783893,0.20782892223122404,0.7410079398510869,0.7234160891003272,True,0.3333333333333333,0.75,True,False,240,17
H0-I1.5-N1-S0-T0.6-D0,0.0,1.5,1.0,0.0,0.6,0,0.0659835796449875,1.0,0.01649590012842471,0.0,1.0,0.01649590012842471,0.016061806718780665,0.06424717128648394,0.24342126943094416,0.9736847697752461,1.0,True,1.0,1.0,True,False,240,18
H0-I1.5-N1-S0-T0.6-D1,0.0,1.5,1.0,0.0,0.6,1,0.0659835796449875,1.0,0.0164968192651134,0.5,1.0,0.01649430839023178,0.01649624108030211,0.06424717128648394,0.25000524629092724,0.9999649517399689,0.9998477964241913,True,0.6166666666666667,1.0,True,False,240,18
H0-I1.5-N1-S0-T0.6-D3,0.0,1.5,1.0,0.0,0.6,3,0.0659835796449875,0.75,0.014863815680567261,0.25,0.75,0.01333416315234943,0.013454478200400584,0.06424717128648394,0.20390646086177694,0.9051833317598774,0.8970888390241761,True,0.4166666666666667,0.75,True,False,240,17
H0-I1.5-N1-S0-T0.9-D0,0.0,1.5,1.0,0.0,0.9,0,0.1467640454363083,1.0,0.03669101657625491,0.0,1.0,0.03669101657625491,0.033992305364589886,0.13596916586972083,0.2316119405371777,0.9264476304150283,1.0,True,1.0,1.0,True,False,240,18
H0-I1.5-N1-S0-T0.9-D1,0.0,1.5,1.0,0.0,0.9,1,0.1467640454363083,1.0,0.03669192740220334,0.5,1.0,0.0366871047046559,0.036691661903234994,0.13596916586972083,0.25000443258535143,0.9999927641040648,0.9998685624362391,True,0.8333333333333334,1.0,True,False,240,18
H0-I1.5-N1-S0-T0.9-D3,0.0,1.5,1.0,0.0,0.9,3,0.1467640454363083,0.75,0.031064038889216952,0.25,0.75,0.029589147600494522,0.029381250858881346,0.13596916586972083,0.2001937925023471,0.9458284212063699,0.9525209424961671,True,0.5,0.75,True,False,240,17
H0-I1.5-N1-S0.5-T0-D0,0.0,1.5,1.0,0.5,0.0,0,0.020408170158448095,1.0,0.012755108957618973,0.0,1.0,0.012755108957618973,0.012755120465319772,0.020408181626783893,0.6250006916979624,1.0000009022032534,1.0,True,1.0,1.0,True,False,240,18
H0-I1.5-N1-S0.5-T0-D1,0.0,1.5,1.0,0.5,0.0,1,0.020408170158448095,0.75,0.011488135840445949,0.5,0.75,0.011487786152472063,0.011773111534895572,0.020408181626783893,0.5768822703598449,1.024806086767038,0.9999695609471595,True,0.4166666666666667,0.75,True,False,240,17
H0-I1.5-N1-S0.5-T0-D3,0.0,1.5,1.0,0.5,0.0,3,0.020408170158448095,0.5,0.009177321790044027,0.25,0.75,0.008478571828220378,0.00856733589505791,0.020408181626783893,0.41979931706475926,0.933533343502474,0.9238612333958166,True,0.19999999999999998,0.75,True,False,240,17
H0-I1.5-N1-S0.5-T0.6-D0,0.0,1.5,1.0,0.5,0.6,0,0.0659835796449875,1.0,0.0412397398867061,0.0,1.0,0.0412397398867061,0.040154489002632306,0.06424717128648394,0.6085527523465102,0.9736843421647372,1.0,True,1.0,1.0,True,False,240,18
H0-I1.5-N1-S0.5-T0.6-D1,0.0,1.5,1.0,0.5,0.6,1,0.0659835796449875,0.75,0.037142655257718094,0.5,0.75,0.03714184359452246,0.037955399649509586,0.06424717128648394,0.5752249249543845,1.0218816987141113,0.9999781474105714,True,0.5,0.75,True,False,240,17
H0-I1.5-N1-S0.5-T0.6-D3,0.0,1.5,1.0,0.5,0.6,3,0.0659835796449875,0.75,0.028748875391165444,0.25,0.75,0.027286317795103807,0.027617588202414153,0.06424717128648394,0.4185524391220589,0.9606493411182638,0.9491264414290417,True,0.4166666666666667,0.75,True,False,240,17
H0-I1.5-N1-S0.5-T0.9-D0,0.0,1.5,1.0,0.5,0.9,0,0.1467640454363083,1.0,0.09172753100628162,0.0,1.0,0.09172753100628162,0.08498073561715534,0.13596916586972083,0.57902966196196,0.9264474327924052,1.0,True,1.0,1.0,True,False,240,18
H0-I1.5-N1-S0.5-T0.9-D1,0.0,1.5,1.0,0.5,0.9,1,0.1467640454363083,0.75,0.08261419465862685,0.5,0.75,0.08261256416409174,0.08398692468348815,0.13596916586972083,0.5722581742265768,1.0166161521096175,0.9999802637483565,True,0.5833333333333334,0.75,True,False,240,18
H0-I1.5-N1-S0.5-T0.9-D3,0.0,1.5,1.0,0.5,0.9,3,0.1467640454363083,0.75,0.06194789913844759,0.5,0.75,0.060596805268051675,0.06068461123184095,0.13596916586972083,0.41348418171108847,0.9796072518329748,0.9781898355039232,True,0.4166666666666667,0.75,True,False,240,17
H0-I1.5-N1-S0.9-T0-D0,0.0,1.5,1.0,0.9,0.0,0,0.020408170158448095,1.0,0.018877557918282273,0.0,1.0,0.018877557918282273,0.01887756939449107,0.020408181626783893,0.9250005878982039,1.0000006079286763,1.0,True,1.0,1.0,True,False,240,18
H0-I1.5-N1-S0.9-T0-D1,0.0,1.5,1.0,0.9,0.0,1,0.020408170158448095,0.5,0.015884338533410796,0.5,0.5,0.015884338533410796,0.016437810448846863,0.020408181626783893,0.8054524399406933,1.0348438755741642,1.0,True,0.3333333333333333,0.5,True,False,240,17
H0-I1.5-N1-S0.9-T0-D3,0.0,1.5,1.0,0.9,0.0,3,0.020408170158448095,0.5,0.011160960143725833,0.25,0.5,0.011101169199631793,0.011305035524169239,0.020408181626783893,0.553946553581113,1.0129088697198152,0.9946428494211897,True,0.19999999999999998,0.5,True,False,240,17
H0-I1.5-N1-S0.9-T0.6-D0,0.0,1.5,1.0,0.9,0.6,0,0.0659835796449875,1.0,0.06103481169333122,0.0,1.0,0.06103481169333122,0.059428634829713625,0.06424717128648394,0.9006579386789632,0.9736842497083826,1.0,True,1.0,1.0,True,False,240,18
H0-I1.5-N1-S0.9-T0.6-D1,0.0,1.5,1.0,0.9,0.6,1,0.0659835796449875,0.5,0.05135693447434712,0.5,0.5,0.05135693447434712,0.052705245267852016,0.06424717128648394,0.7987630491013504,1.0262537242011278,1.0,True,0.3333333333333333,0.5,True,False,240,17
H0-I1.5-N1-S0.9-T0.6-D3,0.0,1.5,1.0,0.9,0.6,3,0.0659835796449875,0.5,0.03588421897771118,0.25,0.5,0.03586249037019197,0.036018287467969895,0.06424717128648394,0.5458674364403941,1.0037361406790541,0.9993944801325423,True,0.25,0.5,True,False,240,17
H0-I1.5-N1-S0.9-T0.9-D0,0.0,1.5,1.0,0.9,0.9,0,0.1467640454363083,1.0,0.13575674255030298,0.0,1.0,0.13575674255030298,0.12577147981920772,0.13596916586972083,0.856963839101786,0.9264473900631834,1.0,True,1.0,1.0,True,False,240,18
H0-I1.5-N1-S0.9-T0.9-D1,0.0,1.5,1.0,0.9,0.9,1,0.1467640454363083,0.5,0.11423059496844466,0.5,0.5,0.11423059496844466,0.11546823649333675,0.13596916586972083,0.7867610636519753,1.0108345888002594,1.0,True,0.3333333333333333,0.5,True,False,240,17
H0-I1.5-N1-S0.9-T0.9-D3,0.0,1.5,1.0,0.9,0.9,3,0.1467640454363083,0.5,0.07970513878927268,0.5,0.5,0.07970513878927268,0.0780702320866383,0.13596916586972083,0.5319438548763546,0.9794880640386712,1.0,True,0.3333333333333333,0.5,True,False,240,17
H0.05-I0.5-N0.1-S0-T0-D0,0.05,0.5,0.1,0.0,0.0,0,0.0020408171027977732,0.25,0.0016246263662383954,0.0,0.25,0.0016229788124766079,0.0014228668519845626,0.0020408183942977175,0.6972044922761292,0.8758117445053044,0.9989858875886631,True,0.4666666666666666,0.5,True,False,240,18
H0.05-I0.5-N0.1-S0-T0-D1,0.05,0.5,0.1,0.0,0.0,1,0.0020408171027977732,0.25,0.0015572411554862387,0.0,0.25,0.0015555996060744584,0.0013661752352248208,0.0020408183942977175,0.6694256106301343,0.877304860850689,0.9989458605007985,True,0.3958333333333333,0.5,True,False,240,18
H0.05-I0.5-N0.1-S0-T0-D3,0.05,0.5,0.1,0.0,0.0,3,0.0020408171027977732,0.25,0.0014750945262126693,0.0,0.25,0.0014733815683179454,0.0012565112154194367,0.0020408183942977175,0.6156902613648597,0.8518174212506577,0.9988387470333023,True,0.23750000000000002,0.5,True,False,240,17
H0.05-I0.5-N0.1-S0-T0.6-D0,0.05,0.5,0.1,0.0,0.6,0,0.006598358051451714,0.5,0.0038105857457498456,0.0,0.5,0.0038088237503022555,0.0033853282792180948,0.006424717360267723,0.513056165309684,0.8884010241716608,0.9995376050914074,True,0.6666666666666666,0.75,True,False,240,18
H0.05-I0.5-N0.1-S0-T0.6-D1,0.05,0.5,0.1,0.0,0.6,1,0.006598358051451714,0.5,0.003516558377525445,0.0,0.5,0.003514850919249854,0.003229157856681573,0.006424717360267723,0.4893880919316165,0.9182722167558295,0.9995144518895227,True,0.5625,0.625,True,False,240,18
H0.05-I0.5-N0.1-S0-T0.6-D3,0.05,0.5,0.1,0.0,0.6,3,0.006598358051451714,0.5,0.0031059491218787187,0.1,0.5,0.0030980208935621864,0.0027888354285687256,0.006424717360267723,0.42265597089796453,0.897901195136713,0.9974474056060079,True,0.3416666666666666,0.625,True,False,240,17
H0.05-I0.5-N0.1-S0-T0.9-D0,0.05,0.5,0.1,0.0,0.9,0,0.01467640463058379,0.75,0.006275355697994198,0.0,0.75,0.006274907375125676,0.005783768721824644,0.01359691681859141,0.39408621303421915,0.9216638865065959,0.9999285581742139,True,0.8125,0.875,True,False,240,18
H0.05-I0.5-N0.1-S0-T0.9-D1,0.05,0.5,0.1,0.0,0.9,1,0.01467640463058379,0.75,0.005778188798223189,0.1,0.75,0.0057778811324910445,0.005807843184877105,0.01359691681859141,0.3957265645820562,1.005132124907901,0.99994675394957,True,0.6666666666666666,0.75,True,False,240,18
H0.05-I0.5-N0.1-S0-T0.9-D3,0.05,0.5,0.1,0.0,0.9,3,0.01467640463058379,0.75,0.005067499869666299,0.25,0.75,0.004902234305996034,0.004808072259659904,0.01359691681859141,0.3276055941957666,0.9488056010500739,0.967387159759089,True,0.4166666666666667,0.6875,True,False,240,17
H0.05-I0.5-N0.1-S0.5-T0-D0,0.05,0.5,0.1,0.5,0.0,0,0.0020408171027977732,0.1,0.001936795919882597,0.0,0.1,0.0019363124231575061,0.0018159027290505936,0.0020408183942977175,0.8897919987837996,0.9375808315213037,0.9997503625858938,True,0.3916666666666666,0.3,True,False,240,18
H0.05-I0.5-N0.1-S0.5-T0-D1,0.05,0.5,0.1,0.5,0.0,1,0.0020408171027977732,0.25,0.0017983272612899354,0.0,0.25,0.0017966937870249674,0.0016874285395407842,0.0020408183942977175,0.8268396698692275,0.9383322912707202,0.9990916701869957,True,0.29583333333333334,0.3,True,False,240,18
H0.05-I0.5-N0.1-S0.5-T0-D3,0.05,0.5,0.1,0.5,0.0,3,0.0020408171027977732,0.25,0.001592637325922045,0.0,0.25,0.001591131550041421,0.0014746819443686367,0.0020408183942977175,0.722593877886942,0.9259370732849559,0.9990545393755905,True,0.21666666666666667,0.375,True,False,240,17
H0.05-I0.5-N0.1-S0.5-T0.6-D0,0.05,0.5,0.1,0.5,0.6,0,0.006598358051451714,0.5,0.00568425221997635,0.0,0.5,0.005682488596820853,0.005197796031690856,0.006424717360267723,0.787740827515003,0.9144203723796903,0.9996897352391754,True,0.5291666666666667,0.5,True,False,240,18
H0.05-I0.5-N0.1-S0.5-T0.6-D1,0.05,0.5,0.1,0.5,0.6,1,0.006598358051451714,0.5,0.004949167749528674,0.0,0.5,0.004947553211802323,0.004804576322507078,0.006424717360267723,0.728147258006106,0.9707846986929537,0.9996737759138381,True,0.425,0.5,True,False,240,18
H0.05-I0.5-N0.1-S0.5-T0.6-D3,0.05,0.5,0.1,0.5,0.6,3,0.006598358051451714,0.5,0.0039076353405346955,0.25,0.5,0.0039019849152229003,0.0038808489894783796,0.006424717360267723,0.5881537435854286,0.9931451251915818,0.9985540039386014,True,0.3,0.6041666666666666,True,False,240,17
H0.05-I0.5-N0.1-S0.5-T0.9-D0,0.05,0.5,0.1,0.5,0.9,0,0.01467640463058379,0.75,0.011447366735514632,0.0,0.75,0.011446918342440835,0.010311366099520276,0.01359691681859141,0.7025812083453109,0.9007631482208047,0.9999608300245675,True,0.6666666666666666,0.75,True,False,240,18
H0.05-I0.5-N0.1-S0.5-T0.9-D1,0.05,0.5,0.1,0.5,0.9,1,0.01467640463058379,0.5,0.009833434843829406,0.0,0.5,0.00983201521684975,0.009703043632518015,0.01359691681859141,0.6611321966619867,0.9867400136999726,0.99985563264493,True,0.5,0.625,True,False,240,18
H0.05-I0.5-N0.1-S0.5-T0.9-D3,0.05,0.5,0.1,0.5,0.9,3,0.01467640463058379,0.5,0.00750455509142083,0.25,0.5,0.007503463741256671,0.007201867161072817,0.01359691681859141,0.490710589027031,0.9596661058969314,0.9998545749680209,True,0.3541666666666667,0.625,True,False,240,17
H0.05-I0.5-N0.1-S0.9-T0-D0,0.05,0.5,0.1,0.9,0.0,0,0.0020408171027977732,0.0,0.0020408171027977732,0.0,0.0,0.0020408171027977732,0.002032265282053969,0.0020408183942977175,0.9958096094294385,0.9958096094294385,1.0,True,0.26666666666666666,0.075,True,False,240,18
H0.05-I0.5-N0.1-S0.9-T0-D1,0.05,0.5,0.1,0.9,0.0,1,0.0020408171027977732,0.1,0.001937938562513355,0.0,0.1,0.0019374600451717893,0.0019079939968460972,0.0020408183942977175,0.9349167028394716,0.9845482378819986,0.9997530791992987,True,0.23750000000000002,0.17500000000000002,True,False,240,18
H0.05-I0.5-N0.1-S0.9-T0-D3,0.05,0.5,0.1,0.9,0.0,3,0.0020408171027977732,0.25,0.0016866715656895458,0.0,0.25,0.0016853315354202016,0.0015954007657672231,0.0020408183942977175,0.7817460778724732,0.9458870346907109,0.9992055179582064,True,0.15416666666666667,0.3,True,False,240,17
H0.05-I0.5-N0.1-S0.9-T0.6-D0,0.05,0.5,0.1,0.9,0.6,0,0.006598358051451714,0.1,0.006547357631069563,0.0,0.1,0.006546872567858855,0.006335017518219616,0.006424717360267723,0.960089990391752,0.9675685788351751,0.9999259146608387,True,0.3416666666666666,0.3,True,False,240,18
H0.05-I0.5-N0.1-S0.9-T0.6-D1,0.05,0.5,0.1,0.9,0.6,1,0.006598358051451714,0.25,0.0058390995654117135,0.0,0.25,0.0058375371963143,0.005782172177712616,0.006424717360267723,0.8763047007490707,0.990250656447732,0.9997324297899169,True,0.3125,0.375,True,False,240,18
H0.05-I0.5-N0.1-S0.9-T0.6-D3,0.05,0.5,0.1,0.9,0.6,3,0.006598358051451714,0.5,0.004548984315459476,0.25,0.5,0.0045451205426122136,0.004413663817841353,0.006424717360267723,0.6689033519286357,0.9702525908567669,0.9991506295517152,True,0.25833333333333336,0.375,True,False,240,17
H0.05-I0.5-N0.1-S0.9-T0.9-D0,0.05,0.5,0.1,0.9,0.9,0,0.01467640463058379,0.25,0.014452413673069387,0.0,0.25,0.014450764217495094,0.013253669844328122,0.01359691681859141,0.9030597191841613,0.9170558042512301,0.9998858698891683,True,0.4333333333333333,0.3625,True,False,240,18
H0.05-I0.5-N0.1-S0.9-T0.9-D1,0.05,0.5,0.1,0.9,0.9,1,0.01467640463058379,0.5,0.012382621296541014,0.0,0.5,0.012381367012473337,0.012152036521724065,0.01359691681859141,0.827998193535816,0.9813783552533129,0.999898706094805,True,0.32083333333333336,0.375,True,False,240,18
H0.05-I0.5-N0.1-S0.9-T0.9-D3,0.05,0.5,0.1,0.9,0.9,3,0.01467640463058379,0.5,0.008931076296615627,0.5,0.5,0.008931076296615627,0.00878314786475173,0.01359691681859141,0.5984536462321807,0.9834366623964511,1.0,True,0.2708333333333333,0.5,True,False,240,17
H0.05-I0.5-N0.5-S0-T0-D0,0.05,0.5,0.5,0.0,0.0,0,0.010204082383682166,0.75,0.004955154401684198,0.0,0.75,0.004954706036028543,0.004675536901920692,0.010204083633192779,0.4582025826641272,0.9435703759970694,0.9999095153007739,True,0.75,0.75,True,False,240,18
H0.05-I0.5-N0.5-S0-T0-D1,0.05,0.5,0.5,0.0,0.0,1,0.010204082383682166,0.75,0.004609499367563524,0.0,0.75,0.0046091519612010915,0.00444717298003451,0.010204083633192779,0.4358229199664437,0.9647843779584211,0.9999246325176054,True,0.6333333333333333,0.625,True,False,240,18
H0.05-I0.5-N0.5-S0-T0-D3,0.05,0.5,0.5,0.0,0.0,3,0.010204082383682166,0.75,0.004170592208252436,0.25,0.75,0.00400229484837669,0.0037733885827355867,0.010204083633192779,0.36979205389107717,0.9047608575274048,0.9596466517290441,True,0.4166666666666667,0.6458333333333334,True,False,240,17
H0.05-I0.5-N0.5-S0-T0.6-D0,0.05,0.5,0.5,0.0,0.6,0,0.03299178712695187,1.0,0.011372947359009034,0.0,1.0,0.011372947359009034,0.010835095443930139,0.03212357846304281,0.32841796057415334,0.952707781184546,1.0,True,0.8958333333333334,0.875,True,False,240,18
H0.05-I0.5-N0.5-S0-T0.6-D1,0.05,0.5,0.5,0.0,0.6,1,0.03299178712695187,0.75,0.010564291578903522,0.25,0.75,0.01056399448179711,0.010572503993318045,0.03212357846304281,0.3204586630192302,1.0007773748341935,0.9999718772333958,True,0.7708333333333334,0.875,True,False,240,18
H0.05-I0.5-N0.5-S0-T0.6-D3,0.05,0.5,0.5,0.0,0.6,3,0.03299178712695187,0.75,0.00874058199028014,0.25,0.75,0.008587732461074499,0.00863578158404437,0.03212357846304281,0.26175549541508686,0.9880099052497521,0.9825126599835554,True,0.5083333333333333,0.75,True,False,240,18
H0.05-I0.5-N0.5-S0-T0.9-D0,0.05,0.5,0.5,0.0,0.9,0,0.07338202002261227,1.0,0.021470505582924133,0.0,1.0,0.021470505582924133,0.0201211453702215,0.06798457575466124,0.2741972129415527,0.937152844049662,1.0,True,0.9791666666666666,1.0,True,False,240,18
H0.05-I0.5-N0.5-S0-T0.9-D1,0.05,0.5,0.5,0.0,0.9,1,0.07338202002261227,0.75,0.02111890631395369,0.5,0.75,0.021118458665420003,0.020867360576948348,0.06798457575466124,0.28436612361608726,0.9880890736828005,0.9999788034225338,True,0.8541666666666666,0.875,True,False,240,18
H0.05-I0.5-N0.5-S0-T0.9-D3,0.05,0.5,0.5,0.0,0.9,3,0.07338202002261227,0.75,0.016840693594604984,0.5,0.75,0.01668123642572565,0.016564495781676597,0.06798457575466124,0.2257296239129468,0.9835993801931728,0.9905314369634742,True,0.5833333333333334,0.75,True,False,240,18
H0.05-I0.5-N0.5-S0.5-T0-D0,0.05,0.5,0.5,0.5,0.0,0,0.010204082383682166,0.5,0.00826609674071627,0.0,0.5,0.008264334007034586,0.008034310340405183,0.010204083633192779,0.7873623554091675,0.9719593893488594,0.9997867513849673,True,0.6041666666666666,0.7083333333333334,True,False,240,18
H0.05-I0.5-N0.5-S0.5-T0-D1,0.05,0.5,0.5,0.5,0.0,1,0.010204082383682166,0.5,0.007129313721022301,0.0,0.5,0.007127786183836871,0.007191592222418105,0.010204083633192779,0.7047759859248611,1.0087355534954454,0.9997857385373677,True,0.5,0.625,True,False,240,18
H0.05-I0.5-N0.5-S0.5-T0-D3,0.05,0.5,0.5,0.5,0.0,3,0.010204082383682166,0.5,0.005513159762782318,0.25,0.5,0.005509544330464346,0.00547025830936404,0.010204083633192779,0.5360852748613428,0.9922183547612944,0.9993442177492516,True,0.3333333333333333,0.625,True,False,240,17
H0.05-I0.5-N0.5-S0.5-T0.6-D0,0.05,0.5,0.5,0.5,0.6,0,0.03299178712695187,0.75,0.023308350633380864,0.0,0.75,0.02330790232791956,0.02251760812669223,0.03212357846304281,0.6825216239437056,0.966074712058082,0.9999807663155427,True,0.8125,0.875,True,False,240,18
H0.05-I0.5-N0.5-S0.5-T0.6-D1,0.05,0.5,0.5,0.5,0.6,1,0.03299178712695187,0.75,0.020514173845849283,0.5,0.75,0.020513689201713578,0.020714169765714985,0.03212357846304281,0.6278583723278521,1.0097491578929056,0.9999763751570331,True,0.6333333333333333,0.625,True,False,240,18
H0.05-I0.5-N0.5-S0.5-T0.6-D3,0.05,0.5,0.5,0.5,0.6,3,0.03299178712695187,0.5,0.015659863481991988,0.5,0.75,0.015521087924520692,0.015151185931423467,0.03212357846304281,0.45924114001833083,0.9675171146189446,0.9911381374664677,True,0.4666666666666666,0.6458333333333334,True,False,240,18
H0.05-I0.5-N0.5-S0.5-T0.9-D0,0.05,0.5,0.5,0.5,0.9,0,0.07338202002261227,1.0,0.048988762797937485,0.0,1.0,0.048988762797937485,0.04533688873118062,0.06798457575466124,0.6178201242921674,0.9254548623360904,1.0,True,0.8958333333333334,0.875,True,False,240,18
H0.05-I0.5-N0.5-S0.5-T0.9-D1,0.05,0.5,0.5,0.5,0.9,1,0.07338202002261227,0.75,0.043249943546303654,0.5,0.75,0.04324904948649822,0.04395338105485107,0.06798457575466124,0.5989666275377412,1.016264472294497,0.9999793280700014,True,0.6875,0.75,True,False,240,18
H0.05-I0.5-N0.5-S0.5-T0.9-D3,0.05,0.5,0.5,0.5,0.9,3,0.07338202002261227,0.75,0.032282623719220305,0.5,0.75,0.032092111773850476,0.03207749671429604,0.06798457575466124,0.43713019489531,0.9936459004476104,0.9940986226204284,True,0.5291666666666667,0.7291666666666666,True,False,240,18
H0.05-I0.5-N0.5-S0.9-T0-D0,0.05,0.5,0.5,0.9,0.0,0,0.010204082383682166,0.1,0.010100061200766989,0.0,0.1,0.010099577704041898,0.009979167967945658,0.010204083633192779,0.9779583888801037,0.9880304455172856,0.9999521293271912,True,0.3916666666666666,0.3,True,False,240,18
H0.05-I0.5-N0.5-S0.9-T0-D1,0.05,0.5,0.5,0.9,0.0,1,0.010204082383682166,0.25,0.008883390147547972,0.0,0.25,0.008881878922748053,0.008863181359360203,0.010204083633192779,0.8685917092882098,0.9977251040591358,0.9998298819735688,True,0.3416666666666666,0.375,True,False,240,18
H0.05-I0.5-N0.5-S0.9-T0-D3,0.05,0.5,0.5,0.9,0.0,3,0.010204082383682166,0.5,0.006504978939623221,0.25,0.5,0.006504126490089905,0.006623701722675089,0.010204083633192779,0.6491227210461733,1.018251063401405,0.999868954297742,True,0.25833333333333336,0.5,True,False,240,17
H0.05-I0.5-N0.5-S0.9-T0.6-D0,0.05,0.5,0.5,0.9,0.6,0,0.03299178712695187,0.5,0.03207768129547651,0.0,0.5,0.032075917672321014,0.030896657134465936,0.03212357846304281,0.9364954076472455,0.9631823712527153,0.9999450202419792,True,0.5291666666666667,0.5,True,False,240,18
H0.05-I0.5-N0.5-S0.9-T0.6-D1,0.05,0.5,0.5,0.9,0.6,1,0.03299178712695187,0.5,0.026637987734647248,0.1,0.5,0.026637353182871273,0.027329987812379684,0.03212357846304281,0.8283876137783724,1.0259779411502759,0.9999761786895356,True,0.425,0.5,True,False,240,18
H0.05-I0.5-N0.5-S0.9-T0.6-D3,0.05,0.5,0.5,0.9,0.6,3,0.03299178712695187,0.5,0.018866608356615897,0.5,0.5,0.018866608356615897,0.01897798410761905,0.03212357846304281,0.5752335887289789,1.0059033266021074,1.0,True,0.32916666666666666,0.5,True,False,240,18
H0.05-I0.5-N0.5-S0.9-T0.9-D0,0.05,0.5,0.5,0.9,0.9,0,0.07338202002261227,0.75,0.0701529821275431,0.0,0.75,0.07015253373446932,0.06469902503559011,0.06798457575466124,0.8816740805943126,0.9222562330702162,0.9999936083533417,True,0.6666666666666666,0.75,True,False,240,18
H0.05-I0.5-N0.5-S0.9-T0.9-D1,0.05,0.5,0.5,0.9,0.9,1,0.07338202002261227,0.5,0.058074817981696024,0.25,0.5,0.05807464935337667,0.05871154070827783,0.06798457575466124,0.800080737627367,1.0109638350787855,0.999997096360777,True,0.4458333333333333,0.5,True,False,240,18
H0.05-I0.5-N0.5-S0.9-T0.9-D3,0.05,0.5,0.5,0.9,0.9,3,0.07338202002261227,0.5,0.040777068262396646,0.5,0.5,0.040777068262396646,0.04000089516104997,0.06798457575466124,0.5451048519613375,0.9809654510630319,1.0,True,0.4041666666666666,0.5,True,False,240,18
H0.05-I0.5-N1-S0-T0-D0,0.05,0.5,1.0,0.0,0.0,0,0.020408163984787654,0.75,0.007967334878340449,0.0,0.75,0.007966886610308208,0.007640869201796026,0.020408165181811606,0.37440257768859403,0.9590244816454327,0.9999437367652941,True,0.8541666666666666,0.875,True,False,240,18
H0.05-I0.5-N1-S0-T0-D1,0.05,0.5,1.0,0.0,0.0,1,0.020408163984787654,0.75,0.007275989315836485,0.25,0.75,0.007275687768169307,0.007348474667472261,0.020408165181811606,0.3600752460118338,1.0099622674648532,0.9999585557847754,True,0.7374999999999999,0.875,True,False,240,18
H0.05-I0.5-N1-S0-T0-D3,0.05,0.5,1.0,0.0,0.0,3,0.020408163984787654,0.75,0.006216982978073244,0.25,0.75,0.006055602985545098,0.006117345244310864,0.020408165181811606,0.2997499064036708,0.983973297962405,0.9740420726424185,True,0.4458333333333333,0.75,True,False,240,18
H0.05-I0.5-N1-S0-T0.6-D0,0.05,0.5,1.0,0.0,0.6,0,0.06598357347132705,1.0,0.01962089394510283,0.0,1.0,0.01962089394510283,0.01918679014001767,0.06424715484151165,0.290781313145388,0.977875431858521,1.0,True,0.9791666666666666,1.0,True,False,240,18
H0.05-I0.5-N1-S0-T0.6-D1,0.05,0.5,1.0,0.0,0.6,1,0.06598357347132705,0.75,0.01918557373851648,0.5,0.75,0.019185156076731207,0.01906845607613586,0.06424715484151165,0.28898792643326593,0.9938955350526996,0.9999782304250596,True,0.875,0.875,True,False,240,18
H0.05-I0.5-N1-S0-T0.6-D3,0.05,0.5,1.0,0.0,0.6,3,0.06598357347132705,0.75,0.015356962542128653,0.5,0.75,0.015199592670098487,0.015299486592532673,0.06424715484151165,0.23186811182909056,0.996257336082034,0.9897525391757351,True,0.5708333333333333,0.75,True,False,240,18
H0.05-I0.5-N1-S0-T0.9-D0,0.05,0.5,1.0,0.0,0.9,0,0.14676403926264786,1.0,0.03981601039293303,0.0,1.0,0.03981601039293303,0.03711728889388212,0.13596914942474855,0.25290451993800256,0.9322201930224051,1.0,True,1.0,1.0,True,False,240,18
H0.05-I0.5-N1-S0-T0.9-D1,0.05,0.5,1.0,0.0,0.9,1,0.14676403926264786,1.0,0.03981609817433375,0.5,1.0,0.03981182882644497,0.039809261765754986,0.13596914942474855,0.27124670297819087,0.9998283003887314,0.99989277332324,True,0.9166666666666666,0.9791666666666666,True,False,240,18
H0.05-I0.5-N1-S0-T0.9-D3,0.05,0.5,1.0,0.0,0.9,3,0.14676403926264786,0.75,0.031557185750778344,0.5,0.75,0.031377025579385806,0.03117293756159818,0.13596914942474855,0.21240174172238008,0.9878237498040937,0.9942909937275349,True,0.6875,0.75,True,False,240,18
H0.05-I0.5-N1-S0.5-T0-D0,0.05,0.5,1.0,0.5,0.0,0,0.020408163984787654,0.75,0.015159236002789688,0.0,0.75,0.015158787637134033,0.01487961845053952,0.020408165181811606,0.7291012783722661,0.9815546408672104,0.9999704229384929,True,0.75,0.75,True,False,240,18
H0.05-I0.5-N1-S0.5-T0-D1,0.05,0.5,1.0,0.5,0.0,1,0.020408163984787654,0.5,0.01329905531679234,0.0,0.5,0.013297773988284311,0.01330759852519719,0.020408165181811606,0.6520723047461172,1.0006423921249552,0.9999036526672379,True,0.5625,0.625,True,False,240,18
H0.05-I0.5-N1-S0.5-T0-D3,0.05,0.5,1.0,0.5,0.0,3,0.020408163984787654,0.5,0.010056741220394265,0.5,0.5,0.010056741220394265,0.009864990299204908,0.020408165181811606,0.4833845076195154,0.9809330958222827,1.0,True,0.375,0.625,True,False,240,17
H0.05-I0.5-N1-S0.5-T0.6-D0,0.05,0.5,1.0,0.5,0.6,0,0.06598357347132705,1.0,0.04436473370338423,0.0,1.0,0.04436473370338423,0.042958671822398986,0.06424715484151165,0.6510510050060647,0.9683067661267628,1.0,True,0.8958333333333334,0.875,True,False,240,18
H0.05-I0.5-N1-S0.5-T0.6-D1,0.05,0.5,1.0,0.5,0.6,1,0.06598357347132705,0.75,0.039085338272408,0.5,0.75,0.03908451920696958,0.03991521707473785,0.06424715484151165,0.6049265745221101,1.0212324835606117,0.9999790441768032,True,0.6875,0.75,True,False,240,18
H0.05-I0.5-N1-S0.5-T0.6-D3,0.05,0.5,1.0,0.5,0.6,3,0.06598357347132705,0.75,0.029242022252726832,0.5,0.75,0.029056728576975888,0.029289975608822863,0.06424715484151165,0.4438979895738858,1.001639878243768,0.9936634452244948,True,0.5291666666666667,0.7291666666666666,True,False,240,18
H0.05-I0.5-N1-S0.5-T0.9-D0,0.05,0.5,1.0,0.5,0.9,0,0.14676403926264786,1.0,0.09485252482295974,0.0,1.0,0.09485252482295974,0.08810571904030878,0.13596914942474855,0.6003222552537916,0.9288705725520356,1.0,True,0.9791666666666666,1.0,True,False,240,18
H0.05-I0.5-N1-S0.5-T0.9-D1,0.05,0.5,1.0,0.5,0.9,1,0.14676403926264786,0.75,0.08455687767331675,0.5,0.75,0.08455523977653885,0.08594674073660724,0.13596914942474855,0.585611715025079,1.0164370196905825,0.9999806296445307,True,0.7291666666666666,0.75,True,False,240,18
H0.05-I0.5-N1-S0.5-T0.9-D3,0.05,0.5,1.0,0.5,0.9,3,0.14676403926264786,0.75,0.06244104600000898,0.5,0.75,0.062198776275635456,0.06241495137830833,0.13596914942474855,0.42527414543702347,0.9995820918550813,0.9961200245688792,True,0.5833333333333334,0.75,True,False,240,18
H0.05-I0.5-N1-S0.9-T0-D0,0.05,0.5,1.0,0.9,0.0,0,0.020408163984787654,0.25,0.019991973248228274,0.0,0.25,0.019990325694466488,0.019790213639498448,0.020408165181811606,0.9697204341483228,0.9899079692522245,0.999917589237374,True,0.4666666666666666,0.5,True,False,240,18
H0.05-I0.5-N1-S0.9-T0-D1,0.05,0.5,1.0,0.9,0.0,1,0.020408163984787654,0.5,0.016843807403105912,0.0,0.5,0.01684275599094299,0.017414682733268322,0.020408165181811606,0.853319423846717,1.033892297418287,0.9999375787114064,True,0.3958333333333333,0.5,True,False,240,18
H0.05-I0.5-N1-S0.9-T0-D3,0.05,0.5,1.0,0.9,0.0,3,0.020408163984787654,0.5,0.012040379574076068,0.5,0.5,0.012040379574076068,0.012269774301274666,0.020408165181811606,0.601218919566729,1.0190521175671656,1.0,True,0.3125,0.5,True,False,240,17
H0.05-I0.5-N1-S0.9-T0.6-D0,0.05,0.5,1.0,0.9,0.6,0,0.06598357347132705,0.5,0.0631958011656252,0.0,0.5,0.06319403917017762,0.06120776576046203,0.06424715484151165,0.9276212629960041,0.9685416535830778,0.9999721184728243,True,0.6666666666666666,0.75,True,False,240,18
H0.05-I0.5-N1-S0.9-T0.6-D1,0.05,0.5,1.0,0.9,0.6,1,0.06598357347132705,0.5,0.05231640334404224,0.25,0.5,0.05231616676582631,0.053682617331909765,0.06424715484151165,0.8135754780731507,1.0261144478698785,0.9999954779342461,True,0.4583333333333333,0.5,True,False,240,18
H0.05-I0.5-N1-S0.9-T0.6-D3,0.05,0.5,1.0,0.9,0.6,3,0.06598357347132705,0.5,0.03676363840806142,0.5,0.5,0.03676363840806142,0.03697589276461381,0.06424715484151165,0.5603802707151283,1.0057734861331313,1.0,True,0.39166666666666666,0.5,True,False,240,18
H0.05-I0.5-N1-S0.9-T0.9-D0,0.05,0.5,1.0,0.9,0.9,0,0.14676403926264786,0.75,0.13836299033005828,0.0,0.75,0.13836254200718978,0.12815600132798177,0.13596914942474855,0.8732111896881954,0.9262303526562398,0.9999967598064524,True,0.8125,0.875,True,False,240,18
H0.05-I0.5-N1-S0.9-T0.9-D1,0.05,0.5,1.0,0.9,0.9,1,0.14676403926264786,0.5,0.11519006383813979,0.5,0.5,0.11519006383813979,0.11644560404693839,0.13596914942474855,0.793420545196008,1.0108997266514483,1.0,True,0.4791666666666667,0.5,True,False,240,18
H0.05-I0.5-N1-S0.9-T0.9-D3,0.05,0.5,1.0,0.9,0.9,3,0.14676403926264786,0.5,0.08058455821962293,0.5,0.5,0.08058455821962293,0.07901681757074708,0.13596914942474855,0.5383935872011478,0.9805453962457277,1.0,True,0.4583333333333333,0.5,True,False,240,18
H0.05-I1.5-N0.1-S0-T0-D0,0.05,1.5,0.1,0.0,0.0,0,0.002040823286119651,0.25,0.0016246325495602736,0.0,0.25,0.0016229849957984856,0.001423107389987215,0.0020408348650054827,0.6973202430931983,0.8759564680471261,0.9989858914483561,True,0.47500000000000003,0.5,True,False,240,18
H0.05-I1.5-N0.1-S0-T0-D1,0.05,1.5,0.1,0.0,0.0,1,0.002040823286119651,0.25,0.001557266850104042,0.0,0.25,0.0015556122107597944,0.0013657500386060676,0.0020408348650054827,0.6692152367600901,0.8770173451742205,0.9989374721845925,True,0.2791666666666667,0.5,True,False,240,17
H0.05-I1.5-N0.1-S0-T0-D3,0.05,1.5,0.1,0.0,0.0,3,0.002040823286119651,0.25,0.001476844819144963,0.0,0.25,0.0014734856001620187,0.0012563401530250988,0.0020408348650054827,0.6156045756484184,0.8506920542623239,0.9977254082897558,True,0.125,0.4791666666666667,True,False,240,16
H0.05-I1.5-N0.1-S0-T0.6-D0,0.05,1.5,0.1,0.0,0.6,0,0.006598364234773592,0.5,0.0038105919290717235,0.0,0.5,0.0038088299336241334,0.0033853747221688673,0.006424733830975489,0.5130627230803406,0.8884117704499414,0.9995376058417205,True,0.6458333333333334,0.75,True,False,240,18
H0.05-I1.5-N0.1-S0-T0.6-D1,0.05,1.5,0.1,0.0,0.6,1,0.006598364234773592,0.5,0.003516650160242908,0.0,0.5,0.0035148747419718844,0.0032286800063897583,0.006424733830975489,0.489315213818375,0.9181123680971273,0.9994951393541799,True,0.3958333333333333,0.625,True,False,240,17
H0.05-I1.5-N0.1-S0-T0.6-D3,0.05,1.5,0.1,0.0,0.6,3,0.006598364234773592,0.5,0.0031860903439410613,0.0,0.5,0.003099521912603952,0.0027950571424368636,0.006424733830975489,0.4235984924425394,0.8772686398401038,0.9728292603184542,True,0.19583333333333333,0.625,True,False,240,17
H0.05-I1.5-N0.1-S0-T0.9-D0,0.05,1.5,0.1,0.0,0.9,0,0.014676410813905671,0.75,0.006275361881316077,0.0,0.75,0.006274913558447553,0.005783708235116292,0.013596933289299175,0.39408192564603867,0.9216533396004448,0.9999285582446076,True,0.7083333333333334,0.875,True,False,240,18
H0.05-I1.5-N0.1-S0-T0.9-D1,0.05,1.5,0.1,0.0,0.9,1,0.014676410813905671,0.75,0.0057784789356459965,0.1,0.75,0.005777938027648357,0.0058071863736898766,0.013596933289299175,0.39568164501007685,1.0049679921591115,0.9999063926677482,True,0.4791666666666667,0.75,True,False,240,17
H0.05-I1.5-N0.1-S0-T0.9-D3,0.05,1.5,0.1,0.0,0.9,3,0.014676410813905671,0.5,0.005801544806989673,0.1,0.75,0.004923806428325861,0.004800436314633725,0.013596933289299175,0.3270851692217137,0.8274410479171311,0.8487060933139193,True,0.25833333333333336,0.6875,True,False,240,17
H0.05-I1.5-N0.1-S0.5-T0-D0,0.05,1.5,0.1,0.5,0.0,0,0.002040823286119651,0.1,0.001936802103204475,0.0,0.1,0.001936318606479384,0.0018159225289100973,0.0020408348650054827,0.8897990047746015,0.9375880612198944,0.9997503633828717,True,0.425,0.3,True,False,240,18
H0.05-I1.5-N0.1-S0.5-T0-D1,0.05,1.5,0.1,0.5,0.0,1,0.002040823286119651,0.25,0.0017983529559077388,0.0,0.25,0.001796706391710303,0.0016875322563837428,0.0020408348650054827,0.8268879857757585,0.9383765577497227,0.9990844043200603,True,0.25,0.3,True,False,240,17
H0.05-I1.5-N0.1-S0.5-T0-D3,0.05,1.5,0.1,0.5,0.0,3,0.002040823286119651,0.25,0.0015943876188543387,0.0,0.25,0.0015912355818854947,0.0014719172111830523,0.0020408348650054827,0.721236973918356,0.92318655374451,0.998023042244201,True,0.09166666666666667,0.3625,True,False,240,16
H0.05-I1.5-N0.1-S0.5-T0.6-D0,0.05,1.5,0.1,0.5,0.6,0,0.006598364234773592,0.5,0.0056842584032982275,0.0,0.5,0.00568249478014273,0.0051979781179302045,0.006424733830975489,0.7877676849872416,0.9144514110959726,0.9996897355766806,True,0.5208333333333334,0.5,True,False,240,18
H0.05-I1.5-N0.1-S0.5-T0.6-D1,0.05,1.5,0.1,0.5,0.6,1,0.006598364234773592,0.5,0.004949259532246137,0.0,0.5,0.004947577034524352,0.004805281908491216,0.006424733830975489,0.7282535091299183,0.9709092596949388,0.999660050617507,True,0.3125,0.5,True,False,240,17
H0.05-I1.5-N0.1-S0.5-T0.6-D3,0.05,1.5,0.1,0.5,0.6,3,0.006598364234773592,0.5,0.003987776562597038,0.1,0.5,0.003906992438798326,0.003883701349821663,0.006424733830975489,0.5885854753750076,0.9739014432875859,0.9797420636460884,True,0.16666666666666666,0.5833333333333334,True,False,240,16
H0.05-I1.5-N0.1-S0.5-T0.9-D0,0.05,1.5,0.1,0.5,0.9,0,0.014676410813905671,0.75,0.011447372918836511,0.0,0.75,0.011446924525762712,0.010311412601892488,0.013596933289299175,0.7025840808518786,0.9007667239463463,0.999960830045725,True,0.6458333333333334,0.75,True,False,240,18
H0.05-I1.5-N0.1-S0.5-T0.9-D1,0.05,1.5,0.1,0.5,0.9,1,0.014676410813905671,0.5,0.009833526626546869,0.0,0.5,0.00983203903957178,0.00970252738042281,0.013596933289299175,0.6610967424835108,0.9866783046307711,0.9998487229422787,True,0.3333333333333333,0.625,True,False,240,17
H0.05-I1.5-N0.1-S0.5-T0.9-D3,0.05,1.5,0.1,0.5,0.9,3,0.014676410813905671,0.5,0.00758469631348317,0.1,0.5,0.0075135522227300616,0.0072051203446831516,0.013596933289299175,0.4909320429935371,0.9499550208588768,0.9906200475519847,True,0.19583333333333333,0.6041666666666666,True,False,240,17
H0.05-I1.5-N0.1-S0.9-T0-D0,0.05,1.5,0.1,0.9,0.0,0,0.002040823286119651,0.0,0.002040823286119651,0.0,0.0,0.002040823286119651,0.0020302376735559396,0.0020408348650054827,0.9948130675322513,0.9948130675322513,1.0,True,0.3541666666666667,0.08750000000000001,True,False,240,18
H0.05-I1.5-N0.1-S0.9-T0-D1,0.05,1.5,0.1,0.9,0.0,1,0.002040823286119651,0.1,0.0019379497194985324,0.0,0.1,0.0019374683510269854,0.0019088389583501167,0.0020408348650054827,0.9353278999376351,0.9849785776919184,0.9997516094113775,True,0.19583333333333333,0.19583333333333333,True,False,240,17
H0.05-I1.5-N0.1-S0.9-T0-D3,0.05,1.5,0.1,0.9,0.0,3,0.002040823286119651,0.25,0.0016884218586218395,0.0,0.25,0.0016854355672642754,0.0015960963127467098,0.0020408348650054827,0.7820845261823088,0.9453184372118413,0.9982313120726821,True,0.09166666666666667,0.3125,True,False,240,16
H0.05-I1.5-N0.1-S0.9-T0.6-D0,0.05,1.5,0.1,0.9,0.6,0,0.006598364234773592,0.1,0.006547363814391442,0.0,0.1,0.006546878751180733,0.006334048733623583,0.006424733830975489,0.9599422687585117,0.9674196994675962,0.9999259147308047,True,0.4041666666666666,0.2916666666666667,True,False,240,18
H0.05-I1.5-N0.1-S0.9-T0.6-D1,0.05,1.5,0.1,0.9,0.6,1,0.006598364234773592,0.25,0.005839125260029516,0.0,0.25,0.005837549800999636,0.005781618060384643,0.006424733830975489,0.8762199015803538,0.9901514016082981,0.9997301892047659,True,0.19583333333333333,0.375,True,False,240,17
H0.05-I1.5-N0.1-S0.9-T0.6-D3,0.05,1.5,0.1,0.9,0.6,3,0.006598364234773592,0.5,0.004629125537521818,0.1,0.5,0.004552119499194299,0.004414535245073949,0.006424733830975489,0.6690347922609676,0.9536434493494533,0.9833648844250735,True,0.1125,0.375,True,False,240,16
H0.05-I1.5-N0.1-S0.9-T0.9-D0,0.05,1.5,0.1,0.9,0.9,0,0.014676410813905671,0.25,0.014452419856391265,0.0,0.25,0.014450770400816975,0.01325690536557553,0.013596933289299175,0.9032797959712887,0.9172792859123142,0.999885869937998,True,0.4375,0.4041666666666666,True,False,240,18
H0.05-I1.5-N0.1-S0.9-T0.9-D1,0.05,1.5,0.1,0.9,0.9,1,0.014676410813905671,0.5,0.012382713079258477,0.0,0.5,0.012381390835195369,0.012152008855323788,0.013596933289299175,0.8279959595986471,0.9813688468384908,0.9998932185495502,True,0.22916666666666666,0.375,True,False,240,17
H0.05-I1.5-N0.1-S0.9-T0.9-D3,0.05,1.5,0.1,0.9,0.9,3,0.014676410813905671,0.5,0.009011217518677969,0.25,0.5,0.008945802499876478,0.008787243418706401,0.013596933289299175,0.5987324510145644,0.9751449679793739,0.9927407124879738,True,0.16666666666666666,0.4791666666666667,True,False,240,17
H0.05-I1.5-N0.5-S0-T0-D0,0.05,1.5,0.5,0.0,0.0,0,0.010204088567004044,0.75,0.004955160585006076,0.0,0.75,0.0049547122193504215,0.004675916315947194,0.010204100103900545,0.4582394875586678,0.9436457680294252,0.9999095154136859,True,0.6958333333333333,0.75,True,False,240,18
H0.05-I1.5-N0.5-S0-T0-D1,0.05,1.5,0.5,0.0,0.0,1,0.010204088567004044,0.75,0.004609789504986332,0.0,0.75,0.004609194316992598,0.004447497705112938,0.010204100103900545,0.4358544789090104,0.9647940974966763,0.9998708860799196,True,0.4666666666666666,0.625,True,False,240,17
H0.05-I1.5-N0.5-S0-T0-D3,0.05,1.5,0.5,0.0,0.0,3,0.010204088567004044,0.5,0.004353527013793533,0.1,0.75,0.004019081695780177,0.003777581421937604,0.010204100103900545,0.3702027277725516,0.8677059795354141,0.9231783064734149,True,0.21666666666666667,0.6458333333333334,True,False,240,17
H0.05-I1.5-N0.5-S0-T0.6-D0,0.05,1.5,0.5,0.0,0.6,0,0.03299179331027374,1.0,0.011372953542330911,0.0,1.0,0.011372953542330911,0.010835108783937692,0.03212359493375057,0.3284183033652677,0.952708436169081,1.0,True,0.8416666666666667,0.875,True,False,240,18
H0.05-I1.5-N0.5-S0-T0.6-D1,0.05,1.5,0.5,0.0,0.6,1,0.03299179331027374,0.75,0.01056458171632633,0.25,0.75,0.01056408082396635,0.010572576814929563,0.03212359493375057,0.3204608102232876,1.0007567832610806,0.9999525875824118,True,0.5625,0.875,True,False,240,18
H0.05-I1.5-N0.5-S0-T0.6-D3,0.05,1.5,0.5,0.0,0.6,3,0.03299179331027374,0.75,0.010190408280831462,0.1,0.75,0.008628901592695614,0.008679047831807375,0.03212359493375057,0.2630668709089146,0.8516879395434026,0.8467670141270885,True,0.3416666666666666,0.75,True,False,240,17
H0.05-I1.5-N0.5-S0-T0.9-D0,0.05,1.5,0.5,0.0,0.9,0,0.07338202620593415,1.0,0.021470511766246012,0.0,1.0,0.021470511766246012,0.020121159847685272,0.06798459222536901,0.27419738712608815,0.937153248452975,1.0,True,0.9166666666666666,1.0,True,False,240,18
H0.05-I1.5-N0.5-S0-T0.9-D1,0.05,1.5,0.5,0.0,0.9,1,0.07338202620593415,0.75,0.0211191964513765,0.5,0.75,0.021118621851207078,0.02086762121126899,0.06798459222536901,0.28436965140084264,0.9880878403358424,0.9999727925174263,True,0.6541666666666667,0.875,True,False,240,18
H0.05-I1.5-N0.5-S0-T0.9-D3,0.05,1.5,0.5,0.0,0.9,3,0.07338202620593415,0.75,0.018290519885156308,0.25,0.75,0.016765599487473262,0.016685673058749517,0.06798459222536901,0.22738092584039613,0.9122579983246291,0.9166278264774422,True,0.4375,0.75,True,False,240,17
H0.05-I1.5-N0.5-S0.5-T0-D0,0.05,1.5,0.5,0.5,0.0,0,0.010204088567004044,0.5,0.008266102924038149,0.0,0.5,0.008264340190356465,0.008034331293179639,0.010204100103900545,0.787363931665535,0.9719611970733502,0.9997867515444845,True,0.5833333333333334,0.6875,True,False,240,18
H0.05-I1.5-N0.5-S0.5-T0-D1,0.05,1.5,0.5,0.5,0.0,1,0.010204088567004044,0.5,0.0071294055037397636,0.0,0.5,0.0071278100065589,0.00719111881349933,0.010204100103900545,0.7047291648126754,1.008656164911253,0.9997762089447674,True,0.3541666666666667,0.625,True,False,240,17
H0.05-I1.5-N0.5-S0.5-T0-D3,0.05,1.5,0.5,0.5,0.0,3,0.010204088567004044,0.5,0.0055933009848446605,0.1,0.5,0.00551681979510006,0.00547559008947683,0.010204100103900545,0.5366074641083287,0.9789550221440302,0.9863262874728482,True,0.1875,0.6041666666666666,True,False,240,17
H0.05-I1.5-N0.5-S0.5-T0.6-D0,0.05,1.5,0.5,0.5,0.6,0,0.03299179331027374,0.75,0.02330835681670274,0.0,0.75,0.023307908511241437,0.022517622155350508,0.03212359493375057,0.6825219212421064,0.9660750576468955,0.9999807663206451,True,0.7708333333333334,0.875,True,False,240,18
H0.05-I1.5-N0.5-S0.5-T0.6-D1,0.05,1.5,0.5,0.5,0.6,1,0.03299179331027374,0.75,0.02051446398327209,0.5,0.75,0.020513852387500652,0.020714145293591273,0.03212359493375057,0.6278575128906626,1.009733684023234,0.9999701870947281,True,0.4166666666666667,0.625,True,False,240,17
H0.05-I1.5-N0.5-S0.5-T0.6-D3,0.05,1.5,0.5,0.5,0.6,3,0.03299179331027374,0.5,0.01574000470405433,0.25,0.75,0.015614184584777906,0.015258710962672091,0.03212359493375057,0.4625001987364077,0.9694222619095999,0.9920063480512166,True,0.3,0.6666666666666666,True,False,240,17
H0.05-I1.5-N0.5-S0.5-T0.9-D0,0.05,1.5,0.5,0.5,0.9,0,0.07338202620593415,1.0,0.04898876898125937,0.0,1.0,0.04898876898125937,0.045336902082080625,0.06798459222536901,0.6178202541702833,0.9254550180557556,1.0,True,0.8416666666666667,0.875,True,False,240,18
H0.05-I1.5-N0.5-S0.5-T0.9-D1,0.05,1.5,0.5,0.5,0.9,1,0.07338202620593415,0.75,0.04325023368372646,0.5,0.75,0.04324921267228529,0.043953115900488414,0.06798459222536901,0.5989629637254971,1.016251524139774,0.9999763929265992,True,0.4791666666666667,0.75,True,False,240,18
H0.05-I1.5-N0.5-S0.5-T0.9-D3,0.05,1.5,0.5,0.5,0.9,3,0.07338202620593415,0.5,0.033724603458485,0.25,0.75,0.03228214760262418,0.03170209537656002,0.06798459222536901,0.43201444571172637,0.9400287068040789,0.9572283820138467,True,0.3541666666666667,0.7083333333333334,True,False,240,17
H0.05-I1.5-N0.5-S0.9-T0-D0,0.05,1.5,0.5,0.9,0.0,0,0.010204088567004044,0.1,0.010100067384088869,0.0,0.1,0.010099583887363777,0.009979187767805162,0.010204100103900545,0.9779597366563318,0.9880318010081661,0.9999521293564978,True,0.425,0.3,True,False,240,18
H0.05-I1.5-N0.5-S0.9-T0-D1,0.05,1.5,0.5,0.9,0.0,1,0.010204088567004044,0.25,0.008883415842165775,0.0,0.25,0.00888189152743339,0.008863823078892625,0.010204100103900545,0.8686540714233603,0.9977944561392531,0.9998284089409447,True,0.25,0.375,True,False,240,17
H0.05-I1.5-N0.5-S0.9-T0-D3,0.05,1.5,0.5,0.9,0.0,3,0.010204088567004044,0.5,0.006585120161685562,0.1,0.5,0.0065144816219935495,0.006627272470100226,0.010204100103900545,0.6494722607102984,1.0064011449115113,0.9892730067246135,True,0.15416666666666667,0.4791666666666667,True,False,240,17
H0.05-I1.5-N0.5-S0.9-T0.6-D0,0.05,1.5,0.5,0.9,0.6,0,0.03299179331027374,0.5,0.03207768747879838,0.0,0.5,0.03207592385564289,0.030896839220705286,0.03212359493375057,0.9365007512666467,0.9631878620030333,0.9999450202525771,True,0.5208333333333334,0.5,True,False,240,18
H0.05-I1.5-N0.5-S0.9-T0.6-D1,0.05,1.5,0.5,0.9,0.6,1,0.03299179331027374,0.5,0.02663807951736471,0.1,0.5,0.026637385183159057,0.027329516673830576,0.03212359493375057,0.8283731780448589,1.0259567194404964,0.9999739345246267,True,0.2791666666666667,0.5,True,False,240,17
H0.05-I1.5-N0.5-S0.9-T0.6-D3,0.05,1.5,0.5,0.9,0.6,3,0.03299179331027374,0.5,0.01894674957867824,0.25,0.5,0.018896630664967794,0.018992304774390838,0.03212359493375057,0.5756675484650474,1.0024043805257163,0.9973547487128427,True,0.225,0.5,True,False,240,17
H0.05-I1.5-N0.5-S0.9-T0.9-D0,0.05,1.5,0.5,0.9,0.9,0,0.07338202620593415,0.75,0.07015298831086499,0.0,0.75,0.0701525399177912,0.06469907153796232,0.06798459222536901,0.8816746400051071,0.9222568146529264,0.9999936083539052,True,0.6458333333333334,0.75,True,False,240,18
H0.05-I1.5-N0.5-S0.9-T0.9-D1,0.05,1.5,0.5,0.9,0.9,1,0.07338202620593415,0.5,0.058074909764413485,0.25,0.5,0.05807469791593267,0.05871155409567474,0.06798459222536901,0.80008085264518,1.0109624678513296,0.9999963521513564,True,0.3125,0.5,True,False,240,17
H0.05-I1.5-N0.5-S0.9-T0.9-D3,0.05,1.5,0.5,0.9,0.9,3,0.07338202620593415,0.5,0.04085720948445899,0.25,0.5,0.040840822503300116,0.04001879563016797,0.06798459222536901,0.5453487413642959,0.97947941465239,0.9995989206956214,True,0.2708333333333333,0.5,True,False,240,17
H0.05-I1.5-N1-S0-T0-D0,0.05,1.5,1.0,0.0,0.0,0,0.020408170168109533,0.75,0.007967341061662327,0.0,0.75,0.007966892793630085,0.007640879799553757,0.020408181652519373,0.3744029835410547,0.9590250675122403,0.9999437368089589,True,0.7916666666666666,0.875,True,False,240,18
H0.05-I1.5-N1-S0-T0-D1,0.05,1.5,1.0,0.0,0.0,1,0.020408170168109533,0.75,0.007276279453259292,0.25,0.75,0.007275774110338549,0.007348566426597074,0.020408181652519373,0.36007963311086955,1.0099346065255097,0.9999305492698584,True,0.5208333333333334,0.875,True,False,240,17
H0.05-I1.5-N1-S0-T0-D3,0.05,1.5,1.0,0.0,0.0,3,0.020408170168109533,0.5,0.007657334500354352,0.1,0.75,0.0060833079495637085,0.006133069688626019,0.020408181652519373,0.30052031309547544,0.8009405476987069,0.794441975766136,True,0.30833333333333335,0.7291666666666666,True,False,240,17
H0.05-I1.5-N1-S0-T0.6-D0,0.05,1.5,1.0,0.0,0.6,0,0.06598357965464893,1.0,0.01962090012842471,0.0,1.0,0.01962090012842471,0.0191868045671022,0.06424717131221944,0.290781504542856,0.9778758589829609,1.0,True,0.9166666666666666,1.0,True,False,240,18
H0.05-I1.5-N1-S0-T0.6-D1,0.05,1.5,1.0,0.0,0.6,1,0.06598357965464893,0.75,0.019185863875939287,0.5,0.75,0.019185319262518284,0.019068910387090986,0.06424717131221944,0.28899478456451805,0.9939041843721735,0.9999716138181463,True,0.6749999999999999,0.875,True,False,240,18
H0.05-I1.5-N1-S0-T0.6-D3,0.05,1.5,1.0,0.0,0.6,3,0.06598357965464893,0.75,0.016806788832679977,0.25,0.75,0.015276853013266934,0.015384832845694217,0.06424717131221944,0.23316153694929562,0.9153939517452117,0.908969177000775,True,0.4166666666666667,0.75,True,False,240,17
H0.05-I1.5-N1-S0-T0.9-D0,0.05,1.5,1.0,0.0,0.9,0,0.14676404544596977,1.0,0.039816016576254915,0.0,1.0,0.039816016576254915,0.03711730500631223,0.13596916589545632,0.25290461906745904,0.9322204529231557,1.0,True,0.9791666666666666,1.0,True,False,240,18
H0.05-I1.5-N1-S0-T0.9-D1,0.05,1.5,1.0,0.0,0.9,1,0.14676404544596977,1.0,0.03981692740220334,0.5,1.0,0.039812104704655904,0.0397383628185234,0.13596916589545632,0.2707636103772625,0.9980268546870447,0.9998788782092922,True,0.7708333333333334,0.9583333333333334,True,False,240,18
H0.05-I1.5-N1-S0-T0.9-D3,0.05,1.5,1.0,0.0,0.9,3,0.14676404544596977,0.75,0.033007012041329664,0.25,0.75,0.03153183746141203,0.03129434077251312,0.13596916589545632,0.21322893272272145,0.9481118961427946,0.9553072365935305,True,0.4791666666666667,0.75,True,False,240,17
H0.05-I1.5-N1-S0.5-T0-D0,0.05,1.5,1.0,0.5,0.0,0,0.020408170168109533,0.75,0.015159242186111565,0.0,0.75,0.01515879382045591,0.014879997864566024,0.020408181652519373,0.7291196487482249,0.981579269061261,0.9999704229505572,True,0.6958333333333333,0.75,True,False,240,18
H0.05-I1.5-N1-S0.5-T0-D1,0.05,1.5,1.0,0.5,0.0,1,0.020408170168109533,0.5,0.013299147099509802,0.0,0.5,0.013297797811006342,0.013307986890581549,0.020408181652519373,0.6520911370769066,1.0006646885702972,0.9998985432303767,True,0.4166666666666667,0.625,True,False,240,17
H0.05-I1.5-N1-S0.5-T0-D3,0.05,1.5,1.0,0.5,0.0,3,0.020408170168109533,0.5,0.010136882442456606,0.25,0.5,0.010070728341103721,0.009893642382541347,0.020408181652519373,0.4847883127710035,0.9760044509447511,0.9934739204357536,True,0.2791666666666667,0.6458333333333334,True,False,240,17
H0.05-I1.5-N1-S0.5-T0.6-D0,0.05,1.5,1.0,0.5,0.6,0,0.06598357965464893,1.0,0.0443647398867061,0.0,1.0,0.0443647398867061,0.04295868516240654,0.06424717131221944,0.6510511461676943,0.9683069318587196,1.0,True,0.8416666666666667,0.875,True,False,240,18
H0.05-I1.5-N1-S0.5-T0.6-D1,0.05,1.5,1.0,0.5,0.6,1,0.06598357965464893,0.75,0.039085628409830805,0.5,0.75,0.039084682392756656,0.03991540547166897,0.06424717131221944,0.6049293730437477,1.0212297229339022,0.9999757962936088,True,0.5,0.75,True,False,240,18
H0.05-I1.5-N1-S0.5-T0.6-D3,0.05,1.5,1.0,0.5,0.6,3,0.06598357965464893,0.5,0.03043028988087594,0.25,0.75,0.02922900765602131,0.029324789809005054,0.06424717131221944,0.44442556712575915,0.963671063397735,0.9605234708720412,True,0.3333333333333333,0.7291666666666666,True,False,240,17
H0.05-I1.5-N1-S0.5-T0.9-D0,0.05,1.5,1.0,0.5,0.9,0,0.14676404544596977,1.0,0.0948525310062816,0.0,1.0,0.0948525310062816,0.08810573351777257,0.13596916589545632,0.6003223286060761,0.9288706646313715,1.0,True,0.9166666666666666,1.0,True,False,240,18
H0.05-I1.5-N1-S0.5-T0.9-D1,0.05,1.5,1.0,0.5,0.9,1,0.14676404544596977,0.75,0.08455716781073956,0.5,0.75,0.08455540296232593,0.085946893902403,0.13596916589545632,0.5856127339719849,1.016435343420844,0.9999791283405142,True,0.5708333333333333,0.75,True,False,240,18
H0.05-I1.5-N1-S0.5-T0.9-D3,0.05,1.5,1.0,0.5,0.9,3,0.14676404544596977,0.75,0.0638908722905603,0.5,0.75,0.06253964406628587,0.06254388734431383,0.13596916589545632,0.42615265308517924,0.9789174118625161,0.978850997398668,True,0.3958333333333333,0.75,True,False,240,17
H0.05-I1.5-N1-S0.9-T0-D0,0.05,1.5,1.0,0.9,0.0,0,0.020408170168109533,0.25,0.019991979431550157,0.0,0.25,0.019990331877788363,0.019790454177501103,0.020408181652519373,0.9697319266979804,0.9899196948086582,0.9999175892628624,True,0.47500000000000003,0.5,True,False,240,18
H0.05-I1.5-N1-S0.9-T0-D1,0.05,1.5,1.0,0.9,0.0,1,0.020408170168109533,0.5,0.016843899185823373,0.0,0.5,0.016842779813665016,0.017410690532359184,0.020408181652519373,0.8531235475273374,1.0336496520362013,0.9999335443565645,True,0.2708333333333333,0.4791666666666667,True,False,240,17
H0.05-I1.5-N1-S0.9-T0-D3,0.05,1.5,1.0,0.9,0.0,3,0.020408170168109533,0.5,0.012120520796138411,0.25,0.5,0.01205989266035484,0.012278791265990248,0.020408181652519373,0.6016605685294355,1.0130580585202462,0.99499789350612,True,0.18333333333333335,0.5,True,False,240,17
H0.05-I1.5-N1-S0.9-T0.6-D0,0.05,1.5,1.0,0.9,0.6,0,0.06598357965464893,0.5,0.06319580734894707,0.0,0.5,0.0631940453534995,0.06120781220341281,0.06424717131221944,0.9276218799247936,0.968542293722791,0.9999721184755526,True,0.6458333333333334,0.75,True,False,240,18
H0.05-I1.5-N1-S0.9-T0.6-D1,0.05,1.5,1.0,0.9,0.6,1,0.06598357965464893,0.5,0.0523164951267597,0.25,0.5,0.05231621532838232,0.05368263013951412,0.06424717131221944,0.8135755959358877,1.0261128924910654,0.9999946518134156,True,0.3125,0.5,True,False,240,17
H0.05-I1.5-N1-S0.9-T0.6-D3,0.05,1.5,1.0,0.9,0.6,3,0.06598357965464893,0.5,0.03684377963012376,0.25,0.5,0.036821213830915016,0.03699390186848248,0.06424717131221944,0.5606531513158978,1.0040745612927287,0.9993875275708605,True,0.2708333333333333,0.5,True,False,240,17
H0.05-I1.5-N1-S0.9-T0.9-D0,0.05,1.5,1.0,0.9,0.9,0,0.14676404544596977,0.75,0.13836299651338013,0.0,0.75,0.13836254819051164,0.1281559408412734,0.13596916589545632,0.8732107407631604,0.9262298741042395,0.9999967598065972,True,0.7083333333333334,0.875,True,False,240,18
H0.05-I1.5-N1-S0.9-T0.9-D1,0.05,1.5,1.0,0.9,0.9,1,0.14676404544596977,0.5,0.11519015562085724,0.5,0.5,0.11519015562085724,0.11644560850304544,0.13596916589545632,0.7934205421307642,1.0108989598583447,1.0,True,0.3416666666666666,0.5,True,False,240,18
H0.05-I1.5-N1-S0.9-T0.9-D3,0.05,1.5,1.0,0.9,0.9,3,0.14676404544596977,0.5,0.08066469944168526,0.5,0.5,0.08066469944168526,0.07904336224532638,0.13596916589545632,0.538574430850134,0.9799002883841277,1.0,True,0.3125,0.5,True,False,240,17
H0.2-I0.5-N0.1-S0-T0-D0,0.2,0.5,0.1,0.0,0.0,0,0.0020408172477193796,0.0,0.0020408172477193796,0.0,0.0,0.0020408172477193796,0.0019663579657534743,0.0020408187803299302,0.9635149683054111,0.9635149683054111,1.0,True,0.1416666666666667,0.049999999999999996,True,False,240,18
H0.2-I0.5-N0.1-S0-T0-D1,0.2,0.5,0.1,0.0,0.0,1,0.0020408172477193796,0.0,0.0020408172477193796,0.0,0.0,0.0020408172477193796,0.0019528426882304334,0.0020408187803299302,0.9568924853083939,0.9568924853083939,1.0,True,0.1416666666666667,0.049999999999999996,True,False,240,18
H0.2-I0.5-N0.1-S0-T0-D3,0.2,0.5,0.1,0.0,0.0,3,0.0020408172477193796,0.0,0.0020408172477193796,0.0,0.0,0.0020408172477193796,0.001932819472153542,0.0020408187803299302,0.9470811138593985,0.9470811138593985,1.0,True,0.15000000000000002,0.049999999999999996,True,False,240,18
H0.2-I0.5-N0.1-S0-T0.6-D0,0.2,0.5,0.1,0.0,0.6,0,0.006598358196373321,0.1,0.006364509009148761,0.0,0.1,0.00635673079807362,0.005784402309103928,0.006424717746299937,0.8766426642741569,0.9088528747133598,0.9987778772778921,True,0.20833333333333334,0.14166666666666666,True,False,240,18
H0.2-I0.5-N0.1-S0-T0.6-D1,0.2,0.5,0.1,0.0,0.6,1,0.006598358196373321,0.1,0.006260614320179107,0.0,0.1,0.006252843514353235,0.005695815915690541,0.006424717746299937,0.8632171437466296,0.9097854658339011,0.9987587790225593,True,0.2041666666666667,0.15833333333333335,True,False,240,18
H0.2-I0.5-N0.1-S0-T0.6-D3,0.2,0.5,0.1,0.0,0.6,3,0.006598358196373321,0.1,0.006141767410292466,0.0,0.1,0.006134026898984421,0.0055183441554355565,0.006424717746299937,0.8363207924160019,0.898494486487364,0.9987396931874897,True,0.21250000000000002,0.15,True,False,240,18
H0.2-I0.5-N0.1-S0-T0.9-D0,0.2,0.5,0.1,0.0,0.9,0,0.0146764047755054,0.1,0.013254710512121234,0.0,0.1,0.013246967395641834,0.01097471761931254,0.013596917204623625,0.7477797040341314,0.8279862173735387,0.9994158215321022,True,0.29583333333333334,0.3,True,False,240,18
H0.2-I0.5-N0.1-S0-T0.9-D1,0.2,0.5,0.1,0.0,0.9,1,0.0146764047755054,0.1,0.013023621867927954,0.0,0.1,0.013015895658895275,0.010730494168027505,0.013596917204623625,0.7311391537753488,0.8239255006667908,0.9994067541954895,True,0.3166666666666667,0.3,True,False,240,18
H0.2-I0.5-N0.1-S0-T0.9-D3,0.2,0.5,0.1,0.0,0.9,3,0.0146764047755054,0.1,0.012759265656578422,0.0,0.1,0.012751615489890483,0.010098905175843257,0.013596917204623625,0.6881048410914715,0.7914957998101139,0.9994004226501864,True,0.28750000000000003,0.3,True,False,240,18
H0.2-I0.5-N0.1-S0.5-T0-D0,0.2,0.5,0.1,0.5,0.0,0,0.0020408172477193796,0.0,0.0020408172477193796,0.0,0.0,0.0020408172477193796,0.0020316081586089505,0.0020408187803299302,0.9954875483727313,0.9954875483727313,1.0,True,0.12083333333333335,0.03333333333333333,True,False,240,18
H0.2-I0.5-N0.1-S0.5-T0-D1,0.2,0.5,0.1,0.5,0.0,1,0.0020408172477193796,0.0,0.0020408172477193796,0.0,0.0,0.0020408172477193796,0.002008255726867584,0.0020408187803299302,0.9840448619844901,0.9840448619844901,1.0,True,0.1416666666666667,0.049999999999999996,True,False,240,18
H0.2-I0.5-N0.1-S0.5-T0-D3,0.2,0.5,0.1,0.5,0.0,3,0.0020408172477193796,0.0,0.0020408172477193796,0.0,0.0,0.0020408172477193796,0.001958600677632927,0.0020408187803299302,0.9597138988420792,0.9597138988420792,1.0,True,0.15000000000000002,0.049999999999999996,True,False,240,18
H0.2-I0.5-N0.1-S0.5-T0.6-D0,0.2,0.5,0.1,0.5,0.6,0,0.006598358196373321,0.0,0.006598358196373321,0.0,0.0,0.006598358196373321,0.0062779079246588244,0.006424717746299937,0.9514348475518309,0.9514348475518309,1.0,True,0.15416666666666667,0.08750000000000001,True,False,240,18
H0.2-I0.5-N0.1-S0.5-T0.6-D1,0.2,0.5,0.1,0.5,0.6,1,0.006598358196373321,0.1,0.006589902636570968,0.0,0.1,0.006582129140119358,0.006121866335948698,0.006424717746299937,0.9277862998273542,0.928976750274749,0.998820392822123,True,0.17500000000000002,0.125,True,False,240,18
H0.2-I0.5-N0.1-S0.5-T0.6-D3,0.2,0.5,0.1,0.5,0.6,3,0.006598358196373321,0.1,0.006292772088259252,0.0,0.1,0.006285084938336923,0.005765249537348298,0.006424717746299937,0.8737400071001106,0.9161700847397318,0.9987784159644568,True,0.15416666666666667,0.15,True,False,240,18
H0.2-I0.5-N0.1-S0.5-T0.9-D0,0.2,0.5,0.1,0.5,0.9,0,0.0146764047755054,0.1,0.014333764332609245,0.0,0.1,0.014325989335745467,0.012878100157667247,0.013596917204623625,0.8774696769852325,0.8984450880338274,0.9994575746689173,True,0.21666666666666667,0.1416666666666667,True,False,240,18
H0.2-I0.5-N0.1-S0.5-T0.9-D1,0.2,0.5,0.1,0.5,0.9,1,0.0146764047755054,0.1,0.013756041789564183,0.0,0.1,0.01374830959590407,0.012515790020055094,0.013596917204623625,0.8527831040026693,0.9098394880967875,0.9994379056287849,True,0.225,0.15833333333333333,True,False,240,18
H0.2-I0.5-N0.1-S0.5-T0.9-D3,0.2,0.5,0.1,0.5,0.9,3,0.0146764047755054,0.1,0.013095137987595236,0.0,0.1,0.013087606510031685,0.011205422896175876,0.013596917204623625,0.763499172145857,0.8556933807639561,0.9994248645893854,True,0.23333333333333336,0.3,True,False,240,18
H0.2-I0.5-N0.1-S0.9-T0-D0,0.2,0.5,0.1,0.9,0.0,0,0.0020408172477193796,0.0,0.0020408172477193796,0.0,0.0,0.0020408172477193796,0.0020408183733635274,0.0020408187803299302,1.0000005515653834,1.0000005515653834,1.0,True,0.10416666666666667,0.0,True,False,240,13
H0.2-I0.5-N0.1-S0.9-T0-D1,0.2,0.5,0.1,0.9,0.0,1,0.0020408172477193796,0.0,0.0020408172477193796,0.0,0.0,0.0020408172477193796,0.002033272725591122,0.0020408187803299302,0.996303185825831,0.996303185825831,1.0,True,0.125,0.03333333333333333,True,False,240,16
H0.2-I0.5-N0.1-S0.9-T0-D3,0.2,0.5,0.1,0.9,0.0,3,0.0020408172477193796,0.0,0.0020408172477193796,0.0,0.0,0.0020408172477193796,0.001979224021878453,0.0020408187803299302,0.9698193329609708,0.9698193329609708,1.0,True,0.12916666666666668,0.049999999999999996,True,False,240,18
H0.2-I0.5-N0.1-S0.9-T0.6-D0,0.2,0.5,0.1,0.9,0.6,0,0.006598358196373321,0.0,0.006598358196373321,0.0,0.0,0.006598358196373321,0.006424717282809884,0.006424717746299937,0.973684224409206,0.973684224409206,1.0,True,0.1125,0.0,True,False,240,14
H0.2-I0.5-N0.1-S0.9-T0.6-D1,0.2,0.5,0.1,0.9,0.6,1,0.006598358196373321,0.0,0.006598358196373321,0.0,0.0,0.006598358196373321,0.006308252567555465,0.006424717746299937,0.9560336647111235,0.9560336647111235,1.0,True,0.1416666666666667,0.049999999999999996,True,False,240,18
H0.2-I0.5-N0.1-S0.9-T0.6-D3,0.2,0.5,0.1,0.9,0.6,3,0.006598358196373321,0.1,0.00641357583063268,0.0,0.1,0.006405931369818924,0.005937562881841224,0.006424717746299937,0.8998545858126811,0.9257804130859556,0.9988080813238,True,0.15416666666666667,0.125,True,False,240,18
H0.2-I0.5-N0.1-S0.9-T0.9-D0,0.2,0.5,0.1,0.9,0.9,0,0.0146764047755054,0.0,0.0146764047755054,0.0,0.0,0.0146764047755054,0.013572333691728644,0.013596917204623625,0.9247723743883497,0.9247723743883497,1.0,True,0.12083333333333335,0.049999999999999996,True,False,240,18
H0.2-I0.5-N0.1-S0.9-T0.9-D1,0.2,0.5,0.1,0.9,0.9,1,0.0146764047755054,0.1,0.014341977726873165,0.0,0.1,0.014334240745511104,0.01327860109696972,0.013596917204623625,0.9047584405093143,0.9258556490496459,0.9994605359519166,True,0.15416666666666667,0.125,True,False,240,18
H0.2-I0.5-N0.1-S0.9-T0.9-D3,0.2,0.5,0.1,0.9,0.9,3,0.0146764047755054,0.1,0.013363835852408691,0.0,0.1,0.013356399326144647,0.011864026479718126,0.013596917204623625,0.8083741666432455,0.8877710419931385,0.9994435335523293,True,0.17916666666666667,0.17500000000000002,True,False,240,18
H0.2-I0.5-N0.5-S0-T0-D0,0.2,0.5,0.5,0.0,0.0,0,0.010204082528603772,0.1,0.009440025716048954,0.0,0.1,0.009432263169829983,0.00879781794192771,0.010204084019224994,0.8621860826062447,0.9319697007785235,0.9991776986151877,True,0.275,0.3,True,False,240,18
H0.2-I0.5-N0.5-S0-T0-D1,0.2,0.5,0.5,0.0,0.0,1,0.010204082528603772,0.1,0.009279356615744857,0.0,0.1,0.009271605716184784,0.008541007196237673,0.010204084019224994,0.8370186317384031,0.9204309684300331,0.999164715843885,True,0.275,0.3,True,False,240,18
H0.2-I0.5-N0.5-S0-T0-D3,0.2,0.5,0.5,0.0,0.0,3,0.010204082528603772,0.1,0.00909556003965971,0.0,0.1,0.00908785985465974,0.008109275361770727,0.010204084019224994,0.7947089156755696,0.891564161680155,0.9991534127677246,True,0.275,0.3,True,False,240,18
H0.2-I0.5-N0.5-S0-T0.6-D0,0.2,0.5,0.5,0.0,0.6,0,0.03299178727187348,0.25,0.02621915271315571,0.0,0.25,0.026192792976866115,0.022519747392487844,0.03212357884907502,0.68258646331921,0.8589044672365918,0.9989946381342686,True,0.4875,0.5,True,False,240,18
H0.2-I0.5-N0.5-S0-T0.6-D1,0.2,0.5,0.5,0.0,0.6,1,0.03299178727187348,0.25,0.025129768068114802,0.0,0.25,0.025103530213198624,0.021742322278368562,0.03212357884907502,0.6590222620920136,0.8652018681364471,0.9989559054088737,True,0.4666666666666666,0.5,True,False,240,18
H0.2-I0.5-N0.5-S0-T0.6-D3,0.2,0.5,0.5,0.0,0.6,3,0.03299178727187348,0.25,0.023798518281533426,0.0,0.25,0.023774222118029664,0.019963268973463157,0.03212357884907502,0.6050981357558177,0.8388450380523795,0.998979089235038,True,0.3833333333333333,0.5,True,False,240,18
H0.2-I0.5-N0.5-S0-T0.9-D0,0.2,0.5,0.5,0.0,0.9,0,0.07338202016753387,0.5,0.04705994205438026,0.0,0.5,0.047031734244877894,0.03972184186458926,0.06798457614069345,0.5413021033476978,0.8440690772353389,0.9994005982950475,True,0.5291666666666667,0.5,True,False,240,18
H0.2-I0.5-N0.5-S0-T0.9-D1,0.2,0.5,0.5,0.0,0.9,1,0.07338202016753387,0.5,0.04378988017487912,0.0,0.5,0.04376236486728127,0.03858396623385754,0.06798457614069345,0.5257959122107694,0.881116049639066,0.9993716514526195,True,0.5416666666666666,0.5,True,False,240,18
H0.2-I0.5-N0.5-S0-T0.9-D3,0.2,0.5,0.5,0.0,0.9,3,0.07338202016753387,0.5,0.039122114490143856,0.25,0.5,0.03911676017305041,0.03484638678804962,0.06798457614069345,0.47486273488374986,0.8907081644789053,0.9998631383512055,True,0.4875,0.5625,True,False,240,18
H0.2-I0.5-N0.5-S0.5-T0-D0,0.2,0.5,0.5,0.5,0.0,0,0.010204082528603772,0.1,0.01019026081112229,0.0,0.1,0.010182476099388726,0.009786095041806659,0.010204084019224994,0.959037229890544,0.9603380348347414,0.999236063543627,True,0.17500000000000002,0.125,True,False,240,18
H0.2-I0.5-N0.5-S0.5-T0-D1,0.2,0.5,0.5,0.5,0.0,1,0.010204082528603772,0.1,0.009788587127800176,0.0,0.1,0.009780832067300727,0.009399902719611247,0.010204084019224994,0.9211903856384666,0.9602920826964862,0.9992077446521956,True,0.21666666666666667,0.15833333333333335,True,False,240,18
H0.2-I0.5-N0.5-S0.5-T0-D3,0.2,0.5,0.5,0.5,0.0,3,0.010204082528603772,0.1,0.009329082413992199,0.0,0.1,0.009321464750127718,0.008774750234331424,0.010204084019224994,0.8599254474602996,0.9405802033832007,0.9991834498264207,True,0.22083333333333333,0.17500000000000002,True,False,240,18
H0.2-I0.5-N0.5-S0.5-T0.6-D0,0.2,0.5,0.5,0.5,0.6,0,0.03299178727187348,0.1,0.03130254423742429,0.0,0.1,0.03129480902560869,0.028617955810349364,0.03212357884907502,0.867426659080912,0.9142373729524094,0.9997528887186635,True,0.3041666666666667,0.3,True,False,240,18
H0.2-I0.5-N0.5-S0.5-T0.6-D1,0.2,0.5,0.5,0.5,0.6,1,0.03299178727187348,0.25,0.02902716011386799,0.0,0.25,0.029001052801576187,0.02679268216713395,0.03212357884907502,0.8121015677733696,0.9230211313139621,0.9991005901993377,True,0.3125,0.3,True,False,240,18
H0.2-I0.5-N0.5-S0.5-T0.6-D3,0.2,0.5,0.5,0.5,0.6,3,0.03299178727187348,0.25,0.025698712285230574,0.0,0.25,0.02567776542106152,0.0234083504102668,0.03212357884907502,0.7095205305904463,0.910876395301718,0.9991849060786951,True,0.30833333333333335,0.375,True,False,240,18
H0.2-I0.5-N0.5-S0.5-T0.9-D0,0.2,0.5,0.5,0.5,0.9,0,0.07338202016753387,0.25,0.06536894641330963,0.0,0.25,0.06534259895113809,0.05740836513251937,0.06798457614069345,0.7823219502741128,0.8782207497967349,0.9995969422238358,True,0.4875,0.5,True,False,240,18
H0.2-I0.5-N0.5-S0.5-T0.9-D1,0.2,0.5,0.5,0.5,0.9,1,0.07338202016753387,0.25,0.059311272623354186,0.0,0.25,0.059285610360438855,0.05416639692432944,0.06798457614069345,0.7381426240469471,0.9132563596856811,0.999567329079612,True,0.3958333333333333,0.375,True,False,240,18
H0.2-I0.5-N0.5-S0.5-T0.9-D3,0.2,0.5,0.5,0.5,0.9,3,0.07338202016753387,0.5,0.04803787202261135,0.5,0.5,0.04803787202261135,0.04380024676572283,0.06798457614069345,0.5968798169595938,0.9117857415729432,1.0,True,0.425,0.375,True,False,240,18
H0.2-I0.5-N0.5-S0.9-T0-D0,0.2,0.5,0.5,0.9,0.0,0,0.010204082528603772,0.0,0.010204082528603772,0.0,0.0,0.010204082528603772,0.010194873397504014,0.010204084019224994,0.9990975052314657,0.9990975052314657,1.0,True,0.12083333333333335,0.03333333333333333,True,False,240,18
H0.2-I0.5-N0.5-S0.9-T0-D1,0.2,0.5,0.5,0.9,0.0,1,0.010204082528603772,0.1,0.010195971537444436,0.0,0.1,0.010188213148193482,0.009955071216803613,0.010204084019224994,0.9755968935862546,0.976372990081806,0.9992390730768067,True,0.1625,0.125,True,False,240,18
H0.2-I0.5-N0.5-S0.9-T0-D3,0.2,0.5,0.5,0.9,0.0,3,0.010204082528603772,0.1,0.009515900313458192,0.0,0.1,0.009508348666502098,0.009124425182747548,0.010204084019224994,0.8941935893962283,0.9588609466455857,0.9992064180258998,True,0.1708333333333333,0.17500000000000002,True,False,240,18
H0.2-I0.5-N0.5-S0.9-T0.6-D0,0.2,0.5,0.5,0.9,0.6,0,0.03299178727187348,0.0,0.03299178727187348,0.0,0.0,0.03299178727187348,0.031976769027433904,0.03212357884907502,0.9692342146827279,0.9692342146827279,1.0,True,0.15416666666666667,0.08750000000000001,True,False,240,18
H0.2-I0.5-N0.5-S0.9-T0.6-D1,0.2,0.5,0.5,0.9,0.6,1,0.03299178727187348,0.1,0.03132100674123008,0.0,0.1,0.031313357431026714,0.030235615394236824,0.03212357884907502,0.9164588491395137,0.9653462177649456,0.99975577700083,True,0.21250000000000002,0.17500000000000002,True,False,240,18
H0.2-I0.5-N0.5-S0.9-T0.6-D3,0.2,0.5,0.5,0.9,0.6,3,0.03299178727187348,0.25,0.02721886748818829,0.0,0.25,0.02720060006348701,0.02526740511410131,0.03212357884907502,0.7658695452259586,0.9283047917062008,0.9993288690387575,True,0.275,0.3,True,False,240,18
H0.2-I0.5-N0.5-S0.9-T0.9-D0,0.2,0.5,0.5,0.9,0.9,0,0.07338202016753387,0.1,0.07303937972463773,0.0,0.1,0.07303160472777395,0.06726575909373708,0.06798457614069345,0.9166517757369839,0.9209519487615107,0.9998935506175834,True,0.21666666666666667,0.1416666666666667,True,False,240,18
H0.2-I0.5-N0.5-S0.9-T0.9-D1,0.2,0.5,0.5,0.9,0.9,1,0.07338202016753387,0.25,0.06624629566459504,0.0,0.25,0.06622086568934729,0.06327066487364372,0.06798457614069345,0.8622093631272953,0.9550823066995785,0.999616129853109,True,0.2708333333333333,0.3,True,False,240,18
H0.2-I0.5-N0.5-S0.9-T0.9-D3,0.2,0.5,0.5,0.9,0.9,3,0.07338202016753387,0.5,0.05517047804858534,0.5,0.5,0.05517047804858534,0.049212996615919234,0.06798457614069345,0.6706410712537505,0.8920168604045862,1.0,True,0.3833333333333333,0.375,True,False,240,18
H0.2-I0.5-N1-S0-T0-D0,0.2,0.5,1.0,0.0,0.0,0,0.02040816412970926,0.25,0.01785512330835823,0.0,0.25,0.01782872181928319,0.015345541560426399,0.02040816556784382,0.7519315046122679,0.8594475263714891,0.9985213493842028,True,0.3458333333333334,0.3,True,False,240,18
H0.2-I0.5-N1-S0-T0-D1,0.2,0.5,1.0,0.0,0.0,1,0.02040816412970926,0.25,0.01718124925062875,0.0,0.25,0.017154922531227808,0.014832271721407022,0.02040816556784382,0.726781283565575,0.8632824950644513,0.9984677063339863,True,0.3458333333333334,0.3,True,False,240,18
H0.2-I0.5-N1-S0-T0-D3,0.2,0.5,1.0,0.0,0.0,3,0.02040816412970926,0.25,0.016357842784789252,0.0,0.25,0.016332639298109096,0.013968726613573467,0.02040816556784382,0.6844675750739598,0.8539467457507683,0.9984592414163809,True,0.29583333333333334,0.3,True,False,240,18
H0.2-I0.5-N1-S0-T0.6-D0,0.2,0.5,1.0,0.0,0.6,0,0.06598357361624865,0.5,0.04386321441573682,0.0,0.5,0.043835002956080504,0.037929180347963116,0.06424715522754387,0.574827616469426,0.8647150203920133,0.9993568310021942,True,0.5291666666666667,0.5,True,False,240,18
H0.2-I0.5-N1-S0-T0.6-D1,0.2,0.5,1.0,0.0,0.6,1,0.06598357361624865,0.5,0.040922844434172774,0.0,0.5,0.04089525480123132,0.03637461001146654,0.06424715522754387,0.5512676567506974,0.8888583018704287,0.9993258134100177,True,0.5208333333333334,0.5,True,False,240,18
H0.2-I0.5-N1-S0-T0.6-D3,0.2,0.5,1.0,0.0,0.6,3,0.06598357361624865,0.5,0.036726696258442534,0.25,0.5,0.03671967053590333,0.03282563646069766,0.06424715522754387,0.4974819437881165,0.8937813581081876,0.999808702571836,True,0.4875,0.5,True,False,240,18
H0.2-I0.5-N1-S0-T0.9-D0,0.2,0.5,1.0,0.0,0.9,0,0.14676403940756946,0.75,0.07441138893638116,0.0,0.75,0.07440421492802152,0.06549011866155113,0.13596914981078076,0.4462272837808894,0.8801088058918324,0.9999035899146328,True,0.7291666666666666,0.75,True,False,240,18
H0.2-I0.5-N1-S0-T0.9-D1,0.2,0.5,1.0,0.0,0.9,1,0.14676403940756946,0.75,0.0694394004903075,0.0,0.75,0.06943409307077482,0.06404682990360602,0.13596914981078076,0.43639320750599864,0.9223413429749557,0.99992356760722,True,0.6458333333333334,0.625,True,False,240,18
H0.2-I0.5-N1-S0-T0.9-D3,0.2,0.5,1.0,0.0,0.9,3,0.14676403940756946,0.75,0.06070178303246902,0.5,0.75,0.060519607552898695,0.054160715218327826,0.13596914981078076,0.3690326011532117,0.8922425753022375,0.9969988446719451,True,0.6124999999999999,0.625,True,False,240,18
H0.2-I0.5-N1-S0.5-T0-D0,0.2,0.5,1.0,0.5,0.0,0,0.02040816412970926,0.1,0.019644107317154443,0.0,0.1,0.019636344770935475,0.01900189949054654,0.02040816556784382,0.9310930355996331,0.9673078640714263,0.9996048409788421,True,0.275,0.3,True,False,240,18
H0.2-I0.5-N1-S0.5-T0-D1,0.2,0.5,1.0,0.5,0.0,1,0.02040816412970926,0.1,0.018840759328802303,0.0,0.1,0.018833056441442817,0.017716867237867213,0.02040816556784382,0.8681264578853429,0.9403478346428973,0.9995911583378855,True,0.275,0.3,True,False,240,18
H0.2-I0.5-N1-S0.5-T0-D3,0.2,0.5,1.0,0.5,0.0,3,0.02040816412970926,0.25,0.017533270781883006,0.0,0.25,0.017510139115343853,0.015539295421312046,0.02040816556784382,0.7614254433935417,0.8862747638260786,0.998680698722622,True,0.275,0.3,True,False,240,18
H0.2-I0.5-N1-S0.5-T0.6-D0,0.2,0.5,1.0,0.5,0.6,0,0.06598357361624865,0.25,0.059210939057530915,0.0,0.25,0.0591845793212413,0.0546433237709567,0.06424715522754387,0.8281352581591703,0.9228585906712914,0.9995548164459273,True,0.4875,0.5,True,False,240,18
H0.2-I0.5-N1-S0.5-T0.6-D1,0.2,0.5,1.0,0.5,0.6,1,0.06598357361624865,0.25,0.053764006076678396,0.0,0.25,0.05373826229222211,0.0505315385588044,0.06424715522754387,0.7658199729024809,0.9398767362449918,0.9995211706430587,True,0.4166666666666667,0.375,True,False,240,18
H0.2-I0.5-N1-S0.5-T0.6-D3,0.2,0.5,1.0,0.5,0.6,3,0.06598357361624865,0.5,0.04474355844500229,0.5,0.5,0.04474355844500229,0.041290930775190936,0.06424715522754387,0.6257759092487667,0.9228352015395638,1.0,True,0.425,0.375,True,False,240,18
H0.2-I0.5-N1-S0.5-T0.9-D0,0.2,0.5,1.0,0.5,0.9,0,0.14676403940756946,0.5,0.12044196129441585,0.0,0.5,0.1204137534849135,0.10770641553467655,0.13596914981078076,0.7338747009788388,0.8942598939533396,0.99976579749118,True,0.5291666666666667,0.5,True,False,240,18
H0.2-I0.5-N1-S0.5-T0.9-D1,0.2,0.5,1.0,0.5,0.9,1,0.14676403940756946,0.5,0.1040916090972124,0.0,0.5,0.1040668977772303,0.10191423992320936,0.13596914981078076,0.6944087961505988,0.9790821835411385,0.9997626002691626,True,0.5083333333333333,0.5,True,False,240,18
H0.2-I0.5-N1-S0.5-T0.9-D3,0.2,0.5,1.0,0.5,0.9,3,0.14676403940756946,0.5,0.08071275595386364,0.5,0.5,0.08071275595386364,0.07843165387164078,0.13596914981078076,0.5344064812350457,0.9717380226301928,1.0,True,0.5083333333333333,0.625,True,False,240,18
H0.2-I0.5-N1-S0.9-T0-D0,0.2,0.5,1.0,0.9,0.0,0,0.02040816412970926,0.0,0.02040816412970926,0.0,0.0,0.02040816412970926,0.020333704753267366,0.02040816556784382,0.9963514907088825,0.9963514907088825,1.0,True,0.1416666666666667,0.049999999999999996,True,False,240,18
H0.2-I0.5-N1-S0.9-T0-D1,0.2,0.5,1.0,0.9,0.0,1,0.02040816412970926,0.1,0.019655528148090823,0.0,0.1,0.019647818603228326,0.01939542870454333,0.02040816556784382,0.9503759662687328,0.9867671099149398,0.999607767097154,True,0.2041666666666667,0.15,True,False,240,18
H0.2-I0.5-N1-S0.9-T0-D3,0.2,0.5,1.0,0.9,0.0,3,0.02040816412970926,0.1,0.018295376851054923,0.0,0.1,0.018288087864271954,0.016795867838370015,0.02040816556784382,0.8229974892214518,0.9180389108738995,0.9996015940615868,True,0.2541666666666667,0.3,True,False,240,18
H0.2-I0.5-N1-S0.9-T0.6-D0,0.2,0.5,1.0,0.9,0.6,0,0.06598357361624865,0.1,0.0657497244290241,0.0,0.1,0.06574194621794897,0.06360683979034787,0.06424715522754387,0.9639799165816095,0.9674084620538684,0.9998816997159657,True,0.20833333333333334,0.14166666666666666,True,False,240,18
H0.2-I0.5-N1-S0.9-T0.6-D1,0.2,0.5,1.0,0.9,0.6,1,0.06598357361624865,0.25,0.059999833349883486,0.0,0.25,0.05997429843362623,0.05878967028643746,0.06424715522754387,0.8909743298892852,0.979830559588573,0.9995744168803211,True,0.3125,0.3,True,False,240,18
H0.2-I0.5-N1-S0.9-T0.6-D3,0.2,0.5,1.0,0.9,0.6,3,0.06598357361624865,0.25,0.05014720525052967,0.0,0.25,0.05013734538764892,0.046210164881444485,0.06424715522754387,0.700328314289196,0.921490333321345,0.9998033816075793,True,0.37083333333333335,0.375,True,False,240,18
H0.2-I0.5-N1-S0.9-T0.9-D0,0.2,0.5,1.0,0.9,0.9,0,0.14676403940756946,0.1,0.14534234514418531,0.0,0.1,0.14533460202770593,0.1333469502254697,0.13596914981078076,0.9085805403267758,0.9174679966336327,0.9999467249790712,True,0.29583333333333334,0.3,True,False,240,18
H0.2-I0.5-N1-S0.9-T0.9-D1,0.2,0.5,1.0,0.9,0.9,1,0.14676403940756946,0.25,0.12820227717813248,0.0,0.25,0.1281778880677643,0.12359803177806661,0.13596914981078076,0.8421547422446588,0.9640860872255144,0.9998097607085848,True,0.3541666666666667,0.375,True,False,240,18
H0.2-I0.5-N1-S0.9-T0.9-D3,0.2,0.5,1.0,0.9,0.9,3,0.14676403940756946,0.5,0.09497796800581161,0.5,0.5,0.09497796800581161,0.09288417314541075,0.13596914981078076,0.632881007638852,0.9779549415052474,1.0,True,0.425,0.375,True,False,240,18
H0.2-I1.5-N0.1-S0-T0-D0,0.2,1.5,0.1,0.0,0.0,0,0.002040823431041258,0.0,0.002040823431041258,0.0,0.0,0.002040823431041258,0.0019661829844459804,0.002040835251037696,0.9634263084890226,0.9634263084890226,1.0,True,0.21666666666666667,0.049999999999999996,True,False,240,18
H0.2-I1.5-N0.1-S0-T0-D1,0.2,1.5,0.1,0.0,0.0,1,0.002040823431041258,0.0,0.002040823431041258,0.0,0.0,0.002040823431041258,0.001953242801186545,0.002040835251037696,0.9570856407650965,0.9570856407650965,1.0,True,0.17500000000000002,0.049999999999999996,True,False,240,18
H0.2-I1.5-N0.1-S0-T0-D3,0.2,1.5,0.1,0.0,0.0,3,0.002040823431041258,0.0,0.002040823431041258,0.0,0.0,0.002040823431041258,0.001932636535172871,0.002040835251037696,0.9469886055682982,0.9469886055682982,1.0,True,0.0625,0.049999999999999996,True,False,240,17
H0.2-I1.5-N0.1-S0-T0.6-D0,0.2,1.5,0.1,0.0,0.6,0,0.006598364379695199,0.1,0.006364515192470639,0.0,0.1,0.006356736981395498,0.005781010107104124,0.006424734217007701,0.8761277453687952,0.9083190050269949,0.9987778784652219,True,0.2791666666666667,0.1416666666666667,True,False,240,18
H0.2-I1.5-N0.1-S0-T0.6-D1,0.2,1.5,0.1,0.0,0.6,1,0.006598364379695199,0.1,0.006260625477164284,0.0,0.1,0.006252851820208431,0.00569591552872138,0.006424734217007701,0.8632314314512735,0.909799755551152,0.9987583258279531,True,0.20833333333333334,0.15,True,False,240,18
H0.2-I1.5-N0.1-S0-T0.6-D3,0.2,1.5,0.1,0.0,0.6,3,0.006598364379695199,0.1,0.00614184935978491,0.0,0.1,0.006134049409428431,0.0055205548739568145,0.006424734217007701,0.8366550490823043,0.8988424415134381,0.9987300322916497,True,0.13333333333333333,0.15,True,False,240,17
H0.2-I1.5-N0.1-S0-T0.9-D0,0.2,1.5,0.1,0.0,0.9,0,0.014676410958827277,0.1,0.01325471669544311,0.0,0.1,0.01324697357896371,0.010975590144111329,0.01359693367533139,0.7478388398159393,0.8280516586133198,0.9994158218046213,True,0.35833333333333334,0.3,True,False,240,18
H0.2-I1.5-N0.1-S0-T0.9-D1,0.2,1.5,0.1,0.0,0.9,1,0.014676410958827277,0.1,0.013023633024913134,0.0,0.1,0.01301590396475047,0.010731393079049857,0.01359693367533139,0.7312000944342153,0.82399381635843,0.9994065357839952,True,0.29583333333333334,0.3,True,False,240,18
H0.2-I1.5-N0.1-S0-T0.9-D3,0.2,1.5,0.1,0.0,0.9,3,0.014676410958827277,0.1,0.012759347606070864,0.0,0.1,0.012751638000334492,0.0100986760719315,0.01359693367533139,0.6880889408358757,0.7914727604980819,0.9993957680302789,True,0.18333333333333335,0.3,True,False,240,17
H0.2-I1.5-N0.1-S0.5-T0-D0,0.2,1.5,0.1,0.5,0.0,0,0.002040823431041258,0.0,0.002040823431041258,0.0,0.0,0.002040823431041258,0.0020392127980538542,0.002040835251037696,0.999210792583569,0.999210792583569,1.0,True,0.21666666666666667,0.03333333333333333,True,False,240,18
H0.2-I1.5-N0.1-S0.5-T0-D1,0.2,1.5,0.1,0.5,0.0,1,0.002040823431041258,0.0,0.002040823431041258,0.0,0.0,0.002040823431041258,0.002008087678507918,0.002040835251037696,0.9839595370988866,0.9839595370988866,1.0,True,0.1625,0.049999999999999996,True,False,240,18
H0.2-I1.5-N0.1-S0.5-T0-D3,0.2,1.5,0.1,0.5,0.0,3,0.002040823431041258,0.0,0.002040823431041258,0.0,0.0,0.002040823431041258,0.0019584169656255246,0.002040835251037696,0.9596209725141737,0.9596209725141737,1.0,True,0.0625,0.049999999999999996,True,False,240,17
H0.2-I1.5-N0.1-S0.5-T0.6-D0,0.2,1.5,0.1,0.5,0.6,0,0.006598364379695199,0.0,0.006598364379695199,0.0,0.0,0.006598364379695199,0.006291807625665976,0.006424734217007701,0.9535404933118616,0.9535404933118616,1.0,True,0.23750000000000002,0.075,True,False,240,18
H0.2-I1.5-N0.1-S0.5-T0.6-D1,0.2,1.5,0.1,0.5,0.6,1,0.006598364379695199,0.1,0.0065899137935561455,0.0,0.1,0.006582137445974553,0.006121195849246763,0.006424734217007701,0.9276838163232085,0.9288734330989713,0.9988199621686712,True,0.18333333333333335,0.125,True,False,240,18
H0.2-I1.5-N0.1-S0.5-T0.6-D3,0.2,1.5,0.1,0.5,0.6,3,0.006598364379695199,0.1,0.0062928540377516955,0.0,0.1,0.006285107448780932,0.00575009126369529,0.006424734217007701,0.8714419108756323,0.9137493463537694,0.9987689863892774,True,0.12083333333333335,0.1416666666666667,True,False,240,17
H0.2-I1.5-N0.1-S0.5-T0.9-D0,0.2,1.5,0.1,0.5,0.9,0,0.014676410958827277,0.1,0.014333770515931123,0.0,0.1,0.014325995519067344,0.012893375688287445,0.01359693367533139,0.8785101292446837,0.8995104026506657,0.9994575749029093,True,0.2791666666666667,0.14166666666666666,True,False,240,18
H0.2-I1.5-N0.1-S0.5-T0.9-D1,0.2,1.5,0.1,0.5,0.9,1,0.014676410958827277,0.1,0.013756052946549361,0.0,0.1,0.013748317901759266,0.01251721267224142,0.01359693367533139,0.8528796793273777,0.909942170248865,0.9994376988210099,True,0.23750000000000002,0.15833333333333333,True,False,240,18
H0.2-I1.5-N0.1-S0.5-T0.9-D3,0.2,1.5,0.1,0.5,0.9,3,0.014676410958827277,0.1,0.01309521993708768,0.0,0.1,0.013087629020475694,0.011202353876478098,0.01359693367533139,0.7632897380636734,0.8554536640313545,0.9994203292003911,True,0.15416666666666667,0.3,True,False,240,17
H0.2-I1.5-N0.1-S0.9-T0-D0,0.2,1.5,0.1,0.9,0.0,0,0.002040823431041258,0.0,0.002040823431041258,0.0,0.0,0.002040823431041258,0.002040828143196262,0.002040835251037696,1.000002308947914,1.000002308947914,1.0,True,0.20833333333333334,0.0,True,False,240,14
H0.2-I1.5-N0.1-S0.9-T0-D1,0.2,1.5,0.1,0.9,0.0,1,0.002040823431041258,0.0,0.002040823431041258,0.0,0.0,0.002040823431041258,0.002040502360622618,0.002040835251037696,0.9998426760425443,0.9998426760425443,1.0,True,0.1625,0.016666666666666666,True,False,240,16
H0.2-I1.5-N0.1-S0.9-T0-D3,0.2,1.5,0.1,0.9,0.0,3,0.002040823431041258,0.0,0.002040823431041258,0.0,0.0,0.002040823431041258,0.001979041309987647,0.002040835251037696,0.9697268660708738,0.9697268660708738,1.0,True,0.0625,0.049999999999999996,True,False,240,17
H0.2-I1.5-N0.1-S0.9-T0.6-D0,0.2,1.5,0.1,0.9,0.6,0,0.006598364379695199,0.0,0.006598364379695199,0.0,0.0,0.006598364379695199,0.006424726840582962,0.006424734217007701,0.9736847604769203,0.9736847604769203,1.0,True,0.20833333333333334,0.0,True,False,240,14
H0.2-I1.5-N0.1-S0.9-T0.6-D1,0.2,1.5,0.1,0.9,0.6,1,0.006598364379695199,0.0,0.006598364379695199,0.0,0.0,0.006598364379695199,0.006308651266363615,0.006424734217007701,0.9560931926974051,0.9560931926974051,1.0,True,0.17500000000000002,0.049999999999999996,True,False,240,18
H0.2-I1.5-N0.1-S0.9-T0.6-D3,0.2,1.5,0.1,0.9,0.6,3,0.006598364379695199,0.1,0.006413657780125124,0.0,0.1,0.006405953880262933,0.0059373808121947445,0.006424734217007701,0.8998261494114413,0.9257401962720425,0.9987988289792972,True,0.09999999999999999,0.125,True,False,240,17
H0.2-I1.5-N0.1-S0.9-T0.9-D0,0.2,1.5,0.1,0.9,0.9,0,0.014676410958827277,0.0,0.014676410958827277,0.0,0.0,0.014676410958827277,0.013572676793790017,0.01359693367533139,0.9247953625628473,0.9247953625628473,1.0,True,0.21666666666666667,0.049999999999999996,True,False,240,18
H0.2-I1.5-N0.1-S0.9-T0.9-D1,0.2,1.5,0.1,0.9,0.9,1,0.014676410958827277,0.1,0.01434198888385834,0.0,0.1,0.014334249051366299,0.013277951973678597,0.01359693367533139,0.9047138303041615,0.9258096684639535,0.9994603375755818,True,0.18333333333333335,0.125,True,False,240,18
H0.2-I1.5-N0.1-S0.9-T0.9-D3,0.2,1.5,0.1,0.9,0.9,3,0.014676410958827277,0.1,0.013363917801901135,0.0,0.1,0.013356421836588658,0.011861588161095872,0.01359693367533139,0.8082076874497439,0.8875831426775505,0.9994390892383811,True,0.13333333333333333,0.17500000000000002,True,False,240,17
H0.2-I1.5-N0.5-S0-T0-D0,0.2,1.5,0.5,0.0,0.0,0,0.01020408871192565,0.1,0.009440031899370831,0.0,0.1,0.00943226935315186,0.008795031395488144,0.010204100489932758,0.8619124787899264,0.9316739063216857,0.9991776991538039,True,0.33749999999999997,0.3,True,False,240,18
H0.2-I1.5-N0.5-S0-T0-D1,0.2,1.5,0.5,0.0,0.0,1,0.01020408871192565,0.1,0.009279367772730033,0.0,0.1,0.00927161402203998,0.008538478760496229,0.010204100489932758,0.8367703380035494,0.9201573824446199,0.9991644095934166,True,0.2791666666666667,0.3,True,False,240,18
H0.2-I1.5-N0.5-S0-T0-D3,0.2,1.5,0.5,0.0,0.0,3,0.01020408871192565,0.1,0.009095641989152154,0.0,0.1,0.009087882365103751,0.008105149278072987,0.010204100489932758,0.7943040781878341,0.8911024958699485,0.9991468855021276,True,0.15416666666666667,0.3,True,False,240,17
H0.2-I1.5-N0.5-S0-T0.6-D0,0.2,1.5,0.5,0.0,0.6,0,0.03299179345519535,0.25,0.026219158896477593,0.0,0.25,0.02619279916018799,0.02251954543110828,0.03212359531978279,0.6825802138247211,0.8588965618623892,0.998994638371365,True,0.4583333333333333,0.5,True,False,240,18
H0.2-I1.5-N0.5-S0-T0.6-D1,0.2,1.5,0.5,0.0,0.6,1,0.03299179345519535,0.25,0.025129793762732607,0.0,0.25,0.02510354281788396,0.02174146664900388,0.03212359531978279,0.6589962039659946,0.8651669350842981,0.9989553855834832,True,0.4375,0.5,True,False,240,18
H0.2-I1.5-N0.5-S0-T0.6-D3,0.2,1.5,0.5,0.0,0.6,3,0.03299179345519535,0.25,0.023800268574465717,0.0,0.25,0.023774326149873737,0.01996540583889398,0.03212359531978279,0.605162791953341,0.8388731318903688,0.9989099944603225,True,0.2791666666666667,0.5,True,False,240,17
H0.2-I1.5-N0.5-S0-T0.9-D0,0.2,1.5,0.5,0.0,0.9,0,0.07338202635085575,0.5,0.04705994823770214,0.0,0.5,0.04703174042819977,0.039724063634458705,0.06798459261140122,0.5413323344946778,0.8441161778124039,0.9994005983738041,True,0.5833333333333334,0.5,True,False,240,18
H0.2-I1.5-N0.5-S0-T0.9-D1,0.2,1.5,0.5,0.0,0.9,1,0.07338202635085575,0.5,0.04378997195759658,0.0,0.5,0.0437623886900033,0.03858376397810545,0.06798459261140122,0.525793111703238,0.8811095840725248,0.9993701008162327,True,0.5208333333333334,0.5,True,False,240,18
H0.2-I1.5-N0.5-S0-T0.9-D3,0.2,1.5,0.5,0.0,0.9,3,0.07338202635085575,0.5,0.0392022557122062,0.1,0.5,0.039127909294362925,0.034827336025667066,0.06798459261140122,0.47460308412784685,0.8884013277537767,0.9981035168386975,True,0.3416666666666666,0.5625,True,False,240,17
H0.2-I1.5-N0.5-S0.5-T0-D0,0.2,1.5,0.5,0.5,0.0,0,0.01020408871192565,0.1,0.01019026699444417,0.0,0.1,0.010182482282710603,0.009786493424089278,0.010204100489932758,0.9590756901840413,0.960376546505108,0.9992360640071737,True,0.2791666666666667,0.125,True,False,240,18
H0.2-I1.5-N0.5-S0.5-T0-D1,0.2,1.5,0.5,0.5,0.0,1,0.01020408871192565,0.1,0.009788598284785354,0.0,0.1,0.009780840373155924,0.009413515563178031,0.010204100489932758,0.9225238851732378,0.9616816718088919,0.9992074542846968,True,0.20833333333333334,0.15,True,False,240,18
H0.2-I1.5-N0.5-S0.5-T0-D3,0.2,1.5,0.5,0.5,0.0,3,0.01020408871192565,0.1,0.009329164363484643,0.0,0.1,0.009321487260571729,0.008771184719057329,0.010204100489932758,0.859575506121025,0.9401897509050965,0.9991770856837979,True,0.13333333333333333,0.17500000000000002,True,False,240,17
H0.2-I1.5-N0.5-S0.5-T0.6-D0,0.2,1.5,0.5,0.5,0.6,0,0.03299179345519535,0.1,0.03130255042074617,0.0,0.1,0.031294815208930564,0.028618826412406463,0.03212359531978279,0.8674528849506888,0.9142650048552902,0.9997528887674763,True,0.35833333333333334,0.3,True,False,240,18
H0.2-I1.5-N0.5-S0.5-T0.6-D1,0.2,1.5,0.5,0.5,0.6,1,0.03299179345519535,0.25,0.029027185808485793,0.0,0.25,0.029001065406261524,0.026792868762769654,0.03212359531978279,0.8121070713890054,0.9230267425696169,0.9991001400412495,True,0.29583333333333334,0.3,True,False,240,18
H0.2-I1.5-N0.5-S0.5-T0.6-D3,0.2,1.5,0.5,0.5,0.6,3,0.03299179345519535,0.25,0.025700462578162865,0.0,0.25,0.025677869452905597,0.023407386497901368,0.03212359531978279,0.7094911808807809,0.9107768557360568,0.9991209058907576,True,0.2041666666666667,0.375,True,False,240,17
H0.2-I1.5-N0.5-S0.5-T0.9-D0,0.2,1.5,0.5,0.5,0.9,0,0.07338202635085575,0.25,0.06536895259663152,0.0,0.25,0.06534260513445996,0.05740816322624348,0.06798459261140122,0.7823191329135872,0.878217578006623,0.9995969422619613,True,0.4583333333333333,0.5,True,False,240,18
H0.2-I1.5-N0.5-S0.5-T0.9-D1,0.2,1.5,0.5,0.5,0.9,1,0.07338202635085575,0.25,0.059311298317971994,0.0,0.25,0.0592856229651242,0.05416686915962109,0.06798459261140122,0.7381489971486651,0.9132639260268547,0.9995671085682504,True,0.4041666666666666,0.375,True,False,240,18
H0.2-I1.5-N0.5-S0.5-T0.9-D3,0.2,1.5,0.5,0.5,0.9,3,0.07338202635085575,0.5,0.048118013244673685,0.25,0.5,0.04806919856903574,0.04380842691181558,0.06798459261140122,0.5969912400941039,0.9104371514479529,0.9989855217963858,True,0.2791666666666667,0.375,True,False,240,17
H0.2-I1.5-N0.5-S0.9-T0-D0,0.2,1.5,0.5,0.9,0.0,0,0.01020408871192565,0.0,0.01020408871192565,0.0,0.0,0.01020408871192565,0.010202478036948917,0.010204100489932758,0.9998421539617888,0.9998421539617888,1.0,True,0.21666666666666667,0.03333333333333333,True,False,240,18
H0.2-I1.5-N0.5-S0.9-T0-D1,0.2,1.5,0.5,0.9,0.0,1,0.01020408871192565,0.1,0.010195982694429614,0.0,0.1,0.01018822145404868,0.009955257952568077,0.010204100489932758,0.9756146025007837,0.976390236323856,0.999238794276772,True,0.18333333333333335,0.125,True,False,240,18
H0.2-I1.5-N0.5-S0.9-T0-D3,0.2,1.5,0.5,0.9,0.0,3,0.01020408871192565,0.1,0.009515982262950636,0.0,0.1,0.009508371176946109,0.009125738303652854,0.010204100489932758,0.8943217333055411,0.9589906802561885,0.9992001786264187,True,0.13333333333333333,0.17500000000000002,True,False,240,17
H0.2-I1.5-N0.5-S0.9-T0.6-D0,0.2,1.5,0.5,0.9,0.6,0,0.03299179345519535,0.0,0.03299179345519535,0.0,0.0,0.03299179345519535,0.03199066872844106,0.03212359531978279,0.9696553408618457,0.9696553408618457,1.0,True,0.23750000000000002,0.075,True,False,240,18
H0.2-I1.5-N0.5-S0.9-T0.6-D1,0.2,1.5,0.5,0.9,0.6,1,0.03299179345519535,0.1,0.03132101789821526,0.0,0.1,0.03131336573688191,0.03023415997602373,0.03212359531978279,0.9164145628240357,0.9652994061136991,0.999755686058537,True,0.225,0.17500000000000002,True,False,240,18
H0.2-I1.5-N0.5-S0.9-T0.6-D3,0.2,1.5,0.5,0.9,0.6,3,0.03299179345519535,0.25,0.02722061778112058,0.0,0.25,0.027200704095331086,0.025270975794698967,0.03212359531978279,0.7659776310438633,0.9283762770522487,0.9992684337310189,True,0.18333333333333335,0.3,True,False,240,17
H0.2-I1.5-N0.5-S0.9-T0.9-D0,0.2,1.5,0.5,0.9,0.9,0,0.07338202635085575,0.1,0.07303938590795961,0.0,0.1,0.07303161091109582,0.06728103462435728,0.06798459261140122,0.9168598629679661,0.9211610118017873,0.999893550626595,True,0.2791666666666667,0.14166666666666666,True,False,240,18
H0.2-I1.5-N0.5-S0.9-T0.9-D1,0.2,1.5,0.5,0.9,0.9,1,0.07338202635085575,0.25,0.06624632135921285,0.0,0.25,0.06622087829403263,0.06327018004960938,0.06798459261140122,0.8622026836258324,0.9550746177517436,0.9996159324071406,True,0.26666666666666666,0.3,True,False,240,18
H0.2-I1.5-N0.5-S0.9-T0.9-D3,0.2,1.5,0.5,0.9,0.9,3,0.07338202635085575,0.5,0.05525061927064767,0.25,0.5,0.055221674414145785,0.049213496950768855,0.06798459261140122,0.6706478329648218,0.8907320424716744,0.9994761170664875,True,0.22916666666666666,0.375,True,False,240,17
H0.2-I1.5-N1-S0-T0-D0,0.2,1.5,1.0,0.0,0.0,0,0.02040817031303114,0.25,0.017855129491680104,0.0,0.25,0.017828728002605067,0.015347397366531727,0.020408182038551586,0.7520222112578129,0.859551165601073,0.9985213498962672,True,0.4124999999999999,0.3,True,False,240,18
H0.2-I1.5-N1-S0-T0-D1,0.2,1.5,1.0,0.0,0.0,1,0.02040817031303114,0.25,0.01718127494524655,0.0,0.25,0.01715493513591314,0.014833189007481505,0.020408182038551586,0.7268260103655708,0.8633345927326145,0.9984669467535239,True,0.33749999999999997,0.3,True,False,240,18
H0.2-I1.5-N1-S0-T0-D3,0.2,1.5,1.0,0.0,0.0,3,0.02040817031303114,0.25,0.016359593077721547,0.0,0.25,0.01633274332995317,0.013973903624856492,0.020408182038551586,0.6847210411574132,0.8541718341323611,0.9983587765514204,True,0.23750000000000002,0.3,True,False,240,17
H0.2-I1.5-N1-S0-T0.6-D0,0.2,1.5,1.0,0.0,0.6,0,0.06598357979957054,0.5,0.0438632205990587,0.0,0.5,0.04383500913940239,0.03793140933593278,0.06424717169825164,0.5748613435517129,0.8647657152823562,0.9993568310928606,True,0.5625,0.5,True,False,240,18
H0.2-I1.5-N1-S0-T0.6-D1,0.2,1.5,1.0,0.0,0.6,1,0.06598357979957054,0.5,0.040922936216890235,0.0,0.5,0.040895278623953354,0.036376214821592256,0.06424717169825164,0.5512919264472677,0.8888955237424679,0.9993241542398058,True,0.5208333333333334,0.5,True,False,240,18
H0.2-I1.5-N1-S0-T0.6-D3,0.2,1.5,1.0,0.0,0.6,3,0.06598357979957054,0.5,0.036806837480504874,0.1,0.5,0.03672895728884666,0.03282646047666067,0.06424717169825164,0.4974943853663776,0.8918576743804069,0.9978840835836694,True,0.3416666666666666,0.5,True,False,240,17
H0.2-I1.5-N1-S0-T0.9-D0,0.2,1.5,1.0,0.0,0.9,0,0.14676404559089135,0.75,0.07441139511970302,0.0,0.75,0.07440422111134337,0.06549012911772475,0.13596916628148853,0.4462273362256599,0.8801088732763721,0.9999035899226442,True,0.7291666666666666,0.75,True,False,240,18
H0.2-I1.5-N1-S0-T0.9-D1,0.2,1.5,1.0,0.0,0.9,1,0.14676404559089135,0.75,0.06943969062773031,0.0,0.75,0.06943413542656633,0.06404744958346503,0.13596916628148853,0.4363974114068713,0.922346413189348,0.9999199996268163,True,0.625,0.625,True,False,240,18
H0.2-I1.5-N1-S0-T0.9-D3,0.2,1.5,1.0,0.0,0.9,3,0.14676404559089135,0.75,0.06215160932302036,0.25,0.75,0.06067218537517459,0.05419233490591002,0.13596916628148853,0.36924803133985956,0.8719377582687582,0.9761965303238286,True,0.3958333333333333,0.625,True,False,240,17
H0.2-I1.5-N1-S0.5-T0-D0,0.2,1.5,1.0,0.5,0.0,0,0.02040817031303114,0.1,0.01964411350047632,0.0,0.1,0.019636350954257354,0.01899911294410697,0.020408182038551586,0.9309562127661956,0.9671657081214833,0.9996048411032252,True,0.33749999999999997,0.3,True,False,240,18
H0.2-I1.5-N1-S0.5-T0-D1,0.2,1.5,1.0,0.5,0.0,1,0.02040817031303114,0.1,0.01884077048578748,0.0,0.1,0.01883306474729801,0.01771802029085288,0.020408182038551586,0.8681826944348593,0.9404084776797454,0.9995910072523159,True,0.275,0.3,True,False,240,18
H0.2-I1.5-N1-S0.5-T0-D3,0.2,1.5,1.0,0.5,0.0,3,0.02040817031303114,0.25,0.0175350210748153,0.0,0.25,0.017510243147187927,0.015539836303074636,0.020408182038551586,0.7614517158920441,0.8862171443519818,0.9985869462305373,True,0.18333333333333335,0.3,True,False,240,17
H0.2-I1.5-N1-S0.5-T0.6-D0,0.2,1.5,1.0,0.5,0.6,0,0.06598357979957054,0.25,0.0592109452408528,0.0,0.25,0.05918458550456318,0.05464312180957714,0.06424717169825164,0.8281321197722102,0.9228550834192042,0.9995548164924172,True,0.4583333333333333,0.5,True,False,240,18
H0.2-I1.5-N1-S0.5-T0.6-D1,0.2,1.5,1.0,0.5,0.6,1,0.06598357979957054,0.25,0.0537640317712962,0.0,0.25,0.053738274896907454,0.050532047051145584,0.06424717169825164,0.765827607484165,0.9398857449177366,0.9995209274018305,True,0.425,0.375,True,False,240,18
H0.2-I1.5-N1-S0.5-T0.6-D3,0.2,1.5,1.0,0.5,0.6,3,0.06598357979957054,0.5,0.044823699667064634,0.25,0.5,0.04477070946786754,0.041298960740980765,0.06424717169825164,0.6258975470325963,0.9213643908855261,0.9988178084452938,True,0.2791666666666667,0.375,True,False,240,17
H0.2-I1.5-N1-S0.5-T0.9-D0,0.2,1.5,1.0,0.5,0.9,0,0.14676404559089135,0.5,0.12044196747773774,0.0,0.5,0.12041375966823537,0.10770863730454598,0.13596916628148853,0.7338898084397772,0.8942782948514574,0.9997657975032035,True,0.5833333333333334,0.5,True,False,240,18
H0.2-I1.5-N1-S0.5-T0.9-D1,0.2,1.5,1.0,0.5,0.9,1,0.14676404559089135,0.5,0.10409170087992986,0.0,0.5,0.10406692159995233,0.1019258072905973,0.13596916628148853,0.6944875829787235,0.9791924469383883,0.9997619475926701,True,0.4791666666666667,0.5,True,False,240,18
H0.2-I1.5-N1-S0.5-T0.9-D3,0.2,1.5,1.0,0.5,0.9,3,0.14676404559089135,0.5,0.08079289717592597,0.25,0.5,0.08078549772820527,0.07844384342572337,0.13596916628148853,0.5344895141715271,0.9709249967223288,0.9999084146257983,True,0.3125,0.625,True,False,240,17
H0.2-I1.5-N1-S0.9-T0-D0,0.2,1.5,1.0,0.9,0.0,0,0.02040817031303114,0.0,0.02040817031303114,0.0,0.0,0.02040817031303114,0.020333529771959874,0.020408182038551586,0.9963426147505441,0.9963426147505441,1.0,True,0.21666666666666667,0.049999999999999996,True,False,240,18
H0.2-I1.5-N1-S0.9-T0-D1,0.2,1.5,1.0,0.9,0.0,1,0.02040817031303114,0.1,0.019655539305076,0.0,0.1,0.01964782690908352,0.019396596998228644,0.020408182038551586,0.9504329246920985,0.9868259881945604,0.9996076222650128,True,0.21666666666666667,0.15,True,False,240,18
H0.2-I1.5-N1-S0.9-T0-D3,0.2,1.5,1.0,0.9,0.0,3,0.02040817031303114,0.1,0.018295458800547365,0.0,0.1,0.018288110374715966,0.016796439766657935,0.020408182038551586,0.8230252643439073,0.9180660594395926,0.9995983470044939,True,0.1625,0.3,True,False,240,17
H0.2-I1.5-N1-S0.9-T0.6-D0,0.2,1.5,1.0,0.9,0.6,0,0.06598357979957054,0.1,0.06574973061234597,0.0,0.1,0.06574195240127084,0.06360344758834807,0.06424717169825164,0.9639284164567568,0.9673567784383456,0.9998816997270911,True,0.2791666666666667,0.1416666666666667,True,False,240,18
H0.2-I1.5-N1-S0.9-T0.6-D1,0.2,1.5,1.0,0.9,0.6,1,0.06598357979957054,0.25,0.05999985904450129,0.0,0.25,0.059974311038311565,0.05878978716676365,0.06424717169825164,0.8909760177508025,0.9798320879914044,0.9995741988965212,True,0.28750000000000003,0.3,True,False,240,18
H0.2-I1.5-N1-S0.9-T0.6-D3,0.2,1.5,1.0,0.9,0.6,3,0.06598357979957054,0.25,0.050148955543461965,0.0,0.25,0.050137449419492996,0.04621198753744456,0.06424717169825164,0.7003558715337438,0.9214945164190826,0.9997705610447062,True,0.22916666666666666,0.375,True,False,240,17
H0.2-I1.5-N1-S0.9-T0.9-D0,0.2,1.5,1.0,0.9,0.9,0,0.14676404559089135,0.1,0.1453423513275072,0.0,0.1,0.1453346082110278,0.1333478227502685,0.13596916628148853,0.9085864471328289,0.9174739608401489,0.9999467249813377,True,0.35833333333333334,0.3,True,False,240,18
H0.2-I1.5-N1-S0.9-T0.9-D1,0.2,1.5,1.0,0.9,0.9,1,0.14676404559089135,0.25,0.1282023028727503,0.0,0.25,0.12817790067244964,0.12359658498385898,0.13596916628148853,0.8421448488030081,0.9640746087575133,0.9998096586429895,True,0.3,0.375,True,False,240,18
H0.2-I1.5-N1-S0.9-T0.9-D3,0.2,1.5,1.0,0.9,0.9,3,0.14676404559089135,0.5,0.09505810922787396,0.5,0.5,0.09505810922787396,0.09291782098102869,0.13596916628148853,0.6331102458161965,0.9774844222735952,1.0,True,0.25833333333333336,0.4375,True,False,240,17
H0.5-I0.5-N0.1-S0-T0-D0,0.5,0.5,0.1,0.0,0.0,0,0.002040818059280376,0.0,0.002040818059280376,0.0,0.0,0.002040818059280376,0.002040820784774613,0.0020408209421103247,1.0000013354910422,1.0000013354910422,1.0,True,0.020833333333333332,0.0,True,False,240,13
H0.5-I0.5-N0.1-S0-T0-D1,0.5,0.5,0.1,0.0,0.0,1,0.002040818059280376,0.0,0.002040818059280376,0.0,0.0,0.002040818059280376,0.0020408207882214777,0.0020408209421103247,1.0000013371800045,1.0000013371800045,1.0,True,0.041666666666666664,0.0,True,False,240,13
H0.5-I0.5-N0.1-S0-T0-D3,0.5,0.5,0.1,0.0,0.0,3,0.002040818059280376,0.0,0.002040818059280376,0.0,0.0,0.002040818059280376,0.002040820491381288,0.0020408209421103247,1.000001191728435,1.000001191728435,1.0,True,0.016666666666666666,0.0,True,False,240,14
H0.5-I0.5-N0.1-S0-T0.6-D0,0.5,0.5,0.1,0.0,0.6,0,0.006598359007934317,0.0,0.006598359007934317,0.0,0.0,0.006598359007934317,0.006365407781444429,0.006424719908080331,0.9646955817030005,0.9646955817030005,1.0,True,0.0375,0.03333333333333333,True,False,240,18
H0.5-I0.5-N0.1-S0-T0.6-D1,0.5,0.5,0.1,0.0,0.6,1,0.006598359007934317,0.0,0.006598359007934317,0.0,0.0,0.006598359007934317,0.006387149679677549,0.006424719908080331,0.9679906279723798,0.9679906279723798,1.0,True,0.06666666666666667,0.049999999999999996,True,False,240,18
H0.5-I0.5-N0.1-S0-T0.6-D3,0.5,0.5,0.1,0.0,0.6,3,0.006598359007934317,0.0,0.006598359007934317,0.0,0.0,0.006598359007934317,0.006322325521495426,0.006424719908080331,0.958166343160933,0.958166343160933,1.0,True,0.07916666666666666,0.049999999999999996,True,False,240,18
H0.5-I0.5-N0.1-S0-T0.9-D0,0.5,0.5,0.1,0.0,0.9,0,0.014676405587066396,0.0,0.014676405587066396,0.0,0.0,0.014676405587066396,0.01306818723639914,0.013596919366404017,0.8904215108306559,0.8904215108306559,1.0,True,0.06666666666666667,0.049999999999999996,True,False,240,18
H0.5-I0.5-N0.1-S0-T0.9-D1,0.5,0.5,0.1,0.0,0.9,1,0.014676405587066396,0.0,0.014676405587066396,0.0,0.0,0.014676405587066396,0.012996590809023392,0.013596919366404017,0.8855431755358858,0.8855431755358858,1.0,True,0.06666666666666667,0.049999999999999996,True,False,240,18
H0.5-I0.5-N0.1-S0-T0.9-D3,0.5,0.5,0.1,0.0,0.9,3,0.014676405587066396,0.0,0.014676405587066396,0.0,0.0,0.014676405587066396,0.012850864661184994,0.013596919366404017,0.8756138950336613,0.8756138950336613,1.0,True,0.10000000000000002,0.049999999999999996,True,False,240,18
H0.5-I0.5-N0.1-S0.5-T0-D0,0.5,0.5,0.1,0.5,0.0,0,0.002040818059280376,0.0,0.002040818059280376,0.0,0.0,0.002040818059280376,0.002040820799425144,0.0020408209421103247,1.0000013426697965,1.0000013426697965,1.0,True,0.020833333333333332,0.0,True,False,240,13
H0.5-I0.5-N0.1-S0.5-T0-D1,0.5,0.5,0.1,0.5,0.0,1,0.002040818059280376,0.0,0.002040818059280376,0.0,0.0,0.002040818059280376,0.0020408208010988414,0.0020408209421103247,1.0000013434899073,1.0000013434899073,1.0,True,0.020833333333333332,0.0,True,False,240,13
H0.5-I0.5-N0.1-S0.5-T0-D3,0.5,0.5,0.1,0.5,0.0,3,0.002040818059280376,0.0,0.002040818059280376,0.0,0.0,0.002040818059280376,0.0020408205424148756,0.0020408209421103247,1.0000012167348717,1.0000012167348717,1.0,True,0.016666666666666666,0.0,True,False,240,14
H0.5-I0.5-N0.1-S0.5-T0.6-D0,0.5,0.5,0.1,0.5,0.6,0,0.006598359007934317,0.0,0.006598359007934317,0.0,0.0,0.006598359007934317,0.00642471973392419,0.006424719908080331,0.973684476124847,0.973684476124847,1.0,True,0.020833333333333332,0.0,True,False,240,13
H0.5-I0.5-N0.1-S0.5-T0.6-D1,0.5,0.5,0.1,0.5,0.6,1,0.006598359007934317,0.0,0.006598359007934317,0.0,0.0,0.006598359007934317,0.006424555392005054,0.006424719908080331,0.9736595696414412,0.9736595696414412,1.0,True,0.041666666666666664,0.016666666666666666,True,False,240,15
H0.5-I0.5-N0.1-S0.5-T0.6-D3,0.5,0.5,0.1,0.5,0.6,3,0.006598359007934317,0.0,0.006598359007934317,0.0,0.0,0.006598359007934317,0.006402140193639731,0.006424719908080331,0.9702624828296491,0.9702624828296491,1.0,True,0.07083333333333333,0.049999999999999996,True,False,240,18
H0.5-I0.5-N0.1-S0.5-T0.9-D0,0.5,0.5,0.1,0.5,0.9,0,0.014676405587066396,0.0,0.014676405587066396,0.0,0.0,0.014676405587066396,0.01357100806252527,0.013596919366404017,0.9246819994184913,0.9246819994184913,1.0,True,0.04583333333333333,0.049999999999999996,True,False,240,18
H0.5-I0.5-N0.1-S0.5-T0.9-D1,0.5,0.5,0.1,0.5,0.9,1,0.014676405587066396,0.0,0.014676405587066396,0.0,0.0,0.014676405587066396,0.013392869208772204,0.013596919366404017,0.9125442281708739,0.9125442281708739,1.0,True,0.06666666666666667,0.049999999999999996,True,False,240,18
H0.5-I0.5-N0.1-S0.5-T0.9-D3,0.5,0.5,0.1,0.5,0.9,3,0.014676405587066396,0.0,0.014676405587066396,0.0,0.0,0.014676405587066396,0.013030738567496421,0.013596919366404017,0.8878698868188666,0.8878698868188666,1.0,True,0.07916666666666666,0.049999999999999996,True,False,240,18
H0.5-I0.5-N0.1-S0.9-T0-D0,0.5,0.5,0.1,0.9,0.0,0,0.002040818059280376,0.0,0.002040818059280376,0.0,0.0,0.002040818059280376,0.002040820811145569,0.0020408209421103247,1.0000013484127999,1.0000013484127999,1.0,True,0.020833333333333332,0.0,True,False,240,13
H0.5-I0.5-N0.1-S0.9-T0-D1,0.5,0.5,0.1,0.9,0.0,1,0.002040818059280376,0.0,0.002040818059280376,0.0,0.0,0.002040818059280376,0.0020408208096334623,0.0020408209421103247,1.000001347671868,1.000001347671868,1.0,True,0.020833333333333332,0.0,True,False,240,13
H0.5-I0.5-N0.1-S0.9-T0-D3,0.5,0.5,0.1,0.9,0.0,3,0.002040818059280376,0.0,0.002040818059280376,0.0,0.0,0.002040818059280376,0.002040820608738671,0.0020408209421103247,1.000001249233504,1.000001249233504,1.0,True,0.008333333333333333,0.0,True,False,240,13
H0.5-I0.5-N0.1-S0.9-T0.6-D0,0.5,0.5,0.1,0.9,0.6,0,0.006598359007934317,0.0,0.006598359007934317,0.0,0.0,0.006598359007934317,0.006424719770821384,0.006424719908080331,0.9736844817167212,0.9736844817167212,1.0,True,0.020833333333333332,0.0,True,False,240,13
H0.5-I0.5-N0.1-S0.9-T0.6-D1,0.5,0.5,0.1,0.9,0.6,1,0.006598359007934317,0.0,0.006598359007934317,0.0,0.0,0.006598359007934317,0.006424719750447617,0.006424719908080331,0.9736844786290191,0.9736844786290191,1.0,True,0.020833333333333332,0.0,True,False,240,13
H0.5-I0.5-N0.1-S0.9-T0.6-D3,0.5,0.5,0.1,0.9,0.6,3,0.006598359007934317,0.0,0.006598359007934317,0.0,0.0,0.006598359007934317,0.006383590540418138,0.006424719908080331,0.967451230335008,0.967451230335008,1.0,True,0.05833333333333333,0.025000000000000005,True,False,240,18
H0.5-I0.5-N0.1-S0.9-T0.9-D0,0.5,0.5,0.1,0.9,0.9,0,0.014676405587066396,0.0,0.014676405587066396,0.0,0.0,0.014676405587066396,0.01359691921884757,0.013596919366404017,0.9264474968469033,0.9264474968469033,1.0,True,0.020833333333333332,0.0,True,False,240,13
H0.5-I0.5-N0.1-S0.9-T0.9-D1,0.5,0.5,0.1,0.9,0.9,1,0.014676405587066396,0.0,0.014676405587066396,0.0,0.0,0.014676405587066396,0.013589743394123516,0.013596919366404017,0.9259585607323021,0.9259585607323021,1.0,True,0.049999999999999996,0.025000000000000005,True,False,240,17
H0.5-I0.5-N0.1-S0.9-T0.9-D3,0.5,0.5,0.1,0.9,0.9,3,0.014676405587066396,0.0,0.014676405587066396,0.0,0.0,0.014676405587066396,0.013174613549259678,0.013596919366404017,0.8976730352062378,0.8976730352062378,1.0,True,0.07916666666666666,0.049999999999999996,True,False,240,18
H0.5-I0.5-N0.5-S0-T0-D0,0.5,0.5,0.5,0.0,0.0,0,0.010204083340164767,0.0,0.010204083340164767,0.0,0.0,0.010204083340164767,0.009926390020173882,0.010204086181005385,0.9727860591947692,0.9727860591947692,1.0,True,0.06666666666666667,0.049999999999999996,True,False,240,18
H0.5-I0.5-N0.5-S0-T0-D1,0.5,0.5,0.5,0.0,0.0,1,0.010204083340164767,0.0,0.010204083340164767,0.0,0.0,0.010204083340164767,0.00985908148763536,0.010204086181005385,0.9661898241097826,0.9661898241097826,1.0,True,0.06666666666666667,0.049999999999999996,True,False,240,18
H0.5-I0.5-N0.5-S0-T0-D3,0.5,0.5,0.5,0.0,0.0,3,0.010204083340164767,0.0,0.010204083340164767,0.0,0.0,0.010204083340164767,0.00975925730712876,0.010204086181005385,0.9564070560571466,0.9564070560571466,1.0,True,0.10000000000000002,0.049999999999999996,True,False,240,18
H0.5-I0.5-N0.5-S0-T0.6-D0,0.5,0.5,0.5,0.0,0.6,0,0.03299178808343447,0.1,0.0327430588693015,0.0,0.1,0.03269440921736559,0.02947182822779889,0.03212358101085541,0.8933079999564197,0.9000939205295332,0.998514199539814,True,0.125,0.125,True,False,240,18
H0.5-I0.5-N0.5-S0-T0.6-D1,0.5,0.5,0.5,0.0,0.6,1,0.03299178808343447,0.1,0.03222358293762158,0.0,0.1,0.032174971737497005,0.029063550520401764,0.03212358101085541,0.8809328687157422,0.9019341696627279,0.9984914402529763,True,0.14583333333333334,0.125,True,False,240,18
H0.5-I0.5-N0.5-S0-T0.6-D3,0.5,0.5,0.5,0.0,0.6,3,0.03299178808343447,0.1,0.031629312991934735,0.0,0.1,0.03158088155835853,0.028350953493486132,0.03212358101085541,0.8593336445356671,0.896350594169258,0.9984687800968503,True,0.1625,0.125,True,False,240,18
H0.5-I0.5-N0.5-S0-T0.9-D0,0.5,0.5,0.5,0.0,0.9,0,0.07338202097909487,0.1,0.06719406638416385,0.0,0.1,0.06714559220520668,0.05768555055749647,0.06798457830247386,0.7860992350419181,0.8584917338935104,0.9992785943526615,True,0.275,0.3,True,False,240,18
H0.5-I0.5-N0.5-S0-T0.9-D1,0.5,0.5,0.5,0.0,0.9,1,0.07338202097909487,0.1,0.06603862067636582,0.0,0.1,0.06599023246020722,0.05646425203172327,0.06798457830247386,0.7694562139111548,0.8550186459592566,0.999267273972972,True,0.2708333333333333,0.3,True,False,240,18
H0.5-I0.5-N0.5-S0-T0.9-D3,0.5,0.5,0.5,0.0,0.9,3,0.07338202097909487,0.1,0.06471680422336452,0.0,0.1,0.06466882451288883,0.05330463066703975,0.06798457830247386,0.7263990546434421,0.8236598099477126,0.9992586205228846,True,0.2541666666666667,0.3,True,False,240,18
H0.5-I0.5-N0.5-S0.5-T0-D0,0.5,0.5,0.5,0.5,0.0,0,0.010204083340164767,0.0,0.010204083340164767,0.0,0.0,0.010204083340164767,0.01017944026330941,0.010204086181005385,0.9975849788722954,0.9975849788722954,1.0,True,0.029166666666666664,0.03333333333333333,True,False,240,16
H0.5-I0.5-N0.5-S0.5-T0-D1,0.5,0.5,0.5,0.5,0.0,1,0.010204083340164767,0.0,0.010204083340164767,0.0,0.0,0.010204083340164767,0.010136146508859417,0.010204086181005385,0.9933421916461677,0.9933421916461677,1.0,True,0.06666666666666667,0.049999999999999996,True,False,240,18
H0.5-I0.5-N0.5-S0.5-T0-D3,0.5,0.5,0.5,0.5,0.0,3,0.010204083340164767,0.0,0.010204083340164767,0.0,0.0,0.010204083340164767,0.009888196263281785,0.010204086181005385,0.9690430716456809,0.9690430716456809,1.0,True,0.07916666666666666,0.049999999999999996,True,False,240,18
H0.5-I0.5-N0.5-S0.5-T0.6-D0,0.5,0.5,0.5,0.5,0.6,0,0.03299178808343447,0.0,0.03299178808343447,0.0,0.0,0.03299178808343447,0.03141295017373238,0.03212358101085541,0.9521445183356145,0.9521445183356145,1.0,True,0.075,0.049999999999999996,True,False,240,18
H0.5-I0.5-N0.5-S0.5-T0.6-D1,0.5,0.5,0.5,0.5,0.6,1,0.03299178808343447,0.0,0.03299178808343447,0.0,0.0,0.03299178808343447,0.0310910789856811,0.03212358101085541,0.942388418204355,0.942388418204355,1.0,True,0.1125,0.075,True,False,240,18
H0.5-I0.5-N0.5-S0.5-T0.6-D3,0.5,0.5,0.5,0.5,0.6,3,0.03299178808343447,0.1,0.032384336381768665,0.0,0.1,0.032336171755121025,0.029401058165438407,0.03212358101085541,0.8911629188173948,0.9078789763927432,0.9985127184302979,True,0.15416666666666667,0.125,True,False,240,18
H0.5-I0.5-N0.5-S0.5-T0.9-D0,0.5,0.5,0.5,0.5,0.9,0,0.07338202097909487,0.1,0.07258933548660391,0.0,0.1,0.07254070190572481,0.0650179172025141,0.06798457830247386,0.8860197134804513,0.8956951701880906,0.9993300175493675,True,0.125,0.125,True,False,240,18
H0.5-I0.5-N0.5-S0.5-T0.9-D1,0.5,0.5,0.5,0.5,0.9,1,0.07338202097909487,0.1,0.06970072028454695,0.0,0.1,0.06965230214525117,0.06308451515758647,0.06798457830247386,0.8596726325588394,0.905076947555916,0.9993053423393888,True,0.13333333333333333,0.15,True,False,240,18
H0.5-I0.5-N0.5-S0.5-T0.9-D3,0.5,0.5,0.5,0.5,0.9,3,0.07338202097909487,0.1,0.06639616587844861,0.0,0.1,0.06634877961359487,0.05833617979229727,0.06798457830247386,0.7949655653244564,0.878607657844178,0.9992863102224834,True,0.23333333333333336,0.23750000000000002,True,False,240,18
H0.5-I0.5-N0.5-S0.9-T0-D0,0.5,0.5,0.5,0.9,0.0,0,0.010204083340164767,0.0,0.010204083340164767,0.0,0.0,0.010204083340164767,0.010204086038320206,0.010204086181005385,1.0000002644191888,1.0000002644191888,1.0,True,0.020833333333333332,0.0,True,False,240,13
H0.5-I0.5-N0.5-S0.9-T0-D1,0.5,0.5,0.5,0.9,0.0,1,0.010204083340164767,0.0,0.010204083340164767,0.0,0.0,0.010204083340164767,0.010204085987462032,0.010204086181005385,1.0000002594350885,1.0000002594350885,1.0,True,0.041666666666666664,0.0,True,False,240,13
H0.5-I0.5-N0.5-S0.9-T0-D3,0.5,0.5,0.5,0.9,0.0,3,0.010204083340164767,0.0,0.010204083340164767,0.0,0.0,0.010204083340164767,0.009991323292278151,0.010204086181005385,0.9791495187961509,0.9791495187961509,1.0,True,0.07916666666666666,0.049999999999999996,True,False,240,18
H0.5-I0.5-N0.5-S0.9-T0.6-D0,0.5,0.5,0.5,0.9,0.6,0,0.03299178808343447,0.0,0.03299178808343447,0.0,0.0,0.03299178808343447,0.03212358083669927,0.03212358101085541,0.9736841408977426,0.9736841408977426,1.0,True,0.020833333333333332,0.0,True,False,240,13
H0.5-I0.5-N0.5-S0.9-T0.6-D1,0.5,0.5,0.5,0.9,0.6,1,0.03299178808343447,0.0,0.03299178808343447,0.0,0.0,0.03299178808343447,0.03163613218403206,0.03212358101085541,0.9589092929436249,0.9589092929436249,1.0,True,0.06666666666666667,0.049999999999999996,True,False,240,18
H0.5-I0.5-N0.5-S0.9-T0.6-D3,0.5,0.5,0.5,0.9,0.6,3,0.03299178808343447,0.1,0.032988355093635804,0.0,0.1,0.03294040391253103,0.03024010582991655,0.03212358101085541,0.9165949342739756,0.916690321299183,0.9985464209728352,True,0.13333333333333333,0.125,True,False,240,18
H0.5-I0.5-N0.5-S0.9-T0.9-D0,0.5,0.5,0.5,0.9,0.9,0,0.07338202097909487,0.0,0.07338202097909487,0.0,0.0,0.07338202097909487,0.06795866699859511,0.06798457830247386,0.9260942406854021,0.9260942406854021,1.0,True,0.04583333333333333,0.049999999999999996,True,False,240,18
H0.5-I0.5-N0.5-S0.9-T0.9-D1,0.5,0.5,0.5,0.9,0.9,1,0.07338202097909487,0.1,0.07263039997109189,0.0,0.1,0.07258195789328634,0.06669179789994141,0.06798457830247386,0.9088302149506161,0.9182353109233304,0.9993330330299044,True,0.09999999999999999,0.08750000000000001,True,False,240,18
H0.5-I0.5-N0.5-S0.9-T0.9-D3,0.5,0.5,0.5,0.9,0.9,3,0.07338202097909487,0.1,0.06773965520251587,0.0,0.1,0.06769274369415967,0.06073275190564981,0.06798457830247386,0.8276244112021854,0.8965612789743602,0.9993074734700678,True,0.19999999999999998,0.17500000000000002,True,False,240,18
H0.5-I0.5-N1-S0-T0-D0,0.5,0.5,1.0,0.0,0.0,0,0.020408164941270256,0.0,0.020408164941270256,0.0,0.0,0.020408164941270256,0.019367369112440993,0.020408167729624217,0.9490010085755176,0.9490010085755176,1.0,True,0.08750000000000001,0.09999999999999999,True,False,240,18
H0.5-I0.5-N1-S0-T0-D1,0.5,0.5,1.0,0.0,0.0,1,0.020408164941270256,0.0,0.020408164941270256,0.0,0.0,0.020408164941270256,0.01944830102534726,0.020408167729624217,0.9529666719822556,0.9529666719822556,1.0,True,0.1125,0.125,True,False,240,18
H0.5-I0.5-N1-S0-T0-D3,0.5,0.5,1.0,0.0,0.0,3,0.020408164941270256,0.0,0.020408164941270256,0.0,0.0,0.020408164941270256,0.01900969218850835,0.020408167729624217,0.9314748407421063,0.9314748407421063,1.0,True,0.13333333333333333,0.125,True,False,240,18
H0.5-I0.5-N1-S0-T0.6-D0,0.5,0.5,1.0,0.0,0.6,0,0.06598357442780967,0.1,0.06088353238959461,0.0,0.1,0.060835026068523805,0.05528762558993302,0.06424715738932427,0.8378998268792075,0.9080883355477257,0.9992032932524281,True,0.2625,0.3,True,False,240,18
H0.5-I0.5-N1-S0-T0.6-D1,0.5,0.5,1.0,0.0,0.6,1,0.06598357442780967,0.1,0.05984457990452686,0.0,0.1,0.059796150843469974,0.053829032942010066,0.06424715738932427,0.8157944368549257,0.8994805047990361,0.9991907527609994,True,0.2708333333333333,0.3,True,False,240,18
H0.5-I0.5-N1-S0-T0.6-D3,0.5,0.5,1.0,0.0,0.6,3,0.06598357442780967,0.1,0.05865603116408977,0.0,0.1,0.05860796870961943,0.05102033195652715,0.06424715738932427,0.7732277676521863,0.8698224367379749,0.9991806050713543,True,0.2541666666666667,0.3,True,False,240,18
H0.5-I0.5-N1-S0-T0.9-D0,0.5,0.5,1.0,0.0,0.9,0,0.14676404021913048,0.25,0.12436494446769003,0.0,0.25,0.12419999891026076,0.10194813455270127,0.13596915197256115,0.6946397387294908,0.8197497694311066,0.9986736973338003,True,0.375,0.425,True,False,240,18
H0.5-I0.5-N1-S0-T0.9-D1,0.5,0.5,1.0,0.0,0.9,1,0.14676404021913048,0.25,0.11951880592350805,0.0,0.25,0.11935440819823548,0.09886677943784411,0.13596915197256115,0.673644438312192,0.8272068874342567,0.9986245032821213,True,0.3458333333333334,0.3,True,False,240,18
H0.5-I0.5-N1-S0-T0.9-D3,0.5,0.5,1.0,0.0,0.9,3,0.14676404021913048,0.25,0.1135959947336552,0.0,0.25,0.11344093862647556,0.0925486426944807,0.13596915197256115,0.6305948143448364,0.8147174811178551,0.9986350213531454,True,0.3666666666666667,0.3,True,False,240,18
H0.5-I0.5-N1-S0.5-T0-D0,0.5,0.5,1.0,0.5,0.0,0,0.020408164941270256,0.0,0.020408164941270256,0.0,0.0,0.020408164941270256,0.02013047156879271,0.020408167729624217,0.9863930258660356,0.9863930258660356,1.0,True,0.06666666666666667,0.049999999999999996,True,False,240,18
H0.5-I0.5-N1-S0.5-T0-D1,0.5,0.5,1.0,0.5,0.0,1,0.020408164941270256,0.0,0.020408164941270256,0.0,0.0,0.020408164941270256,0.019795080352939087,0.020408167729624217,0.9699588576388187,0.9699588576388187,1.0,True,0.06666666666666667,0.049999999999999996,True,False,240,18
H0.5-I0.5-N1-S0.5-T0-D3,0.5,0.5,1.0,0.5,0.0,3,0.020408164941270256,0.0,0.020408164941270256,0.0,0.0,0.020408164941270256,0.019369857428888828,0.020408167729624217,0.9491229360714486,0.9491229360714486,1.0,True,0.12083333333333335,0.08750000000000001,True,False,240,18
H0.5-I0.5-N1-S0.5-T0.6-D0,0.5,0.5,1.0,0.5,0.6,0,0.06598357442780967,0.1,0.0657348452136767,0.0,0.1,0.0656861955617408,0.06159540460626775,0.06424715738932427,0.9334960274644888,0.9370282139715497,0.9992599107554332,True,0.125,0.125,True,False,240,18
H0.5-I0.5-N1-S0.5-T0.6-D1,0.5,0.5,1.0,0.5,0.6,1,0.06598357442780967,0.1,0.06313746306844548,0.0,0.1,0.0630890071011312,0.05944799456580384,0.06424715738932427,0.9009514122464496,0.9415645114115213,0.9992325322406169,True,0.13333333333333333,0.15,True,False,240,18
H0.5-I0.5-N1-S0.5-T0.6-D3,0.5,0.5,1.0,0.5,0.6,3,0.06598357442780967,0.1,0.060166077943757626,0.0,0.1,0.06011854910314442,0.05527253643813948,0.06424715738932427,0.8376711464549597,0.9186661043421751,0.9992100392407556,True,0.19999999999999998,0.17500000000000002,True,False,240,18
H0.5-I0.5-N1-S0.5-T0.9-D0,0.5,0.5,1.0,0.5,0.9,0,0.14676404021913048,0.1,0.14057608562419943,0.0,0.1,0.14052761144524223,0.12567012422758378,0.13596915197256115,0.8562732672114246,0.8939651696059912,0.9996551747849433,True,0.275,0.3,True,False,240,18
H0.5-I0.5-N1-S0.5-T0.9-D1,0.5,0.5,1.0,0.5,0.9,1,0.14676404021913048,0.1,0.1347988545983776,0.0,0.1,0.13475081165897831,0.11955228991057992,0.13596915197256115,0.8145884355055828,0.886893959646589,0.9996435953440226,True,0.2833333333333334,0.3,True,False,240,18
H0.5-I0.5-N1-S0.5-T0.9-D3,0.5,0.5,1.0,0.5,0.9,3,0.14676404021913048,0.25,0.12204901218979411,0.0,0.25,0.12190885544851453,0.10362374696866367,0.13596915197256115,0.7060567889378427,0.8490338849078273,0.9988516355948738,True,0.2916666666666667,0.3,True,False,240,18
H0.5-I0.5-N1-S0.9-T0-D0,0.5,0.5,1.0,0.9,0.0,0,0.020408164941270256,0.0,0.020408164941270256,0.0,0.0,0.020408164941270256,0.020408167572288503,0.020408167729624217,1.0000001289198834,1.0000001289198834,1.0,True,0.020833333333333332,0.0,True,False,240,13
H0.5-I0.5-N1-S0.9-T0-D1,0.5,0.5,1.0,0.9,0.0,1,0.020408164941270256,0.0,0.020408164941270256,0.0,0.0,0.020408164941270256,0.020238384386897575,0.020408167729624217,0.9916807535189338,0.9916807535189338,1.0,True,0.06666666666666667,0.049999999999999996,True,False,240,18
H0.5-I0.5-N1-S0.9-T0-D3,0.5,0.5,1.0,0.9,0.0,3,0.020408164941270256,0.0,0.020408164941270256,0.0,0.0,0.020408164941270256,0.019505305219971215,0.020408167729624217,0.9557598772894451,0.9557598772894451,1.0,True,0.07916666666666666,0.049999999999999996,True,False,240,18
H0.5-I0.5-N1-S0.9-T0.6-D0,0.5,0.5,1.0,0.9,0.6,0,0.06598357442780967,0.0,0.06598357442780967,0.0,0.0,0.06598357442780967,0.06418784526268838,0.06424715738932427,0.9727852093389404,0.9727852093389404,1.0,True,0.0375,0.03333333333333333,True,False,240,18
H0.5-I0.5-N1-S0.9-T0.6-D1,0.5,0.5,1.0,0.9,0.6,1,0.06598357442780967,0.1,0.06577176959958037,0.0,0.1,0.06572329210726018,0.06292036266120565,0.06424715738932427,0.9535761468946281,0.956646948139998,0.9992629437733648,True,0.1125,0.125,True,False,240,18
H0.5-I0.5-N1-S0.9-T0.6-D3,0.5,0.5,1.0,0.9,0.6,3,0.06598357442780967,0.1,0.06137411536749191,0.0,0.1,0.06132701341796443,0.0575449738090099,0.06424715738932427,0.8721105867334886,0.9376098289066306,0.9992325437320693,True,0.19999999999999998,0.17500000000000002,True,False,240,18
H0.5-I0.5-N1-S0.9-T0.9-D0,0.5,0.5,1.0,0.9,0.9,0,0.14676404021913048,0.0,0.14676404021913048,0.0,0.0,0.14676404021913048,0.13544041984255628,0.13596915197256115,0.92284472163844,0.92284472163844,1.0,True,0.06666666666666667,0.049999999999999996,True,False,240,18
H0.5-I0.5-N1-S0.9-T0.9-D1,0.5,0.5,1.0,0.9,0.9,1,0.14676404021913048,0.1,0.14065821397146744,0.0,0.1,0.14061012315504864,0.13067042043706714,0.13596915197256115,0.8903435762736276,0.9289924615676812,0.9996581016134006,True,0.13333333333333333,0.15833333333333335,True,False,240,18
H0.5-I0.5-N1-S0.9-T0.9-D3,0.5,0.5,1.0,0.9,0.9,3,0.14676404021913048,0.25,0.12881142615470523,0.0,0.25,0.1286831889061457,0.11248524693217732,0.13596915197256115,0.7664360204599698,0.8732551939692071,0.9990044575051477,True,0.2708333333333333,0.3,True,False,240,18
H0.5-I1.5-N0.1-S0-T0-D0,0.5,1.5,0.1,0.0,0.0,0,0.002040824242602254,0.0,0.002040824242602254,0.0,0.0,0.002040824242602254,0.002040832715803963,0.0020408374128180902,1.000004151852733,1.000004151852733,1.0,True,0.1125,0.0,True,False,240,14
H0.5-I1.5-N0.1-S0-T0-D1,0.5,1.5,0.1,0.0,0.0,1,0.002040824242602254,0.0,0.002040824242602254,0.0,0.0,0.002040824242602254,0.0020408324644820065,0.0020408374128180902,1.000004028705452,1.000004028705452,1.0,True,0.125,0.0,True,False,240,14
H0.5-I1.5-N0.1-S0-T0-D3,0.5,1.5,0.1,0.0,0.0,3,0.002040824242602254,0.0,0.002040824242602254,0.0,0.0,0.002040824242602254,0.002040831869487255,0.0020408374128180902,1.0000037371591546,1.0000037371591546,1.0,True,0.07083333333333333,0.0,True,False,240,13
H0.5-I1.5-N0.1-S0-T0.6-D0,0.5,1.5,0.1,0.0,0.6,0,0.006598365191256195,0.0,0.006598365191256195,0.0,0.0,0.006598365191256195,0.006424175462615598,0.006424736378788097,0.9736010779046567,0.9736010779046567,1.0,True,0.12083333333333335,0.041666666666666664,True,False,240,18
H0.5-I1.5-N0.1-S0-T0.6-D1,0.5,1.5,0.1,0.0,0.6,1,0.006598365191256195,0.0,0.006598365191256195,0.0,0.0,0.006598365191256195,0.006385144346429365,0.006424736378788097,0.9676858072194339,0.9676858072194339,1.0,True,0.13333333333333333,0.049999999999999996,True,False,240,18
H0.5-I1.5-N0.1-S0-T0.6-D3,0.5,1.5,0.1,0.0,0.6,3,0.006598365191256195,0.0,0.006598365191256195,0.0,0.0,0.006598365191256195,0.006320138234613794,0.006424736378788097,0.9578339560515546,0.9578339560515546,1.0,True,0.07916666666666666,0.049999999999999996,True,False,240,17
H0.5-I1.5-N0.1-S0-T0.9-D0,0.5,1.5,0.1,0.0,0.9,0,0.014676411770388274,0.0,0.014676411770388274,0.0,0.0,0.014676411770388274,0.013069267244084068,0.013596935837111784,0.8904947236798816,0.8904947236798816,1.0,True,0.1416666666666667,0.049999999999999996,True,False,240,18
H0.5-I1.5-N0.1-S0-T0.9-D1,0.5,1.5,0.1,0.0,0.9,1,0.014676411770388274,0.0,0.014676411770388274,0.0,0.0,0.014676411770388274,0.012997214895406945,0.013596935837111784,0.8855853255378576,0.8855853255378576,1.0,True,0.1416666666666667,0.049999999999999996,True,False,240,18
H0.5-I1.5-N0.1-S0-T0.9-D3,0.5,1.5,0.1,0.0,0.9,3,0.014676411770388274,0.0,0.014676411770388274,0.0,0.0,0.014676411770388274,0.01285498469387422,0.013596935837111784,0.8758942509238505,0.8758942509238505,1.0,True,0.09999999999999999,0.049999999999999996,True,False,240,17
H0.5-I1.5-N0.1-S0.5-T0-D0,0.5,1.5,0.1,0.5,0.0,0,0.002040824242602254,0.0,0.002040824242602254,0.0,0.0,0.002040824242602254,0.00204083290550701,0.0020408374128180902,1.0000042448068653,1.0000042448068653,1.0,True,0.1125,0.0,True,False,240,14
H0.5-I1.5-N0.1-S0.5-T0-D1,0.5,1.5,0.1,0.5,0.0,1,0.002040824242602254,0.0,0.002040824242602254,0.0,0.0,0.002040824242602254,0.002040832747276748,0.0020408374128180902,1.0000041672743378,1.0000041672743378,1.0,True,0.125,0.0,True,False,240,14
H0.5-I1.5-N0.1-S0.5-T0-D3,0.5,1.5,0.1,0.5,0.0,3,0.002040824242602254,0.0,0.002040824242602254,0.0,0.0,0.002040824242602254,0.0020408323367041375,0.0020408374128180902,1.000003966094539,1.000003966094539,1.0,True,0.049999999999999996,0.0,True,False,240,13
H0.5-I1.5-N0.1-S0.5-T0.6-D0,0.5,1.5,0.1,0.5,0.6,0,0.006598365191256195,0.0,0.006598365191256195,0.0,0.0,0.006598365191256195,0.006424731463973907,0.006424736378788097,0.9736853414066293,0.9736853414066293,1.0,True,0.1125,0.0,True,False,240,14
H0.5-I1.5-N0.1-S0.5-T0.6-D1,0.5,1.5,0.1,0.5,0.6,1,0.006598365191256195,0.0,0.006598365191256195,0.0,0.0,0.006598365191256195,0.006421115475665463,0.006424736378788097,0.9731373286483729,0.9731373286483729,1.0,True,0.125,0.016666666666666666,True,False,240,16
H0.5-I1.5-N0.1-S0.5-T0.6-D3,0.5,1.5,0.1,0.5,0.6,3,0.006598365191256195,0.0,0.006598365191256195,0.0,0.0,0.006598365191256195,0.00640208145525939,0.006424736378788097,0.9702526716379823,0.9702526716379823,1.0,True,0.05833333333333333,0.049999999999999996,True,False,240,17
H0.5-I1.5-N0.1-S0.5-T0.9-D0,0.5,1.5,0.1,0.5,0.9,0,0.014676411770388274,0.0,0.014676411770388274,0.0,0.0,0.014676411770388274,0.013569036147415453,0.013596935837111784,0.9245472503567181,0.9245472503567181,1.0,True,0.12083333333333335,0.049999999999999996,True,False,240,18
H0.5-I1.5-N0.1-S0.5-T0.9-D1,0.5,1.5,0.1,0.5,0.9,1,0.014676411770388274,0.0,0.014676411770388274,0.0,0.0,0.014676411770388274,0.013390870285812534,0.013596935837111784,0.9124076440012742,0.9124076440012742,1.0,True,0.13333333333333333,0.049999999999999996,True,False,240,18
H0.5-I1.5-N0.1-S0.5-T0.9-D3,0.5,1.5,0.1,0.5,0.9,3,0.014676411770388274,0.0,0.014676411770388274,0.0,0.0,0.014676411770388274,0.013031283627261518,0.013596935837111784,0.8879066512397783,0.8879066512397783,1.0,True,0.08750000000000001,0.049999999999999996,True,False,240,17
H0.5-I1.5-N0.1-S0.9-T0-D0,0.5,1.5,0.1,0.9,0.0,0,0.002040824242602254,0.0,0.002040824242602254,0.0,0.0,0.002040824242602254,0.0020408330572694476,0.0020408374128180902,1.0000043191701713,1.0000043191701713,1.0,True,0.1125,0.0,True,False,240,14
H0.5-I1.5-N0.1-S0.9-T0-D1,0.5,1.5,0.1,0.9,0.0,1,0.002040824242602254,0.0,0.002040824242602254,0.0,0.0,0.002040824242602254,0.0020408329735125408,0.0020408374128180902,1.0000042781294463,1.0000042781294463,1.0,True,0.125,0.0,True,False,240,14
H0.5-I1.5-N0.1-S0.9-T0-D3,0.5,1.5,0.1,0.9,0.0,3,0.002040824242602254,0.0,0.002040824242602254,0.0,0.0,0.002040824242602254,0.0020408326284221652,0.0020408374128180902,1.000004109035818,1.000004109035818,1.0,True,0.049999999999999996,0.0,True,False,240,13
H0.5-I1.5-N0.1-S0.9-T0.6-D0,0.5,1.5,0.1,0.9,0.6,0,0.006598365191256195,0.0,0.006598365191256195,0.0,0.0,0.006598365191256195,0.006424731941738832,0.006424736378788097,0.9736854138131893,0.9736854138131893,1.0,True,0.1125,0.0,True,False,240,14
H0.5-I1.5-N0.1-S0.9-T0.6-D1,0.5,1.5,0.1,0.9,0.6,1,0.006598365191256195,0.0,0.006598365191256195,0.0,0.0,0.006598365191256195,0.006424731354944583,0.006424736378788097,0.9736853248829418,0.9736853248829418,1.0,True,0.125,0.0,True,False,240,14
H0.5-I1.5-N0.1-S0.9-T0.6-D3,0.5,1.5,0.1,0.9,0.6,3,0.006598365191256195,0.0,0.006598365191256195,0.0,0.0,0.006598365191256195,0.0063586284997617796,0.006424736378788097,0.9636672593065777,0.9636672593065777,1.0,True,0.05833333333333333,0.03333333333333333,True,False,240,16
H0.5-I1.5-N0.1-S0.9-T0.9-D0,0.5,1.5,0.1,0.9,0.9,0,0.014676411770388274,0.0,0.014676411770388274,0.0,0.0,0.014676411770388274,0.013596931266724885,0.013596935837111784,0.9264479274258717,0.9264479274258717,1.0,True,0.1125,0.0,True,False,240,14
H0.5-I1.5-N0.1-S0.9-T0.9-D1,0.5,1.5,0.1,0.9,0.9,1,0.014676411770388274,0.0,0.014676411770388274,0.0,0.0,0.014676411770388274,0.013596280595437008,0.013596935837111784,0.9264035929319874,0.9264035929319874,1.0,True,0.13333333333333333,0.016666666666666666,True,False,240,16
H0.5-I1.5-N0.1-S0.9-T0.9-D3,0.5,1.5,0.1,0.9,0.9,3,0.014676411770388274,0.0,0.014676411770388274,0.0,0.0,0.014676411770388274,0.01317467888293904,0.013596935837111784,0.8976771086186617,0.8976771086186617,1.0,True,0.06666666666666667,0.049999999999999996,True,False,240,17
H0.5-I1.5-N0.5-S0-T0-D0,0.5,1.5,0.5,0.0,0.0,0,0.010204089523486646,0.0,0.010204089523486646,0.0,0.0,0.010204089523486646,0.009927470346373021,0.010204102651713152,0.9728913416060362,0.9728913416060362,1.0,True,0.1416666666666667,0.049999999999999996,True,False,240,18
H0.5-I1.5-N0.5-S0-T0-D1,0.5,1.5,0.5,0.0,0.0,1,0.010204089523486646,0.0,0.010204089523486646,0.0,0.0,0.010204089523486646,0.009859705892654743,0.010204102651713152,0.9662504302770729,0.9662504302770729,1.0,True,0.1416666666666667,0.049999999999999996,True,False,240,18
H0.5-I1.5-N0.5-S0-T0-D3,0.5,1.5,0.5,0.0,0.0,3,0.010204089523486646,0.0,0.010204089523486646,0.0,0.0,0.010204089523486646,0.009759838299592432,0.010204102651713152,0.9564634137252829,0.9564634137252829,1.0,True,0.08750000000000001,0.049999999999999996,True,False,240,17
H0.5-I1.5-N0.5-S0-T0.6-D0,0.5,1.5,0.5,0.0,0.6,0,0.03299179426675635,0.1,0.03274306505262338,0.0,0.1,0.032694415400687474,0.029472700194848503,0.03212359748156318,0.893334262348568,0.9001203811396742,0.998514199820398,True,0.19583333333333333,0.125,True,False,240,18
H0.5-I1.5-N0.5-S0-T0.6-D1,0.5,1.5,0.5,0.0,0.6,1,0.03299179426675635,0.1,0.032223594094606754,0.0,0.1,0.032174980043352196,0.02906383896683889,0.03212359748156318,0.88094144658645,0.9019428087850476,0.9984913522957175,True,0.21666666666666667,0.125,True,False,240,18
H0.5-I1.5-N0.5-S0-T0.6-D3,0.5,1.5,0.5,0.0,0.6,3,0.03299179426675635,0.1,0.03162939494142718,0.0,0.1,0.03158090406880254,0.028349636723628557,0.03212359748156318,0.8592935714379927,0.896306640583159,0.9984669048296866,True,0.15416666666666667,0.125,True,False,240,18
H0.5-I1.5-N0.5-S0-T0.9-D0,0.5,1.5,0.5,0.0,0.9,0,0.07338202716241675,0.1,0.06719407256748573,0.0,0.1,0.06714559838852854,0.0576868733916045,0.06798459477318163,0.7861171954806576,0.8585113416613829,0.9992785944190463,True,0.275,0.3,True,False,240,18
H0.5-I1.5-N0.5-S0-T0.9-D1,0.5,1.5,0.5,0.0,0.9,1,0.07338202716241675,0.1,0.066038631833351,0.0,0.1,0.06599024076606241,0.05646571700732451,0.06798459477318163,0.7694761127591733,0.8550406851222506,0.9992672309230951,True,0.29583333333333334,0.3,True,False,240,18
H0.5-I1.5-N0.5-S0-T0.9-D3,0.5,1.5,0.5,0.0,0.9,3,0.07338202716241675,0.1,0.06471688617285698,0.0,0.1,0.06466884702333285,0.05330705145946803,0.06798459477318163,0.7264319823365374,0.8236961728518024,0.9992577030143908,True,0.23333333333333336,0.3,True,False,240,18
H0.5-I1.5-N0.5-S0.5-T0-D0,0.5,1.5,0.5,0.5,0.0,0,0.010204089523486646,0.0,0.010204089523486646,0.0,0.0,0.010204089523486646,0.010202758339274993,0.010204102651713152,0.9998695440481398,0.9998695440481398,1.0,True,0.12083333333333335,0.016666666666666666,True,False,240,16
H0.5-I1.5-N0.5-S0.5-T0-D1,0.5,1.5,0.5,0.5,0.0,1,0.010204089523486646,0.0,0.010204089523486646,0.0,0.0,0.010204089523486646,0.01013414416276634,0.010204102651713152,0.9931453599501148,0.9931453599501148,1.0,True,0.13333333333333333,0.049999999999999996,True,False,240,18
H0.5-I1.5-N0.5-S0.5-T0-D3,0.5,1.5,0.5,0.5,0.0,3,0.010204089523486646,0.0,0.010204089523486646,0.0,0.0,0.010204089523486646,0.009888743570684453,0.010204102651713152,0.9690961205234073,0.9690961205234073,1.0,True,0.08750000000000001,0.049999999999999996,True,False,240,17
H0.5-I1.5-N0.5-S0.5-T0.6-D0,0.5,1.5,0.5,0.5,0.6,0,0.03299179426675635,0.0,0.03299179426675635,0.0,0.0,0.03299179426675635,0.03141355249452934,0.03212359748156318,0.9521625965697385,0.9521625965697385,1.0,True,0.1416666666666667,0.049999999999999996,True,False,240,18
H0.5-I1.5-N0.5-S0.5-T0.6-D1,0.5,1.5,0.5,0.5,0.6,1,0.03299179426675635,0.0,0.03299179426675635,0.0,0.0,0.03299179426675635,0.03081889632155891,0.03212359748156318,0.9341382306270343,0.9341382306270343,1.0,True,0.17500000000000002,0.09999999999999999,True,False,240,18
H0.5-I1.5-N0.5-S0.5-T0.6-D3,0.5,1.5,0.5,0.5,0.6,3,0.03299179426675635,0.1,0.03238441833126111,0.0,0.1,0.032336194265565034,0.029399840809540407,0.03212359748156318,0.891125853047789,0.9078390881938537,0.9985108867726822,True,0.13333333333333333,0.125,True,False,240,18
H0.5-I1.5-N0.5-S0.5-T0.9-D0,0.5,1.5,0.5,0.5,0.9,0,0.07338202716241675,0.1,0.0725893416699258,0.0,0.1,0.0725407080890467,0.0650187880889154,0.06798459477318163,0.8860315066659176,0.8957070913325705,0.999330017606438,True,0.2041666666666667,0.125,True,False,240,18
H0.5-I1.5-N0.5-S0.5-T0.9-D1,0.5,1.5,0.5,0.5,0.9,1,0.07338202716241675,0.1,0.06970073144153213,0.0,0.1,0.06965231045110637,0.06308806952481108,0.06798459477318163,0.8597209966028602,0.9051277973708493,0.9993053015452732,True,0.225,0.15,True,False,240,18
H0.5-I1.5-N0.5-S0.5-T0.9-D3,0.5,1.5,0.5,0.5,0.9,3,0.07338202716241675,0.1,0.06639624782794107,0.0,0.1,0.06634880212403886,0.05834374418515648,0.06798459477318163,0.795068580703338,0.8787205014408073,0.9992854158863742,True,0.21250000000000002,0.23750000000000002,True,False,240,18
H0.5-I1.5-N0.5-S0.9-T0-D0,0.5,1.5,0.5,0.9,0.0,0,0.010204089523486646,0.0,0.010204089523486646,0.0,0.0,0.010204089523486646,0.010204098144402072,0.010204102651713152,1.0000008448490585,1.0000008448490585,1.0,True,0.1125,0.0,True,False,240,14
H0.5-I1.5-N0.5-S0.9-T0-D1,0.5,1.5,0.5,0.9,0.0,1,0.010204089523486646,0.0,0.010204089523486646,0.0,0.0,0.010204089523486646,0.010204097014074681,0.010204102651713152,1.0000007340770598,1.0000007340770598,1.0,True,0.125,0.0,True,False,240,14
H0.5-I1.5-N0.5-S0.9-T0-D3,0.5,1.5,0.5,0.9,0.0,3,0.010204089523486646,0.0,0.010204089523486646,0.0,0.0,0.010204089523486646,0.009988640127488988,0.010204102651713152,0.9788859755197403,0.9788859755197403,1.0,True,0.05833333333333333,0.049999999999999996,True,False,240,17
H0.5-I1.5-N0.5-S0.9-T0.6-D0,0.5,1.5,0.5,0.9,0.6,0,0.03299179426675635,0.0,0.03299179426675635,0.0,0.0,0.03299179426675635,0.03212359256674899,0.03212359748156318,0.973684313954328,0.973684313954328,1.0,True,0.1125,0.0,True,False,240,14
H0.5-I1.5-N0.5-S0.9-T0.6-D1,0.5,1.5,0.5,0.9,0.6,1,0.03299179426675635,0.0,0.03299179426675635,0.0,0.0,0.03299179426675635,0.0316367552892799,0.03212359748156318,0.958927999898392,0.958927999898392,1.0,True,0.1416666666666667,0.049999999999999996,True,False,240,18
H0.5-I1.5-N0.5-S0.9-T0.6-D3,0.5,1.5,0.5,0.9,0.6,3,0.03299179426675635,0.1,0.03298843704312825,0.0,0.1,0.03294042642297504,0.03023403030870038,0.03212359748156318,0.9164106099911399,0.9165038728319613,0.9985446227691707,True,0.09999999999999999,0.125,True,False,240,18
H0.5-I1.5-N0.5-S0.9-T0.9-D0,0.5,1.5,0.5,0.9,0.9,0,0.07338202716241675,0.0,0.07338202716241675,0.0,0.0,0.07338202716241675,0.06795669508348529,0.06798459477318163,0.9260672907424109,0.9260672907424109,1.0,True,0.12083333333333335,0.049999999999999996,True,False,240,18
H0.5-I1.5-N0.5-S0.9-T0.9-D1,0.5,1.5,0.5,0.9,0.9,1,0.07338202716241675,0.1,0.07263041112807705,0.0,0.1,0.07258196619914153,0.06669192011659024,0.06798459477318163,0.908831803855469,0.9182368525903725,0.9993329938770401,True,0.1625,0.08750000000000001,True,False,240,18
H0.5-I1.5-N0.5-S0.9-T0.9-D3,0.5,1.5,0.5,0.9,0.9,3,0.07338202716241675,0.1,0.06773973715200832,0.0,0.1,0.06769276620460368,0.060711504170022634,0.06798459477318163,0.8273347918782566,0.8962465271128187,0.9993065968458185,True,0.1625,0.17500000000000002,True,False,240,18
H0.5-I1.5-N1-S0-T0-D0,0.5,1.5,1.0,0.0,0.0,0,0.020408171124592134,0.0,0.020408171124592134,0.0,0.0,0.020408171124592134,0.01945067555603234,0.02040818420033198,0.953082735208644,0.953082735208644,1.0,True,0.15416666666666667,0.08750000000000001,True,False,240,18
H0.5-I1.5-N1-S0-T0-D1,0.5,1.5,1.0,0.0,0.0,1,0.020408171124592134,0.0,0.020408171124592134,0.0,0.0,0.020408171124592134,0.01944366669558683,0.02040818420033198,0.9527393011790721,0.9527393011790721,1.0,True,0.19583333333333333,0.125,True,False,240,18
H0.5-I1.5-N1-S0-T0-D3,0.5,1.5,1.0,0.0,0.0,3,0.020408171124592134,0.0,0.020408171124592134,0.0,0.0,0.020408171124592134,0.019003954943441776,0.02040818420033198,0.9311934336213862,0.9311934336213862,1.0,True,0.10833333333333334,0.125,True,False,240,18
H0.5-I1.5-N1-S0-T0.6-D0,0.5,1.5,1.0,0.0,0.6,0,0.06598358061113153,0.1,0.060883538572916486,0.0,0.1,0.06083503225184569,0.05528896659023243,0.06424717386003204,0.8379200716019508,0.9081102689853714,0.9992032933333416,True,0.275,0.3,True,False,240,18
H0.5-I1.5-N1-S0-T0.6-D1,0.5,1.5,1.0,0.0,0.6,1,0.06598358061113153,0.1,0.059844591061512034,0.0,0.1,0.059796159149325165,0.05383049840346513,0.06424717386003204,0.8158165698935083,0.8995048248911043,0.999190705269636,True,0.29583333333333334,0.3,True,False,240,18
H0.5-I1.5-N1-S0-T0.6-D3,0.5,1.5,1.0,0.0,0.6,3,0.06598358061113153,0.1,0.05865611311358221,0.0,0.1,0.05860799122006344,0.05102275375819909,0.06424717386003204,0.7732643982886778,0.8698625096313182,0.9991795928682559,True,0.23333333333333336,0.3,True,False,240,18
H0.5-I1.5-N1-S0-T0.9-D0,0.5,1.5,1.0,0.0,0.9,0,0.14676404640245236,0.25,0.1243649506510119,0.0,0.25,0.12420000509358263,0.10195002720479171,0.1359691684432689,0.69465260534741,0.8197649472067088,0.998673697399743,True,0.3875,0.425,True,False,240,18
H0.5-I1.5-N1-S0-T0.9-D1,0.5,1.5,1.0,0.0,0.9,1,0.14676404640245236,0.25,0.11951883161812588,0.0,0.25,0.11935442080292082,0.09886778504051327,0.1359691684432689,0.6736512617633935,0.827215123357341,0.9986243940559061,True,0.3458333333333334,0.3,True,False,240,18
H0.5-I1.5-N1-S0-T0.9-D3,0.5,1.5,1.0,0.0,0.9,3,0.14676404640245236,0.25,0.1135977450265875,0.0,0.25,0.11344104265831964,0.09254975827884881,0.1359691684432689,0.6306023889874323,0.814714748582268,0.9986205503618828,True,0.28750000000000003,0.3,True,False,240,18
H0.5-I1.5-N1-S0.5-T0-D0,0.5,1.5,1.0,0.5,0.0,0,0.020408171124592134,0.0,0.020408171124592134,0.0,0.0,0.020408171124592134,0.02013155189499185,0.02040818420033198,0.9864456629694291,0.9864456629694291,1.0,True,0.1416666666666667,0.049999999999999996,True,False,240,18
H0.5-I1.5-N1-S0.5-T0-D1,0.5,1.5,1.0,0.5,0.0,1,0.020408171124592134,0.0,0.020408171124592134,0.0,0.0,0.020408171124592134,0.019795703957447508,0.02040818420033198,0.9699891203672535,0.9699891203672535,1.0,True,0.1416666666666667,0.049999999999999996,True,False,240,18
H0.5-I1.5-N1-S0.5-T0-D3,0.5,1.5,1.0,0.5,0.0,3,0.020408171124592134,0.0,0.020408171124592134,0.0,0.0,0.020408171124592134,0.019295562987496007,0.02040818420033198,0.9454822222773593,0.9454822222773593,1.0,True,0.10833333333333334,0.075,True,False,240,18
H0.5-I1.5-N1-S0.5-T0.6-D0,0.5,1.5,1.0,0.5,0.6,0,0.06598358061113153,0.1,0.06573485139699857,0.0,0.1,0.06568620174506266,0.06159627657331735,0.06424717386003204,0.9335091548961191,0.9370413907428383,0.9992599108250494,True,0.19583333333333333,0.125,True,False,240,18
H0.5-I1.5-N1-S0.5-T0.6-D1,0.5,1.5,1.0,0.5,0.6,1,0.06598358061113153,0.1,0.06313747422543065,0.0,0.1,0.0630890154069864,0.05945154856659185,0.06424717386003204,0.9010051897147618,0.9416206349072771,0.9992324872187439,True,0.225,0.15,True,False,240,18
H0.5-I1.5-N1-S0.5-T0.6-D3,0.5,1.5,1.0,0.5,0.6,3,0.06598358061113153,0.1,0.06016615989325008,0.0,0.1,0.060118571613588426,0.05528217412692016,0.06424717386003204,0.8378171298814597,0.9188250376125825,0.9992090524017805,True,0.21250000000000002,0.17500000000000002,True,False,240,18
H0.5-I1.5-N1-S0.5-T0.9-D0,0.5,1.5,1.0,0.5,0.9,0,0.14676404640245236,0.1,0.14057609180752134,0.0,0.1,0.14052761762856414,0.1256714470616918,0.1359691684432689,0.8562822444747742,0.8939745403774835,0.9996551748001106,True,0.275,0.3,True,False,240,18
H0.5-I1.5-N1-S0.5-T0.9-D1,0.5,1.5,1.0,0.5,0.9,1,0.14676404640245236,0.1,0.1347988657553628,0.0,0.1,0.1347508199648335,0.1195537429848057,0.1359691684432689,0.8145983019367611,0.8869046658135505,0.9996435742225274,True,0.29583333333333334,0.3,True,False,240,18
H0.5-I1.5-N1-S0.5-T0.9-D3,0.5,1.5,1.0,0.5,0.9,3,0.14676404640245236,0.25,0.12205076248272641,0.0,0.25,0.1219089594803586,0.10362118207400915,0.1359691684432689,0.7060392828762841,0.8490006941879977,0.9988381637321776,True,0.26666666666666666,0.3,True,False,240,18
H0.5-I1.5-N1-S0.9-T0-D0,0.5,1.5,1.0,0.9,0.0,0,0.020408171124592134,0.0,0.020408171124592134,0.0,0.0,0.020408171124592134,0.020408179503317855,0.02040818420033198,1.000000410557402,1.000000410557402,1.0,True,0.1125,0.0,True,False,240,14
H0.5-I1.5-N1-S0.9-T0-D1,0.5,1.5,1.0,0.9,0.0,1,0.020408171124592134,0.0,0.020408171124592134,0.0,0.0,0.020408171124592134,0.020236390261568645,0.02040818420033198,0.9915827409533777,0.9915827409533777,1.0,True,0.13333333333333333,0.049999999999999996,True,False,240,18
H0.5-I1.5-N1-S0.9-T0-D3,0.5,1.5,1.0,0.9,0.0,3,0.020408171124592134,0.0,0.020408171124592134,0.0,0.0,0.020408171124592134,0.019508805677299283,0.02040818420033198,0.9559311100538008,0.9559311100538008,1.0,True,0.08749999999999998,0.049999999999999996,True,False,240,18
H0.5-I1.5-N1-S0.9-T0.6-D0,0.5,1.5,1.0,0.9,0.6,0,0.06598358061113153,0.0,0.06598358061113153,0.0,0.0,0.06598358061113153,0.06424661294385954,0.06424717386003204,0.9736757591633491,0.9736757591633491,1.0,True,0.12083333333333335,0.041666666666666664,True,False,240,18
H0.5-I1.5-N1-S0.9-T0.6-D1,0.5,1.5,1.0,0.9,0.6,1,0.06598358061113153,0.1,0.06577178075656553,0.0,0.1,0.06572330041311537,0.06291441113850653,0.06424717386003204,0.9534858605095579,0.9565562983822089,0.9992629005495595,True,0.1625,0.125,True,False,240,18
H0.5-I1.5-N1-S0.9-T0.6-D3,0.5,1.5,1.0,0.9,0.6,3,0.06598358061113153,0.1,0.061374197316984354,0.0,0.1,0.061327035928408435,0.057517993275281086,0.06424717386003204,0.8717016073174075,0.9371689698557389,0.9992315762871433,True,0.15,0.17500000000000002,True,False,240,18
H0.5-I1.5-N1-S0.9-T0.9-D0,0.5,1.5,1.0,0.9,0.9,0,0.14676404640245236,0.0,0.14676404640245236,0.0,0.0,0.14676404640245236,0.1354414998502412,0.1359691684432689,0.9228520415608958,0.9228520415608958,1.0,True,0.1416666666666667,0.049999999999999996,True,False,240,18
H0.5-I1.5-N1-S0.9-T0.9-D1,0.5,1.5,1.0,0.9,0.9,1,0.14676404640245236,0.1,0.14065822512845266,0.0,0.1,0.14061013146090384,0.1306736269151565,0.1359691684432689,0.8903653866071998,0.9290151841161227,0.9996580813706066,True,0.2041666666666667,0.15833333333333335,True,False,240,18
H0.5-I1.5-N1-S0.9-T0.9-D3,0.5,1.5,1.0,0.9,0.9,3,0.14676404640245236,0.25,0.1288131764476375,0.0,0.25,0.12868329293798975,0.11248681333303429,0.1359691684432689,0.766446661088752,0.873255488569992,0.9989916908096699,True,0.2041666666666667,0.3,True,False,240,18
