scenario_id,base_id,task,message_overhead,reference_updates,message_budget,environment_budget,delay,rho,schedule_name,schedule_kind,full_updates,post_probe_updates,full_message_used,post_probe_message_used,full_environment_used,post_probe_environment_used,post_probe_message_budget,post_probe_environment_budget,full_mean_q,post_probe_mean_q,step_size,spectral_radius,probe_burn_in,full_intercept,full_slope,post_probe_intercept,post_probe_slope,full_risk,post_probe_risk
frozenlake8x8-H8-N96-D0-R0,frozenlake8x8-H8-N96-D0,frozenlake8x8,8,96,1152,1000000,0,0.0,fixed-q1,fixed,128,117,1152,1053,128,117,1056,999516,1.0,1.0,0.050386619799920554,0.9965152597837487,121,0.013457074859050957,0.0,0.014041598910140979,0.0,0.013457074859050957,0.014041598910140979
frozenlake8x8-H8-N96-D0-R0.1,frozenlake8x8-H8-N96-D0,frozenlake8x8,8,96,1152,1000000,0,0.1,fixed-q1,fixed,128,117,1152,1053,128,117,1056,999516,1.0,1.0,0.050386619799920554,0.9965152597837487,121,0.013457074859050957,0.0,0.014041598910140979,0.0,0.013457074859050957,0.014041598910140979
frozenlake8x8-H8-N96-D0-R0.3,frozenlake8x8-H8-N96-D0,frozenlake8x8,8,96,1152,1000000,0,0.3,fixed-q1,fixed,128,117,1152,1053,128,117,1056,999516,1.0,1.0,0.050386619799920554,0.9965152597837487,121,0.013457074859050957,0.0,0.014041598910140979,0.0,0.013457074859050957,0.014041598910140979
frozenlake8x8-H8-N96-D0-R0.5,frozenlake8x8-H8-N96-D0,frozenlake8x8,8,96,1152,1000000,0,0.5,fixed-q1,fixed,128,117,1152,1053,128,117,1056,999516,1.0,1.0,0.050386619799920554,0.9965152597837487,121,0.013457074859050957,0.0,0.014041598910140979,0.0,0.013457074859050957,0.014041598910140979
frozenlake8x8-H8-N96-D0-R0.7,frozenlake8x8-H8-N96-D0,frozenlake8x8,8,96,1152,1000000,0,0.7,fixed-q1,fixed,128,117,1152,1053,128,117,1056,999516,1.0,1.0,0.050386619799920554,0.9965152597837487,121,0.013457074859050957,0.0,0.014041598910140979,0.0,0.013457074859050957,0.014041598910140979
frozenlake8x8-H8-N96-D0-R0.9,frozenlake8x8-H8-N96-D0,frozenlake8x8,8,96,1152,1000000,0,0.9,fixed-q1,fixed,128,117,1152,1053,128,117,1056,999516,1.0,1.0,0.050386619799920554,0.9965152597837487,121,0.013457074859050957,0.0,0.014041598910140979,0.0,0.013457074859050957,0.014041598910140979
frozenlake8x8-H8-N96-D0-R1,frozenlake8x8-H8-N96-D0,frozenlake8x8,8,96,1152,1000000,0,1.0,fixed-q1,fixed,128,117,1152,1053,128,117,1056,999516,1.0,1.0,0.050386619799920554,0.9965152597837487,121,0.013457074859050957,0.0,0.014041598910140979,0.0,0.013457074859050957,0.014041598910140979
frozenlake8x8-H8-N96-D0-R0,frozenlake8x8-H8-N96-D0,frozenlake8x8,8,96,1152,1000000,0,0.0,fixed-q4,fixed,96,88,1152,1056,96,88,1056,999516,4.0,4.0,0.050386619799920554,0.9965152597837487,121,0.012097642744361614,0.0031630409200317693,0.012638771309757688,0.0031303164355883303,0.012097642744361614,0.012638771309757688
frozenlake8x8-H8-N96-D0-R0.1,frozenlake8x8-H8-N96-D0,frozenlake8x8,8,96,1152,1000000,0,0.1,fixed-q4,fixed,96,88,1152,1056,96,88,1056,999516,4.0,4.0,0.050386619799920554,0.9965152597837487,121,0.012097642744361614,0.0031630409200317693,0.012638771309757688,0.0031303164355883303,0.012413946836364792,0.012951802953316521
frozenlake8x8-H8-N96-D0-R0.3,frozenlake8x8-H8-N96-D0,frozenlake8x8,8,96,1152,1000000,0,0.3,fixed-q4,fixed,96,88,1152,1056,96,88,1056,999516,4.0,4.0,0.050386619799920554,0.9965152597837487,121,0.012097642744361614,0.0031630409200317693,0.012638771309757688,0.0031303164355883303,0.013046555020371145,0.013577866240434187
frozenlake8x8-H8-N96-D0-R0.5,frozenlake8x8-H8-N96-D0,frozenlake8x8,8,96,1152,1000000,0,0.5,fixed-q4,fixed,96,88,1152,1056,96,88,1056,999516,4.0,4.0,0.050386619799920554,0.9965152597837487,121,0.012097642744361614,0.0031630409200317693,0.012638771309757688,0.0031303164355883303,0.013679163204377499,0.014203929527551853
frozenlake8x8-H8-N96-D0-R0.7,frozenlake8x8-H8-N96-D0,frozenlake8x8,8,96,1152,1000000,0,0.7,fixed-q4,fixed,96,88,1152,1056,96,88,1056,999516,4.0,4.0,0.050386619799920554,0.9965152597837487,121,0.012097642744361614,0.0031630409200317693,0.012638771309757688,0.0031303164355883303,0.014311771388383854,0.01482999281466952
frozenlake8x8-H8-N96-D0-R0.9,frozenlake8x8-H8-N96-D0,frozenlake8x8,8,96,1152,1000000,0,0.9,fixed-q4,fixed,96,88,1152,1056,96,88,1056,999516,4.0,4.0,0.050386619799920554,0.9965152597837487,121,0.012097642744361614,0.0031630409200317693,0.012638771309757688,0.0031303164355883303,0.014944379572390207,0.015456056101787186
frozenlake8x8-H8-N96-D0-R1,frozenlake8x8-H8-N96-D0,frozenlake8x8,8,96,1152,1000000,0,1.0,fixed-q4,fixed,96,88,1152,1056,96,88,1056,999516,4.0,4.0,0.050386619799920554,0.9965152597837487,121,0.012097642744361614,0.0031630409200317693,0.012638771309757688,0.0031303164355883303,0.015260683664393385,0.01576908774534602
frozenlake8x8-H8-N96-D0-R0,frozenlake8x8-H8-N96-D0,frozenlake8x8,8,96,1152,1000000,0,0.0,fixed-q16,fixed,48,44,1152,1056,48,44,1056,999516,16.0,16.0,0.050386619799920554,0.9965152597837487,121,0.015318107998746706,0.003431814348042489,0.015755981715837808,0.0033386879789144086,0.015318107998746706,0.015755981715837808
frozenlake8x8-H8-N96-D0-R0.1,frozenlake8x8-H8-N96-D0,frozenlake8x8,8,96,1152,1000000,0,0.1,fixed-q16,fixed,48,44,1152,1056,48,44,1056,999516,16.0,16.0,0.050386619799920554,0.9965152597837487,121,0.015318107998746706,0.003431814348042489,0.015755981715837808,0.0033386879789144086,0.015661289433550954,0.01608985051372925
frozenlake8x8-H8-N96-D0-R0.3,frozenlake8x8-H8-N96-D0,frozenlake8x8,8,96,1152,1000000,0,0.3,fixed-q16,fixed,48,44,1152,1056,48,44,1056,999516,16.0,16.0,0.050386619799920554,0.9965152597837487,121,0.015318107998746706,0.003431814348042489,0.015755981715837808,0.0033386879789144086,0.016347652303159453,0.01675758810951213
frozenlake8x8-H8-N96-D0-R0.5,frozenlake8x8-H8-N96-D0,frozenlake8x8,8,96,1152,1000000,0,0.5,fixed-q16,fixed,48,44,1152,1056,48,44,1056,999516,16.0,16.0,0.050386619799920554,0.9965152597837487,121,0.015318107998746706,0.003431814348042489,0.015755981715837808,0.0033386879789144086,0.017034015172767952,0.017425325705295012
frozenlake8x8-H8-N96-D0-R0.7,frozenlake8x8-H8-N96-D0,frozenlake8x8,8,96,1152,1000000,0,0.7,fixed-q16,fixed,48,44,1152,1056,48,44,1056,999516,16.0,16.0,0.050386619799920554,0.9965152597837487,121,0.015318107998746706,0.003431814348042489,0.015755981715837808,0.0033386879789144086,0.017720378042376448,0.018093063301077895
frozenlake8x8-H8-N96-D0-R0.9,frozenlake8x8-H8-N96-D0,frozenlake8x8,8,96,1152,1000000,0,0.9,fixed-q16,fixed,48,44,1152,1056,48,44,1056,999516,16.0,16.0,0.050386619799920554,0.9965152597837487,121,0.015318107998746706,0.003431814348042489,0.015755981715837808,0.0033386879789144086,0.018406740911984947,0.018760800896860774
frozenlake8x8-H8-N96-D0-R1,frozenlake8x8-H8-N96-D0,frozenlake8x8,8,96,1152,1000000,0,1.0,fixed-q16,fixed,48,44,1152,1056,48,44,1056,999516,16.0,16.0,0.050386619799920554,0.9965152597837487,121,0.015318107998746706,0.003431814348042489,0.015755981715837808,0.0033386879789144086,0.018749922346789197,0.019094669694752216
frozenlake8x8-H8-N96-D0-R0,frozenlake8x8-H8-N96-D0,frozenlake8x8,8,96,1152,1000000,0,0.0,q1-to-q16-f0.25,two_stage,56,52,1134,1053,56,52,1056,999516,12.25,12.25,0.050386619799920554,0.9965152597837487,121,0.015305099035465682,0.0027827903400175482,0.015705020709003623,0.0027093673970078266,0.015305099035465682,0.015705020709003623
frozenlake8x8-H8-N96-D0-R0.1,frozenlake8x8-H8-N96-D0,frozenlake8x8,8,96,1152,1000000,0,0.1,q1-to-q16-f0.25,two_stage,56,52,1134,1053,56,52,1056,999516,12.25,12.25,0.050386619799920554,0.9965152597837487,121,0.015305099035465682,0.0027827903400175482,0.015705020709003623,0.0027093673970078266,0.015583378069467437,0.015975957448704406
frozenlake8x8-H8-N96-D0-R0.3,frozenlake8x8-H8-N96-D0,frozenlake8x8,8,96,1152,1000000,0,0.3,q1-to-q16-f0.25,two_stage,56,52,1134,1053,56,52,1056,999516,12.25,12.25,0.050386619799920554,0.9965152597837487,121,0.015305099035465682,0.0027827903400175482,0.015705020709003623,0.0027093673970078266,0.016139936137470945,0.01651783092810597
frozenlake8x8-H8-N96-D0-R0.5,frozenlake8x8-H8-N96-D0,frozenlake8x8,8,96,1152,1000000,0,0.5,q1-to-q16-f0.25,two_stage,56,52,1134,1053,56,52,1056,999516,12.25,12.25,0.050386619799920554,0.9965152597837487,121,0.015305099035465682,0.0027827903400175482,0.015705020709003623,0.0027093673970078266,0.016696494205474456,0.017059704407507537
frozenlake8x8-H8-N96-D0-R0.7,frozenlake8x8-H8-N96-D0,frozenlake8x8,8,96,1152,1000000,0,0.7,q1-to-q16-f0.25,two_stage,56,52,1134,1053,56,52,1056,999516,12.25,12.25,0.050386619799920554,0.9965152597837487,121,0.015305099035465682,0.0027827903400175482,0.015705020709003623,0.0027093673970078266,0.017253052273477964,0.017601577886909102
frozenlake8x8-H8-N96-D0-R0.9,frozenlake8x8-H8-N96-D0,frozenlake8x8,8,96,1152,1000000,0,0.9,q1-to-q16-f0.25,two_stage,56,52,1134,1053,56,52,1056,999516,12.25,12.25,0.050386619799920554,0.9965152597837487,121,0.015305099035465682,0.0027827903400175482,0.015705020709003623,0.0027093673970078266,0.017809610341481475,0.018143451366310667
frozenlake8x8-H8-N96-D0-R1,frozenlake8x8-H8-N96-D0,frozenlake8x8,8,96,1152,1000000,0,1.0,q1-to-q16-f0.25,two_stage,56,52,1134,1053,56,52,1056,999516,12.25,12.25,0.050386619799920554,0.9965152597837487,121,0.015305099035465682,0.0027827903400175482,0.015705020709003623,0.0027093673970078266,0.01808788937548323,0.01841438810601145
frozenlake8x8-H8-N96-D0-R0,frozenlake8x8-H8-N96-D0,frozenlake8x8,8,96,1152,1000000,0,0.0,q1-to-q16-f0.5,two_stage,69,64,1146,1056,69,64,1056,999516,8.608695652173912,8.5,0.050386619799920554,0.9965152597837487,121,0.015471070265146054,0.0016193619279437786,0.015903890518348212,0.001557133685557771,0.015471070265146054,0.015903890518348212
frozenlake8x8-H8-N96-D0-R0.1,frozenlake8x8-H8-N96-D0,frozenlake8x8,8,96,1152,1000000,0,0.1,q1-to-q16-f0.5,two_stage,69,64,1146,1056,69,64,1056,999516,8.608695652173912,8.5,0.050386619799920554,0.9965152597837487,121,0.015471070265146054,0.0016193619279437786,0.015903890518348212,0.001557133685557771,0.015633006457940433,0.01605960388690399
frozenlake8x8-H8-N96-D0-R0.3,frozenlake8x8-H8-N96-D0,frozenlake8x8,8,96,1152,1000000,0,0.3,q1-to-q16-f0.5,two_stage,69,64,1146,1056,69,64,1056,999516,8.608695652173912,8.5,0.050386619799920554,0.9965152597837487,121,0.015471070265146054,0.0016193619279437786,0.015903890518348212,0.001557133685557771,0.015956878843529188,0.016371030624015542
frozenlake8x8-H8-N96-D0-R0.5,frozenlake8x8-H8-N96-D0,frozenlake8x8,8,96,1152,1000000,0,0.5,q1-to-q16-f0.5,two_stage,69,64,1146,1056,69,64,1056,999516,8.608695652173912,8.5,0.050386619799920554,0.9965152597837487,121,0.015471070265146054,0.0016193619279437786,0.015903890518348212,0.001557133685557771,0.016280751229117943,0.016682457361127098
frozenlake8x8-H8-N96-D0-R0.7,frozenlake8x8-H8-N96-D0,frozenlake8x8,8,96,1152,1000000,0,0.7,q1-to-q16-f0.5,two_stage,69,64,1146,1056,69,64,1056,999516,8.608695652173912,8.5,0.050386619799920554,0.9965152597837487,121,0.015471070265146054,0.0016193619279437786,0.015903890518348212,0.001557133685557771,0.0166046236147067,0.01699388409823865
frozenlake8x8-H8-N96-D0-R0.9,frozenlake8x8-H8-N96-D0,frozenlake8x8,8,96,1152,1000000,0,0.9,q1-to-q16-f0.5,two_stage,69,64,1146,1056,69,64,1056,999516,8.608695652173912,8.5,0.050386619799920554,0.9965152597837487,121,0.015471070265146054,0.0016193619279437786,0.015903890518348212,0.001557133685557771,0.016928496000295456,0.017305310835350207
frozenlake8x8-H8-N96-D0-R1,frozenlake8x8-H8-N96-D0,frozenlake8x8,8,96,1152,1000000,0,1.0,q1-to-q16-f0.5,two_stage,69,64,1146,1056,69,64,1056,999516,8.608695652173912,8.5,0.050386619799920554,0.9965152597837487,121,0.015471070265146054,0.0016193619279437786,0.015903890518348212,0.001557133685557771,0.01709043219308983,0.017461024203905984
frozenlake8x8-H8-N96-D0-R0,frozenlake8x8-H8-N96-D0,frozenlake8x8,8,96,1152,1000000,0,0.0,q1-to-q16-f0.75,two_stage,89,82,1146,1053,89,82,1056,999516,4.876404494382022,4.841463414634147,0.050386619799920554,0.9965152597837487,121,0.015368356471119893,0.00033938772365496676,0.015844131916145025,0.00032347604122198606,0.015368356471119893,0.015844131916145025
frozenlake8x8-H8-N96-D0-R0.1,frozenlake8x8-H8-N96-D0,frozenlake8x8,8,96,1152,1000000,0,0.1,q1-to-q16-f0.75,two_stage,89,82,1146,1053,89,82,1056,999516,4.876404494382022,4.841463414634147,0.050386619799920554,0.9965152597837487,121,0.015368356471119893,0.00033938772365496676,0.015844131916145025,0.00032347604122198606,0.01540229524348539,0.015876479520267224
frozenlake8x8-H8-N96-D0-R0.3,frozenlake8x8-H8-N96-D0,frozenlake8x8,8,96,1152,1000000,0,0.3,q1-to-q16-f0.75,two_stage,89,82,1146,1053,89,82,1056,999516,4.876404494382022,4.841463414634147,0.050386619799920554,0.9965152597837487,121,0.015368356471119893,0.00033938772365496676,0.015844131916145025,0.00032347604122198606,0.015470172788216384,0.01594117472851162
frozenlake8x8-H8-N96-D0-R0.5,frozenlake8x8-H8-N96-D0,frozenlake8x8,8,96,1152,1000000,0,0.5,q1-to-q16-f0.75,two_stage,89,82,1146,1053,89,82,1056,999516,4.876404494382022,4.841463414634147,0.050386619799920554,0.9965152597837487,121,0.015368356471119893,0.00033938772365496676,0.015844131916145025,0.00032347604122198606,0.015538050332947376,0.01600586993675602
frozenlake8x8-H8-N96-D0-R0.7,frozenlake8x8-H8-N96-D0,frozenlake8x8,8,96,1152,1000000,0,0.7,q1-to-q16-f0.75,two_stage,89,82,1146,1053,89,82,1056,999516,4.876404494382022,4.841463414634147,0.050386619799920554,0.9965152597837487,121,0.015368356471119893,0.00033938772365496676,0.015844131916145025,0.00032347604122198606,0.01560592787767837,0.016070565145000416
frozenlake8x8-H8-N96-D0-R0.9,frozenlake8x8-H8-N96-D0,frozenlake8x8,8,96,1152,1000000,0,0.9,q1-to-q16-f0.75,two_stage,89,82,1146,1053,89,82,1056,999516,4.876404494382022,4.841463414634147,0.050386619799920554,0.9965152597837487,121,0.015368356471119893,0.00033938772365496676,0.015844131916145025,0.00032347604122198606,0.015673805422409363,0.016135260353244814
frozenlake8x8-H8-N96-D0-R1,frozenlake8x8-H8-N96-D0,frozenlake8x8,8,96,1152,1000000,0,1.0,q1-to-q16-f0.75,two_stage,89,82,1146,1053,89,82,1056,999516,4.876404494382022,4.841463414634147,0.050386619799920554,0.9965152597837487,121,0.015368356471119893,0.00033938772365496676,0.015844131916145025,0.00032347604122198606,0.01570774419477486,0.016167607957367013
frozenlake8x8-H8-N96-D0-R0,frozenlake8x8-H8-N96-D0,frozenlake8x8,8,96,1152,1000000,0,0.0,q16-to-q1-f0.25,two_stage,91,83,1149,1047,91,83,1056,999516,4.626373626373627,4.614457831325301,0.050386619799920554,0.9965152597837487,121,0.014886805046340877,0.0006921862598394725,0.015402231311082662,0.0007017025299507867,0.014886805046340877,0.015402231311082662
frozenlake8x8-H8-N96-D0-R0.1,frozenlake8x8-H8-N96-D0,frozenlake8x8,8,96,1152,1000000,0,0.1,q16-to-q1-f0.25,two_stage,91,83,1149,1047,91,83,1056,999516,4.626373626373627,4.614457831325301,0.050386619799920554,0.9965152597837487,121,0.014886805046340877,0.0006921862598394725,0.015402231311082662,0.0007017025299507867,0.014956023672324825,0.015472401564077741
frozenlake8x8-H8-N96-D0-R0.3,frozenlake8x8-H8-N96-D0,frozenlake8x8,8,96,1152,1000000,0,0.3,q16-to-q1-f0.25,two_stage,91,83,1149,1047,91,83,1056,999516,4.626373626373627,4.614457831325301,0.050386619799920554,0.9965152597837487,121,0.014886805046340877,0.0006921862598394725,0.015402231311082662,0.0007017025299507867,0.01509446092429272,0.015612742070067898
frozenlake8x8-H8-N96-D0-R0.5,frozenlake8x8-H8-N96-D0,frozenlake8x8,8,96,1152,1000000,0,0.5,q16-to-q1-f0.25,two_stage,91,83,1149,1047,91,83,1056,999516,4.626373626373627,4.614457831325301,0.050386619799920554,0.9965152597837487,121,0.014886805046340877,0.0006921862598394725,0.015402231311082662,0.0007017025299507867,0.015232898176260614,0.015753082576058057
frozenlake8x8-H8-N96-D0-R0.7,frozenlake8x8-H8-N96-D0,frozenlake8x8,8,96,1152,1000000,0,0.7,q16-to-q1-f0.25,two_stage,91,83,1149,1047,91,83,1056,999516,4.626373626373627,4.614457831325301,0.050386619799920554,0.9965152597837487,121,0.014886805046340877,0.0006921862598394725,0.015402231311082662,0.0007017025299507867,0.015371335428228508,0.015893423082048212
frozenlake8x8-H8-N96-D0-R0.9,frozenlake8x8-H8-N96-D0,frozenlake8x8,8,96,1152,1000000,0,0.9,q16-to-q1-f0.25,two_stage,91,83,1149,1047,91,83,1056,999516,4.626373626373627,4.614457831325301,0.050386619799920554,0.9965152597837487,121,0.014886805046340877,0.0006921862598394725,0.015402231311082662,0.0007017025299507867,0.015509772680196402,0.01603376358803837
frozenlake8x8-H8-N96-D0-R1,frozenlake8x8-H8-N96-D0,frozenlake8x8,8,96,1152,1000000,0,1.0,q16-to-q1-f0.25,two_stage,91,83,1149,1047,91,83,1056,999516,4.626373626373627,4.614457831325301,0.050386619799920554,0.9965152597837487,121,0.014886805046340877,0.0006921862598394725,0.015402231311082662,0.0007017025299507867,0.015578991306180349,0.01610393384103345
frozenlake8x8-H8-N96-D0-R0,frozenlake8x8-H8-N96-D0,frozenlake8x8,8,96,1152,1000000,0,0.0,q16-to-q1-f0.5,two_stage,69,64,1131,1056,69,64,1056,999516,8.391304347826088,8.5,0.050386619799920554,0.9965152597837487,121,0.015025901291100239,0.002064530901989599,0.015370961540134533,0.0020900626637714373,0.015025901291100239,0.015370961540134533
frozenlake8x8-H8-N96-D0-R0.1,frozenlake8x8-H8-N96-D0,frozenlake8x8,8,96,1152,1000000,0,0.1,q16-to-q1-f0.5,two_stage,69,64,1131,1056,69,64,1056,999516,8.391304347826088,8.5,0.050386619799920554,0.9965152597837487,121,0.015025901291100239,0.002064530901989599,0.015370961540134533,0.0020900626637714373,0.015232354381299199,0.015579967806511677
frozenlake8x8-H8-N96-D0-R0.3,frozenlake8x8-H8-N96-D0,frozenlake8x8,8,96,1152,1000000,0,0.3,q16-to-q1-f0.5,two_stage,69,64,1131,1056,69,64,1056,999516,8.391304347826088,8.5,0.050386619799920554,0.9965152597837487,121,0.015025901291100239,0.002064530901989599,0.015370961540134533,0.0020900626637714373,0.015645260561697117,0.015997980339265964
frozenlake8x8-H8-N96-D0-R0.5,frozenlake8x8-H8-N96-D0,frozenlake8x8,8,96,1152,1000000,0,0.5,q16-to-q1-f0.5,two_stage,69,64,1131,1056,69,64,1056,999516,8.391304347826088,8.5,0.050386619799920554,0.9965152597837487,121,0.015025901291100239,0.002064530901989599,0.015370961540134533,0.0020900626637714373,0.016058166742095037,0.016415992872020252
frozenlake8x8-H8-N96-D0-R0.7,frozenlake8x8-H8-N96-D0,frozenlake8x8,8,96,1152,1000000,0,0.7,q16-to-q1-f0.5,two_stage,69,64,1131,1056,69,64,1056,999516,8.391304347826088,8.5,0.050386619799920554,0.9965152597837487,121,0.015025901291100239,0.002064530901989599,0.015370961540134533,0.0020900626637714373,0.016471072922492957,0.01683400540477454
frozenlake8x8-H8-N96-D0-R0.9,frozenlake8x8-H8-N96-D0,frozenlake8x8,8,96,1152,1000000,0,0.9,q16-to-q1-f0.5,two_stage,69,64,1131,1056,69,64,1056,999516,8.391304347826088,8.5,0.050386619799920554,0.9965152597837487,121,0.015025901291100239,0.002064530901989599,0.015370961540134533,0.0020900626637714373,0.016883979102890877,0.017252017937528827
frozenlake8x8-H8-N96-D0-R1,frozenlake8x8-H8-N96-D0,frozenlake8x8,8,96,1152,1000000,0,1.0,q16-to-q1-f0.5,two_stage,69,64,1131,1056,69,64,1056,999516,8.391304347826088,8.5,0.050386619799920554,0.9965152597837487,121,0.015025901291100239,0.002064530901989599,0.015370961540134533,0.0020900626637714373,0.01709043219308984,0.01746102420390597
frozenlake8x8-H8-N96-D0-R0,frozenlake8x8-H8-N96-D0,frozenlake8x8,8,96,1152,1000000,0,0.0,q16-to-q1-f0.75,two_stage,57,52,1143,1053,57,52,1056,999516,12.052631578947368,12.25,0.050386619799920554,0.9965152597837487,121,0.014730218463821457,0.00328216469019302,0.015150905537007228,0.0032634825690042294,0.014730218463821457,0.015150905537007228
frozenlake8x8-H8-N96-D0-R0.1,frozenlake8x8-H8-N96-D0,frozenlake8x8,8,96,1152,1000000,0,0.1,q16-to-q1-f0.75,two_stage,57,52,1143,1053,57,52,1056,999516,12.052631578947368,12.25,0.050386619799920554,0.9965152597837487,121,0.014730218463821457,0.00328216469019302,0.015150905537007228,0.0032634825690042294,0.015058434932840759,0.015477253793907651
frozenlake8x8-H8-N96-D0-R0.3,frozenlake8x8-H8-N96-D0,frozenlake8x8,8,96,1152,1000000,0,0.3,q16-to-q1-f0.75,two_stage,57,52,1143,1053,57,52,1056,999516,12.052631578947368,12.25,0.050386619799920554,0.9965152597837487,121,0.014730218463821457,0.00328216469019302,0.015150905537007228,0.0032634825690042294,0.015714867870879362,0.016129950307708498
frozenlake8x8-H8-N96-D0-R0.5,frozenlake8x8-H8-N96-D0,frozenlake8x8,8,96,1152,1000000,0,0.5,q16-to-q1-f0.75,two_stage,57,52,1143,1053,57,52,1056,999516,12.052631578947368,12.25,0.050386619799920554,0.9965152597837487,121,0.014730218463821457,0.00328216469019302,0.015150905537007228,0.0032634825690042294,0.016371300808917966,0.01678264682150934
frozenlake8x8-H8-N96-D0-R0.7,frozenlake8x8-H8-N96-D0,frozenlake8x8,8,96,1152,1000000,0,0.7,q16-to-q1-f0.75,two_stage,57,52,1143,1053,57,52,1056,999516,12.052631578947368,12.25,0.050386619799920554,0.9965152597837487,121,0.014730218463821457,0.00328216469019302,0.015150905537007228,0.0032634825690042294,0.01702773374695657,0.01743534333531019
frozenlake8x8-H8-N96-D0-R0.9,frozenlake8x8-H8-N96-D0,frozenlake8x8,8,96,1152,1000000,0,0.9,q16-to-q1-f0.75,two_stage,57,52,1143,1053,57,52,1056,999516,12.052631578947368,12.25,0.050386619799920554,0.9965152597837487,121,0.014730218463821457,0.00328216469019302,0.015150905537007228,0.0032634825690042294,0.017684166684995176,0.018088039849111035
frozenlake8x8-H8-N96-D0-R1,frozenlake8x8-H8-N96-D0,frozenlake8x8,8,96,1152,1000000,0,1.0,q16-to-q1-f0.75,two_stage,57,52,1143,1053,57,52,1056,999516,12.052631578947368,12.25,0.050386619799920554,0.9965152597837487,121,0.014730218463821457,0.00328216469019302,0.015150905537007228,0.0032634825690042294,0.018012383154014478,0.018414388106011457
frozenlake8x8-H8-N96-D4-R0,frozenlake8x8-H8-N96-D4,frozenlake8x8,8,96,1152,1000000,4,0.0,fixed-q1,fixed,128,117,1152,1053,132,121,1056,999512,1.0,1.0,0.050386619799920554,0.9964655548707235,121,0.013653525975485891,0.0,0.014253749121209481,0.0,0.013653525975485891,0.014253749121209481
frozenlake8x8-H8-N96-D4-R0.1,frozenlake8x8-H8-N96-D4,frozenlake8x8,8,96,1152,1000000,4,0.1,fixed-q1,fixed,128,117,1152,1053,132,121,1056,999512,1.0,1.0,0.050386619799920554,0.9964655548707235,121,0.013653525975485891,0.0,0.014253749121209481,0.0,0.013653525975485891,0.014253749121209481
frozenlake8x8-H8-N96-D4-R0.3,frozenlake8x8-H8-N96-D4,frozenlake8x8,8,96,1152,1000000,4,0.3,fixed-q1,fixed,128,117,1152,1053,132,121,1056,999512,1.0,1.0,0.050386619799920554,0.9964655548707235,121,0.013653525975485891,0.0,0.014253749121209481,0.0,0.013653525975485891,0.014253749121209481
frozenlake8x8-H8-N96-D4-R0.5,frozenlake8x8-H8-N96-D4,frozenlake8x8,8,96,1152,1000000,4,0.5,fixed-q1,fixed,128,117,1152,1053,132,121,1056,999512,1.0,1.0,0.050386619799920554,0.9964655548707235,121,0.013653525975485891,0.0,0.014253749121209481,0.0,0.013653525975485891,0.014253749121209481
frozenlake8x8-H8-N96-D4-R0.7,frozenlake8x8-H8-N96-D4,frozenlake8x8,8,96,1152,1000000,4,0.7,fixed-q1,fixed,128,117,1152,1053,132,121,1056,999512,1.0,1.0,0.050386619799920554,0.9964655548707235,121,0.013653525975485891,0.0,0.014253749121209481,0.0,0.013653525975485891,0.014253749121209481
frozenlake8x8-H8-N96-D4-R0.9,frozenlake8x8-H8-N96-D4,frozenlake8x8,8,96,1152,1000000,4,0.9,fixed-q1,fixed,128,117,1152,1053,132,121,1056,999512,1.0,1.0,0.050386619799920554,0.9964655548707235,121,0.013653525975485891,0.0,0.014253749121209481,0.0,0.013653525975485891,0.014253749121209481
frozenlake8x8-H8-N96-D4-R1,frozenlake8x8-H8-N96-D4,frozenlake8x8,8,96,1152,1000000,4,1.0,fixed-q1,fixed,128,117,1152,1053,132,121,1056,999512,1.0,1.0,0.050386619799920554,0.9964655548707235,121,0.013653525975485891,0.0,0.014253749121209481,0.0,0.013653525975485891,0.014253749121209481
frozenlake8x8-H8-N96-D4-R0,frozenlake8x8-H8-N96-D4,frozenlake8x8,8,96,1152,1000000,4,0.0,fixed-q4,fixed,96,88,1152,1056,100,92,1056,999512,4.0,4.0,0.050386619799920554,0.9964655548707235,121,0.012097528190520639,0.003416062761966708,0.012641723000975906,0.0033967255038005245,0.012097528190520639,0.012641723000975906
frozenlake8x8-H8-N96-D4-R0.1,frozenlake8x8-H8-N96-D4,frozenlake8x8,8,96,1152,1000000,4,0.1,fixed-q4,fixed,96,88,1152,1056,100,92,1056,999512,4.0,4.0,0.050386619799920554,0.9964655548707235,121,0.012097528190520639,0.003416062761966708,0.012641723000975906,0.0033967255038005245,0.01243913446671731,0.012981395551355959
frozenlake8x8-H8-N96-D4-R0.3,frozenlake8x8-H8-N96-D4,frozenlake8x8,8,96,1152,1000000,4,0.3,fixed-q4,fixed,96,88,1152,1056,100,92,1056,999512,4.0,4.0,0.050386619799920554,0.9964655548707235,121,0.012097528190520639,0.003416062761966708,0.012641723000975906,0.0033967255038005245,0.013122347019110652,0.013660740652116064
frozenlake8x8-H8-N96-D4-R0.5,frozenlake8x8-H8-N96-D4,frozenlake8x8,8,96,1152,1000000,4,0.5,fixed-q4,fixed,96,88,1152,1056,100,92,1056,999512,4.0,4.0,0.050386619799920554,0.9964655548707235,121,0.012097528190520639,0.003416062761966708,0.012641723000975906,0.0033967255038005245,0.013805559571503994,0.014340085752876168
frozenlake8x8-H8-N96-D4-R0.7,frozenlake8x8-H8-N96-D4,frozenlake8x8,8,96,1152,1000000,4,0.7,fixed-q4,fixed,96,88,1152,1056,100,92,1056,999512,4.0,4.0,0.050386619799920554,0.9964655548707235,121,0.012097528190520639,0.003416062761966708,0.012641723000975906,0.0033967255038005245,0.014488772123897334,0.015019430853636273
frozenlake8x8-H8-N96-D4-R0.9,frozenlake8x8-H8-N96-D4,frozenlake8x8,8,96,1152,1000000,4,0.9,fixed-q4,fixed,96,88,1152,1056,100,92,1056,999512,4.0,4.0,0.050386619799920554,0.9964655548707235,121,0.012097528190520639,0.003416062761966708,0.012641723000975906,0.0033967255038005245,0.015171984676290676,0.01569877595439638
frozenlake8x8-H8-N96-D4-R1,frozenlake8x8-H8-N96-D4,frozenlake8x8,8,96,1152,1000000,4,1.0,fixed-q4,fixed,96,88,1152,1056,100,92,1056,999512,4.0,4.0,0.050386619799920554,0.9964655548707235,121,0.012097528190520639,0.003416062761966708,0.012641723000975906,0.0033967255038005245,0.015513590952487347,0.01603844850477643
frozenlake8x8-H8-N96-D4-R0,frozenlake8x8-H8-N96-D4,frozenlake8x8,8,96,1152,1000000,4,0.0,fixed-q16,fixed,48,44,1152,1056,52,48,1056,999512,16.0,16.0,0.050386619799920554,0.9964655548707235,121,0.015246941354708702,0.003863790889660434,0.015683328358627593,0.0037803417950001373,0.015246941354708702,0.015683328358627593
frozenlake8x8-H8-N96-D4-R0.1,frozenlake8x8-H8-N96-D4,frozenlake8x8,8,96,1152,1000000,4,0.1,fixed-q16,fixed,48,44,1152,1056,52,48,1056,999512,16.0,16.0,0.050386619799920554,0.9964655548707235,121,0.015246941354708702,0.003863790889660434,0.015683328358627593,0.0037803417950001373,0.015633320443674745,0.016061362538127608
frozenlake8x8-H8-N96-D4-R0.3,frozenlake8x8-H8-N96-D4,frozenlake8x8,8,96,1152,1000000,4,0.3,fixed-q16,fixed,48,44,1152,1056,52,48,1056,999512,16.0,16.0,0.050386619799920554,0.9964655548707235,121,0.015246941354708702,0.003863790889660434,0.015683328358627593,0.0037803417950001373,0.016406078621606833,0.016817430897127634
frozenlake8x8-H8-N96-D4-R0.5,frozenlake8x8-H8-N96-D4,frozenlake8x8,8,96,1152,1000000,4,0.5,fixed-q16,fixed,48,44,1152,1056,52,48,1056,999512,16.0,16.0,0.050386619799920554,0.9964655548707235,121,0.015246941354708702,0.003863790889660434,0.015683328358627593,0.0037803417950001373,0.017178836799538917,0.01757349925612766
frozenlake8x8-H8-N96-D4-R0.7,frozenlake8x8-H8-N96-D4,frozenlake8x8,8,96,1152,1000000,4,0.7,fixed-q16,fixed,48,44,1152,1056,52,48,1056,999512,16.0,16.0,0.050386619799920554,0.9964655548707235,121,0.015246941354708702,0.003863790889660434,0.015683328358627593,0.0037803417950001373,0.017951594977471005,0.01832956761512769
frozenlake8x8-H8-N96-D4-R0.9,frozenlake8x8-H8-N96-D4,frozenlake8x8,8,96,1152,1000000,4,0.9,fixed-q16,fixed,48,44,1152,1056,52,48,1056,999512,16.0,16.0,0.050386619799920554,0.9964655548707235,121,0.015246941354708702,0.003863790889660434,0.015683328358627593,0.0037803417950001373,0.018724353155403092,0.019085635974127716
frozenlake8x8-H8-N96-D4-R1,frozenlake8x8-H8-N96-D4,frozenlake8x8,8,96,1152,1000000,4,1.0,fixed-q16,fixed,48,44,1152,1056,52,48,1056,999512,16.0,16.0,0.050386619799920554,0.9964655548707235,121,0.015246941354708702,0.003863790889660434,0.015683328358627593,0.0037803417950001373,0.019110732244369134,0.01946367015362773
frozenlake8x8-H8-N96-D4-R0,frozenlake8x8-H8-N96-D4,frozenlake8x8,8,96,1152,1000000,4,0.0,q1-to-q16-f0.25,two_stage,56,52,1134,1053,60,56,1056,999512,12.25,12.25,0.050386619799920554,0.9964655548707235,121,0.015272329490665438,0.003158238858520797,0.015675396304656003,0.0030909308296673023,0.015272329490665438,0.015675396304656003
frozenlake8x8-H8-N96-D4-R0.1,frozenlake8x8-H8-N96-D4,frozenlake8x8,8,96,1152,1000000,4,0.1,q1-to-q16-f0.25,two_stage,56,52,1134,1053,60,56,1056,999512,12.25,12.25,0.050386619799920554,0.9964655548707235,121,0.015272329490665438,0.003158238858520797,0.015675396304656003,0.0030909308296673023,0.015588153376517517,0.015984489387622734
frozenlake8x8-H8-N96-D4-R0.3,frozenlake8x8-H8-N96-D4,frozenlake8x8,8,96,1152,1000000,4,0.3,q1-to-q16-f0.25,two_stage,56,52,1134,1053,60,56,1056,999512,12.25,12.25,0.050386619799920554,0.9964655548707235,121,0.015272329490665438,0.003158238858520797,0.015675396304656003,0.0030909308296673023,0.016219801148221677,0.016602675553556195
frozenlake8x8-H8-N96-D4-R0.5,frozenlake8x8-H8-N96-D4,frozenlake8x8,8,96,1152,1000000,4,0.5,q1-to-q16-f0.25,two_stage,56,52,1134,1053,60,56,1056,999512,12.25,12.25,0.050386619799920554,0.9964655548707235,121,0.015272329490665438,0.003158238858520797,0.015675396304656003,0.0030909308296673023,0.016851448919925835,0.017220861719489652
frozenlake8x8-H8-N96-D4-R0.7,frozenlake8x8-H8-N96-D4,frozenlake8x8,8,96,1152,1000000,4,0.7,q1-to-q16-f0.25,two_stage,56,52,1134,1053,60,56,1056,999512,12.25,12.25,0.050386619799920554,0.9964655548707235,121,0.015272329490665438,0.003158238858520797,0.015675396304656003,0.0030909308296673023,0.017483096691629996,0.017839047885423114
frozenlake8x8-H8-N96-D4-R0.9,frozenlake8x8-H8-N96-D4,frozenlake8x8,8,96,1152,1000000,4,0.9,q1-to-q16-f0.25,two_stage,56,52,1134,1053,60,56,1056,999512,12.25,12.25,0.050386619799920554,0.9964655548707235,121,0.015272329490665438,0.003158238858520797,0.015675396304656003,0.0030909308296673023,0.018114744463334154,0.018457234051356575
frozenlake8x8-H8-N96-D4-R1,frozenlake8x8-H8-N96-D4,frozenlake8x8,8,96,1152,1000000,4,1.0,q1-to-q16-f0.25,two_stage,56,52,1134,1053,60,56,1056,999512,12.25,12.25,0.050386619799920554,0.9964655548707235,121,0.015272329490665438,0.003158238858520797,0.015675396304656003,0.0030909308296673023,0.018430568349186237,0.018766327134323305
frozenlake8x8-H8-N96-D4-R0,frozenlake8x8-H8-N96-D4,frozenlake8x8,8,96,1152,1000000,4,0.0,q1-to-q16-f0.5,two_stage,69,64,1146,1056,73,68,1056,999512,8.608695652173912,8.5,0.050386619799920554,0.9964655548707235,121,0.01554524079857264,0.0018533815335635394,0.015992918665710815,0.0017918342640955496,0.01554524079857264,0.015992918665710815
frozenlake8x8-H8-N96-D4-R0.1,frozenlake8x8-H8-N96-D4,frozenlake8x8,8,96,1152,1000000,4,0.1,q1-to-q16-f0.5,two_stage,69,64,1146,1056,73,68,1056,999512,8.608695652173912,8.5,0.050386619799920554,0.9964655548707235,121,0.01554524079857264,0.0018533815335635394,0.015992918665710815,0.0017918342640955496,0.015730578951928996,0.01617210209212037
frozenlake8x8-H8-N96-D4-R0.3,frozenlake8x8-H8-N96-D4,frozenlake8x8,8,96,1152,1000000,4,0.3,q1-to-q16-f0.5,two_stage,69,64,1146,1056,73,68,1056,999512,8.608695652173912,8.5,0.050386619799920554,0.9964655548707235,121,0.01554524079857264,0.0018533815335635394,0.015992918665710815,0.0017918342640955496,0.016101255258641704,0.01653046894493948
frozenlake8x8-H8-N96-D4-R0.5,frozenlake8x8-H8-N96-D4,frozenlake8x8,8,96,1152,1000000,4,0.5,q1-to-q16-f0.5,two_stage,69,64,1146,1056,73,68,1056,999512,8.608695652173912,8.5,0.050386619799920554,0.9964655548707235,121,0.01554524079857264,0.0018533815335635394,0.015992918665710815,0.0017918342640955496,0.01647193156535441,0.01688883579775859
frozenlake8x8-H8-N96-D4-R0.7,frozenlake8x8-H8-N96-D4,frozenlake8x8,8,96,1152,1000000,4,0.7,q1-to-q16-f0.5,two_stage,69,64,1146,1056,73,68,1056,999512,8.608695652173912,8.5,0.050386619799920554,0.9964655548707235,121,0.01554524079857264,0.0018533815335635394,0.015992918665710815,0.0017918342640955496,0.01684260787206712,0.0172472026505777
frozenlake8x8-H8-N96-D4-R0.9,frozenlake8x8-H8-N96-D4,frozenlake8x8,8,96,1152,1000000,4,0.9,q1-to-q16-f0.5,two_stage,69,64,1146,1056,73,68,1056,999512,8.608695652173912,8.5,0.050386619799920554,0.9964655548707235,121,0.01554524079857264,0.0018533815335635394,0.015992918665710815,0.0017918342640955496,0.017213284178779827,0.01760556950339681
frozenlake8x8-H8-N96-D4-R1,frozenlake8x8-H8-N96-D4,frozenlake8x8,8,96,1152,1000000,4,1.0,q1-to-q16-f0.5,two_stage,69,64,1146,1056,73,68,1056,999512,8.608695652173912,8.5,0.050386619799920554,0.9964655548707235,121,0.01554524079857264,0.0018533815335635394,0.015992918665710815,0.0017918342640955496,0.01739862233213618,0.017784752929806365
frozenlake8x8-H8-N96-D4-R0,frozenlake8x8-H8-N96-D4,frozenlake8x8,8,96,1152,1000000,4,0.0,q1-to-q16-f0.75,two_stage,89,82,1146,1053,93,86,1056,999512,4.876404494382022,4.841463414634147,0.050386619799920554,0.9964655548707235,121,0.015575163773610642,0.0003969719445327872,0.016070395877882775,0.0003795180995132557,0.015575163773610642,0.016070395877882775
frozenlake8x8-H8-N96-D4-R0.1,frozenlake8x8-H8-N96-D4,frozenlake8x8,8,96,1152,1000000,4,0.1,q1-to-q16-f0.75,two_stage,89,82,1146,1053,93,86,1056,999512,4.876404494382022,4.841463414634147,0.050386619799920554,0.9964655548707235,121,0.015575163773610642,0.0003969719445327872,0.016070395877882775,0.0003795180995132557,0.01561486096806392,0.0161083476878341
frozenlake8x8-H8-N96-D4-R0.3,frozenlake8x8-H8-N96-D4,frozenlake8x8,8,96,1152,1000000,4,0.3,q1-to-q16-f0.75,two_stage,89,82,1146,1053,93,86,1056,999512,4.876404494382022,4.841463414634147,0.050386619799920554,0.9964655548707235,121,0.015575163773610642,0.0003969719445327872,0.016070395877882775,0.0003795180995132557,0.015694255356970478,0.016184251307736753
frozenlake8x8-H8-N96-D4-R0.5,frozenlake8x8-H8-N96-D4,frozenlake8x8,8,96,1152,1000000,4,0.5,q1-to-q16-f0.75,two_stage,89,82,1146,1053,93,86,1056,999512,4.876404494382022,4.841463414634147,0.050386619799920554,0.9964655548707235,121,0.015575163773610642,0.0003969719445327872,0.016070395877882775,0.0003795180995132557,0.015773649745877034,0.0162601549276394
frozenlake8x8-H8-N96-D4-R0.7,frozenlake8x8-H8-N96-D4,frozenlake8x8,8,96,1152,1000000,4,0.7,q1-to-q16-f0.75,two_stage,89,82,1146,1053,93,86,1056,999512,4.876404494382022,4.841463414634147,0.050386619799920554,0.9964655548707235,121,0.015575163773610642,0.0003969719445327872,0.016070395877882775,0.0003795180995132557,0.015853044134783594,0.016336058547542054
frozenlake8x8-H8-N96-D4-R0.9,frozenlake8x8-H8-N96-D4,frozenlake8x8,8,96,1152,1000000,4,0.9,q1-to-q16-f0.75,two_stage,89,82,1146,1053,93,86,1056,999512,4.876404494382022,4.841463414634147,0.050386619799920554,0.9964655548707235,121,0.015575163773610642,0.0003969719445327872,0.016070395877882775,0.0003795180995132557,0.01593243852369015,0.016411962167444706
frozenlake8x8-H8-N96-D4-R1,frozenlake8x8-H8-N96-D4,frozenlake8x8,8,96,1152,1000000,4,1.0,q1-to-q16-f0.75,two_stage,89,82,1146,1053,93,86,1056,999512,4.876404494382022,4.841463414634147,0.050386619799920554,0.9964655548707235,121,0.015575163773610642,0.0003969719445327872,0.016070395877882775,0.0003795180995132557,0.01597213571814343,0.01644991397739603
frozenlake8x8-H8-N96-D4-R0,frozenlake8x8-H8-N96-D4,frozenlake8x8,8,96,1152,1000000,4,0.0,q16-to-q1-f0.25,two_stage,91,83,1149,1047,95,87,1056,999512,4.626373626373627,4.614457831325301,0.050386619799920554,0.9964655548707235,121,0.01513203733995825,0.0007072443580699751,0.015661893230830032,0.0007190641768657975,0.01513203733995825,0.015661893230830032
frozenlake8x8-H8-N96-D4-R0.1,frozenlake8x8-H8-N96-D4,frozenlake8x8,8,96,1152,1000000,4,0.1,q16-to-q1-f0.25,two_stage,91,83,1149,1047,95,87,1056,999512,4.626373626373627,4.614457831325301,0.050386619799920554,0.9964655548707235,121,0.01513203733995825,0.0007072443580699751,0.015661893230830032,0.0007190641768657975,0.015202761775765248,0.01573379964851661
frozenlake8x8-H8-N96-D4-R0.3,frozenlake8x8-H8-N96-D4,frozenlake8x8,8,96,1152,1000000,4,0.3,q16-to-q1-f0.25,two_stage,91,83,1149,1047,95,87,1056,999512,4.626373626373627,4.614457831325301,0.050386619799920554,0.9964655548707235,121,0.01513203733995825,0.0007072443580699751,0.015661893230830032,0.0007190641768657975,0.015344210647379243,0.01587761248388977
frozenlake8x8-H8-N96-D4-R0.5,frozenlake8x8-H8-N96-D4,frozenlake8x8,8,96,1152,1000000,4,0.5,q16-to-q1-f0.25,two_stage,91,83,1149,1047,95,87,1056,999512,4.626373626373627,4.614457831325301,0.050386619799920554,0.9964655548707235,121,0.01513203733995825,0.0007072443580699751,0.015661893230830032,0.0007190641768657975,0.015485659518993238,0.01602142531926293
frozenlake8x8-H8-N96-D4-R0.7,frozenlake8x8-H8-N96-D4,frozenlake8x8,8,96,1152,1000000,4,0.7,q16-to-q1-f0.25,two_stage,91,83,1149,1047,95,87,1056,999512,4.626373626373627,4.614457831325301,0.050386619799920554,0.9964655548707235,121,0.01513203733995825,0.0007072443580699751,0.015661893230830032,0.0007190641768657975,0.01562710839060723,0.01616523815463609
frozenlake8x8-H8-N96-D4-R0.9,frozenlake8x8-H8-N96-D4,frozenlake8x8,8,96,1152,1000000,4,0.9,q16-to-q1-f0.25,two_stage,91,83,1149,1047,95,87,1056,999512,4.626373626373627,4.614457831325301,0.050386619799920554,0.9964655548707235,121,0.01513203733995825,0.0007072443580699751,0.015661893230830032,0.0007190641768657975,0.015768557262221226,0.01630905099000925
frozenlake8x8-H8-N96-D4-R1,frozenlake8x8-H8-N96-D4,frozenlake8x8,8,96,1152,1000000,4,1.0,q16-to-q1-f0.25,two_stage,91,83,1149,1047,95,87,1056,999512,4.626373626373627,4.614457831325301,0.050386619799920554,0.9964655548707235,121,0.01513203733995825,0.0007072443580699751,0.015661893230830032,0.0007190641768657975,0.015839281698028226,0.01638095740769583
frozenlake8x8-H8-N96-D4-R0,frozenlake8x8-H8-N96-D4,frozenlake8x8,8,96,1152,1000000,4,0.0,q16-to-q1-f0.5,two_stage,69,64,1131,1056,73,68,1056,999512,8.391304347826088,8.5,0.050386619799920554,0.9964655548707235,121,0.015198890805916214,0.002199731526219965,0.01554465562233575,0.0022400973074706266,0.015198890805916214,0.01554465562233575
frozenlake8x8-H8-N96-D4-R0.1,frozenlake8x8-H8-N96-D4,frozenlake8x8,8,96,1152,1000000,4,0.1,q16-to-q1-f0.5,two_stage,69,64,1131,1056,73,68,1056,999512,8.391304347826088,8.5,0.050386619799920554,0.9964655548707235,121,0.015198890805916214,0.002199731526219965,0.01554465562233575,0.0022400973074706266,0.01541886395853821,0.015768665353082814
frozenlake8x8-H8-N96-D4-R0.3,frozenlake8x8-H8-N96-D4,frozenlake8x8,8,96,1152,1000000,4,0.3,q16-to-q1-f0.5,two_stage,69,64,1131,1056,73,68,1056,999512,8.391304347826088,8.5,0.050386619799920554,0.9964655548707235,121,0.015198890805916214,0.002199731526219965,0.01554465562233575,0.0022400973074706266,0.015858810263782202,0.01621668481457694
frozenlake8x8-H8-N96-D4-R0.5,frozenlake8x8-H8-N96-D4,frozenlake8x8,8,96,1152,1000000,4,0.5,q16-to-q1-f0.5,two_stage,69,64,1131,1056,73,68,1056,999512,8.391304347826088,8.5,0.050386619799920554,0.9964655548707235,121,0.015198890805916214,0.002199731526219965,0.01554465562233575,0.0022400973074706266,0.016298756569026195,0.016664704276071064
frozenlake8x8-H8-N96-D4-R0.7,frozenlake8x8-H8-N96-D4,frozenlake8x8,8,96,1152,1000000,4,0.7,q16-to-q1-f0.5,two_stage,69,64,1131,1056,73,68,1056,999512,8.391304347826088,8.5,0.050386619799920554,0.9964655548707235,121,0.015198890805916214,0.002199731526219965,0.01554465562233575,0.0022400973074706266,0.01673870287427019,0.01711272373756519
frozenlake8x8-H8-N96-D4-R0.9,frozenlake8x8-H8-N96-D4,frozenlake8x8,8,96,1152,1000000,4,0.9,q16-to-q1-f0.5,two_stage,69,64,1131,1056,73,68,1056,999512,8.391304347826088,8.5,0.050386619799920554,0.9964655548707235,121,0.015198890805916214,0.002199731526219965,0.01554465562233575,0.0022400973074706266,0.017178649179514182,0.017560743199059314
frozenlake8x8-H8-N96-D4-R1,frozenlake8x8-H8-N96-D4,frozenlake8x8,8,96,1152,1000000,4,1.0,q16-to-q1-f0.5,two_stage,69,64,1131,1056,73,68,1056,999512,8.391304347826088,8.5,0.050386619799920554,0.9964655548707235,121,0.015198890805916214,0.002199731526219965,0.01554465562233575,0.0022400973074706266,0.01739862233213618,0.017784752929806375
frozenlake8x8-H8-N96-D4-R0,frozenlake8x8-H8-N96-D4,frozenlake8x8,8,96,1152,1000000,4,0.0,q16-to-q1-f0.75,two_stage,57,52,1143,1053,61,56,1056,999512,12.052631578947368,12.25,0.050386619799920554,0.9964655548707235,121,0.014712936919592731,0.0036353272213952236,0.015124834859567076,0.0036414922747562127,0.014712936919592731,0.015124834859567076
frozenlake8x8-H8-N96-D4-R0.1,frozenlake8x8-H8-N96-D4,frozenlake8x8,8,96,1152,1000000,4,0.1,q16-to-q1-f0.75,two_stage,57,52,1143,1053,61,56,1056,999512,12.052631578947368,12.25,0.050386619799920554,0.9964655548707235,121,0.014712936919592731,0.0036353272213952236,0.015124834859567076,0.0036414922747562127,0.015076469641732253,0.015488984087042697
frozenlake8x8-H8-N96-D4-R0.3,frozenlake8x8-H8-N96-D4,frozenlake8x8,8,96,1152,1000000,4,0.3,q16-to-q1-f0.75,two_stage,57,52,1143,1053,61,56,1056,999512,12.052631578947368,12.25,0.050386619799920554,0.9964655548707235,121,0.014712936919592731,0.0036353272213952236,0.015124834859567076,0.0036414922747562127,0.0158035350860113,0.01621728254199394
frozenlake8x8-H8-N96-D4-R0.5,frozenlake8x8-H8-N96-D4,frozenlake8x8,8,96,1152,1000000,4,0.5,q16-to-q1-f0.75,two_stage,57,52,1143,1053,61,56,1056,999512,12.052631578947368,12.25,0.050386619799920554,0.9964655548707235,121,0.014712936919592731,0.0036353272213952236,0.015124834859567076,0.0036414922747562127,0.016530600530290342,0.01694558099694518
frozenlake8x8-H8-N96-D4-R0.7,frozenlake8x8-H8-N96-D4,frozenlake8x8,8,96,1152,1000000,4,0.7,q16-to-q1-f0.75,two_stage,57,52,1143,1053,61,56,1056,999512,12.052631578947368,12.25,0.050386619799920554,0.9964655548707235,121,0.014712936919592731,0.0036353272213952236,0.015124834859567076,0.0036414922747562127,0.01725766597456939,0.017673879451896423
frozenlake8x8-H8-N96-D4-R0.9,frozenlake8x8-H8-N96-D4,frozenlake8x8,8,96,1152,1000000,4,0.9,q16-to-q1-f0.75,two_stage,57,52,1143,1053,61,56,1056,999512,12.052631578947368,12.25,0.050386619799920554,0.9964655548707235,121,0.014712936919592731,0.0036353272213952236,0.015124834859567076,0.0036414922747562127,0.017984731418848432,0.01840217790684767
frozenlake8x8-H8-N96-D4-R1,frozenlake8x8-H8-N96-D4,frozenlake8x8,8,96,1152,1000000,4,1.0,q16-to-q1-f0.75,two_stage,57,52,1143,1053,61,56,1056,999512,12.052631578947368,12.25,0.050386619799920554,0.9964655548707235,121,0.014712936919592731,0.0036353272213952236,0.015124834859567076,0.0036414922747562127,0.018348264140987953,0.018766327134323288
frozenlake8x8-H8-N96-D8-R0,frozenlake8x8-H8-N96-D8,frozenlake8x8,8,96,1152,1000000,8,0.0,fixed-q1,fixed,128,117,1152,1053,136,125,1056,999508,1.0,1.0,0.050386619799920554,0.9964136466884351,121,0.013921893127920464,0.0,0.014546594941309634,0.0,0.013921893127920464,0.014546594941309634
frozenlake8x8-H8-N96-D8-R0.1,frozenlake8x8-H8-N96-D8,frozenlake8x8,8,96,1152,1000000,8,0.1,fixed-q1,fixed,128,117,1152,1053,136,125,1056,999508,1.0,1.0,0.050386619799920554,0.9964136466884351,121,0.013921893127920464,0.0,0.014546594941309634,0.0,0.013921893127920464,0.014546594941309634
frozenlake8x8-H8-N96-D8-R0.3,frozenlake8x8-H8-N96-D8,frozenlake8x8,8,96,1152,1000000,8,0.3,fixed-q1,fixed,128,117,1152,1053,136,125,1056,999508,1.0,1.0,0.050386619799920554,0.9964136466884351,121,0.013921893127920464,0.0,0.014546594941309634,0.0,0.013921893127920464,0.014546594941309634
frozenlake8x8-H8-N96-D8-R0.5,frozenlake8x8-H8-N96-D8,frozenlake8x8,8,96,1152,1000000,8,0.5,fixed-q1,fixed,128,117,1152,1053,136,125,1056,999508,1.0,1.0,0.050386619799920554,0.9964136466884351,121,0.013921893127920464,0.0,0.014546594941309634,0.0,0.013921893127920464,0.014546594941309634
frozenlake8x8-H8-N96-D8-R0.7,frozenlake8x8-H8-N96-D8,frozenlake8x8,8,96,1152,1000000,8,0.7,fixed-q1,fixed,128,117,1152,1053,136,125,1056,999508,1.0,1.0,0.050386619799920554,0.9964136466884351,121,0.013921893127920464,0.0,0.014546594941309634,0.0,0.013921893127920464,0.014546594941309634
frozenlake8x8-H8-N96-D8-R0.9,frozenlake8x8-H8-N96-D8,frozenlake8x8,8,96,1152,1000000,8,0.9,fixed-q1,fixed,128,117,1152,1053,136,125,1056,999508,1.0,1.0,0.050386619799920554,0.9964136466884351,121,0.013921893127920464,0.0,0.014546594941309634,0.0,0.013921893127920464,0.014546594941309634
frozenlake8x8-H8-N96-D8-R1,frozenlake8x8-H8-N96-D8,frozenlake8x8,8,96,1152,1000000,8,1.0,fixed-q1,fixed,128,117,1152,1053,136,125,1056,999508,1.0,1.0,0.050386619799920554,0.9964136466884351,121,0.013921893127920464,0.0,0.014546594941309634,0.0,0.013921893127920464,0.014546594941309634
frozenlake8x8-H8-N96-D8-R0,frozenlake8x8-H8-N96-D8,frozenlake8x8,8,96,1152,1000000,8,0.0,fixed-q4,fixed,96,88,1152,1056,104,96,1056,999508,4.0,4.0,0.050386619799920554,0.9964136466884351,121,0.012135095135416102,0.0037360274498046226,0.012686500221379517,0.0037365445326341122,0.012135095135416102,0.012686500221379517
frozenlake8x8-H8-N96-D8-R0.1,frozenlake8x8-H8-N96-D8,frozenlake8x8,8,96,1152,1000000,8,0.1,fixed-q4,fixed,96,88,1152,1056,104,96,1056,999508,4.0,4.0,0.050386619799920554,0.9964136466884351,121,0.012135095135416102,0.0037360274498046226,0.012686500221379517,0.0037365445326341122,0.012508697880396564,0.013060154674642927
frozenlake8x8-H8-N96-D8-R0.3,frozenlake8x8-H8-N96-D8,frozenlake8x8,8,96,1152,1000000,8,0.3,fixed-q4,fixed,96,88,1152,1056,104,96,1056,999508,4.0,4.0,0.050386619799920554,0.9964136466884351,121,0.012135095135416102,0.0037360274498046226,0.012686500221379517,0.0037365445326341122,0.013255903370357489,0.01380746358116975
frozenlake8x8-H8-N96-D8-R0.5,frozenlake8x8-H8-N96-D8,frozenlake8x8,8,96,1152,1000000,8,0.5,fixed-q4,fixed,96,88,1152,1056,104,96,1056,999508,4.0,4.0,0.050386619799920554,0.9964136466884351,121,0.012135095135416102,0.0037360274498046226,0.012686500221379517,0.0037365445326341122,0.014003108860318414,0.014554772487696573
frozenlake8x8-H8-N96-D8-R0.7,frozenlake8x8-H8-N96-D8,frozenlake8x8,8,96,1152,1000000,8,0.7,fixed-q4,fixed,96,88,1152,1056,104,96,1056,999508,4.0,4.0,0.050386619799920554,0.9964136466884351,121,0.012135095135416102,0.0037360274498046226,0.012686500221379517,0.0037365445326341122,0.014750314350279337,0.015302081394223396
frozenlake8x8-H8-N96-D8-R0.9,frozenlake8x8-H8-N96-D8,frozenlake8x8,8,96,1152,1000000,8,0.9,fixed-q4,fixed,96,88,1152,1056,104,96,1056,999508,4.0,4.0,0.050386619799920554,0.9964136466884351,121,0.012135095135416102,0.0037360274498046226,0.012686500221379517,0.0037365445326341122,0.015497519840240262,0.016049390300750217
frozenlake8x8-H8-N96-D8-R1,frozenlake8x8-H8-N96-D8,frozenlake8x8,8,96,1152,1000000,8,1.0,fixed-q4,fixed,96,88,1152,1056,104,96,1056,999508,4.0,4.0,0.050386619799920554,0.9964136466884351,121,0.012135095135416102,0.0037360274498046226,0.012686500221379517,0.0037365445326341122,0.015871122585220724,0.01642304475401363
frozenlake8x8-H8-N96-D8-R0,frozenlake8x8-H8-N96-D8,frozenlake8x8,8,96,1152,1000000,8,0.0,fixed-q16,fixed,48,44,1152,1056,56,52,1056,999508,16.0,16.0,0.050386619799920554,0.9964136466884351,121,0.015222082597510702,0.0044227865274699225,0.01565988380442283,0.004348796307538154,0.015222082597510702,0.01565988380442283
frozenlake8x8-H8-N96-D8-R0.1,frozenlake8x8-H8-N96-D8,frozenlake8x8,8,96,1152,1000000,8,0.1,fixed-q16,fixed,48,44,1152,1056,56,52,1056,999508,16.0,16.0,0.050386619799920554,0.9964136466884351,121,0.015222082597510702,0.0044227865274699225,0.01565988380442283,0.004348796307538154,0.015664361250257695,0.016094763435176646
frozenlake8x8-H8-N96-D8-R0.3,frozenlake8x8-H8-N96-D8,frozenlake8x8,8,96,1152,1000000,8,0.3,fixed-q16,fixed,48,44,1152,1056,56,52,1056,999508,16.0,16.0,0.050386619799920554,0.9964136466884351,121,0.015222082597510702,0.0044227865274699225,0.01565988380442283,0.004348796307538154,0.01654891855575168,0.016964522696684275
frozenlake8x8-H8-N96-D8-R0.5,frozenlake8x8-H8-N96-D8,frozenlake8x8,8,96,1152,1000000,8,0.5,fixed-q16,fixed,48,44,1152,1056,56,52,1056,999508,16.0,16.0,0.050386619799920554,0.9964136466884351,121,0.015222082597510702,0.0044227865274699225,0.01565988380442283,0.004348796307538154,0.017433475861245662,0.017834281958191908
frozenlake8x8-H8-N96-D8-R0.7,frozenlake8x8-H8-N96-D8,frozenlake8x8,8,96,1152,1000000,8,0.7,fixed-q16,fixed,48,44,1152,1056,56,52,1056,999508,16.0,16.0,0.050386619799920554,0.9964136466884351,121,0.015222082597510702,0.0044227865274699225,0.01565988380442283,0.004348796307538154,0.018318033166739647,0.018704041219699537
frozenlake8x8-H8-N96-D8-R0.9,frozenlake8x8-H8-N96-D8,frozenlake8x8,8,96,1152,1000000,8,0.9,fixed-q16,fixed,48,44,1152,1056,56,52,1056,999508,16.0,16.0,0.050386619799920554,0.9964136466884351,121,0.015222082597510702,0.0044227865274699225,0.01565988380442283,0.004348796307538154,0.019202590472233633,0.019573800481207167
frozenlake8x8-H8-N96-D8-R1,frozenlake8x8-H8-N96-D8,frozenlake8x8,8,96,1152,1000000,8,1.0,fixed-q16,fixed,48,44,1152,1056,56,52,1056,999508,16.0,16.0,0.050386619799920554,0.9964136466884351,121,0.015222082597510702,0.0044227865274699225,0.01565988380442283,0.004348796307538154,0.019644869124980625,0.020008680111960983
frozenlake8x8-H8-N96-D8-R0,frozenlake8x8-H8-N96-D8,frozenlake8x8,8,96,1152,1000000,8,0.0,q1-to-q16-f0.25,two_stage,56,52,1134,1053,64,60,1056,999508,12.25,12.25,0.050386619799920554,0.9964136466884351,121,0.015305271478207169,0.003631821155857703,0.015717425488639632,0.0035699192894257546,0.015305271478207169,0.015717425488639632
frozenlake8x8-H8-N96-D8-R0.1,frozenlake8x8-H8-N96-D8,frozenlake8x8,8,96,1152,1000000,8,0.1,q1-to-q16-f0.25,two_stage,56,52,1134,1053,64,60,1056,999508,12.25,12.25,0.050386619799920554,0.9964136466884351,121,0.015305271478207169,0.003631821155857703,0.015717425488639632,0.0035699192894257546,0.01566845359379294,0.01607441741758221
frozenlake8x8-H8-N96-D8-R0.3,frozenlake8x8-H8-N96-D8,frozenlake8x8,8,96,1152,1000000,8,0.3,q1-to-q16-f0.25,two_stage,56,52,1134,1053,64,60,1056,999508,12.25,12.25,0.050386619799920554,0.9964136466884351,121,0.015305271478207169,0.003631821155857703,0.015717425488639632,0.0035699192894257546,0.01639481782496448,0.01678840127546736
frozenlake8x8-H8-N96-D8-R0.5,frozenlake8x8-H8-N96-D8,frozenlake8x8,8,96,1152,1000000,8,0.5,q1-to-q16-f0.25,two_stage,56,52,1134,1053,64,60,1056,999508,12.25,12.25,0.050386619799920554,0.9964136466884351,121,0.015305271478207169,0.003631821155857703,0.015717425488639632,0.0035699192894257546,0.01712118205613602,0.01750238513335251
frozenlake8x8-H8-N96-D8-R0.7,frozenlake8x8-H8-N96-D8,frozenlake8x8,8,96,1152,1000000,8,0.7,q1-to-q16-f0.25,two_stage,56,52,1134,1053,64,60,1056,999508,12.25,12.25,0.050386619799920554,0.9964136466884351,121,0.015305271478207169,0.003631821155857703,0.015717425488639632,0.0035699192894257546,0.017847546287307562,0.01821636899123766
frozenlake8x8-H8-N96-D8-R0.9,frozenlake8x8-H8-N96-D8,frozenlake8x8,8,96,1152,1000000,8,0.9,q1-to-q16-f0.25,two_stage,56,52,1134,1053,64,60,1056,999508,12.25,12.25,0.050386619799920554,0.9964136466884351,121,0.015305271478207169,0.003631821155857703,0.015717425488639632,0.0035699192894257546,0.018573910518479102,0.01893035284912281
frozenlake8x8-H8-N96-D8-R1,frozenlake8x8-H8-N96-D8,frozenlake8x8,8,96,1152,1000000,8,1.0,q1-to-q16-f0.25,two_stage,56,52,1134,1053,64,60,1056,999508,12.25,12.25,0.050386619799920554,0.9964136466884351,121,0.015305271478207169,0.003631821155857703,0.015717425488639632,0.0035699192894257546,0.018937092634064873,0.019287344778065388
frozenlake8x8-H8-N96-D8-R0,frozenlake8x8-H8-N96-D8,frozenlake8x8,8,96,1152,1000000,8,0.0,q1-to-q16-f0.5,two_stage,69,64,1146,1056,77,72,1056,999508,8.608695652173912,8.5,0.050386619799920554,0.9964136466884351,121,0.015725028800317457,0.0021239927321028466,0.0162010664053343,0.0020592533671617815,0.015725028800317457,0.0162010664053343
frozenlake8x8-H8-N96-D8-R0.1,frozenlake8x8-H8-N96-D8,frozenlake8x8,8,96,1152,1000000,8,0.1,q1-to-q16-f0.5,two_stage,69,64,1146,1056,77,72,1056,999508,8.608695652173912,8.5,0.050386619799920554,0.9964136466884351,121,0.015725028800317457,0.0021239927321028466,0.0162010664053343,0.0020592533671617815,0.015937428073527743,0.01640699174205048
frozenlake8x8-H8-N96-D8-R0.3,frozenlake8x8-H8-N96-D8,frozenlake8x8,8,96,1152,1000000,8,0.3,q1-to-q16-f0.5,two_stage,69,64,1146,1056,77,72,1056,999508,8.608695652173912,8.5,0.050386619799920554,0.9964136466884351,121,0.015725028800317457,0.0021239927321028466,0.0162010664053343,0.0020592533671617815,0.016362226619948312,0.016818842415482836
frozenlake8x8-H8-N96-D8-R0.5,frozenlake8x8-H8-N96-D8,frozenlake8x8,8,96,1152,1000000,8,0.5,q1-to-q16-f0.5,two_stage,69,64,1146,1056,77,72,1056,999508,8.608695652173912,8.5,0.050386619799920554,0.9964136466884351,121,0.015725028800317457,0.0021239927321028466,0.0162010664053343,0.0020592533671617815,0.01678702516636888,0.017230693088915193
frozenlake8x8-H8-N96-D8-R0.7,frozenlake8x8-H8-N96-D8,frozenlake8x8,8,96,1152,1000000,8,0.7,q1-to-q16-f0.5,two_stage,69,64,1146,1056,77,72,1056,999508,8.608695652173912,8.5,0.050386619799920554,0.9964136466884351,121,0.015725028800317457,0.0021239927321028466,0.0162010664053343,0.0020592533671617815,0.01721182371278945,0.017642543762347546
frozenlake8x8-H8-N96-D8-R0.9,frozenlake8x8-H8-N96-D8,frozenlake8x8,8,96,1152,1000000,8,0.9,q1-to-q16-f0.5,two_stage,69,64,1146,1056,77,72,1056,999508,8.608695652173912,8.5,0.050386619799920554,0.9964136466884351,121,0.015725028800317457,0.0021239927321028466,0.0162010664053343,0.0020592533671617815,0.01763662225921002,0.018054394435779903
frozenlake8x8-H8-N96-D8-R1,frozenlake8x8-H8-N96-D8,frozenlake8x8,8,96,1152,1000000,8,1.0,q1-to-q16-f0.5,two_stage,69,64,1146,1056,77,72,1056,999508,8.608695652173912,8.5,0.050386619799920554,0.9964136466884351,121,0.015725028800317457,0.0021239927321028466,0.0162010664053343,0.0020592533671617815,0.017849021532420302,0.01826031977249608
frozenlake8x8-H8-N96-D8-R0,frozenlake8x8-H8-N96-D8,frozenlake8x8,8,96,1152,1000000,8,0.0,q1-to-q16-f0.75,two_stage,89,82,1146,1053,97,90,1056,999508,4.876404494382022,4.841463414634147,0.050386619799920554,0.9964136466884351,121,0.015893891095231212,0.0004551654005196448,0.016423019599053613,0.0004330408362538906,0.015893891095231212,0.016423019599053613
frozenlake8x8-H8-N96-D8-R0.1,frozenlake8x8-H8-N96-D8,frozenlake8x8,8,96,1152,1000000,8,0.1,q1-to-q16-f0.75,two_stage,89,82,1146,1053,97,90,1056,999508,4.876404494382022,4.841463414634147,0.050386619799920554,0.9964136466884351,121,0.015893891095231212,0.0004551654005196448,0.016423019599053613,0.0004330408362538906,0.015939407635283176,0.016466323682679
frozenlake8x8-H8-N96-D8-R0.3,frozenlake8x8-H8-N96-D8,frozenlake8x8,8,96,1152,1000000,8,0.3,q1-to-q16-f0.75,two_stage,89,82,1146,1053,97,90,1056,999508,4.876404494382022,4.841463414634147,0.050386619799920554,0.9964136466884351,121,0.015893891095231212,0.0004551654005196448,0.016423019599053613,0.0004330408362538906,0.016030440715387107,0.01655293184992978
frozenlake8x8-H8-N96-D8-R0.5,frozenlake8x8-H8-N96-D8,frozenlake8x8,8,96,1152,1000000,8,0.5,q1-to-q16-f0.75,two_stage,89,82,1146,1053,97,90,1056,999508,4.876404494382022,4.841463414634147,0.050386619799920554,0.9964136466884351,121,0.015893891095231212,0.0004551654005196448,0.016423019599053613,0.0004330408362538906,0.016121473795491035,0.016639540017180557
frozenlake8x8-H8-N96-D8-R0.7,frozenlake8x8-H8-N96-D8,frozenlake8x8,8,96,1152,1000000,8,0.7,q1-to-q16-f0.75,two_stage,89,82,1146,1053,97,90,1056,999508,4.876404494382022,4.841463414634147,0.050386619799920554,0.9964136466884351,121,0.015893891095231212,0.0004551654005196448,0.016423019599053613,0.0004330408362538906,0.016212506875594963,0.016726148184431334
frozenlake8x8-H8-N96-D8-R0.9,frozenlake8x8-H8-N96-D8,frozenlake8x8,8,96,1152,1000000,8,0.9,q1-to-q16-f0.75,two_stage,89,82,1146,1053,97,90,1056,999508,4.876404494382022,4.841463414634147,0.050386619799920554,0.9964136466884351,121,0.015893891095231212,0.0004551654005196448,0.016423019599053613,0.0004330408362538906,0.016303539955698894,0.016812756351682116
frozenlake8x8-H8-N96-D8-R1,frozenlake8x8-H8-N96-D8,frozenlake8x8,8,96,1152,1000000,8,1.0,q1-to-q16-f0.75,two_stage,89,82,1146,1053,97,90,1056,999508,4.876404494382022,4.841463414634147,0.050386619799920554,0.9964136466884351,121,0.015893891095231212,0.0004551654005196448,0.016423019599053613,0.0004330408362538906,0.016349056495750858,0.016856060435307504
frozenlake8x8-H8-N96-D8-R0,frozenlake8x8-H8-N96-D8,frozenlake8x8,8,96,1152,1000000,8,0.0,q16-to-q1-f0.25,two_stage,91,83,1149,1047,99,91,1056,999508,4.626373626373627,4.614457831325301,0.050386619799920554,0.9964136466884351,121,0.015475149020008133,0.0007342761291710847,0.016028456101271574,0.0007504471132151268,0.015475149020008133,0.016028456101271574
frozenlake8x8-H8-N96-D8-R0.1,frozenlake8x8-H8-N96-D8,frozenlake8x8,8,96,1152,1000000,8,0.1,q16-to-q1-f0.25,two_stage,91,83,1149,1047,99,91,1056,999508,4.626373626373627,4.614457831325301,0.050386619799920554,0.9964136466884351,121,0.015475149020008133,0.0007342761291710847,0.016028456101271574,0.0007504471132151268,0.015548576632925241,0.016103500812593086
frozenlake8x8-H8-N96-D8-R0.3,frozenlake8x8-H8-N96-D8,frozenlake8x8,8,96,1152,1000000,8,0.3,q16-to-q1-f0.25,two_stage,91,83,1149,1047,99,91,1056,999508,4.626373626373627,4.614457831325301,0.050386619799920554,0.9964136466884351,121,0.015475149020008133,0.0007342761291710847,0.016028456101271574,0.0007504471132151268,0.01569543185875946,0.016253590235236114
frozenlake8x8-H8-N96-D8-R0.5,frozenlake8x8-H8-N96-D8,frozenlake8x8,8,96,1152,1000000,8,0.5,q16-to-q1-f0.25,two_stage,91,83,1149,1047,99,91,1056,999508,4.626373626373627,4.614457831325301,0.050386619799920554,0.9964136466884351,121,0.015475149020008133,0.0007342761291710847,0.016028456101271574,0.0007504471132151268,0.015842287084593676,0.016403679657879137
frozenlake8x8-H8-N96-D8-R0.7,frozenlake8x8-H8-N96-D8,frozenlake8x8,8,96,1152,1000000,8,0.7,q16-to-q1-f0.25,two_stage,91,83,1149,1047,99,91,1056,999508,4.626373626373627,4.614457831325301,0.050386619799920554,0.9964136466884351,121,0.015475149020008133,0.0007342761291710847,0.016028456101271574,0.0007504471132151268,0.015989142310427893,0.016553769080522165
frozenlake8x8-H8-N96-D8-R0.9,frozenlake8x8-H8-N96-D8,frozenlake8x8,8,96,1152,1000000,8,0.9,q16-to-q1-f0.25,two_stage,91,83,1149,1047,99,91,1056,999508,4.626373626373627,4.614457831325301,0.050386619799920554,0.9964136466884351,121,0.015475149020008133,0.0007342761291710847,0.016028456101271574,0.0007504471132151268,0.01613599753626211,0.01670385850316519
frozenlake8x8-H8-N96-D8-R1,frozenlake8x8-H8-N96-D8,frozenlake8x8,8,96,1152,1000000,8,1.0,q16-to-q1-f0.25,two_stage,91,83,1149,1047,99,91,1056,999508,4.626373626373627,4.614457831325301,0.050386619799920554,0.9964136466884351,121,0.015475149020008133,0.0007342761291710847,0.016028456101271574,0.0007504471132151268,0.016209425149179217,0.0167789032144867
frozenlake8x8-H8-N96-D8-R0,frozenlake8x8-H8-N96-D8,frozenlake8x8,8,96,1152,1000000,8,0.0,q16-to-q1-f0.5,two_stage,69,64,1131,1056,77,72,1056,999508,8.391304347826088,8.5,0.050386619799920554,0.9964136466884351,121,0.015441883625682468,0.002407137906737824,0.015787651971372742,0.0024726678011233265,0.015441883625682468,0.015787651971372742
frozenlake8x8-H8-N96-D8-R0.1,frozenlake8x8-H8-N96-D8,frozenlake8x8,8,96,1152,1000000,8,0.1,q16-to-q1-f0.5,two_stage,69,64,1131,1056,77,72,1056,999508,8.391304347826088,8.5,0.050386619799920554,0.9964136466884351,121,0.015441883625682468,0.002407137906737824,0.015787651971372742,0.0024726678011233265,0.01568259741635625,0.016034918751485074
frozenlake8x8-H8-N96-D8-R0.3,frozenlake8x8-H8-N96-D8,frozenlake8x8,8,96,1152,1000000,8,0.3,q16-to-q1-f0.5,two_stage,69,64,1131,1056,77,72,1056,999508,8.391304347826088,8.5,0.050386619799920554,0.9964136466884351,121,0.015441883625682468,0.002407137906737824,0.015787651971372742,0.0024726678011233265,0.016164024997703814,0.01652945231170974
frozenlake8x8-H8-N96-D8-R0.5,frozenlake8x8-H8-N96-D8,frozenlake8x8,8,96,1152,1000000,8,0.5,q16-to-q1-f0.5,two_stage,69,64,1131,1056,77,72,1056,999508,8.391304347826088,8.5,0.050386619799920554,0.9964136466884351,121,0.015441883625682468,0.002407137906737824,0.015787651971372742,0.0024726678011233265,0.01664545257905138,0.017023985871934405
frozenlake8x8-H8-N96-D8-R0.7,frozenlake8x8-H8-N96-D8,frozenlake8x8,8,96,1152,1000000,8,0.7,q16-to-q1-f0.5,two_stage,69,64,1131,1056,77,72,1056,999508,8.391304347826088,8.5,0.050386619799920554,0.9964136466884351,121,0.015441883625682468,0.002407137906737824,0.015787651971372742,0.0024726678011233265,0.017126880160398945,0.017518519432159072
frozenlake8x8-H8-N96-D8-R0.9,frozenlake8x8-H8-N96-D8,frozenlake8x8,8,96,1152,1000000,8,0.9,q16-to-q1-f0.5,two_stage,69,64,1131,1056,77,72,1056,999508,8.391304347826088,8.5,0.050386619799920554,0.9964136466884351,121,0.015441883625682468,0.002407137906737824,0.015787651971372742,0.0024726678011233265,0.017608307741746508,0.018013052992383736
frozenlake8x8-H8-N96-D8-R1,frozenlake8x8-H8-N96-D8,frozenlake8x8,8,96,1152,1000000,8,1.0,q16-to-q1-f0.5,two_stage,69,64,1131,1056,77,72,1056,999508,8.391304347826088,8.5,0.050386619799920554,0.9964136466884351,121,0.015441883625682468,0.002407137906737824,0.015787651971372742,0.0024726678011233265,0.01784902153242029,0.018260319772496068
frozenlake8x8-H8-N96-D8-R0,frozenlake8x8-H8-N96-D8,frozenlake8x8,8,96,1152,1000000,8,0.0,q16-to-q1-f0.75,two_stage,57,52,1143,1053,65,60,1056,999508,12.052631578947368,12.25,0.050386619799920554,0.9964136466884351,121,0.014720530572319061,0.004124204441229297,0.01512421478471984,0.004163129993345554,0.014720530572319061,0.01512421478471984
frozenlake8x8-H8-N96-D8-R0.1,frozenlake8x8-H8-N96-D8,frozenlake8x8,8,96,1152,1000000,8,0.1,q16-to-q1-f0.75,two_stage,57,52,1143,1053,65,60,1056,999508,12.052631578947368,12.25,0.050386619799920554,0.9964136466884351,121,0.014720530572319061,0.004124204441229297,0.01512421478471984,0.004163129993345554,0.01513295101644199,0.015540527784054394
frozenlake8x8-H8-N96-D8-R0.3,frozenlake8x8-H8-N96-D8,frozenlake8x8,8,96,1152,1000000,8,0.3,q16-to-q1-f0.75,two_stage,57,52,1143,1053,65,60,1056,999508,12.052631578947368,12.25,0.050386619799920554,0.9964136466884351,121,0.014720530572319061,0.004124204441229297,0.01512421478471984,0.004163129993345554,0.01595779190468785,0.016373153782723505
frozenlake8x8-H8-N96-D8-R0.5,frozenlake8x8-H8-N96-D8,frozenlake8x8,8,96,1152,1000000,8,0.5,q16-to-q1-f0.75,two_stage,57,52,1143,1053,65,60,1056,999508,12.052631578947368,12.25,0.050386619799920554,0.9964136466884351,121,0.014720530572319061,0.004124204441229297,0.01512421478471984,0.004163129993345554,0.01678263279293371,0.017205779781392618
frozenlake8x8-H8-N96-D8-R0.7,frozenlake8x8-H8-N96-D8,frozenlake8x8,8,96,1152,1000000,8,0.7,q16-to-q1-f0.75,two_stage,57,52,1143,1053,65,60,1056,999508,12.052631578947368,12.25,0.050386619799920554,0.9964136466884351,121,0.014720530572319061,0.004124204441229297,0.01512421478471984,0.004163129993345554,0.01760747368117957,0.018038405780061727
frozenlake8x8-H8-N96-D8-R0.9,frozenlake8x8-H8-N96-D8,frozenlake8x8,8,96,1152,1000000,8,0.9,q16-to-q1-f0.75,two_stage,57,52,1143,1053,65,60,1056,999508,12.052631578947368,12.25,0.050386619799920554,0.9964136466884351,121,0.014720530572319061,0.004124204441229297,0.01512421478471984,0.004163129993345554,0.01843231456942543,0.01887103177873084
frozenlake8x8-H8-N96-D8-R1,frozenlake8x8-H8-N96-D8,frozenlake8x8,8,96,1152,1000000,8,1.0,q16-to-q1-f0.75,two_stage,57,52,1143,1053,65,60,1056,999508,12.052631578947368,12.25,0.050386619799920554,0.9964136466884351,121,0.014720530572319061,0.004124204441229297,0.01512421478471984,0.004163129993345554,0.018844735013548358,0.019287344778065395
frozenlake8x8-H8-N192-D0-R0,frozenlake8x8-H8-N192-D0,frozenlake8x8,8,192,2304,1000000,0,0.0,fixed-q1,fixed,256,245,2304,2205,256,245,2208,999516,1.0,1.0,0.050386619799920554,0.9965152597837487,121,0.008735897607929794,0.0,0.009030359029976048,0.0,0.008735897607929794,0.009030359029976048
frozenlake8x8-H8-N192-D0-R0.1,frozenlake8x8-H8-N192-D0,frozenlake8x8,8,192,2304,1000000,0,0.1,fixed-q1,fixed,256,245,2304,2205,256,245,2208,999516,1.0,1.0,0.050386619799920554,0.9965152597837487,121,0.008735897607929794,0.0,0.009030359029976048,0.0,0.008735897607929794,0.009030359029976048
frozenlake8x8-H8-N192-D0-R0.3,frozenlake8x8-H8-N192-D0,frozenlake8x8,8,192,2304,1000000,0,0.3,fixed-q1,fixed,256,245,2304,2205,256,245,2208,999516,1.0,1.0,0.050386619799920554,0.9965152597837487,121,0.008735897607929794,0.0,0.009030359029976048,0.0,0.008735897607929794,0.009030359029976048
frozenlake8x8-H8-N192-D0-R0.5,frozenlake8x8-H8-N192-D0,frozenlake8x8,8,192,2304,1000000,0,0.5,fixed-q1,fixed,256,245,2304,2205,256,245,2208,999516,1.0,1.0,0.050386619799920554,0.9965152597837487,121,0.008735897607929794,0.0,0.009030359029976048,0.0,0.008735897607929794,0.009030359029976048
frozenlake8x8-H8-N192-D0-R0.7,frozenlake8x8-H8-N192-D0,frozenlake8x8,8,192,2304,1000000,0,0.7,fixed-q1,fixed,256,245,2304,2205,256,245,2208,999516,1.0,1.0,0.050386619799920554,0.9965152597837487,121,0.008735897607929794,0.0,0.009030359029976048,0.0,0.008735897607929794,0.009030359029976048
frozenlake8x8-H8-N192-D0-R0.9,frozenlake8x8-H8-N192-D0,frozenlake8x8,8,192,2304,1000000,0,0.9,fixed-q1,fixed,256,245,2304,2205,256,245,2208,999516,1.0,1.0,0.050386619799920554,0.9965152597837487,121,0.008735897607929794,0.0,0.009030359029976048,0.0,0.008735897607929794,0.009030359029976048
frozenlake8x8-H8-N192-D0-R1,frozenlake8x8-H8-N192-D0,frozenlake8x8,8,192,2304,1000000,0,1.0,fixed-q1,fixed,256,245,2304,2205,256,245,2208,999516,1.0,1.0,0.050386619799920554,0.9965152597837487,121,0.008735897607929794,0.0,0.009030359029976048,0.0,0.008735897607929794,0.009030359029976048
frozenlake8x8-H8-N192-D0-R0,frozenlake8x8-H8-N192-D0,frozenlake8x8,8,192,2304,1000000,0,0.0,fixed-q4,fixed,192,184,2304,2208,192,184,2208,999516,4.0,4.0,0.050386619799920554,0.9965152597837487,121,0.007501329135848891,0.00319939705427806,0.007786450793938972,0.003208714642121588,0.007501329135848891,0.007786450793938972
frozenlake8x8-H8-N192-D0-R0.1,frozenlake8x8-H8-N192-D0,frozenlake8x8,8,192,2304,1000000,0,0.1,fixed-q4,fixed,192,184,2304,2208,192,184,2208,999516,4.0,4.0,0.050386619799920554,0.9965152597837487,121,0.007501329135848891,0.00319939705427806,0.007786450793938972,0.003208714642121588,0.007821268841276697,0.00810732225815113
frozenlake8x8-H8-N192-D0-R0.3,frozenlake8x8-H8-N192-D0,frozenlake8x8,8,192,2304,1000000,0,0.3,fixed-q4,fixed,192,184,2304,2208,192,184,2208,999516,4.0,4.0,0.050386619799920554,0.9965152597837487,121,0.007501329135848891,0.00319939705427806,0.007786450793938972,0.003208714642121588,0.00846114825213231,0.008749065186575448
frozenlake8x8-H8-N192-D0-R0.5,frozenlake8x8-H8-N192-D0,frozenlake8x8,8,192,2304,1000000,0,0.5,fixed-q4,fixed,192,184,2304,2208,192,184,2208,999516,4.0,4.0,0.050386619799920554,0.9965152597837487,121,0.007501329135848891,0.00319939705427806,0.007786450793938972,0.003208714642121588,0.009101027662987921,0.009390808114999767
frozenlake8x8-H8-N192-D0-R0.7,frozenlake8x8-H8-N192-D0,frozenlake8x8,8,192,2304,1000000,0,0.7,fixed-q4,fixed,192,184,2304,2208,192,184,2208,999516,4.0,4.0,0.050386619799920554,0.9965152597837487,121,0.007501329135848891,0.00319939705427806,0.007786450793938972,0.003208714642121588,0.009740907073843534,0.010032551043424084
frozenlake8x8-H8-N192-D0-R0.9,frozenlake8x8-H8-N192-D0,frozenlake8x8,8,192,2304,1000000,0,0.9,fixed-q4,fixed,192,184,2304,2208,192,184,2208,999516,4.0,4.0,0.050386619799920554,0.9965152597837487,121,0.007501329135848891,0.00319939705427806,0.007786450793938972,0.003208714642121588,0.010380786484699145,0.010674293971848402
frozenlake8x8-H8-N192-D0-R1,frozenlake8x8-H8-N192-D0,frozenlake8x8,8,192,2304,1000000,0,1.0,fixed-q4,fixed,192,184,2304,2208,192,184,2208,999516,4.0,4.0,0.050386619799920554,0.9965152597837487,121,0.007501329135848891,0.00319939705427806,0.007786450793938972,0.003208714642121588,0.010700726190126951,0.01099516543606056
frozenlake8x8-H8-N192-D0-R0,frozenlake8x8-H8-N192-D0,frozenlake8x8,8,192,2304,1000000,0,0.0,fixed-q16,fixed,96,92,2304,2208,96,92,2208,999516,16.0,16.0,0.050386619799920554,0.9965152597837487,121,0.011306882514353673,0.003953801150039707,0.011576952147846676,0.003934752870209902,0.011306882514353673,0.011576952147846676
frozenlake8x8-H8-N192-D0-R0.1,frozenlake8x8-H8-N192-D0,frozenlake8x8,8,192,2304,1000000,0,0.1,fixed-q16,fixed,96,92,2304,2208,96,92,2208,999516,16.0,16.0,0.050386619799920554,0.9965152597837487,121,0.011306882514353673,0.003953801150039707,0.011576952147846676,0.003934752870209902,0.011702262629357644,0.011970427434867665
frozenlake8x8-H8-N192-D0-R0.3,frozenlake8x8-H8-N192-D0,frozenlake8x8,8,192,2304,1000000,0,0.3,fixed-q16,fixed,96,92,2304,2208,96,92,2208,999516,16.0,16.0,0.050386619799920554,0.9965152597837487,121,0.011306882514353673,0.003953801150039707,0.011576952147846676,0.003934752870209902,0.012493022859365585,0.012757378008909647
frozenlake8x8-H8-N192-D0-R0.5,frozenlake8x8-H8-N192-D0,frozenlake8x8,8,192,2304,1000000,0,0.5,fixed-q16,fixed,96,92,2304,2208,96,92,2208,999516,16.0,16.0,0.050386619799920554,0.9965152597837487,121,0.011306882514353673,0.003953801150039707,0.011576952147846676,0.003934752870209902,0.013283783089373526,0.013544328582951626
frozenlake8x8-H8-N192-D0-R0.7,frozenlake8x8-H8-N192-D0,frozenlake8x8,8,192,2304,1000000,0,0.7,fixed-q16,fixed,96,92,2304,2208,96,92,2208,999516,16.0,16.0,0.050386619799920554,0.9965152597837487,121,0.011306882514353673,0.003953801150039707,0.011576952147846676,0.003934752870209902,0.014074543319381468,0.014331279156993608
frozenlake8x8-H8-N192-D0-R0.9,frozenlake8x8-H8-N192-D0,frozenlake8x8,8,192,2304,1000000,0,0.9,fixed-q16,fixed,96,92,2304,2208,96,92,2208,999516,16.0,16.0,0.050386619799920554,0.9965152597837487,121,0.011306882514353673,0.003953801150039707,0.011576952147846676,0.003934752870209902,0.014865303549389409,0.015118229731035587
frozenlake8x8-H8-N192-D0-R1,frozenlake8x8-H8-N192-D0,frozenlake8x8,8,192,2304,1000000,0,1.0,fixed-q16,fixed,96,92,2304,2208,96,92,2208,999516,16.0,16.0,0.050386619799920554,0.9965152597837487,121,0.011306882514353673,0.003953801150039707,0.011576952147846676,0.003934752870209902,0.015260683664393381,0.015511705018056578
frozenlake8x8-H8-N192-D0-R0,frozenlake8x8-H8-N192-D0,frozenlake8x8,8,192,2304,1000000,0,0.0,q1-to-q16-f0.25,two_stage,113,108,2292,2187,113,108,2208,999516,12.283185840707965,12.25,0.050386619799920554,0.9965152597837487,121,0.010973239520458578,0.003289490640453311,0.011263555044263102,0.0032800607477899628,0.010973239520458578,0.011263555044263102
frozenlake8x8-H8-N192-D0-R0.1,frozenlake8x8-H8-N192-D0,frozenlake8x8,8,192,2304,1000000,0,0.1,q1-to-q16-f0.25,two_stage,113,108,2292,2187,113,108,2208,999516,12.283185840707965,12.25,0.050386619799920554,0.9965152597837487,121,0.010973239520458578,0.003289490640453311,0.011263555044263102,0.0032800607477899628,0.01130218858450391,0.011591561119042098
frozenlake8x8-H8-N192-D0-R0.3,frozenlake8x8-H8-N192-D0,frozenlake8x8,8,192,2304,1000000,0,0.3,q1-to-q16-f0.25,two_stage,113,108,2292,2187,113,108,2208,999516,12.283185840707965,12.25,0.050386619799920554,0.9965152597837487,121,0.010973239520458578,0.003289490640453311,0.011263555044263102,0.0032800607477899628,0.011960086712594572,0.012247573268600091
frozenlake8x8-H8-N192-D0-R0.5,frozenlake8x8-H8-N192-D0,frozenlake8x8,8,192,2304,1000000,0,0.5,q1-to-q16-f0.25,two_stage,113,108,2292,2187,113,108,2208,999516,12.283185840707965,12.25,0.050386619799920554,0.9965152597837487,121,0.010973239520458578,0.003289490640453311,0.011263555044263102,0.0032800607477899628,0.012617984840685234,0.012903585418158083
frozenlake8x8-H8-N192-D0-R0.7,frozenlake8x8-H8-N192-D0,frozenlake8x8,8,192,2304,1000000,0,0.7,q1-to-q16-f0.25,two_stage,113,108,2292,2187,113,108,2208,999516,12.283185840707965,12.25,0.050386619799920554,0.9965152597837487,121,0.010973239520458578,0.003289490640453311,0.011263555044263102,0.0032800607477899628,0.013275882968775896,0.013559597567716075
frozenlake8x8-H8-N192-D0-R0.9,frozenlake8x8-H8-N192-D0,frozenlake8x8,8,192,2304,1000000,0,0.9,q1-to-q16-f0.25,two_stage,113,108,2292,2187,113,108,2208,999516,12.283185840707965,12.25,0.050386619799920554,0.9965152597837487,121,0.010973239520458578,0.003289490640453311,0.011263555044263102,0.0032800607477899628,0.01393378109686656,0.014215609717274067
frozenlake8x8-H8-N192-D0-R1,frozenlake8x8-H8-N192-D0,frozenlake8x8,8,192,2304,1000000,0,1.0,q1-to-q16-f0.25,two_stage,113,108,2292,2187,113,108,2208,999516,12.283185840707965,12.25,0.050386619799920554,0.9965152597837487,121,0.010973239520458578,0.003289490640453311,0.011263555044263102,0.0032800607477899628,0.01426273016091189,0.014543615792053065
frozenlake8x8-H8-N192-D0-R0,frozenlake8x8-H8-N192-D0,frozenlake8x8,8,192,2304,1000000,0,0.0,q1-to-q16-f0.5,two_stage,139,133,2301,2202,139,133,2208,999516,8.553956834532373,8.556390977443609,0.050386619799920554,0.9965152597837487,121,0.01089378122528178,0.0020195076928879742,0.011206215518419379,0.002000781330556477,0.01089378122528178,0.011206215518419379
frozenlake8x8-H8-N192-D0-R0.1,frozenlake8x8-H8-N192-D0,frozenlake8x8,8,192,2304,1000000,0,0.1,q1-to-q16-f0.5,two_stage,139,133,2301,2202,139,133,2208,999516,8.553956834532373,8.556390977443609,0.050386619799920554,0.9965152597837487,121,0.01089378122528178,0.0020195076928879742,0.011206215518419379,0.002000781330556477,0.011095731994570576,0.011406293651475026
frozenlake8x8-H8-N192-D0-R0.3,frozenlake8x8-H8-N192-D0,frozenlake8x8,8,192,2304,1000000,0,0.3,q1-to-q16-f0.5,two_stage,139,133,2301,2202,139,133,2208,999516,8.553956834532373,8.556390977443609,0.050386619799920554,0.9965152597837487,121,0.01089378122528178,0.0020195076928879742,0.011206215518419379,0.002000781330556477,0.011499633533148172,0.011806449917586321
frozenlake8x8-H8-N192-D0-R0.5,frozenlake8x8-H8-N192-D0,frozenlake8x8,8,192,2304,1000000,0,0.5,q1-to-q16-f0.5,two_stage,139,133,2301,2202,139,133,2208,999516,8.553956834532373,8.556390977443609,0.050386619799920554,0.9965152597837487,121,0.01089378122528178,0.0020195076928879742,0.011206215518419379,0.002000781330556477,0.011903535071725766,0.012206606183697618
frozenlake8x8-H8-N192-D0-R0.7,frozenlake8x8-H8-N192-D0,frozenlake8x8,8,192,2304,1000000,0,0.7,q1-to-q16-f0.5,two_stage,139,133,2301,2202,139,133,2208,999516,8.553956834532373,8.556390977443609,0.050386619799920554,0.9965152597837487,121,0.01089378122528178,0.0020195076928879742,0.011206215518419379,0.002000781330556477,0.012307436610303361,0.012606762449808913
frozenlake8x8-H8-N192-D0-R0.9,frozenlake8x8-H8-N192-D0,frozenlake8x8,8,192,2304,1000000,0,0.9,q1-to-q16-f0.5,two_stage,139,133,2301,2202,139,133,2208,999516,8.553956834532373,8.556390977443609,0.050386619799920554,0.9965152597837487,121,0.01089378122528178,0.0020195076928879742,0.011206215518419379,0.002000781330556477,0.012711338148880955,0.013006918715920208
frozenlake8x8-H8-N192-D0-R1,frozenlake8x8-H8-N192-D0,frozenlake8x8,8,192,2304,1000000,0,1.0,q1-to-q16-f0.5,two_stage,139,133,2301,2202,139,133,2208,999516,8.553956834532373,8.556390977443609,0.050386619799920554,0.9965152597837487,121,0.01089378122528178,0.0020195076928879742,0.011206215518419379,0.002000781330556477,0.012913288918169754,0.013206996848975855
frozenlake8x8-H8-N192-D0-R0,frozenlake8x8-H8-N192-D0,frozenlake8x8,8,192,2304,1000000,0,0.0,q1-to-q16-f0.75,two_stage,180,172,2295,2193,180,172,2208,999516,4.75,4.75,0.050386619799920554,0.9965152597837487,121,0.010702791505478223,0.00044435191170408755,0.011024036650008387,0.0004370037177260946,0.010702791505478223,0.011024036650008387
frozenlake8x8-H8-N192-D0-R0.1,frozenlake8x8-H8-N192-D0,frozenlake8x8,8,192,2304,1000000,0,0.1,q1-to-q16-f0.75,two_stage,180,172,2295,2193,180,172,2208,999516,4.75,4.75,0.050386619799920554,0.9965152597837487,121,0.010702791505478223,0.00044435191170408755,0.011024036650008387,0.0004370037177260946,0.010747226696648631,0.011067737021780997
frozenlake8x8-H8-N192-D0-R0.3,frozenlake8x8-H8-N192-D0,frozenlake8x8,8,192,2304,1000000,0,0.3,q1-to-q16-f0.75,two_stage,180,172,2295,2193,180,172,2208,999516,4.75,4.75,0.050386619799920554,0.9965152597837487,121,0.010702791505478223,0.00044435191170408755,0.011024036650008387,0.0004370037177260946,0.01083609707898945,0.011155137765326215
frozenlake8x8-H8-N192-D0-R0.5,frozenlake8x8-H8-N192-D0,frozenlake8x8,8,192,2304,1000000,0,0.5,q1-to-q16-f0.75,two_stage,180,172,2295,2193,180,172,2208,999516,4.75,4.75,0.050386619799920554,0.9965152597837487,121,0.010702791505478223,0.00044435191170408755,0.011024036650008387,0.0004370037177260946,0.010924967461330266,0.011242538508871434
frozenlake8x8-H8-N192-D0-R0.7,frozenlake8x8-H8-N192-D0,frozenlake8x8,8,192,2304,1000000,0,0.7,q1-to-q16-f0.75,two_stage,180,172,2295,2193,180,172,2208,999516,4.75,4.75,0.050386619799920554,0.9965152597837487,121,0.010702791505478223,0.00044435191170408755,0.011024036650008387,0.0004370037177260946,0.011013837843671085,0.011329939252416652
frozenlake8x8-H8-N192-D0-R0.9,frozenlake8x8-H8-N192-D0,frozenlake8x8,8,192,2304,1000000,0,0.9,q1-to-q16-f0.75,two_stage,180,172,2295,2193,180,172,2208,999516,4.75,4.75,0.050386619799920554,0.9965152597837487,121,0.010702791505478223,0.00044435191170408755,0.011024036650008387,0.0004370037177260946,0.011102708226011901,0.011417339995961872
frozenlake8x8-H8-N192-D0-R1,frozenlake8x8-H8-N192-D0,frozenlake8x8,8,192,2304,1000000,0,1.0,q1-to-q16-f0.75,two_stage,180,172,2295,2193,180,172,2208,999516,4.75,4.75,0.050386619799920554,0.9965152597837487,121,0.010702791505478223,0.00044435191170408755,0.011024036650008387,0.0004370037177260946,0.011147143417182311,0.01146104036773448
frozenlake8x8-H8-N192-D0-R0,frozenlake8x8-H8-N192-D0,frozenlake8x8,8,192,2304,1000000,0,0.0,q16-to-q1-f0.25,two_stage,181,173,2304,2202,181,173,2208,999516,4.7292817679558015,4.728323699421965,0.050386619799920554,0.9965152597837487,121,0.01052196597105353,0.0005881749381259512,0.010824496680371897,0.0005980203905551275,0.01052196597105353,0.010824496680371897
frozenlake8x8-H8-N192-D0-R0.1,frozenlake8x8-H8-N192-D0,frozenlake8x8,8,192,2304,1000000,0,0.1,q16-to-q1-f0.25,two_stage,181,173,2304,2202,181,173,2208,999516,4.7292817679558015,4.728323699421965,0.050386619799920554,0.9965152597837487,121,0.01052196597105353,0.0005881749381259512,0.010824496680371897,0.0005980203905551275,0.010580783464866126,0.01088429871942741
frozenlake8x8-H8-N192-D0-R0.3,frozenlake8x8-H8-N192-D0,frozenlake8x8,8,192,2304,1000000,0,0.3,q16-to-q1-f0.25,two_stage,181,173,2304,2202,181,173,2208,999516,4.7292817679558015,4.728323699421965,0.050386619799920554,0.9965152597837487,121,0.01052196597105353,0.0005881749381259512,0.010824496680371897,0.0005980203905551275,0.010698418452491316,0.011003902797538436
frozenlake8x8-H8-N192-D0-R0.5,frozenlake8x8-H8-N192-D0,frozenlake8x8,8,192,2304,1000000,0,0.5,q16-to-q1-f0.25,two_stage,181,173,2304,2202,181,173,2208,999516,4.7292817679558015,4.728323699421965,0.050386619799920554,0.9965152597837487,121,0.01052196597105353,0.0005881749381259512,0.010824496680371897,0.0005980203905551275,0.010816053440116507,0.011123506875649461
frozenlake8x8-H8-N192-D0-R0.7,frozenlake8x8-H8-N192-D0,frozenlake8x8,8,192,2304,1000000,0,0.7,q16-to-q1-f0.25,two_stage,181,173,2304,2202,181,173,2208,999516,4.7292817679558015,4.728323699421965,0.050386619799920554,0.9965152597837487,121,0.01052196597105353,0.0005881749381259512,0.010824496680371897,0.0005980203905551275,0.010933688427741697,0.011243110953760486
frozenlake8x8-H8-N192-D0-R0.9,frozenlake8x8-H8-N192-D0,frozenlake8x8,8,192,2304,1000000,0,0.9,q16-to-q1-f0.25,two_stage,181,173,2304,2202,181,173,2208,999516,4.7292817679558015,4.728323699421965,0.050386619799920554,0.9965152597837487,121,0.01052196597105353,0.0005881749381259512,0.010824496680371897,0.0005980203905551275,0.011051323415366887,0.011362715031871511
frozenlake8x8-H8-N192-D0-R1,frozenlake8x8-H8-N192-D0,frozenlake8x8,8,192,2304,1000000,0,1.0,q16-to-q1-f0.25,two_stage,181,173,2304,2202,181,173,2208,999516,4.7292817679558015,4.728323699421965,0.050386619799920554,0.9965152597837487,121,0.01052196597105353,0.0005881749381259512,0.010824496680371897,0.0005980203905551275,0.011110140909179481,0.011422517070927025
frozenlake8x8-H8-N192-D0-R0,frozenlake8x8-H8-N192-D0,frozenlake8x8,8,192,2304,1000000,0,0.0,q16-to-q1-f0.5,two_stage,139,133,2286,2187,139,133,2208,999516,8.446043165467627,8.443609022556391,0.050386619799920554,0.9965152597837487,121,0.010939119517716568,0.001974169400453184,0.01121851125967616,0.00198848558929969,0.010939119517716568,0.01121851125967616
frozenlake8x8-H8-N192-D0-R0.1,frozenlake8x8-H8-N192-D0,frozenlake8x8,8,192,2304,1000000,0,0.1,q16-to-q1-f0.5,two_stage,139,133,2286,2187,139,133,2208,999516,8.446043165467627,8.443609022556391,0.050386619799920554,0.9965152597837487,121,0.010939119517716568,0.001974169400453184,0.01121851125967616,0.00198848558929969,0.011136536457761886,0.01141735981860613
frozenlake8x8-H8-N192-D0-R0.3,frozenlake8x8-H8-N192-D0,frozenlake8x8,8,192,2304,1000000,0,0.3,q16-to-q1-f0.5,two_stage,139,133,2286,2187,139,133,2208,999516,8.446043165467627,8.443609022556391,0.050386619799920554,0.9965152597837487,121,0.010939119517716568,0.001974169400453184,0.01121851125967616,0.00198848558929969,0.011531370337852523,0.011815056936466067
frozenlake8x8-H8-N192-D0-R0.5,frozenlake8x8-H8-N192-D0,frozenlake8x8,8,192,2304,1000000,0,0.5,q16-to-q1-f0.5,two_stage,139,133,2286,2187,139,133,2208,999516,8.446043165467627,8.443609022556391,0.050386619799920554,0.9965152597837487,121,0.010939119517716568,0.001974169400453184,0.01121851125967616,0.00198848558929969,0.01192620421794316,0.012212754054326005
frozenlake8x8-H8-N192-D0-R0.7,frozenlake8x8-H8-N192-D0,frozenlake8x8,8,192,2304,1000000,0,0.7,q16-to-q1-f0.5,two_stage,139,133,2286,2187,139,133,2208,999516,8.446043165467627,8.443609022556391,0.050386619799920554,0.9965152597837487,121,0.010939119517716568,0.001974169400453184,0.01121851125967616,0.00198848558929969,0.012321038098033798,0.012610451172185943
frozenlake8x8-H8-N192-D0-R0.9,frozenlake8x8-H8-N192-D0,frozenlake8x8,8,192,2304,1000000,0,0.9,q16-to-q1-f0.5,two_stage,139,133,2286,2187,139,133,2208,999516,8.446043165467627,8.443609022556391,0.050386619799920554,0.9965152597837487,121,0.010939119517716568,0.001974169400453184,0.01121851125967616,0.00198848558929969,0.012715871978124434,0.01300814829004588
frozenlake8x8-H8-N192-D0-R1,frozenlake8x8-H8-N192-D0,frozenlake8x8,8,192,2304,1000000,0,1.0,q16-to-q1-f0.5,two_stage,139,133,2286,2187,139,133,2208,999516,8.446043165467627,8.443609022556391,0.050386619799920554,0.9965152597837487,121,0.010939119517716568,0.001974169400453184,0.01121851125967616,0.00198848558929969,0.012913288918169752,0.01320699684897585
frozenlake8x8-H8-N192-D0-R0,frozenlake8x8-H8-N192-D0,frozenlake8x8,8,192,2304,1000000,0,0.0,q16-to-q1-f0.75,two_stage,114,109,2301,2196,114,109,2208,999516,12.18421052631579,12.146788990825687,0.050386619799920554,0.9965152597837487,121,0.010591452968989109,0.0036126460194009493,0.010899618222211242,0.003589560438974828,0.010591452968989109,0.010899618222211242
frozenlake8x8-H8-N192-D0-R0.1,frozenlake8x8-H8-N192-D0,frozenlake8x8,8,192,2304,1000000,0,0.1,q16-to-q1-f0.75,two_stage,114,109,2301,2196,114,109,2208,999516,12.18421052631579,12.146788990825687,0.050386619799920554,0.9965152597837487,121,0.010591452968989109,0.0036126460194009493,0.010899618222211242,0.003589560438974828,0.010952717570929204,0.011258574266108726
frozenlake8x8-H8-N192-D0-R0.3,frozenlake8x8-H8-N192-D0,frozenlake8x8,8,192,2304,1000000,0,0.3,q16-to-q1-f0.75,two_stage,114,109,2301,2196,114,109,2208,999516,12.18421052631579,12.146788990825687,0.050386619799920554,0.9965152597837487,121,0.010591452968989109,0.0036126460194009493,0.010899618222211242,0.003589560438974828,0.011675246774809394,0.01197648635390369
frozenlake8x8-H8-N192-D0-R0.5,frozenlake8x8-H8-N192-D0,frozenlake8x8,8,192,2304,1000000,0,0.5,q16-to-q1-f0.75,two_stage,114,109,2301,2196,114,109,2208,999516,12.18421052631579,12.146788990825687,0.050386619799920554,0.9965152597837487,121,0.010591452968989109,0.0036126460194009493,0.010899618222211242,0.003589560438974828,0.012397775978689584,0.012694398441698656
frozenlake8x8-H8-N192-D0-R0.7,frozenlake8x8-H8-N192-D0,frozenlake8x8,8,192,2304,1000000,0,0.7,q16-to-q1-f0.75,two_stage,114,109,2301,2196,114,109,2208,999516,12.18421052631579,12.146788990825687,0.050386619799920554,0.9965152597837487,121,0.010591452968989109,0.0036126460194009493,0.010899618222211242,0.003589560438974828,0.013120305182569774,0.013412310529493623
frozenlake8x8-H8-N192-D0-R0.9,frozenlake8x8-H8-N192-D0,frozenlake8x8,8,192,2304,1000000,0,0.9,q16-to-q1-f0.75,two_stage,114,109,2301,2196,114,109,2208,999516,12.18421052631579,12.146788990825687,0.050386619799920554,0.9965152597837487,121,0.010591452968989109,0.0036126460194009493,0.010899618222211242,0.003589560438974828,0.013842834386449964,0.014130222617288588
frozenlake8x8-H8-N192-D0-R1,frozenlake8x8-H8-N192-D0,frozenlake8x8,8,192,2304,1000000,0,1.0,q16-to-q1-f0.75,two_stage,114,109,2301,2196,114,109,2208,999516,12.18421052631579,12.146788990825687,0.050386619799920554,0.9965152597837487,121,0.010591452968989109,0.0036126460194009493,0.010899618222211242,0.003589560438974828,0.014204098988390059,0.01448917866118607
frozenlake8x8-H8-N192-D4-R0,frozenlake8x8-H8-N192-D4,frozenlake8x8,8,192,2304,1000000,4,0.0,fixed-q1,fixed,256,245,2304,2205,260,249,2208,999512,1.0,1.0,0.050386619799920554,0.9964655548707235,121,0.00881822079026361,0.0,0.009117110751842539,0.0,0.00881822079026361,0.009117110751842539
frozenlake8x8-H8-N192-D4-R0.1,frozenlake8x8-H8-N192-D4,frozenlake8x8,8,192,2304,1000000,4,0.1,fixed-q1,fixed,256,245,2304,2205,260,249,2208,999512,1.0,1.0,0.050386619799920554,0.9964655548707235,121,0.00881822079026361,0.0,0.009117110751842539,0.0,0.00881822079026361,0.009117110751842539
frozenlake8x8-H8-N192-D4-R0.3,frozenlake8x8-H8-N192-D4,frozenlake8x8,8,192,2304,1000000,4,0.3,fixed-q1,fixed,256,245,2304,2205,260,249,2208,999512,1.0,1.0,0.050386619799920554,0.9964655548707235,121,0.00881822079026361,0.0,0.009117110751842539,0.0,0.00881822079026361,0.009117110751842539
frozenlake8x8-H8-N192-D4-R0.5,frozenlake8x8-H8-N192-D4,frozenlake8x8,8,192,2304,1000000,4,0.5,fixed-q1,fixed,256,245,2304,2205,260,249,2208,999512,1.0,1.0,0.050386619799920554,0.9964655548707235,121,0.00881822079026361,0.0,0.009117110751842539,0.0,0.00881822079026361,0.009117110751842539
frozenlake8x8-H8-N192-D4-R0.7,frozenlake8x8-H8-N192-D4,frozenlake8x8,8,192,2304,1000000,4,0.7,fixed-q1,fixed,256,245,2304,2205,260,249,2208,999512,1.0,1.0,0.050386619799920554,0.9964655548707235,121,0.00881822079026361,0.0,0.009117110751842539,0.0,0.00881822079026361,0.009117110751842539
frozenlake8x8-H8-N192-D4-R0.9,frozenlake8x8-H8-N192-D4,frozenlake8x8,8,192,2304,1000000,4,0.9,fixed-q1,fixed,256,245,2304,2205,260,249,2208,999512,1.0,1.0,0.050386619799920554,0.9964655548707235,121,0.00881822079026361,0.0,0.009117110751842539,0.0,0.00881822079026361,0.009117110751842539
frozenlake8x8-H8-N192-D4-R1,frozenlake8x8-H8-N192-D4,frozenlake8x8,8,192,2304,1000000,4,1.0,fixed-q1,fixed,256,245,2304,2205,260,249,2208,999512,1.0,1.0,0.050386619799920554,0.9964655548707235,121,0.00881822079026361,0.0,0.009117110751842539,0.0,0.00881822079026361,0.009117110751842539
frozenlake8x8-H8-N192-D4-R0,frozenlake8x8-H8-N192-D4,frozenlake8x8,8,192,2304,1000000,4,0.0,fixed-q4,fixed,192,184,2304,2208,196,188,2208,999512,4.0,4.0,0.050386619799920554,0.9964655548707235,121,0.007471635544764289,0.003351138800689781,0.007758240778309488,0.003365974988629421,0.007471635544764289,0.007758240778309488
frozenlake8x8-H8-N192-D4-R0.1,frozenlake8x8-H8-N192-D4,frozenlake8x8,8,192,2304,1000000,4,0.1,fixed-q4,fixed,192,184,2304,2208,196,188,2208,999512,4.0,4.0,0.050386619799920554,0.9964655548707235,121,0.007471635544764289,0.003351138800689781,0.007758240778309488,0.003365974988629421,0.0078067494248332675,0.00809483827717243
frozenlake8x8-H8-N192-D4-R0.3,frozenlake8x8-H8-N192-D4,frozenlake8x8,8,192,2304,1000000,4,0.3,fixed-q4,fixed,192,184,2304,2208,196,188,2208,999512,4.0,4.0,0.050386619799920554,0.9964655548707235,121,0.007471635544764289,0.003351138800689781,0.007758240778309488,0.003365974988629421,0.008476977184971222,0.008768033274898314
frozenlake8x8-H8-N192-D4-R0.5,frozenlake8x8-H8-N192-D4,frozenlake8x8,8,192,2304,1000000,4,0.5,fixed-q4,fixed,192,184,2304,2208,196,188,2208,999512,4.0,4.0,0.050386619799920554,0.9964655548707235,121,0.007471635544764289,0.003351138800689781,0.007758240778309488,0.003365974988629421,0.00914720494510918,0.009441228272624199
frozenlake8x8-H8-N192-D4-R0.7,frozenlake8x8-H8-N192-D4,frozenlake8x8,8,192,2304,1000000,4,0.7,fixed-q4,fixed,192,184,2304,2208,196,188,2208,999512,4.0,4.0,0.050386619799920554,0.9964655548707235,121,0.007471635544764289,0.003351138800689781,0.007758240778309488,0.003365974988629421,0.009817432705247136,0.010114423270350082
frozenlake8x8-H8-N192-D4-R0.9,frozenlake8x8-H8-N192-D4,frozenlake8x8,8,192,2304,1000000,4,0.9,fixed-q4,fixed,192,184,2304,2208,196,188,2208,999512,4.0,4.0,0.050386619799920554,0.9964655548707235,121,0.007471635544764289,0.003351138800689781,0.007758240778309488,0.003365974988629421,0.010487660465385093,0.010787618268075966
frozenlake8x8-H8-N192-D4-R1,frozenlake8x8-H8-N192-D4,frozenlake8x8,8,192,2304,1000000,4,1.0,fixed-q4,fixed,192,184,2304,2208,196,188,2208,999512,4.0,4.0,0.050386619799920554,0.9964655548707235,121,0.007471635544764289,0.003351138800689781,0.007758240778309488,0.003365974988629421,0.01082277434545407,0.011124215766938908
frozenlake8x8-H8-N192-D4-R0,frozenlake8x8-H8-N192-D4,frozenlake8x8,8,192,2304,1000000,4,0.0,fixed-q16,fixed,96,92,2304,2208,100,96,2208,999512,16.0,16.0,0.050386619799920554,0.9964655548707235,121,0.011243512500028982,0.004270078452458383,0.011513479551503341,0.004259242028052416,0.011243512500028982,0.011513479551503341
frozenlake8x8-H8-N192-D4-R0.1,frozenlake8x8-H8-N192-D4,frozenlake8x8,8,192,2304,1000000,4,0.1,fixed-q16,fixed,96,92,2304,2208,100,96,2208,999512,16.0,16.0,0.050386619799920554,0.9964655548707235,121,0.011243512500028982,0.004270078452458383,0.011513479551503341,0.004259242028052416,0.011670520345274821,0.011939403754308582
frozenlake8x8-H8-N192-D4-R0.3,frozenlake8x8-H8-N192-D4,frozenlake8x8,8,192,2304,1000000,4,0.3,fixed-q16,fixed,96,92,2304,2208,100,96,2208,999512,16.0,16.0,0.050386619799920554,0.9964655548707235,121,0.011243512500028982,0.004270078452458383,0.011513479551503341,0.004259242028052416,0.012524536035766497,0.012791252159919067
frozenlake8x8-H8-N192-D4-R0.5,frozenlake8x8-H8-N192-D4,frozenlake8x8,8,192,2304,1000000,4,0.5,fixed-q16,fixed,96,92,2304,2208,100,96,2208,999512,16.0,16.0,0.050386619799920554,0.9964655548707235,121,0.011243512500028982,0.004270078452458383,0.011513479551503341,0.004259242028052416,0.013378551726258174,0.013643100565529549
frozenlake8x8-H8-N192-D4-R0.7,frozenlake8x8-H8-N192-D4,frozenlake8x8,8,192,2304,1000000,4,0.7,fixed-q16,fixed,96,92,2304,2208,100,96,2208,999512,16.0,16.0,0.050386619799920554,0.9964655548707235,121,0.011243512500028982,0.004270078452458383,0.011513479551503341,0.004259242028052416,0.014232567416749851,0.014494948971140034
frozenlake8x8-H8-N192-D4-R0.9,frozenlake8x8-H8-N192-D4,frozenlake8x8,8,192,2304,1000000,4,0.9,fixed-q16,fixed,96,92,2304,2208,100,96,2208,999512,16.0,16.0,0.050386619799920554,0.9964655548707235,121,0.011243512500028982,0.004270078452458383,0.011513479551503341,0.004259242028052416,0.015086583107241527,0.015346797376750515
frozenlake8x8-H8-N192-D4-R1,frozenlake8x8-H8-N192-D4,frozenlake8x8,8,192,2304,1000000,4,1.0,fixed-q16,fixed,96,92,2304,2208,100,96,2208,999512,16.0,16.0,0.050386619799920554,0.9964655548707235,121,0.011243512500028982,0.004270078452458383,0.011513479551503341,0.004259242028052416,0.015513590952487366,0.015772721579555758
frozenlake8x8-H8-N192-D4-R0,frozenlake8x8-H8-N192-D4,frozenlake8x8,8,192,2304,1000000,4,0.0,q1-to-q16-f0.25,two_stage,113,108,2292,2187,117,112,2208,999512,12.283185840707965,12.25,0.050386619799920554,0.9964655548707235,121,0.01092136538171675,0.0035602977386955006,0.011212906707157251,0.0035607106153832725,0.01092136538171675,0.011212906707157251
frozenlake8x8-H8-N192-D4-R0.1,frozenlake8x8-H8-N192-D4,frozenlake8x8,8,192,2304,1000000,4,0.1,q1-to-q16-f0.25,two_stage,113,108,2292,2187,117,112,2208,999512,12.283185840707965,12.25,0.050386619799920554,0.9964655548707235,121,0.01092136538171675,0.0035602977386955006,0.011212906707157251,0.0035607106153832725,0.011277395155586302,0.011568977768695579
frozenlake8x8-H8-N192-D4-R0.3,frozenlake8x8-H8-N192-D4,frozenlake8x8,8,192,2304,1000000,4,0.3,q1-to-q16-f0.25,two_stage,113,108,2292,2187,117,112,2208,999512,12.283185840707965,12.25,0.050386619799920554,0.9964655548707235,121,0.01092136538171675,0.0035602977386955006,0.011212906707157251,0.0035607106153832725,0.011989454703325401,0.012281119891772233
frozenlake8x8-H8-N192-D4-R0.5,frozenlake8x8-H8-N192-D4,frozenlake8x8,8,192,2304,1000000,4,0.5,q1-to-q16-f0.25,two_stage,113,108,2292,2187,117,112,2208,999512,12.283185840707965,12.25,0.050386619799920554,0.9964655548707235,121,0.01092136538171675,0.0035602977386955006,0.011212906707157251,0.0035607106153832725,0.012701514251064501,0.012993262014848888
frozenlake8x8-H8-N192-D4-R0.7,frozenlake8x8-H8-N192-D4,frozenlake8x8,8,192,2304,1000000,4,0.7,q1-to-q16-f0.25,two_stage,113,108,2292,2187,117,112,2208,999512,12.283185840707965,12.25,0.050386619799920554,0.9964655548707235,121,0.01092136538171675,0.0035602977386955006,0.011212906707157251,0.0035607106153832725,0.013413573798803601,0.013705404137925542
frozenlake8x8-H8-N192-D4-R0.9,frozenlake8x8-H8-N192-D4,frozenlake8x8,8,192,2304,1000000,4,0.9,q1-to-q16-f0.25,two_stage,113,108,2292,2187,117,112,2208,999512,12.283185840707965,12.25,0.050386619799920554,0.9964655548707235,121,0.01092136538171675,0.0035602977386955006,0.011212906707157251,0.0035607106153832725,0.014125633346542701,0.014417546261002195
frozenlake8x8-H8-N192-D4-R1,frozenlake8x8-H8-N192-D4,frozenlake8x8,8,192,2304,1000000,4,1.0,q1-to-q16-f0.25,two_stage,113,108,2292,2187,117,112,2208,999512,12.283185840707965,12.25,0.050386619799920554,0.9964655548707235,121,0.01092136538171675,0.0035602977386955006,0.011212906707157251,0.0035607106153832725,0.014481663120412252,0.014773617322540523
frozenlake8x8-H8-N192-D4-R0,frozenlake8x8-H8-N192-D4,frozenlake8x8,8,192,2304,1000000,4,0.0,q1-to-q16-f0.5,two_stage,139,133,2301,2202,143,137,2208,999512,8.553956834532373,8.556390977443609,0.050386619799920554,0.9964655548707235,121,0.010885289350724164,0.0022066872822011138,0.011201720525629264,0.0021924656983834095,0.010885289350724164,0.011201720525629264
frozenlake8x8-H8-N192-D4-R0.1,frozenlake8x8-H8-N192-D4,frozenlake8x8,8,192,2304,1000000,4,0.1,q1-to-q16-f0.5,two_stage,139,133,2301,2202,143,137,2208,999512,8.553956834532373,8.556390977443609,0.050386619799920554,0.9964655548707235,121,0.010885289350724164,0.0022066872822011138,0.011201720525629264,0.0021924656983834095,0.011105958078944276,0.011420967095467605
frozenlake8x8-H8-N192-D4-R0.3,frozenlake8x8-H8-N192-D4,frozenlake8x8,8,192,2304,1000000,4,0.3,q1-to-q16-f0.5,two_stage,139,133,2301,2202,143,137,2208,999512,8.553956834532373,8.556390977443609,0.050386619799920554,0.9964655548707235,121,0.010885289350724164,0.0022066872822011138,0.011201720525629264,0.0021924656983834095,0.011547295535384498,0.011859460235144286
frozenlake8x8-H8-N192-D4-R0.5,frozenlake8x8-H8-N192-D4,frozenlake8x8,8,192,2304,1000000,4,0.5,q1-to-q16-f0.5,two_stage,139,133,2301,2202,143,137,2208,999512,8.553956834532373,8.556390977443609,0.050386619799920554,0.9964655548707235,121,0.010885289350724164,0.0022066872822011138,0.011201720525629264,0.0021924656983834095,0.011988632991824722,0.01229795337482097
frozenlake8x8-H8-N192-D4-R0.7,frozenlake8x8-H8-N192-D4,frozenlake8x8,8,192,2304,1000000,4,0.7,q1-to-q16-f0.5,two_stage,139,133,2301,2202,143,137,2208,999512,8.553956834532373,8.556390977443609,0.050386619799920554,0.9964655548707235,121,0.010885289350724164,0.0022066872822011138,0.011201720525629264,0.0021924656983834095,0.012429970448264945,0.012736446514497651
frozenlake8x8-H8-N192-D4-R0.9,frozenlake8x8-H8-N192-D4,frozenlake8x8,8,192,2304,1000000,4,0.9,q1-to-q16-f0.5,two_stage,139,133,2301,2202,143,137,2208,999512,8.553956834532373,8.556390977443609,0.050386619799920554,0.9964655548707235,121,0.010885289350724164,0.0022066872822011138,0.011201720525629264,0.0021924656983834095,0.012871307904705167,0.013174939654174333
frozenlake8x8-H8-N192-D4-R1,frozenlake8x8-H8-N192-D4,frozenlake8x8,8,192,2304,1000000,4,1.0,q1-to-q16-f0.5,two_stage,139,133,2301,2202,143,137,2208,999512,8.553956834532373,8.556390977443609,0.050386619799920554,0.9964655548707235,121,0.010885289350724164,0.0022066872822011138,0.011201720525629264,0.0021924656983834095,0.013091976632925278,0.013394186224012674
frozenlake8x8-H8-N192-D4-R0,frozenlake8x8-H8-N192-D4,frozenlake8x8,8,192,2304,1000000,4,0.0,q1-to-q16-f0.75,two_stage,180,172,2295,2193,184,176,2208,999512,4.75,4.75,0.050386619799920554,0.9964655548707235,121,0.010779627039863002,0.0005002807967036698,0.011108157455008962,0.0004935265905369186,0.010779627039863002,0.011108157455008962
frozenlake8x8-H8-N192-D4-R0.1,frozenlake8x8-H8-N192-D4,frozenlake8x8,8,192,2304,1000000,4,0.1,q1-to-q16-f0.75,two_stage,180,172,2295,2193,184,176,2208,999512,4.75,4.75,0.050386619799920554,0.9964655548707235,121,0.010779627039863002,0.0005002807967036698,0.011108157455008962,0.0004935265905369186,0.010829655119533368,0.011157510114062654
frozenlake8x8-H8-N192-D4-R0.3,frozenlake8x8-H8-N192-D4,frozenlake8x8,8,192,2304,1000000,4,0.3,q1-to-q16-f0.75,two_stage,180,172,2295,2193,184,176,2208,999512,4.75,4.75,0.050386619799920554,0.9964655548707235,121,0.010779627039863002,0.0005002807967036698,0.011108157455008962,0.0004935265905369186,0.010929711278874103,0.011256215432170038
frozenlake8x8-H8-N192-D4-R0.5,frozenlake8x8-H8-N192-D4,frozenlake8x8,8,192,2304,1000000,4,0.5,q1-to-q16-f0.75,two_stage,180,172,2295,2193,184,176,2208,999512,4.75,4.75,0.050386619799920554,0.9964655548707235,121,0.010779627039863002,0.0005002807967036698,0.011108157455008962,0.0004935265905369186,0.011029767438214837,0.011354920750277421
frozenlake8x8-H8-N192-D4-R0.7,frozenlake8x8-H8-N192-D4,frozenlake8x8,8,192,2304,1000000,4,0.7,q1-to-q16-f0.75,two_stage,180,172,2295,2193,184,176,2208,999512,4.75,4.75,0.050386619799920554,0.9964655548707235,121,0.010779627039863002,0.0005002807967036698,0.011108157455008962,0.0004935265905369186,0.01112982359755557,0.011453626068384805
frozenlake8x8-H8-N192-D4-R0.9,frozenlake8x8-H8-N192-D4,frozenlake8x8,8,192,2304,1000000,4,0.9,q1-to-q16-f0.75,two_stage,180,172,2295,2193,184,176,2208,999512,4.75,4.75,0.050386619799920554,0.9964655548707235,121,0.010779627039863002,0.0005002807967036698,0.011108157455008962,0.0004935265905369186,0.011229879756896304,0.011552331386492188
frozenlake8x8-H8-N192-D4-R1,frozenlake8x8-H8-N192-D4,frozenlake8x8,8,192,2304,1000000,4,1.0,q1-to-q16-f0.75,two_stage,180,172,2295,2193,184,176,2208,999512,4.75,4.75,0.050386619799920554,0.9964655548707235,121,0.010779627039863002,0.0005002807967036698,0.011108157455008962,0.0004935265905369186,0.011279907836566672,0.01160168404554588
frozenlake8x8-H8-N192-D4-R0,frozenlake8x8-H8-N192-D4,frozenlake8x8,8,192,2304,1000000,4,0.0,q16-to-q1-f0.25,two_stage,181,173,2304,2202,185,177,2208,999512,4.7292817679558015,4.728323699421965,0.050386619799920554,0.9964655548707235,121,0.010645237381302677,0.0005956023305486908,0.010955328992619522,0.0006056138601181299,0.010645237381302677,0.010955328992619522
frozenlake8x8-H8-N192-D4-R0.1,frozenlake8x8-H8-N192-D4,frozenlake8x8,8,192,2304,1000000,4,0.1,q16-to-q1-f0.25,two_stage,181,173,2304,2202,185,177,2208,999512,4.7292817679558015,4.728323699421965,0.050386619799920554,0.9964655548707235,121,0.010645237381302677,0.0005956023305486908,0.010955328992619522,0.0006056138601181299,0.010704797614357546,0.011015890378631335
frozenlake8x8-H8-N192-D4-R0.3,frozenlake8x8-H8-N192-D4,frozenlake8x8,8,192,2304,1000000,4,0.3,q16-to-q1-f0.25,two_stage,181,173,2304,2202,185,177,2208,999512,4.7292817679558015,4.728323699421965,0.050386619799920554,0.9964655548707235,121,0.010645237381302677,0.0005956023305486908,0.010955328992619522,0.0006056138601181299,0.010823918080467284,0.01113701315065496
frozenlake8x8-H8-N192-D4-R0.5,frozenlake8x8-H8-N192-D4,frozenlake8x8,8,192,2304,1000000,4,0.5,q16-to-q1-f0.25,two_stage,181,173,2304,2202,185,177,2208,999512,4.7292817679558015,4.728323699421965,0.050386619799920554,0.9964655548707235,121,0.010645237381302677,0.0005956023305486908,0.010955328992619522,0.0006056138601181299,0.010943038546577022,0.011258135922678587
frozenlake8x8-H8-N192-D4-R0.7,frozenlake8x8-H8-N192-D4,frozenlake8x8,8,192,2304,1000000,4,0.7,q16-to-q1-f0.25,two_stage,181,173,2304,2202,185,177,2208,999512,4.7292817679558015,4.728323699421965,0.050386619799920554,0.9964655548707235,121,0.010645237381302677,0.0005956023305486908,0.010955328992619522,0.0006056138601181299,0.01106215901268676,0.011379258694702212
frozenlake8x8-H8-N192-D4-R0.9,frozenlake8x8-H8-N192-D4,frozenlake8x8,8,192,2304,1000000,4,0.9,q16-to-q1-f0.25,two_stage,181,173,2304,2202,185,177,2208,999512,4.7292817679558015,4.728323699421965,0.050386619799920554,0.9964655548707235,121,0.010645237381302677,0.0005956023305486908,0.010955328992619522,0.0006056138601181299,0.0111812794787965,0.011500381466725839
frozenlake8x8-H8-N192-D4-R1,frozenlake8x8-H8-N192-D4,frozenlake8x8,8,192,2304,1000000,4,1.0,q16-to-q1-f0.25,two_stage,181,173,2304,2202,185,177,2208,999512,4.7292817679558015,4.728323699421965,0.050386619799920554,0.9964655548707235,121,0.010645237381302677,0.0005956023305486908,0.010955328992619522,0.0006056138601181299,0.011240839711851369,0.01156094285273765
frozenlake8x8-H8-N192-D4-R0,frozenlake8x8-H8-N192-D4,frozenlake8x8,8,192,2304,1000000,4,0.0,q16-to-q1-f0.5,two_stage,139,133,2286,2187,143,137,2208,999512,8.446043165467627,8.443609022556391,0.050386619799920554,0.9964655548707235,121,0.011062696943592047,0.0020292796893332478,0.011347142219689467,0.0020470440043232003,0.011062696943592047,0.011347142219689467
frozenlake8x8-H8-N192-D4-R0.1,frozenlake8x8-H8-N192-D4,frozenlake8x8,8,192,2304,1000000,4,0.1,q16-to-q1-f0.5,two_stage,139,133,2286,2187,143,137,2208,999512,8.446043165467627,8.443609022556391,0.050386619799920554,0.9964655548707235,121,0.011062696943592047,0.0020292796893332478,0.011347142219689467,0.0020470440043232003,0.011265624912525371,0.011551846620121787
frozenlake8x8-H8-N192-D4-R0.3,frozenlake8x8-H8-N192-D4,frozenlake8x8,8,192,2304,1000000,4,0.3,q16-to-q1-f0.5,two_stage,139,133,2286,2187,143,137,2208,999512,8.446043165467627,8.443609022556391,0.050386619799920554,0.9964655548707235,121,0.011062696943592047,0.0020292796893332478,0.011347142219689467,0.0020470440043232003,0.01167148085039202,0.011961255420986427
frozenlake8x8-H8-N192-D4-R0.5,frozenlake8x8-H8-N192-D4,frozenlake8x8,8,192,2304,1000000,4,0.5,q16-to-q1-f0.5,two_stage,139,133,2286,2187,143,137,2208,999512,8.446043165467627,8.443609022556391,0.050386619799920554,0.9964655548707235,121,0.011062696943592047,0.0020292796893332478,0.011347142219689467,0.0020470440043232003,0.012077336788258671,0.012370664221851067
frozenlake8x8-H8-N192-D4-R0.7,frozenlake8x8-H8-N192-D4,frozenlake8x8,8,192,2304,1000000,4,0.7,q16-to-q1-f0.5,two_stage,139,133,2286,2187,143,137,2208,999512,8.446043165467627,8.443609022556391,0.050386619799920554,0.9964655548707235,121,0.011062696943592047,0.0020292796893332478,0.011347142219689467,0.0020470440043232003,0.01248319272612532,0.012780073022715707
frozenlake8x8-H8-N192-D4-R0.9,frozenlake8x8-H8-N192-D4,frozenlake8x8,8,192,2304,1000000,4,0.9,q16-to-q1-f0.5,two_stage,139,133,2286,2187,143,137,2208,999512,8.446043165467627,8.443609022556391,0.050386619799920554,0.9964655548707235,121,0.011062696943592047,0.0020292796893332478,0.011347142219689467,0.0020470440043232003,0.01288904866399197,0.013189481823580347
frozenlake8x8-H8-N192-D4-R1,frozenlake8x8-H8-N192-D4,frozenlake8x8,8,192,2304,1000000,4,1.0,q16-to-q1-f0.5,two_stage,139,133,2286,2187,143,137,2208,999512,8.446043165467627,8.443609022556391,0.050386619799920554,0.9964655548707235,121,0.011062696943592047,0.0020292796893332478,0.011347142219689467,0.0020470440043232003,0.013091976632925294,0.013394186224012668
frozenlake8x8-H8-N192-D4-R0,frozenlake8x8-H8-N192-D4,frozenlake8x8,8,192,2304,1000000,4,0.0,q16-to-q1-f0.75,two_stage,114,109,2301,2196,118,113,2208,999512,12.18421052631579,12.146788990825687,0.050386619799920554,0.9964655548707235,121,0.010589920463447646,0.00383351981344614,0.010897978266810701,0.003817140068024085,0.010589920463447646,0.010897978266810701
frozenlake8x8-H8-N192-D4-R0.1,frozenlake8x8-H8-N192-D4,frozenlake8x8,8,192,2304,1000000,4,0.1,q16-to-q1-f0.75,two_stage,114,109,2301,2196,118,113,2208,999512,12.18421052631579,12.146788990825687,0.050386619799920554,0.9964655548707235,121,0.010589920463447646,0.00383351981344614,0.010897978266810701,0.003817140068024085,0.01097327244479226,0.01127969227361311
frozenlake8x8-H8-N192-D4-R0.3,frozenlake8x8-H8-N192-D4,frozenlake8x8,8,192,2304,1000000,4,0.3,q16-to-q1-f0.75,two_stage,114,109,2301,2196,118,113,2208,999512,12.18421052631579,12.146788990825687,0.050386619799920554,0.9964655548707235,121,0.010589920463447646,0.00383351981344614,0.010897978266810701,0.003817140068024085,0.011739976407481487,0.012043120287217927
frozenlake8x8-H8-N192-D4-R0.5,frozenlake8x8-H8-N192-D4,frozenlake8x8,8,192,2304,1000000,4,0.5,q16-to-q1-f0.75,two_stage,114,109,2301,2196,118,113,2208,999512,12.18421052631579,12.146788990825687,0.050386619799920554,0.9964655548707235,121,0.010589920463447646,0.00383351981344614,0.010897978266810701,0.003817140068024085,0.012506680370170716,0.012806548300822744
frozenlake8x8-H8-N192-D4-R0.7,frozenlake8x8-H8-N192-D4,frozenlake8x8,8,192,2304,1000000,4,0.7,q16-to-q1-f0.75,two_stage,114,109,2301,2196,118,113,2208,999512,12.18421052631579,12.146788990825687,0.050386619799920554,0.9964655548707235,121,0.010589920463447646,0.00383351981344614,0.010897978266810701,0.003817140068024085,0.013273384332859944,0.013569976314427561
frozenlake8x8-H8-N192-D4-R0.9,frozenlake8x8-H8-N192-D4,frozenlake8x8,8,192,2304,1000000,4,0.9,q16-to-q1-f0.75,two_stage,114,109,2301,2196,118,113,2208,999512,12.18421052631579,12.146788990825687,0.050386619799920554,0.9964655548707235,121,0.010589920463447646,0.00383351981344614,0.010897978266810701,0.003817140068024085,0.014040088295549171,0.014333404328032378
frozenlake8x8-H8-N192-D4-R1,frozenlake8x8-H8-N192-D4,frozenlake8x8,8,192,2304,1000000,4,1.0,q16-to-q1-f0.75,two_stage,114,109,2301,2196,118,113,2208,999512,12.18421052631579,12.146788990825687,0.050386619799920554,0.9964655548707235,121,0.010589920463447646,0.00383351981344614,0.010897978266810701,0.003817140068024085,0.014423440276893785,0.014715118334834786
frozenlake8x8-H8-N192-D8-R0,frozenlake8x8-H8-N192-D8,frozenlake8x8,8,192,2304,1000000,8,0.0,fixed-q1,fixed,256,245,2304,2205,264,253,2208,999508,1.0,1.0,0.050386619799920554,0.9964136466884351,121,0.008924006465140058,0.0,0.009228944299872173,0.0,0.008924006465140058,0.009228944299872173
frozenlake8x8-H8-N192-D8-R0.1,frozenlake8x8-H8-N192-D8,frozenlake8x8,8,192,2304,1000000,8,0.1,fixed-q1,fixed,256,245,2304,2205,264,253,2208,999508,1.0,1.0,0.050386619799920554,0.9964136466884351,121,0.008924006465140058,0.0,0.009228944299872173,0.0,0.008924006465140058,0.009228944299872173
frozenlake8x8-H8-N192-D8-R0.3,frozenlake8x8-H8-N192-D8,frozenlake8x8,8,192,2304,1000000,8,0.3,fixed-q1,fixed,256,245,2304,2205,264,253,2208,999508,1.0,1.0,0.050386619799920554,0.9964136466884351,121,0.008924006465140058,0.0,0.009228944299872173,0.0,0.008924006465140058,0.009228944299872173
frozenlake8x8-H8-N192-D8-R0.5,frozenlake8x8-H8-N192-D8,frozenlake8x8,8,192,2304,1000000,8,0.5,fixed-q1,fixed,256,245,2304,2205,264,253,2208,999508,1.0,1.0,0.050386619799920554,0.9964136466884351,121,0.008924006465140058,0.0,0.009228944299872173,0.0,0.008924006465140058,0.009228944299872173
frozenlake8x8-H8-N192-D8-R0.7,frozenlake8x8-H8-N192-D8,frozenlake8x8,8,192,2304,1000000,8,0.7,fixed-q1,fixed,256,245,2304,2205,264,253,2208,999508,1.0,1.0,0.050386619799920554,0.9964136466884351,121,0.008924006465140058,0.0,0.009228944299872173,0.0,0.008924006465140058,0.009228944299872173
frozenlake8x8-H8-N192-D8-R0.9,frozenlake8x8-H8-N192-D8,frozenlake8x8,8,192,2304,1000000,8,0.9,fixed-q1,fixed,256,245,2304,2205,264,253,2208,999508,1.0,1.0,0.050386619799920554,0.9964136466884351,121,0.008924006465140058,0.0,0.009228944299872173,0.0,0.008924006465140058,0.009228944299872173
frozenlake8x8-H8-N192-D8-R1,frozenlake8x8-H8-N192-D8,frozenlake8x8,8,192,2304,1000000,8,1.0,fixed-q1,fixed,256,245,2304,2205,264,253,2208,999508,1.0,1.0,0.050386619799920554,0.9964136466884351,121,0.008924006465140058,0.0,0.009228944299872173,0.0,0.008924006465140058,0.009228944299872173
frozenlake8x8-H8-N192-D8-R0,frozenlake8x8-H8-N192-D8,frozenlake8x8,8,192,2304,1000000,8,0.0,fixed-q4,fixed,192,184,2304,2208,200,192,2208,999508,4.0,4.0,0.050386619799920554,0.9964136466884351,121,0.007454069702203682,0.0035287601959242743,0.0077432341041902015,0.003550827970390499,0.007454069702203682,0.0077432341041902015
frozenlake8x8-H8-N192-D8-R0.1,frozenlake8x8-H8-N192-D8,frozenlake8x8,8,192,2304,1000000,8,0.1,fixed-q4,fixed,192,184,2304,2208,200,192,2208,999508,4.0,4.0,0.050386619799920554,0.9964136466884351,121,0.007454069702203682,0.0035287601959242743,0.0077432341041902015,0.003550827970390499,0.00780694572179611,0.008098316901229252
frozenlake8x8-H8-N192-D8-R0.3,frozenlake8x8-H8-N192-D8,frozenlake8x8,8,192,2304,1000000,8,0.3,fixed-q4,fixed,192,184,2304,2208,200,192,2208,999508,4.0,4.0,0.050386619799920554,0.9964136466884351,121,0.007454069702203682,0.0035287601959242743,0.0077432341041902015,0.003550827970390499,0.008512697760980965,0.008808482495307352
frozenlake8x8-H8-N192-D8-R0.5,frozenlake8x8-H8-N192-D8,frozenlake8x8,8,192,2304,1000000,8,0.5,fixed-q4,fixed,192,184,2304,2208,200,192,2208,999508,4.0,4.0,0.050386619799920554,0.9964136466884351,121,0.007454069702203682,0.0035287601959242743,0.0077432341041902015,0.003550827970390499,0.009218449800165819,0.009518648089385452
frozenlake8x8-H8-N192-D8-R0.7,frozenlake8x8-H8-N192-D8,frozenlake8x8,8,192,2304,1000000,8,0.7,fixed-q4,fixed,192,184,2304,2208,200,192,2208,999508,4.0,4.0,0.050386619799920554,0.9964136466884351,121,0.007454069702203682,0.0035287601959242743,0.0077432341041902015,0.003550827970390499,0.009924201839350675,0.010228813683463551
frozenlake8x8-H8-N192-D8-R0.9,frozenlake8x8-H8-N192-D8,frozenlake8x8,8,192,2304,1000000,8,0.9,fixed-q4,fixed,192,184,2304,2208,200,192,2208,999508,4.0,4.0,0.050386619799920554,0.9964136466884351,121,0.007454069702203682,0.0035287601959242743,0.0077432341041902015,0.003550827970390499,0.01062995387853553,0.01093897927754165
frozenlake8x8-H8-N192-D8-R1,frozenlake8x8-H8-N192-D8,frozenlake8x8,8,192,2304,1000000,8,1.0,fixed-q4,fixed,192,184,2304,2208,200,192,2208,999508,4.0,4.0,0.050386619799920554,0.9964136466884351,121,0.007454069702203682,0.0035287601959242743,0.0077432341041902015,0.003550827970390499,0.010982829898127957,0.0112940620745807
frozenlake8x8-H8-N192-D8-R0,frozenlake8x8-H8-N192-D8,frozenlake8x8,8,192,2304,1000000,8,0.0,fixed-q16,fixed,96,92,2304,2208,104,100,2208,999508,16.0,16.0,0.050386619799920554,0.9964136466884351,121,0.011201088272964949,0.004670034312255777,0.011472164757291365,0.004671375999622692,0.011201088272964949,0.011472164757291365
frozenlake8x8-H8-N192-D8-R0.1,frozenlake8x8-H8-N192-D8,frozenlake8x8,8,192,2304,1000000,8,0.1,fixed-q16,fixed,96,92,2304,2208,104,100,2208,999508,16.0,16.0,0.050386619799920554,0.9964136466884351,121,0.011201088272964949,0.004670034312255777,0.011472164757291365,0.004671375999622692,0.011668091704190527,0.011939302357253634
frozenlake8x8-H8-N192-D8-R0.3,frozenlake8x8-H8-N192-D8,frozenlake8x8,8,192,2304,1000000,8,0.3,fixed-q16,fixed,96,92,2304,2208,104,100,2208,999508,16.0,16.0,0.050386619799920554,0.9964136466884351,121,0.011201088272964949,0.004670034312255777,0.011472164757291365,0.004671375999622692,0.012602098566641682,0.012873577557178172
frozenlake8x8-H8-N192-D8-R0.5,frozenlake8x8-H8-N192-D8,frozenlake8x8,8,192,2304,1000000,8,0.5,fixed-q16,fixed,96,92,2304,2208,104,100,2208,999508,16.0,16.0,0.050386619799920554,0.9964136466884351,121,0.011201088272964949,0.004670034312255777,0.011472164757291365,0.004671375999622692,0.013536105429092837,0.013807852757102711
frozenlake8x8-H8-N192-D8-R0.7,frozenlake8x8-H8-N192-D8,frozenlake8x8,8,192,2304,1000000,8,0.7,fixed-q16,fixed,96,92,2304,2208,104,100,2208,999508,16.0,16.0,0.050386619799920554,0.9964136466884351,121,0.011201088272964949,0.004670034312255777,0.011472164757291365,0.004671375999622692,0.014470112291543992,0.01474212795702725
frozenlake8x8-H8-N192-D8-R0.9,frozenlake8x8-H8-N192-D8,frozenlake8x8,8,192,2304,1000000,8,0.9,fixed-q16,fixed,96,92,2304,2208,104,100,2208,999508,16.0,16.0,0.050386619799920554,0.9964136466884351,121,0.011201088272964949,0.004670034312255777,0.011472164757291365,0.004671375999622692,0.015404119153995147,0.015676403156951787
frozenlake8x8-H8-N192-D8-R1,frozenlake8x8-H8-N192-D8,frozenlake8x8,8,192,2304,1000000,8,1.0,fixed-q16,fixed,96,92,2304,2208,104,100,2208,999508,16.0,16.0,0.050386619799920554,0.9964136466884351,121,0.011201088272964949,0.004670034312255777,0.011472164757291365,0.004671375999622692,0.015871122585220727,0.016143540756914057
frozenlake8x8-H8-N192-D8-R0,frozenlake8x8-H8-N192-D8,frozenlake8x8,8,192,2304,1000000,8,0.0,q1-to-q16-f0.25,two_stage,113,108,2292,2187,121,116,2208,999508,12.283185840707965,12.25,0.050386619799920554,0.9964136466884351,121,0.01089432187358604,0.0038908055580375712,0.011189160345005503,0.0039050747519952167,0.01089432187358604,0.011189160345005503
frozenlake8x8-H8-N192-D8-R0.1,frozenlake8x8-H8-N192-D8,frozenlake8x8,8,192,2304,1000000,8,0.1,q1-to-q16-f0.25,two_stage,113,108,2292,2187,121,116,2208,999508,12.283185840707965,12.25,0.050386619799920554,0.9964136466884351,121,0.01089432187358604,0.0038908055580375712,0.011189160345005503,0.0039050747519952167,0.011283402429389798,0.011579667820205026
frozenlake8x8-H8-N192-D8-R0.3,frozenlake8x8-H8-N192-D8,frozenlake8x8,8,192,2304,1000000,8,0.3,q1-to-q16-f0.25,two_stage,113,108,2292,2187,121,116,2208,999508,12.283185840707965,12.25,0.050386619799920554,0.9964136466884351,121,0.01089432187358604,0.0038908055580375712,0.011189160345005503,0.0039050747519952167,0.012061563540997312,0.012360682770604068
frozenlake8x8-H8-N192-D8-R0.5,frozenlake8x8-H8-N192-D8,frozenlake8x8,8,192,2304,1000000,8,0.5,q1-to-q16-f0.25,two_stage,113,108,2292,2187,121,116,2208,999508,12.283185840707965,12.25,0.050386619799920554,0.9964136466884351,121,0.01089432187358604,0.0038908055580375712,0.011189160345005503,0.0039050747519952167,0.012839724652604826,0.013141697721003112
frozenlake8x8-H8-N192-D8-R0.7,frozenlake8x8-H8-N192-D8,frozenlake8x8,8,192,2304,1000000,8,0.7,q1-to-q16-f0.25,two_stage,113,108,2292,2187,121,116,2208,999508,12.283185840707965,12.25,0.050386619799920554,0.9964136466884351,121,0.01089432187358604,0.0038908055580375712,0.011189160345005503,0.0039050747519952167,0.01361788576421234,0.013922712671402155
frozenlake8x8-H8-N192-D8-R0.9,frozenlake8x8-H8-N192-D8,frozenlake8x8,8,192,2304,1000000,8,0.9,q1-to-q16-f0.25,two_stage,113,108,2292,2187,121,116,2208,999508,12.283185840707965,12.25,0.050386619799920554,0.9964136466884351,121,0.01089432187358604,0.0038908055580375712,0.011189160345005503,0.0039050747519952167,0.014396046875819855,0.014703727621801199
frozenlake8x8-H8-N192-D8-R1,frozenlake8x8-H8-N192-D8,frozenlake8x8,8,192,2304,1000000,8,1.0,q1-to-q16-f0.25,two_stage,113,108,2292,2187,121,116,2208,999508,12.283185840707965,12.25,0.050386619799920554,0.9964136466884351,121,0.01089432187358604,0.0038908055580375712,0.011189160345005503,0.0039050747519952167,0.014785127431623612,0.015094235097000721
frozenlake8x8-H8-N192-D8-R0,frozenlake8x8-H8-N192-D8,frozenlake8x8,8,192,2304,1000000,8,0.0,q1-to-q16-f0.5,two_stage,139,133,2301,2202,147,141,2208,999508,8.553956834532373,8.556390977443609,0.050386619799920554,0.9964136466884351,121,0.010913080599851572,0.00242070414569176,0.011236362343539285,0.002412389034417314,0.010913080599851572,0.011236362343539285
frozenlake8x8-H8-N192-D8-R0.1,frozenlake8x8-H8-N192-D8,frozenlake8x8,8,192,2304,1000000,8,0.1,q1-to-q16-f0.5,two_stage,139,133,2301,2202,147,141,2208,999508,8.553956834532373,8.556390977443609,0.050386619799920554,0.9964136466884351,121,0.010913080599851572,0.00242070414569176,0.011236362343539285,0.002412389034417314,0.011155151014420748,0.011477601246981016
frozenlake8x8-H8-N192-D8-R0.3,frozenlake8x8-H8-N192-D8,frozenlake8x8,8,192,2304,1000000,8,0.3,q1-to-q16-f0.5,two_stage,139,133,2301,2202,147,141,2208,999508,8.553956834532373,8.556390977443609,0.050386619799920554,0.9964136466884351,121,0.010913080599851572,0.00242070414569176,0.011236362343539285,0.002412389034417314,0.011639291843559099,0.011960079053864479
frozenlake8x8-H8-N192-D8-R0.5,frozenlake8x8-H8-N192-D8,frozenlake8x8,8,192,2304,1000000,8,0.5,q1-to-q16-f0.5,two_stage,139,133,2301,2202,147,141,2208,999508,8.553956834532373,8.556390977443609,0.050386619799920554,0.9964136466884351,121,0.010913080599851572,0.00242070414569176,0.011236362343539285,0.002412389034417314,0.012123432672697452,0.012442556860747942
frozenlake8x8-H8-N192-D8-R0.7,frozenlake8x8-H8-N192-D8,frozenlake8x8,8,192,2304,1000000,8,0.7,q1-to-q16-f0.5,two_stage,139,133,2301,2202,147,141,2208,999508,8.553956834532373,8.556390977443609,0.050386619799920554,0.9964136466884351,121,0.010913080599851572,0.00242070414569176,0.011236362343539285,0.002412389034417314,0.012607573501835802,0.012925034667631405
frozenlake8x8-H8-N192-D8-R0.9,frozenlake8x8-H8-N192-D8,frozenlake8x8,8,192,2304,1000000,8,0.9,q1-to-q16-f0.5,two_stage,139,133,2301,2202,147,141,2208,999508,8.553956834532373,8.556390977443609,0.050386619799920554,0.9964136466884351,121,0.010913080599851572,0.00242070414569176,0.011236362343539285,0.002412389034417314,0.013091714330974155,0.013407512474514868
frozenlake8x8-H8-N192-D8-R1,frozenlake8x8-H8-N192-D8,frozenlake8x8,8,192,2304,1000000,8,1.0,q1-to-q16-f0.5,two_stage,139,133,2301,2202,147,141,2208,999508,8.553956834532373,8.556390977443609,0.050386619799920554,0.9964136466884351,121,0.010913080599851572,0.00242070414569176,0.011236362343539285,0.002412389034417314,0.013333784745543331,0.013648751377956599
frozenlake8x8-H8-N192-D8-R0,frozenlake8x8-H8-N192-D8,frozenlake8x8,8,192,2304,1000000,8,0.0,q1-to-q16-f0.75,two_stage,180,172,2295,2193,188,180,2208,999508,4.75,4.75,0.050386619799920554,0.9964136466884351,121,0.01088904751032474,0.0005659307689571035,0.011228038663390725,0.00055987184126801,0.01088904751032474,0.011228038663390725
frozenlake8x8-H8-N192-D8-R0.1,frozenlake8x8-H8-N192-D8,frozenlake8x8,8,192,2304,1000000,8,0.1,q1-to-q16-f0.75,two_stage,180,172,2295,2193,188,180,2208,999508,4.75,4.75,0.050386619799920554,0.9964136466884351,121,0.01088904751032474,0.0005659307689571035,0.011228038663390725,0.00055987184126801,0.01094564058722045,0.011284025847517526
frozenlake8x8-H8-N192-D8-R0.3,frozenlake8x8-H8-N192-D8,frozenlake8x8,8,192,2304,1000000,8,0.3,q1-to-q16-f0.75,two_stage,180,172,2295,2193,188,180,2208,999508,4.75,4.75,0.050386619799920554,0.9964136466884351,121,0.01088904751032474,0.0005659307689571035,0.011228038663390725,0.00055987184126801,0.01105882674101187,0.011396000215771128
frozenlake8x8-H8-N192-D8-R0.5,frozenlake8x8-H8-N192-D8,frozenlake8x8,8,192,2304,1000000,8,0.5,q1-to-q16-f0.75,two_stage,180,172,2295,2193,188,180,2208,999508,4.75,4.75,0.050386619799920554,0.9964136466884351,121,0.01088904751032474,0.0005659307689571035,0.011228038663390725,0.00055987184126801,0.01117201289480329,0.01150797458402473
frozenlake8x8-H8-N192-D8-R0.7,frozenlake8x8-H8-N192-D8,frozenlake8x8,8,192,2304,1000000,8,0.7,q1-to-q16-f0.75,two_stage,180,172,2295,2193,188,180,2208,999508,4.75,4.75,0.050386619799920554,0.9964136466884351,121,0.01088904751032474,0.0005659307689571035,0.011228038663390725,0.00055987184126801,0.011285199048594713,0.011619948952278332
frozenlake8x8-H8-N192-D8-R0.9,frozenlake8x8-H8-N192-D8,frozenlake8x8,8,192,2304,1000000,8,0.9,q1-to-q16-f0.75,two_stage,180,172,2295,2193,188,180,2208,999508,4.75,4.75,0.050386619799920554,0.9964136466884351,121,0.01088904751032474,0.0005659307689571035,0.011228038663390725,0.00055987184126801,0.011398385202386133,0.011731923320531934
frozenlake8x8-H8-N192-D8-R1,frozenlake8x8-H8-N192-D8,frozenlake8x8,8,192,2304,1000000,8,1.0,q1-to-q16-f0.75,two_stage,180,172,2295,2193,188,180,2208,999508,4.75,4.75,0.050386619799920554,0.9964136466884351,121,0.01088904751032474,0.0005659307689571035,0.011228038663390725,0.00055987184126801,0.011454978279281844,0.011787910504658735
frozenlake8x8-H8-N192-D8-R0,frozenlake8x8-H8-N192-D8,frozenlake8x8,8,192,2304,1000000,8,0.0,q16-to-q1-f0.25,two_stage,181,173,2304,2202,189,181,2208,999508,4.7292817679558015,4.728323699421965,0.050386619799920554,0.9964136466884351,121,0.010807099653661015,0.0006060319443876174,0.01112773992383068,0.0006164186299204761,0.010807099653661015,0.01112773992383068
frozenlake8x8-H8-N192-D8-R0.1,frozenlake8x8-H8-N192-D8,frozenlake8x8,8,192,2304,1000000,8,0.1,q16-to-q1-f0.25,two_stage,181,173,2304,2202,189,181,2208,999508,4.7292817679558015,4.728323699421965,0.050386619799920554,0.9964136466884351,121,0.010807099653661015,0.0006060319443876174,0.01112773992383068,0.0006164186299204761,0.010867702848099776,0.011189381786822727
frozenlake8x8-H8-N192-D8-R0.3,frozenlake8x8-H8-N192-D8,frozenlake8x8,8,192,2304,1000000,8,0.3,q16-to-q1-f0.25,two_stage,181,173,2304,2202,189,181,2208,999508,4.7292817679558015,4.728323699421965,0.050386619799920554,0.9964136466884351,121,0.010807099653661015,0.0006060319443876174,0.01112773992383068,0.0006164186299204761,0.0109889092369773,0.011312665512806823
frozenlake8x8-H8-N192-D8-R0.5,frozenlake8x8-H8-N192-D8,frozenlake8x8,8,192,2304,1000000,8,0.5,q16-to-q1-f0.25,two_stage,181,173,2304,2202,189,181,2208,999508,4.7292817679558015,4.728323699421965,0.050386619799920554,0.9964136466884351,121,0.010807099653661015,0.0006060319443876174,0.01112773992383068,0.0006164186299204761,0.011110115625854823,0.011435949238790918
frozenlake8x8-H8-N192-D8-R0.7,frozenlake8x8-H8-N192-D8,frozenlake8x8,8,192,2304,1000000,8,0.7,q16-to-q1-f0.25,two_stage,181,173,2304,2202,189,181,2208,999508,4.7292817679558015,4.728323699421965,0.050386619799920554,0.9964136466884351,121,0.010807099653661015,0.0006060319443876174,0.01112773992383068,0.0006164186299204761,0.011231322014732347,0.011559232964775012
frozenlake8x8-H8-N192-D8-R0.9,frozenlake8x8-H8-N192-D8,frozenlake8x8,8,192,2304,1000000,8,0.9,q16-to-q1-f0.25,two_stage,181,173,2304,2202,189,181,2208,999508,4.7292817679558015,4.728323699421965,0.050386619799920554,0.9964136466884351,121,0.010807099653661015,0.0006060319443876174,0.01112773992383068,0.0006164186299204761,0.01135252840360987,0.011682516690759108
frozenlake8x8-H8-N192-D8-R1,frozenlake8x8-H8-N192-D8,frozenlake8x8,8,192,2304,1000000,8,1.0,q16-to-q1-f0.25,two_stage,181,173,2304,2202,189,181,2208,999508,4.7292817679558015,4.728323699421965,0.050386619799920554,0.9964136466884351,121,0.010807099653661015,0.0006060319443876174,0.01112773992383068,0.0006164186299204761,0.011413131598048631,0.011744158553751155
frozenlake8x8-H8-N192-D8-R0,frozenlake8x8-H8-N192-D8,frozenlake8x8,8,192,2304,1000000,8,0.0,q16-to-q1-f0.5,two_stage,139,133,2286,2187,147,141,2208,999508,8.446043165467627,8.443609022556391,0.050386619799920554,0.9964136466884351,121,0.011225168820020082,0.002108615925523248,0.011517105371325685,0.0021316460066309185,0.011225168820020082,0.011517105371325685
frozenlake8x8-H8-N192-D8-R0.1,frozenlake8x8-H8-N192-D8,frozenlake8x8,8,192,2304,1000000,8,0.1,q16-to-q1-f0.5,two_stage,139,133,2286,2187,147,141,2208,999508,8.446043165467627,8.443609022556391,0.050386619799920554,0.9964136466884351,121,0.011225168820020082,0.002108615925523248,0.011517105371325685,0.0021316460066309185,0.011436030412572407,0.011730269971988777
frozenlake8x8-H8-N192-D8-R0.3,frozenlake8x8-H8-N192-D8,frozenlake8x8,8,192,2304,1000000,8,0.3,q16-to-q1-f0.5,two_stage,139,133,2286,2187,147,141,2208,999508,8.446043165467627,8.443609022556391,0.050386619799920554,0.9964136466884351,121,0.011225168820020082,0.002108615925523248,0.011517105371325685,0.0021316460066309185,0.011857753597677056,0.01215659917331496
frozenlake8x8-H8-N192-D8-R0.5,frozenlake8x8-H8-N192-D8,frozenlake8x8,8,192,2304,1000000,8,0.5,q16-to-q1-f0.5,two_stage,139,133,2286,2187,147,141,2208,999508,8.446043165467627,8.443609022556391,0.050386619799920554,0.9964136466884351,121,0.011225168820020082,0.002108615925523248,0.011517105371325685,0.0021316460066309185,0.012279476782781707,0.012582928374641145
frozenlake8x8-H8-N192-D8-R0.7,frozenlake8x8-H8-N192-D8,frozenlake8x8,8,192,2304,1000000,8,0.7,q16-to-q1-f0.5,two_stage,139,133,2286,2187,147,141,2208,999508,8.446043165467627,8.443609022556391,0.050386619799920554,0.9964136466884351,121,0.011225168820020082,0.002108615925523248,0.011517105371325685,0.0021316460066309185,0.012701199967886356,0.013009257575967327
frozenlake8x8-H8-N192-D8-R0.9,frozenlake8x8-H8-N192-D8,frozenlake8x8,8,192,2304,1000000,8,0.9,q16-to-q1-f0.5,two_stage,139,133,2286,2187,147,141,2208,999508,8.446043165467627,8.443609022556391,0.050386619799920554,0.9964136466884351,121,0.011225168820020082,0.002108615925523248,0.011517105371325685,0.0021316460066309185,0.013122923152991005,0.013435586777293512
frozenlake8x8-H8-N192-D8-R1,frozenlake8x8-H8-N192-D8,frozenlake8x8,8,192,2304,1000000,8,1.0,q16-to-q1-f0.5,two_stage,139,133,2286,2187,147,141,2208,999508,8.446043165467627,8.443609022556391,0.050386619799920554,0.9964136466884351,121,0.011225168820020082,0.002108615925523248,0.011517105371325685,0.0021316460066309185,0.01333378474554333,0.013648751377956604
frozenlake8x8-H8-N192-D8-R0,frozenlake8x8-H8-N192-D8,frozenlake8x8,8,192,2304,1000000,8,0.0,q16-to-q1-f0.75,two_stage,114,109,2301,2196,122,117,2208,999508,12.18421052631579,12.146788990825687,0.050386619799920554,0.9964136466884351,121,0.010612145849977514,0.0041150700818399725,0.010920509581452655,0.004109139151869337,0.010612145849977514,0.010920509581452655
frozenlake8x8-H8-N192-D8-R0.1,frozenlake8x8-H8-N192-D8,frozenlake8x8,8,192,2304,1000000,8,0.1,q16-to-q1-f0.75,two_stage,114,109,2301,2196,122,117,2208,999508,12.18421052631579,12.146788990825687,0.050386619799920554,0.9964136466884351,121,0.010612145849977514,0.0041150700818399725,0.010920509581452655,0.004109139151869337,0.01102365285816151,0.011331423496639589
frozenlake8x8-H8-N192-D8-R0.3,frozenlake8x8-H8-N192-D8,frozenlake8x8,8,192,2304,1000000,8,0.3,q16-to-q1-f0.75,two_stage,114,109,2301,2196,122,117,2208,999508,12.18421052631579,12.146788990825687,0.050386619799920554,0.9964136466884351,121,0.010612145849977514,0.0041150700818399725,0.010920509581452655,0.004109139151869337,0.011846666874529505,0.012153251327013457
frozenlake8x8-H8-N192-D8-R0.5,frozenlake8x8-H8-N192-D8,frozenlake8x8,8,192,2304,1000000,8,0.5,q16-to-q1-f0.75,two_stage,114,109,2301,2196,122,117,2208,999508,12.18421052631579,12.146788990825687,0.050386619799920554,0.9964136466884351,121,0.010612145849977514,0.0041150700818399725,0.010920509581452655,0.004109139151869337,0.0126696808908975,0.012975079157387324
frozenlake8x8-H8-N192-D8-R0.7,frozenlake8x8-H8-N192-D8,frozenlake8x8,8,192,2304,1000000,8,0.7,q16-to-q1-f0.75,two_stage,114,109,2301,2196,122,117,2208,999508,12.18421052631579,12.146788990825687,0.050386619799920554,0.9964136466884351,121,0.010612145849977514,0.0041150700818399725,0.010920509581452655,0.004109139151869337,0.013492694907265495,0.01379690698776119
frozenlake8x8-H8-N192-D8-R0.9,frozenlake8x8-H8-N192-D8,frozenlake8x8,8,192,2304,1000000,8,0.9,q16-to-q1-f0.75,two_stage,114,109,2301,2196,122,117,2208,999508,12.18421052631579,12.146788990825687,0.050386619799920554,0.9964136466884351,121,0.010612145849977514,0.0041150700818399725,0.010920509581452655,0.004109139151869337,0.014315708923633489,0.014618734818135058
frozenlake8x8-H8-N192-D8-R1,frozenlake8x8-H8-N192-D8,frozenlake8x8,8,192,2304,1000000,8,1.0,q16-to-q1-f0.75,two_stage,114,109,2301,2196,122,117,2208,999508,12.18421052631579,12.146788990825687,0.050386619799920554,0.9964136466884351,121,0.010612145849977514,0.0041150700818399725,0.010920509581452655,0.004109139151869337,0.014727215931817486,0.015029648733321993
frozenlake8x8-H32-N96-D0-R0,frozenlake8x8-H32-N96-D0,frozenlake8x8,32,96,3456,1000000,0,0.0,fixed-q1,fixed,104,98,3432,3234,104,98,3264,999516,1.0,1.0,0.050386619799920554,0.9965152597837487,121,0.01477684465703861,0.0,0.015137488322693099,0.0,0.01477684465703861,0.015137488322693099
frozenlake8x8-H32-N96-D0-R0.1,frozenlake8x8-H32-N96-D0,frozenlake8x8,32,96,3456,1000000,0,0.1,fixed-q1,fixed,104,98,3432,3234,104,98,3264,999516,1.0,1.0,0.050386619799920554,0.9965152597837487,121,0.01477684465703861,0.0,0.015137488322693099,0.0,0.01477684465703861,0.015137488322693099
frozenlake8x8-H32-N96-D0-R0.3,frozenlake8x8-H32-N96-D0,frozenlake8x8,32,96,3456,1000000,0,0.3,fixed-q1,fixed,104,98,3432,3234,104,98,3264,999516,1.0,1.0,0.050386619799920554,0.9965152597837487,121,0.01477684465703861,0.0,0.015137488322693099,0.0,0.01477684465703861,0.015137488322693099
frozenlake8x8-H32-N96-D0-R0.5,frozenlake8x8-H32-N96-D0,frozenlake8x8,32,96,3456,1000000,0,0.5,fixed-q1,fixed,104,98,3432,3234,104,98,3264,999516,1.0,1.0,0.050386619799920554,0.9965152597837487,121,0.01477684465703861,0.0,0.015137488322693099,0.0,0.01477684465703861,0.015137488322693099
frozenlake8x8-H32-N96-D0-R0.7,frozenlake8x8-H32-N96-D0,frozenlake8x8,32,96,3456,1000000,0,0.7,fixed-q1,fixed,104,98,3432,3234,104,98,3264,999516,1.0,1.0,0.050386619799920554,0.9965152597837487,121,0.01477684465703861,0.0,0.015137488322693099,0.0,0.01477684465703861,0.015137488322693099
frozenlake8x8-H32-N96-D0-R0.9,frozenlake8x8-H32-N96-D0,frozenlake8x8,32,96,3456,1000000,0,0.9,fixed-q1,fixed,104,98,3432,3234,104,98,3264,999516,1.0,1.0,0.050386619799920554,0.9965152597837487,121,0.01477684465703861,0.0,0.015137488322693099,0.0,0.01477684465703861,0.015137488322693099
frozenlake8x8-H32-N96-D0-R1,frozenlake8x8-H32-N96-D0,frozenlake8x8,32,96,3456,1000000,0,1.0,fixed-q1,fixed,104,98,3432,3234,104,98,3264,999516,1.0,1.0,0.050386619799920554,0.9965152597837487,121,0.01477684465703861,0.0,0.015137488322693099,0.0,0.01477684465703861,0.015137488322693099
frozenlake8x8-H32-N96-D0-R0,frozenlake8x8-H32-N96-D0,frozenlake8x8,32,96,3456,1000000,0,0.0,fixed-q4,fixed,96,90,3456,3240,96,90,3264,999516,4.0,4.0,0.050386619799920554,0.9965152597837487,121,0.012097642744361614,0.0031630409200317693,0.012500230790378907,0.003139355998478966,0.012097642744361614,0.012500230790378907
frozenlake8x8-H32-N96-D0-R0.1,frozenlake8x8-H32-N96-D0,frozenlake8x8,32,96,3456,1000000,0,0.1,fixed-q4,fixed,96,90,3456,3240,96,90,3264,999516,4.0,4.0,0.050386619799920554,0.9965152597837487,121,0.012097642744361614,0.0031630409200317693,0.012500230790378907,0.003139355998478966,0.012413946836364792,0.012814166390226804
frozenlake8x8-H32-N96-D0-R0.3,frozenlake8x8-H32-N96-D0,frozenlake8x8,32,96,3456,1000000,0,0.3,fixed-q4,fixed,96,90,3456,3240,96,90,3264,999516,4.0,4.0,0.050386619799920554,0.9965152597837487,121,0.012097642744361614,0.0031630409200317693,0.012500230790378907,0.003139355998478966,0.013046555020371145,0.013442037589922597
frozenlake8x8-H32-N96-D0-R0.5,frozenlake8x8-H32-N96-D0,frozenlake8x8,32,96,3456,1000000,0,0.5,fixed-q4,fixed,96,90,3456,3240,96,90,3264,999516,4.0,4.0,0.050386619799920554,0.9965152597837487,121,0.012097642744361614,0.0031630409200317693,0.012500230790378907,0.003139355998478966,0.013679163204377499,0.01406990878961839
frozenlake8x8-H32-N96-D0-R0.7,frozenlake8x8-H32-N96-D0,frozenlake8x8,32,96,3456,1000000,0,0.7,fixed-q4,fixed,96,90,3456,3240,96,90,3264,999516,4.0,4.0,0.050386619799920554,0.9965152597837487,121,0.012097642744361614,0.0031630409200317693,0.012500230790378907,0.003139355998478966,0.014311771388383854,0.014697779989314184
frozenlake8x8-H32-N96-D0-R0.9,frozenlake8x8-H32-N96-D0,frozenlake8x8,32,96,3456,1000000,0,0.9,fixed-q4,fixed,96,90,3456,3240,96,90,3264,999516,4.0,4.0,0.050386619799920554,0.9965152597837487,121,0.012097642744361614,0.0031630409200317693,0.012500230790378907,0.003139355998478966,0.014944379572390207,0.015325651189009977
frozenlake8x8-H32-N96-D0-R1,frozenlake8x8-H32-N96-D0,frozenlake8x8,32,96,3456,1000000,0,1.0,fixed-q4,fixed,96,90,3456,3240,96,90,3264,999516,4.0,4.0,0.050386619799920554,0.9965152597837487,121,0.012097642744361614,0.0031630409200317693,0.012500230790378907,0.003139355998478966,0.015260683664393385,0.015639586788857872
frozenlake8x8-H32-N96-D0-R0,frozenlake8x8-H32-N96-D0,frozenlake8x8,32,96,3456,1000000,0,0.0,fixed-q16,fixed,72,68,3456,3264,72,68,3264,999516,16.0,16.0,0.050386619799920554,0.9965152597837487,121,0.01307719020267318,0.003789940963956629,0.013412186505887673,0.0037479152034248643,0.01307719020267318,0.013412186505887673
frozenlake8x8-H32-N96-D0-R0.1,frozenlake8x8-H32-N96-D0,frozenlake8x8,32,96,3456,1000000,0,0.1,fixed-q16,fixed,72,68,3456,3264,72,68,3264,999516,16.0,16.0,0.050386619799920554,0.9965152597837487,121,0.01307719020267318,0.003789940963956629,0.013412186505887673,0.0037479152034248643,0.013456184299068842,0.01378697802623016
frozenlake8x8-H32-N96-D0-R0.3,frozenlake8x8-H32-N96-D0,frozenlake8x8,32,96,3456,1000000,0,0.3,fixed-q16,fixed,72,68,3456,3264,72,68,3264,999516,16.0,16.0,0.050386619799920554,0.9965152597837487,121,0.01307719020267318,0.003789940963956629,0.013412186505887673,0.0037479152034248643,0.014214172491860168,0.014536561066915133
frozenlake8x8-H32-N96-D0-R0.5,frozenlake8x8-H32-N96-D0,frozenlake8x8,32,96,3456,1000000,0,0.5,fixed-q16,fixed,72,68,3456,3264,72,68,3264,999516,16.0,16.0,0.050386619799920554,0.9965152597837487,121,0.01307719020267318,0.003789940963956629,0.013412186505887673,0.0037479152034248643,0.014972160684651493,0.015286144107600106
frozenlake8x8-H32-N96-D0-R0.7,frozenlake8x8-H32-N96-D0,frozenlake8x8,32,96,3456,1000000,0,0.7,fixed-q16,fixed,72,68,3456,3264,72,68,3264,999516,16.0,16.0,0.050386619799920554,0.9965152597837487,121,0.01307719020267318,0.003789940963956629,0.013412186505887673,0.0037479152034248643,0.01573014887744282,0.01603572714828508
frozenlake8x8-H32-N96-D0-R0.9,frozenlake8x8-H32-N96-D0,frozenlake8x8,32,96,3456,1000000,0,0.9,fixed-q16,fixed,72,68,3456,3264,72,68,3264,999516,16.0,16.0,0.050386619799920554,0.9965152597837487,121,0.01307719020267318,0.003789940963956629,0.013412186505887673,0.0037479152034248643,0.016488137070234145,0.016785310188970053
frozenlake8x8-H32-N96-D0-R1,frozenlake8x8-H32-N96-D0,frozenlake8x8,32,96,3456,1000000,0,1.0,fixed-q16,fixed,72,68,3456,3264,72,68,3264,999516,16.0,16.0,0.050386619799920554,0.9965152597837487,121,0.01307719020267318,0.003789940963956629,0.013412186505887673,0.0037479152034248643,0.016867131166629808,0.017160101709312536
frozenlake8x8-H32-N96-D0-R0,frozenlake8x8-H32-N96-D0,frozenlake8x8,32,96,3456,1000000,0,0.0,q1-to-q16-f0.25,two_stage,77,73,3411,3234,77,73,3264,999516,12.2987012987013,12.301369863013699,0.050386619799920554,0.9965152597837487,121,0.01346694582358685,0.0030487334462421674,0.013793289373330379,0.0030059704374116834,0.01346694582358685,0.013793289373330379
frozenlake8x8-H32-N96-D0-R0.1,frozenlake8x8-H32-N96-D0,frozenlake8x8,32,96,3456,1000000,0,0.1,q1-to-q16-f0.25,two_stage,77,73,3411,3234,77,73,3264,999516,12.2987012987013,12.301369863013699,0.050386619799920554,0.9965152597837487,121,0.01346694582358685,0.0030487334462421674,0.013793289373330379,0.0030059704374116834,0.013771819168211068,0.014093886417071547
frozenlake8x8-H32-N96-D0-R0.3,frozenlake8x8-H32-N96-D0,frozenlake8x8,32,96,3456,1000000,0,0.3,q1-to-q16-f0.25,two_stage,77,73,3411,3234,77,73,3264,999516,12.2987012987013,12.301369863013699,0.050386619799920554,0.9965152597837487,121,0.01346694582358685,0.0030487334462421674,0.013793289373330379,0.0030059704374116834,0.014381565857459502,0.014695080504553884
frozenlake8x8-H32-N96-D0-R0.5,frozenlake8x8-H32-N96-D0,frozenlake8x8,32,96,3456,1000000,0,0.5,q1-to-q16-f0.25,two_stage,77,73,3411,3234,77,73,3264,999516,12.2987012987013,12.301369863013699,0.050386619799920554,0.9965152597837487,121,0.01346694582358685,0.0030487334462421674,0.013793289373330379,0.0030059704374116834,0.014991312546707934,0.01529627459203622
frozenlake8x8-H32-N96-D0-R0.7,frozenlake8x8-H32-N96-D0,frozenlake8x8,32,96,3456,1000000,0,0.7,q1-to-q16-f0.25,two_stage,77,73,3411,3234,77,73,3264,999516,12.2987012987013,12.301369863013699,0.050386619799920554,0.9965152597837487,121,0.01346694582358685,0.0030487334462421674,0.013793289373330379,0.0030059704374116834,0.015601059235956368,0.015897468679518557
frozenlake8x8-H32-N96-D0-R0.9,frozenlake8x8-H32-N96-D0,frozenlake8x8,32,96,3456,1000000,0,0.9,q1-to-q16-f0.25,two_stage,77,73,3411,3234,77,73,3264,999516,12.2987012987013,12.301369863013699,0.050386619799920554,0.9965152597837487,121,0.01346694582358685,0.0030487334462421674,0.013793289373330379,0.0030059704374116834,0.016210805925204803,0.016498662767000894
frozenlake8x8-H32-N96-D0-R1,frozenlake8x8-H32-N96-D0,frozenlake8x8,32,96,3456,1000000,0,1.0,q1-to-q16-f0.25,two_stage,77,73,3411,3234,77,73,3264,999516,12.2987012987013,12.301369863013699,0.050386619799920554,0.9965152597837487,121,0.01346694582358685,0.0030487334462421674,0.013793289373330379,0.0030059704374116834,0.01651567926982902,0.01679925981074206
frozenlake8x8-H32-N96-D0-R0,frozenlake8x8-H32-N96-D0,frozenlake8x8,32,96,3456,1000000,0,0.0,q1-to-q16-f0.5,two_stage,85,80,3450,3240,85,80,3264,999516,8.588235294117647,8.5,0.050386619799920554,0.9965152597837487,121,0.014213333977696406,0.0017568508733276959,0.014594089275881848,0.0017098025985318062,0.014213333977696406,0.014594089275881848
frozenlake8x8-H32-N96-D0-R0.1,frozenlake8x8-H32-N96-D0,frozenlake8x8,32,96,3456,1000000,0,0.1,q1-to-q16-f0.5,two_stage,85,80,3450,3240,85,80,3264,999516,8.588235294117647,8.5,0.050386619799920554,0.9965152597837487,121,0.014213333977696406,0.0017568508733276959,0.014594089275881848,0.0017098025985318062,0.014389019065029176,0.014765069535735028
frozenlake8x8-H32-N96-D0-R0.3,frozenlake8x8-H32-N96-D0,frozenlake8x8,32,96,3456,1000000,0,0.3,q1-to-q16-f0.5,two_stage,85,80,3450,3240,85,80,3264,999516,8.588235294117647,8.5,0.050386619799920554,0.9965152597837487,121,0.014213333977696406,0.0017568508733276959,0.014594089275881848,0.0017098025985318062,0.014740389239694715,0.01510703005544139
frozenlake8x8-H32-N96-D0-R0.5,frozenlake8x8-H32-N96-D0,frozenlake8x8,32,96,3456,1000000,0,0.5,q1-to-q16-f0.5,two_stage,85,80,3450,3240,85,80,3264,999516,8.588235294117647,8.5,0.050386619799920554,0.9965152597837487,121,0.014213333977696406,0.0017568508733276959,0.014594089275881848,0.0017098025985318062,0.015091759414360254,0.015448990575147752
frozenlake8x8-H32-N96-D0-R0.7,frozenlake8x8-H32-N96-D0,frozenlake8x8,32,96,3456,1000000,0,0.7,q1-to-q16-f0.5,two_stage,85,80,3450,3240,85,80,3264,999516,8.588235294117647,8.5,0.050386619799920554,0.9965152597837487,121,0.014213333977696406,0.0017568508733276959,0.014594089275881848,0.0017098025985318062,0.015443129589025793,0.01579095109485411
frozenlake8x8-H32-N96-D0-R0.9,frozenlake8x8-H32-N96-D0,frozenlake8x8,32,96,3456,1000000,0,0.9,q1-to-q16-f0.5,two_stage,85,80,3450,3240,85,80,3264,999516,8.588235294117647,8.5,0.050386619799920554,0.9965152597837487,121,0.014213333977696406,0.0017568508733276959,0.014594089275881848,0.0017098025985318062,0.015794499763691332,0.016132911614560472
frozenlake8x8-H32-N96-D0-R1,frozenlake8x8-H32-N96-D0,frozenlake8x8,32,96,3456,1000000,0,1.0,q1-to-q16-f0.5,two_stage,85,80,3450,3240,85,80,3264,999516,8.588235294117647,8.5,0.050386619799920554,0.9965152597837487,121,0.014213333977696406,0.0017568508733276959,0.014594089275881848,0.0017098025985318062,0.015970184851024104,0.016303891874413654
frozenlake8x8-H32-N96-D0-R0,frozenlake8x8-H32-N96-D0,frozenlake8x8,32,96,3456,1000000,0,0.0,q1-to-q16-f0.75,two_stage,93,88,3429,3234,93,88,3264,999516,4.870967741935484,4.75,0.050386619799920554,0.9965152597837487,121,0.015104939675208493,0.0003469042008764,0.015452410974276718,0.0003166767710692959,0.015104939675208493,0.015452410974276718
frozenlake8x8-H32-N96-D0-R0.1,frozenlake8x8-H32-N96-D0,frozenlake8x8,32,96,3456,1000000,0,0.1,q1-to-q16-f0.75,two_stage,93,88,3429,3234,93,88,3264,999516,4.870967741935484,4.75,0.050386619799920554,0.9965152597837487,121,0.015104939675208493,0.0003469042008764,0.015452410974276718,0.0003166767710692959,0.015139630095296133,0.015484078651383648
frozenlake8x8-H32-N96-D0-R0.3,frozenlake8x8-H32-N96-D0,frozenlake8x8,32,96,3456,1000000,0,0.3,q1-to-q16-f0.75,two_stage,93,88,3429,3234,93,88,3264,999516,4.870967741935484,4.75,0.050386619799920554,0.9965152597837487,121,0.015104939675208493,0.0003469042008764,0.015452410974276718,0.0003166767710692959,0.015209010935471412,0.015547414005597508
frozenlake8x8-H32-N96-D0-R0.5,frozenlake8x8-H32-N96-D0,frozenlake8x8,32,96,3456,1000000,0,0.5,q1-to-q16-f0.75,two_stage,93,88,3429,3234,93,88,3264,999516,4.870967741935484,4.75,0.050386619799920554,0.9965152597837487,121,0.015104939675208493,0.0003469042008764,0.015452410974276718,0.0003166767710692959,0.015278391775646693,0.015610749359811367
frozenlake8x8-H32-N96-D0-R0.7,frozenlake8x8-H32-N96-D0,frozenlake8x8,32,96,3456,1000000,0,0.7,q1-to-q16-f0.75,two_stage,93,88,3429,3234,93,88,3264,999516,4.870967741935484,4.75,0.050386619799920554,0.9965152597837487,121,0.015104939675208493,0.0003469042008764,0.015452410974276718,0.0003166767710692959,0.015347772615821972,0.015674084714025226
frozenlake8x8-H32-N96-D0-R0.9,frozenlake8x8-H32-N96-D0,frozenlake8x8,32,96,3456,1000000,0,0.9,q1-to-q16-f0.75,two_stage,93,88,3429,3234,93,88,3264,999516,4.870967741935484,4.75,0.050386619799920554,0.9965152597837487,121,0.015104939675208493,0.0003469042008764,0.015452410974276718,0.0003166767710692959,0.015417153455997253,0.015737420068239083
frozenlake8x8-H32-N96-D0-R1,frozenlake8x8-H32-N96-D0,frozenlake8x8,32,96,3456,1000000,0,1.0,q1-to-q16-f0.75,two_stage,93,88,3429,3234,93,88,3264,999516,4.870967741935484,4.75,0.050386619799920554,0.9965152597837487,121,0.015104939675208493,0.0003469042008764,0.015452410974276718,0.0003166767710692959,0.015451843876084892,0.015769087745346015
frozenlake8x8-H32-N96-D0-R0,frozenlake8x8-H32-N96-D0,frozenlake8x8,32,96,3456,1000000,0,0.0,q16-to-q1-f0.25,two_stage,94,88,3447,3234,94,88,3264,999516,4.670212765957447,4.75,0.050386619799920554,0.9965152597837487,121,0.014691524571515596,0.0006938888247085545,0.015046186393574598,0.0007229013517714047,0.014691524571515596,0.015046186393574598
frozenlake8x8-H32-N96-D0-R0.1,frozenlake8x8-H32-N96-D0,frozenlake8x8,32,96,3456,1000000,0,0.1,q16-to-q1-f0.25,two_stage,94,88,3447,3234,94,88,3264,999516,4.670212765957447,4.75,0.050386619799920554,0.9965152597837487,121,0.014691524571515596,0.0006938888247085545,0.015046186393574598,0.0007229013517714047,0.014760913453986451,0.015118476528751739
frozenlake8x8-H32-N96-D0-R0.3,frozenlake8x8-H32-N96-D0,frozenlake8x8,32,96,3456,1000000,0,0.3,q16-to-q1-f0.25,two_stage,94,88,3447,3234,94,88,3264,999516,4.670212765957447,4.75,0.050386619799920554,0.9965152597837487,121,0.014691524571515596,0.0006938888247085545,0.015046186393574598,0.0007229013517714047,0.014899691218928163,0.01526305679910602
frozenlake8x8-H32-N96-D0-R0.5,frozenlake8x8-H32-N96-D0,frozenlake8x8,32,96,3456,1000000,0,0.5,q16-to-q1-f0.25,two_stage,94,88,3447,3234,94,88,3264,999516,4.670212765957447,4.75,0.050386619799920554,0.9965152597837487,121,0.014691524571515596,0.0006938888247085545,0.015046186393574598,0.0007229013517714047,0.015038468983869874,0.0154076370694603
frozenlake8x8-H32-N96-D0-R0.7,frozenlake8x8-H32-N96-D0,frozenlake8x8,32,96,3456,1000000,0,0.7,q16-to-q1-f0.25,two_stage,94,88,3447,3234,94,88,3264,999516,4.670212765957447,4.75,0.050386619799920554,0.9965152597837487,121,0.014691524571515596,0.0006938888247085545,0.015046186393574598,0.0007229013517714047,0.015177246748811584,0.015552217339814581
frozenlake8x8-H32-N96-D0-R0.9,frozenlake8x8-H32-N96-D0,frozenlake8x8,32,96,3456,1000000,0,0.9,q16-to-q1-f0.25,two_stage,94,88,3447,3234,94,88,3264,999516,4.670212765957447,4.75,0.050386619799920554,0.9965152597837487,121,0.014691524571515596,0.0006938888247085545,0.015046186393574598,0.0007229013517714047,0.015316024513753294,0.015696797610168862
frozenlake8x8-H32-N96-D0-R1,frozenlake8x8-H32-N96-D0,frozenlake8x8,32,96,3456,1000000,0,1.0,q16-to-q1-f0.25,two_stage,94,88,3447,3234,94,88,3264,999516,4.670212765957447,4.75,0.050386619799920554,0.9965152597837487,121,0.014691524571515596,0.0006938888247085545,0.015046186393574598,0.0007229013517714047,0.015385413396224151,0.015769087745346
frozenlake8x8-H32-N96-D0-R0,frozenlake8x8-H32-N96-D0,frozenlake8x8,32,96,3456,1000000,0,0.0,q16-to-q1-f0.5,two_stage,85,80,3435,3240,85,80,3264,999516,8.411764705882353,8.5,0.050386619799920554,0.9965152597837487,121,0.01389931299761636,0.0020708718534077496,0.014202661074975035,0.002101230799438624,0.01389931299761636,0.014202661074975035
frozenlake8x8-H32-N96-D0-R0.1,frozenlake8x8-H32-N96-D0,frozenlake8x8,32,96,3456,1000000,0,0.1,q16-to-q1-f0.5,two_stage,85,80,3435,3240,85,80,3264,999516,8.411764705882353,8.5,0.050386619799920554,0.9965152597837487,121,0.01389931299761636,0.0020708718534077496,0.014202661074975035,0.002101230799438624,0.014106400182957135,0.014412784154918897
frozenlake8x8-H32-N96-D0-R0.3,frozenlake8x8-H32-N96-D0,frozenlake8x8,32,96,3456,1000000,0,0.3,q16-to-q1-f0.5,two_stage,85,80,3435,3240,85,80,3264,999516,8.411764705882353,8.5,0.050386619799920554,0.9965152597837487,121,0.01389931299761636,0.0020708718534077496,0.014202661074975035,0.002101230799438624,0.014520574553638685,0.014833030314806622
frozenlake8x8-H32-N96-D0-R0.5,frozenlake8x8-H32-N96-D0,frozenlake8x8,32,96,3456,1000000,0,0.5,q16-to-q1-f0.5,two_stage,85,80,3435,3240,85,80,3264,999516,8.411764705882353,8.5,0.050386619799920554,0.9965152597837487,121,0.01389931299761636,0.0020708718534077496,0.014202661074975035,0.002101230799438624,0.014934748924320234,0.015253276474694348
frozenlake8x8-H32-N96-D0-R0.7,frozenlake8x8-H32-N96-D0,frozenlake8x8,32,96,3456,1000000,0,0.7,q16-to-q1-f0.5,two_stage,85,80,3435,3240,85,80,3264,999516,8.411764705882353,8.5,0.050386619799920554,0.9965152597837487,121,0.01389931299761636,0.0020708718534077496,0.014202661074975035,0.002101230799438624,0.015348923295001784,0.015673522634582073
frozenlake8x8-H32-N96-D0-R0.9,frozenlake8x8-H32-N96-D0,frozenlake8x8,32,96,3456,1000000,0,0.9,q16-to-q1-f0.5,two_stage,85,80,3435,3240,85,80,3264,999516,8.411764705882353,8.5,0.050386619799920554,0.9965152597837487,121,0.01389931299761636,0.0020708718534077496,0.014202661074975035,0.002101230799438624,0.015763097665683335,0.016093768794469797
frozenlake8x8-H32-N96-D0-R1,frozenlake8x8-H32-N96-D0,frozenlake8x8,32,96,3456,1000000,0,1.0,q16-to-q1-f0.5,two_stage,85,80,3435,3240,85,80,3264,999516,8.411764705882353,8.5,0.050386619799920554,0.9965152597837487,121,0.01389931299761636,0.0020708718534077496,0.014202661074975035,0.002101230799438624,0.01597018485102411,0.01630389187441366
frozenlake8x8-H32-N96-D0-R0,frozenlake8x8-H32-N96-D0,frozenlake8x8,32,96,3456,1000000,0,0.0,q16-to-q1-f0.75,two_stage,78,73,3444,3219,78,73,3264,999516,12.153846153846153,12.095890410958905,0.050386619799920554,0.9965152597837487,121,0.01293507706323646,0.0035068749889351036,0.013350606857849404,0.0034486529528926627,0.01293507706323646,0.013350606857849404
frozenlake8x8-H32-N96-D0-R0.1,frozenlake8x8-H32-N96-D0,frozenlake8x8,32,96,3456,1000000,0,0.1,q16-to-q1-f0.75,two_stage,78,73,3444,3219,78,73,3264,999516,12.153846153846153,12.095890410958905,0.050386619799920554,0.9965152597837487,121,0.01293507706323646,0.0035068749889351036,0.013350606857849404,0.0034486529528926627,0.01328576456212997,0.01369547215313867
frozenlake8x8-H32-N96-D0-R0.3,frozenlake8x8-H32-N96-D0,frozenlake8x8,32,96,3456,1000000,0,0.3,q16-to-q1-f0.75,two_stage,78,73,3444,3219,78,73,3264,999516,12.153846153846153,12.095890410958905,0.050386619799920554,0.9965152597837487,121,0.01293507706323646,0.0035068749889351036,0.013350606857849404,0.0034486529528926627,0.01398713955991699,0.014385202743717202
frozenlake8x8-H32-N96-D0-R0.5,frozenlake8x8-H32-N96-D0,frozenlake8x8,32,96,3456,1000000,0,0.5,q16-to-q1-f0.75,two_stage,78,73,3444,3219,78,73,3264,999516,12.153846153846153,12.095890410958905,0.050386619799920554,0.9965152597837487,121,0.01293507706323646,0.0035068749889351036,0.013350606857849404,0.0034486529528926627,0.014688514557704011,0.015074933334295736
frozenlake8x8-H32-N96-D0-R0.7,frozenlake8x8-H32-N96-D0,frozenlake8x8,32,96,3456,1000000,0,0.7,q16-to-q1-f0.75,two_stage,78,73,3444,3219,78,73,3264,999516,12.153846153846153,12.095890410958905,0.050386619799920554,0.9965152597837487,121,0.01293507706323646,0.0035068749889351036,0.013350606857849404,0.0034486529528926627,0.015389889555491032,0.015764663924874266
frozenlake8x8-H32-N96-D0-R0.9,frozenlake8x8-H32-N96-D0,frozenlake8x8,32,96,3456,1000000,0,0.9,q16-to-q1-f0.75,two_stage,78,73,3444,3219,78,73,3264,999516,12.153846153846153,12.095890410958905,0.050386619799920554,0.9965152597837487,121,0.01293507706323646,0.0035068749889351036,0.013350606857849404,0.0034486529528926627,0.016091264553278053,0.0164543945154528
frozenlake8x8-H32-N96-D0-R1,frozenlake8x8-H32-N96-D0,frozenlake8x8,32,96,3456,1000000,0,1.0,q16-to-q1-f0.75,two_stage,78,73,3444,3219,78,73,3264,999516,12.153846153846153,12.095890410958905,0.050386619799920554,0.9965152597837487,121,0.01293507706323646,0.0035068749889351036,0.013350606857849404,0.0034486529528926627,0.01644195205217156,0.016799259810742068
frozenlake8x8-H32-N96-D4-R0,frozenlake8x8-H32-N96-D4,frozenlake8x8,32,96,3456,1000000,4,0.0,fixed-q1,fixed,104,98,3432,3234,108,102,3264,999512,1.0,1.0,0.050386619799920554,0.9964655548707235,121,0.015014244890668339,0.0,0.015386429827968137,0.0,0.015014244890668339,0.015386429827968137
frozenlake8x8-H32-N96-D4-R0.1,frozenlake8x8-H32-N96-D4,frozenlake8x8,32,96,3456,1000000,4,0.1,fixed-q1,fixed,104,98,3432,3234,108,102,3264,999512,1.0,1.0,0.050386619799920554,0.9964655548707235,121,0.015014244890668339,0.0,0.015386429827968137,0.0,0.015014244890668339,0.015386429827968137
frozenlake8x8-H32-N96-D4-R0.3,frozenlake8x8-H32-N96-D4,frozenlake8x8,32,96,3456,1000000,4,0.3,fixed-q1,fixed,104,98,3432,3234,108,102,3264,999512,1.0,1.0,0.050386619799920554,0.9964655548707235,121,0.015014244890668339,0.0,0.015386429827968137,0.0,0.015014244890668339,0.015386429827968137
frozenlake8x8-H32-N96-D4-R0.5,frozenlake8x8-H32-N96-D4,frozenlake8x8,32,96,3456,1000000,4,0.5,fixed-q1,fixed,104,98,3432,3234,108,102,3264,999512,1.0,1.0,0.050386619799920554,0.9964655548707235,121,0.015014244890668339,0.0,0.015386429827968137,0.0,0.015014244890668339,0.015386429827968137
frozenlake8x8-H32-N96-D4-R0.7,frozenlake8x8-H32-N96-D4,frozenlake8x8,32,96,3456,1000000,4,0.7,fixed-q1,fixed,104,98,3432,3234,108,102,3264,999512,1.0,1.0,0.050386619799920554,0.9964655548707235,121,0.015014244890668339,0.0,0.015386429827968137,0.0,0.015014244890668339,0.015386429827968137
frozenlake8x8-H32-N96-D4-R0.9,frozenlake8x8-H32-N96-D4,frozenlake8x8,32,96,3456,1000000,4,0.9,fixed-q1,fixed,104,98,3432,3234,108,102,3264,999512,1.0,1.0,0.050386619799920554,0.9964655548707235,121,0.015014244890668339,0.0,0.015386429827968137,0.0,0.015014244890668339,0.015386429827968137
frozenlake8x8-H32-N96-D4-R1,frozenlake8x8-H32-N96-D4,frozenlake8x8,32,96,3456,1000000,4,1.0,fixed-q1,fixed,104,98,3432,3234,108,102,3264,999512,1.0,1.0,0.050386619799920554,0.9964655548707235,121,0.015014244890668339,0.0,0.015386429827968137,0.0,0.015014244890668339,0.015386429827968137
frozenlake8x8-H32-N96-D4-R0,frozenlake8x8-H32-N96-D4,frozenlake8x8,32,96,3456,1000000,4,0.0,fixed-q4,fixed,96,90,3456,3240,100,94,3264,999512,4.0,4.0,0.050386619799920554,0.9964655548707235,121,0.012097528190520639,0.003416062761966708,0.012502421313075792,0.003402324999167548,0.012097528190520639,0.012502421313075792
frozenlake8x8-H32-N96-D4-R0.1,frozenlake8x8-H32-N96-D4,frozenlake8x8,32,96,3456,1000000,4,0.1,fixed-q4,fixed,96,90,3456,3240,100,94,3264,999512,4.0,4.0,0.050386619799920554,0.9964655548707235,121,0.012097528190520639,0.003416062761966708,0.012502421313075792,0.003402324999167548,0.01243913446671731,0.012842653812992547
frozenlake8x8-H32-N96-D4-R0.3,frozenlake8x8-H32-N96-D4,frozenlake8x8,32,96,3456,1000000,4,0.3,fixed-q4,fixed,96,90,3456,3240,100,94,3264,999512,4.0,4.0,0.050386619799920554,0.9964655548707235,121,0.012097528190520639,0.003416062761966708,0.012502421313075792,0.003402324999167548,0.013122347019110652,0.013523118812826057
frozenlake8x8-H32-N96-D4-R0.5,frozenlake8x8-H32-N96-D4,frozenlake8x8,32,96,3456,1000000,4,0.5,fixed-q4,fixed,96,90,3456,3240,100,94,3264,999512,4.0,4.0,0.050386619799920554,0.9964655548707235,121,0.012097528190520639,0.003416062761966708,0.012502421313075792,0.003402324999167548,0.013805559571503994,0.014203583812659567
frozenlake8x8-H32-N96-D4-R0.7,frozenlake8x8-H32-N96-D4,frozenlake8x8,32,96,3456,1000000,4,0.7,fixed-q4,fixed,96,90,3456,3240,100,94,3264,999512,4.0,4.0,0.050386619799920554,0.9964655548707235,121,0.012097528190520639,0.003416062761966708,0.012502421313075792,0.003402324999167548,0.014488772123897334,0.014884048812493077
frozenlake8x8-H32-N96-D4-R0.9,frozenlake8x8-H32-N96-D4,frozenlake8x8,32,96,3456,1000000,4,0.9,fixed-q4,fixed,96,90,3456,3240,100,94,3264,999512,4.0,4.0,0.050386619799920554,0.9964655548707235,121,0.012097528190520639,0.003416062761966708,0.012502421313075792,0.003402324999167548,0.015171984676290676,0.015564513812326587
frozenlake8x8-H32-N96-D4-R1,frozenlake8x8-H32-N96-D4,frozenlake8x8,32,96,3456,1000000,4,1.0,fixed-q4,fixed,96,90,3456,3240,100,94,3264,999512,4.0,4.0,0.050386619799920554,0.9964655548707235,121,0.012097528190520639,0.003416062761966708,0.012502421313075792,0.003402324999167548,0.015513590952487347,0.01590474631224334
frozenlake8x8-H32-N96-D4-R0,frozenlake8x8-H32-N96-D4,frozenlake8x8,32,96,3456,1000000,4,0.0,fixed-q16,fixed,72,68,3456,3264,76,72,3264,999512,16.0,16.0,0.050386619799920554,0.9964655548707235,121,0.013011934929498675,0.004160121692103264,0.013346271298252178,0.004128102395952144,0.013011934929498675,0.013346271298252178
frozenlake8x8-H32-N96-D4-R0.1,frozenlake8x8-H32-N96-D4,frozenlake8x8,32,96,3456,1000000,4,0.1,fixed-q16,fixed,72,68,3456,3264,76,72,3264,999512,16.0,16.0,0.050386619799920554,0.9964655548707235,121,0.013011934929498675,0.004160121692103264,0.013346271298252178,0.004128102395952144,0.013427947098709002,0.013759081537847393
frozenlake8x8-H32-N96-D4-R0.3,frozenlake8x8-H32-N96-D4,frozenlake8x8,32,96,3456,1000000,4,0.3,fixed-q16,fixed,72,68,3456,3264,76,72,3264,999512,16.0,16.0,0.050386619799920554,0.9964655548707235,121,0.013011934929498675,0.004160121692103264,0.013346271298252178,0.004128102395952144,0.014259971437129655,0.01458470201703782
frozenlake8x8-H32-N96-D4-R0.5,frozenlake8x8-H32-N96-D4,frozenlake8x8,32,96,3456,1000000,4,0.5,fixed-q16,fixed,72,68,3456,3264,76,72,3264,999512,16.0,16.0,0.050386619799920554,0.9964655548707235,121,0.013011934929498675,0.004160121692103264,0.013346271298252178,0.004128102395952144,0.015091995775550307,0.01541032249622825
frozenlake8x8-H32-N96-D4-R0.7,frozenlake8x8-H32-N96-D4,frozenlake8x8,32,96,3456,1000000,4,0.7,fixed-q16,fixed,72,68,3456,3264,76,72,3264,999512,16.0,16.0,0.050386619799920554,0.9964655548707235,121,0.013011934929498675,0.004160121692103264,0.013346271298252178,0.004128102395952144,0.015924020113970958,0.01623594297541868
frozenlake8x8-H32-N96-D4-R0.9,frozenlake8x8-H32-N96-D4,frozenlake8x8,32,96,3456,1000000,4,0.9,fixed-q16,fixed,72,68,3456,3264,76,72,3264,999512,16.0,16.0,0.050386619799920554,0.9964655548707235,121,0.013011934929498675,0.004160121692103264,0.013346271298252178,0.004128102395952144,0.01675604445239161,0.01706156345460911
frozenlake8x8-H32-N96-D4-R1,frozenlake8x8-H32-N96-D4,frozenlake8x8,32,96,3456,1000000,4,1.0,fixed-q16,fixed,72,68,3456,3264,76,72,3264,999512,16.0,16.0,0.050386619799920554,0.9964655548707235,121,0.013011934929498675,0.004160121692103264,0.013346271298252178,0.004128102395952144,0.017172056621601938,0.01747437369420432
frozenlake8x8-H32-N96-D4-R0,frozenlake8x8-H32-N96-D4,frozenlake8x8,32,96,3456,1000000,4,0.0,q1-to-q16-f0.25,two_stage,77,73,3411,3234,81,77,3264,999512,12.2987012987013,12.301369863013699,0.050386619799920554,0.9964655548707235,121,0.01342356811609531,0.0033822314434634035,0.01375127549830452,0.0033470646218528425,0.01342356811609531,0.01375127549830452
frozenlake8x8-H32-N96-D4-R0.1,frozenlake8x8-H32-N96-D4,frozenlake8x8,32,96,3456,1000000,4,0.1,q1-to-q16-f0.25,two_stage,77,73,3411,3234,81,77,3264,999512,12.2987012987013,12.301369863013699,0.050386619799920554,0.9964655548707235,121,0.01342356811609531,0.0033822314434634035,0.01375127549830452,0.0033470646218528425,0.013761791260441652,0.014085981960489803
frozenlake8x8-H32-N96-D4-R0.3,frozenlake8x8-H32-N96-D4,frozenlake8x8,32,96,3456,1000000,4,0.3,q1-to-q16-f0.25,two_stage,77,73,3411,3234,81,77,3264,999512,12.2987012987013,12.301369863013699,0.050386619799920554,0.9964655548707235,121,0.01342356811609531,0.0033822314434634035,0.01375127549830452,0.0033470646218528425,0.014438237549134331,0.014755394884860372
frozenlake8x8-H32-N96-D4-R0.5,frozenlake8x8-H32-N96-D4,frozenlake8x8,32,96,3456,1000000,4,0.5,q1-to-q16-f0.25,two_stage,77,73,3411,3234,81,77,3264,999512,12.2987012987013,12.301369863013699,0.050386619799920554,0.9964655548707235,121,0.01342356811609531,0.0033822314434634035,0.01375127549830452,0.0033470646218528425,0.015114683837827013,0.015424807809230941
frozenlake8x8-H32-N96-D4-R0.7,frozenlake8x8-H32-N96-D4,frozenlake8x8,32,96,3456,1000000,4,0.7,q1-to-q16-f0.25,two_stage,77,73,3411,3234,81,77,3264,999512,12.2987012987013,12.301369863013699,0.050386619799920554,0.9964655548707235,121,0.01342356811609531,0.0033822314434634035,0.01375127549830452,0.0033470646218528425,0.015791130126519694,0.01609422073360151
frozenlake8x8-H32-N96-D4-R0.9,frozenlake8x8-H32-N96-D4,frozenlake8x8,32,96,3456,1000000,4,0.9,q1-to-q16-f0.25,two_stage,77,73,3411,3234,81,77,3264,999512,12.2987012987013,12.301369863013699,0.050386619799920554,0.9964655548707235,121,0.01342356811609531,0.0033822314434634035,0.01375127549830452,0.0033470646218528425,0.016467576415212373,0.01676363365797208
frozenlake8x8-H32-N96-D4-R1,frozenlake8x8-H32-N96-D4,frozenlake8x8,32,96,3456,1000000,4,1.0,q1-to-q16-f0.25,two_stage,77,73,3411,3234,81,77,3264,999512,12.2987012987013,12.301369863013699,0.050386619799920554,0.9964655548707235,121,0.01342356811609531,0.0033822314434634035,0.01375127549830452,0.0033470646218528425,0.016805799559558715,0.017098340120157363
frozenlake8x8-H32-N96-D4-R0,frozenlake8x8-H32-N96-D4,frozenlake8x8,32,96,3456,1000000,4,0.0,q1-to-q16-f0.5,two_stage,85,80,3450,3240,89,84,3264,999512,8.588235294117647,8.5,0.050386619799920554,0.9964655548707235,121,0.014259072752687642,0.001983871251787899,0.01465051992413989,0.0019401028973365755,0.014259072752687642,0.01465051992413989
frozenlake8x8-H32-N96-D4-R0.1,frozenlake8x8-H32-N96-D4,frozenlake8x8,32,96,3456,1000000,4,0.1,q1-to-q16-f0.5,two_stage,85,80,3450,3240,89,84,3264,999512,8.588235294117647,8.5,0.050386619799920554,0.9964655548707235,121,0.014259072752687642,0.001983871251787899,0.01465051992413989,0.0019401028973365755,0.014457459877866433,0.014844530213873547
frozenlake8x8-H32-N96-D4-R0.3,frozenlake8x8-H32-N96-D4,frozenlake8x8,32,96,3456,1000000,4,0.3,q1-to-q16-f0.5,two_stage,85,80,3450,3240,89,84,3264,999512,8.588235294117647,8.5,0.050386619799920554,0.9964655548707235,121,0.014259072752687642,0.001983871251787899,0.01465051992413989,0.0019401028973365755,0.014854234128224012,0.015232550793340863
frozenlake8x8-H32-N96-D4-R0.5,frozenlake8x8-H32-N96-D4,frozenlake8x8,32,96,3456,1000000,4,0.5,q1-to-q16-f0.5,two_stage,85,80,3450,3240,89,84,3264,999512,8.588235294117647,8.5,0.050386619799920554,0.9964655548707235,121,0.014259072752687642,0.001983871251787899,0.01465051992413989,0.0019401028973365755,0.015251008378581591,0.015620571372808178
frozenlake8x8-H32-N96-D4-R0.7,frozenlake8x8-H32-N96-D4,frozenlake8x8,32,96,3456,1000000,4,0.7,q1-to-q16-f0.5,two_stage,85,80,3450,3240,89,84,3264,999512,8.588235294117647,8.5,0.050386619799920554,0.9964655548707235,121,0.014259072752687642,0.001983871251787899,0.01465051992413989,0.0019401028973365755,0.01564778262893917,0.016008591952275494
frozenlake8x8-H32-N96-D4-R0.9,frozenlake8x8-H32-N96-D4,frozenlake8x8,32,96,3456,1000000,4,0.9,q1-to-q16-f0.5,two_stage,85,80,3450,3240,89,84,3264,999512,8.588235294117647,8.5,0.050386619799920554,0.9964655548707235,121,0.014259072752687642,0.001983871251787899,0.01465051992413989,0.0019401028973365755,0.01604455687929675,0.016396612531742807
frozenlake8x8-H32-N96-D4-R1,frozenlake8x8-H32-N96-D4,frozenlake8x8,32,96,3456,1000000,4,1.0,q1-to-q16-f0.5,two_stage,85,80,3450,3240,89,84,3264,999512,8.588235294117647,8.5,0.050386619799920554,0.9964655548707235,121,0.014259072752687642,0.001983871251787899,0.01465051992413989,0.0019401028973365755,0.01624294400447554,0.016590622821476466
frozenlake8x8-H32-N96-D4-R0,frozenlake8x8-H32-N96-D4,frozenlake8x8,32,96,3456,1000000,4,0.0,q1-to-q16-f0.75,two_stage,93,88,3429,3234,97,92,3264,999512,4.870967741935484,4.75,0.050386619799920554,0.9964655548707235,121,0.015303000952708465,0.00040508830890352657,0.01566745255116044,0.0003709959536159988,0.015303000952708465,0.01566745255116044
frozenlake8x8-H32-N96-D4-R0.1,frozenlake8x8-H32-N96-D4,frozenlake8x8,32,96,3456,1000000,4,0.1,q1-to-q16-f0.75,two_stage,93,88,3429,3234,97,92,3264,999512,4.870967741935484,4.75,0.050386619799920554,0.9964655548707235,121,0.015303000952708465,0.00040508830890352657,0.01566745255116044,0.0003709959536159988,0.015343509783598818,0.015704552146522038
frozenlake8x8-H32-N96-D4-R0.3,frozenlake8x8-H32-N96-D4,frozenlake8x8,32,96,3456,1000000,4,0.3,q1-to-q16-f0.75,two_stage,93,88,3429,3234,97,92,3264,999512,4.870967741935484,4.75,0.050386619799920554,0.9964655548707235,121,0.015303000952708465,0.00040508830890352657,0.01566745255116044,0.0003709959536159988,0.015424527445379524,0.01577875133724524
frozenlake8x8-H32-N96-D4-R0.5,frozenlake8x8-H32-N96-D4,frozenlake8x8,32,96,3456,1000000,4,0.5,q1-to-q16-f0.75,two_stage,93,88,3429,3234,97,92,3264,999512,4.870967741935484,4.75,0.050386619799920554,0.9964655548707235,121,0.015303000952708465,0.00040508830890352657,0.01566745255116044,0.0003709959536159988,0.015505545107160228,0.015852950527968437
frozenlake8x8-H32-N96-D4-R0.7,frozenlake8x8-H32-N96-D4,frozenlake8x8,32,96,3456,1000000,4,0.7,q1-to-q16-f0.75,two_stage,93,88,3429,3234,97,92,3264,999512,4.870967741935484,4.75,0.050386619799920554,0.9964655548707235,121,0.015303000952708465,0.00040508830890352657,0.01566745255116044,0.0003709959536159988,0.015586562768940933,0.01592714971869164
frozenlake8x8-H32-N96-D4-R0.9,frozenlake8x8-H32-N96-D4,frozenlake8x8,32,96,3456,1000000,4,0.9,q1-to-q16-f0.75,two_stage,93,88,3429,3234,97,92,3264,999512,4.870967741935484,4.75,0.050386619799920554,0.9964655548707235,121,0.015303000952708465,0.00040508830890352657,0.01566745255116044,0.0003709959536159988,0.01566758043072164,0.016001348909414837
frozenlake8x8-H32-N96-D4-R1,frozenlake8x8-H32-N96-D4,frozenlake8x8,32,96,3456,1000000,4,1.0,q1-to-q16-f0.75,two_stage,93,88,3429,3234,97,92,3264,999512,4.870967741935484,4.75,0.050386619799920554,0.9964655548707235,121,0.015303000952708465,0.00040508830890352657,0.01566745255116044,0.0003709959536159988,0.01570808926161199,0.016038448504776436
frozenlake8x8-H32-N96-D4-R0,frozenlake8x8-H32-N96-D4,frozenlake8x8,32,96,3456,1000000,4,0.0,q16-to-q1-f0.25,two_stage,94,88,3447,3234,98,92,3264,999512,4.670212765957447,4.75,0.050386619799920554,0.9964655548707235,121,0.014934053591632924,0.0007082921763423812,0.015298963140337792,0.0007394853644386491,0.014934053591632924,0.015298963140337792
frozenlake8x8-H32-N96-D4-R0.1,frozenlake8x8-H32-N96-D4,frozenlake8x8,32,96,3456,1000000,4,0.1,q16-to-q1-f0.25,two_stage,94,88,3447,3234,98,92,3264,999512,4.670212765957447,4.75,0.050386619799920554,0.9964655548707235,121,0.014934053591632924,0.0007082921763423812,0.015298963140337792,0.0007394853644386491,0.015004882809267163,0.015372911676781658
frozenlake8x8-H32-N96-D4-R0.3,frozenlake8x8-H32-N96-D4,frozenlake8x8,32,96,3456,1000000,4,0.3,q16-to-q1-f0.25,two_stage,94,88,3447,3234,98,92,3264,999512,4.670212765957447,4.75,0.050386619799920554,0.9964655548707235,121,0.014934053591632924,0.0007082921763423812,0.015298963140337792,0.0007394853644386491,0.015146541244535638,0.015520808749669386
frozenlake8x8-H32-N96-D4-R0.5,frozenlake8x8-H32-N96-D4,frozenlake8x8,32,96,3456,1000000,4,0.5,q16-to-q1-f0.25,two_stage,94,88,3447,3234,98,92,3264,999512,4.670212765957447,4.75,0.050386619799920554,0.9964655548707235,121,0.014934053591632924,0.0007082921763423812,0.015298963140337792,0.0007394853644386491,0.015288199679804115,0.015668705822557118
frozenlake8x8-H32-N96-D4-R0.7,frozenlake8x8-H32-N96-D4,frozenlake8x8,32,96,3456,1000000,4,0.7,q16-to-q1-f0.25,two_stage,94,88,3447,3234,98,92,3264,999512,4.670212765957447,4.75,0.050386619799920554,0.9964655548707235,121,0.014934053591632924,0.0007082921763423812,0.015298963140337792,0.0007394853644386491,0.015429858115072592,0.015816602895444846
frozenlake8x8-H32-N96-D4-R0.9,frozenlake8x8-H32-N96-D4,frozenlake8x8,32,96,3456,1000000,4,0.9,q16-to-q1-f0.25,two_stage,94,88,3447,3234,98,92,3264,999512,4.670212765957447,4.75,0.050386619799920554,0.9964655548707235,121,0.014934053591632924,0.0007082921763423812,0.015298963140337792,0.0007394853644386491,0.015571516550341067,0.015964499968332577
frozenlake8x8-H32-N96-D4-R1,frozenlake8x8-H32-N96-D4,frozenlake8x8,32,96,3456,1000000,4,1.0,q16-to-q1-f0.25,two_stage,94,88,3447,3234,98,92,3264,999512,4.670212765957447,4.75,0.050386619799920554,0.9964655548707235,121,0.014934053591632924,0.0007082921763423812,0.015298963140337792,0.0007394853644386491,0.015642345767975307,0.01603844850477644
frozenlake8x8-H32-N96-D4-R0,frozenlake8x8-H32-N96-D4,frozenlake8x8,32,96,3456,1000000,4,0.0,q16-to-q1-f0.5,two_stage,85,80,3435,3240,89,84,3264,999512,8.411764705882353,8.5,0.050386619799920554,0.9964655548707235,121,0.01406607742136732,0.0021768665831082214,0.014373026984614274,0.0022175958368621856,0.01406607742136732,0.014373026984614274
frozenlake8x8-H32-N96-D4-R0.1,frozenlake8x8-H32-N96-D4,frozenlake8x8,32,96,3456,1000000,4,0.1,q16-to-q1-f0.5,two_stage,85,80,3435,3240,89,84,3264,999512,8.411764705882353,8.5,0.050386619799920554,0.9964655548707235,121,0.01406607742136732,0.0021768665831082214,0.014373026984614274,0.0022175958368621856,0.014283764079678142,0.014594786568300494
frozenlake8x8-H32-N96-D4-R0.3,frozenlake8x8-H32-N96-D4,frozenlake8x8,32,96,3456,1000000,4,0.3,q16-to-q1-f0.5,two_stage,85,80,3435,3240,89,84,3264,999512,8.411764705882353,8.5,0.050386619799920554,0.9964655548707235,121,0.01406607742136732,0.0021768665831082214,0.014373026984614274,0.0022175958368621856,0.014719137396299785,0.01503830573567293
frozenlake8x8-H32-N96-D4-R0.5,frozenlake8x8-H32-N96-D4,frozenlake8x8,32,96,3456,1000000,4,0.5,q16-to-q1-f0.5,two_stage,85,80,3435,3240,89,84,3264,999512,8.411764705882353,8.5,0.050386619799920554,0.9964655548707235,121,0.01406607742136732,0.0021768665831082214,0.014373026984614274,0.0022175958368621856,0.01515451071292143,0.015481824903045368
frozenlake8x8-H32-N96-D4-R0.7,frozenlake8x8-H32-N96-D4,frozenlake8x8,32,96,3456,1000000,4,0.7,q16-to-q1-f0.5,two_stage,85,80,3435,3240,89,84,3264,999512,8.411764705882353,8.5,0.050386619799920554,0.9964655548707235,121,0.01406607742136732,0.0021768665831082214,0.014373026984614274,0.0022175958368621856,0.015589884029543075,0.015925344070417805
frozenlake8x8-H32-N96-D4-R0.9,frozenlake8x8-H32-N96-D4,frozenlake8x8,32,96,3456,1000000,4,0.9,q16-to-q1-f0.5,two_stage,85,80,3435,3240,89,84,3264,999512,8.411764705882353,8.5,0.050386619799920554,0.9964655548707235,121,0.01406607742136732,0.0021768665831082214,0.014373026984614274,0.0022175958368621856,0.01602525734616472,0.016368863237790243
frozenlake8x8-H32-N96-D4-R1,frozenlake8x8-H32-N96-D4,frozenlake8x8,32,96,3456,1000000,4,1.0,q16-to-q1-f0.5,two_stage,85,80,3435,3240,89,84,3264,999512,8.411764705882353,8.5,0.050386619799920554,0.9964655548707235,121,0.01406607742136732,0.0021768665831082214,0.014373026984614274,0.0022175958368621856,0.01624294400447554,0.01659062282147646
frozenlake8x8-H32-N96-D4-R0,frozenlake8x8-H32-N96-D4,frozenlake8x8,32,96,3456,1000000,4,0.0,q16-to-q1-f0.75,two_stage,78,73,3444,3219,82,77,3264,999512,12.153846153846153,12.095890410958905,0.050386619799920554,0.9964655548707235,121,0.012929001769763514,0.0038041582413815525,0.01334250551110149,0.0037558346090558635,0.012929001769763514,0.01334250551110149
frozenlake8x8-H32-N96-D4-R0.1,frozenlake8x8-H32-N96-D4,frozenlake8x8,32,96,3456,1000000,4,0.1,q16-to-q1-f0.75,two_stage,78,73,3444,3219,82,77,3264,999512,12.153846153846153,12.095890410958905,0.050386619799920554,0.9964655548707235,121,0.012929001769763514,0.0038041582413815525,0.01334250551110149,0.0037558346090558635,0.01330941759390167,0.013718088972007077
frozenlake8x8-H32-N96-D4-R0.3,frozenlake8x8-H32-N96-D4,frozenlake8x8,32,96,3456,1000000,4,0.3,q16-to-q1-f0.75,two_stage,78,73,3444,3219,82,77,3264,999512,12.153846153846153,12.095890410958905,0.050386619799920554,0.9964655548707235,121,0.012929001769763514,0.0038041582413815525,0.01334250551110149,0.0037558346090558635,0.014070249242177979,0.014469255893818249
frozenlake8x8-H32-N96-D4-R0.5,frozenlake8x8-H32-N96-D4,frozenlake8x8,32,96,3456,1000000,4,0.5,q16-to-q1-f0.75,two_stage,78,73,3444,3219,82,77,3264,999512,12.153846153846153,12.095890410958905,0.050386619799920554,0.9964655548707235,121,0.012929001769763514,0.0038041582413815525,0.01334250551110149,0.0037558346090558635,0.01483108089045429,0.015220422815629422
frozenlake8x8-H32-N96-D4-R0.7,frozenlake8x8-H32-N96-D4,frozenlake8x8,32,96,3456,1000000,4,0.7,q16-to-q1-f0.75,two_stage,78,73,3444,3219,82,77,3264,999512,12.153846153846153,12.095890410958905,0.050386619799920554,0.9964655548707235,121,0.012929001769763514,0.0038041582413815525,0.01334250551110149,0.0037558346090558635,0.015591912538730601,0.015971589737440596
frozenlake8x8-H32-N96-D4-R0.9,frozenlake8x8-H32-N96-D4,frozenlake8x8,32,96,3456,1000000,4,0.9,q16-to-q1-f0.75,two_stage,78,73,3444,3219,82,77,3264,999512,12.153846153846153,12.095890410958905,0.050386619799920554,0.9964655548707235,121,0.012929001769763514,0.0038041582413815525,0.01334250551110149,0.0037558346090558635,0.016352744187006912,0.016722756659251766
frozenlake8x8-H32-N96-D4-R1,frozenlake8x8-H32-N96-D4,frozenlake8x8,32,96,3456,1000000,4,1.0,q16-to-q1-f0.75,two_stage,78,73,3444,3219,82,77,3264,999512,12.153846153846153,12.095890410958905,0.050386619799920554,0.9964655548707235,121,0.012929001769763514,0.0038041582413815525,0.01334250551110149,0.0037558346090558635,0.016733160011145068,0.017098340120157353
frozenlake8x8-H32-N96-D8-R0,frozenlake8x8-H32-N96-D8,frozenlake8x8,32,96,3456,1000000,8,0.0,fixed-q1,fixed,104,98,3432,3234,112,106,3264,999508,1.0,1.0,0.050386619799920554,0.9964136466884351,121,0.015346680576558056,0.0,0.01573750289745234,0.0,0.015346680576558056,0.01573750289745234
frozenlake8x8-H32-N96-D8-R0.1,frozenlake8x8-H32-N96-D8,frozenlake8x8,32,96,3456,1000000,8,0.1,fixed-q1,fixed,104,98,3432,3234,112,106,3264,999508,1.0,1.0,0.050386619799920554,0.9964136466884351,121,0.015346680576558056,0.0,0.01573750289745234,0.0,0.015346680576558056,0.01573750289745234
frozenlake8x8-H32-N96-D8-R0.3,frozenlake8x8-H32-N96-D8,frozenlake8x8,32,96,3456,1000000,8,0.3,fixed-q1,fixed,104,98,3432,3234,112,106,3264,999508,1.0,1.0,0.050386619799920554,0.9964136466884351,121,0.015346680576558056,0.0,0.01573750289745234,0.0,0.015346680576558056,0.01573750289745234
frozenlake8x8-H32-N96-D8-R0.5,frozenlake8x8-H32-N96-D8,frozenlake8x8,32,96,3456,1000000,8,0.5,fixed-q1,fixed,104,98,3432,3234,112,106,3264,999508,1.0,1.0,0.050386619799920554,0.9964136466884351,121,0.015346680576558056,0.0,0.01573750289745234,0.0,0.015346680576558056,0.01573750289745234
frozenlake8x8-H32-N96-D8-R0.7,frozenlake8x8-H32-N96-D8,frozenlake8x8,32,96,3456,1000000,8,0.7,fixed-q1,fixed,104,98,3432,3234,112,106,3264,999508,1.0,1.0,0.050386619799920554,0.9964136466884351,121,0.015346680576558056,0.0,0.01573750289745234,0.0,0.015346680576558056,0.01573750289745234
frozenlake8x8-H32-N96-D8-R0.9,frozenlake8x8-H32-N96-D8,frozenlake8x8,32,96,3456,1000000,8,0.9,fixed-q1,fixed,104,98,3432,3234,112,106,3264,999508,1.0,1.0,0.050386619799920554,0.9964136466884351,121,0.015346680576558056,0.0,0.01573750289745234,0.0,0.015346680576558056,0.01573750289745234
frozenlake8x8-H32-N96-D8-R1,frozenlake8x8-H32-N96-D8,frozenlake8x8,32,96,3456,1000000,8,1.0,fixed-q1,fixed,104,98,3432,3234,112,106,3264,999508,1.0,1.0,0.050386619799920554,0.9964136466884351,121,0.015346680576558056,0.0,0.01573750289745234,0.0,0.015346680576558056,0.01573750289745234
frozenlake8x8-H32-N96-D8-R0,frozenlake8x8-H32-N96-D8,frozenlake8x8,32,96,3456,1000000,8,0.0,fixed-q4,fixed,96,90,3456,3240,104,98,3264,999508,4.0,4.0,0.050386619799920554,0.9964136466884351,121,0.012135095135416102,0.0037360274498046226,0.01254535051258425,0.0037370429202532637,0.012135095135416102,0.01254535051258425
frozenlake8x8-H32-N96-D8-R0.1,frozenlake8x8-H32-N96-D8,frozenlake8x8,32,96,3456,1000000,8,0.1,fixed-q4,fixed,96,90,3456,3240,104,98,3264,999508,4.0,4.0,0.050386619799920554,0.9964136466884351,121,0.012135095135416102,0.0037360274498046226,0.01254535051258425,0.0037370429202532637,0.012508697880396564,0.012919054804609576
frozenlake8x8-H32-N96-D8-R0.3,frozenlake8x8-H32-N96-D8,frozenlake8x8,32,96,3456,1000000,8,0.3,fixed-q4,fixed,96,90,3456,3240,104,98,3264,999508,4.0,4.0,0.050386619799920554,0.9964136466884351,121,0.012135095135416102,0.0037360274498046226,0.01254535051258425,0.0037370429202532637,0.013255903370357489,0.01366646338866023
frozenlake8x8-H32-N96-D8-R0.5,frozenlake8x8-H32-N96-D8,frozenlake8x8,32,96,3456,1000000,8,0.5,fixed-q4,fixed,96,90,3456,3240,104,98,3264,999508,4.0,4.0,0.050386619799920554,0.9964136466884351,121,0.012135095135416102,0.0037360274498046226,0.01254535051258425,0.0037370429202532637,0.014003108860318414,0.014413871972710882
frozenlake8x8-H32-N96-D8-R0.7,frozenlake8x8-H32-N96-D8,frozenlake8x8,32,96,3456,1000000,8,0.7,fixed-q4,fixed,96,90,3456,3240,104,98,3264,999508,4.0,4.0,0.050386619799920554,0.9964136466884351,121,0.012135095135416102,0.0037360274498046226,0.01254535051258425,0.0037370429202532637,0.014750314350279337,0.015161280556761534
frozenlake8x8-H32-N96-D8-R0.9,frozenlake8x8-H32-N96-D8,frozenlake8x8,32,96,3456,1000000,8,0.9,fixed-q4,fixed,96,90,3456,3240,104,98,3264,999508,4.0,4.0,0.050386619799920554,0.9964136466884351,121,0.012135095135416102,0.0037360274498046226,0.01254535051258425,0.0037370429202532637,0.015497519840240262,0.01590868914081219
frozenlake8x8-H32-N96-D8-R1,frozenlake8x8-H32-N96-D8,frozenlake8x8,32,96,3456,1000000,8,1.0,fixed-q4,fixed,96,90,3456,3240,104,98,3264,999508,4.0,4.0,0.050386619799920554,0.9964136466884351,121,0.012135095135416102,0.0037360274498046226,0.01254535051258425,0.0037370429202532637,0.015871122585220724,0.016282393432837515
frozenlake8x8-H32-N96-D8-R0,frozenlake8x8-H32-N96-D8,frozenlake8x8,32,96,3456,1000000,8,0.0,fixed-q16,fixed,72,68,3456,3264,80,76,3264,999508,16.0,16.0,0.050386619799920554,0.9964136466884351,121,0.012976853036916914,0.004639308098739627,0.01331268387426163,0.004621477752200758,0.012976853036916914,0.01331268387426163
frozenlake8x8-H32-N96-D8-R0.1,frozenlake8x8-H32-N96-D8,frozenlake8x8,32,96,3456,1000000,8,0.1,fixed-q16,fixed,72,68,3456,3264,80,76,3264,999508,16.0,16.0,0.050386619799920554,0.9964136466884351,121,0.012976853036916914,0.004639308098739627,0.01331268387426163,0.004621477752200758,0.013440783846790877,0.013774831649481706
frozenlake8x8-H32-N96-D8-R0.3,frozenlake8x8-H32-N96-D8,frozenlake8x8,32,96,3456,1000000,8,0.3,fixed-q16,fixed,72,68,3456,3264,80,76,3264,999508,16.0,16.0,0.050386619799920554,0.9964136466884351,121,0.012976853036916914,0.004639308098739627,0.01331268387426163,0.004621477752200758,0.014368645466538802,0.014699127199921858
frozenlake8x8-H32-N96-D8-R0.5,frozenlake8x8-H32-N96-D8,frozenlake8x8,32,96,3456,1000000,8,0.5,fixed-q16,fixed,72,68,3456,3264,80,76,3264,999508,16.0,16.0,0.050386619799920554,0.9964136466884351,121,0.012976853036916914,0.004639308098739627,0.01331268387426163,0.004621477752200758,0.015296507086286727,0.01562342275036201
frozenlake8x8-H32-N96-D8-R0.7,frozenlake8x8-H32-N96-D8,frozenlake8x8,32,96,3456,1000000,8,0.7,fixed-q16,fixed,72,68,3456,3264,80,76,3264,999508,16.0,16.0,0.050386619799920554,0.9964136466884351,121,0.012976853036916914,0.004639308098739627,0.01331268387426163,0.004621477752200758,0.016224368706034654,0.01654771830080216
frozenlake8x8-H32-N96-D8-R0.9,frozenlake8x8-H32-N96-D8,frozenlake8x8,32,96,3456,1000000,8,0.9,fixed-q16,fixed,72,68,3456,3264,80,76,3264,999508,16.0,16.0,0.050386619799920554,0.9964136466884351,121,0.012976853036916914,0.004639308098739627,0.01331268387426163,0.004621477752200758,0.01715223032578258,0.017472013851242314
frozenlake8x8-H32-N96-D8-R1,frozenlake8x8-H32-N96-D8,frozenlake8x8,32,96,3456,1000000,8,1.0,fixed-q16,fixed,72,68,3456,3264,80,76,3264,999508,16.0,16.0,0.050386619799920554,0.9964136466884351,121,0.012976853036916914,0.004639308098739627,0.01331268387426163,0.004621477752200758,0.01761616113565654,0.01793416162646239
frozenlake8x8-H32-N96-D8-R0,frozenlake8x8-H32-N96-D8,frozenlake8x8,32,96,3456,1000000,8,0.0,q1-to-q16-f0.25,two_stage,77,73,3411,3234,85,81,3264,999508,12.2987012987013,12.301369863013699,0.050386619799920554,0.9964136466884351,121,0.013424821111828496,0.003800909791293374,0.01375704096563793,0.0037763350432268535,0.013424821111828496,0.01375704096563793
frozenlake8x8-H32-N96-D8-R0.1,frozenlake8x8-H32-N96-D8,frozenlake8x8,32,96,3456,1000000,8,0.1,q1-to-q16-f0.25,two_stage,77,73,3411,3234,85,81,3264,999508,12.2987012987013,12.301369863013699,0.050386619799920554,0.9964136466884351,121,0.013424821111828496,0.003800909791293374,0.01375704096563793,0.0037763350432268535,0.013804912090957834,0.014134674469960615
frozenlake8x8-H32-N96-D8-R0.3,frozenlake8x8-H32-N96-D8,frozenlake8x8,32,96,3456,1000000,8,0.3,q1-to-q16-f0.25,two_stage,77,73,3411,3234,85,81,3264,999508,12.2987012987013,12.301369863013699,0.050386619799920554,0.9964136466884351,121,0.013424821111828496,0.003800909791293374,0.01375704096563793,0.0037763350432268535,0.014565094049216508,0.014889941478605987
frozenlake8x8-H32-N96-D8-R0.5,frozenlake8x8-H32-N96-D8,frozenlake8x8,32,96,3456,1000000,8,0.5,q1-to-q16-f0.25,two_stage,77,73,3411,3234,85,81,3264,999508,12.2987012987013,12.301369863013699,0.050386619799920554,0.9964136466884351,121,0.013424821111828496,0.003800909791293374,0.01375704096563793,0.0037763350432268535,0.015325276007475182,0.015645208487251358
frozenlake8x8-H32-N96-D8-R0.7,frozenlake8x8-H32-N96-D8,frozenlake8x8,32,96,3456,1000000,8,0.7,q1-to-q16-f0.25,two_stage,77,73,3411,3234,85,81,3264,999508,12.2987012987013,12.301369863013699,0.050386619799920554,0.9964136466884351,121,0.013424821111828496,0.003800909791293374,0.01375704096563793,0.0037763350432268535,0.01608545796573386,0.016400475495896728
frozenlake8x8-H32-N96-D8-R0.9,frozenlake8x8-H32-N96-D8,frozenlake8x8,32,96,3456,1000000,8,0.9,q1-to-q16-f0.25,two_stage,77,73,3411,3234,85,81,3264,999508,12.2987012987013,12.301369863013699,0.050386619799920554,0.9964136466884351,121,0.013424821111828496,0.003800909791293374,0.01375704096563793,0.0037763350432268535,0.01684563992399253,0.017155742504542097
frozenlake8x8-H32-N96-D8-R1,frozenlake8x8-H32-N96-D8,frozenlake8x8,32,96,3456,1000000,8,1.0,q1-to-q16-f0.25,two_stage,77,73,3411,3234,85,81,3264,999508,12.2987012987013,12.301369863013699,0.050386619799920554,0.9964136466884351,121,0.013424821111828496,0.003800909791293374,0.01375704096563793,0.0037763350432268535,0.01722573090312187,0.017533376008864784
frozenlake8x8-H32-N96-D8-R0,frozenlake8x8-H32-N96-D8,frozenlake8x8,32,96,3456,1000000,8,0.0,q1-to-q16-f0.5,two_stage,85,80,3450,3240,93,88,3264,999508,8.588235294117647,8.5,0.050386619799920554,0.9964136466884351,121,0.014383823634432627,0.002249945105444584,0.014794698300722442,0.00220947603073504,0.014383823634432627,0.014794698300722442
frozenlake8x8-H32-N96-D8-R0.1,frozenlake8x8-H32-N96-D8,frozenlake8x8,32,96,3456,1000000,8,0.1,q1-to-q16-f0.5,two_stage,85,80,3450,3240,93,88,3264,999508,8.588235294117647,8.5,0.050386619799920554,0.9964136466884351,121,0.014383823634432627,0.002249945105444584,0.014794698300722442,0.00220947603073504,0.014608818144977085,0.015015645903795945
frozenlake8x8-H32-N96-D8-R0.3,frozenlake8x8-H32-N96-D8,frozenlake8x8,32,96,3456,1000000,8,0.3,q1-to-q16-f0.5,two_stage,85,80,3450,3240,93,88,3264,999508,8.588235294117647,8.5,0.050386619799920554,0.9964136466884351,121,0.014383823634432627,0.002249945105444584,0.014794698300722442,0.00220947603073504,0.015058807166066002,0.015457541109942954
frozenlake8x8-H32-N96-D8-R0.5,frozenlake8x8-H32-N96-D8,frozenlake8x8,32,96,3456,1000000,8,0.5,q1-to-q16-f0.5,two_stage,85,80,3450,3240,93,88,3264,999508,8.588235294117647,8.5,0.050386619799920554,0.9964136466884351,121,0.014383823634432627,0.002249945105444584,0.014794698300722442,0.00220947603073504,0.015508796187154918,0.015899436316089963
frozenlake8x8-H32-N96-D8-R0.7,frozenlake8x8-H32-N96-D8,frozenlake8x8,32,96,3456,1000000,8,0.7,q1-to-q16-f0.5,two_stage,85,80,3450,3240,93,88,3264,999508,8.588235294117647,8.5,0.050386619799920554,0.9964136466884351,121,0.014383823634432627,0.002249945105444584,0.014794698300722442,0.00220947603073504,0.015958785208243835,0.01634133152223697
frozenlake8x8-H32-N96-D8-R0.9,frozenlake8x8-H32-N96-D8,frozenlake8x8,32,96,3456,1000000,8,0.9,q1-to-q16-f0.5,two_stage,85,80,3450,3240,93,88,3264,999508,8.588235294117647,8.5,0.050386619799920554,0.9964136466884351,121,0.014383823634432627,0.002249945105444584,0.014794698300722442,0.00220947603073504,0.01640877422933275,0.016783226728383976
frozenlake8x8-H32-N96-D8-R1,frozenlake8x8-H32-N96-D8,frozenlake8x8,32,96,3456,1000000,8,1.0,q1-to-q16-f0.5,two_stage,85,80,3450,3240,93,88,3264,999508,8.588235294117647,8.5,0.050386619799920554,0.9964136466884351,121,0.014383823634432627,0.002249945105444584,0.014794698300722442,0.00220947603073504,0.016633768739877212,0.017004174331457483
frozenlake8x8-H32-N96-D8-R0,frozenlake8x8-H32-N96-D8,frozenlake8x8,32,96,3456,1000000,8,0.0,q1-to-q16-f0.75,two_stage,93,88,3429,3234,101,96,3264,999508,4.870967741935484,4.75,0.050386619799920554,0.9964136466884351,121,0.01560633789984654,0.00046523635524960377,0.015998571715291506,0.0004244730387221339,0.01560633789984654,0.015998571715291506
frozenlake8x8-H32-N96-D8-R0.1,frozenlake8x8-H32-N96-D8,frozenlake8x8,32,96,3456,1000000,8,0.1,q1-to-q16-f0.75,two_stage,93,88,3429,3234,101,96,3264,999508,4.870967741935484,4.75,0.050386619799920554,0.9964136466884351,121,0.01560633789984654,0.00046523635524960377,0.015998571715291506,0.0004244730387221339,0.0156528615353715,0.01604101901916372
frozenlake8x8-H32-N96-D8-R0.3,frozenlake8x8-H32-N96-D8,frozenlake8x8,32,96,3456,1000000,8,0.3,q1-to-q16-f0.75,two_stage,93,88,3429,3234,101,96,3264,999508,4.870967741935484,4.75,0.050386619799920554,0.9964136466884351,121,0.01560633789984654,0.00046523635524960377,0.015998571715291506,0.0004244730387221339,0.015745908806421422,0.016125913626908146
frozenlake8x8-H32-N96-D8-R0.5,frozenlake8x8-H32-N96-D8,frozenlake8x8,32,96,3456,1000000,8,0.5,q1-to-q16-f0.75,two_stage,93,88,3429,3234,101,96,3264,999508,4.870967741935484,4.75,0.050386619799920554,0.9964136466884351,121,0.01560633789984654,0.00046523635524960377,0.015998571715291506,0.0004244730387221339,0.015838956077471343,0.016210808234652572
frozenlake8x8-H32-N96-D8-R0.7,frozenlake8x8-H32-N96-D8,frozenlake8x8,32,96,3456,1000000,8,0.7,q1-to-q16-f0.75,two_stage,93,88,3429,3234,101,96,3264,999508,4.870967741935484,4.75,0.050386619799920554,0.9964136466884351,121,0.01560633789984654,0.00046523635524960377,0.015998571715291506,0.0004244730387221339,0.015932003348521264,0.016295702842397
frozenlake8x8-H32-N96-D8-R0.9,frozenlake8x8-H32-N96-D8,frozenlake8x8,32,96,3456,1000000,8,0.9,q1-to-q16-f0.75,two_stage,93,88,3429,3234,101,96,3264,999508,4.870967741935484,4.75,0.050386619799920554,0.9964136466884351,121,0.01560633789984654,0.00046523635524960377,0.015998571715291506,0.0004244730387221339,0.016025050619571185,0.016380597450141428
frozenlake8x8-H32-N96-D8-R1,frozenlake8x8-H32-N96-D8,frozenlake8x8,32,96,3456,1000000,8,1.0,q1-to-q16-f0.75,two_stage,93,88,3429,3234,101,96,3264,999508,4.870967741935484,4.75,0.050386619799920554,0.9964136466884351,121,0.01560633789984654,0.00046523635524960377,0.015998571715291506,0.0004244730387221339,0.016071574255096144,0.01642304475401364
frozenlake8x8-H32-N96-D8-R0,frozenlake8x8-H32-N96-D8,frozenlake8x8,32,96,3456,1000000,8,0.0,q16-to-q1-f0.25,two_stage,94,88,3447,3234,102,96,3264,999508,4.670212765957447,4.75,0.050386619799920554,0.9964136466884351,121,0.015272424627368502,0.0007340349007782737,0.015653683113499354,0.0007693616405142606,0.015272424627368502,0.015653683113499354
frozenlake8x8-H32-N96-D8-R0.1,frozenlake8x8-H32-N96-D8,frozenlake8x8,32,96,3456,1000000,8,0.1,q16-to-q1-f0.25,two_stage,94,88,3447,3234,102,96,3264,999508,4.670212765957447,4.75,0.050386619799920554,0.9964136466884351,121,0.015272424627368502,0.0007340349007782737,0.015653683113499354,0.0007693616405142606,0.01534582811744633,0.01573061927755078
frozenlake8x8-H32-N96-D8-R0.3,frozenlake8x8-H32-N96-D8,frozenlake8x8,32,96,3456,1000000,8,0.3,q16-to-q1-f0.25,two_stage,94,88,3447,3234,102,96,3264,999508,4.670212765957447,4.75,0.050386619799920554,0.9964136466884351,121,0.015272424627368502,0.0007340349007782737,0.015653683113499354,0.0007693616405142606,0.015492635097601985,0.015884491605653632
frozenlake8x8-H32-N96-D8-R0.5,frozenlake8x8-H32-N96-D8,frozenlake8x8,32,96,3456,1000000,8,0.5,q16-to-q1-f0.25,two_stage,94,88,3447,3234,102,96,3264,999508,4.670212765957447,4.75,0.050386619799920554,0.9964136466884351,121,0.015272424627368502,0.0007340349007782737,0.015653683113499354,0.0007693616405142606,0.01563944207775764,0.016038363933756485
frozenlake8x8-H32-N96-D8-R0.7,frozenlake8x8-H32-N96-D8,frozenlake8x8,32,96,3456,1000000,8,0.7,q16-to-q1-f0.25,two_stage,94,88,3447,3234,102,96,3264,999508,4.670212765957447,4.75,0.050386619799920554,0.9964136466884351,121,0.015272424627368502,0.0007340349007782737,0.015653683113499354,0.0007693616405142606,0.015786249057913294,0.016192236261859335
frozenlake8x8-H32-N96-D8-R0.9,frozenlake8x8-H32-N96-D8,frozenlake8x8,32,96,3456,1000000,8,0.9,q16-to-q1-f0.25,two_stage,94,88,3447,3234,102,96,3264,999508,4.670212765957447,4.75,0.050386619799920554,0.9964136466884351,121,0.015272424627368502,0.0007340349007782737,0.015653683113499354,0.0007693616405142606,0.01593305603806895,0.01634610858996219
frozenlake8x8-H32-N96-D8-R1,frozenlake8x8-H32-N96-D8,frozenlake8x8,32,96,3456,1000000,8,1.0,q16-to-q1-f0.25,two_stage,94,88,3447,3234,102,96,3264,999508,4.670212765957447,4.75,0.050386619799920554,0.9964136466884351,121,0.015272424627368502,0.0007340349007782737,0.015653683113499354,0.0007693616405142606,0.016006459528146777,0.016423044754013613
frozenlake8x8-H32-N96-D8-R0,frozenlake8x8-H32-N96-D8,frozenlake8x8,32,96,3456,1000000,8,0.0,q16-to-q1-f0.5,two_stage,85,80,3435,3240,93,88,3264,999508,8.411764705882353,8.5,0.050386619799920554,0.9964136466884351,121,0.014297521958493613,0.0023362467813835886,0.014610213228116854,0.002393961103340612,0.014297521958493613,0.014610213228116854
frozenlake8x8-H32-N96-D8-R0.1,frozenlake8x8-H32-N96-D8,frozenlake8x8,32,96,3456,1000000,8,0.1,q16-to-q1-f0.5,two_stage,85,80,3435,3240,93,88,3264,999508,8.411764705882353,8.5,0.050386619799920554,0.9964136466884351,121,0.014297521958493613,0.0023362467813835886,0.014610213228116854,0.002393961103340612,0.014531146636631973,0.014849609338450915
frozenlake8x8-H32-N96-D8-R0.3,frozenlake8x8-H32-N96-D8,frozenlake8x8,32,96,3456,1000000,8,0.3,q16-to-q1-f0.5,two_stage,85,80,3435,3240,93,88,3264,999508,8.411764705882353,8.5,0.050386619799920554,0.9964136466884351,121,0.014297521958493613,0.0023362467813835886,0.014610213228116854,0.002393961103340612,0.01499839599290869,0.015328401559119038
frozenlake8x8-H32-N96-D8-R0.5,frozenlake8x8-H32-N96-D8,frozenlake8x8,32,96,3456,1000000,8,0.5,q16-to-q1-f0.5,two_stage,85,80,3435,3240,93,88,3264,999508,8.411764705882353,8.5,0.050386619799920554,0.9964136466884351,121,0.014297521958493613,0.0023362467813835886,0.014610213228116854,0.002393961103340612,0.015465645349185408,0.01580719377978716
frozenlake8x8-H32-N96-D8-R0.7,frozenlake8x8-H32-N96-D8,frozenlake8x8,32,96,3456,1000000,8,0.7,q16-to-q1-f0.5,two_stage,85,80,3435,3240,93,88,3264,999508,8.411764705882353,8.5,0.050386619799920554,0.9964136466884351,121,0.014297521958493613,0.0023362467813835886,0.014610213228116854,0.002393961103340612,0.015932894705462126,0.016285986000455284
frozenlake8x8-H32-N96-D8-R0.9,frozenlake8x8-H32-N96-D8,frozenlake8x8,32,96,3456,1000000,8,0.9,q16-to-q1-f0.5,two_stage,85,80,3435,3240,93,88,3264,999508,8.411764705882353,8.5,0.050386619799920554,0.9964136466884351,121,0.014297521958493613,0.0023362467813835886,0.014610213228116854,0.002393961103340612,0.01640014406173884,0.016764778221123405
frozenlake8x8-H32-N96-D8-R1,frozenlake8x8-H32-N96-D8,frozenlake8x8,32,96,3456,1000000,8,1.0,q16-to-q1-f0.5,two_stage,85,80,3435,3240,93,88,3264,999508,8.411764705882353,8.5,0.050386619799920554,0.9964136466884351,121,0.014297521958493613,0.0023362467813835886,0.014610213228116854,0.002393961103340612,0.0166337687398772,0.017004174331457466
frozenlake8x8-H32-N96-D8-R0,frozenlake8x8-H32-N96-D8,frozenlake8x8,32,96,3456,1000000,8,0.0,q16-to-q1-f0.75,two_stage,78,73,3444,3219,86,81,3264,999508,12.153846153846153,12.095890410958905,0.050386619799920554,0.9964136466884351,121,0.012946510586468554,0.004207707691674663,0.013358392652941609,0.0041749833559231765,0.012946510586468554,0.013358392652941609
frozenlake8x8-H32-N96-D8-R0.1,frozenlake8x8-H32-N96-D8,frozenlake8x8,32,96,3456,1000000,8,0.1,q16-to-q1-f0.75,two_stage,78,73,3444,3219,86,81,3264,999508,12.153846153846153,12.095890410958905,0.050386619799920554,0.9964136466884351,121,0.012946510586468554,0.004207707691674663,0.013358392652941609,0.0041749833559231765,0.01336728135563602,0.013775890988533927
frozenlake8x8-H32-N96-D8-R0.3,frozenlake8x8-H32-N96-D8,frozenlake8x8,32,96,3456,1000000,8,0.3,q16-to-q1-f0.75,two_stage,78,73,3444,3219,86,81,3264,999508,12.153846153846153,12.095890410958905,0.050386619799920554,0.9964136466884351,121,0.012946510586468554,0.004207707691674663,0.013358392652941609,0.0041749833559231765,0.014208822893970952,0.014610887659718562
frozenlake8x8-H32-N96-D8-R0.5,frozenlake8x8-H32-N96-D8,frozenlake8x8,32,96,3456,1000000,8,0.5,q16-to-q1-f0.75,two_stage,78,73,3444,3219,86,81,3264,999508,12.153846153846153,12.095890410958905,0.050386619799920554,0.9964136466884351,121,0.012946510586468554,0.004207707691674663,0.013358392652941609,0.0041749833559231765,0.015050364432305886,0.015445884330903197
frozenlake8x8-H32-N96-D8-R0.7,frozenlake8x8-H32-N96-D8,frozenlake8x8,32,96,3456,1000000,8,0.7,q16-to-q1-f0.75,two_stage,78,73,3444,3219,86,81,3264,999508,12.153846153846153,12.095890410958905,0.050386619799920554,0.9964136466884351,121,0.012946510586468554,0.004207707691674663,0.013358392652941609,0.0041749833559231765,0.01589190597064082,0.016280881002087834
frozenlake8x8-H32-N96-D8-R0.9,frozenlake8x8-H32-N96-D8,frozenlake8x8,32,96,3456,1000000,8,0.9,q16-to-q1-f0.75,two_stage,78,73,3444,3219,86,81,3264,999508,12.153846153846153,12.095890410958905,0.050386619799920554,0.9964136466884351,121,0.012946510586468554,0.004207707691674663,0.013358392652941609,0.0041749833559231765,0.01673344750897575,0.017115877673272467
frozenlake8x8-H32-N96-D8-R1,frozenlake8x8-H32-N96-D8,frozenlake8x8,32,96,3456,1000000,8,1.0,q16-to-q1-f0.75,two_stage,78,73,3444,3219,86,81,3264,999508,12.153846153846153,12.095890410958905,0.050386619799920554,0.9964136466884351,121,0.012946510586468554,0.004207707691674663,0.013358392652941609,0.0041749833559231765,0.017154218278143216,0.017533376008864787
frozenlake8x8-H32-N192-D0-R0,frozenlake8x8-H32-N192-D0,frozenlake8x8,32,192,6912,1000000,0,0.0,fixed-q1,fixed,209,203,6897,6699,209,203,6720,999516,1.0,1.0,0.050386619799920554,0.9965152597837487,121,0.010115428339990878,0.0,0.010316481092253289,0.0,0.010115428339990878,0.010316481092253289
frozenlake8x8-H32-N192-D0-R0.1,frozenlake8x8-H32-N192-D0,frozenlake8x8,32,192,6912,1000000,0,0.1,fixed-q1,fixed,209,203,6897,6699,209,203,6720,999516,1.0,1.0,0.050386619799920554,0.9965152597837487,121,0.010115428339990878,0.0,0.010316481092253289,0.0,0.010115428339990878,0.010316481092253289
frozenlake8x8-H32-N192-D0-R0.3,frozenlake8x8-H32-N192-D0,frozenlake8x8,32,192,6912,1000000,0,0.3,fixed-q1,fixed,209,203,6897,6699,209,203,6720,999516,1.0,1.0,0.050386619799920554,0.9965152597837487,121,0.010115428339990878,0.0,0.010316481092253289,0.0,0.010115428339990878,0.010316481092253289
frozenlake8x8-H32-N192-D0-R0.5,frozenlake8x8-H32-N192-D0,frozenlake8x8,32,192,6912,1000000,0,0.5,fixed-q1,fixed,209,203,6897,6699,209,203,6720,999516,1.0,1.0,0.050386619799920554,0.9965152597837487,121,0.010115428339990878,0.0,0.010316481092253289,0.0,0.010115428339990878,0.010316481092253289
frozenlake8x8-H32-N192-D0-R0.7,frozenlake8x8-H32-N192-D0,frozenlake8x8,32,192,6912,1000000,0,0.7,fixed-q1,fixed,209,203,6897,6699,209,203,6720,999516,1.0,1.0,0.050386619799920554,0.9965152597837487,121,0.010115428339990878,0.0,0.010316481092253289,0.0,0.010115428339990878,0.010316481092253289
frozenlake8x8-H32-N192-D0-R0.9,frozenlake8x8-H32-N192-D0,frozenlake8x8,32,192,6912,1000000,0,0.9,fixed-q1,fixed,209,203,6897,6699,209,203,6720,999516,1.0,1.0,0.050386619799920554,0.9965152597837487,121,0.010115428339990878,0.0,0.010316481092253289,0.0,0.010115428339990878,0.010316481092253289
frozenlake8x8-H32-N192-D0-R1,frozenlake8x8-H32-N192-D0,frozenlake8x8,32,192,6912,1000000,0,1.0,fixed-q1,fixed,209,203,6897,6699,209,203,6720,999516,1.0,1.0,0.050386619799920554,0.9965152597837487,121,0.010115428339990878,0.0,0.010316481092253289,0.0,0.010115428339990878,0.010316481092253289
frozenlake8x8-H32-N192-D0-R0,frozenlake8x8-H32-N192-D0,frozenlake8x8,32,192,6912,1000000,0,0.0,fixed-q4,fixed,192,186,6912,6696,192,186,6720,999516,4.0,4.0,0.050386619799920554,0.9965152597837487,121,0.007501329135848891,0.00319939705427806,0.00771389001851944,0.0032064914761544046,0.007501329135848891,0.00771389001851944
frozenlake8x8-H32-N192-D0-R0.1,frozenlake8x8-H32-N192-D0,frozenlake8x8,32,192,6912,1000000,0,0.1,fixed-q4,fixed,192,186,6912,6696,192,186,6720,999516,4.0,4.0,0.050386619799920554,0.9965152597837487,121,0.007501329135848891,0.00319939705427806,0.00771389001851944,0.0032064914761544046,0.007821268841276697,0.00803453916613488
frozenlake8x8-H32-N192-D0-R0.3,frozenlake8x8-H32-N192-D0,frozenlake8x8,32,192,6912,1000000,0,0.3,fixed-q4,fixed,192,186,6912,6696,192,186,6720,999516,4.0,4.0,0.050386619799920554,0.9965152597837487,121,0.007501329135848891,0.00319939705427806,0.00771389001851944,0.0032064914761544046,0.00846114825213231,0.00867583746136576
frozenlake8x8-H32-N192-D0-R0.5,frozenlake8x8-H32-N192-D0,frozenlake8x8,32,192,6912,1000000,0,0.5,fixed-q4,fixed,192,186,6912,6696,192,186,6720,999516,4.0,4.0,0.050386619799920554,0.9965152597837487,121,0.007501329135848891,0.00319939705427806,0.00771389001851944,0.0032064914761544046,0.009101027662987921,0.009317135756596642
frozenlake8x8-H32-N192-D0-R0.7,frozenlake8x8-H32-N192-D0,frozenlake8x8,32,192,6912,1000000,0,0.7,fixed-q4,fixed,192,186,6912,6696,192,186,6720,999516,4.0,4.0,0.050386619799920554,0.9965152597837487,121,0.007501329135848891,0.00319939705427806,0.00771389001851944,0.0032064914761544046,0.009740907073843534,0.009958434051827524
frozenlake8x8-H32-N192-D0-R0.9,frozenlake8x8-H32-N192-D0,frozenlake8x8,32,192,6912,1000000,0,0.9,fixed-q4,fixed,192,186,6912,6696,192,186,6720,999516,4.0,4.0,0.050386619799920554,0.9965152597837487,121,0.007501329135848891,0.00319939705427806,0.00771389001851944,0.0032064914761544046,0.010380786484699145,0.010599732347058403
frozenlake8x8-H32-N192-D0-R1,frozenlake8x8-H32-N192-D0,frozenlake8x8,32,192,6912,1000000,0,1.0,fixed-q4,fixed,192,186,6912,6696,192,186,6720,999516,4.0,4.0,0.050386619799920554,0.9965152597837487,121,0.007501329135848891,0.00319939705427806,0.00771389001851944,0.0032064914761544046,0.010700726190126951,0.010920381494673843
frozenlake8x8-H32-N192-D0-R0,frozenlake8x8-H32-N192-D0,frozenlake8x8,32,192,6912,1000000,0,0.0,fixed-q16,fixed,144,140,6912,6720,144,140,6720,999516,16.0,16.0,0.050386619799920554,0.9965152597837487,121,0.008632757773294659,0.0040411876589315195,0.008822457741861703,0.004040657868073085,0.008632757773294659,0.008822457741861703
frozenlake8x8-H32-N192-D0-R0.1,frozenlake8x8-H32-N192-D0,frozenlake8x8,32,192,6912,1000000,0,0.1,fixed-q16,fixed,144,140,6912,6720,144,140,6720,999516,16.0,16.0,0.050386619799920554,0.9965152597837487,121,0.008632757773294659,0.0040411876589315195,0.008822457741861703,0.004040657868073085,0.00903687653918781,0.009226523528669012
frozenlake8x8-H32-N192-D0-R0.3,frozenlake8x8-H32-N192-D0,frozenlake8x8,32,192,6912,1000000,0,0.3,fixed-q16,fixed,144,140,6912,6720,144,140,6720,999516,16.0,16.0,0.050386619799920554,0.9965152597837487,121,0.008632757773294659,0.0040411876589315195,0.008822457741861703,0.004040657868073085,0.009845114070974114,0.010034655102283628
frozenlake8x8-H32-N192-D0-R0.5,frozenlake8x8-H32-N192-D0,frozenlake8x8,32,192,6912,1000000,0,0.5,fixed-q16,fixed,144,140,6912,6720,144,140,6720,999516,16.0,16.0,0.050386619799920554,0.9965152597837487,121,0.008632757773294659,0.0040411876589315195,0.008822457741861703,0.004040657868073085,0.010653351602760418,0.010842786675898245
frozenlake8x8-H32-N192-D0-R0.7,frozenlake8x8-H32-N192-D0,frozenlake8x8,32,192,6912,1000000,0,0.7,fixed-q16,fixed,144,140,6912,6720,144,140,6720,999516,16.0,16.0,0.050386619799920554,0.9965152597837487,121,0.008632757773294659,0.0040411876589315195,0.008822457741861703,0.004040657868073085,0.011461589134546722,0.011650918249512861
frozenlake8x8-H32-N192-D0-R0.9,frozenlake8x8-H32-N192-D0,frozenlake8x8,32,192,6912,1000000,0,0.9,fixed-q16,fixed,144,140,6912,6720,144,140,6720,999516,16.0,16.0,0.050386619799920554,0.9965152597837487,121,0.008632757773294659,0.0040411876589315195,0.008822457741861703,0.004040657868073085,0.012269826666333026,0.01245904982312748
frozenlake8x8-H32-N192-D0-R1,frozenlake8x8-H32-N192-D0,frozenlake8x8,32,192,6912,1000000,0,1.0,fixed-q16,fixed,144,140,6912,6720,144,140,6720,999516,16.0,16.0,0.050386619799920554,0.9965152597837487,121,0.008632757773294659,0.0040411876589315195,0.008822457741861703,0.004040657868073085,0.012673945432226177,0.012863115609934788
frozenlake8x8-H32-N192-D0-R0,frozenlake8x8-H32-N192-D0,frozenlake8x8,32,192,6912,1000000,0,0.0,q1-to-q16-f0.25,two_stage,156,151,6903,6693,156,151,6720,999516,12.25,12.324503311258278,0.050386619799920554,0.9965152597837487,121,0.008732134611824543,0.003399027543586099,0.008960086635484567,0.003394773309337861,0.008732134611824543,0.008960086635484567
frozenlake8x8-H32-N192-D0-R0.1,frozenlake8x8-H32-N192-D0,frozenlake8x8,32,192,6912,1000000,0,0.1,q1-to-q16-f0.25,two_stage,156,151,6903,6693,156,151,6720,999516,12.25,12.324503311258278,0.050386619799920554,0.9965152597837487,121,0.008732134611824543,0.003399027543586099,0.008960086635484567,0.003394773309337861,0.009072037366183153,0.009299563966418354
frozenlake8x8-H32-N192-D0-R0.3,frozenlake8x8-H32-N192-D0,frozenlake8x8,32,192,6912,1000000,0,0.3,q1-to-q16-f0.25,two_stage,156,151,6903,6693,156,151,6720,999516,12.25,12.324503311258278,0.050386619799920554,0.9965152597837487,121,0.008732134611824543,0.003399027543586099,0.008960086635484567,0.003394773309337861,0.009751842874900373,0.009978518628285925
frozenlake8x8-H32-N192-D0-R0.5,frozenlake8x8-H32-N192-D0,frozenlake8x8,32,192,6912,1000000,0,0.5,q1-to-q16-f0.25,two_stage,156,151,6903,6693,156,151,6720,999516,12.25,12.324503311258278,0.050386619799920554,0.9965152597837487,121,0.008732134611824543,0.003399027543586099,0.008960086635484567,0.003394773309337861,0.010431648383617593,0.010657473290153497
frozenlake8x8-H32-N192-D0-R0.7,frozenlake8x8-H32-N192-D0,frozenlake8x8,32,192,6912,1000000,0,0.7,q1-to-q16-f0.25,two_stage,156,151,6903,6693,156,151,6720,999516,12.25,12.324503311258278,0.050386619799920554,0.9965152597837487,121,0.008732134611824543,0.003399027543586099,0.008960086635484567,0.003394773309337861,0.011111453892334812,0.01133642795202107
frozenlake8x8-H32-N192-D0-R0.9,frozenlake8x8-H32-N192-D0,frozenlake8x8,32,192,6912,1000000,0,0.9,q1-to-q16-f0.25,two_stage,156,151,6903,6693,156,151,6720,999516,12.25,12.324503311258278,0.050386619799920554,0.9965152597837487,121,0.008732134611824543,0.003399027543586099,0.008960086635484567,0.003394773309337861,0.011791259401052032,0.012015382613888643
frozenlake8x8-H32-N192-D0-R1,frozenlake8x8-H32-N192-D0,frozenlake8x8,32,192,6912,1000000,0,1.0,q1-to-q16-f0.25,two_stage,156,151,6903,6693,156,151,6720,999516,12.25,12.324503311258278,0.050386619799920554,0.9965152597837487,121,0.008732134611824543,0.003399027543586099,0.008960086635484567,0.003394773309337861,0.012131162155410642,0.012354859944822428
frozenlake8x8-H32-N192-D0-R0,frozenlake8x8-H32-N192-D0,frozenlake8x8,32,192,6912,1000000,0,0.0,q1-to-q16-f0.5,two_stage,170,165,6885,6690,170,165,6720,999516,8.5,8.545454545454545,0.050386619799920554,0.9965152597837487,121,0.00945271491955276,0.0020889354716182975,0.009667013502128357,0.002081648590176932,0.00945271491955276,0.009667013502128357
frozenlake8x8-H32-N192-D0-R0.1,frozenlake8x8-H32-N192-D0,frozenlake8x8,32,192,6912,1000000,0,0.1,q1-to-q16-f0.5,two_stage,170,165,6885,6690,170,165,6720,999516,8.5,8.545454545454545,0.050386619799920554,0.9965152597837487,121,0.00945271491955276,0.0020889354716182975,0.009667013502128357,0.002081648590176932,0.00966160846671459,0.009875178361146049
frozenlake8x8-H32-N192-D0-R0.3,frozenlake8x8-H32-N192-D0,frozenlake8x8,32,192,6912,1000000,0,0.3,q1-to-q16-f0.5,two_stage,170,165,6885,6690,170,165,6720,999516,8.5,8.545454545454545,0.050386619799920554,0.9965152597837487,121,0.00945271491955276,0.0020889354716182975,0.009667013502128357,0.002081648590176932,0.010079395561038249,0.010291508079181437
frozenlake8x8-H32-N192-D0-R0.5,frozenlake8x8-H32-N192-D0,frozenlake8x8,32,192,6912,1000000,0,0.5,q1-to-q16-f0.5,two_stage,170,165,6885,6690,170,165,6720,999516,8.5,8.545454545454545,0.050386619799920554,0.9965152597837487,121,0.00945271491955276,0.0020889354716182975,0.009667013502128357,0.002081648590176932,0.010497182655361908,0.010707837797216822
frozenlake8x8-H32-N192-D0-R0.7,frozenlake8x8-H32-N192-D0,frozenlake8x8,32,192,6912,1000000,0,0.7,q1-to-q16-f0.5,two_stage,170,165,6885,6690,170,165,6720,999516,8.5,8.545454545454545,0.050386619799920554,0.9965152597837487,121,0.00945271491955276,0.0020889354716182975,0.009667013502128357,0.002081648590176932,0.010914969749685567,0.01112416751525221
frozenlake8x8-H32-N192-D0-R0.9,frozenlake8x8-H32-N192-D0,frozenlake8x8,32,192,6912,1000000,0,0.9,q1-to-q16-f0.5,two_stage,170,165,6885,6690,170,165,6720,999516,8.5,8.545454545454545,0.050386619799920554,0.9965152597837487,121,0.00945271491955276,0.0020889354716182975,0.009667013502128357,0.002081648590176932,0.011332756844009226,0.011540497233287594
frozenlake8x8-H32-N192-D0-R1,frozenlake8x8-H32-N192-D0,frozenlake8x8,32,192,6912,1000000,0,1.0,q1-to-q16-f0.5,two_stage,170,165,6885,6690,170,165,6720,999516,8.5,8.545454545454545,0.050386619799920554,0.9965152597837487,121,0.00945271491955276,0.0020889354716182975,0.009667013502128357,0.002081648590176932,0.011541650391171058,0.011748662092305288
frozenlake8x8-H32-N192-D0-R0,frozenlake8x8-H32-N192-D0,frozenlake8x8,32,192,6912,1000000,0,0.0,q1-to-q16-f0.75,two_stage,188,182,6909,6696,188,182,6720,999516,4.75,4.791208791208791,0.050386619799920554,0.9965152597837487,121,0.010395189263385785,0.00045119780434701946,0.010613031654105234,0.00045771758432603846,0.010395189263385785,0.010613031654105234
frozenlake8x8-H32-N192-D0-R0.1,frozenlake8x8-H32-N192-D0,frozenlake8x8,32,192,6912,1000000,0,0.1,q1-to-q16-f0.75,two_stage,188,182,6909,6696,188,182,6720,999516,4.75,4.791208791208791,0.050386619799920554,0.9965152597837487,121,0.010395189263385785,0.00045119780434701946,0.010613031654105234,0.00045771758432603846,0.010440309043820487,0.010658803412537837
frozenlake8x8-H32-N192-D0-R0.3,frozenlake8x8-H32-N192-D0,frozenlake8x8,32,192,6912,1000000,0,0.3,q1-to-q16-f0.75,two_stage,188,182,6909,6696,188,182,6720,999516,4.75,4.791208791208791,0.050386619799920554,0.9965152597837487,121,0.010395189263385785,0.00045119780434701946,0.010613031654105234,0.00045771758432603846,0.01053054860468989,0.010750346929403045
frozenlake8x8-H32-N192-D0-R0.5,frozenlake8x8-H32-N192-D0,frozenlake8x8,32,192,6912,1000000,0,0.5,q1-to-q16-f0.75,two_stage,188,182,6909,6696,188,182,6720,999516,4.75,4.791208791208791,0.050386619799920554,0.9965152597837487,121,0.010395189263385785,0.00045119780434701946,0.010613031654105234,0.00045771758432603846,0.010620788165559295,0.010841890446268253
frozenlake8x8-H32-N192-D0-R0.7,frozenlake8x8-H32-N192-D0,frozenlake8x8,32,192,6912,1000000,0,0.7,q1-to-q16-f0.75,two_stage,188,182,6909,6696,188,182,6720,999516,4.75,4.791208791208791,0.050386619799920554,0.9965152597837487,121,0.010395189263385785,0.00045119780434701946,0.010613031654105234,0.00045771758432603846,0.010711027726428698,0.010933433963133461
frozenlake8x8-H32-N192-D0-R0.9,frozenlake8x8-H32-N192-D0,frozenlake8x8,32,192,6912,1000000,0,0.9,q1-to-q16-f0.75,two_stage,188,182,6909,6696,188,182,6720,999516,4.75,4.791208791208791,0.050386619799920554,0.9965152597837487,121,0.010395189263385785,0.00045119780434701946,0.010613031654105234,0.00045771758432603846,0.010801267287298102,0.011024977479998668
frozenlake8x8-H32-N192-D0-R1,frozenlake8x8-H32-N192-D0,frozenlake8x8,32,192,6912,1000000,0,1.0,q1-to-q16-f0.75,two_stage,188,182,6909,6696,188,182,6720,999516,4.75,4.791208791208791,0.050386619799920554,0.9965152597837487,121,0.010395189263385785,0.00045119780434701946,0.010613031654105234,0.00045771758432603846,0.010846387067732804,0.011070749238431273
frozenlake8x8-H32-N192-D0-R0,frozenlake8x8-H32-N192-D0,frozenlake8x8,32,192,6912,1000000,0,0.0,q16-to-q1-f0.25,two_stage,188,183,6909,6714,188,183,6720,999516,4.75,4.688524590163935,0.050386619799920554,0.9965152597837487,121,0.010264593672315815,0.0005817933954169815,0.01045699395497106,0.0005771203061142886,0.010264593672315815,0.01045699395497106
frozenlake8x8-H32-N192-D0-R0.1,frozenlake8x8-H32-N192-D0,frozenlake8x8,32,192,6912,1000000,0,0.1,q16-to-q1-f0.25,two_stage,188,183,6909,6714,188,183,6720,999516,4.75,4.688524590163935,0.050386619799920554,0.9965152597837487,121,0.010264593672315815,0.0005817933954169815,0.01045699395497106,0.0005771203061142886,0.010322773011857514,0.010514705985582488
frozenlake8x8-H32-N192-D0-R0.3,frozenlake8x8-H32-N192-D0,frozenlake8x8,32,192,6912,1000000,0,0.3,q16-to-q1-f0.25,two_stage,188,183,6909,6714,188,183,6720,999516,4.75,4.688524590163935,0.050386619799920554,0.9965152597837487,121,0.010264593672315815,0.0005817933954169815,0.01045699395497106,0.0005771203061142886,0.01043913169094091,0.010630130046805346
frozenlake8x8-H32-N192-D0-R0.5,frozenlake8x8-H32-N192-D0,frozenlake8x8,32,192,6912,1000000,0,0.5,q16-to-q1-f0.25,two_stage,188,183,6909,6714,188,183,6720,999516,4.75,4.688524590163935,0.050386619799920554,0.9965152597837487,121,0.010264593672315815,0.0005817933954169815,0.01045699395497106,0.0005771203061142886,0.010555490370024305,0.010745554108028204
frozenlake8x8-H32-N192-D0-R0.7,frozenlake8x8-H32-N192-D0,frozenlake8x8,32,192,6912,1000000,0,0.7,q16-to-q1-f0.25,two_stage,188,183,6909,6714,188,183,6720,999516,4.75,4.688524590163935,0.050386619799920554,0.9965152597837487,121,0.010264593672315815,0.0005817933954169815,0.01045699395497106,0.0005771203061142886,0.010671849049107701,0.010860978169251061
frozenlake8x8-H32-N192-D0-R0.9,frozenlake8x8-H32-N192-D0,frozenlake8x8,32,192,6912,1000000,0,0.9,q16-to-q1-f0.25,two_stage,188,183,6909,6714,188,183,6720,999516,4.75,4.688524590163935,0.050386619799920554,0.9965152597837487,121,0.010264593672315815,0.0005817933954169815,0.01045699395497106,0.0005771203061142886,0.010788207728191099,0.01097640223047392
frozenlake8x8-H32-N192-D0-R1,frozenlake8x8-H32-N192-D0,frozenlake8x8,32,192,6912,1000000,0,1.0,q16-to-q1-f0.25,two_stage,188,183,6909,6714,188,183,6720,999516,4.75,4.688524590163935,0.050386619799920554,0.9965152597837487,121,0.010264593672315815,0.0005817933954169815,0.01045699395497106,0.0005771203061142886,0.010846387067732796,0.011034114261085349
frozenlake8x8-H32-N192-D0-R0,frozenlake8x8-H32-N192-D0,frozenlake8x8,32,192,6912,1000000,0,0.0,q16-to-q1-f0.5,two_stage,170,165,6885,6675,170,165,6720,999516,8.5,8.454545454545455,0.050386619799920554,0.9965152597837487,121,0.00963151322686819,0.0019101371643028755,0.009839142927027455,0.0019095191652778202,0.00963151322686819,0.009839142927027455
frozenlake8x8-H32-N192-D0-R0.1,frozenlake8x8-H32-N192-D0,frozenlake8x8,32,192,6912,1000000,0,0.1,q16-to-q1-f0.5,two_stage,170,165,6885,6675,170,165,6720,999516,8.5,8.454545454545455,0.050386619799920554,0.9965152597837487,121,0.00963151322686819,0.0019101371643028755,0.009839142927027455,0.0019095191652778202,0.009822526943298477,0.010030094843555238
frozenlake8x8-H32-N192-D0-R0.3,frozenlake8x8-H32-N192-D0,frozenlake8x8,32,192,6912,1000000,0,0.3,q16-to-q1-f0.5,two_stage,170,165,6885,6675,170,165,6720,999516,8.5,8.454545454545455,0.050386619799920554,0.9965152597837487,121,0.00963151322686819,0.0019101371643028755,0.009839142927027455,0.0019095191652778202,0.010204554376159053,0.0104119986766108
frozenlake8x8-H32-N192-D0-R0.5,frozenlake8x8-H32-N192-D0,frozenlake8x8,32,192,6912,1000000,0,0.5,q16-to-q1-f0.5,two_stage,170,165,6885,6675,170,165,6720,999516,8.5,8.454545454545455,0.050386619799920554,0.9965152597837487,121,0.00963151322686819,0.0019101371643028755,0.009839142927027455,0.0019095191652778202,0.010586581809019628,0.010793902509666366
frozenlake8x8-H32-N192-D0-R0.7,frozenlake8x8-H32-N192-D0,frozenlake8x8,32,192,6912,1000000,0,0.7,q16-to-q1-f0.5,two_stage,170,165,6885,6675,170,165,6720,999516,8.5,8.454545454545455,0.050386619799920554,0.9965152597837487,121,0.00963151322686819,0.0019101371643028755,0.009839142927027455,0.0019095191652778202,0.010968609241880204,0.011175806342721929
frozenlake8x8-H32-N192-D0-R0.9,frozenlake8x8-H32-N192-D0,frozenlake8x8,32,192,6912,1000000,0,0.9,q16-to-q1-f0.5,two_stage,170,165,6885,6675,170,165,6720,999516,8.5,8.454545454545455,0.050386619799920554,0.9965152597837487,121,0.00963151322686819,0.0019101371643028755,0.009839142927027455,0.0019095191652778202,0.011350636674740778,0.011557710175777494
frozenlake8x8-H32-N192-D0-R1,frozenlake8x8-H32-N192-D0,frozenlake8x8,32,192,6912,1000000,0,1.0,q16-to-q1-f0.5,two_stage,170,165,6885,6675,170,165,6720,999516,8.5,8.454545454545455,0.050386619799920554,0.9965152597837487,121,0.00963151322686819,0.0019101371643028755,0.009839142927027455,0.0019095191652778202,0.011541650391171067,0.011748662092305275
frozenlake8x8-H32-N192-D0-R0,frozenlake8x8-H32-N192-D0,frozenlake8x8,32,192,6912,1000000,0,0.0,q16-to-q1-f0.75,two_stage,156,151,6903,6678,156,151,6720,999516,12.25,12.225165562913908,0.050386619799920554,0.9965152597837487,121,0.008528471965911824,0.003602690189498807,0.0087588410340464,0.003596018910776025,0.008528471965911824,0.0087588410340464
frozenlake8x8-H32-N192-D0-R0.1,frozenlake8x8-H32-N192-D0,frozenlake8x8,32,192,6912,1000000,0,0.1,q16-to-q1-f0.75,two_stage,156,151,6903,6678,156,151,6720,999516,12.25,12.225165562913908,0.050386619799920554,0.9965152597837487,121,0.008528471965911824,0.003602690189498807,0.0087588410340464,0.003596018910776025,0.008888740984861705,0.009118442925124003
frozenlake8x8-H32-N192-D0-R0.3,frozenlake8x8-H32-N192-D0,frozenlake8x8,32,192,6912,1000000,0,0.3,q16-to-q1-f0.75,two_stage,156,151,6903,6678,156,151,6720,999516,12.25,12.225165562913908,0.050386619799920554,0.9965152597837487,121,0.008528471965911824,0.003602690189498807,0.0087588410340464,0.003596018910776025,0.009609279022761466,0.009837646707279206
frozenlake8x8-H32-N192-D0-R0.5,frozenlake8x8-H32-N192-D0,frozenlake8x8,32,192,6912,1000000,0,0.5,q16-to-q1-f0.75,two_stage,156,151,6903,6678,156,151,6720,999516,12.25,12.225165562913908,0.050386619799920554,0.9965152597837487,121,0.008528471965911824,0.003602690189498807,0.0087588410340464,0.003596018910776025,0.010329817060661228,0.010556850489434413
frozenlake8x8-H32-N192-D0-R0.7,frozenlake8x8-H32-N192-D0,frozenlake8x8,32,192,6912,1000000,0,0.7,q16-to-q1-f0.75,two_stage,156,151,6903,6678,156,151,6720,999516,12.25,12.225165562913908,0.050386619799920554,0.9965152597837487,121,0.008528471965911824,0.003602690189498807,0.0087588410340464,0.003596018910776025,0.011050355098560989,0.011276054271589616
frozenlake8x8-H32-N192-D0-R0.9,frozenlake8x8-H32-N192-D0,frozenlake8x8,32,192,6912,1000000,0,0.9,q16-to-q1-f0.75,two_stage,156,151,6903,6678,156,151,6720,999516,12.25,12.225165562913908,0.050386619799920554,0.9965152597837487,121,0.008528471965911824,0.003602690189498807,0.0087588410340464,0.003596018910776025,0.01177089313646075,0.011995258053744823
frozenlake8x8-H32-N192-D0-R1,frozenlake8x8-H32-N192-D0,frozenlake8x8,32,192,6912,1000000,0,1.0,q16-to-q1-f0.75,two_stage,156,151,6903,6678,156,151,6720,999516,12.25,12.225165562913908,0.050386619799920554,0.9965152597837487,121,0.008528471965911824,0.003602690189498807,0.0087588410340464,0.003596018910776025,0.01213116215541063,0.012354859944822424
frozenlake8x8-H32-N192-D4-R0,frozenlake8x8-H32-N192-D4,frozenlake8x8,32,192,6912,1000000,4,0.0,fixed-q1,fixed,209,203,6897,6699,213,207,6720,999512,1.0,1.0,0.050386619799920554,0.9964655548707235,121,0.010223416282081503,0.0,0.010428816930289244,0.0,0.010223416282081503,0.010428816930289244
frozenlake8x8-H32-N192-D4-R0.1,frozenlake8x8-H32-N192-D4,frozenlake8x8,32,192,6912,1000000,4,0.1,fixed-q1,fixed,209,203,6897,6699,213,207,6720,999512,1.0,1.0,0.050386619799920554,0.9964655548707235,121,0.010223416282081503,0.0,0.010428816930289244,0.0,0.010223416282081503,0.010428816930289244
frozenlake8x8-H32-N192-D4-R0.3,frozenlake8x8-H32-N192-D4,frozenlake8x8,32,192,6912,1000000,4,0.3,fixed-q1,fixed,209,203,6897,6699,213,207,6720,999512,1.0,1.0,0.050386619799920554,0.9964655548707235,121,0.010223416282081503,0.0,0.010428816930289244,0.0,0.010223416282081503,0.010428816930289244
frozenlake8x8-H32-N192-D4-R0.5,frozenlake8x8-H32-N192-D4,frozenlake8x8,32,192,6912,1000000,4,0.5,fixed-q1,fixed,209,203,6897,6699,213,207,6720,999512,1.0,1.0,0.050386619799920554,0.9964655548707235,121,0.010223416282081503,0.0,0.010428816930289244,0.0,0.010223416282081503,0.010428816930289244
frozenlake8x8-H32-N192-D4-R0.7,frozenlake8x8-H32-N192-D4,frozenlake8x8,32,192,6912,1000000,4,0.7,fixed-q1,fixed,209,203,6897,6699,213,207,6720,999512,1.0,1.0,0.050386619799920554,0.9964655548707235,121,0.010223416282081503,0.0,0.010428816930289244,0.0,0.010223416282081503,0.010428816930289244
frozenlake8x8-H32-N192-D4-R0.9,frozenlake8x8-H32-N192-D4,frozenlake8x8,32,192,6912,1000000,4,0.9,fixed-q1,fixed,209,203,6897,6699,213,207,6720,999512,1.0,1.0,0.050386619799920554,0.9964655548707235,121,0.010223416282081503,0.0,0.010428816930289244,0.0,0.010223416282081503,0.010428816930289244
frozenlake8x8-H32-N192-D4-R1,frozenlake8x8-H32-N192-D4,frozenlake8x8,32,192,6912,1000000,4,1.0,fixed-q1,fixed,209,203,6897,6699,213,207,6720,999512,1.0,1.0,0.050386619799920554,0.9964655548707235,121,0.010223416282081503,0.0,0.010428816930289244,0.0,0.010223416282081503,0.010428816930289244
frozenlake8x8-H32-N192-D4-R0,frozenlake8x8-H32-N192-D4,frozenlake8x8,32,192,6912,1000000,4,0.0,fixed-q4,fixed,192,186,6912,6696,196,190,6720,999512,4.0,4.0,0.050386619799920554,0.9964655548707235,121,0.007471635544764289,0.003351138800689781,0.0076852899077886954,0.0033623390534038154,0.007471635544764289,0.0076852899077886954
frozenlake8x8-H32-N192-D4-R0.1,frozenlake8x8-H32-N192-D4,frozenlake8x8,32,192,6912,1000000,4,0.1,fixed-q4,fixed,192,186,6912,6696,196,190,6720,999512,4.0,4.0,0.050386619799920554,0.9964655548707235,121,0.007471635544764289,0.003351138800689781,0.0076852899077886954,0.0033623390534038154,0.0078067494248332675,0.008021523813129077
frozenlake8x8-H32-N192-D4-R0.3,frozenlake8x8-H32-N192-D4,frozenlake8x8,32,192,6912,1000000,4,0.3,fixed-q4,fixed,192,186,6912,6696,196,190,6720,999512,4.0,4.0,0.050386619799920554,0.9964655548707235,121,0.007471635544764289,0.003351138800689781,0.0076852899077886954,0.0033623390534038154,0.008476977184971222,0.00869399162380984
frozenlake8x8-H32-N192-D4-R0.5,frozenlake8x8-H32-N192-D4,frozenlake8x8,32,192,6912,1000000,4,0.5,fixed-q4,fixed,192,186,6912,6696,196,190,6720,999512,4.0,4.0,0.050386619799920554,0.9964655548707235,121,0.007471635544764289,0.003351138800689781,0.0076852899077886954,0.0033623390534038154,0.00914720494510918,0.009366459434490604
frozenlake8x8-H32-N192-D4-R0.7,frozenlake8x8-H32-N192-D4,frozenlake8x8,32,192,6912,1000000,4,0.7,fixed-q4,fixed,192,186,6912,6696,196,190,6720,999512,4.0,4.0,0.050386619799920554,0.9964655548707235,121,0.007471635544764289,0.003351138800689781,0.0076852899077886954,0.0033623390534038154,0.009817432705247136,0.010038927245171365
frozenlake8x8-H32-N192-D4-R0.9,frozenlake8x8-H32-N192-D4,frozenlake8x8,32,192,6912,1000000,4,0.9,fixed-q4,fixed,192,186,6912,6696,196,190,6720,999512,4.0,4.0,0.050386619799920554,0.9964655548707235,121,0.007471635544764289,0.003351138800689781,0.0076852899077886954,0.0033623390534038154,0.010487660465385093,0.010711395055852129
frozenlake8x8-H32-N192-D4-R1,frozenlake8x8-H32-N192-D4,frozenlake8x8,32,192,6912,1000000,4,1.0,fixed-q4,fixed,192,186,6912,6696,196,190,6720,999512,4.0,4.0,0.050386619799920554,0.9964655548707235,121,0.007471635544764289,0.003351138800689781,0.0076852899077886954,0.0033623390534038154,0.01082277434545407,0.011047628961192511
frozenlake8x8-H32-N192-D4-R0,frozenlake8x8-H32-N192-D4,frozenlake8x8,32,192,6912,1000000,4,0.0,fixed-q16,fixed,144,140,6912,6720,148,144,6720,999512,16.0,16.0,0.050386619799920554,0.9964655548707235,121,0.008567224081188478,0.004280219669366553,0.008757204258634117,0.0042848425412339184,0.008567224081188478,0.008757204258634117
frozenlake8x8-H32-N192-D4-R0.1,frozenlake8x8-H32-N192-D4,frozenlake8x8,32,192,6912,1000000,4,0.1,fixed-q16,fixed,144,140,6912,6720,148,144,6720,999512,16.0,16.0,0.050386619799920554,0.9964655548707235,121,0.008567224081188478,0.004280219669366553,0.008757204258634117,0.0042848425412339184,0.008995246048125132,0.00918568851275751
frozenlake8x8-H32-N192-D4-R0.3,frozenlake8x8-H32-N192-D4,frozenlake8x8,32,192,6912,1000000,4,0.3,fixed-q16,fixed,144,140,6912,6720,148,144,6720,999512,16.0,16.0,0.050386619799920554,0.9964655548707235,121,0.008567224081188478,0.004280219669366553,0.008757204258634117,0.0042848425412339184,0.009851289981998444,0.010042657021004292
frozenlake8x8-H32-N192-D4-R0.5,frozenlake8x8-H32-N192-D4,frozenlake8x8,32,192,6912,1000000,4,0.5,fixed-q16,fixed,144,140,6912,6720,148,144,6720,999512,16.0,16.0,0.050386619799920554,0.9964655548707235,121,0.008567224081188478,0.004280219669366553,0.008757204258634117,0.0042848425412339184,0.010707333915871755,0.010899625529251077
frozenlake8x8-H32-N192-D4-R0.7,frozenlake8x8-H32-N192-D4,frozenlake8x8,32,192,6912,1000000,4,0.7,fixed-q16,fixed,144,140,6912,6720,148,144,6720,999512,16.0,16.0,0.050386619799920554,0.9964655548707235,121,0.008567224081188478,0.004280219669366553,0.008757204258634117,0.0042848425412339184,0.011563377849745064,0.01175659403749786
frozenlake8x8-H32-N192-D4-R0.9,frozenlake8x8-H32-N192-D4,frozenlake8x8,32,192,6912,1000000,4,0.9,fixed-q16,fixed,144,140,6912,6720,148,144,6720,999512,16.0,16.0,0.050386619799920554,0.9964655548707235,121,0.008567224081188478,0.004280219669366553,0.008757204258634117,0.0042848425412339184,0.012419421783618375,0.012613562545744644
frozenlake8x8-H32-N192-D4-R1,frozenlake8x8-H32-N192-D4,frozenlake8x8,32,192,6912,1000000,4,1.0,fixed-q16,fixed,144,140,6912,6720,148,144,6720,999512,16.0,16.0,0.050386619799920554,0.9964655548707235,121,0.008567224081188478,0.004280219669366553,0.008757204258634117,0.0042848425412339184,0.012847443750555031,0.013042046799868035
frozenlake8x8-H32-N192-D4-R0,frozenlake8x8-H32-N192-D4,frozenlake8x8,32,192,6912,1000000,4,0.0,q1-to-q16-f0.25,two_stage,156,151,6903,6693,160,155,6720,999512,12.25,12.324503311258278,0.050386619799920554,0.9964655548707235,121,0.008674272461968925,0.003615239915984998,0.00890243508624394,0.0036154270086604873,0.008674272461968925,0.00890243508624394
frozenlake8x8-H32-N192-D4-R0.1,frozenlake8x8-H32-N192-D4,frozenlake8x8,32,192,6912,1000000,4,0.1,q1-to-q16-f0.25,two_stage,156,151,6903,6693,160,155,6720,999512,12.25,12.324503311258278,0.050386619799920554,0.9964655548707235,121,0.008674272461968925,0.003615239915984998,0.00890243508624394,0.0036154270086604873,0.009035796453567425,0.009263977787109988
frozenlake8x8-H32-N192-D4-R0.3,frozenlake8x8-H32-N192-D4,frozenlake8x8,32,192,6912,1000000,4,0.3,q1-to-q16-f0.25,two_stage,156,151,6903,6693,160,155,6720,999512,12.25,12.324503311258278,0.050386619799920554,0.9964655548707235,121,0.008674272461968925,0.003615239915984998,0.00890243508624394,0.0036154270086604873,0.009758844436764424,0.009987063188842085
frozenlake8x8-H32-N192-D4-R0.5,frozenlake8x8-H32-N192-D4,frozenlake8x8,32,192,6912,1000000,4,0.5,q1-to-q16-f0.25,two_stage,156,151,6903,6693,160,155,6720,999512,12.25,12.324503311258278,0.050386619799920554,0.9964655548707235,121,0.008674272461968925,0.003615239915984998,0.00890243508624394,0.0036154270086604873,0.010481892419961425,0.010710148590574183
frozenlake8x8-H32-N192-D4-R0.7,frozenlake8x8-H32-N192-D4,frozenlake8x8,32,192,6912,1000000,4,0.7,q1-to-q16-f0.25,two_stage,156,151,6903,6693,160,155,6720,999512,12.25,12.324503311258278,0.050386619799920554,0.9964655548707235,121,0.008674272461968925,0.003615239915984998,0.00890243508624394,0.0036154270086604873,0.011204940403158423,0.01143323399230628
frozenlake8x8-H32-N192-D4-R0.9,frozenlake8x8-H32-N192-D4,frozenlake8x8,32,192,6912,1000000,4,0.9,q1-to-q16-f0.25,two_stage,156,151,6903,6693,160,155,6720,999512,12.25,12.324503311258278,0.050386619799920554,0.9964655548707235,121,0.008674272461968925,0.003615239915984998,0.00890243508624394,0.0036154270086604873,0.011927988386355424,0.012156319394038377
frozenlake8x8-H32-N192-D4-R1,frozenlake8x8-H32-N192-D4,frozenlake8x8,32,192,6912,1000000,4,1.0,q1-to-q16-f0.25,two_stage,156,151,6903,6693,160,155,6720,999512,12.25,12.324503311258278,0.050386619799920554,0.9964655548707235,121,0.008674272461968925,0.003615239915984998,0.00890243508624394,0.0036154270086604873,0.012289512377953924,0.012517862094904426
frozenlake8x8-H32-N192-D4-R0,frozenlake8x8-H32-N192-D4,frozenlake8x8,32,192,6912,1000000,4,0.0,q1-to-q16-f0.5,two_stage,170,165,6885,6690,174,169,6720,999512,8.5,8.545454545454545,0.050386619799920554,0.9964655548707235,121,0.009429291190895396,0.002255070384262051,0.009645007449605997,0.0022504292638035597,0.009429291190895396,0.009645007449605997
frozenlake8x8-H32-N192-D4-R0.1,frozenlake8x8-H32-N192-D4,frozenlake8x8,32,192,6912,1000000,4,0.1,q1-to-q16-f0.5,two_stage,170,165,6885,6690,174,169,6720,999512,8.5,8.545454545454545,0.050386619799920554,0.9964655548707235,121,0.009429291190895396,0.002255070384262051,0.009645007449605997,0.0022504292638035597,0.0096547982293216,0.009870050375986353
frozenlake8x8-H32-N192-D4-R0.3,frozenlake8x8-H32-N192-D4,frozenlake8x8,32,192,6912,1000000,4,0.3,q1-to-q16-f0.5,two_stage,170,165,6885,6690,174,169,6720,999512,8.5,8.545454545454545,0.050386619799920554,0.9964655548707235,121,0.009429291190895396,0.002255070384262051,0.009645007449605997,0.0022504292638035597,0.010105812306174012,0.010320136228747065
frozenlake8x8-H32-N192-D4-R0.5,frozenlake8x8-H32-N192-D4,frozenlake8x8,32,192,6912,1000000,4,0.5,q1-to-q16-f0.5,two_stage,170,165,6885,6690,174,169,6720,999512,8.5,8.545454545454545,0.050386619799920554,0.9964655548707235,121,0.009429291190895396,0.002255070384262051,0.009645007449605997,0.0022504292638035597,0.010556826383026421,0.010770222081507777
frozenlake8x8-H32-N192-D4-R0.7,frozenlake8x8-H32-N192-D4,frozenlake8x8,32,192,6912,1000000,4,0.7,q1-to-q16-f0.5,two_stage,170,165,6885,6690,174,169,6720,999512,8.5,8.545454545454545,0.050386619799920554,0.9964655548707235,121,0.009429291190895396,0.002255070384262051,0.009645007449605997,0.0022504292638035597,0.01100784045987883,0.01122030793426849
frozenlake8x8-H32-N192-D4-R0.9,frozenlake8x8-H32-N192-D4,frozenlake8x8,32,192,6912,1000000,4,0.9,q1-to-q16-f0.5,two_stage,170,165,6885,6690,174,169,6720,999512,8.5,8.545454545454545,0.050386619799920554,0.9964655548707235,121,0.009429291190895396,0.002255070384262051,0.009645007449605997,0.0022504292638035597,0.011458854536731242,0.0116703937870292
frozenlake8x8-H32-N192-D4-R1,frozenlake8x8-H32-N192-D4,frozenlake8x8,32,192,6912,1000000,4,1.0,q1-to-q16-f0.5,two_stage,170,165,6885,6690,174,169,6720,999512,8.5,8.545454545454545,0.050386619799920554,0.9964655548707235,121,0.009429291190895396,0.002255070384262051,0.009645007449605997,0.0022504292638035597,0.011684361575157447,0.011895436713409556
frozenlake8x8-H32-N192-D4-R0,frozenlake8x8-H32-N192-D4,frozenlake8x8,32,192,6912,1000000,4,0.0,q1-to-q16-f0.75,two_stage,188,182,6909,6696,192,186,6720,999512,4.75,4.791208791208791,0.050386619799920554,0.9964655548707235,121,0.0104653836299475,0.0005064833304471725,0.010687080569014455,0.0005145577761583429,0.0104653836299475,0.010687080569014455
frozenlake8x8-H32-N192-D4-R0.1,frozenlake8x8-H32-N192-D4,frozenlake8x8,32,192,6912,1000000,4,0.1,q1-to-q16-f0.75,two_stage,188,182,6909,6696,192,186,6720,999512,4.75,4.791208791208791,0.050386619799920554,0.9964655548707235,121,0.0104653836299475,0.0005064833304471725,0.010687080569014455,0.0005145577761583429,0.010516031962992218,0.010738536346630289
frozenlake8x8-H32-N192-D4-R0.3,frozenlake8x8-H32-N192-D4,frozenlake8x8,32,192,6912,1000000,4,0.3,q1-to-q16-f0.75,two_stage,188,182,6909,6696,192,186,6720,999512,4.75,4.791208791208791,0.050386619799920554,0.9964655548707235,121,0.0104653836299475,0.0005064833304471725,0.010687080569014455,0.0005145577761583429,0.010617328629081652,0.010841447901861957
frozenlake8x8-H32-N192-D4-R0.5,frozenlake8x8-H32-N192-D4,frozenlake8x8,32,192,6912,1000000,4,0.5,q1-to-q16-f0.75,two_stage,188,182,6909,6696,192,186,6720,999512,4.75,4.791208791208791,0.050386619799920554,0.9964655548707235,121,0.0104653836299475,0.0005064833304471725,0.010687080569014455,0.0005145577761583429,0.010718625295171086,0.010944359457093626
frozenlake8x8-H32-N192-D4-R0.7,frozenlake8x8-H32-N192-D4,frozenlake8x8,32,192,6912,1000000,4,0.7,q1-to-q16-f0.75,two_stage,188,182,6909,6696,192,186,6720,999512,4.75,4.791208791208791,0.050386619799920554,0.9964655548707235,121,0.0104653836299475,0.0005064833304471725,0.010687080569014455,0.0005145577761583429,0.01081992196126052,0.011047271012325294
frozenlake8x8-H32-N192-D4-R0.9,frozenlake8x8-H32-N192-D4,frozenlake8x8,32,192,6912,1000000,4,0.9,q1-to-q16-f0.75,two_stage,188,182,6909,6696,192,186,6720,999512,4.75,4.791208791208791,0.050386619799920554,0.9964655548707235,121,0.0104653836299475,0.0005064833304471725,0.010687080569014455,0.0005145577761583429,0.010921218627349955,0.011150182567556963
frozenlake8x8-H32-N192-D4-R1,frozenlake8x8-H32-N192-D4,frozenlake8x8,32,192,6912,1000000,4,1.0,q1-to-q16-f0.75,two_stage,188,182,6909,6696,192,186,6720,999512,4.75,4.791208791208791,0.050386619799920554,0.9964655548707235,121,0.0104653836299475,0.0005064833304471725,0.010687080569014455,0.0005145577761583429,0.010971866960394674,0.011201638345172798
frozenlake8x8-H32-N192-D4-R0,frozenlake8x8-H32-N192-D4,frozenlake8x8,32,192,6912,1000000,4,0.0,q16-to-q1-f0.25,two_stage,188,183,6909,6714,192,187,6720,999512,4.75,4.688524590163935,0.050386619799920554,0.9964655548707235,121,0.010382742563366678,0.0005891243970280124,0.010578573017821499,0.0005844008091673359,0.010382742563366678,0.010578573017821499
frozenlake8x8-H32-N192-D4-R0.1,frozenlake8x8-H32-N192-D4,frozenlake8x8,32,192,6912,1000000,4,0.1,q16-to-q1-f0.25,two_stage,188,183,6909,6714,192,187,6720,999512,4.75,4.688524590163935,0.050386619799920554,0.9964655548707235,121,0.010382742563366678,0.0005891243970280124,0.010578573017821499,0.0005844008091673359,0.01044165500306948,0.010637013098738232
frozenlake8x8-H32-N192-D4-R0.3,frozenlake8x8-H32-N192-D4,frozenlake8x8,32,192,6912,1000000,4,0.3,q16-to-q1-f0.25,two_stage,188,183,6909,6714,192,187,6720,999512,4.75,4.688524590163935,0.050386619799920554,0.9964655548707235,121,0.010382742563366678,0.0005891243970280124,0.010578573017821499,0.0005844008091673359,0.010559479882475083,0.0107538932605717
frozenlake8x8-H32-N192-D4-R0.5,frozenlake8x8-H32-N192-D4,frozenlake8x8,32,192,6912,1000000,4,0.5,q16-to-q1-f0.25,two_stage,188,183,6909,6714,192,187,6720,999512,4.75,4.688524590163935,0.050386619799920554,0.9964655548707235,121,0.010382742563366678,0.0005891243970280124,0.010578573017821499,0.0005844008091673359,0.010677304761880684,0.010870773422405167
frozenlake8x8-H32-N192-D4-R0.7,frozenlake8x8-H32-N192-D4,frozenlake8x8,32,192,6912,1000000,4,0.7,q16-to-q1-f0.25,two_stage,188,183,6909,6714,192,187,6720,999512,4.75,4.688524590163935,0.050386619799920554,0.9964655548707235,121,0.010382742563366678,0.0005891243970280124,0.010578573017821499,0.0005844008091673359,0.010795129641286287,0.010987653584238633
frozenlake8x8-H32-N192-D4-R0.9,frozenlake8x8-H32-N192-D4,frozenlake8x8,32,192,6912,1000000,4,0.9,q16-to-q1-f0.25,two_stage,188,183,6909,6714,192,187,6720,999512,4.75,4.688524590163935,0.050386619799920554,0.9964655548707235,121,0.010382742563366678,0.0005891243970280124,0.010578573017821499,0.0005844008091673359,0.01091295452069189,0.011104533746072101
frozenlake8x8-H32-N192-D4-R1,frozenlake8x8-H32-N192-D4,frozenlake8x8,32,192,6912,1000000,4,1.0,q16-to-q1-f0.25,two_stage,188,183,6909,6714,192,187,6720,999512,4.75,4.688524590163935,0.050386619799920554,0.9964655548707235,121,0.010382742563366678,0.0005891243970280124,0.010578573017821499,0.0005844008091673359,0.010971866960394691,0.011162973826988835
frozenlake8x8-H32-N192-D4-R0,frozenlake8x8-H32-N192-D4,frozenlake8x8,32,192,6912,1000000,4,0.0,q16-to-q1-f0.5,two_stage,170,165,6885,6675,174,169,6720,999512,8.5,8.454545454545455,0.050386619799920554,0.9964655548707235,121,0.009731772566864107,0.001952589008293335,0.009942240758787569,0.0019531959546219935,0.009731772566864107,0.009942240758787569
frozenlake8x8-H32-N192-D4-R0.1,frozenlake8x8-H32-N192-D4,frozenlake8x8,32,192,6912,1000000,4,0.1,q16-to-q1-f0.5,two_stage,170,165,6885,6675,174,169,6720,999512,8.5,8.454545454545455,0.050386619799920554,0.9964655548707235,121,0.009731772566864107,0.001952589008293335,0.009942240758787569,0.0019531959546219935,0.00992703146769344,0.010137560354249769
frozenlake8x8-H32-N192-D4-R0.3,frozenlake8x8-H32-N192-D4,frozenlake8x8,32,192,6912,1000000,4,0.3,q16-to-q1-f0.5,two_stage,170,165,6885,6675,174,169,6720,999512,8.5,8.454545454545455,0.050386619799920554,0.9964655548707235,121,0.009731772566864107,0.001952589008293335,0.009942240758787569,0.0019531959546219935,0.010317549269352107,0.010528199545174166
frozenlake8x8-H32-N192-D4-R0.5,frozenlake8x8-H32-N192-D4,frozenlake8x8,32,192,6912,1000000,4,0.5,q16-to-q1-f0.5,two_stage,170,165,6885,6675,174,169,6720,999512,8.5,8.454545454545455,0.050386619799920554,0.9964655548707235,121,0.009731772566864107,0.001952589008293335,0.009942240758787569,0.0019531959546219935,0.010708067071010775,0.010918838736098566
frozenlake8x8-H32-N192-D4-R0.7,frozenlake8x8-H32-N192-D4,frozenlake8x8,32,192,6912,1000000,4,0.7,q16-to-q1-f0.5,two_stage,170,165,6885,6675,174,169,6720,999512,8.5,8.454545454545455,0.050386619799920554,0.9964655548707235,121,0.009731772566864107,0.001952589008293335,0.009942240758787569,0.0019531959546219935,0.011098584872669442,0.011309477927022964
frozenlake8x8-H32-N192-D4-R0.9,frozenlake8x8-H32-N192-D4,frozenlake8x8,32,192,6912,1000000,4,0.9,q16-to-q1-f0.5,two_stage,170,165,6885,6675,174,169,6720,999512,8.5,8.454545454545455,0.050386619799920554,0.9964655548707235,121,0.009731772566864107,0.001952589008293335,0.009942240758787569,0.0019531959546219935,0.011489102674328108,0.011700117117947363
frozenlake8x8-H32-N192-D4-R1,frozenlake8x8-H32-N192-D4,frozenlake8x8,32,192,6912,1000000,4,1.0,q16-to-q1-f0.5,two_stage,170,165,6885,6675,174,169,6720,999512,8.5,8.454545454545455,0.050386619799920554,0.9964655548707235,121,0.009731772566864107,0.001952589008293335,0.009942240758787569,0.0019531959546219935,0.011684361575157443,0.011895436713409563
frozenlake8x8-H32-N192-D4-R0,frozenlake8x8-H32-N192-D4,frozenlake8x8,32,192,6912,1000000,4,0.0,q16-to-q1-f0.75,two_stage,156,151,6903,6678,160,155,6720,999512,12.25,12.225165562913908,0.050386619799920554,0.9964655548707235,121,0.008521073561061687,0.0037684388168922364,0.008751901395656946,0.0037659606992474825,0.008521073561061687,0.008751901395656946
frozenlake8x8-H32-N192-D4-R0.1,frozenlake8x8-H32-N192-D4,frozenlake8x8,32,192,6912,1000000,4,0.1,q16-to-q1-f0.75,two_stage,156,151,6903,6678,160,155,6720,999512,12.25,12.225165562913908,0.050386619799920554,0.9964655548707235,121,0.008521073561061687,0.0037684388168922364,0.008751901395656946,0.0037659606992474825,0.00889791744275091,0.009128497465581694
frozenlake8x8-H32-N192-D4-R0.3,frozenlake8x8-H32-N192-D4,frozenlake8x8,32,192,6912,1000000,4,0.3,q16-to-q1-f0.75,two_stage,156,151,6903,6678,160,155,6720,999512,12.25,12.225165562913908,0.050386619799920554,0.9964655548707235,121,0.008521073561061687,0.0037684388168922364,0.008751901395656946,0.0037659606992474825,0.009651605206129357,0.00988168960543119
frozenlake8x8-H32-N192-D4-R0.5,frozenlake8x8-H32-N192-D4,frozenlake8x8,32,192,6912,1000000,4,0.5,q16-to-q1-f0.75,two_stage,156,151,6903,6678,160,155,6720,999512,12.25,12.225165562913908,0.050386619799920554,0.9964655548707235,121,0.008521073561061687,0.0037684388168922364,0.008751901395656946,0.0037659606992474825,0.010405292969507806,0.010634881745280687
frozenlake8x8-H32-N192-D4-R0.7,frozenlake8x8-H32-N192-D4,frozenlake8x8,32,192,6912,1000000,4,0.7,q16-to-q1-f0.75,two_stage,156,151,6903,6678,160,155,6720,999512,12.25,12.225165562913908,0.050386619799920554,0.9964655548707235,121,0.008521073561061687,0.0037684388168922364,0.008751901395656946,0.0037659606992474825,0.011158980732886252,0.011388073885130183
frozenlake8x8-H32-N192-D4-R0.9,frozenlake8x8-H32-N192-D4,frozenlake8x8,32,192,6912,1000000,4,0.9,q16-to-q1-f0.75,two_stage,156,151,6903,6678,160,155,6720,999512,12.25,12.225165562913908,0.050386619799920554,0.9964655548707235,121,0.008521073561061687,0.0037684388168922364,0.008751901395656946,0.0037659606992474825,0.0119126684962647,0.01214126602497968
frozenlake8x8-H32-N192-D4-R1,frozenlake8x8-H32-N192-D4,frozenlake8x8,32,192,6912,1000000,4,1.0,q16-to-q1-f0.75,two_stage,156,151,6903,6678,160,155,6720,999512,12.25,12.225165562913908,0.050386619799920554,0.9964655548707235,121,0.008521073561061687,0.0037684388168922364,0.008751901395656946,0.0037659606992474825,0.012289512377953924,0.01251786209490443
frozenlake8x8-H32-N192-D8-R0,frozenlake8x8-H32-N192-D8,frozenlake8x8,32,192,6912,1000000,8,0.0,fixed-q1,fixed,209,203,6897,6699,217,211,6720,999508,1.0,1.0,0.050386619799920554,0.9964136466884351,121,0.01036413644014171,0.0,0.010575522768857227,0.0,0.01036413644014171,0.010575522768857227
frozenlake8x8-H32-N192-D8-R0.1,frozenlake8x8-H32-N192-D8,frozenlake8x8,32,192,6912,1000000,8,0.1,fixed-q1,fixed,209,203,6897,6699,217,211,6720,999508,1.0,1.0,0.050386619799920554,0.9964136466884351,121,0.01036413644014171,0.0,0.010575522768857227,0.0,0.01036413644014171,0.010575522768857227
frozenlake8x8-H32-N192-D8-R0.3,frozenlake8x8-H32-N192-D8,frozenlake8x8,32,192,6912,1000000,8,0.3,fixed-q1,fixed,209,203,6897,6699,217,211,6720,999508,1.0,1.0,0.050386619799920554,0.9964136466884351,121,0.01036413644014171,0.0,0.010575522768857227,0.0,0.01036413644014171,0.010575522768857227
frozenlake8x8-H32-N192-D8-R0.5,frozenlake8x8-H32-N192-D8,frozenlake8x8,32,192,6912,1000000,8,0.5,fixed-q1,fixed,209,203,6897,6699,217,211,6720,999508,1.0,1.0,0.050386619799920554,0.9964136466884351,121,0.01036413644014171,0.0,0.010575522768857227,0.0,0.01036413644014171,0.010575522768857227
frozenlake8x8-H32-N192-D8-R0.7,frozenlake8x8-H32-N192-D8,frozenlake8x8,32,192,6912,1000000,8,0.7,fixed-q1,fixed,209,203,6897,6699,217,211,6720,999508,1.0,1.0,0.050386619799920554,0.9964136466884351,121,0.01036413644014171,0.0,0.010575522768857227,0.0,0.01036413644014171,0.010575522768857227
frozenlake8x8-H32-N192-D8-R0.9,frozenlake8x8-H32-N192-D8,frozenlake8x8,32,192,6912,1000000,8,0.9,fixed-q1,fixed,209,203,6897,6699,217,211,6720,999508,1.0,1.0,0.050386619799920554,0.9964136466884351,121,0.01036413644014171,0.0,0.010575522768857227,0.0,0.01036413644014171,0.010575522768857227
frozenlake8x8-H32-N192-D8-R1,frozenlake8x8-H32-N192-D8,frozenlake8x8,32,192,6912,1000000,8,1.0,fixed-q1,fixed,209,203,6897,6699,217,211,6720,999508,1.0,1.0,0.050386619799920554,0.9964136466884351,121,0.01036413644014171,0.0,0.010575522768857227,0.0,0.01036413644014171,0.010575522768857227
frozenlake8x8-H32-N192-D8-R0,frozenlake8x8-H32-N192-D8,frozenlake8x8,32,192,6912,1000000,8,0.0,fixed-q4,fixed,192,186,6912,6696,200,194,6720,999508,4.0,4.0,0.050386619799920554,0.9964136466884351,121,0.007454069702203682,0.0035287601959242743,0.007669612438942723,0.0035453347718727526,0.007454069702203682,0.007669612438942723
frozenlake8x8-H32-N192-D8-R0.1,frozenlake8x8-H32-N192-D8,frozenlake8x8,32,192,6912,1000000,8,0.1,fixed-q4,fixed,192,186,6912,6696,200,194,6720,999508,4.0,4.0,0.050386619799920554,0.9964136466884351,121,0.007454069702203682,0.0035287601959242743,0.007669612438942723,0.0035453347718727526,0.00780694572179611,0.008024145916129998
frozenlake8x8-H32-N192-D8-R0.3,frozenlake8x8-H32-N192-D8,frozenlake8x8,32,192,6912,1000000,8,0.3,fixed-q4,fixed,192,186,6912,6696,200,194,6720,999508,4.0,4.0,0.050386619799920554,0.9964136466884351,121,0.007454069702203682,0.0035287601959242743,0.007669612438942723,0.0035453347718727526,0.008512697760980965,0.008733212870504548
frozenlake8x8-H32-N192-D8-R0.5,frozenlake8x8-H32-N192-D8,frozenlake8x8,32,192,6912,1000000,8,0.5,fixed-q4,fixed,192,186,6912,6696,200,194,6720,999508,4.0,4.0,0.050386619799920554,0.9964136466884351,121,0.007454069702203682,0.0035287601959242743,0.007669612438942723,0.0035453347718727526,0.009218449800165819,0.009442279824879099
frozenlake8x8-H32-N192-D8-R0.7,frozenlake8x8-H32-N192-D8,frozenlake8x8,32,192,6912,1000000,8,0.7,fixed-q4,fixed,192,186,6912,6696,200,194,6720,999508,4.0,4.0,0.050386619799920554,0.9964136466884351,121,0.007454069702203682,0.0035287601959242743,0.007669612438942723,0.0035453347718727526,0.009924201839350675,0.01015134677925365
frozenlake8x8-H32-N192-D8-R0.9,frozenlake8x8-H32-N192-D8,frozenlake8x8,32,192,6912,1000000,8,0.9,fixed-q4,fixed,192,186,6912,6696,200,194,6720,999508,4.0,4.0,0.050386619799920554,0.9964136466884351,121,0.007454069702203682,0.0035287601959242743,0.007669612438942723,0.0035453347718727526,0.01062995387853553,0.0108604137336282
frozenlake8x8-H32-N192-D8-R1,frozenlake8x8-H32-N192-D8,frozenlake8x8,32,192,6912,1000000,8,1.0,fixed-q4,fixed,192,186,6912,6696,200,194,6720,999508,4.0,4.0,0.050386619799920554,0.9964136466884351,121,0.007454069702203682,0.0035287601959242743,0.007669612438942723,0.0035453347718727526,0.010982829898127957,0.011214947210815476
frozenlake8x8-H32-N192-D8-R0,frozenlake8x8-H32-N192-D8,frozenlake8x8,32,192,6912,1000000,8,0.0,fixed-q16,fixed,144,140,6912,6720,152,148,6720,999508,16.0,16.0,0.050386619799920554,0.9964136466884351,121,0.008512650754070686,0.004568682231827135,0.008703527248169847,0.004580478685798207,0.008512650754070686,0.008703527248169847
frozenlake8x8-H32-N192-D8-R0.1,frozenlake8x8-H32-N192-D8,frozenlake8x8,32,192,6912,1000000,8,0.1,fixed-q16,fixed,144,140,6912,6720,152,148,6720,999508,16.0,16.0,0.050386619799920554,0.9964136466884351,121,0.008512650754070686,0.004568682231827135,0.008703527248169847,0.004580478685798207,0.008969518977253399,0.009161575116749667
frozenlake8x8-H32-N192-D8-R0.3,frozenlake8x8-H32-N192-D8,frozenlake8x8,32,192,6912,1000000,8,0.3,fixed-q16,fixed,144,140,6912,6720,152,148,6720,999508,16.0,16.0,0.050386619799920554,0.9964136466884351,121,0.008512650754070686,0.004568682231827135,0.008703527248169847,0.004580478685798207,0.009883255423618826,0.010077670853909308
frozenlake8x8-H32-N192-D8-R0.5,frozenlake8x8-H32-N192-D8,frozenlake8x8,32,192,6912,1000000,8,0.5,fixed-q16,fixed,144,140,6912,6720,152,148,6720,999508,16.0,16.0,0.050386619799920554,0.9964136466884351,121,0.008512650754070686,0.004568682231827135,0.008703527248169847,0.004580478685798207,0.010796991869984254,0.01099376659106895
frozenlake8x8-H32-N192-D8-R0.7,frozenlake8x8-H32-N192-D8,frozenlake8x8,32,192,6912,1000000,8,0.7,fixed-q16,fixed,144,140,6912,6720,152,148,6720,999508,16.0,16.0,0.050386619799920554,0.9964136466884351,121,0.008512650754070686,0.004568682231827135,0.008703527248169847,0.004580478685798207,0.011710728316349681,0.01190986232822859
frozenlake8x8-H32-N192-D8-R0.9,frozenlake8x8-H32-N192-D8,frozenlake8x8,32,192,6912,1000000,8,0.9,fixed-q16,fixed,144,140,6912,6720,152,148,6720,999508,16.0,16.0,0.050386619799920554,0.9964136466884351,121,0.008512650754070686,0.004568682231827135,0.008703527248169847,0.004580478685798207,0.012624464762715108,0.012825958065388233
frozenlake8x8-H32-N192-D8-R1,frozenlake8x8-H32-N192-D8,frozenlake8x8,32,192,6912,1000000,8,1.0,fixed-q16,fixed,144,140,6912,6720,152,148,6720,999508,16.0,16.0,0.050386619799920554,0.9964136466884351,121,0.008512650754070686,0.004568682231827135,0.008703527248169847,0.004580478685798207,0.013081332985897821,0.013284005933968054
frozenlake8x8-H32-N192-D8-R0,frozenlake8x8-H32-N192-D8,frozenlake8x8,32,192,6912,1000000,8,0.0,q1-to-q16-f0.25,two_stage,156,151,6903,6693,164,159,6720,999508,12.25,12.324503311258278,0.050386619799920554,0.9964136466884351,121,0.008629682038053515,0.0038715067591017474,0.008858875104656912,0.0038776199496666176,0.008629682038053515,0.008858875104656912
frozenlake8x8-H32-N192-D8-R0.1,frozenlake8x8-H32-N192-D8,frozenlake8x8,32,192,6912,1000000,8,0.1,q1-to-q16-f0.25,two_stage,156,151,6903,6693,164,159,6720,999508,12.25,12.324503311258278,0.050386619799920554,0.9964136466884351,121,0.008629682038053515,0.0038715067591017474,0.008858875104656912,0.0038776199496666176,0.00901683271396369,0.009246637099623574
frozenlake8x8-H32-N192-D8-R0.3,frozenlake8x8-H32-N192-D8,frozenlake8x8,32,192,6912,1000000,8,0.3,q1-to-q16-f0.25,two_stage,156,151,6903,6693,164,159,6720,999508,12.25,12.324503311258278,0.050386619799920554,0.9964136466884351,121,0.008629682038053515,0.0038715067591017474,0.008858875104656912,0.0038776199496666176,0.00979113406578404,0.010022161089556897
frozenlake8x8-H32-N192-D8-R0.5,frozenlake8x8-H32-N192-D8,frozenlake8x8,32,192,6912,1000000,8,0.5,q1-to-q16-f0.25,two_stage,156,151,6903,6693,164,159,6720,999508,12.25,12.324503311258278,0.050386619799920554,0.9964136466884351,121,0.008629682038053515,0.0038715067591017474,0.008858875104656912,0.0038776199496666176,0.010565435417604388,0.010797685079490221
frozenlake8x8-H32-N192-D8-R0.7,frozenlake8x8-H32-N192-D8,frozenlake8x8,32,192,6912,1000000,8,0.7,q1-to-q16-f0.25,two_stage,156,151,6903,6693,164,159,6720,999508,12.25,12.324503311258278,0.050386619799920554,0.9964136466884351,121,0.008629682038053515,0.0038715067591017474,0.008858875104656912,0.0038776199496666176,0.011339736769424739,0.011573209069423544
frozenlake8x8-H32-N192-D8-R0.9,frozenlake8x8-H32-N192-D8,frozenlake8x8,32,192,6912,1000000,8,0.9,q1-to-q16-f0.25,two_stage,156,151,6903,6693,164,159,6720,999508,12.25,12.324503311258278,0.050386619799920554,0.9964136466884351,121,0.008629682038053515,0.0038715067591017474,0.008858875104656912,0.0038776199496666176,0.012114038121245087,0.012348733059356867
frozenlake8x8-H32-N192-D8-R1,frozenlake8x8-H32-N192-D8,frozenlake8x8,32,192,6912,1000000,8,1.0,q1-to-q16-f0.25,two_stage,156,151,6903,6693,164,159,6720,999508,12.25,12.324503311258278,0.050386619799920554,0.9964136466884351,121,0.008629682038053515,0.0038715067591017474,0.008858875104656912,0.0038776199496666176,0.012501188797155262,0.012736495054323529
frozenlake8x8-H32-N192-D8-R0,frozenlake8x8-H32-N192-D8,frozenlake8x8,32,192,6912,1000000,8,0.0,q1-to-q16-f0.5,two_stage,170,165,6885,6690,178,173,6720,999508,8.5,8.545454545454545,0.050386619799920554,0.9964136466884351,121,0.009431441385911862,0.0024420908239112847,0.009649775736054815,0.002440790745085894,0.009431441385911862,0.009649775736054815
frozenlake8x8-H32-N192-D8-R0.1,frozenlake8x8-H32-N192-D8,frozenlake8x8,32,192,6912,1000000,8,0.1,q1-to-q16-f0.5,two_stage,170,165,6885,6690,178,173,6720,999508,8.5,8.545454545454545,0.050386619799920554,0.9964136466884351,121,0.009431441385911862,0.0024420908239112847,0.009649775736054815,0.002440790745085894,0.009675650468302991,0.009893854810563405
frozenlake8x8-H32-N192-D8-R0.3,frozenlake8x8-H32-N192-D8,frozenlake8x8,32,192,6912,1000000,8,0.3,q1-to-q16-f0.5,two_stage,170,165,6885,6690,178,173,6720,999508,8.5,8.545454545454545,0.050386619799920554,0.9964136466884351,121,0.009431441385911862,0.0024420908239112847,0.009649775736054815,0.002440790745085894,0.010164068633085247,0.010382012959580583
frozenlake8x8-H32-N192-D8-R0.5,frozenlake8x8-H32-N192-D8,frozenlake8x8,32,192,6912,1000000,8,0.5,q1-to-q16-f0.5,two_stage,170,165,6885,6690,178,173,6720,999508,8.5,8.545454545454545,0.050386619799920554,0.9964136466884351,121,0.009431441385911862,0.0024420908239112847,0.009649775736054815,0.002440790745085894,0.010652486797867504,0.010870171108597762
frozenlake8x8-H32-N192-D8-R0.7,frozenlake8x8-H32-N192-D8,frozenlake8x8,32,192,6912,1000000,8,0.7,q1-to-q16-f0.5,two_stage,170,165,6885,6690,178,173,6720,999508,8.5,8.545454545454545,0.050386619799920554,0.9964136466884351,121,0.009431441385911862,0.0024420908239112847,0.009649775736054815,0.002440790745085894,0.011140904962649762,0.01135832925761494
frozenlake8x8-H32-N192-D8-R0.9,frozenlake8x8-H32-N192-D8,frozenlake8x8,32,192,6912,1000000,8,0.9,q1-to-q16-f0.5,two_stage,170,165,6885,6690,178,173,6720,999508,8.5,8.545454545454545,0.050386619799920554,0.9964136466884351,121,0.009431441385911862,0.0024420908239112847,0.009649775736054815,0.002440790745085894,0.011629323127432019,0.01184648740663212
frozenlake8x8-H32-N192-D8-R1,frozenlake8x8-H32-N192-D8,frozenlake8x8,32,192,6912,1000000,8,1.0,q1-to-q16-f0.5,two_stage,170,165,6885,6690,178,173,6720,999508,8.5,8.545454545454545,0.050386619799920554,0.9964136466884351,121,0.009431441385911862,0.0024420908239112847,0.009649775736054815,0.002440790745085894,0.011873532209823148,0.01209056648114071
frozenlake8x8-H32-N192-D8-R0,frozenlake8x8-H32-N192-D8,frozenlake8x8,32,192,6912,1000000,8,0.0,q1-to-q16-f0.75,two_stage,188,182,6909,6696,196,190,6720,999508,4.75,4.791208791208791,0.050386619799920554,0.9964136466884351,121,0.010565378868103223,0.0005713326566525854,0.010792808598476132,0.0005812597043158597,0.010565378868103223,0.010792808598476132
frozenlake8x8-H32-N192-D8-R0.1,frozenlake8x8-H32-N192-D8,frozenlake8x8,32,192,6912,1000000,8,0.1,q1-to-q16-f0.75,two_stage,188,182,6909,6696,196,190,6720,999508,4.75,4.791208791208791,0.050386619799920554,0.9964136466884351,121,0.010565378868103223,0.0005713326566525854,0.010792808598476132,0.0005812597043158597,0.010622512133768481,0.010850934568907719
frozenlake8x8-H32-N192-D8-R0.3,frozenlake8x8-H32-N192-D8,frozenlake8x8,32,192,6912,1000000,8,0.3,q1-to-q16-f0.75,two_stage,188,182,6909,6696,196,190,6720,999508,4.75,4.791208791208791,0.050386619799920554,0.9964136466884351,121,0.010565378868103223,0.0005713326566525854,0.010792808598476132,0.0005812597043158597,0.010736778665098999,0.01096718650977089
frozenlake8x8-H32-N192-D8-R0.5,frozenlake8x8-H32-N192-D8,frozenlake8x8,32,192,6912,1000000,8,0.5,q1-to-q16-f0.75,two_stage,188,182,6909,6696,196,190,6720,999508,4.75,4.791208791208791,0.050386619799920554,0.9964136466884351,121,0.010565378868103223,0.0005713326566525854,0.010792808598476132,0.0005812597043158597,0.010851045196429515,0.011083438450634062
frozenlake8x8-H32-N192-D8-R0.7,frozenlake8x8-H32-N192-D8,frozenlake8x8,32,192,6912,1000000,8,0.7,q1-to-q16-f0.75,two_stage,188,182,6909,6696,196,190,6720,999508,4.75,4.791208791208791,0.050386619799920554,0.9964136466884351,121,0.010565378868103223,0.0005713326566525854,0.010792808598476132,0.0005812597043158597,0.010965311727760033,0.011199690391497234
frozenlake8x8-H32-N192-D8-R0.9,frozenlake8x8-H32-N192-D8,frozenlake8x8,32,192,6912,1000000,8,0.9,q1-to-q16-f0.75,two_stage,188,182,6909,6696,196,190,6720,999508,4.75,4.791208791208791,0.050386619799920554,0.9964136466884351,121,0.010565378868103223,0.0005713326566525854,0.010792808598476132,0.0005812597043158597,0.01107957825909055,0.011315942332360406
frozenlake8x8-H32-N192-D8-R1,frozenlake8x8-H32-N192-D8,frozenlake8x8,32,192,6912,1000000,8,1.0,q1-to-q16-f0.75,two_stage,188,182,6909,6696,196,190,6720,999508,4.75,4.791208791208791,0.050386619799920554,0.9964136466884351,121,0.010565378868103223,0.0005713326566525854,0.010792808598476132,0.0005812597043158597,0.011136711524755809,0.011374068302791992
frozenlake8x8-H32-N192-D8-R0,frozenlake8x8-H32-N192-D8,frozenlake8x8,32,192,6912,1000000,8,0.0,q16-to-q1-f0.25,two_stage,188,183,6909,6714,196,191,6720,999508,4.75,4.688524590163935,0.050386619799920554,0.9964136466884351,121,0.010537401755988345,0.0005993097687674656,0.010738100015573798,0.0005945796792450699,0.010537401755988345,0.010738100015573798
frozenlake8x8-H32-N192-D8-R0.1,frozenlake8x8-H32-N192-D8,frozenlake8x8,32,192,6912,1000000,8,0.1,q16-to-q1-f0.25,two_stage,188,183,6909,6714,196,191,6720,999508,4.75,4.688524590163935,0.050386619799920554,0.9964136466884351,121,0.010537401755988345,0.0005993097687674656,0.010738100015573798,0.0005945796792450699,0.01059733273286509,0.010797557983498305
frozenlake8x8-H32-N192-D8-R0.3,frozenlake8x8-H32-N192-D8,frozenlake8x8,32,192,6912,1000000,8,0.3,q16-to-q1-f0.25,two_stage,188,183,6909,6714,196,191,6720,999508,4.75,4.688524590163935,0.050386619799920554,0.9964136466884351,121,0.010537401755988345,0.0005993097687674656,0.010738100015573798,0.0005945796792450699,0.010717194686618584,0.010916473919347318
frozenlake8x8-H32-N192-D8-R0.5,frozenlake8x8-H32-N192-D8,frozenlake8x8,32,192,6912,1000000,8,0.5,q16-to-q1-f0.25,two_stage,188,183,6909,6714,196,191,6720,999508,4.75,4.688524590163935,0.050386619799920554,0.9964136466884351,121,0.010537401755988345,0.0005993097687674656,0.010738100015573798,0.0005945796792450699,0.010837056640372078,0.011035389855196334
frozenlake8x8-H32-N192-D8-R0.7,frozenlake8x8-H32-N192-D8,frozenlake8x8,32,192,6912,1000000,8,0.7,q16-to-q1-f0.25,two_stage,188,183,6909,6714,196,191,6720,999508,4.75,4.688524590163935,0.050386619799920554,0.9964136466884351,121,0.010537401755988345,0.0005993097687674656,0.010738100015573798,0.0005945796792450699,0.010956918594125571,0.011154305791045347
frozenlake8x8-H32-N192-D8-R0.9,frozenlake8x8-H32-N192-D8,frozenlake8x8,32,192,6912,1000000,8,0.9,q16-to-q1-f0.25,two_stage,188,183,6909,6714,196,191,6720,999508,4.75,4.688524590163935,0.050386619799920554,0.9964136466884351,121,0.010537401755988345,0.0005993097687674656,0.010738100015573798,0.0005945796792450699,0.011076780547879065,0.01127322172689436
frozenlake8x8-H32-N192-D8-R1,frozenlake8x8-H32-N192-D8,frozenlake8x8,32,192,6912,1000000,8,1.0,q16-to-q1-f0.25,two_stage,188,183,6909,6714,196,191,6720,999508,4.75,4.688524590163935,0.050386619799920554,0.9964136466884351,121,0.010537401755988345,0.0005993097687674656,0.010738100015573798,0.0005945796792450699,0.01113671152475581,0.011332679694818867
frozenlake8x8-H32-N192-D8-R0,frozenlake8x8-H32-N192-D8,frozenlake8x8,32,192,6912,1000000,8,0.0,q16-to-q1-f0.5,two_stage,170,165,6885,6675,178,173,6720,999508,8.5,8.454545454545455,0.050386619799920554,0.9964136466884351,121,0.009860745964449235,0.0020127862453739108,0.010075316572775312,0.0020152499083653875,0.009860745964449235,0.010075316572775312
frozenlake8x8-H32-N192-D8-R0.1,frozenlake8x8-H32-N192-D8,frozenlake8x8,32,192,6912,1000000,8,0.1,q16-to-q1-f0.5,two_stage,170,165,6885,6675,178,173,6720,999508,8.5,8.454545454545455,0.050386619799920554,0.9964136466884351,121,0.009860745964449235,0.0020127862453739108,0.010075316572775312,0.0020152499083653875,0.010062024588986626,0.010276841563611852
frozenlake8x8-H32-N192-D8-R0.3,frozenlake8x8-H32-N192-D8,frozenlake8x8,32,192,6912,1000000,8,0.3,q16-to-q1-f0.5,two_stage,170,165,6885,6675,178,173,6720,999508,8.5,8.454545454545455,0.050386619799920554,0.9964136466884351,121,0.009860745964449235,0.0020127862453739108,0.010075316572775312,0.0020152499083653875,0.010464581838061407,0.010679891545284929
frozenlake8x8-H32-N192-D8-R0.5,frozenlake8x8-H32-N192-D8,frozenlake8x8,32,192,6912,1000000,8,0.5,q16-to-q1-f0.5,two_stage,170,165,6885,6675,178,173,6720,999508,8.5,8.454545454545455,0.050386619799920554,0.9964136466884351,121,0.009860745964449235,0.0020127862453739108,0.010075316572775312,0.0020152499083653875,0.01086713908713619,0.011082941526958006
frozenlake8x8-H32-N192-D8-R0.7,frozenlake8x8-H32-N192-D8,frozenlake8x8,32,192,6912,1000000,8,0.7,q16-to-q1-f0.5,two_stage,170,165,6885,6675,178,173,6720,999508,8.5,8.454545454545455,0.050386619799920554,0.9964136466884351,121,0.009860745964449235,0.0020127862453739108,0.010075316572775312,0.0020152499083653875,0.011269696336210971,0.011485991508631083
frozenlake8x8-H32-N192-D8-R0.9,frozenlake8x8-H32-N192-D8,frozenlake8x8,32,192,6912,1000000,8,0.9,q16-to-q1-f0.5,two_stage,170,165,6885,6675,178,173,6720,999508,8.5,8.454545454545455,0.050386619799920554,0.9964136466884351,121,0.009860745964449235,0.0020127862453739108,0.010075316572775312,0.0020152499083653875,0.011672253585285754,0.011889041490304161
frozenlake8x8-H32-N192-D8-R1,frozenlake8x8-H32-N192-D8,frozenlake8x8,32,192,6912,1000000,8,1.0,q16-to-q1-f0.5,two_stage,170,165,6885,6675,178,173,6720,999508,8.5,8.454545454545455,0.050386619799920554,0.9964136466884351,121,0.009860745964449235,0.0020127862453739108,0.010075316572775312,0.0020152499083653875,0.011873532209823146,0.0120905664811407
frozenlake8x8-H32-N192-D8-R0,frozenlake8x8-H32-N192-D8,frozenlake8x8,32,192,6912,1000000,8,0.0,q16-to-q1-f0.75,two_stage,156,151,6903,6678,164,159,6720,999508,12.25,12.225165562913908,0.050386619799920554,0.9964136466884351,121,0.008533012566837923,0.003968176230317349,0.008764903621417873,0.003971591432905658,0.008533012566837923,0.008764903621417873
frozenlake8x8-H32-N192-D8-R0.1,frozenlake8x8-H32-N192-D8,frozenlake8x8,32,192,6912,1000000,8,0.1,q16-to-q1-f0.75,two_stage,156,151,6903,6678,164,159,6720,999508,12.25,12.225165562913908,0.050386619799920554,0.9964136466884351,121,0.008533012566837923,0.003968176230317349,0.008764903621417873,0.003971591432905658,0.008929830189869658,0.00916206276470844
frozenlake8x8-H32-N192-D8-R0.3,frozenlake8x8-H32-N192-D8,frozenlake8x8,32,192,6912,1000000,8,0.3,q16-to-q1-f0.75,two_stage,156,151,6903,6678,164,159,6720,999508,12.25,12.225165562913908,0.050386619799920554,0.9964136466884351,121,0.008533012566837923,0.003968176230317349,0.008764903621417873,0.003971591432905658,0.009723465435933129,0.00995638105128957
frozenlake8x8-H32-N192-D8-R0.5,frozenlake8x8-H32-N192-D8,frozenlake8x8,32,192,6912,1000000,8,0.5,q16-to-q1-f0.75,two_stage,156,151,6903,6678,164,159,6720,999508,12.25,12.225165562913908,0.050386619799920554,0.9964136466884351,121,0.008533012566837923,0.003968176230317349,0.008764903621417873,0.003971591432905658,0.010517100681996598,0.010750699337870703
frozenlake8x8-H32-N192-D8-R0.7,frozenlake8x8-H32-N192-D8,frozenlake8x8,32,192,6912,1000000,8,0.7,q16-to-q1-f0.75,two_stage,156,151,6903,6678,164,159,6720,999508,12.25,12.225165562913908,0.050386619799920554,0.9964136466884351,121,0.008533012566837923,0.003968176230317349,0.008764903621417873,0.003971591432905658,0.011310735928060067,0.011545017624451833
frozenlake8x8-H32-N192-D8-R0.9,frozenlake8x8-H32-N192-D8,frozenlake8x8,32,192,6912,1000000,8,0.9,q16-to-q1-f0.75,two_stage,156,151,6903,6678,164,159,6720,999508,12.25,12.225165562913908,0.050386619799920554,0.9964136466884351,121,0.008533012566837923,0.003968176230317349,0.008764903621417873,0.003971591432905658,0.012104371174123538,0.012339335911032966
frozenlake8x8-H32-N192-D8-R1,frozenlake8x8-H32-N192-D8,frozenlake8x8,32,192,6912,1000000,8,1.0,q16-to-q1-f0.75,two_stage,156,151,6903,6678,164,159,6720,999508,12.25,12.225165562913908,0.050386619799920554,0.9964136466884351,121,0.008533012566837923,0.003968176230317349,0.008764903621417873,0.003971591432905658,0.012501188797155272,0.012736495054323532
cliffwalking-H8-N96-D0-R0,cliffwalking-H8-N96-D0,cliffwalking,8,96,1152,1000000,0,0.0,fixed-q1,fixed,128,117,1152,1053,128,117,1056,999136,1.0,1.0,0.026783627392693143,0.9965908947945217,216,460.2351225435732,0.0,477.22964000223516,0.0,460.2351225435732,477.22964000223516
cliffwalking-H8-N96-D0-R0.1,cliffwalking-H8-N96-D0,cliffwalking,8,96,1152,1000000,0,0.1,fixed-q1,fixed,128,117,1152,1053,128,117,1056,999136,1.0,1.0,0.026783627392693143,0.9965908947945217,216,460.2351225435732,0.0,477.22964000223516,0.0,460.2351225435732,477.22964000223516
cliffwalking-H8-N96-D0-R0.3,cliffwalking-H8-N96-D0,cliffwalking,8,96,1152,1000000,0,0.3,fixed-q1,fixed,128,117,1152,1053,128,117,1056,999136,1.0,1.0,0.026783627392693143,0.9965908947945217,216,460.2351225435732,0.0,477.22964000223516,0.0,460.2351225435732,477.22964000223516
cliffwalking-H8-N96-D0-R0.5,cliffwalking-H8-N96-D0,cliffwalking,8,96,1152,1000000,0,0.5,fixed-q1,fixed,128,117,1152,1053,128,117,1056,999136,1.0,1.0,0.026783627392693143,0.9965908947945217,216,460.2351225435732,0.0,477.22964000223516,0.0,460.2351225435732,477.22964000223516
cliffwalking-H8-N96-D0-R0.7,cliffwalking-H8-N96-D0,cliffwalking,8,96,1152,1000000,0,0.7,fixed-q1,fixed,128,117,1152,1053,128,117,1056,999136,1.0,1.0,0.026783627392693143,0.9965908947945217,216,460.2351225435732,0.0,477.22964000223516,0.0,460.2351225435732,477.22964000223516
cliffwalking-H8-N96-D0-R0.9,cliffwalking-H8-N96-D0,cliffwalking,8,96,1152,1000000,0,0.9,fixed-q1,fixed,128,117,1152,1053,128,117,1056,999136,1.0,1.0,0.026783627392693143,0.9965908947945217,216,460.2351225435732,0.0,477.22964000223516,0.0,460.2351225435732,477.22964000223516
cliffwalking-H8-N96-D0-R1,cliffwalking-H8-N96-D0,cliffwalking,8,96,1152,1000000,0,1.0,fixed-q1,fixed,128,117,1152,1053,128,117,1056,999136,1.0,1.0,0.026783627392693143,0.9965908947945217,216,460.2351225435732,0.0,477.22964000223516,0.0,460.2351225435732,477.22964000223516
cliffwalking-H8-N96-D0-R0,cliffwalking-H8-N96-D0,cliffwalking,8,96,1152,1000000,0,0.0,fixed-q4,fixed,96,88,1152,1056,96,88,1056,999136,4.0,4.0,0.026783627392693143,0.9965908947945217,216,410.9425384070908,98.84590549859571,424.7917745632111,97.30262863010664,410.9425384070908,424.7917745632111
cliffwalking-H8-N96-D0-R0.1,cliffwalking-H8-N96-D0,cliffwalking,8,96,1152,1000000,0,0.1,fixed-q4,fixed,96,88,1152,1056,96,88,1056,999136,4.0,4.0,0.026783627392693143,0.9965908947945217,216,410.9425384070908,98.84590549859571,424.7917745632111,97.30262863010664,420.8271289569504,434.5220374262218
cliffwalking-H8-N96-D0-R0.3,cliffwalking-H8-N96-D0,cliffwalking,8,96,1152,1000000,0,0.3,fixed-q4,fixed,96,88,1152,1056,96,88,1056,999136,4.0,4.0,0.026783627392693143,0.9965908947945217,216,410.9425384070908,98.84590549859571,424.7917745632111,97.30262863010664,440.5963100566695,453.9825631522431
cliffwalking-H8-N96-D0-R0.5,cliffwalking-H8-N96-D0,cliffwalking,8,96,1152,1000000,0,0.5,fixed-q4,fixed,96,88,1152,1056,96,88,1056,999136,4.0,4.0,0.026783627392693143,0.9965908947945217,216,410.9425384070908,98.84590549859571,424.7917745632111,97.30262863010664,460.36549115638866,473.4430888782644
cliffwalking-H8-N96-D0-R0.7,cliffwalking-H8-N96-D0,cliffwalking,8,96,1152,1000000,0,0.7,fixed-q4,fixed,96,88,1152,1056,96,88,1056,999136,4.0,4.0,0.026783627392693143,0.9965908947945217,216,410.9425384070908,98.84590549859571,424.7917745632111,97.30262863010664,480.1346722561078,492.90361460428574
cliffwalking-H8-N96-D0-R0.9,cliffwalking-H8-N96-D0,cliffwalking,8,96,1152,1000000,0,0.9,fixed-q4,fixed,96,88,1152,1056,96,88,1056,999136,4.0,4.0,0.026783627392693143,0.9965908947945217,216,410.9425384070908,98.84590549859571,424.7917745632111,97.30262863010664,499.903853355827,512.3641403303071
cliffwalking-H8-N96-D0-R1,cliffwalking-H8-N96-D0,cliffwalking,8,96,1152,1000000,0,1.0,fixed-q4,fixed,96,88,1152,1056,96,88,1056,999136,4.0,4.0,0.026783627392693143,0.9965908947945217,216,410.9425384070908,98.84590549859571,424.7917745632111,97.30262863010664,509.7884439056865,522.0944031933177
cliffwalking-H8-N96-D0-R0,cliffwalking-H8-N96-D0,cliffwalking,8,96,1152,1000000,0,0.0,fixed-q16,fixed,48,44,1152,1056,48,44,1056,999136,16.0,16.0,0.026783627392693143,0.9965908947945217,216,478.0470708107312,98.76510178498042,486.3888760576949,94.62420636697308,478.0470708107312,486.3888760576949
cliffwalking-H8-N96-D0-R0.1,cliffwalking-H8-N96-D0,cliffwalking,8,96,1152,1000000,0,0.1,fixed-q16,fixed,48,44,1152,1056,48,44,1056,999136,16.0,16.0,0.026783627392693143,0.9965908947945217,216,478.0470708107312,98.76510178498042,486.3888760576949,94.62420636697308,487.92358098922927,495.8512966943922
cliffwalking-H8-N96-D0-R0.3,cliffwalking-H8-N96-D0,cliffwalking,8,96,1152,1000000,0,0.3,fixed-q16,fixed,48,44,1152,1056,48,44,1056,999136,16.0,16.0,0.026783627392693143,0.9965908947945217,216,478.0470708107312,98.76510178498042,486.3888760576949,94.62420636697308,507.6766013462253,514.7761379677869
cliffwalking-H8-N96-D0-R0.5,cliffwalking-H8-N96-D0,cliffwalking,8,96,1152,1000000,0,0.5,fixed-q16,fixed,48,44,1152,1056,48,44,1056,999136,16.0,16.0,0.026783627392693143,0.9965908947945217,216,478.0470708107312,98.76510178498042,486.3888760576949,94.62420636697308,527.4296217032214,533.7009792411815
cliffwalking-H8-N96-D0-R0.7,cliffwalking-H8-N96-D0,cliffwalking,8,96,1152,1000000,0,0.7,fixed-q16,fixed,48,44,1152,1056,48,44,1056,999136,16.0,16.0,0.026783627392693143,0.9965908947945217,216,478.0470708107312,98.76510178498042,486.3888760576949,94.62420636697308,547.1826420602175,552.625820514576
cliffwalking-H8-N96-D0-R0.9,cliffwalking-H8-N96-D0,cliffwalking,8,96,1152,1000000,0,0.9,fixed-q16,fixed,48,44,1152,1056,48,44,1056,999136,16.0,16.0,0.026783627392693143,0.9965908947945217,216,478.0470708107312,98.76510178498042,486.3888760576949,94.62420636697308,566.9356624172136,571.5506617879707
cliffwalking-H8-N96-D0-R1,cliffwalking-H8-N96-D0,cliffwalking,8,96,1152,1000000,0,1.0,fixed-q16,fixed,48,44,1152,1056,48,44,1056,999136,16.0,16.0,0.026783627392693143,0.9965908947945217,216,478.0470708107312,98.76510178498042,486.3888760576949,94.62420636697308,576.8121725957117,581.013082424668
cliffwalking-H8-N96-D0-R0,cliffwalking-H8-N96-D0,cliffwalking,8,96,1152,1000000,0,0.0,q1-to-q16-f0.25,two_stage,56,52,1134,1053,56,52,1056,999136,12.25,12.25,0.026783627392693143,0.9965908947945217,216,488.3082309646709,79.13251403781094,496.24947098351976,76.02428085186719,488.3082309646709,496.24947098351976
cliffwalking-H8-N96-D0-R0.1,cliffwalking-H8-N96-D0,cliffwalking,8,96,1152,1000000,0,0.1,q1-to-q16-f0.25,two_stage,56,52,1134,1053,56,52,1056,999136,12.25,12.25,0.026783627392693143,0.9965908947945217,216,488.3082309646709,79.13251403781094,496.24947098351976,76.02428085186719,496.221482368452,503.8518990687065
cliffwalking-H8-N96-D0-R0.3,cliffwalking-H8-N96-D0,cliffwalking,8,96,1152,1000000,0,0.3,q1-to-q16-f0.25,two_stage,56,52,1134,1053,56,52,1056,999136,12.25,12.25,0.026783627392693143,0.9965908947945217,216,488.3082309646709,79.13251403781094,496.24947098351976,76.02428085186719,512.0479851760142,519.05675523908
cliffwalking-H8-N96-D0-R0.5,cliffwalking-H8-N96-D0,cliffwalking,8,96,1152,1000000,0,0.5,q1-to-q16-f0.25,two_stage,56,52,1134,1053,56,52,1056,999136,12.25,12.25,0.026783627392693143,0.9965908947945217,216,488.3082309646709,79.13251403781094,496.24947098351976,76.02428085186719,527.8744879835764,534.2616114094534
cliffwalking-H8-N96-D0-R0.7,cliffwalking-H8-N96-D0,cliffwalking,8,96,1152,1000000,0,0.7,q1-to-q16-f0.25,two_stage,56,52,1134,1053,56,52,1056,999136,12.25,12.25,0.026783627392693143,0.9965908947945217,216,488.3082309646709,79.13251403781094,496.24947098351976,76.02428085186719,543.7009907911386,549.4664675798268
cliffwalking-H8-N96-D0-R0.9,cliffwalking-H8-N96-D0,cliffwalking,8,96,1152,1000000,0,0.9,q1-to-q16-f0.25,two_stage,56,52,1134,1053,56,52,1056,999136,12.25,12.25,0.026783627392693143,0.9965908947945217,216,488.3082309646709,79.13251403781094,496.24947098351976,76.02428085186719,559.5274935987007,564.6713237502003
cliffwalking-H8-N96-D0-R1,cliffwalking-H8-N96-D0,cliffwalking,8,96,1152,1000000,0,1.0,q1-to-q16-f0.25,two_stage,56,52,1134,1053,56,52,1056,999136,12.25,12.25,0.026783627392693143,0.9965908947945217,216,488.3082309646709,79.13251403781094,496.24947098351976,76.02428085186719,567.4407450024818,572.273751835387
cliffwalking-H8-N96-D0-R0,cliffwalking-H8-N96-D0,cliffwalking,8,96,1152,1000000,0,0.0,q1-to-q16-f0.5,two_stage,69,64,1146,1056,69,64,1056,999136,8.608695652173912,8.5,0.026783627392693143,0.9965908947945217,216,505.2182671989664,44.85486880638117,514.5148957475031,42.52610405978856,505.2182671989664,514.5148957475031
cliffwalking-H8-N96-D0-R0.1,cliffwalking-H8-N96-D0,cliffwalking,8,96,1152,1000000,0,0.1,q1-to-q16-f0.5,two_stage,69,64,1146,1056,69,64,1056,999136,8.608695652173912,8.5,0.026783627392693143,0.9965908947945217,216,505.2182671989664,44.85486880638117,514.5148957475031,42.52610405978856,509.7037540796045,518.767506153482
cliffwalking-H8-N96-D0-R0.3,cliffwalking-H8-N96-D0,cliffwalking,8,96,1152,1000000,0,0.3,q1-to-q16-f0.5,two_stage,69,64,1146,1056,69,64,1056,999136,8.608695652173912,8.5,0.026783627392693143,0.9965908947945217,216,505.2182671989664,44.85486880638117,514.5148957475031,42.52610405978856,518.6747278408807,527.2727269654397
cliffwalking-H8-N96-D0-R0.5,cliffwalking-H8-N96-D0,cliffwalking,8,96,1152,1000000,0,0.5,q1-to-q16-f0.5,two_stage,69,64,1146,1056,69,64,1056,999136,8.608695652173912,8.5,0.026783627392693143,0.9965908947945217,216,505.2182671989664,44.85486880638117,514.5148957475031,42.52610405978856,527.6457016021569,535.7779477773975
cliffwalking-H8-N96-D0-R0.7,cliffwalking-H8-N96-D0,cliffwalking,8,96,1152,1000000,0,0.7,q1-to-q16-f0.5,two_stage,69,64,1146,1056,69,64,1056,999136,8.608695652173912,8.5,0.026783627392693143,0.9965908947945217,216,505.2182671989664,44.85486880638117,514.5148957475031,42.52610405978856,536.6166753634332,544.2831685893551
cliffwalking-H8-N96-D0-R0.9,cliffwalking-H8-N96-D0,cliffwalking,8,96,1152,1000000,0,0.9,q1-to-q16-f0.5,two_stage,69,64,1146,1056,69,64,1056,999136,8.608695652173912,8.5,0.026783627392693143,0.9965908947945217,216,505.2182671989664,44.85486880638117,514.5148957475031,42.52610405978856,545.5876491247094,552.7883894013129
cliffwalking-H8-N96-D0-R1,cliffwalking-H8-N96-D0,cliffwalking,8,96,1152,1000000,0,1.0,q1-to-q16-f0.5,two_stage,69,64,1146,1056,69,64,1056,999136,8.608695652173912,8.5,0.026783627392693143,0.9965908947945217,216,505.2182671989664,44.85486880638117,514.5148957475031,42.52610405978856,550.0731360053476,557.0409998072917
cliffwalking-H8-N96-D0-R0,cliffwalking-H8-N96-D0,cliffwalking,8,96,1152,1000000,0,0.0,q1-to-q16-f0.75,two_stage,89,82,1146,1053,89,82,1056,999136,4.876404494382022,4.841463414634147,0.026783627392693143,0.9965908947945217,216,511.57773745197477,9.000507935259046,522.6796726559941,8.501324729433003,511.57773745197477,522.6796726559941
cliffwalking-H8-N96-D0-R0.1,cliffwalking-H8-N96-D0,cliffwalking,8,96,1152,1000000,0,0.1,q1-to-q16-f0.75,two_stage,89,82,1146,1053,89,82,1056,999136,4.876404494382022,4.841463414634147,0.026783627392693143,0.9965908947945217,216,511.57773745197477,9.000507935259046,522.6796726559941,8.501324729433003,512.4777882455006,523.5298051289374
cliffwalking-H8-N96-D0-R0.3,cliffwalking-H8-N96-D0,cliffwalking,8,96,1152,1000000,0,0.3,q1-to-q16-f0.75,two_stage,89,82,1146,1053,89,82,1056,999136,4.876404494382022,4.841463414634147,0.026783627392693143,0.9965908947945217,216,511.57773745197477,9.000507935259046,522.6796726559941,8.501324729433003,514.2778898325524,525.230070074824
cliffwalking-H8-N96-D0-R0.5,cliffwalking-H8-N96-D0,cliffwalking,8,96,1152,1000000,0,0.5,q1-to-q16-f0.75,two_stage,89,82,1146,1053,89,82,1056,999136,4.876404494382022,4.841463414634147,0.026783627392693143,0.9965908947945217,216,511.57773745197477,9.000507935259046,522.6796726559941,8.501324729433003,516.0779914196042,526.9303350207106
cliffwalking-H8-N96-D0-R0.7,cliffwalking-H8-N96-D0,cliffwalking,8,96,1152,1000000,0,0.7,q1-to-q16-f0.75,two_stage,89,82,1146,1053,89,82,1056,999136,4.876404494382022,4.841463414634147,0.026783627392693143,0.9965908947945217,216,511.57773745197477,9.000507935259046,522.6796726559941,8.501324729433003,517.8780930066561,528.6305999665972
cliffwalking-H8-N96-D0-R0.9,cliffwalking-H8-N96-D0,cliffwalking,8,96,1152,1000000,0,0.9,q1-to-q16-f0.75,two_stage,89,82,1146,1053,89,82,1056,999136,4.876404494382022,4.841463414634147,0.026783627392693143,0.9965908947945217,216,511.57773745197477,9.000507935259046,522.6796726559941,8.501324729433003,519.6781945937079,530.3308649124838
cliffwalking-H8-N96-D0-R1,cliffwalking-H8-N96-D0,cliffwalking,8,96,1152,1000000,0,1.0,q1-to-q16-f0.75,two_stage,89,82,1146,1053,89,82,1056,999136,4.876404494382022,4.841463414634147,0.026783627392693143,0.9965908947945217,216,511.57773745197477,9.000507935259046,522.6796726559941,8.501324729433003,520.5782453872338,531.1809973854271
cliffwalking-H8-N96-D0-R0,cliffwalking-H8-N96-D0,cliffwalking,8,96,1152,1000000,0,0.0,q16-to-q1-f0.25,two_stage,91,83,1149,1047,91,83,1056,999136,4.626373626373627,4.614457831325301,0.026783627392693143,0.9965908947945217,216,493.6066572643649,23.91098497561137,505.0668387214468,24.60401755149364,493.6066572643649,505.0668387214468
cliffwalking-H8-N96-D0-R0.1,cliffwalking-H8-N96-D0,cliffwalking,8,96,1152,1000000,0,0.1,q16-to-q1-f0.25,two_stage,91,83,1149,1047,91,83,1056,999136,4.626373626373627,4.614457831325301,0.026783627392693143,0.9965908947945217,216,493.6066572643649,23.91098497561137,505.0668387214468,24.60401755149364,495.99775576192604,507.52724047659615
cliffwalking-H8-N96-D0-R0.3,cliffwalking-H8-N96-D0,cliffwalking,8,96,1152,1000000,0,0.3,q16-to-q1-f0.25,two_stage,91,83,1149,1047,91,83,1056,999136,4.626373626373627,4.614457831325301,0.026783627392693143,0.9965908947945217,216,493.6066572643649,23.91098497561137,505.0668387214468,24.60401755149364,500.7799527570483,512.4480439868948
cliffwalking-H8-N96-D0-R0.5,cliffwalking-H8-N96-D0,cliffwalking,8,96,1152,1000000,0,0.5,q16-to-q1-f0.25,two_stage,91,83,1149,1047,91,83,1056,999136,4.626373626373627,4.614457831325301,0.026783627392693143,0.9965908947945217,216,493.6066572643649,23.91098497561137,505.0668387214468,24.60401755149364,505.5621497521706,517.3688474971937
cliffwalking-H8-N96-D0-R0.7,cliffwalking-H8-N96-D0,cliffwalking,8,96,1152,1000000,0,0.7,q16-to-q1-f0.25,two_stage,91,83,1149,1047,91,83,1056,999136,4.626373626373627,4.614457831325301,0.026783627392693143,0.9965908947945217,216,493.6066572643649,23.91098497561137,505.0668387214468,24.60401755149364,510.3443467472929,522.2896510074924
cliffwalking-H8-N96-D0-R0.9,cliffwalking-H8-N96-D0,cliffwalking,8,96,1152,1000000,0,0.9,q16-to-q1-f0.25,two_stage,91,83,1149,1047,91,83,1056,999136,4.626373626373627,4.614457831325301,0.026783627392693143,0.9965908947945217,216,493.6066572643649,23.91098497561137,505.0668387214468,24.60401755149364,515.1265437424152,527.210454517791
cliffwalking-H8-N96-D0-R1,cliffwalking-H8-N96-D0,cliffwalking,8,96,1152,1000000,0,1.0,q16-to-q1-f0.25,two_stage,91,83,1149,1047,91,83,1056,999136,4.626373626373627,4.614457831325301,0.026783627392693143,0.9965908947945217,216,493.6066572643649,23.91098497561137,505.0668387214468,24.60401755149364,517.5176422399763,529.6708562729405
cliffwalking-H8-N96-D0-R0,cliffwalking-H8-N96-D0,cliffwalking,8,96,1152,1000000,0,0.0,q16-to-q1-f0.5,two_stage,69,64,1131,1056,69,64,1056,999136,8.391304347826088,8.5,0.026783627392693143,0.9965908947945217,216,480.8210160164661,69.25211998888183,487.56151788074294,69.47948192654884,480.8210160164661,487.56151788074294
cliffwalking-H8-N96-D0-R0.1,cliffwalking-H8-N96-D0,cliffwalking,8,96,1152,1000000,0,0.1,q16-to-q1-f0.5,two_stage,69,64,1131,1056,69,64,1056,999136,8.391304347826088,8.5,0.026783627392693143,0.9965908947945217,216,480.8210160164661,69.25211998888183,487.56151788074294,69.47948192654884,487.7462280153543,494.50946607339785
cliffwalking-H8-N96-D0-R0.3,cliffwalking-H8-N96-D0,cliffwalking,8,96,1152,1000000,0,0.3,q16-to-q1-f0.5,two_stage,69,64,1131,1056,69,64,1056,999136,8.391304347826088,8.5,0.026783627392693143,0.9965908947945217,216,480.8210160164661,69.25211998888183,487.56151788074294,69.47948192654884,501.59665201313067,508.4053624587076
cliffwalking-H8-N96-D0-R0.5,cliffwalking-H8-N96-D0,cliffwalking,8,96,1152,1000000,0,0.5,q16-to-q1-f0.5,two_stage,69,64,1131,1056,69,64,1056,999136,8.391304347826088,8.5,0.026783627392693143,0.9965908947945217,216,480.8210160164661,69.25211998888183,487.56151788074294,69.47948192654884,515.447076010907,522.3012588440174
cliffwalking-H8-N96-D0-R0.7,cliffwalking-H8-N96-D0,cliffwalking,8,96,1152,1000000,0,0.7,q16-to-q1-f0.5,two_stage,69,64,1131,1056,69,64,1056,999136,8.391304347826088,8.5,0.026783627392693143,0.9965908947945217,216,480.8210160164661,69.25211998888183,487.56151788074294,69.47948192654884,529.2975000086834,536.1971552293271
cliffwalking-H8-N96-D0-R0.9,cliffwalking-H8-N96-D0,cliffwalking,8,96,1152,1000000,0,0.9,q16-to-q1-f0.5,two_stage,69,64,1131,1056,69,64,1056,999136,8.391304347826088,8.5,0.026783627392693143,0.9965908947945217,216,480.8210160164661,69.25211998888183,487.56151788074294,69.47948192654884,543.1479240064598,550.0930516146369
cliffwalking-H8-N96-D0-R1,cliffwalking-H8-N96-D0,cliffwalking,8,96,1152,1000000,0,1.0,q16-to-q1-f0.5,two_stage,69,64,1131,1056,69,64,1056,999136,8.391304347826088,8.5,0.026783627392693143,0.9965908947945217,216,480.8210160164661,69.25211998888183,487.56151788074294,69.47948192654884,550.0731360053479,557.0409998072918
cliffwalking-H8-N96-D0-R0,cliffwalking-H8-N96-D0,cliffwalking,8,96,1152,1000000,0,0.0,q16-to-q1-f0.75,two_stage,57,52,1143,1053,57,52,1056,999136,12.052631578947368,12.25,0.026783627392693143,0.9965908947945217,216,466.83877246431786,99.21234345697282,475.2778365195687,96.99591531581804,466.83877246431786,475.2778365195687
cliffwalking-H8-N96-D0-R0.1,cliffwalking-H8-N96-D0,cliffwalking,8,96,1152,1000000,0,0.1,q16-to-q1-f0.75,two_stage,57,52,1143,1053,57,52,1056,999136,12.052631578947368,12.25,0.026783627392693143,0.9965908947945217,216,466.83877246431786,99.21234345697282,475.2778365195687,96.99591531581804,476.7600068100151,484.9774280511505
cliffwalking-H8-N96-D0-R0.3,cliffwalking-H8-N96-D0,cliffwalking,8,96,1152,1000000,0,0.3,q16-to-q1-f0.75,two_stage,57,52,1143,1053,57,52,1056,999136,12.052631578947368,12.25,0.026783627392693143,0.9965908947945217,216,466.83877246431786,99.21234345697282,475.2778365195687,96.99591531581804,496.6024755014097,504.37661111431413
cliffwalking-H8-N96-D0-R0.5,cliffwalking-H8-N96-D0,cliffwalking,8,96,1152,1000000,0,0.5,q16-to-q1-f0.75,two_stage,57,52,1143,1053,57,52,1056,999136,12.052631578947368,12.25,0.026783627392693143,0.9965908947945217,216,466.83877246431786,99.21234345697282,475.2778365195687,96.99591531581804,516.4449441928043,523.7757941774778
cliffwalking-H8-N96-D0-R0.7,cliffwalking-H8-N96-D0,cliffwalking,8,96,1152,1000000,0,0.7,q16-to-q1-f0.75,two_stage,57,52,1143,1053,57,52,1056,999136,12.052631578947368,12.25,0.026783627392693143,0.9965908947945217,216,466.83877246431786,99.21234345697282,475.2778365195687,96.99591531581804,536.2874128841988,543.1749772406413
cliffwalking-H8-N96-D0-R0.9,cliffwalking-H8-N96-D0,cliffwalking,8,96,1152,1000000,0,0.9,q16-to-q1-f0.75,two_stage,57,52,1143,1053,57,52,1056,999136,12.052631578947368,12.25,0.026783627392693143,0.9965908947945217,216,466.83877246431786,99.21234345697282,475.2778365195687,96.99591531581804,556.1298815755933,562.574160303805
cliffwalking-H8-N96-D0-R1,cliffwalking-H8-N96-D0,cliffwalking,8,96,1152,1000000,0,1.0,q16-to-q1-f0.75,two_stage,57,52,1143,1053,57,52,1056,999136,12.052631578947368,12.25,0.026783627392693143,0.9965908947945217,216,466.83877246431786,99.21234345697282,475.2778365195687,96.99591531581804,566.0511159212907,572.2737518353867
cliffwalking-H8-N96-D4-R0,cliffwalking-H8-N96-D4,cliffwalking,8,96,1152,1000000,4,0.0,fixed-q1,fixed,128,117,1152,1053,132,121,1056,999132,1.0,1.0,0.026783627392693143,0.9965433482687954,216,468.0239286147371,0.0,485.43218370860717,0.0,468.0239286147371,485.43218370860717
cliffwalking-H8-N96-D4-R0.1,cliffwalking-H8-N96-D4,cliffwalking,8,96,1152,1000000,4,0.1,fixed-q1,fixed,128,117,1152,1053,132,121,1056,999132,1.0,1.0,0.026783627392693143,0.9965433482687954,216,468.0239286147371,0.0,485.43218370860717,0.0,468.0239286147371,485.43218370860717
cliffwalking-H8-N96-D4-R0.3,cliffwalking-H8-N96-D4,cliffwalking,8,96,1152,1000000,4,0.3,fixed-q1,fixed,128,117,1152,1053,132,121,1056,999132,1.0,1.0,0.026783627392693143,0.9965433482687954,216,468.0239286147371,0.0,485.43218370860717,0.0,468.0239286147371,485.43218370860717
cliffwalking-H8-N96-D4-R0.5,cliffwalking-H8-N96-D4,cliffwalking,8,96,1152,1000000,4,0.5,fixed-q1,fixed,128,117,1152,1053,132,121,1056,999132,1.0,1.0,0.026783627392693143,0.9965433482687954,216,468.0239286147371,0.0,485.43218370860717,0.0,468.0239286147371,485.43218370860717
cliffwalking-H8-N96-D4-R0.7,cliffwalking-H8-N96-D4,cliffwalking,8,96,1152,1000000,4,0.7,fixed-q1,fixed,128,117,1152,1053,132,121,1056,999132,1.0,1.0,0.026783627392693143,0.9965433482687954,216,468.0239286147371,0.0,485.43218370860717,0.0,468.0239286147371,485.43218370860717
cliffwalking-H8-N96-D4-R0.9,cliffwalking-H8-N96-D4,cliffwalking,8,96,1152,1000000,4,0.9,fixed-q1,fixed,128,117,1152,1053,132,121,1056,999132,1.0,1.0,0.026783627392693143,0.9965433482687954,216,468.0239286147371,0.0,485.43218370860717,0.0,468.0239286147371,485.43218370860717
cliffwalking-H8-N96-D4-R1,cliffwalking-H8-N96-D4,cliffwalking,8,96,1152,1000000,4,1.0,fixed-q1,fixed,128,117,1152,1053,132,121,1056,999132,1.0,1.0,0.026783627392693143,0.9965433482687954,216,468.0239286147371,0.0,485.43218370860717,0.0,468.0239286147371,485.43218370860717
cliffwalking-H8-N96-D4-R0,cliffwalking-H8-N96-D4,cliffwalking,8,96,1152,1000000,4,0.0,fixed-q4,fixed,96,88,1152,1056,100,92,1056,999132,4.0,4.0,0.026783627392693143,0.9965433482687954,216,412.3361804798943,106.5401400792368,426.32351217688574,105.14673072208637,412.3361804798943,426.32351217688574
cliffwalking-H8-N96-D4-R0.1,cliffwalking-H8-N96-D4,cliffwalking,8,96,1152,1000000,4,0.1,fixed-q4,fixed,96,88,1152,1056,100,92,1056,999132,4.0,4.0,0.026783627392693143,0.9965433482687954,216,412.3361804798943,106.5401400792368,426.32351217688574,105.14673072208637,422.99019448781803,436.8381852490944
cliffwalking-H8-N96-D4-R0.3,cliffwalking-H8-N96-D4,cliffwalking,8,96,1152,1000000,4,0.3,fixed-q4,fixed,96,88,1152,1056,100,92,1056,999132,4.0,4.0,0.026783627392693143,0.9965433482687954,216,412.3361804798943,106.5401400792368,426.32351217688574,105.14673072208637,444.2982225036654,457.8675313935116
cliffwalking-H8-N96-D4-R0.5,cliffwalking-H8-N96-D4,cliffwalking,8,96,1152,1000000,4,0.5,fixed-q4,fixed,96,88,1152,1056,100,92,1056,999132,4.0,4.0,0.026783627392693143,0.9965433482687954,216,412.3361804798943,106.5401400792368,426.32351217688574,105.14673072208637,465.60625051951274,478.89687753792896
cliffwalking-H8-N96-D4-R0.7,cliffwalking-H8-N96-D4,cliffwalking,8,96,1152,1000000,4,0.7,fixed-q4,fixed,96,88,1152,1056,100,92,1056,999132,4.0,4.0,0.026783627392693143,0.9965433482687954,216,412.3361804798943,106.5401400792368,426.32351217688574,105.14673072208637,486.9142785353601,499.9262236823462
cliffwalking-H8-N96-D4-R0.9,cliffwalking-H8-N96-D4,cliffwalking,8,96,1152,1000000,4,0.9,fixed-q4,fixed,96,88,1152,1056,100,92,1056,999132,4.0,4.0,0.026783627392693143,0.9965433482687954,216,412.3361804798943,106.5401400792368,426.32351217688574,105.14673072208637,508.22230655120745,520.9555698267635
cliffwalking-H8-N96-D4-R1,cliffwalking-H8-N96-D4,cliffwalking,8,96,1152,1000000,4,1.0,fixed-q4,fixed,96,88,1152,1056,100,92,1056,999132,4.0,4.0,0.026783627392693143,0.9965433482687954,216,412.3361804798943,106.5401400792368,426.32351217688574,105.14673072208637,518.8763205591312,531.4702428989722
cliffwalking-H8-N96-D4-R0,cliffwalking-H8-N96-D4,cliffwalking,8,96,1152,1000000,4,0.0,fixed-q16,fixed,48,44,1152,1056,52,48,1056,999132,16.0,16.0,0.026783627392693143,0.9965433482687954,216,478.05155846313403,108.42092097771976,486.4235800889746,104.05420021511434,478.05155846313403,486.4235800889746
cliffwalking-H8-N96-D4-R0.1,cliffwalking-H8-N96-D4,cliffwalking,8,96,1152,1000000,4,0.1,fixed-q16,fixed,48,44,1152,1056,52,48,1056,999132,16.0,16.0,0.026783627392693143,0.9965433482687954,216,478.05155846313403,108.42092097771976,486.4235800889746,104.05420021511434,488.893650560906,496.829000110486
cliffwalking-H8-N96-D4-R0.3,cliffwalking-H8-N96-D4,cliffwalking,8,96,1152,1000000,4,0.3,fixed-q16,fixed,48,44,1152,1056,52,48,1056,999132,16.0,16.0,0.026783627392693143,0.9965433482687954,216,478.05155846313403,108.42092097771976,486.4235800889746,104.05420021511434,510.57783475644993,517.6398401535089
cliffwalking-H8-N96-D4-R0.5,cliffwalking-H8-N96-D4,cliffwalking,8,96,1152,1000000,4,0.5,fixed-q16,fixed,48,44,1152,1056,52,48,1056,999132,16.0,16.0,0.026783627392693143,0.9965433482687954,216,478.05155846313403,108.42092097771976,486.4235800889746,104.05420021511434,532.2620189519939,538.4506801965317
cliffwalking-H8-N96-D4-R0.7,cliffwalking-H8-N96-D4,cliffwalking,8,96,1152,1000000,4,0.7,fixed-q16,fixed,48,44,1152,1056,52,48,1056,999132,16.0,16.0,0.026783627392693143,0.9965433482687954,216,478.05155846313403,108.42092097771976,486.4235800889746,104.05420021511434,553.9462031475379,559.2615202395546
cliffwalking-H8-N96-D4-R0.9,cliffwalking-H8-N96-D4,cliffwalking,8,96,1152,1000000,4,0.9,fixed-q16,fixed,48,44,1152,1056,52,48,1056,999132,16.0,16.0,0.026783627392693143,0.9965433482687954,216,478.05155846313403,108.42092097771976,486.4235800889746,104.05420021511434,575.6303873430818,580.0723602825775
cliffwalking-H8-N96-D4-R1,cliffwalking-H8-N96-D4,cliffwalking,8,96,1152,1000000,4,1.0,fixed-q16,fixed,48,44,1152,1056,52,48,1056,999132,16.0,16.0,0.026783627392693143,0.9965433482687954,216,478.05155846313403,108.42092097771976,486.4235800889746,104.05420021511434,586.4724794408538,590.4777803040889
cliffwalking-H8-N96-D4-R0,cliffwalking-H8-N96-D4,cliffwalking,8,96,1152,1000000,4,0.0,q1-to-q16-f0.25,two_stage,56,52,1134,1053,60,56,1056,999132,12.25,12.25,0.026783627392693143,0.9965433482687954,216,490.1896130013273,87.12484771063949,498.25903175503197,83.80823029328776,490.1896130013273,498.25903175503197
cliffwalking-H8-N96-D4-R0.1,cliffwalking-H8-N96-D4,cliffwalking,8,96,1152,1000000,4,0.1,q1-to-q16-f0.25,two_stage,56,52,1134,1053,60,56,1056,999132,12.25,12.25,0.026783627392693143,0.9965433482687954,216,490.1896130013273,87.12484771063949,498.25903175503197,83.80823029328776,498.90209777239124,506.63985478436075
cliffwalking-H8-N96-D4-R0.3,cliffwalking-H8-N96-D4,cliffwalking,8,96,1152,1000000,4,0.3,q1-to-q16-f0.25,two_stage,56,52,1134,1053,60,56,1056,999132,12.25,12.25,0.026783627392693143,0.9965433482687954,216,490.1896130013273,87.12484771063949,498.25903175503197,83.80823029328776,516.3270673145191,523.4015008430183
cliffwalking-H8-N96-D4-R0.5,cliffwalking-H8-N96-D4,cliffwalking,8,96,1152,1000000,4,0.5,q1-to-q16-f0.25,two_stage,56,52,1134,1053,60,56,1056,999132,12.25,12.25,0.026783627392693143,0.9965433482687954,216,490.1896130013273,87.12484771063949,498.25903175503197,83.80823029328776,533.752036856647,540.1631469016759
cliffwalking-H8-N96-D4-R0.7,cliffwalking-H8-N96-D4,cliffwalking,8,96,1152,1000000,4,0.7,q1-to-q16-f0.25,two_stage,56,52,1134,1053,60,56,1056,999132,12.25,12.25,0.026783627392693143,0.9965433482687954,216,490.1896130013273,87.12484771063949,498.25903175503197,83.80823029328776,551.1770063987749,556.9247929603334
cliffwalking-H8-N96-D4-R0.9,cliffwalking-H8-N96-D4,cliffwalking,8,96,1152,1000000,4,0.9,q1-to-q16-f0.25,two_stage,56,52,1134,1053,60,56,1056,999132,12.25,12.25,0.026783627392693143,0.9965433482687954,216,490.1896130013273,87.12484771063949,498.25903175503197,83.80823029328776,568.6019759409029,573.686439018991
cliffwalking-H8-N96-D4-R1,cliffwalking-H8-N96-D4,cliffwalking,8,96,1152,1000000,4,1.0,q1-to-q16-f0.25,two_stage,56,52,1134,1053,60,56,1056,999132,12.25,12.25,0.026783627392693143,0.9965433482687954,216,490.1896130013273,87.12484771063949,498.25903175503197,83.80823029328776,577.3144607119668,582.0672620483198
cliffwalking-H8-N96-D4-R0,cliffwalking-H8-N96-D4,cliffwalking,8,96,1152,1000000,4,0.0,q1-to-q16-f0.5,two_stage,69,64,1146,1056,73,68,1056,999132,8.608695652173912,8.5,0.026783627392693143,0.9965433482687954,216,510.48865862368126,49.38064119251042,520.0977165664989,46.84953792020983,510.48865862368126,520.0977165664989
cliffwalking-H8-N96-D4-R0.1,cliffwalking-H8-N96-D4,cliffwalking,8,96,1152,1000000,4,0.1,q1-to-q16-f0.5,two_stage,69,64,1146,1056,73,68,1056,999132,8.608695652173912,8.5,0.026783627392693143,0.9965433482687954,216,510.48865862368126,49.38064119251042,520.0977165664989,46.84953792020983,515.4267227429323,524.7826703585199
cliffwalking-H8-N96-D4-R0.3,cliffwalking-H8-N96-D4,cliffwalking,8,96,1152,1000000,4,0.3,q1-to-q16-f0.5,two_stage,69,64,1146,1056,73,68,1056,999132,8.608695652173912,8.5,0.026783627392693143,0.9965433482687954,216,510.48865862368126,49.38064119251042,520.0977165664989,46.84953792020983,525.3028509814344,534.1525779425618
cliffwalking-H8-N96-D4-R0.5,cliffwalking-H8-N96-D4,cliffwalking,8,96,1152,1000000,4,0.5,q1-to-q16-f0.5,two_stage,69,64,1146,1056,73,68,1056,999132,8.608695652173912,8.5,0.026783627392693143,0.9965433482687954,216,510.48865862368126,49.38064119251042,520.0977165664989,46.84953792020983,535.1789792199364,543.5224855266038
cliffwalking-H8-N96-D4-R0.7,cliffwalking-H8-N96-D4,cliffwalking,8,96,1152,1000000,4,0.7,q1-to-q16-f0.5,two_stage,69,64,1146,1056,73,68,1056,999132,8.608695652173912,8.5,0.026783627392693143,0.9965433482687954,216,510.48865862368126,49.38064119251042,520.0977165664989,46.84953792020983,545.0551074584386,552.8923931106458
cliffwalking-H8-N96-D4-R0.9,cliffwalking-H8-N96-D4,cliffwalking,8,96,1152,1000000,4,0.9,q1-to-q16-f0.5,two_stage,69,64,1146,1056,73,68,1056,999132,8.608695652173912,8.5,0.026783627392693143,0.9965433482687954,216,510.48865862368126,49.38064119251042,520.0977165664989,46.84953792020983,554.9312356969407,562.2623006946877
cliffwalking-H8-N96-D4-R1,cliffwalking-H8-N96-D4,cliffwalking,8,96,1152,1000000,4,1.0,q1-to-q16-f0.5,two_stage,69,64,1146,1056,73,68,1056,999132,8.608695652173912,8.5,0.026783627392693143,0.9965433482687954,216,510.48865862368126,49.38064119251042,520.0977165664989,46.84953792020983,559.8692998161916,566.9472544867087
cliffwalking-H8-N96-D4-R0,cliffwalking-H8-N96-D4,cliffwalking,8,96,1152,1000000,4,0.0,q1-to-q16-f0.75,two_stage,89,82,1146,1053,93,86,1056,999132,4.876404494382022,4.841463414634147,0.026783627392693143,0.9965433482687954,216,519.9478018265468,9.922337787215488,531.3799189758901,9.367581942233901,519.9478018265468,531.3799189758901
cliffwalking-H8-N96-D4-R0.1,cliffwalking-H8-N96-D4,cliffwalking,8,96,1152,1000000,4,0.1,q1-to-q16-f0.75,two_stage,89,82,1146,1053,93,86,1056,999132,4.876404494382022,4.841463414634147,0.026783627392693143,0.9965433482687954,216,519.9478018265468,9.922337787215488,531.3799189758901,9.367581942233901,520.9400356052683,532.3166771701135
cliffwalking-H8-N96-D4-R0.3,cliffwalking-H8-N96-D4,cliffwalking,8,96,1152,1000000,4,0.3,q1-to-q16-f0.75,two_stage,89,82,1146,1053,93,86,1056,999132,4.876404494382022,4.841463414634147,0.026783627392693143,0.9965433482687954,216,519.9478018265468,9.922337787215488,531.3799189758901,9.367581942233901,522.9245031627114,534.1901935585603
cliffwalking-H8-N96-D4-R0.5,cliffwalking-H8-N96-D4,cliffwalking,8,96,1152,1000000,4,0.5,q1-to-q16-f0.75,two_stage,89,82,1146,1053,93,86,1056,999132,4.876404494382022,4.841463414634147,0.026783627392693143,0.9965433482687954,216,519.9478018265468,9.922337787215488,531.3799189758901,9.367581942233901,524.9089707201545,536.063709947007
cliffwalking-H8-N96-D4-R0.7,cliffwalking-H8-N96-D4,cliffwalking,8,96,1152,1000000,4,0.7,q1-to-q16-f0.75,two_stage,89,82,1146,1053,93,86,1056,999132,4.876404494382022,4.841463414634147,0.026783627392693143,0.9965433482687954,216,519.9478018265468,9.922337787215488,531.3799189758901,9.367581942233901,526.8934382775976,537.9372263354538
cliffwalking-H8-N96-D4-R0.9,cliffwalking-H8-N96-D4,cliffwalking,8,96,1152,1000000,4,0.9,q1-to-q16-f0.75,two_stage,89,82,1146,1053,93,86,1056,999132,4.876404494382022,4.841463414634147,0.026783627392693143,0.9965433482687954,216,519.9478018265468,9.922337787215488,531.3799189758901,9.367581942233901,528.8779058350407,539.8107427239006
cliffwalking-H8-N96-D4-R1,cliffwalking-H8-N96-D4,cliffwalking,8,96,1152,1000000,4,1.0,q1-to-q16-f0.75,two_stage,89,82,1146,1053,93,86,1056,999132,4.876404494382022,4.841463414634147,0.026783627392693143,0.9965433482687954,216,519.9478018265468,9.922337787215488,531.3799189758901,9.367581942233901,529.8701396137623,540.7475009181239
cliffwalking-H8-N96-D4-R0,cliffwalking-H8-N96-D4,cliffwalking,8,96,1152,1000000,4,0.0,q16-to-q1-f0.25,two_stage,91,83,1149,1047,95,87,1056,999132,4.626373626373627,4.614457831325301,0.026783627392693143,0.9965433482687954,216,501.7574359171386,24.98294936685929,513.3080328289309,25.846626576370223,501.7574359171386,513.3080328289309
cliffwalking-H8-N96-D4-R0.1,cliffwalking-H8-N96-D4,cliffwalking,8,96,1152,1000000,4,0.1,q16-to-q1-f0.25,two_stage,91,83,1149,1047,95,87,1056,999132,4.626373626373627,4.614457831325301,0.026783627392693143,0.9965433482687954,216,501.7574359171386,24.98294936685929,513.3080328289309,25.846626576370223,504.2557308538245,515.892695486568
cliffwalking-H8-N96-D4-R0.3,cliffwalking-H8-N96-D4,cliffwalking,8,96,1152,1000000,4,0.3,q16-to-q1-f0.25,two_stage,91,83,1149,1047,95,87,1056,999132,4.626373626373627,4.614457831325301,0.026783627392693143,0.9965433482687954,216,501.7574359171386,24.98294936685929,513.3080328289309,25.846626576370223,509.2523207271964,521.062020801842
cliffwalking-H8-N96-D4-R0.5,cliffwalking-H8-N96-D4,cliffwalking,8,96,1152,1000000,4,0.5,q16-to-q1-f0.25,two_stage,91,83,1149,1047,95,87,1056,999132,4.626373626373627,4.614457831325301,0.026783627392693143,0.9965433482687954,216,501.7574359171386,24.98294936685929,513.3080328289309,25.846626576370223,514.2489106005683,526.231346117116
cliffwalking-H8-N96-D4-R0.7,cliffwalking-H8-N96-D4,cliffwalking,8,96,1152,1000000,4,0.7,q16-to-q1-f0.25,two_stage,91,83,1149,1047,95,87,1056,999132,4.626373626373627,4.614457831325301,0.026783627392693143,0.9965433482687954,216,501.7574359171386,24.98294936685929,513.3080328289309,25.846626576370223,519.2455004739401,531.40067143239
cliffwalking-H8-N96-D4-R0.9,cliffwalking-H8-N96-D4,cliffwalking,8,96,1152,1000000,4,0.9,q16-to-q1-f0.25,two_stage,91,83,1149,1047,95,87,1056,999132,4.626373626373627,4.614457831325301,0.026783627392693143,0.9965433482687954,216,501.7574359171386,24.98294936685929,513.3080328289309,25.846626576370223,524.242090347312,536.569996747664
cliffwalking-H8-N96-D4-R1,cliffwalking-H8-N96-D4,cliffwalking,8,96,1152,1000000,4,1.0,q16-to-q1-f0.25,two_stage,91,83,1149,1047,95,87,1056,999132,4.626373626373627,4.614457831325301,0.026783627392693143,0.9965433482687954,216,501.7574359171386,24.98294936685929,513.3080328289309,25.846626576370223,526.7403852839979,539.1546594053011
cliffwalking-H8-N96-D4-R0,cliffwalking-H8-N96-D4,cliffwalking,8,96,1152,1000000,4,0.0,q16-to-q1-f0.5,two_stage,69,64,1131,1056,73,68,1056,999132,8.391304347826088,8.5,0.026783627392693143,0.9965433482687954,216,485.0173308494523,74.85196896673924,491.60013138450216,75.34712310220664,485.0173308494523,491.60013138450216
cliffwalking-H8-N96-D4-R0.1,cliffwalking-H8-N96-D4,cliffwalking,8,96,1152,1000000,4,0.1,q16-to-q1-f0.5,two_stage,69,64,1131,1056,73,68,1056,999132,8.391304347826088,8.5,0.026783627392693143,0.9965433482687954,216,485.0173308494523,74.85196896673924,491.60013138450216,75.34712310220664,492.50252774612625,499.1348436947228
cliffwalking-H8-N96-D4-R0.3,cliffwalking-H8-N96-D4,cliffwalking,8,96,1152,1000000,4,0.3,q16-to-q1-f0.5,two_stage,69,64,1131,1056,73,68,1056,999132,8.391304347826088,8.5,0.026783627392693143,0.9965433482687954,216,485.0173308494523,74.85196896673924,491.60013138450216,75.34712310220664,507.4729215394741,514.2042683151642
cliffwalking-H8-N96-D4-R0.5,cliffwalking-H8-N96-D4,cliffwalking,8,96,1152,1000000,4,0.5,q16-to-q1-f0.5,two_stage,69,64,1131,1056,73,68,1056,999132,8.391304347826088,8.5,0.026783627392693143,0.9965433482687954,216,485.0173308494523,74.85196896673924,491.60013138450216,75.34712310220664,522.443315332822,529.2736929356055
cliffwalking-H8-N96-D4-R0.7,cliffwalking-H8-N96-D4,cliffwalking,8,96,1152,1000000,4,0.7,q16-to-q1-f0.5,two_stage,69,64,1131,1056,73,68,1056,999132,8.391304347826088,8.5,0.026783627392693143,0.9965433482687954,216,485.0173308494523,74.85196896673924,491.60013138450216,75.34712310220664,537.4137091261698,544.3431175560468
cliffwalking-H8-N96-D4-R0.9,cliffwalking-H8-N96-D4,cliffwalking,8,96,1152,1000000,4,0.9,q16-to-q1-f0.5,two_stage,69,64,1131,1056,73,68,1056,999132,8.391304347826088,8.5,0.026783627392693143,0.9965433482687954,216,485.0173308494523,74.85196896673924,491.60013138450216,75.34712310220664,552.3841029195177,559.4125421764882
cliffwalking-H8-N96-D4-R1,cliffwalking-H8-N96-D4,cliffwalking,8,96,1152,1000000,4,1.0,q16-to-q1-f0.5,two_stage,69,64,1131,1056,73,68,1056,999132,8.391304347826088,8.5,0.026783627392693143,0.9965433482687954,216,485.0173308494523,74.85196896673924,491.60013138450216,75.34712310220664,559.8692998161915,566.9472544867087
cliffwalking-H8-N96-D4-R0,cliffwalking-H8-N96-D4,cliffwalking,8,96,1152,1000000,4,0.0,q16-to-q1-f0.75,two_stage,57,52,1143,1053,61,56,1056,999132,12.052631578947368,12.25,0.026783627392693143,0.9965433482687954,216,467.3693906924313,108.49397043639097,475.73588026991683,106.33138177840291,467.3693906924313,475.73588026991683
cliffwalking-H8-N96-D4-R0.1,cliffwalking-H8-N96-D4,cliffwalking,8,96,1152,1000000,4,0.1,q16-to-q1-f0.75,two_stage,57,52,1143,1053,61,56,1056,999132,12.052631578947368,12.25,0.026783627392693143,0.9965433482687954,216,467.3693906924313,108.49397043639097,475.73588026991683,106.33138177840291,478.2187877360704,486.3690184477571
cliffwalking-H8-N96-D4-R0.3,cliffwalking-H8-N96-D4,cliffwalking,8,96,1152,1000000,4,0.3,q16-to-q1-f0.75,two_stage,57,52,1143,1053,61,56,1056,999132,12.052631578947368,12.25,0.026783627392693143,0.9965433482687954,216,467.3693906924313,108.49397043639097,475.73588026991683,106.33138177840291,499.9175818233486,507.6352948034377
cliffwalking-H8-N96-D4-R0.5,cliffwalking-H8-N96-D4,cliffwalking,8,96,1152,1000000,4,0.5,q16-to-q1-f0.75,two_stage,57,52,1143,1053,61,56,1056,999132,12.052631578947368,12.25,0.026783627392693143,0.9965433482687954,216,467.3693906924313,108.49397043639097,475.73588026991683,106.33138177840291,521.6163759106267,528.9015711591182
cliffwalking-H8-N96-D4-R0.7,cliffwalking-H8-N96-D4,cliffwalking,8,96,1152,1000000,4,0.7,q16-to-q1-f0.75,two_stage,57,52,1143,1053,61,56,1056,999132,12.052631578947368,12.25,0.026783627392693143,0.9965433482687954,216,467.3693906924313,108.49397043639097,475.73588026991683,106.33138177840291,543.315169997905,550.1678475147988
cliffwalking-H8-N96-D4-R0.9,cliffwalking-H8-N96-D4,cliffwalking,8,96,1152,1000000,4,0.9,q16-to-q1-f0.75,two_stage,57,52,1143,1053,61,56,1056,999132,12.052631578947368,12.25,0.026783627392693143,0.9965433482687954,216,467.3693906924313,108.49397043639097,475.73588026991683,106.33138177840291,565.0139640851831,571.4341238704794
cliffwalking-H8-N96-D4-R1,cliffwalking-H8-N96-D4,cliffwalking,8,96,1152,1000000,4,1.0,q16-to-q1-f0.75,two_stage,57,52,1143,1053,61,56,1056,999132,12.052631578947368,12.25,0.026783627392693143,0.9965433482687954,216,467.3693906924313,108.49397043639097,475.73588026991683,106.33138177840291,575.8633611288222,582.0672620483198
cliffwalking-H8-N96-D8-R0,cliffwalking-H8-N96-D8,cliffwalking,8,96,1152,1000000,8,0.0,fixed-q1,fixed,128,117,1152,1053,136,125,1056,999128,1.0,1.0,0.026783627392693143,0.9964937425899467,216,477.29388256212616,0.0,495.1401625528159,0.0,477.29388256212616,495.1401625528159
cliffwalking-H8-N96-D8-R0.1,cliffwalking-H8-N96-D8,cliffwalking,8,96,1152,1000000,8,0.1,fixed-q1,fixed,128,117,1152,1053,136,125,1056,999128,1.0,1.0,0.026783627392693143,0.9964937425899467,216,477.29388256212616,0.0,495.1401625528159,0.0,477.29388256212616,495.1401625528159
cliffwalking-H8-N96-D8-R0.3,cliffwalking-H8-N96-D8,cliffwalking,8,96,1152,1000000,8,0.3,fixed-q1,fixed,128,117,1152,1053,136,125,1056,999128,1.0,1.0,0.026783627392693143,0.9964937425899467,216,477.29388256212616,0.0,495.1401625528159,0.0,477.29388256212616,495.1401625528159
cliffwalking-H8-N96-D8-R0.5,cliffwalking-H8-N96-D8,cliffwalking,8,96,1152,1000000,8,0.5,fixed-q1,fixed,128,117,1152,1053,136,125,1056,999128,1.0,1.0,0.026783627392693143,0.9964937425899467,216,477.29388256212616,0.0,495.1401625528159,0.0,477.29388256212616,495.1401625528159
cliffwalking-H8-N96-D8-R0.7,cliffwalking-H8-N96-D8,cliffwalking,8,96,1152,1000000,8,0.7,fixed-q1,fixed,128,117,1152,1053,136,125,1056,999128,1.0,1.0,0.026783627392693143,0.9964937425899467,216,477.29388256212616,0.0,495.1401625528159,0.0,477.29388256212616,495.1401625528159
cliffwalking-H8-N96-D8-R0.9,cliffwalking-H8-N96-D8,cliffwalking,8,96,1152,1000000,8,0.9,fixed-q1,fixed,128,117,1152,1053,136,125,1056,999128,1.0,1.0,0.026783627392693143,0.9964937425899467,216,477.29388256212616,0.0,495.1401625528159,0.0,477.29388256212616,495.1401625528159
cliffwalking-H8-N96-D8-R1,cliffwalking-H8-N96-D8,cliffwalking,8,96,1152,1000000,8,1.0,fixed-q1,fixed,128,117,1152,1053,136,125,1056,999128,1.0,1.0,0.026783627392693143,0.9964937425899467,216,477.29388256212616,0.0,495.1401625528159,0.0,477.29388256212616,495.1401625528159
cliffwalking-H8-N96-D8-R0,cliffwalking-H8-N96-D8,cliffwalking,8,96,1152,1000000,8,0.0,fixed-q4,fixed,96,88,1152,1056,104,96,1056,999128,4.0,4.0,0.026783627392693143,0.9964937425899467,216,414.2150141636404,115.30539074237666,428.3370512917229,114.0649691789613,414.2150141636404,428.3370512917229
cliffwalking-H8-N96-D8-R0.1,cliffwalking-H8-N96-D8,cliffwalking,8,96,1152,1000000,8,0.1,fixed-q4,fixed,96,88,1152,1056,104,96,1056,999128,4.0,4.0,0.026783627392693143,0.9964937425899467,216,414.2150141636404,115.30539074237666,428.3370512917229,114.0649691789613,425.745553237878,439.743548209619
cliffwalking-H8-N96-D8-R0.3,cliffwalking-H8-N96-D8,cliffwalking,8,96,1152,1000000,8,0.3,fixed-q4,fixed,96,88,1152,1056,104,96,1056,999128,4.0,4.0,0.026783627392693143,0.9964937425899467,216,414.2150141636404,115.30539074237666,428.3370512917229,114.0649691789613,448.8066313863534,462.5565420454113
cliffwalking-H8-N96-D8-R0.5,cliffwalking-H8-N96-D8,cliffwalking,8,96,1152,1000000,8,0.5,fixed-q4,fixed,96,88,1152,1056,104,96,1056,999128,4.0,4.0,0.026783627392693143,0.9964937425899467,216,414.2150141636404,115.30539074237666,428.3370512917229,114.0649691789613,471.8677095348287,485.36953588120355
cliffwalking-H8-N96-D8-R0.7,cliffwalking-H8-N96-D8,cliffwalking,8,96,1152,1000000,8,0.7,fixed-q4,fixed,96,88,1152,1056,104,96,1056,999128,4.0,4.0,0.026783627392693143,0.9964937425899467,216,414.2150141636404,115.30539074237666,428.3370512917229,114.0649691789613,494.92878768330405,508.1825297169958
cliffwalking-H8-N96-D8-R0.9,cliffwalking-H8-N96-D8,cliffwalking,8,96,1152,1000000,8,0.9,fixed-q4,fixed,96,88,1152,1056,104,96,1056,999128,4.0,4.0,0.026783627392693143,0.9964937425899467,216,414.2150141636404,115.30539074237666,428.3370512917229,114.0649691789613,517.9898658317794,530.9955235527881
cliffwalking-H8-N96-D8-R1,cliffwalking-H8-N96-D8,cliffwalking,8,96,1152,1000000,8,1.0,fixed-q4,fixed,96,88,1152,1056,104,96,1056,999128,4.0,4.0,0.026783627392693143,0.9964937425899467,216,414.2150141636404,115.30539074237666,428.3370512917229,114.0649691789613,529.520404906017,542.4020204706842
cliffwalking-H8-N96-D8-R0,cliffwalking-H8-N96-D8,cliffwalking,8,96,1152,1000000,8,0.0,fixed-q16,fixed,48,44,1152,1056,56,52,1056,999128,16.0,16.0,0.026783627392693143,0.9964937425899467,216,478.19622990501887,119.00545013500492,486.5849179944759,114.27753903839391,478.19622990501887,486.5849179944759
cliffwalking-H8-N96-D8-R0.1,cliffwalking-H8-N96-D8,cliffwalking,8,96,1152,1000000,8,0.1,fixed-q16,fixed,48,44,1152,1056,56,52,1056,999128,16.0,16.0,0.026783627392693143,0.9964937425899467,216,478.19622990501887,119.00545013500492,486.5849179944759,114.27753903839391,490.0967749185194,498.0126718983153
cliffwalking-H8-N96-D8-R0.3,cliffwalking-H8-N96-D8,cliffwalking,8,96,1152,1000000,8,0.3,fixed-q16,fixed,48,44,1152,1056,56,52,1056,999128,16.0,16.0,0.026783627392693143,0.9964937425899467,216,478.19622990501887,119.00545013500492,486.5849179944759,114.27753903839391,513.8978649455204,520.8681797059941
cliffwalking-H8-N96-D8-R0.5,cliffwalking-H8-N96-D8,cliffwalking,8,96,1152,1000000,8,0.5,fixed-q16,fixed,48,44,1152,1056,56,52,1056,999128,16.0,16.0,0.026783627392693143,0.9964937425899467,216,478.19622990501887,119.00545013500492,486.5849179944759,114.27753903839391,537.6989549725213,543.7236875136729
cliffwalking-H8-N96-D8-R0.7,cliffwalking-H8-N96-D8,cliffwalking,8,96,1152,1000000,8,0.7,fixed-q16,fixed,48,44,1152,1056,56,52,1056,999128,16.0,16.0,0.026783627392693143,0.9964937425899467,216,478.19622990501887,119.00545013500492,486.5849179944759,114.27753903839391,561.5000449995223,566.5791953213517
cliffwalking-H8-N96-D8-R0.9,cliffwalking-H8-N96-D8,cliffwalking,8,96,1152,1000000,8,0.9,fixed-q16,fixed,48,44,1152,1056,56,52,1056,999128,16.0,16.0,0.026783627392693143,0.9964937425899467,216,478.19622990501887,119.00545013500492,486.5849179944759,114.27753903839391,585.3011350265233,589.4347031290305
cliffwalking-H8-N96-D8-R1,cliffwalking-H8-N96-D8,cliffwalking,8,96,1152,1000000,8,1.0,fixed-q16,fixed,48,44,1152,1056,56,52,1056,999128,16.0,16.0,0.026783627392693143,0.9964937425899467,216,478.19622990501887,119.00545013500492,486.5849179944759,114.27753903839391,597.2016800400238,600.8624570328698
cliffwalking-H8-N96-D8-R0,cliffwalking-H8-N96-D8,cliffwalking,8,96,1152,1000000,8,0.0,q1-to-q16-f0.25,two_stage,56,52,1134,1053,64,60,1056,999128,12.25,12.25,0.026783627392693143,0.9964937425899467,216,492.8290621353035,95.64278416904968,501.056008548326,91.99318960020686,492.8290621353035,501.056008548326
cliffwalking-H8-N96-D8-R0.1,cliffwalking-H8-N96-D8,cliffwalking,8,96,1152,1000000,8,0.1,q1-to-q16-f0.25,two_stage,56,52,1134,1053,64,60,1056,999128,12.25,12.25,0.026783627392693143,0.9964937425899467,216,492.8290621353035,95.64278416904968,501.056008548326,91.99318960020686,502.3933405522085,510.2553275083467
cliffwalking-H8-N96-D8-R0.3,cliffwalking-H8-N96-D8,cliffwalking,8,96,1152,1000000,8,0.3,q1-to-q16-f0.25,two_stage,56,52,1134,1053,64,60,1056,999128,12.25,12.25,0.026783627392693143,0.9964937425899467,216,492.8290621353035,95.64278416904968,501.056008548326,91.99318960020686,521.5218973860184,528.6539654283881
cliffwalking-H8-N96-D8-R0.5,cliffwalking-H8-N96-D8,cliffwalking,8,96,1152,1000000,8,0.5,q1-to-q16-f0.25,two_stage,56,52,1134,1053,64,60,1056,999128,12.25,12.25,0.026783627392693143,0.9964937425899467,216,492.8290621353035,95.64278416904968,501.056008548326,91.99318960020686,540.6504542198284,547.0526033484294
cliffwalking-H8-N96-D8-R0.7,cliffwalking-H8-N96-D8,cliffwalking,8,96,1152,1000000,8,0.7,q1-to-q16-f0.25,two_stage,56,52,1134,1053,64,60,1056,999128,12.25,12.25,0.026783627392693143,0.9964937425899467,216,492.8290621353035,95.64278416904968,501.056008548326,91.99318960020686,559.7790110536382,565.4512412684708
cliffwalking-H8-N96-D8-R0.9,cliffwalking-H8-N96-D8,cliffwalking,8,96,1152,1000000,8,0.9,q1-to-q16-f0.25,two_stage,56,52,1134,1053,64,60,1056,999128,12.25,12.25,0.026783627392693143,0.9964937425899467,216,492.8290621353035,95.64278416904968,501.056008548326,91.99318960020686,578.9075678874482,583.8498791885122
cliffwalking-H8-N96-D8-R1,cliffwalking-H8-N96-D8,cliffwalking,8,96,1152,1000000,8,1.0,q1-to-q16-f0.25,two_stage,56,52,1134,1053,64,60,1056,999128,12.25,12.25,0.026783627392693143,0.9964937425899467,216,492.8290621353035,95.64278416904968,501.056008548326,91.99318960020686,588.4718463043532,593.0491981485329
cliffwalking-H8-N96-D8-R0,cliffwalking-H8-N96-D8,cliffwalking,8,96,1152,1000000,8,0.0,q1-to-q16-f0.5,two_stage,69,64,1146,1056,77,72,1056,999128,8.608695652173912,8.5,0.026783627392693143,0.9964937425899467,216,517.3532967050127,53.774017728266536,527.3282342476407,50.94298474684216,517.3532967050127,527.3282342476407
cliffwalking-H8-N96-D8-R0.1,cliffwalking-H8-N96-D8,cliffwalking,8,96,1152,1000000,8,0.1,q1-to-q16-f0.5,two_stage,69,64,1146,1056,77,72,1056,999128,8.608695652173912,8.5,0.026783627392693143,0.9964937425899467,216,517.3532967050127,53.774017728266536,527.3282342476407,50.94298474684216,522.7306984778393,532.422532722325
cliffwalking-H8-N96-D8-R0.3,cliffwalking-H8-N96-D8,cliffwalking,8,96,1152,1000000,8,0.3,q1-to-q16-f0.5,two_stage,69,64,1146,1056,77,72,1056,999128,8.608695652173912,8.5,0.026783627392693143,0.9964937425899467,216,517.3532967050127,53.774017728266536,527.3282342476407,50.94298474684216,533.4855020234926,542.6111296716933
cliffwalking-H8-N96-D8-R0.5,cliffwalking-H8-N96-D8,cliffwalking,8,96,1152,1000000,8,0.5,q1-to-q16-f0.5,two_stage,69,64,1146,1056,77,72,1056,999128,8.608695652173912,8.5,0.026783627392693143,0.9964937425899467,216,517.3532967050127,53.774017728266536,527.3282342476407,50.94298474684216,544.2403055691459,552.7997266210617
cliffwalking-H8-N96-D8-R0.7,cliffwalking-H8-N96-D8,cliffwalking,8,96,1152,1000000,8,0.7,q1-to-q16-f0.5,two_stage,69,64,1146,1056,77,72,1056,999128,8.608695652173912,8.5,0.026783627392693143,0.9964937425899467,216,517.3532967050127,53.774017728266536,527.3282342476407,50.94298474684216,554.9951091147992,562.9883235704302
cliffwalking-H8-N96-D8-R0.9,cliffwalking-H8-N96-D8,cliffwalking,8,96,1152,1000000,8,0.9,q1-to-q16-f0.5,two_stage,69,64,1146,1056,77,72,1056,999128,8.608695652173912,8.5,0.026783627392693143,0.9964937425899467,216,517.3532967050127,53.774017728266536,527.3282342476407,50.94298474684216,565.7499126604525,573.1769205197986
cliffwalking-H8-N96-D8-R1,cliffwalking-H8-N96-D8,cliffwalking,8,96,1152,1000000,8,1.0,q1-to-q16-f0.5,two_stage,69,64,1146,1056,77,72,1056,999128,8.608695652173912,8.5,0.026783627392693143,0.9964937425899467,216,517.3532967050127,53.774017728266536,527.3282342476407,50.94298474684216,571.1273144332793,578.2712189944829
cliffwalking-H8-N96-D8-R0,cliffwalking-H8-N96-D8,cliffwalking,8,96,1152,1000000,8,0.0,q1-to-q16-f0.75,two_stage,89,82,1146,1053,97,90,1056,999128,4.876404494382022,4.841463414634147,0.026783627392693143,0.9964937425899467,216,530.019979837163,10.689191513129476,541.8055258514232,10.053620840675677,530.019979837163,541.8055258514232
cliffwalking-H8-N96-D8-R0.1,cliffwalking-H8-N96-D8,cliffwalking,8,96,1152,1000000,8,0.1,q1-to-q16-f0.75,two_stage,89,82,1146,1053,97,90,1056,999128,4.876404494382022,4.841463414634147,0.026783627392693143,0.9964937425899467,216,530.019979837163,10.689191513129476,541.8055258514232,10.053620840675677,531.0888989884759,542.8108879354908
cliffwalking-H8-N96-D8-R0.3,cliffwalking-H8-N96-D8,cliffwalking,8,96,1152,1000000,8,0.3,q1-to-q16-f0.75,two_stage,89,82,1146,1053,97,90,1056,999128,4.876404494382022,4.841463414634147,0.026783627392693143,0.9964937425899467,216,530.019979837163,10.689191513129476,541.8055258514232,10.053620840675677,533.2267372911018,544.821612103626
cliffwalking-H8-N96-D8-R0.5,cliffwalking-H8-N96-D8,cliffwalking,8,96,1152,1000000,8,0.5,q1-to-q16-f0.75,two_stage,89,82,1146,1053,97,90,1056,999128,4.876404494382022,4.841463414634147,0.026783627392693143,0.9964937425899467,216,530.019979837163,10.689191513129476,541.8055258514232,10.053620840675677,535.3645755937277,546.832336271761
cliffwalking-H8-N96-D8-R0.7,cliffwalking-H8-N96-D8,cliffwalking,8,96,1152,1000000,8,0.7,q1-to-q16-f0.75,two_stage,89,82,1146,1053,97,90,1056,999128,4.876404494382022,4.841463414634147,0.026783627392693143,0.9964937425899467,216,530.019979837163,10.689191513129476,541.8055258514232,10.053620840675677,537.5024138963536,548.8430604398962
cliffwalking-H8-N96-D8-R0.9,cliffwalking-H8-N96-D8,cliffwalking,8,96,1152,1000000,8,0.9,q1-to-q16-f0.75,two_stage,89,82,1146,1053,97,90,1056,999128,4.876404494382022,4.841463414634147,0.026783627392693143,0.9964937425899467,216,530.019979837163,10.689191513129476,541.8055258514232,10.053620840675677,539.6402521989795,550.8537846080313
cliffwalking-H8-N96-D8-R1,cliffwalking-H8-N96-D8,cliffwalking,8,96,1152,1000000,8,1.0,q1-to-q16-f0.75,two_stage,89,82,1146,1053,97,90,1056,999128,4.876404494382022,4.841463414634147,0.026783627392693143,0.9964937425899467,216,530.019979837163,10.689191513129476,541.8055258514232,10.053620840675677,540.7091713502924,551.8591466920989
cliffwalking-H8-N96-D8-R0,cliffwalking-H8-N96-D8,cliffwalking,8,96,1152,1000000,8,0.0,q16-to-q1-f0.25,two_stage,91,83,1149,1047,99,91,1056,999128,4.626373626373627,4.614457831325301,0.026783627392693143,0.9964937425899467,216,511.1450530409241,26.366175619028876,522.7276743085425,27.44868482940803,511.1450530409241,522.7276743085425
cliffwalking-H8-N96-D8-R0.1,cliffwalking-H8-N96-D8,cliffwalking,8,96,1152,1000000,8,0.1,q16-to-q1-f0.25,two_stage,91,83,1149,1047,99,91,1056,999128,4.626373626373627,4.614457831325301,0.026783627392693143,0.9964937425899467,216,511.1450530409241,26.366175619028876,522.7276743085425,27.44868482940803,513.781670602827,525.4725427914833
cliffwalking-H8-N96-D8-R0.3,cliffwalking-H8-N96-D8,cliffwalking,8,96,1152,1000000,8,0.3,q16-to-q1-f0.25,two_stage,91,83,1149,1047,99,91,1056,999128,4.626373626373627,4.614457831325301,0.026783627392693143,0.9964937425899467,216,511.1450530409241,26.366175619028876,522.7276743085425,27.44868482940803,519.0549057266328,530.962279757365
cliffwalking-H8-N96-D8-R0.5,cliffwalking-H8-N96-D8,cliffwalking,8,96,1152,1000000,8,0.5,q16-to-q1-f0.25,two_stage,91,83,1149,1047,99,91,1056,999128,4.626373626373627,4.614457831325301,0.026783627392693143,0.9964937425899467,216,511.1450530409241,26.366175619028876,522.7276743085425,27.44868482940803,524.3281408504386,536.4520167232465
cliffwalking-H8-N96-D8-R0.7,cliffwalking-H8-N96-D8,cliffwalking,8,96,1152,1000000,8,0.7,q16-to-q1-f0.25,two_stage,91,83,1149,1047,99,91,1056,999128,4.626373626373627,4.614457831325301,0.026783627392693143,0.9964937425899467,216,511.1450530409241,26.366175619028876,522.7276743085425,27.44868482940803,529.6013759742443,541.9417536891282
cliffwalking-H8-N96-D8-R0.9,cliffwalking-H8-N96-D8,cliffwalking,8,96,1152,1000000,8,0.9,q16-to-q1-f0.25,two_stage,91,83,1149,1047,99,91,1056,999128,4.626373626373627,4.614457831325301,0.026783627392693143,0.9964937425899467,216,511.1450530409241,26.366175619028876,522.7276743085425,27.44868482940803,534.8746110980501,547.4314906550097
cliffwalking-H8-N96-D8-R1,cliffwalking-H8-N96-D8,cliffwalking,8,96,1152,1000000,8,1.0,q16-to-q1-f0.25,two_stage,91,83,1149,1047,99,91,1056,999128,4.626373626373627,4.614457831325301,0.026783627392693143,0.9964937425899467,216,511.1450530409241,26.366175619028876,522.7276743085425,27.44868482940803,537.511228659953,550.1763591379506
cliffwalking-H8-N96-D8-R0,cliffwalking-H8-N96-D8,cliffwalking,8,96,1152,1000000,8,0.0,q16-to-q1-f0.5,two_stage,69,64,1131,1056,77,72,1056,999128,8.391304347826088,8.5,0.026783627392693143,0.9964937425899467,216,489.25298166450324,81.87433276877643,495.57335548282623,82.69786351165745,489.25298166450324,495.57335548282623
cliffwalking-H8-N96-D8-R0.1,cliffwalking-H8-N96-D8,cliffwalking,8,96,1152,1000000,8,0.1,q16-to-q1-f0.5,two_stage,69,64,1131,1056,77,72,1056,999128,8.391304347826088,8.5,0.026783627392693143,0.9964937425899467,216,489.25298166450324,81.87433276877643,495.57335548282623,82.69786351165745,497.4404149413809,503.843141833992
cliffwalking-H8-N96-D8-R0.3,cliffwalking-H8-N96-D8,cliffwalking,8,96,1152,1000000,8,0.3,q16-to-q1-f0.5,two_stage,69,64,1131,1056,77,72,1056,999128,8.391304347826088,8.5,0.026783627392693143,0.9964937425899467,216,489.25298166450324,81.87433276877643,495.57335548282623,82.69786351165745,513.8152814951362,520.3827145363234
cliffwalking-H8-N96-D8-R0.5,cliffwalking-H8-N96-D8,cliffwalking,8,96,1152,1000000,8,0.5,q16-to-q1-f0.5,two_stage,69,64,1131,1056,77,72,1056,999128,8.391304347826088,8.5,0.026783627392693143,0.9964937425899467,216,489.25298166450324,81.87433276877643,495.57335548282623,82.69786351165745,530.1901480488915,536.9222872386549
cliffwalking-H8-N96-D8-R0.7,cliffwalking-H8-N96-D8,cliffwalking,8,96,1152,1000000,8,0.7,q16-to-q1-f0.5,two_stage,69,64,1131,1056,77,72,1056,999128,8.391304347826088,8.5,0.026783627392693143,0.9964937425899467,216,489.25298166450324,81.87433276877643,495.57335548282623,82.69786351165745,546.5650146026468,553.4618599409864
cliffwalking-H8-N96-D8-R0.9,cliffwalking-H8-N96-D8,cliffwalking,8,96,1152,1000000,8,0.9,q16-to-q1-f0.5,two_stage,69,64,1131,1056,77,72,1056,999128,8.391304347826088,8.5,0.026783627392693143,0.9964937425899467,216,489.25298166450324,81.87433276877643,495.57335548282623,82.69786351165745,562.9398811564021,570.0014326433179
cliffwalking-H8-N96-D8-R1,cliffwalking-H8-N96-D8,cliffwalking,8,96,1152,1000000,8,1.0,q16-to-q1-f0.5,two_stage,69,64,1131,1056,77,72,1056,999128,8.391304347826088,8.5,0.026783627392693143,0.9964937425899467,216,489.25298166450324,81.87433276877643,495.57335548282623,82.69786351165745,571.1273144332797,578.2712189944837
cliffwalking-H8-N96-D8-R0,cliffwalking-H8-N96-D8,cliffwalking,8,96,1152,1000000,8,0.0,q16-to-q1-f0.75,two_stage,57,52,1143,1053,65,60,1056,999128,12.052631578947368,12.25,0.026783627392693143,0.9964937425899467,216,467.81791398918625,119.15056434907235,476.1027621582865,116.94643599024634,467.81791398918625,476.1027621582865
cliffwalking-H8-N96-D8-R0.1,cliffwalking-H8-N96-D8,cliffwalking,8,96,1152,1000000,8,0.1,q16-to-q1-f0.75,two_stage,57,52,1143,1053,65,60,1056,999128,12.052631578947368,12.25,0.026783627392693143,0.9964937425899467,216,467.81791398918625,119.15056434907235,476.1027621582865,116.94643599024634,479.7329704240935,487.79740575731114
cliffwalking-H8-N96-D8-R0.3,cliffwalking-H8-N96-D8,cliffwalking,8,96,1152,1000000,8,0.3,q16-to-q1-f0.75,two_stage,57,52,1143,1053,65,60,1056,999128,12.052631578947368,12.25,0.026783627392693143,0.9964937425899467,216,467.81791398918625,119.15056434907235,476.1027621582865,116.94643599024634,503.56308329390794,511.1866929553604
cliffwalking-H8-N96-D8-R0.5,cliffwalking-H8-N96-D8,cliffwalking,8,96,1152,1000000,8,0.5,q16-to-q1-f0.75,two_stage,57,52,1143,1053,65,60,1056,999128,12.052631578947368,12.25,0.026783627392693143,0.9964937425899467,216,467.81791398918625,119.15056434907235,476.1027621582865,116.94643599024634,527.3931961637225,534.5759801534097
cliffwalking-H8-N96-D8-R0.7,cliffwalking-H8-N96-D8,cliffwalking,8,96,1152,1000000,8,0.7,q16-to-q1-f0.75,two_stage,57,52,1143,1053,65,60,1056,999128,12.052631578947368,12.25,0.026783627392693143,0.9964937425899467,216,467.81791398918625,119.15056434907235,476.1027621582865,116.94643599024634,551.2233090335369,557.9652673514589
cliffwalking-H8-N96-D8-R0.9,cliffwalking-H8-N96-D8,cliffwalking,8,96,1152,1000000,8,0.9,q16-to-q1-f0.75,two_stage,57,52,1143,1053,65,60,1056,999128,12.052631578947368,12.25,0.026783627392693143,0.9964937425899467,216,467.81791398918625,119.15056434907235,476.1027621582865,116.94643599024634,575.0534219033514,581.3545545495082
cliffwalking-H8-N96-D8-R1,cliffwalking-H8-N96-D8,cliffwalking,8,96,1152,1000000,8,1.0,q16-to-q1-f0.75,two_stage,57,52,1143,1053,65,60,1056,999128,12.052631578947368,12.25,0.026783627392693143,0.9964937425899467,216,467.81791398918625,119.15056434907235,476.1027621582865,116.94643599024634,586.9684783382586,593.0491981485328
cliffwalking-H8-N192-D0-R0,cliffwalking-H8-N192-D0,cliffwalking,8,192,2304,1000000,0,0.0,fixed-q1,fixed,256,245,2304,2205,256,245,2208,999136,1.0,1.0,0.026783627392693143,0.9965908947945217,216,296.4245421423163,0.0,307.81108584936504,0.0,296.4245421423163,307.81108584936504
cliffwalking-H8-N192-D0-R0.1,cliffwalking-H8-N192-D0,cliffwalking,8,192,2304,1000000,0,0.1,fixed-q1,fixed,256,245,2304,2205,256,245,2208,999136,1.0,1.0,0.026783627392693143,0.9965908947945217,216,296.4245421423163,0.0,307.81108584936504,0.0,296.4245421423163,307.81108584936504
cliffwalking-H8-N192-D0-R0.3,cliffwalking-H8-N192-D0,cliffwalking,8,192,2304,1000000,0,0.3,fixed-q1,fixed,256,245,2304,2205,256,245,2208,999136,1.0,1.0,0.026783627392693143,0.9965908947945217,216,296.4245421423163,0.0,307.81108584936504,0.0,296.4245421423163,307.81108584936504
cliffwalking-H8-N192-D0-R0.5,cliffwalking-H8-N192-D0,cliffwalking,8,192,2304,1000000,0,0.5,fixed-q1,fixed,256,245,2304,2205,256,245,2208,999136,1.0,1.0,0.026783627392693143,0.9965908947945217,216,296.4245421423163,0.0,307.81108584936504,0.0,296.4245421423163,307.81108584936504
cliffwalking-H8-N192-D0-R0.7,cliffwalking-H8-N192-D0,cliffwalking,8,192,2304,1000000,0,0.7,fixed-q1,fixed,256,245,2304,2205,256,245,2208,999136,1.0,1.0,0.026783627392693143,0.9965908947945217,216,296.4245421423163,0.0,307.81108584936504,0.0,296.4245421423163,307.81108584936504
cliffwalking-H8-N192-D0-R0.9,cliffwalking-H8-N192-D0,cliffwalking,8,192,2304,1000000,0,0.9,fixed-q1,fixed,256,245,2304,2205,256,245,2208,999136,1.0,1.0,0.026783627392693143,0.9965908947945217,216,296.4245421423163,0.0,307.81108584936504,0.0,296.4245421423163,307.81108584936504
cliffwalking-H8-N192-D0-R1,cliffwalking-H8-N192-D0,cliffwalking,8,192,2304,1000000,0,1.0,fixed-q1,fixed,256,245,2304,2205,256,245,2208,999136,1.0,1.0,0.026783627392693143,0.9965908947945217,216,296.4245421423163,0.0,307.81108584936504,0.0,296.4245421423163,307.81108584936504
cliffwalking-H8-N192-D0-R0,cliffwalking-H8-N192-D0,cliffwalking,8,192,2304,1000000,0,0.0,fixed-q4,fixed,192,184,2304,2208,192,184,2208,999136,4.0,4.0,0.026783627392693143,0.9965908947945217,216,271.17776602653265,98.44488396321567,280.9434103620951,99.09233606227332,271.17776602653265,280.9434103620951
cliffwalking-H8-N192-D0-R0.1,cliffwalking-H8-N192-D0,cliffwalking,8,192,2304,1000000,0,0.1,fixed-q4,fixed,192,184,2304,2208,192,184,2208,999136,4.0,4.0,0.026783627392693143,0.9965908947945217,216,271.17776602653265,98.44488396321567,280.9434103620951,99.09233606227332,281.02225442285425,290.85264396832247
cliffwalking-H8-N192-D0-R0.3,cliffwalking-H8-N192-D0,cliffwalking,8,192,2304,1000000,0,0.3,fixed-q4,fixed,192,184,2304,2208,192,184,2208,999136,4.0,4.0,0.026783627392693143,0.9965908947945217,216,271.17776602653265,98.44488396321567,280.9434103620951,99.09233606227332,300.7112312154974,310.6711111807771
cliffwalking-H8-N192-D0-R0.5,cliffwalking-H8-N192-D0,cliffwalking,8,192,2304,1000000,0,0.5,fixed-q4,fixed,192,184,2304,2208,192,184,2208,999136,4.0,4.0,0.026783627392693143,0.9965908947945217,216,271.17776602653265,98.44488396321567,280.9434103620951,99.09233606227332,320.4002080081405,330.4895783932318
cliffwalking-H8-N192-D0-R0.7,cliffwalking-H8-N192-D0,cliffwalking,8,192,2304,1000000,0,0.7,fixed-q4,fixed,192,184,2304,2208,192,184,2208,999136,4.0,4.0,0.026783627392693143,0.9965908947945217,216,271.17776602653265,98.44488396321567,280.9434103620951,99.09233606227332,340.08918480078364,350.3080456056864
cliffwalking-H8-N192-D0-R0.9,cliffwalking-H8-N192-D0,cliffwalking,8,192,2304,1000000,0,0.9,fixed-q4,fixed,192,184,2304,2208,192,184,2208,999136,4.0,4.0,0.026783627392693143,0.9965908947945217,216,271.17776602653265,98.44488396321567,280.9434103620951,99.09233606227332,359.7781615934268,370.1265128181411
cliffwalking-H8-N192-D0-R1,cliffwalking-H8-N192-D0,cliffwalking,8,192,2304,1000000,0,1.0,fixed-q4,fixed,192,184,2304,2208,192,184,2208,999136,4.0,4.0,0.026783627392693143,0.9965908947945217,216,271.17776602653265,98.44488396321567,280.9434103620951,99.09233606227332,369.6226499897483,380.0357464243684
cliffwalking-H8-N192-D0-R0,cliffwalking-H8-N192-D0,cliffwalking,8,192,2304,1000000,0,0.0,fixed-q16,fixed,96,92,2304,2208,96,92,2208,999136,16.0,16.0,0.026783627392693143,0.9965908947945217,216,386.231062032442,123.55738187324467,393.2955620721279,122.66678040212932,386.231062032442,393.2955620721279
cliffwalking-H8-N192-D0-R0.1,cliffwalking-H8-N192-D0,cliffwalking,8,192,2304,1000000,0,0.1,fixed-q16,fixed,96,92,2304,2208,96,92,2208,999136,16.0,16.0,0.026783627392693143,0.9965908947945217,216,386.231062032442,123.55738187324467,393.2955620721279,122.66678040212932,398.5868002197665,405.5622401123408
cliffwalking-H8-N192-D0-R0.3,cliffwalking-H8-N192-D0,cliffwalking,8,192,2304,1000000,0,0.3,fixed-q16,fixed,96,92,2304,2208,96,92,2208,999136,16.0,16.0,0.026783627392693143,0.9965908947945217,216,386.231062032442,123.55738187324467,393.2955620721279,122.66678040212932,423.2982765944154,430.09559619276666
cliffwalking-H8-N192-D0-R0.5,cliffwalking-H8-N192-D0,cliffwalking,8,192,2304,1000000,0,0.5,fixed-q16,fixed,96,92,2304,2208,96,92,2208,999136,16.0,16.0,0.026783627392693143,0.9965908947945217,216,386.231062032442,123.55738187324467,393.2955620721279,122.66678040212932,448.0097529690644,454.62895227319257
cliffwalking-H8-N192-D0-R0.7,cliffwalking-H8-N192-D0,cliffwalking,8,192,2304,1000000,0,0.7,fixed-q16,fixed,96,92,2304,2208,96,92,2208,999136,16.0,16.0,0.026783627392693143,0.9965908947945217,216,386.231062032442,123.55738187324467,393.2955620721279,122.66678040212932,472.7212293437133,479.1623083536184
cliffwalking-H8-N192-D0-R0.9,cliffwalking-H8-N192-D0,cliffwalking,8,192,2304,1000000,0,0.9,fixed-q16,fixed,96,92,2304,2208,96,92,2208,999136,16.0,16.0,0.026783627392693143,0.9965908947945217,216,386.231062032442,123.55738187324467,393.2955620721279,122.66678040212932,497.43270571836223,503.69566443404426
cliffwalking-H8-N192-D0-R1,cliffwalking-H8-N192-D0,cliffwalking,8,192,2304,1000000,0,1.0,fixed-q16,fixed,96,92,2304,2208,96,92,2208,999136,16.0,16.0,0.026783627392693143,0.9965908947945217,216,386.231062032442,123.55738187324467,393.2955620721279,122.66678040212932,509.7884439056867,515.9623424742572
cliffwalking-H8-N192-D0-R0,cliffwalking-H8-N192-D0,cliffwalking,8,192,2304,1000000,0,0.0,q1-to-q16-f0.25,two_stage,113,108,2292,2187,113,108,2208,999136,12.283185840707965,12.25,0.026783627392693143,0.9965908947945217,216,380.20660940808796,103.2221359070158,388.6603337874268,102.481619708523,380.20660940808796,388.6603337874268
cliffwalking-H8-N192-D0-R0.1,cliffwalking-H8-N192-D0,cliffwalking,8,192,2304,1000000,0,0.1,q1-to-q16-f0.25,two_stage,113,108,2292,2187,113,108,2208,999136,12.283185840707965,12.25,0.026783627392693143,0.9965908947945217,216,380.20660940808796,103.2221359070158,388.6603337874268,102.481619708523,390.52882299878956,398.9084957582791
cliffwalking-H8-N192-D0-R0.3,cliffwalking-H8-N192-D0,cliffwalking,8,192,2304,1000000,0,0.3,q1-to-q16-f0.25,two_stage,113,108,2292,2187,113,108,2208,999136,12.283185840707965,12.25,0.026783627392693143,0.9965908947945217,216,380.20660940808796,103.2221359070158,388.6603337874268,102.481619708523,411.17325018019267,419.4048196999837
cliffwalking-H8-N192-D0-R0.5,cliffwalking-H8-N192-D0,cliffwalking,8,192,2304,1000000,0,0.5,q1-to-q16-f0.25,two_stage,113,108,2292,2187,113,108,2208,999136,12.283185840707965,12.25,0.026783627392693143,0.9965908947945217,216,380.20660940808796,103.2221359070158,388.6603337874268,102.481619708523,431.8176773615959,439.9011436416883
cliffwalking-H8-N192-D0-R0.7,cliffwalking-H8-N192-D0,cliffwalking,8,192,2304,1000000,0,0.7,q1-to-q16-f0.25,two_stage,113,108,2292,2187,113,108,2208,999136,12.283185840707965,12.25,0.026783627392693143,0.9965908947945217,216,380.20660940808796,103.2221359070158,388.6603337874268,102.481619708523,452.462104542999,460.3974675833929
cliffwalking-H8-N192-D0-R0.9,cliffwalking-H8-N192-D0,cliffwalking,8,192,2304,1000000,0,0.9,q1-to-q16-f0.25,two_stage,113,108,2292,2187,113,108,2208,999136,12.283185840707965,12.25,0.026783627392693143,0.9965908947945217,216,380.20660940808796,103.2221359070158,388.6603337874268,102.481619708523,473.1065317244022,480.8937915250975
cliffwalking-H8-N192-D0-R1,cliffwalking-H8-N192-D0,cliffwalking,8,192,2304,1000000,0,1.0,q1-to-q16-f0.25,two_stage,113,108,2292,2187,113,108,2208,999136,12.283185840707965,12.25,0.026783627392693143,0.9965908947945217,216,380.20660940808796,103.2221359070158,388.6603337874268,102.481619708523,483.42874531510375,491.1419534959498
cliffwalking-H8-N192-D0-R0,cliffwalking-H8-N192-D0,cliffwalking,8,192,2304,1000000,0,0.0,q1-to-q16-f0.5,two_stage,139,133,2301,2202,139,133,2208,999136,8.553956834532373,8.556390977443609,0.026783627392693143,0.9965908947945217,216,381.65669504231266,62.02060899131117,391.59969034257114,61.10937036850368,381.65669504231266,391.59969034257114
cliffwalking-H8-N192-D0-R0.1,cliffwalking-H8-N192-D0,cliffwalking,8,192,2304,1000000,0,0.1,q1-to-q16-f0.5,two_stage,139,133,2301,2202,139,133,2208,999136,8.553956834532373,8.556390977443609,0.026783627392693143,0.9965908947945217,216,381.65669504231266,62.02060899131117,391.59969034257114,61.10937036850368,387.8587559414438,397.7106273794215
cliffwalking-H8-N192-D0-R0.3,cliffwalking-H8-N192-D0,cliffwalking,8,192,2304,1000000,0,0.3,q1-to-q16-f0.5,two_stage,139,133,2301,2202,139,133,2208,999136,8.553956834532373,8.556390977443609,0.026783627392693143,0.9965908947945217,216,381.65669504231266,62.02060899131117,391.59969034257114,61.10937036850368,400.262877739706,409.93250145312226
cliffwalking-H8-N192-D0-R0.5,cliffwalking-H8-N192-D0,cliffwalking,8,192,2304,1000000,0,0.5,q1-to-q16-f0.5,two_stage,139,133,2301,2202,139,133,2208,999136,8.553956834532373,8.556390977443609,0.026783627392693143,0.9965908947945217,216,381.65669504231266,62.02060899131117,391.59969034257114,61.10937036850368,412.66699953796825,422.154375526823
cliffwalking-H8-N192-D0-R0.7,cliffwalking-H8-N192-D0,cliffwalking,8,192,2304,1000000,0,0.7,q1-to-q16-f0.5,two_stage,139,133,2301,2202,139,133,2208,999136,8.553956834532373,8.556390977443609,0.026783627392693143,0.9965908947945217,216,381.65669504231266,62.02060899131117,391.59969034257114,61.10937036850368,425.0711213362305,434.3762496005237
cliffwalking-H8-N192-D0-R0.9,cliffwalking-H8-N192-D0,cliffwalking,8,192,2304,1000000,0,0.9,q1-to-q16-f0.5,two_stage,139,133,2301,2202,139,133,2208,999136,8.553956834532373,8.556390977443609,0.026783627392693143,0.9965908947945217,216,381.65669504231266,62.02060899131117,391.59969034257114,61.10937036850368,437.4752431344927,446.59812367422444
cliffwalking-H8-N192-D0-R1,cliffwalking-H8-N192-D0,cliffwalking,8,192,2304,1000000,0,1.0,q1-to-q16-f0.5,two_stage,139,133,2301,2202,139,133,2208,999136,8.553956834532373,8.556390977443609,0.026783627392693143,0.9965908947945217,216,381.65669504231266,62.02060899131117,391.59969034257114,61.10937036850368,443.67730403362384,452.7090607110748
cliffwalking-H8-N192-D0-R0,cliffwalking-H8-N192-D0,cliffwalking,8,192,2304,1000000,0,0.0,q1-to-q16-f0.75,two_stage,180,172,2295,2193,180,172,2208,999136,4.75,4.75,0.026783627392693143,0.9965908947945217,216,372.47617075921454,12.871472339257446,383.60491348306056,12.574381288746782,372.47617075921454,383.60491348306056
cliffwalking-H8-N192-D0-R0.1,cliffwalking-H8-N192-D0,cliffwalking,8,192,2304,1000000,0,0.1,q1-to-q16-f0.75,two_stage,180,172,2295,2193,180,172,2208,999136,4.75,4.75,0.026783627392693143,0.9965908947945217,216,372.47617075921454,12.871472339257446,383.60491348306056,12.574381288746782,373.7633179931403,384.86235161193525
cliffwalking-H8-N192-D0-R0.3,cliffwalking-H8-N192-D0,cliffwalking,8,192,2304,1000000,0,0.3,q1-to-q16-f0.75,two_stage,180,172,2295,2193,180,172,2208,999136,4.75,4.75,0.026783627392693143,0.9965908947945217,216,372.47617075921454,12.871472339257446,383.60491348306056,12.574381288746782,376.33761246099175,387.3772278696846
cliffwalking-H8-N192-D0-R0.5,cliffwalking-H8-N192-D0,cliffwalking,8,192,2304,1000000,0,0.5,q1-to-q16-f0.75,two_stage,180,172,2295,2193,180,172,2208,999136,4.75,4.75,0.026783627392693143,0.9965908947945217,216,372.47617075921454,12.871472339257446,383.60491348306056,12.574381288746782,378.9119069288433,389.8921041274339
cliffwalking-H8-N192-D0-R0.7,cliffwalking-H8-N192-D0,cliffwalking,8,192,2304,1000000,0,0.7,q1-to-q16-f0.75,two_stage,180,172,2295,2193,180,172,2208,999136,4.75,4.75,0.026783627392693143,0.9965908947945217,216,372.47617075921454,12.871472339257446,383.60491348306056,12.574381288746782,381.48620139669475,392.4069803851833
cliffwalking-H8-N192-D0-R0.9,cliffwalking-H8-N192-D0,cliffwalking,8,192,2304,1000000,0,0.9,q1-to-q16-f0.75,two_stage,180,172,2295,2193,180,172,2208,999136,4.75,4.75,0.026783627392693143,0.9965908947945217,216,372.47617075921454,12.871472339257446,383.60491348306056,12.574381288746782,384.0604958645462,394.92185664293265
cliffwalking-H8-N192-D0-R1,cliffwalking-H8-N192-D0,cliffwalking,8,192,2304,1000000,0,1.0,q1-to-q16-f0.75,two_stage,180,172,2295,2193,180,172,2208,999136,4.75,4.75,0.026783627392693143,0.9965908947945217,216,372.47617075921454,12.871472339257446,383.60491348306056,12.574381288746782,385.34764309847196,396.17929477180735
cliffwalking-H8-N192-D0-R0,cliffwalking-H8-N192-D0,cliffwalking,8,192,2304,1000000,0,0.0,q16-to-q1-f0.25,two_stage,181,173,2304,2202,181,173,2208,999136,4.7292817679558015,4.728323699421965,0.026783627392693143,0.9965908947945217,216,368.5154881101322,15.57982924174314,378.6893250188493,16.205103385763234,368.5154881101322,378.6893250188493
cliffwalking-H8-N192-D0-R0.1,cliffwalking-H8-N192-D0,cliffwalking,8,192,2304,1000000,0,0.1,q16-to-q1-f0.25,two_stage,181,173,2304,2202,181,173,2208,999136,4.7292817679558015,4.728323699421965,0.026783627392693143,0.9965908947945217,216,368.5154881101322,15.57982924174314,378.6893250188493,16.205103385763234,370.0734710343065,380.3098353574256
cliffwalking-H8-N192-D0-R0.3,cliffwalking-H8-N192-D0,cliffwalking,8,192,2304,1000000,0,0.3,q16-to-q1-f0.25,two_stage,181,173,2304,2202,181,173,2208,999136,4.7292817679558015,4.728323699421965,0.026783627392693143,0.9965908947945217,216,368.5154881101322,15.57982924174314,378.6893250188493,16.205103385763234,373.1894368826551,383.55085603457826
cliffwalking-H8-N192-D0-R0.5,cliffwalking-H8-N192-D0,cliffwalking,8,192,2304,1000000,0,0.5,q16-to-q1-f0.25,two_stage,181,173,2304,2202,181,173,2208,999136,4.7292817679558015,4.728323699421965,0.026783627392693143,0.9965908947945217,216,368.5154881101322,15.57982924174314,378.6893250188493,16.205103385763234,376.30540273100377,386.7918767117309
cliffwalking-H8-N192-D0-R0.7,cliffwalking-H8-N192-D0,cliffwalking,8,192,2304,1000000,0,0.7,q16-to-q1-f0.25,two_stage,181,173,2304,2202,181,173,2208,999136,4.7292817679558015,4.728323699421965,0.026783627392693143,0.9965908947945217,216,368.5154881101322,15.57982924174314,378.6893250188493,16.205103385763234,379.4213685793524,390.03289738888355
cliffwalking-H8-N192-D0-R0.9,cliffwalking-H8-N192-D0,cliffwalking,8,192,2304,1000000,0,0.9,q16-to-q1-f0.25,two_stage,181,173,2304,2202,181,173,2208,999136,4.7292817679558015,4.728323699421965,0.026783627392693143,0.9965908947945217,216,368.5154881101322,15.57982924174314,378.6893250188493,16.205103385763234,382.537334427701,393.2739180660362
cliffwalking-H8-N192-D0-R1,cliffwalking-H8-N192-D0,cliffwalking,8,192,2304,1000000,0,1.0,q16-to-q1-f0.25,two_stage,181,173,2304,2202,181,173,2208,999136,4.7292817679558015,4.728323699421965,0.026783627392693143,0.9965908947945217,216,368.5154881101322,15.57982924174314,378.6893250188493,16.205103385763234,384.09531735187534,394.8944284046125
cliffwalking-H8-N192-D0-R0,cliffwalking-H8-N192-D0,cliffwalking,8,192,2304,1000000,0,0.0,q16-to-q1-f0.5,two_stage,139,133,2286,2187,139,133,2208,999136,8.446043165467627,8.443609022556391,0.026783627392693143,0.9965908947945217,216,379.1313902776362,64.54591375598734,387.1911573136453,65.5179033974299,379.1313902776362,387.1911573136453
cliffwalking-H8-N192-D0-R0.1,cliffwalking-H8-N192-D0,cliffwalking,8,192,2304,1000000,0,0.1,q16-to-q1-f0.5,two_stage,139,133,2286,2187,139,133,2208,999136,8.446043165467627,8.443609022556391,0.026783627392693143,0.9965908947945217,216,379.1313902776362,64.54591375598734,387.1911573136453,65.5179033974299,385.58598165323497,393.7429476533883
cliffwalking-H8-N192-D0-R0.3,cliffwalking-H8-N192-D0,cliffwalking,8,192,2304,1000000,0,0.3,q16-to-q1-f0.5,two_stage,139,133,2286,2187,139,133,2208,999136,8.446043165467627,8.443609022556391,0.026783627392693143,0.9965908947945217,216,379.1313902776362,64.54591375598734,387.1911573136453,65.5179033974299,398.49516440443244,406.8465283328743
cliffwalking-H8-N192-D0-R0.5,cliffwalking-H8-N192-D0,cliffwalking,8,192,2304,1000000,0,0.5,q16-to-q1-f0.5,two_stage,139,133,2286,2187,139,133,2208,999136,8.446043165467627,8.443609022556391,0.026783627392693143,0.9965908947945217,216,379.1313902776362,64.54591375598734,387.1911573136453,65.5179033974299,411.4043471556299,419.95010901236026
cliffwalking-H8-N192-D0-R0.7,cliffwalking-H8-N192-D0,cliffwalking,8,192,2304,1000000,0,0.7,q16-to-q1-f0.5,two_stage,139,133,2286,2187,139,133,2208,999136,8.446043165467627,8.443609022556391,0.026783627392693143,0.9965908947945217,216,379.1313902776362,64.54591375598734,387.1911573136453,65.5179033974299,424.31352990682734,433.0536896918462
cliffwalking-H8-N192-D0-R0.9,cliffwalking-H8-N192-D0,cliffwalking,8,192,2304,1000000,0,0.9,q16-to-q1-f0.5,two_stage,139,133,2286,2187,139,133,2208,999136,8.446043165467627,8.443609022556391,0.026783627392693143,0.9965908947945217,216,379.1313902776362,64.54591375598734,387.1911573136453,65.5179033974299,437.2227126580248,446.15727037133223
cliffwalking-H8-N192-D0-R1,cliffwalking-H8-N192-D0,cliffwalking,8,192,2304,1000000,0,1.0,q16-to-q1-f0.5,two_stage,139,133,2286,2187,139,133,2208,999136,8.446043165467627,8.443609022556391,0.026783627392693143,0.9965908947945217,216,379.1313902776362,64.54591375598734,387.1911573136453,65.5179033974299,443.67730403362356,452.7090607110752
cliffwalking-H8-N192-D0-R0,cliffwalking-H8-N192-D0,cliffwalking,8,192,2304,1000000,0,0.0,q16-to-q1-f0.75,two_stage,114,109,2301,2196,114,109,2208,999136,12.18421052631579,12.146788990825687,0.026783627392693143,0.9965908947945217,216,365.90029264042926,115.91446403424555,374.47769574111663,115.16391410850375,365.90029264042926,374.47769574111663
cliffwalking-H8-N192-D0-R0.1,cliffwalking-H8-N192-D0,cliffwalking,8,192,2304,1000000,0,0.1,q16-to-q1-f0.75,two_stage,114,109,2301,2196,114,109,2208,999136,12.18421052631579,12.146788990825687,0.026783627392693143,0.9965908947945217,216,365.90029264042926,115.91446403424555,374.47769574111663,115.16391410850375,377.49173904385384,385.994087151967
cliffwalking-H8-N192-D0-R0.3,cliffwalking-H8-N192-D0,cliffwalking,8,192,2304,1000000,0,0.3,q16-to-q1-f0.75,two_stage,114,109,2301,2196,114,109,2208,999136,12.18421052631579,12.146788990825687,0.026783627392693143,0.9965908947945217,216,365.90029264042926,115.91446403424555,374.47769574111663,115.16391410850375,400.6746318507029,409.0268699736678
cliffwalking-H8-N192-D0-R0.5,cliffwalking-H8-N192-D0,cliffwalking,8,192,2304,1000000,0,0.5,q16-to-q1-f0.75,two_stage,114,109,2301,2196,114,109,2208,999136,12.18421052631579,12.146788990825687,0.026783627392693143,0.9965908947945217,216,365.90029264042926,115.91446403424555,374.47769574111663,115.16391410850375,423.85752465755206,432.0596527953685
cliffwalking-H8-N192-D0-R0.7,cliffwalking-H8-N192-D0,cliffwalking,8,192,2304,1000000,0,0.7,q16-to-q1-f0.75,two_stage,114,109,2301,2196,114,109,2208,999136,12.18421052631579,12.146788990825687,0.026783627392693143,0.9965908947945217,216,365.90029264042926,115.91446403424555,374.47769574111663,115.16391410850375,447.0404174644011,455.09243561706927
cliffwalking-H8-N192-D0-R0.9,cliffwalking-H8-N192-D0,cliffwalking,8,192,2304,1000000,0,0.9,q16-to-q1-f0.75,two_stage,114,109,2301,2196,114,109,2208,999136,12.18421052631579,12.146788990825687,0.026783627392693143,0.9965908947945217,216,365.90029264042926,115.91446403424555,374.47769574111663,115.16391410850375,470.2233102712503,478.12521843877
cliffwalking-H8-N192-D0-R1,cliffwalking-H8-N192-D0,cliffwalking,8,192,2304,1000000,0,1.0,q16-to-q1-f0.75,two_stage,114,109,2301,2196,114,109,2208,999136,12.18421052631579,12.146788990825687,0.026783627392693143,0.9965908947945217,216,365.90029264042926,115.91446403424555,374.47769574111663,115.16391410850375,481.8147566746748,489.6416098496204
cliffwalking-H8-N192-D4-R0,cliffwalking-H8-N192-D4,cliffwalking,8,192,2304,1000000,4,0.0,fixed-q1,fixed,256,245,2304,2205,260,249,2208,999132,1.0,1.0,0.026783627392693143,0.9965433482687954,216,300.19688169268846,0.0,311.8062615630155,0.0,300.19688169268846,311.8062615630155
cliffwalking-H8-N192-D4-R0.1,cliffwalking-H8-N192-D4,cliffwalking,8,192,2304,1000000,4,0.1,fixed-q1,fixed,256,245,2304,2205,260,249,2208,999132,1.0,1.0,0.026783627392693143,0.9965433482687954,216,300.19688169268846,0.0,311.8062615630155,0.0,300.19688169268846,311.8062615630155
cliffwalking-H8-N192-D4-R0.3,cliffwalking-H8-N192-D4,cliffwalking,8,192,2304,1000000,4,0.3,fixed-q1,fixed,256,245,2304,2205,260,249,2208,999132,1.0,1.0,0.026783627392693143,0.9965433482687954,216,300.19688169268846,0.0,311.8062615630155,0.0,300.19688169268846,311.8062615630155
cliffwalking-H8-N192-D4-R0.5,cliffwalking-H8-N192-D4,cliffwalking,8,192,2304,1000000,4,0.5,fixed-q1,fixed,256,245,2304,2205,260,249,2208,999132,1.0,1.0,0.026783627392693143,0.9965433482687954,216,300.19688169268846,0.0,311.8062615630155,0.0,300.19688169268846,311.8062615630155
cliffwalking-H8-N192-D4-R0.7,cliffwalking-H8-N192-D4,cliffwalking,8,192,2304,1000000,4,0.7,fixed-q1,fixed,256,245,2304,2205,260,249,2208,999132,1.0,1.0,0.026783627392693143,0.9965433482687954,216,300.19688169268846,0.0,311.8062615630155,0.0,300.19688169268846,311.8062615630155
cliffwalking-H8-N192-D4-R0.9,cliffwalking-H8-N192-D4,cliffwalking,8,192,2304,1000000,4,0.9,fixed-q1,fixed,256,245,2304,2205,260,249,2208,999132,1.0,1.0,0.026783627392693143,0.9965433482687954,216,300.19688169268846,0.0,311.8062615630155,0.0,300.19688169268846,311.8062615630155
cliffwalking-H8-N192-D4-R1,cliffwalking-H8-N192-D4,cliffwalking,8,192,2304,1000000,4,1.0,fixed-q1,fixed,256,245,2304,2205,260,249,2208,999132,1.0,1.0,0.026783627392693143,0.9965433482687954,216,300.19688169268846,0.0,311.8062615630155,0.0,300.19688169268846,311.8062615630155
cliffwalking-H8-N192-D4-R0,cliffwalking-H8-N192-D4,cliffwalking,8,192,2304,1000000,4,0.0,fixed-q4,fixed,192,184,2304,2208,196,188,2208,999132,4.0,4.0,0.026783627392693143,0.9965433482687954,216,270.9903675167799,104.08752084877922,280.8626356487735,104.8828552795949,270.9903675167799,280.8626356487735
cliffwalking-H8-N192-D4-R0.1,cliffwalking-H8-N192-D4,cliffwalking,8,192,2304,1000000,4,0.1,fixed-q4,fixed,192,184,2304,2208,196,188,2208,999132,4.0,4.0,0.026783627392693143,0.9965433482687954,216,270.9903675167799,104.08752084877922,280.8626356487735,104.8828552795949,281.3991196016578,291.350921176733
cliffwalking-H8-N192-D4-R0.3,cliffwalking-H8-N192-D4,cliffwalking,8,192,2304,1000000,4,0.3,fixed-q4,fixed,192,184,2304,2208,196,188,2208,999132,4.0,4.0,0.026783627392693143,0.9965433482687954,216,270.9903675167799,104.08752084877922,280.8626356487735,104.8828552795949,302.21662377141365,312.327492232652
cliffwalking-H8-N192-D4-R0.5,cliffwalking-H8-N192-D4,cliffwalking,8,192,2304,1000000,4,0.5,fixed-q4,fixed,192,184,2304,2208,196,188,2208,999132,4.0,4.0,0.026783627392693143,0.9965433482687954,216,270.9903675167799,104.08752084877922,280.8626356487735,104.8828552795949,323.0341279411695,333.30406328857094
cliffwalking-H8-N192-D4-R0.7,cliffwalking-H8-N192-D4,cliffwalking,8,192,2304,1000000,4,0.7,fixed-q4,fixed,192,184,2304,2208,196,188,2208,999132,4.0,4.0,0.026783627392693143,0.9965433482687954,216,270.9903675167799,104.08752084877922,280.8626356487735,104.8828552795949,343.8516321109253,354.28063434448995
cliffwalking-H8-N192-D4-R0.9,cliffwalking-H8-N192-D4,cliffwalking,8,192,2304,1000000,4,0.9,fixed-q4,fixed,192,184,2304,2208,196,188,2208,999132,4.0,4.0,0.026783627392693143,0.9965433482687954,216,270.9903675167799,104.08752084877922,280.8626356487735,104.8828552795949,364.6691362806812,375.2572054004089
cliffwalking-H8-N192-D4-R1,cliffwalking-H8-N192-D4,cliffwalking,8,192,2304,1000000,4,1.0,fixed-q4,fixed,192,184,2304,2208,196,188,2208,999132,4.0,4.0,0.026783627392693143,0.9965433482687954,216,270.9903675167799,104.08752084877922,280.8626356487735,104.8828552795949,375.0778883655591,385.74549092836844
cliffwalking-H8-N192-D4-R0,cliffwalking-H8-N192-D4,cliffwalking,8,192,2304,1000000,4,0.0,fixed-q16,fixed,96,92,2304,2208,100,96,2208,999132,16.0,16.0,0.026783627392693143,0.9965433482687954,216,385.70114546008466,133.17517509904596,392.81614136435974,132.3819897639529,385.70114546008466,392.81614136435974
cliffwalking-H8-N192-D4-R0.1,cliffwalking-H8-N192-D4,cliffwalking,8,192,2304,1000000,4,0.1,fixed-q16,fixed,96,92,2304,2208,100,96,2208,999132,16.0,16.0,0.026783627392693143,0.9965433482687954,216,385.70114546008466,133.17517509904596,392.81614136435974,132.3819897639529,399.01866296998924,406.054340340755
cliffwalking-H8-N192-D4-R0.3,cliffwalking-H8-N192-D4,cliffwalking,8,192,2304,1000000,4,0.3,fixed-q16,fixed,96,92,2304,2208,100,96,2208,999132,16.0,16.0,0.026783627392693143,0.9965433482687954,216,385.70114546008466,133.17517509904596,392.81614136435974,132.3819897639529,425.65369798979845,432.5307382935456
cliffwalking-H8-N192-D4-R0.5,cliffwalking-H8-N192-D4,cliffwalking,8,192,2304,1000000,4,0.5,fixed-q16,fixed,96,92,2304,2208,100,96,2208,999132,16.0,16.0,0.026783627392693143,0.9965433482687954,216,385.70114546008466,133.17517509904596,392.81614136435974,132.3819897639529,452.28873300960765,459.0071362463362
cliffwalking-H8-N192-D4-R0.7,cliffwalking-H8-N192-D4,cliffwalking,8,192,2304,1000000,4,0.7,fixed-q16,fixed,96,92,2304,2208,100,96,2208,999132,16.0,16.0,0.026783627392693143,0.9965433482687954,216,385.70114546008466,133.17517509904596,392.81614136435974,132.3819897639529,478.9237680294168,485.4835341991268
cliffwalking-H8-N192-D4-R0.9,cliffwalking-H8-N192-D4,cliffwalking,8,192,2304,1000000,4,0.9,fixed-q16,fixed,96,92,2304,2208,100,96,2208,999132,16.0,16.0,0.026783627392693143,0.9965433482687954,216,385.70114546008466,133.17517509904596,392.81614136435974,132.3819897639529,505.558803049226,511.95993215191737
cliffwalking-H8-N192-D4-R1,cliffwalking-H8-N192-D4,cliffwalking,8,192,2304,1000000,4,1.0,fixed-q16,fixed,96,92,2304,2208,100,96,2208,999132,16.0,16.0,0.026783627392693143,0.9965433482687954,216,385.70114546008466,133.17517509904596,392.81614136435974,132.3819897639529,518.8763205591306,525.1981311283126
cliffwalking-H8-N192-D4-R0,cliffwalking-H8-N192-D4,cliffwalking,8,192,2304,1000000,4,0.0,q1-to-q16-f0.25,two_stage,113,108,2292,2187,117,112,2208,999132,12.283185840707965,12.25,0.026783627392693143,0.9965433482687954,216,380.19980911595223,111.5958627689089,388.7890140325191,110.96650642619845,380.19980911595223,388.7890140325191
cliffwalking-H8-N192-D4-R0.1,cliffwalking-H8-N192-D4,cliffwalking,8,192,2304,1000000,4,0.1,q1-to-q16-f0.25,two_stage,113,108,2292,2187,117,112,2208,999132,12.283185840707965,12.25,0.026783627392693143,0.9965433482687954,216,380.19980911595223,111.5958627689089,388.7890140325191,110.96650642619845,391.3593953928431,399.88566467513897
cliffwalking-H8-N192-D4-R0.3,cliffwalking-H8-N192-D4,cliffwalking,8,192,2304,1000000,4,0.3,q1-to-q16-f0.25,two_stage,113,108,2292,2187,117,112,2208,999132,12.283185840707965,12.25,0.026783627392693143,0.9965433482687954,216,380.19980911595223,111.5958627689089,388.7890140325191,110.96650642619845,413.6785679466249,422.07896596037864
cliffwalking-H8-N192-D4-R0.5,cliffwalking-H8-N192-D4,cliffwalking,8,192,2304,1000000,4,0.5,q1-to-q16-f0.25,two_stage,113,108,2292,2187,117,112,2208,999132,12.283185840707965,12.25,0.026783627392693143,0.9965433482687954,216,380.19980911595223,111.5958627689089,388.7890140325191,110.96650642619845,435.9977405004067,444.2722672456183
cliffwalking-H8-N192-D4-R0.7,cliffwalking-H8-N192-D4,cliffwalking,8,192,2304,1000000,4,0.7,q1-to-q16-f0.25,two_stage,113,108,2292,2187,117,112,2208,999132,12.283185840707965,12.25,0.026783627392693143,0.9965433482687954,216,380.19980911595223,111.5958627689089,388.7890140325191,110.96650642619845,458.3169130541885,466.46556853085804
cliffwalking-H8-N192-D4-R0.9,cliffwalking-H8-N192-D4,cliffwalking,8,192,2304,1000000,4,0.9,q1-to-q16-f0.25,two_stage,113,108,2292,2187,117,112,2208,999132,12.283185840707965,12.25,0.026783627392693143,0.9965433482687954,216,380.19980911595223,111.5958627689089,388.7890140325191,110.96650642619845,480.63608560797024,488.6588698160977
cliffwalking-H8-N192-D4-R1,cliffwalking-H8-N192-D4,cliffwalking,8,192,2304,1000000,4,1.0,q1-to-q16-f0.25,two_stage,113,108,2292,2187,117,112,2208,999132,12.283185840707965,12.25,0.026783627392693143,0.9965433482687954,216,380.19980911595223,111.5958627689089,388.7890140325191,110.96650642619845,491.7956718848611,499.75552045871757
cliffwalking-H8-N192-D4-R0,cliffwalking-H8-N192-D4,cliffwalking,8,192,2304,1000000,4,0.0,q1-to-q16-f0.5,two_stage,139,133,2301,2202,143,137,2208,999132,8.553956834532373,8.556390977443609,0.026783627392693143,0.9965433482687954,216,383.5984427300354,67.38588493337127,393.78043061650453,66.47605362142694,383.5984427300354,393.78043061650453
cliffwalking-H8-N192-D4-R0.1,cliffwalking-H8-N192-D4,cliffwalking,8,192,2304,1000000,4,0.1,q1-to-q16-f0.5,two_stage,139,133,2301,2202,143,137,2208,999132,8.553956834532373,8.556390977443609,0.026783627392693143,0.9965433482687954,216,383.5984427300354,67.38588493337127,393.78043061650453,66.47605362142694,390.33703122337255,400.42803597864724
cliffwalking-H8-N192-D4-R0.3,cliffwalking-H8-N192-D4,cliffwalking,8,192,2304,1000000,4,0.3,q1-to-q16-f0.5,two_stage,139,133,2301,2202,143,137,2208,999132,8.553956834532373,8.556390977443609,0.026783627392693143,0.9965433482687954,216,383.5984427300354,67.38588493337127,393.78043061650453,66.47605362142694,403.8142082100468,413.7232467029326
cliffwalking-H8-N192-D4-R0.5,cliffwalking-H8-N192-D4,cliffwalking,8,192,2304,1000000,4,0.5,q1-to-q16-f0.5,two_stage,139,133,2301,2202,143,137,2208,999132,8.553956834532373,8.556390977443609,0.026783627392693143,0.9965433482687954,216,383.5984427300354,67.38588493337127,393.78043061650453,66.47605362142694,417.291385196721,427.018457427218
cliffwalking-H8-N192-D4-R0.7,cliffwalking-H8-N192-D4,cliffwalking,8,192,2304,1000000,4,0.7,q1-to-q16-f0.5,two_stage,139,133,2301,2202,143,137,2208,999132,8.553956834532373,8.556390977443609,0.026783627392693143,0.9965433482687954,216,383.5984427300354,67.38588493337127,393.78043061650453,66.47605362142694,430.76856218339526,440.3136681515034
cliffwalking-H8-N192-D4-R0.9,cliffwalking-H8-N192-D4,cliffwalking,8,192,2304,1000000,4,0.9,q1-to-q16-f0.5,two_stage,139,133,2301,2202,143,137,2208,999132,8.553956834532373,8.556390977443609,0.026783627392693143,0.9965433482687954,216,383.5984427300354,67.38588493337127,393.78043061650453,66.47605362142694,444.24573917006956,453.6088788757888
cliffwalking-H8-N192-D4-R1,cliffwalking-H8-N192-D4,cliffwalking,8,192,2304,1000000,4,1.0,q1-to-q16-f0.5,two_stage,139,133,2301,2202,143,137,2208,999132,8.553956834532373,8.556390977443609,0.026783627392693143,0.9965433482687954,216,383.5984427300354,67.38588493337127,393.78043061650453,66.47605362142694,450.9843276634067,460.2564842379315
cliffwalking-H8-N192-D4-R0,cliffwalking-H8-N192-D4,cliffwalking,8,192,2304,1000000,4,0.0,q1-to-q16-f0.75,two_stage,180,172,2295,2193,184,176,2208,999132,4.75,4.75,0.026783627392693143,0.9965433482687954,216,377.06344851686237,14.125250564942283,388.48195600644783,13.80926227193945,377.06344851686237,388.48195600644783
cliffwalking-H8-N192-D4-R0.1,cliffwalking-H8-N192-D4,cliffwalking,8,192,2304,1000000,4,0.1,q1-to-q16-f0.75,two_stage,180,172,2295,2193,184,176,2208,999132,4.75,4.75,0.026783627392693143,0.9965433482687954,216,377.06344851686237,14.125250564942283,388.48195600644783,13.80926227193945,378.4759735733566,389.86288223364176
cliffwalking-H8-N192-D4-R0.3,cliffwalking-H8-N192-D4,cliffwalking,8,192,2304,1000000,4,0.3,q1-to-q16-f0.75,two_stage,180,172,2295,2193,184,176,2208,999132,4.75,4.75,0.026783627392693143,0.9965433482687954,216,377.06344851686237,14.125250564942283,388.48195600644783,13.80926227193945,381.30102368634505,392.62473468802966
cliffwalking-H8-N192-D4-R0.5,cliffwalking-H8-N192-D4,cliffwalking,8,192,2304,1000000,4,0.5,q1-to-q16-f0.75,two_stage,180,172,2295,2193,184,176,2208,999132,4.75,4.75,0.026783627392693143,0.9965433482687954,216,377.06344851686237,14.125250564942283,388.48195600644783,13.80926227193945,384.1260737993335,395.38658714241757
cliffwalking-H8-N192-D4-R0.7,cliffwalking-H8-N192-D4,cliffwalking,8,192,2304,1000000,4,0.7,q1-to-q16-f0.75,two_stage,180,172,2295,2193,184,176,2208,999132,4.75,4.75,0.026783627392693143,0.9965433482687954,216,377.06344851686237,14.125250564942283,388.48195600644783,13.80926227193945,386.951123912322,398.1484395968055
cliffwalking-H8-N192-D4-R0.9,cliffwalking-H8-N192-D4,cliffwalking,8,192,2304,1000000,4,0.9,q1-to-q16-f0.75,two_stage,180,172,2295,2193,184,176,2208,999132,4.75,4.75,0.026783627392693143,0.9965433482687954,216,377.06344851686237,14.125250564942283,388.48195600644783,13.80926227193945,389.7761740253104,400.9102920511933
cliffwalking-H8-N192-D4-R1,cliffwalking-H8-N192-D4,cliffwalking,8,192,2304,1000000,4,1.0,q1-to-q16-f0.75,two_stage,180,172,2295,2193,184,176,2208,999132,4.75,4.75,0.026783627392693143,0.9965433482687954,216,377.06344851686237,14.125250564942283,388.48195600644783,13.80926227193945,391.18869908180466,402.2912182783873
cliffwalking-H8-N192-D4-R0,cliffwalking-H8-N192-D4,cliffwalking,8,192,2304,1000000,4,0.0,q16-to-q1-f0.25,two_stage,181,173,2304,2202,185,177,2208,999132,4.7292817679558015,4.728323699421965,0.026783627392693143,0.9965433482687954,216,373.93980196561074,15.932201478305007,384.37514601093403,16.564628396911605,373.93980196561074,384.37514601093403
cliffwalking-H8-N192-D4-R0.1,cliffwalking-H8-N192-D4,cliffwalking,8,192,2304,1000000,4,0.1,q16-to-q1-f0.25,two_stage,181,173,2304,2202,185,177,2208,999132,4.7292817679558015,4.728323699421965,0.026783627392693143,0.9965433482687954,216,373.93980196561074,15.932201478305007,384.37514601093403,16.564628396911605,375.53302211344123,386.0316088506252
cliffwalking-H8-N192-D4-R0.3,cliffwalking-H8-N192-D4,cliffwalking,8,192,2304,1000000,4,0.3,q16-to-q1-f0.25,two_stage,181,173,2304,2202,185,177,2208,999132,4.7292817679558015,4.728323699421965,0.026783627392693143,0.9965433482687954,216,373.93980196561074,15.932201478305007,384.37514601093403,16.564628396911605,378.7194624091022,389.34453453000754
cliffwalking-H8-N192-D4-R0.5,cliffwalking-H8-N192-D4,cliffwalking,8,192,2304,1000000,4,0.5,q16-to-q1-f0.25,two_stage,181,173,2304,2202,185,177,2208,999132,4.7292817679558015,4.728323699421965,0.026783627392693143,0.9965433482687954,216,373.93980196561074,15.932201478305007,384.37514601093403,16.564628396911605,381.90590270476326,392.65746020938985
cliffwalking-H8-N192-D4-R0.7,cliffwalking-H8-N192-D4,cliffwalking,8,192,2304,1000000,4,0.7,q16-to-q1-f0.25,two_stage,181,173,2304,2202,185,177,2208,999132,4.7292817679558015,4.728323699421965,0.026783627392693143,0.9965433482687954,216,373.93980196561074,15.932201478305007,384.37514601093403,16.564628396911605,385.09234300042425,395.97038588877217
cliffwalking-H8-N192-D4-R0.9,cliffwalking-H8-N192-D4,cliffwalking,8,192,2304,1000000,4,0.9,q16-to-q1-f0.25,two_stage,181,173,2304,2202,185,177,2208,999132,4.7292817679558015,4.728323699421965,0.026783627392693143,0.9965433482687954,216,373.93980196561074,15.932201478305007,384.37514601093403,16.564628396911605,388.27878329608524,399.2833115681545
cliffwalking-H8-N192-D4-R1,cliffwalking-H8-N192-D4,cliffwalking,8,192,2304,1000000,4,1.0,q16-to-q1-f0.25,two_stage,181,173,2304,2202,185,177,2208,999132,4.7292817679558015,4.728323699421965,0.026783627392693143,0.9965433482687954,216,373.93980196561074,15.932201478305007,384.37514601093403,16.564628396911605,389.87200344391573,400.9397744078456
cliffwalking-H8-N192-D4-R0,cliffwalking-H8-N192-D4,cliffwalking,8,192,2304,1000000,4,0.0,q16-to-q1-f0.5,two_stage,139,133,2286,2187,143,137,2208,999132,8.446043165467627,8.443609022556391,0.026783627392693143,0.9965433482687954,216,383.3953509482412,67.58897671516543,391.52237832922,68.73410590871153,383.3953509482412,391.52237832922
cliffwalking-H8-N192-D4-R0.1,cliffwalking-H8-N192-D4,cliffwalking,8,192,2304,1000000,4,0.1,q16-to-q1-f0.5,two_stage,139,133,2286,2187,143,137,2208,999132,8.446043165467627,8.443609022556391,0.026783627392693143,0.9965433482687954,216,383.3953509482412,67.58897671516543,391.52237832922,68.73410590871153,390.1542486197577,398.39578892009115
cliffwalking-H8-N192-D4-R0.3,cliffwalking-H8-N192-D4,cliffwalking,8,192,2304,1000000,4,0.3,q16-to-q1-f0.5,two_stage,139,133,2286,2187,143,137,2208,999132,8.446043165467627,8.443609022556391,0.026783627392693143,0.9965433482687954,216,383.3953509482412,67.58897671516543,391.52237832922,68.73410590871153,403.6720439627908,412.14261010183344
cliffwalking-H8-N192-D4-R0.5,cliffwalking-H8-N192-D4,cliffwalking,8,192,2304,1000000,4,0.5,q16-to-q1-f0.5,two_stage,139,133,2286,2187,143,137,2208,999132,8.446043165467627,8.443609022556391,0.026783627392693143,0.9965433482687954,216,383.3953509482412,67.58897671516543,391.52237832922,68.73410590871153,417.1898393058239,425.88943128357573
cliffwalking-H8-N192-D4-R0.7,cliffwalking-H8-N192-D4,cliffwalking,8,192,2304,1000000,4,0.7,q16-to-q1-f0.5,two_stage,139,133,2286,2187,143,137,2208,999132,8.446043165467627,8.443609022556391,0.026783627392693143,0.9965433482687954,216,383.3953509482412,67.58897671516543,391.52237832922,68.73410590871153,430.707634648857,439.636252465318
cliffwalking-H8-N192-D4-R0.9,cliffwalking-H8-N192-D4,cliffwalking,8,192,2304,1000000,4,0.9,q16-to-q1-f0.5,two_stage,139,133,2286,2187,143,137,2208,999132,8.446043165467627,8.443609022556391,0.026783627392693143,0.9965433482687954,216,383.3953509482412,67.58897671516543,391.52237832922,68.73410590871153,444.22542999189005,453.38307364706037
cliffwalking-H8-N192-D4-R1,cliffwalking-H8-N192-D4,cliffwalking,8,192,2304,1000000,4,1.0,q16-to-q1-f0.5,two_stage,139,133,2286,2187,143,137,2208,999132,8.446043165467627,8.443609022556391,0.026783627392693143,0.9965433482687954,216,383.3953509482412,67.58897671516543,391.52237832922,68.73410590871153,450.9843276634066,460.2564842379315
cliffwalking-H8-N192-D4-R0,cliffwalking-H8-N192-D4,cliffwalking,8,192,2304,1000000,4,0.0,q16-to-q1-f0.75,two_stage,114,109,2301,2196,118,113,2208,999132,12.18421052631579,12.146788990825687,0.026783627392693143,0.9965433482687954,216,366.16249683849406,124.01939019638078,374.78128192958354,123.39052937826725,366.16249683849406,374.78128192958354
cliffwalking-H8-N192-D4-R0.1,cliffwalking-H8-N192-D4,cliffwalking,8,192,2304,1000000,4,0.1,q16-to-q1-f0.75,two_stage,114,109,2301,2196,118,113,2208,999132,12.18421052631579,12.146788990825687,0.026783627392693143,0.9965433482687954,216,366.16249683849406,124.01939019638078,374.78128192958354,123.39052937826725,378.56443585813213,387.1203348674103
cliffwalking-H8-N192-D4-R0.3,cliffwalking-H8-N192-D4,cliffwalking,8,192,2304,1000000,4,0.3,q16-to-q1-f0.75,two_stage,114,109,2301,2196,118,113,2208,999132,12.18421052631579,12.146788990825687,0.026783627392693143,0.9965433482687954,216,366.16249683849406,124.01939019638078,374.78128192958354,123.39052937826725,403.3683138974083,411.79844074306374
cliffwalking-H8-N192-D4-R0.5,cliffwalking-H8-N192-D4,cliffwalking,8,192,2304,1000000,4,0.5,q16-to-q1-f0.75,two_stage,114,109,2301,2196,118,113,2208,999132,12.18421052631579,12.146788990825687,0.026783627392693143,0.9965433482687954,216,366.16249683849406,124.01939019638078,374.78128192958354,123.39052937826725,428.17219193668444,436.4765466187172
cliffwalking-H8-N192-D4-R0.7,cliffwalking-H8-N192-D4,cliffwalking,8,192,2304,1000000,4,0.7,q16-to-q1-f0.75,two_stage,114,109,2301,2196,118,113,2208,999132,12.18421052631579,12.146788990825687,0.026783627392693143,0.9965433482687954,216,366.16249683849406,124.01939019638078,374.78128192958354,123.39052937826725,452.9760699759606,461.1546524943706
cliffwalking-H8-N192-D4-R0.9,cliffwalking-H8-N192-D4,cliffwalking,8,192,2304,1000000,4,0.9,q16-to-q1-f0.75,two_stage,114,109,2301,2196,118,113,2208,999132,12.18421052631579,12.146788990825687,0.026783627392693143,0.9965433482687954,216,366.16249683849406,124.01939019638078,374.78128192958354,123.39052937826725,477.77994801523676,485.83275837002407
cliffwalking-H8-N192-D4-R1,cliffwalking-H8-N192-D4,cliffwalking,8,192,2304,1000000,4,1.0,q16-to-q1-f0.75,two_stage,114,109,2301,2196,118,113,2208,999132,12.18421052631579,12.146788990825687,0.026783627392693143,0.9965433482687954,216,366.16249683849406,124.01939019638078,374.78128192958354,123.39052937826725,490.1818870348749,498.1718113078508
cliffwalking-H8-N192-D8-R0,cliffwalking-H8-N192-D8,cliffwalking,8,192,2304,1000000,8,0.0,fixed-q1,fixed,256,245,2304,2205,264,253,2208,999128,1.0,1.0,0.026783627392693143,0.9964937425899467,216,305.01594494541206,0.0,316.8801700913595,0.0,305.01594494541206,316.8801700913595
cliffwalking-H8-N192-D8-R0.1,cliffwalking-H8-N192-D8,cliffwalking,8,192,2304,1000000,8,0.1,fixed-q1,fixed,256,245,2304,2205,264,253,2208,999128,1.0,1.0,0.026783627392693143,0.9964937425899467,216,305.01594494541206,0.0,316.8801700913595,0.0,305.01594494541206,316.8801700913595
cliffwalking-H8-N192-D8-R0.3,cliffwalking-H8-N192-D8,cliffwalking,8,192,2304,1000000,8,0.3,fixed-q1,fixed,256,245,2304,2205,264,253,2208,999128,1.0,1.0,0.026783627392693143,0.9964937425899467,216,305.01594494541206,0.0,316.8801700913595,0.0,305.01594494541206,316.8801700913595
cliffwalking-H8-N192-D8-R0.5,cliffwalking-H8-N192-D8,cliffwalking,8,192,2304,1000000,8,0.5,fixed-q1,fixed,256,245,2304,2205,264,253,2208,999128,1.0,1.0,0.026783627392693143,0.9964937425899467,216,305.01594494541206,0.0,316.8801700913595,0.0,305.01594494541206,316.8801700913595
cliffwalking-H8-N192-D8-R0.7,cliffwalking-H8-N192-D8,cliffwalking,8,192,2304,1000000,8,0.7,fixed-q1,fixed,256,245,2304,2205,264,253,2208,999128,1.0,1.0,0.026783627392693143,0.9964937425899467,216,305.01594494541206,0.0,316.8801700913595,0.0,305.01594494541206,316.8801700913595
cliffwalking-H8-N192-D8-R0.9,cliffwalking-H8-N192-D8,cliffwalking,8,192,2304,1000000,8,0.9,fixed-q1,fixed,256,245,2304,2205,264,253,2208,999128,1.0,1.0,0.026783627392693143,0.9964937425899467,216,305.01594494541206,0.0,316.8801700913595,0.0,305.01594494541206,316.8801700913595
cliffwalking-H8-N192-D8-R1,cliffwalking-H8-N192-D8,cliffwalking,8,192,2304,1000000,8,1.0,fixed-q1,fixed,256,245,2304,2205,264,253,2208,999128,1.0,1.0,0.026783627392693143,0.9964937425899467,216,305.01594494541206,0.0,316.8801700913595,0.0,305.01594494541206,316.8801700913595
cliffwalking-H8-N192-D8-R0,cliffwalking-H8-N192-D8,cliffwalking,8,192,2304,1000000,8,0.0,fixed-q4,fixed,192,184,2304,2208,200,192,2208,999128,4.0,4.0,0.026783627392693143,0.9964937425899467,216,271.19611260525244,110.60336882182834,281.1850254215525,111.56353407655435,271.19611260525244,281.1850254215525
cliffwalking-H8-N192-D8-R0.1,cliffwalking-H8-N192-D8,cliffwalking,8,192,2304,1000000,8,0.1,fixed-q4,fixed,192,184,2304,2208,200,192,2208,999128,4.0,4.0,0.026783627392693143,0.9964937425899467,216,271.19611260525244,110.60336882182834,281.1850254215525,111.56353407655435,282.25644948743525,292.34137882920794
cliffwalking-H8-N192-D8-R0.3,cliffwalking-H8-N192-D8,cliffwalking,8,192,2304,1000000,8,0.3,fixed-q4,fixed,192,184,2304,2208,200,192,2208,999128,4.0,4.0,0.026783627392693143,0.9964937425899467,216,271.19611260525244,110.60336882182834,281.1850254215525,111.56353407655435,304.3771232518009,314.6540856445188
cliffwalking-H8-N192-D8-R0.5,cliffwalking-H8-N192-D8,cliffwalking,8,192,2304,1000000,8,0.5,fixed-q4,fixed,192,184,2304,2208,200,192,2208,999128,4.0,4.0,0.026783627392693143,0.9964937425899467,216,271.19611260525244,110.60336882182834,281.1850254215525,111.56353407655435,326.4977970161666,336.96679245982966
cliffwalking-H8-N192-D8-R0.7,cliffwalking-H8-N192-D8,cliffwalking,8,192,2304,1000000,8,0.7,fixed-q4,fixed,192,184,2304,2208,200,192,2208,999128,4.0,4.0,0.026783627392693143,0.9964937425899467,216,271.19611260525244,110.60336882182834,281.1850254215525,111.56353407655435,348.6184707805323,359.27949927514055
cliffwalking-H8-N192-D8-R0.9,cliffwalking-H8-N192-D8,cliffwalking,8,192,2304,1000000,8,0.9,fixed-q4,fixed,192,184,2304,2208,200,192,2208,999128,4.0,4.0,0.026783627392693143,0.9964937425899467,216,271.19611260525244,110.60336882182834,281.1850254215525,111.56353407655435,370.73914454489795,381.59220609045144
cliffwalking-H8-N192-D8-R1,cliffwalking-H8-N192-D8,cliffwalking,8,192,2304,1000000,8,1.0,fixed-q4,fixed,192,184,2304,2208,200,192,2208,999128,4.0,4.0,0.026783627392693143,0.9964937425899467,216,271.19611260525244,110.60336882182834,281.1850254215525,111.56353407655435,381.79948142708076,392.74855949810683
cliffwalking-H8-N192-D8-R0,cliffwalking-H8-N192-D8,cliffwalking,8,192,2304,1000000,8,0.0,fixed-q16,fixed,96,92,2304,2208,104,100,2208,999128,16.0,16.0,0.026783627392693143,0.9964937425899467,216,385.38866647804633,144.13173842797073,392.552395259963,143.4392837593385,385.38866647804633,392.552395259963
cliffwalking-H8-N192-D8-R0.1,cliffwalking-H8-N192-D8,cliffwalking,8,192,2304,1000000,8,0.1,fixed-q16,fixed,96,92,2304,2208,104,100,2208,999128,16.0,16.0,0.026783627392693143,0.9964937425899467,216,385.38866647804633,144.13173842797073,392.552395259963,143.4392837593385,399.8018403208434,406.89632363589686
cliffwalking-H8-N192-D8-R0.3,cliffwalking-H8-N192-D8,cliffwalking,8,192,2304,1000000,8,0.3,fixed-q16,fixed,96,92,2304,2208,104,100,2208,999128,16.0,16.0,0.026783627392693143,0.9964937425899467,216,385.38866647804633,144.13173842797073,392.552395259963,143.4392837593385,428.62818800643754,435.58418038776455
cliffwalking-H8-N192-D8-R0.5,cliffwalking-H8-N192-D8,cliffwalking,8,192,2304,1000000,8,0.5,fixed-q16,fixed,96,92,2304,2208,104,100,2208,999128,16.0,16.0,0.026783627392693143,0.9964937425899467,216,385.38866647804633,144.13173842797073,392.552395259963,143.4392837593385,457.4545356920317,464.2720371396323
cliffwalking-H8-N192-D8-R0.7,cliffwalking-H8-N192-D8,cliffwalking,8,192,2304,1000000,8,0.7,fixed-q16,fixed,96,92,2304,2208,104,100,2208,999128,16.0,16.0,0.026783627392693143,0.9964937425899467,216,385.38866647804633,144.13173842797073,392.552395259963,143.4392837593385,486.28088337762586,492.9598938915
cliffwalking-H8-N192-D8-R0.9,cliffwalking-H8-N192-D8,cliffwalking,8,192,2304,1000000,8,0.9,fixed-q16,fixed,96,92,2304,2208,104,100,2208,999128,16.0,16.0,0.026783627392693143,0.9964937425899467,216,385.38866647804633,144.13173842797073,392.552395259963,143.4392837593385,515.10723106322,521.6477506433677
cliffwalking-H8-N192-D8-R1,cliffwalking-H8-N192-D8,cliffwalking,8,192,2304,1000000,8,1.0,fixed-q16,fixed,96,92,2304,2208,104,100,2208,999128,16.0,16.0,0.026783627392693143,0.9964937425899467,216,385.38866647804633,144.13173842797073,392.552395259963,143.4392837593385,529.5204049060171,535.9916790193015
cliffwalking-H8-N192-D8-R0,cliffwalking-H8-N192-D8,cliffwalking,8,192,2304,1000000,8,0.0,q1-to-q16-f0.25,two_stage,113,108,2292,2187,121,116,2208,999128,12.283185840707965,12.25,0.026783627392693143,0.9964937425899467,216,380.6400668554802,121.03872370778112,389.38048773419376,120.52592023533556,380.6400668554802,389.38048773419376
cliffwalking-H8-N192-D8-R0.1,cliffwalking-H8-N192-D8,cliffwalking,8,192,2304,1000000,8,0.1,q1-to-q16-f0.25,two_stage,113,108,2292,2187,121,116,2208,999128,12.283185840707965,12.25,0.026783627392693143,0.9964937425899467,216,380.6400668554802,121.03872370778112,389.38048773419376,120.52592023533556,392.7439392262583,401.43307975772734
cliffwalking-H8-N192-D8-R0.3,cliffwalking-H8-N192-D8,cliffwalking,8,192,2304,1000000,8,0.3,q1-to-q16-f0.25,two_stage,113,108,2292,2187,121,116,2208,999128,12.283185840707965,12.25,0.026783627392693143,0.9964937425899467,216,380.6400668554802,121.03872370778112,389.38048773419376,120.52592023533556,416.9516839678145,425.53826380479444
cliffwalking-H8-N192-D8-R0.5,cliffwalking-H8-N192-D8,cliffwalking,8,192,2304,1000000,8,0.5,q1-to-q16-f0.25,two_stage,113,108,2292,2187,121,116,2208,999128,12.283185840707965,12.25,0.026783627392693143,0.9964937425899467,216,380.6400668554802,121.03872370778112,389.38048773419376,120.52592023533556,441.1594287093708,449.64344785186154
cliffwalking-H8-N192-D8-R0.7,cliffwalking-H8-N192-D8,cliffwalking,8,192,2304,1000000,8,0.7,q1-to-q16-f0.25,two_stage,113,108,2292,2187,121,116,2208,999128,12.283185840707965,12.25,0.026783627392693143,0.9964937425899467,216,380.6400668554802,121.03872370778112,389.38048773419376,120.52592023533556,465.367173450927,473.74863189892864
cliffwalking-H8-N192-D8-R0.9,cliffwalking-H8-N192-D8,cliffwalking,8,192,2304,1000000,8,0.9,q1-to-q16-f0.25,two_stage,113,108,2292,2187,121,116,2208,999128,12.283185840707965,12.25,0.026783627392693143,0.9964937425899467,216,380.6400668554802,121.03872370778112,389.38048773419376,120.52592023533556,489.5749181924832,497.8538159459958
cliffwalking-H8-N192-D8-R1,cliffwalking-H8-N192-D8,cliffwalking,8,192,2304,1000000,8,1.0,q1-to-q16-f0.25,two_stage,113,108,2292,2187,121,116,2208,999128,12.283185840707965,12.25,0.026783627392693143,0.9964937425899467,216,380.6400668554802,121.03872370778112,389.38048773419376,120.52592023533556,501.6787905632613,509.9064079695293
cliffwalking-H8-N192-D8-R0,cliffwalking-H8-N192-D8,cliffwalking,8,192,2304,1000000,8,0.0,q1-to-q16-f0.5,two_stage,139,133,2301,2202,147,141,2208,999128,8.553956834532373,8.556390977443609,0.026783627392693143,0.9964937425899467,216,386.56985136661575,73.15805417622578,397.0281587678786,72.23204239211732,386.56985136661575,397.0281587678786
cliffwalking-H8-N192-D8-R0.1,cliffwalking-H8-N192-D8,cliffwalking,8,192,2304,1000000,8,0.1,q1-to-q16-f0.5,two_stage,139,133,2301,2202,147,141,2208,999128,8.553956834532373,8.556390977443609,0.026783627392693143,0.9964937425899467,216,386.56985136661575,73.15805417622578,397.0281587678786,72.23204239211732,393.88565678423834,404.25136300709033
cliffwalking-H8-N192-D8-R0.3,cliffwalking-H8-N192-D8,cliffwalking,8,192,2304,1000000,8,0.3,q1-to-q16-f0.5,two_stage,139,133,2301,2202,147,141,2208,999128,8.553956834532373,8.556390977443609,0.026783627392693143,0.9964937425899467,216,386.56985136661575,73.15805417622578,397.0281587678786,72.23204239211732,408.5172676194835,418.6977714855138
cliffwalking-H8-N192-D8-R0.5,cliffwalking-H8-N192-D8,cliffwalking,8,192,2304,1000000,8,0.5,q1-to-q16-f0.5,two_stage,139,133,2301,2202,147,141,2208,999128,8.553956834532373,8.556390977443609,0.026783627392693143,0.9964937425899467,216,386.56985136661575,73.15805417622578,397.0281587678786,72.23204239211732,423.1488784547286,433.1441799639373
cliffwalking-H8-N192-D8-R0.7,cliffwalking-H8-N192-D8,cliffwalking,8,192,2304,1000000,8,0.7,q1-to-q16-f0.5,two_stage,139,133,2301,2202,147,141,2208,999128,8.553956834532373,8.556390977443609,0.026783627392693143,0.9964937425899467,216,386.56985136661575,73.15805417622578,397.0281587678786,72.23204239211732,437.7804892899738,447.59058844236074
cliffwalking-H8-N192-D8-R0.9,cliffwalking-H8-N192-D8,cliffwalking,8,192,2304,1000000,8,0.9,q1-to-q16-f0.5,two_stage,139,133,2301,2202,147,141,2208,999128,8.553956834532373,8.556390977443609,0.026783627392693143,0.9964937425899467,216,386.56985136661575,73.15805417622578,397.0281587678786,72.23204239211732,452.41210012521896,462.0369969207842
cliffwalking-H8-N192-D8-R1,cliffwalking-H8-N192-D8,cliffwalking,8,192,2304,1000000,8,1.0,q1-to-q16-f0.5,two_stage,139,133,2301,2202,147,141,2208,999128,8.553956834532373,8.556390977443609,0.026783627392693143,0.9964937425899467,216,386.56985136661575,73.15805417622578,397.0281587678786,72.23204239211732,459.72790554284154,469.2602011599959
cliffwalking-H8-N192-D8-R0,cliffwalking-H8-N192-D8,cliffwalking,8,192,2304,1000000,8,0.0,q1-to-q16-f0.75,two_stage,180,172,2295,2193,188,180,2208,999128,4.75,4.75,0.026783627392693143,0.9964937425899467,216,382.9276969638222,15.408860118126576,394.67341583504793,15.063495973141297,382.9276969638222,394.67341583504793
cliffwalking-H8-N192-D8-R0.1,cliffwalking-H8-N192-D8,cliffwalking,8,192,2304,1000000,8,0.1,q1-to-q16-f0.75,two_stage,180,172,2295,2193,188,180,2208,999128,4.75,4.75,0.026783627392693143,0.9964937425899467,216,382.9276969638222,15.408860118126576,394.67341583504793,15.063495973141297,384.46858297563483,396.17976543236205
cliffwalking-H8-N192-D8-R0.3,cliffwalking-H8-N192-D8,cliffwalking,8,192,2304,1000000,8,0.3,q1-to-q16-f0.75,two_stage,180,172,2295,2193,188,180,2208,999128,4.75,4.75,0.026783627392693143,0.9964937425899467,216,382.9276969638222,15.408860118126576,394.67341583504793,15.063495973141297,387.55035499926015,399.19246462699033
cliffwalking-H8-N192-D8-R0.5,cliffwalking-H8-N192-D8,cliffwalking,8,192,2304,1000000,8,0.5,q1-to-q16-f0.75,two_stage,180,172,2295,2193,188,180,2208,999128,4.75,4.75,0.026783627392693143,0.9964937425899467,216,382.9276969638222,15.408860118126576,394.67341583504793,15.063495973141297,390.63212702288547,402.20516382161856
cliffwalking-H8-N192-D8-R0.7,cliffwalking-H8-N192-D8,cliffwalking,8,192,2304,1000000,8,0.7,q1-to-q16-f0.75,two_stage,180,172,2295,2193,188,180,2208,999128,4.75,4.75,0.026783627392693143,0.9964937425899467,216,382.9276969638222,15.408860118126576,394.67341583504793,15.063495973141297,393.7138990465108,405.21786301624684
cliffwalking-H8-N192-D8-R0.9,cliffwalking-H8-N192-D8,cliffwalking,8,192,2304,1000000,8,0.9,q1-to-q16-f0.75,two_stage,180,172,2295,2193,188,180,2208,999128,4.75,4.75,0.026783627392693143,0.9964937425899467,216,382.9276969638222,15.408860118126576,394.67341583504793,15.063495973141297,396.7956710701361,408.2305622108751
cliffwalking-H8-N192-D8-R1,cliffwalking-H8-N192-D8,cliffwalking,8,192,2304,1000000,8,1.0,q1-to-q16-f0.75,two_stage,180,172,2295,2193,188,180,2208,999128,4.75,4.75,0.026783627392693143,0.9964937425899467,216,382.9276969638222,15.408860118126576,394.67341583504793,15.063495973141297,398.3365570819488,409.73691180818923
cliffwalking-H8-N192-D8-R0,cliffwalking-H8-N192-D8,cliffwalking,8,192,2304,1000000,8,0.0,q16-to-q1-f0.25,two_stage,181,173,2304,2202,189,181,2208,999128,4.7292817679558015,4.728323699421965,0.026783627392693143,0.9964937425899467,216,380.45118547757824,16.493145371001223,391.17859075795263,17.12896499737027,380.45118547757824,391.17859075795263
cliffwalking-H8-N192-D8-R0.1,cliffwalking-H8-N192-D8,cliffwalking,8,192,2304,1000000,8,0.1,q16-to-q1-f0.25,two_stage,181,173,2304,2202,189,181,2208,999128,4.7292817679558015,4.728323699421965,0.026783627392693143,0.9964937425899467,216,380.45118547757824,16.493145371001223,391.17859075795263,17.12896499737027,382.10050001467835,392.8914872576897
cliffwalking-H8-N192-D8-R0.3,cliffwalking-H8-N192-D8,cliffwalking,8,192,2304,1000000,8,0.3,q16-to-q1-f0.25,two_stage,181,173,2304,2202,189,181,2208,999128,4.7292817679558015,4.728323699421965,0.026783627392693143,0.9964937425899467,216,380.45118547757824,16.493145371001223,391.17859075795263,17.12896499737027,385.3991290888786,396.3172802571637
cliffwalking-H8-N192-D8-R0.5,cliffwalking-H8-N192-D8,cliffwalking,8,192,2304,1000000,8,0.5,q16-to-q1-f0.25,two_stage,181,173,2304,2202,189,181,2208,999128,4.7292817679558015,4.728323699421965,0.026783627392693143,0.9964937425899467,216,380.45118547757824,16.493145371001223,391.17859075795263,17.12896499737027,388.69775816307884,399.7430732566378
cliffwalking-H8-N192-D8-R0.7,cliffwalking-H8-N192-D8,cliffwalking,8,192,2304,1000000,8,0.7,q16-to-q1-f0.25,two_stage,181,173,2304,2202,189,181,2208,999128,4.7292817679558015,4.728323699421965,0.026783627392693143,0.9964937425899467,216,380.45118547757824,16.493145371001223,391.17859075795263,17.12896499737027,391.99638723727907,403.1688662561118
cliffwalking-H8-N192-D8-R0.9,cliffwalking-H8-N192-D8,cliffwalking,8,192,2304,1000000,8,0.9,q16-to-q1-f0.25,two_stage,181,173,2304,2202,189,181,2208,999128,4.7292817679558015,4.728323699421965,0.026783627392693143,0.9964937425899467,216,380.45118547757824,16.493145371001223,391.17859075795263,17.12896499737027,395.29501631147934,406.5946592555859
cliffwalking-H8-N192-D8-R1,cliffwalking-H8-N192-D8,cliffwalking,8,192,2304,1000000,8,1.0,q16-to-q1-f0.25,two_stage,181,173,2304,2202,189,181,2208,999128,4.7292817679558015,4.728323699421965,0.026783627392693143,0.9964937425899467,216,380.45118547757824,16.493145371001223,391.17859075795263,17.12896499737027,396.94433084857945,408.3075557553229
cliffwalking-H8-N192-D8-R0,cliffwalking-H8-N192-D8,cliffwalking,8,192,2304,1000000,8,0.0,q16-to-q1-f0.5,two_stage,139,133,2286,2187,147,141,2208,999128,8.446043165467627,8.443609022556391,0.026783627392693143,0.9964937425899467,216,388.26538059972984,71.4625249431115,396.4441183885992,72.81608277139628,388.26538059972984,396.4441183885992
cliffwalking-H8-N192-D8-R0.1,cliffwalking-H8-N192-D8,cliffwalking,8,192,2304,1000000,8,0.1,q16-to-q1-f0.5,two_stage,139,133,2286,2187,147,141,2208,999128,8.446043165467627,8.443609022556391,0.026783627392693143,0.9964937425899467,216,388.26538059972984,71.4625249431115,396.4441183885992,72.81608277139628,395.411633094041,403.7257266657388
cliffwalking-H8-N192-D8-R0.3,cliffwalking-H8-N192-D8,cliffwalking,8,192,2304,1000000,8,0.3,q16-to-q1-f0.5,two_stage,139,133,2286,2187,147,141,2208,999128,8.446043165467627,8.443609022556391,0.026783627392693143,0.9964937425899467,216,388.26538059972984,71.4625249431115,396.4441183885992,72.81608277139628,409.7041380826633,418.28894322001804
cliffwalking-H8-N192-D8-R0.5,cliffwalking-H8-N192-D8,cliffwalking,8,192,2304,1000000,8,0.5,q16-to-q1-f0.5,two_stage,139,133,2286,2187,147,141,2208,999128,8.446043165467627,8.443609022556391,0.026783627392693143,0.9964937425899467,216,388.26538059972984,71.4625249431115,396.4441183885992,72.81608277139628,423.9966430712856,432.8521597742973
cliffwalking-H8-N192-D8-R0.7,cliffwalking-H8-N192-D8,cliffwalking,8,192,2304,1000000,8,0.7,q16-to-q1-f0.5,two_stage,139,133,2286,2187,147,141,2208,999128,8.446043165467627,8.443609022556391,0.026783627392693143,0.9964937425899467,216,388.26538059972984,71.4625249431115,396.4441183885992,72.81608277139628,438.2891480599079,447.4153763285766
cliffwalking-H8-N192-D8-R0.9,cliffwalking-H8-N192-D8,cliffwalking,8,192,2304,1000000,8,0.9,q16-to-q1-f0.5,two_stage,139,133,2286,2187,147,141,2208,999128,8.446043165467627,8.443609022556391,0.026783627392693143,0.9964937425899467,216,388.26538059972984,71.4625249431115,396.4441183885992,72.81608277139628,452.5816530485302,461.9785928828558
cliffwalking-H8-N192-D8-R1,cliffwalking-H8-N192-D8,cliffwalking,8,192,2304,1000000,8,1.0,q16-to-q1-f0.5,two_stage,139,133,2286,2187,147,141,2208,999128,8.446043165467627,8.443609022556391,0.026783627392693143,0.9964937425899467,216,388.26538059972984,71.4625249431115,396.4441183885992,72.81608277139628,459.7279055428413,469.26020115999546
cliffwalking-H8-N192-D8-R0,cliffwalking-H8-N192-D8,cliffwalking,8,192,2304,1000000,8,0.0,q16-to-q1-f0.75,two_stage,114,109,2301,2196,122,117,2208,999128,12.18421052631579,12.146788990825687,0.026783627392693143,0.9964937425899467,216,366.55195059277986,133.5196753487779,375.2019061380811,133.0260467991972,366.55195059277986,375.2019061380811
cliffwalking-H8-N192-D8-R0.1,cliffwalking-H8-N192-D8,cliffwalking,8,192,2304,1000000,8,0.1,q16-to-q1-f0.75,two_stage,114,109,2301,2196,122,117,2208,999128,12.18421052631579,12.146788990825687,0.026783627392693143,0.9964937425899467,216,366.55195059277986,133.5196753487779,375.2019061380811,133.0260467991972,379.9039181276577,388.5045108180008
cliffwalking-H8-N192-D8-R0.3,cliffwalking-H8-N192-D8,cliffwalking,8,192,2304,1000000,8,0.3,q16-to-q1-f0.75,two_stage,114,109,2301,2196,122,117,2208,999128,12.18421052631579,12.146788990825687,0.026783627392693143,0.9964937425899467,216,366.55195059277986,133.5196753487779,375.2019061380811,133.0260467991972,406.60785319741325,415.10972017784025
cliffwalking-H8-N192-D8-R0.5,cliffwalking-H8-N192-D8,cliffwalking,8,192,2304,1000000,8,0.5,q16-to-q1-f0.75,two_stage,114,109,2301,2196,122,117,2208,999128,12.18421052631579,12.146788990825687,0.026783627392693143,0.9964937425899467,216,366.55195059277986,133.5196753487779,375.2019061380811,133.0260467991972,433.3117882671688,441.71492953767967
cliffwalking-H8-N192-D8-R0.7,cliffwalking-H8-N192-D8,cliffwalking,8,192,2304,1000000,8,0.7,q16-to-q1-f0.75,two_stage,114,109,2301,2196,122,117,2208,999128,12.18421052631579,12.146788990825687,0.026783627392693143,0.9964937425899467,216,366.55195059277986,133.5196753487779,375.2019061380811,133.0260467991972,460.0157233369244,468.3201388975191
cliffwalking-H8-N192-D8-R0.9,cliffwalking-H8-N192-D8,cliffwalking,8,192,2304,1000000,8,0.9,q16-to-q1-f0.75,two_stage,114,109,2301,2196,122,117,2208,999128,12.18421052631579,12.146788990825687,0.026783627392693143,0.9964937425899467,216,366.55195059277986,133.5196753487779,375.2019061380811,133.0260467991972,486.71965840667997,494.92534825735856
cliffwalking-H8-N192-D8-R1,cliffwalking-H8-N192-D8,cliffwalking,8,192,2304,1000000,8,1.0,q16-to-q1-f0.75,two_stage,114,109,2301,2196,122,117,2208,999128,12.18421052631579,12.146788990825687,0.026783627392693143,0.9964937425899467,216,366.55195059277986,133.5196753487779,375.2019061380811,133.0260467991972,500.0716259415577,508.22795293727825
cliffwalking-H32-N96-D0-R0,cliffwalking-H32-N96-D0,cliffwalking,32,96,3456,1000000,0,0.0,fixed-q1,fixed,104,98,3432,3234,104,98,3264,999136,1.0,1.0,0.026783627392693143,0.9965908947945217,216,497.36683695556445,0.0,506.69000035534026,0.0,497.36683695556445,506.69000035534026
cliffwalking-H32-N96-D0-R0.1,cliffwalking-H32-N96-D0,cliffwalking,32,96,3456,1000000,0,0.1,fixed-q1,fixed,104,98,3432,3234,104,98,3264,999136,1.0,1.0,0.026783627392693143,0.9965908947945217,216,497.36683695556445,0.0,506.69000035534026,0.0,497.36683695556445,506.69000035534026
cliffwalking-H32-N96-D0-R0.3,cliffwalking-H32-N96-D0,cliffwalking,32,96,3456,1000000,0,0.3,fixed-q1,fixed,104,98,3432,3234,104,98,3264,999136,1.0,1.0,0.026783627392693143,0.9965908947945217,216,497.36683695556445,0.0,506.69000035534026,0.0,497.36683695556445,506.69000035534026
cliffwalking-H32-N96-D0-R0.5,cliffwalking-H32-N96-D0,cliffwalking,32,96,3456,1000000,0,0.5,fixed-q1,fixed,104,98,3432,3234,104,98,3264,999136,1.0,1.0,0.026783627392693143,0.9965908947945217,216,497.36683695556445,0.0,506.69000035534026,0.0,497.36683695556445,506.69000035534026
cliffwalking-H32-N96-D0-R0.7,cliffwalking-H32-N96-D0,cliffwalking,32,96,3456,1000000,0,0.7,fixed-q1,fixed,104,98,3432,3234,104,98,3264,999136,1.0,1.0,0.026783627392693143,0.9965908947945217,216,497.36683695556445,0.0,506.69000035534026,0.0,497.36683695556445,506.69000035534026
cliffwalking-H32-N96-D0-R0.9,cliffwalking-H32-N96-D0,cliffwalking,32,96,3456,1000000,0,0.9,fixed-q1,fixed,104,98,3432,3234,104,98,3264,999136,1.0,1.0,0.026783627392693143,0.9965908947945217,216,497.36683695556445,0.0,506.69000035534026,0.0,497.36683695556445,506.69000035534026
cliffwalking-H32-N96-D0-R1,cliffwalking-H32-N96-D0,cliffwalking,32,96,3456,1000000,0,1.0,fixed-q1,fixed,104,98,3432,3234,104,98,3264,999136,1.0,1.0,0.026783627392693143,0.9965908947945217,216,497.36683695556445,0.0,506.69000035534026,0.0,497.36683695556445,506.69000035534026
cliffwalking-H32-N96-D0-R0,cliffwalking-H32-N96-D0,cliffwalking,32,96,3456,1000000,0,0.0,fixed-q4,fixed,96,90,3456,3240,96,90,3264,999136,4.0,4.0,0.026783627392693143,0.9965908947945217,216,410.9425384070908,98.84590549859571,421.300943135872,97.7335508313532,410.9425384070908,421.300943135872
cliffwalking-H32-N96-D0-R0.1,cliffwalking-H32-N96-D0,cliffwalking,32,96,3456,1000000,0,0.1,fixed-q4,fixed,96,90,3456,3240,96,90,3264,999136,4.0,4.0,0.026783627392693143,0.9965908947945217,216,410.9425384070908,98.84590549859571,421.300943135872,97.7335508313532,420.8271289569504,431.0742982190073
cliffwalking-H32-N96-D0-R0.3,cliffwalking-H32-N96-D0,cliffwalking,32,96,3456,1000000,0,0.3,fixed-q4,fixed,96,90,3456,3240,96,90,3264,999136,4.0,4.0,0.026783627392693143,0.9965908947945217,216,410.9425384070908,98.84590549859571,421.300943135872,97.7335508313532,440.5963100566695,450.62100838527795
cliffwalking-H32-N96-D0-R0.5,cliffwalking-H32-N96-D0,cliffwalking,32,96,3456,1000000,0,0.5,fixed-q4,fixed,96,90,3456,3240,96,90,3264,999136,4.0,4.0,0.026783627392693143,0.9965908947945217,216,410.9425384070908,98.84590549859571,421.300943135872,97.7335508313532,460.36549115638866,470.1677185515486
cliffwalking-H32-N96-D0-R0.7,cliffwalking-H32-N96-D0,cliffwalking,32,96,3456,1000000,0,0.7,fixed-q4,fixed,96,90,3456,3240,96,90,3264,999136,4.0,4.0,0.026783627392693143,0.9965908947945217,216,410.9425384070908,98.84590549859571,421.300943135872,97.7335508313532,480.1346722561078,489.7144287178192
cliffwalking-H32-N96-D0-R0.9,cliffwalking-H32-N96-D0,cliffwalking,32,96,3456,1000000,0,0.9,fixed-q4,fixed,96,90,3456,3240,96,90,3264,999136,4.0,4.0,0.026783627392693143,0.9965908947945217,216,410.9425384070908,98.84590549859571,421.300943135872,97.7335508313532,499.903853355827,509.26113888408986
cliffwalking-H32-N96-D0-R1,cliffwalking-H32-N96-D0,cliffwalking,32,96,3456,1000000,0,1.0,fixed-q4,fixed,96,90,3456,3240,96,90,3264,999136,4.0,4.0,0.026783627392693143,0.9965908947945217,216,410.9425384070908,98.84590549859571,421.300943135872,97.7335508313532,509.7884439056865,519.0344939672252
cliffwalking-H32-N96-D0-R0,cliffwalking-H32-N96-D0,cliffwalking,32,96,3456,1000000,0,0.0,fixed-q16,fixed,72,68,3456,3264,72,68,3264,999136,16.0,16.0,0.026783627392693143,0.9965908947945217,216,430.21580095498274,115.66381755386821,437.9209737490183,113.62020075245674,430.21580095498274,437.9209737490183
cliffwalking-H32-N96-D0-R0.1,cliffwalking-H32-N96-D0,cliffwalking,32,96,3456,1000000,0,0.1,fixed-q16,fixed,72,68,3456,3264,72,68,3264,999136,16.0,16.0,0.026783627392693143,0.9965908947945217,216,430.21580095498274,115.66381755386821,437.9209737490183,113.62020075245674,441.78218271036957,449.28299382426394
cliffwalking-H32-N96-D0-R0.3,cliffwalking-H32-N96-D0,cliffwalking,32,96,3456,1000000,0,0.3,fixed-q16,fixed,72,68,3456,3264,72,68,3264,999136,16.0,16.0,0.026783627392693143,0.9965908947945217,216,430.21580095498274,115.66381755386821,437.9209737490183,113.62020075245674,464.9149462211432,472.0070339747553
cliffwalking-H32-N96-D0-R0.5,cliffwalking-H32-N96-D0,cliffwalking,32,96,3456,1000000,0,0.5,fixed-q16,fixed,72,68,3456,3264,72,68,3264,999136,16.0,16.0,0.026783627392693143,0.9965908947945217,216,430.21580095498274,115.66381755386821,437.9209737490183,113.62020075245674,488.0477097319168,494.73107412524666
cliffwalking-H32-N96-D0-R0.7,cliffwalking-H32-N96-D0,cliffwalking,32,96,3456,1000000,0,0.7,fixed-q16,fixed,72,68,3456,3264,72,68,3264,999136,16.0,16.0,0.026783627392693143,0.9965908947945217,216,430.21580095498274,115.66381755386821,437.9209737490183,113.62020075245674,511.1804732426905,517.455114275738
cliffwalking-H32-N96-D0-R0.9,cliffwalking-H32-N96-D0,cliffwalking,32,96,3456,1000000,0,0.9,fixed-q16,fixed,72,68,3456,3264,72,68,3264,999136,16.0,16.0,0.026783627392693143,0.9965908947945217,216,430.21580095498274,115.66381755386821,437.9209737490183,113.62020075245674,534.3132367534641,540.1791544262294
cliffwalking-H32-N96-D0-R1,cliffwalking-H32-N96-D0,cliffwalking,32,96,3456,1000000,0,1.0,fixed-q16,fixed,72,68,3456,3264,72,68,3264,999136,16.0,16.0,0.026783627392693143,0.9965908947945217,216,430.21580095498274,115.66381755386821,437.9209737490183,113.62020075245674,545.879618508851,551.541174501475
cliffwalking-H32-N96-D0-R0,cliffwalking-H32-N96-D0,cliffwalking,32,96,3456,1000000,0,0.0,q1-to-q16-f0.25,two_stage,77,73,3411,3234,77,73,3264,999136,12.2987012987013,12.301369863013699,0.026783627392693143,0.9965908947945217,216,447.148724907729,91.43568957081314,454.9633541885753,89.43147240498476,447.148724907729,454.9633541885753
cliffwalking-H32-N96-D0-R0.1,cliffwalking-H32-N96-D0,cliffwalking,32,96,3456,1000000,0,0.1,q1-to-q16-f0.25,two_stage,77,73,3411,3234,77,73,3264,999136,12.2987012987013,12.301369863013699,0.026783627392693143,0.9965908947945217,216,447.148724907729,91.43568957081314,454.9633541885753,89.43147240498476,456.2922938648103,463.9065014290738
cliffwalking-H32-N96-D0-R0.3,cliffwalking-H32-N96-D0,cliffwalking,32,96,3456,1000000,0,0.3,q1-to-q16-f0.25,two_stage,77,73,3411,3234,77,73,3264,999136,12.2987012987013,12.301369863013699,0.026783627392693143,0.9965908947945217,216,447.148724907729,91.43568957081314,454.9633541885753,89.43147240498476,474.57943177897295,481.7927959100707
cliffwalking-H32-N96-D0-R0.5,cliffwalking-H32-N96-D0,cliffwalking,32,96,3456,1000000,0,0.5,q1-to-q16-f0.25,two_stage,77,73,3411,3234,77,73,3264,999136,12.2987012987013,12.301369863013699,0.026783627392693143,0.9965908947945217,216,447.148724907729,91.43568957081314,454.9633541885753,89.43147240498476,492.86656969313555,499.6790903910677
cliffwalking-H32-N96-D0-R0.7,cliffwalking-H32-N96-D0,cliffwalking,32,96,3456,1000000,0,0.7,q1-to-q16-f0.25,two_stage,77,73,3411,3234,77,73,3264,999136,12.2987012987013,12.301369863013699,0.026783627392693143,0.9965908947945217,216,447.148724907729,91.43568957081314,454.9633541885753,89.43147240498476,511.1537076072982,517.5653848720647
cliffwalking-H32-N96-D0-R0.9,cliffwalking-H32-N96-D0,cliffwalking,32,96,3456,1000000,0,0.9,q1-to-q16-f0.25,two_stage,77,73,3411,3234,77,73,3264,999136,12.2987012987013,12.301369863013699,0.026783627392693143,0.9965908947945217,216,447.148724907729,91.43568957081314,454.9633541885753,89.43147240498476,529.4408455214608,535.4516793530615
cliffwalking-H32-N96-D0-R1,cliffwalking-H32-N96-D0,cliffwalking,32,96,3456,1000000,0,1.0,q1-to-q16-f0.25,two_stage,77,73,3411,3234,77,73,3264,999136,12.2987012987013,12.301369863013699,0.026783627392693143,0.9965908947945217,216,447.148724907729,91.43568957081314,454.9633541885753,89.43147240498476,538.5844144785422,544.3948265935601
cliffwalking-H32-N96-D0-R0,cliffwalking-H32-N96-D0,cliffwalking,32,96,3456,1000000,0,0.0,q1-to-q16-f0.5,two_stage,85,80,3450,3240,85,80,3264,999136,8.588235294117647,8.5,0.026783627392693143,0.9965908947945217,216,476.3830187775216,50.27387574047702,485.8072262601684,48.36448470768623,476.3830187775216,485.8072262601684
cliffwalking-H32-N96-D0-R0.1,cliffwalking-H32-N96-D0,cliffwalking,32,96,3456,1000000,0,0.1,q1-to-q16-f0.5,two_stage,85,80,3450,3240,85,80,3264,999136,8.588235294117647,8.5,0.026783627392693143,0.9965908947945217,216,476.3830187775216,50.27387574047702,485.8072262601684,48.36448470768623,481.4104063515693,490.64367473093705
cliffwalking-H32-N96-D0-R0.3,cliffwalking-H32-N96-D0,cliffwalking,32,96,3456,1000000,0,0.3,q1-to-q16-f0.5,two_stage,85,80,3450,3240,85,80,3264,999136,8.588235294117647,8.5,0.026783627392693143,0.9965908947945217,216,476.3830187775216,50.27387574047702,485.8072262601684,48.36448470768623,491.4651814996647,500.3165716724743
cliffwalking-H32-N96-D0-R0.5,cliffwalking-H32-N96-D0,cliffwalking,32,96,3456,1000000,0,0.5,q1-to-q16-f0.5,two_stage,85,80,3450,3240,85,80,3264,999136,8.588235294117647,8.5,0.026783627392693143,0.9965908947945217,216,476.3830187775216,50.27387574047702,485.8072262601684,48.36448470768623,501.5199566477601,509.9894686140115
cliffwalking-H32-N96-D0-R0.7,cliffwalking-H32-N96-D0,cliffwalking,32,96,3456,1000000,0,0.7,q1-to-q16-f0.5,two_stage,85,80,3450,3240,85,80,3264,999136,8.588235294117647,8.5,0.026783627392693143,0.9965908947945217,216,476.3830187775216,50.27387574047702,485.8072262601684,48.36448470768623,511.57473179585554,519.6623655555488
cliffwalking-H32-N96-D0-R0.9,cliffwalking-H32-N96-D0,cliffwalking,32,96,3456,1000000,0,0.9,q1-to-q16-f0.5,two_stage,85,80,3450,3240,85,80,3264,999136,8.588235294117647,8.5,0.026783627392693143,0.9965908947945217,216,476.3830187775216,50.27387574047702,485.8072262601684,48.36448470768623,521.6295069439509,529.335262497086
cliffwalking-H32-N96-D0-R1,cliffwalking-H32-N96-D0,cliffwalking,32,96,3456,1000000,0,1.0,q1-to-q16-f0.5,two_stage,85,80,3450,3240,85,80,3264,999136,8.588235294117647,8.5,0.026783627392693143,0.9965908947945217,216,476.3830187775216,50.27387574047702,485.8072262601684,48.36448470768623,526.6568945179986,534.1717109678547
cliffwalking-H32-N96-D0-R0,cliffwalking-H32-N96-D0,cliffwalking,32,96,3456,1000000,0,0.0,q1-to-q16-f0.75,two_stage,93,88,3429,3234,93,88,3264,999136,4.870967741935484,4.75,0.026783627392693143,0.9965908947945217,216,505.20312944097856,9.242260047354751,513.7347107935225,8.359692399795192,505.20312944097856,513.7347107935225
cliffwalking-H32-N96-D0-R0.1,cliffwalking-H32-N96-D0,cliffwalking,32,96,3456,1000000,0,0.1,q1-to-q16-f0.75,two_stage,93,88,3429,3234,93,88,3264,999136,4.870967741935484,4.75,0.026783627392693143,0.9965908947945217,216,505.20312944097856,9.242260047354751,513.7347107935225,8.359692399795192,506.12735544571404,514.570680033502
cliffwalking-H32-N96-D0-R0.3,cliffwalking-H32-N96-D0,cliffwalking,32,96,3456,1000000,0,0.3,q1-to-q16-f0.75,two_stage,93,88,3429,3234,93,88,3264,999136,4.870967741935484,4.75,0.026783627392693143,0.9965908947945217,216,505.20312944097856,9.242260047354751,513.7347107935225,8.359692399795192,507.97580745518496,516.242618513461
cliffwalking-H32-N96-D0-R0.5,cliffwalking-H32-N96-D0,cliffwalking,32,96,3456,1000000,0,0.5,q1-to-q16-f0.75,two_stage,93,88,3429,3234,93,88,3264,999136,4.870967741935484,4.75,0.026783627392693143,0.9965908947945217,216,505.20312944097856,9.242260047354751,513.7347107935225,8.359692399795192,509.82425946465594,517.9145569934201
cliffwalking-H32-N96-D0-R0.7,cliffwalking-H32-N96-D0,cliffwalking,32,96,3456,1000000,0,0.7,q1-to-q16-f0.75,two_stage,93,88,3429,3234,93,88,3264,999136,4.870967741935484,4.75,0.026783627392693143,0.9965908947945217,216,505.20312944097856,9.242260047354751,513.7347107935225,8.359692399795192,511.67271147412686,519.5864954733792
cliffwalking-H32-N96-D0-R0.9,cliffwalking-H32-N96-D0,cliffwalking,32,96,3456,1000000,0,0.9,q1-to-q16-f0.75,two_stage,93,88,3429,3234,93,88,3264,999136,4.870967741935484,4.75,0.026783627392693143,0.9965908947945217,216,505.20312944097856,9.242260047354751,513.7347107935225,8.359692399795192,513.5211634835979,521.2584339533381
cliffwalking-H32-N96-D0-R1,cliffwalking-H32-N96-D0,cliffwalking,32,96,3456,1000000,0,1.0,q1-to-q16-f0.75,two_stage,93,88,3429,3234,93,88,3264,999136,4.870967741935484,4.75,0.026783627392693143,0.9965908947945217,216,505.20312944097856,9.242260047354751,513.7347107935225,8.359692399795192,514.4453894883333,522.0944031933177
cliffwalking-H32-N96-D0-R0,cliffwalking-H32-N96-D0,cliffwalking,32,96,3456,1000000,0,0.0,q16-to-q1-f0.25,two_stage,94,88,3447,3234,94,88,3264,999136,4.670212765957447,4.75,0.026783627392693143,0.9965908947945217,216,489.07626078411255,23.803499663937572,496.9610667786845,25.133336414633696,489.07626078411255,496.9610667786845
cliffwalking-H32-N96-D0-R0.1,cliffwalking-H32-N96-D0,cliffwalking,32,96,3456,1000000,0,0.1,q16-to-q1-f0.25,two_stage,94,88,3447,3234,94,88,3264,999136,4.670212765957447,4.75,0.026783627392693143,0.9965908947945217,216,489.07626078411255,23.803499663937572,496.9610667786845,25.133336414633696,491.4566107505063,499.47440042014784
cliffwalking-H32-N96-D0-R0.3,cliffwalking-H32-N96-D0,cliffwalking,32,96,3456,1000000,0,0.3,q16-to-q1-f0.25,two_stage,94,88,3447,3234,94,88,3264,999136,4.670212765957447,4.75,0.026783627392693143,0.9965908947945217,216,489.07626078411255,23.803499663937572,496.9610667786845,25.133336414633696,496.2173106832938,504.50106770307457
cliffwalking-H32-N96-D0-R0.5,cliffwalking-H32-N96-D0,cliffwalking,32,96,3456,1000000,0,0.5,q16-to-q1-f0.25,two_stage,94,88,3447,3234,94,88,3264,999136,4.670212765957447,4.75,0.026783627392693143,0.9965908947945217,216,489.07626078411255,23.803499663937572,496.9610667786845,25.133336414633696,500.97801061608135,509.52773498600135
cliffwalking-H32-N96-D0-R0.7,cliffwalking-H32-N96-D0,cliffwalking,32,96,3456,1000000,0,0.7,q16-to-q1-f0.25,two_stage,94,88,3447,3234,94,88,3264,999136,4.670212765957447,4.75,0.026783627392693143,0.9965908947945217,216,489.07626078411255,23.803499663937572,496.9610667786845,25.133336414633696,505.7387105488688,514.554402268928
cliffwalking-H32-N96-D0-R0.9,cliffwalking-H32-N96-D0,cliffwalking,32,96,3456,1000000,0,0.9,q16-to-q1-f0.25,two_stage,94,88,3447,3234,94,88,3264,999136,4.670212765957447,4.75,0.026783627392693143,0.9965908947945217,216,489.07626078411255,23.803499663937572,496.9610667786845,25.133336414633696,510.49941048165635,519.5810695518549
cliffwalking-H32-N96-D0-R1,cliffwalking-H32-N96-D0,cliffwalking,32,96,3456,1000000,0,1.0,q16-to-q1-f0.25,two_stage,94,88,3447,3234,94,88,3264,999136,4.670212765957447,4.75,0.026783627392693143,0.9965908947945217,216,489.07626078411255,23.803499663937572,496.9610667786845,25.133336414633696,512.8797604480501,522.0944031933182
cliffwalking-H32-N96-D0-R0,cliffwalking-H32-N96-D0,cliffwalking,32,96,3456,1000000,0,0.0,q16-to-q1-f0.5,two_stage,85,80,3435,3240,85,80,3264,999136,8.411764705882353,8.5,0.026783627392693143,0.9965908947945217,216,456.27558014069365,70.38131437730429,462.94867946411665,71.22303150373794,456.27558014069365,462.94867946411665
cliffwalking-H32-N96-D0-R0.1,cliffwalking-H32-N96-D0,cliffwalking,32,96,3456,1000000,0,0.1,q16-to-q1-f0.5,two_stage,85,80,3435,3240,85,80,3264,999136,8.411764705882353,8.5,0.026783627392693143,0.9965908947945217,216,456.27558014069365,70.38131437730429,462.94867946411665,71.22303150373794,463.3137115784241,470.07098261449045
cliffwalking-H32-N96-D0-R0.3,cliffwalking-H32-N96-D0,cliffwalking,32,96,3456,1000000,0,0.3,q16-to-q1-f0.5,two_stage,85,80,3435,3240,85,80,3264,999136,8.411764705882353,8.5,0.026783627392693143,0.9965908947945217,216,456.27558014069365,70.38131437730429,462.94867946411665,71.22303150373794,477.3899744538849,484.31558891523804
cliffwalking-H32-N96-D0-R0.5,cliffwalking-H32-N96-D0,cliffwalking,32,96,3456,1000000,0,0.5,q16-to-q1-f0.5,two_stage,85,80,3435,3240,85,80,3264,999136,8.411764705882353,8.5,0.026783627392693143,0.9965908947945217,216,456.27558014069365,70.38131437730429,462.94867946411665,71.22303150373794,491.4662373293458,498.56019521598563
cliffwalking-H32-N96-D0-R0.7,cliffwalking-H32-N96-D0,cliffwalking,32,96,3456,1000000,0,0.7,q16-to-q1-f0.5,two_stage,85,80,3435,3240,85,80,3264,999136,8.411764705882353,8.5,0.026783627392693143,0.9965908947945217,216,456.27558014069365,70.38131437730429,462.94867946411665,71.22303150373794,505.54250020480663,512.8048015167332
cliffwalking-H32-N96-D0-R0.9,cliffwalking-H32-N96-D0,cliffwalking,32,96,3456,1000000,0,0.9,q16-to-q1-f0.5,two_stage,85,80,3435,3240,85,80,3264,999136,8.411764705882353,8.5,0.026783627392693143,0.9965908947945217,216,456.27558014069365,70.38131437730429,462.94867946411665,71.22303150373794,519.6187630802675,527.0494078174808
cliffwalking-H32-N96-D0-R1,cliffwalking-H32-N96-D0,cliffwalking,32,96,3456,1000000,0,1.0,q16-to-q1-f0.5,two_stage,85,80,3435,3240,85,80,3264,999136,8.411764705882353,8.5,0.026783627392693143,0.9965908947945217,216,456.27558014069365,70.38131437730429,462.94867946411665,71.22303150373794,526.6568945179979,534.1717109678546
cliffwalking-H32-N96-D0-R0,cliffwalking-H32-N96-D0,cliffwalking,32,96,3456,1000000,0,0.0,q16-to-q1-f0.75,two_stage,78,73,3444,3219,78,73,3264,999136,12.153846153846153,12.095890410958905,0.026783627392693143,0.9965908947945217,216,426.8266276220136,110.31290996357527,436.61113536640636,107.78369122715343,426.8266276220136,436.61113536640636
cliffwalking-H32-N96-D0-R0.1,cliffwalking-H32-N96-D0,cliffwalking,32,96,3456,1000000,0,0.1,q16-to-q1-f0.75,two_stage,78,73,3444,3219,78,73,3264,999136,12.153846153846153,12.095890410958905,0.026783627392693143,0.9965908947945217,216,426.8266276220136,110.31290996357527,436.61113536640636,107.78369122715343,437.8579186183711,447.3895044891217
cliffwalking-H32-N96-D0-R0.3,cliffwalking-H32-N96-D0,cliffwalking,32,96,3456,1000000,0,0.3,q16-to-q1-f0.75,two_stage,78,73,3444,3219,78,73,3264,999136,12.153846153846153,12.095890410958905,0.026783627392693143,0.9965908947945217,216,426.8266276220136,110.31290996357527,436.61113536640636,107.78369122715343,459.92050061108614,468.94624273455236
cliffwalking-H32-N96-D0-R0.5,cliffwalking-H32-N96-D0,cliffwalking,32,96,3456,1000000,0,0.5,q16-to-q1-f0.75,two_stage,78,73,3444,3219,78,73,3264,999136,12.153846153846153,12.095890410958905,0.026783627392693143,0.9965908947945217,216,426.8266276220136,110.31290996357527,436.61113536640636,107.78369122715343,481.9830826038012,490.5029809799831
cliffwalking-H32-N96-D0-R0.7,cliffwalking-H32-N96-D0,cliffwalking,32,96,3456,1000000,0,0.7,q16-to-q1-f0.75,two_stage,78,73,3444,3219,78,73,3264,999136,12.153846153846153,12.095890410958905,0.026783627392693143,0.9965908947945217,216,426.8266276220136,110.31290996357527,436.61113536640636,107.78369122715343,504.04566459651625,512.0597192254138
cliffwalking-H32-N96-D0-R0.9,cliffwalking-H32-N96-D0,cliffwalking,32,96,3456,1000000,0,0.9,q16-to-q1-f0.75,two_stage,78,73,3444,3219,78,73,3264,999136,12.153846153846153,12.095890410958905,0.026783627392693143,0.9965908947945217,216,426.8266276220136,110.31290996357527,436.61113536640636,107.78369122715343,526.1082465892313,533.6164574708445
cliffwalking-H32-N96-D0-R1,cliffwalking-H32-N96-D0,cliffwalking,32,96,3456,1000000,0,1.0,q16-to-q1-f0.75,two_stage,78,73,3444,3219,78,73,3264,999136,12.153846153846153,12.095890410958905,0.026783627392693143,0.9965908947945217,216,426.8266276220136,110.31290996357527,436.61113536640636,107.78369122715343,537.1395375855889,544.3948265935597
cliffwalking-H32-N96-D4-R0,cliffwalking-H32-N96-D4,cliffwalking,32,96,3456,1000000,4,0.0,fixed-q1,fixed,104,98,3432,3234,108,102,3264,999132,1.0,1.0,0.026783627392693143,0.9965433482687954,216,506.1421970059974,0.0,515.7015436474729,0.0,506.1421970059974,515.7015436474729
cliffwalking-H32-N96-D4-R0.1,cliffwalking-H32-N96-D4,cliffwalking,32,96,3456,1000000,4,0.1,fixed-q1,fixed,104,98,3432,3234,108,102,3264,999132,1.0,1.0,0.026783627392693143,0.9965433482687954,216,506.1421970059974,0.0,515.7015436474729,0.0,506.1421970059974,515.7015436474729
cliffwalking-H32-N96-D4-R0.3,cliffwalking-H32-N96-D4,cliffwalking,32,96,3456,1000000,4,0.3,fixed-q1,fixed,104,98,3432,3234,108,102,3264,999132,1.0,1.0,0.026783627392693143,0.9965433482687954,216,506.1421970059974,0.0,515.7015436474729,0.0,506.1421970059974,515.7015436474729
cliffwalking-H32-N96-D4-R0.5,cliffwalking-H32-N96-D4,cliffwalking,32,96,3456,1000000,4,0.5,fixed-q1,fixed,104,98,3432,3234,108,102,3264,999132,1.0,1.0,0.026783627392693143,0.9965433482687954,216,506.1421970059974,0.0,515.7015436474729,0.0,506.1421970059974,515.7015436474729
cliffwalking-H32-N96-D4-R0.7,cliffwalking-H32-N96-D4,cliffwalking,32,96,3456,1000000,4,0.7,fixed-q1,fixed,104,98,3432,3234,108,102,3264,999132,1.0,1.0,0.026783627392693143,0.9965433482687954,216,506.1421970059974,0.0,515.7015436474729,0.0,506.1421970059974,515.7015436474729
cliffwalking-H32-N96-D4-R0.9,cliffwalking-H32-N96-D4,cliffwalking,32,96,3456,1000000,4,0.9,fixed-q1,fixed,104,98,3432,3234,108,102,3264,999132,1.0,1.0,0.026783627392693143,0.9965433482687954,216,506.1421970059974,0.0,515.7015436474729,0.0,506.1421970059974,515.7015436474729
cliffwalking-H32-N96-D4-R1,cliffwalking-H32-N96-D4,cliffwalking,32,96,3456,1000000,4,1.0,fixed-q1,fixed,104,98,3432,3234,108,102,3264,999132,1.0,1.0,0.026783627392693143,0.9965433482687954,216,506.1421970059974,0.0,515.7015436474729,0.0,506.1421970059974,515.7015436474729
cliffwalking-H32-N96-D4-R0,cliffwalking-H32-N96-D4,cliffwalking,32,96,3456,1000000,4,0.0,fixed-q4,fixed,96,90,3456,3240,100,94,3264,999132,4.0,4.0,0.026783627392693143,0.9965433482687954,216,412.3361804798943,106.5401400792368,422.7988883957594,105.5425257679252,412.3361804798943,422.7988883957594
cliffwalking-H32-N96-D4-R0.1,cliffwalking-H32-N96-D4,cliffwalking,32,96,3456,1000000,4,0.1,fixed-q4,fixed,96,90,3456,3240,100,94,3264,999132,4.0,4.0,0.026783627392693143,0.9965433482687954,216,412.3361804798943,106.5401400792368,422.7988883957594,105.5425257679252,422.99019448781803,433.3531409725519
cliffwalking-H32-N96-D4-R0.3,cliffwalking-H32-N96-D4,cliffwalking,32,96,3456,1000000,4,0.3,fixed-q4,fixed,96,90,3456,3240,100,94,3264,999132,4.0,4.0,0.026783627392693143,0.9965433482687954,216,412.3361804798943,106.5401400792368,422.7988883957594,105.5425257679252,444.2982225036654,454.46164612613694
cliffwalking-H32-N96-D4-R0.5,cliffwalking-H32-N96-D4,cliffwalking,32,96,3456,1000000,4,0.5,fixed-q4,fixed,96,90,3456,3240,100,94,3264,999132,4.0,4.0,0.026783627392693143,0.9965433482687954,216,412.3361804798943,106.5401400792368,422.7988883957594,105.5425257679252,465.60625051951274,475.570151279722
cliffwalking-H32-N96-D4-R0.7,cliffwalking-H32-N96-D4,cliffwalking,32,96,3456,1000000,4,0.7,fixed-q4,fixed,96,90,3456,3240,100,94,3264,999132,4.0,4.0,0.026783627392693143,0.9965433482687954,216,412.3361804798943,106.5401400792368,422.7988883957594,105.5425257679252,486.9142785353601,496.678656433307
cliffwalking-H32-N96-D4-R0.9,cliffwalking-H32-N96-D4,cliffwalking,32,96,3456,1000000,4,0.9,fixed-q4,fixed,96,90,3456,3240,100,94,3264,999132,4.0,4.0,0.026783627392693143,0.9965433482687954,216,412.3361804798943,106.5401400792368,422.7988883957594,105.5425257679252,508.22230655120745,517.787161586892
cliffwalking-H32-N96-D4-R1,cliffwalking-H32-N96-D4,cliffwalking,32,96,3456,1000000,4,1.0,fixed-q4,fixed,96,90,3456,3240,100,94,3264,999132,4.0,4.0,0.026783627392693143,0.9965433482687954,216,412.3361804798943,106.5401400792368,422.7988883957594,105.5425257679252,518.8763205591312,528.3414141636846
cliffwalking-H32-N96-D4-R0,cliffwalking-H32-N96-D4,cliffwalking,32,96,3456,1000000,4,0.0,fixed-q16,fixed,72,68,3456,3264,76,72,3264,999132,16.0,16.0,0.026783627392693143,0.9965433482687954,216,429.9796923211008,125.70994134148641,437.7302300016231,123.68248953350883,429.9796923211008,437.7302300016231
cliffwalking-H32-N96-D4-R0.1,cliffwalking-H32-N96-D4,cliffwalking,32,96,3456,1000000,4,0.1,fixed-q16,fixed,72,68,3456,3264,76,72,3264,999132,16.0,16.0,0.026783627392693143,0.9965433482687954,216,429.9796923211008,125.70994134148641,437.7302300016231,123.68248953350883,442.55068645524943,450.098478954974
cliffwalking-H32-N96-D4-R0.3,cliffwalking-H32-N96-D4,cliffwalking,32,96,3456,1000000,4,0.3,fixed-q16,fixed,72,68,3456,3264,76,72,3264,999132,16.0,16.0,0.026783627392693143,0.9965433482687954,216,429.9796923211008,125.70994134148641,437.7302300016231,123.68248953350883,467.6926747235467,474.8349768616758
cliffwalking-H32-N96-D4-R0.5,cliffwalking-H32-N96-D4,cliffwalking,32,96,3456,1000000,4,0.5,fixed-q16,fixed,72,68,3456,3264,76,72,3264,999132,16.0,16.0,0.026783627392693143,0.9965433482687954,216,429.9796923211008,125.70994134148641,437.7302300016231,123.68248953350883,492.834662991844,499.5714747683775
cliffwalking-H32-N96-D4-R0.7,cliffwalking-H32-N96-D4,cliffwalking,32,96,3456,1000000,4,0.7,fixed-q16,fixed,72,68,3456,3264,76,72,3264,999132,16.0,16.0,0.026783627392693143,0.9965433482687954,216,429.9796923211008,125.70994134148641,437.7302300016231,123.68248953350883,517.9766512601412,524.3079726750793
cliffwalking-H32-N96-D4-R0.9,cliffwalking-H32-N96-D4,cliffwalking,32,96,3456,1000000,4,0.9,fixed-q16,fixed,72,68,3456,3264,76,72,3264,999132,16.0,16.0,0.026783627392693143,0.9965433482687954,216,429.9796923211008,125.70994134148641,437.7302300016231,123.68248953350883,543.1186395284386,549.0444705817811
cliffwalking-H32-N96-D4-R1,cliffwalking-H32-N96-D4,cliffwalking,32,96,3456,1000000,4,1.0,fixed-q16,fixed,72,68,3456,3264,76,72,3264,999132,16.0,16.0,0.026783627392693143,0.9965433482687954,216,429.9796923211008,125.70994134148641,437.7302300016231,123.68248953350883,555.6896336625872,561.4127195351319
cliffwalking-H32-N96-D4-R0,cliffwalking-H32-N96-D4,cliffwalking,32,96,3456,1000000,4,0.0,q1-to-q16-f0.25,two_stage,77,73,3411,3234,81,77,3264,999132,12.2987012987013,12.301369863013699,0.026783627392693143,0.9965433482687954,216,448.26788844388113,99.9621793093782,456.22583610189463,97.90075599960032,448.26788844388113,456.22583610189463
cliffwalking-H32-N96-D4-R0.1,cliffwalking-H32-N96-D4,cliffwalking,32,96,3456,1000000,4,0.1,q1-to-q16-f0.25,two_stage,77,73,3411,3234,81,77,3264,999132,12.2987012987013,12.301369863013699,0.026783627392693143,0.9965433482687954,216,448.26788844388113,99.9621793093782,456.22583610189463,97.90075599960032,458.26410637481894,466.01591170185463
cliffwalking-H32-N96-D4-R0.3,cliffwalking-H32-N96-D4,cliffwalking,32,96,3456,1000000,4,0.3,q1-to-q16-f0.25,two_stage,77,73,3411,3234,81,77,3264,999132,12.2987012987013,12.301369863013699,0.026783627392693143,0.9965433482687954,216,448.26788844388113,99.9621793093782,456.22583610189463,97.90075599960032,478.2565422366946,485.5960629017747
cliffwalking-H32-N96-D4-R0.5,cliffwalking-H32-N96-D4,cliffwalking,32,96,3456,1000000,4,0.5,q1-to-q16-f0.25,two_stage,77,73,3411,3234,81,77,3264,999132,12.2987012987013,12.301369863013699,0.026783627392693143,0.9965433482687954,216,448.26788844388113,99.9621793093782,456.22583610189463,97.90075599960032,498.2489780985702,505.17621410169477
cliffwalking-H32-N96-D4-R0.7,cliffwalking-H32-N96-D4,cliffwalking,32,96,3456,1000000,4,0.7,q1-to-q16-f0.25,two_stage,77,73,3411,3234,81,77,3264,999132,12.2987012987013,12.301369863013699,0.026783627392693143,0.9965433482687954,216,448.26788844388113,99.9621793093782,456.22583610189463,97.90075599960032,518.2414139604459,524.7563653016149
cliffwalking-H32-N96-D4-R0.9,cliffwalking-H32-N96-D4,cliffwalking,32,96,3456,1000000,4,0.9,q1-to-q16-f0.25,two_stage,77,73,3411,3234,81,77,3264,999132,12.2987012987013,12.301369863013699,0.026783627392693143,0.9965433482687954,216,448.26788844388113,99.9621793093782,456.22583610189463,97.90075599960032,538.2338498223215,544.3365165015349
cliffwalking-H32-N96-D4-R1,cliffwalking-H32-N96-D4,cliffwalking,32,96,3456,1000000,4,1.0,q1-to-q16-f0.25,two_stage,77,73,3411,3234,81,77,3264,999132,12.2987012987013,12.301369863013699,0.026783627392693143,0.9965433482687954,216,448.26788844388113,99.9621793093782,456.22583610189463,97.90075599960032,548.2300677532594,554.1265921014949
cliffwalking-H32-N96-D4-R0,cliffwalking-H32-N96-D4,cliffwalking,32,96,3456,1000000,4,0.0,q1-to-q16-f0.5,two_stage,85,80,3450,3240,89,84,3264,999132,8.588235294117647,8.5,0.026783627392693143,0.9965433482687954,216,480.8722715504364,55.20734374728949,490.6301092091525,53.16523975541082,480.8722715504364,490.6301092091525
cliffwalking-H32-N96-D4-R0.1,cliffwalking-H32-N96-D4,cliffwalking,32,96,3456,1000000,4,0.1,q1-to-q16-f0.5,two_stage,85,80,3450,3240,89,84,3264,999132,8.588235294117647,8.5,0.026783627392693143,0.9965433482687954,216,480.8722715504364,55.20734374728949,490.6301092091525,53.16523975541082,486.3930059251653,495.9466331846936
cliffwalking-H32-N96-D4-R0.3,cliffwalking-H32-N96-D4,cliffwalking,32,96,3456,1000000,4,0.3,q1-to-q16-f0.5,two_stage,85,80,3450,3240,89,84,3264,999132,8.588235294117647,8.5,0.026783627392693143,0.9965433482687954,216,480.8722715504364,55.20734374728949,490.6301092091525,53.16523975541082,497.43447467462323,506.5796811357758
cliffwalking-H32-N96-D4-R0.5,cliffwalking-H32-N96-D4,cliffwalking,32,96,3456,1000000,4,0.5,q1-to-q16-f0.5,two_stage,85,80,3450,3240,89,84,3264,999132,8.588235294117647,8.5,0.026783627392693143,0.9965433482687954,216,480.8722715504364,55.20734374728949,490.6301092091525,53.16523975541082,508.47594342408115,517.212729086858
cliffwalking-H32-N96-D4-R0.7,cliffwalking-H32-N96-D4,cliffwalking,32,96,3456,1000000,4,0.7,q1-to-q16-f0.5,two_stage,85,80,3450,3240,89,84,3264,999132,8.588235294117647,8.5,0.026783627392693143,0.9965433482687954,216,480.8722715504364,55.20734374728949,490.6301092091525,53.16523975541082,519.517412173539,527.8457770379401
cliffwalking-H32-N96-D4-R0.9,cliffwalking-H32-N96-D4,cliffwalking,32,96,3456,1000000,4,0.9,q1-to-q16-f0.5,two_stage,85,80,3450,3240,89,84,3264,999132,8.588235294117647,8.5,0.026783627392693143,0.9965433482687954,216,480.8722715504364,55.20734374728949,490.6301092091525,53.16523975541082,530.5588809229969,538.4788249890223
cliffwalking-H32-N96-D4-R1,cliffwalking-H32-N96-D4,cliffwalking,32,96,3456,1000000,4,1.0,q1-to-q16-f0.5,two_stage,85,80,3450,3240,89,84,3264,999132,8.588235294117647,8.5,0.026783627392693143,0.9965433482687954,216,480.8722715504364,55.20734374728949,490.6301092091525,53.16523975541082,536.0796152977259,543.7953489645633
cliffwalking-H32-N96-D4-R0,cliffwalking-H32-N96-D4,cliffwalking,32,96,3456,1000000,4,0.0,q1-to-q16-f0.75,two_stage,93,88,3429,3234,97,92,3264,999132,4.870967741935484,4.75,0.026783627392693143,0.9965433482687954,216,513.4067729497717,10.190076296457958,522.256119213741,9.214123685231408,513.4067729497717,522.256119213741
cliffwalking-H32-N96-D4-R0.1,cliffwalking-H32-N96-D4,cliffwalking,32,96,3456,1000000,4,0.1,q1-to-q16-f0.75,two_stage,93,88,3429,3234,97,92,3264,999132,4.870967741935484,4.75,0.026783627392693143,0.9965433482687954,216,513.4067729497717,10.190076296457958,522.256119213741,9.214123685231408,514.4257805794175,523.1775315822642
cliffwalking-H32-N96-D4-R0.3,cliffwalking-H32-N96-D4,cliffwalking,32,96,3456,1000000,4,0.3,q1-to-q16-f0.75,two_stage,93,88,3429,3234,97,92,3264,999132,4.870967741935484,4.75,0.026783627392693143,0.9965433482687954,216,513.4067729497717,10.190076296457958,522.256119213741,9.214123685231408,516.4637958387091,525.0203563193105
cliffwalking-H32-N96-D4-R0.5,cliffwalking-H32-N96-D4,cliffwalking,32,96,3456,1000000,4,0.5,q1-to-q16-f0.75,two_stage,93,88,3429,3234,97,92,3264,999132,4.870967741935484,4.75,0.026783627392693143,0.9965433482687954,216,513.4067729497717,10.190076296457958,522.256119213741,9.214123685231408,518.5018110980006,526.8631810563568
cliffwalking-H32-N96-D4-R0.7,cliffwalking-H32-N96-D4,cliffwalking,32,96,3456,1000000,4,0.7,q1-to-q16-f0.75,two_stage,93,88,3429,3234,97,92,3264,999132,4.870967741935484,4.75,0.026783627392693143,0.9965433482687954,216,513.4067729497717,10.190076296457958,522.256119213741,9.214123685231408,520.5398263572923,528.706005793403
cliffwalking-H32-N96-D4-R0.9,cliffwalking-H32-N96-D4,cliffwalking,32,96,3456,1000000,4,0.9,q1-to-q16-f0.75,two_stage,93,88,3429,3234,97,92,3264,999132,4.870967741935484,4.75,0.026783627392693143,0.9965433482687954,216,513.4067729497717,10.190076296457958,522.256119213741,9.214123685231408,522.5778416165839,530.5488305304493
cliffwalking-H32-N96-D4-R1,cliffwalking-H32-N96-D4,cliffwalking,32,96,3456,1000000,4,1.0,q1-to-q16-f0.75,two_stage,93,88,3429,3234,97,92,3264,999132,4.870967741935484,4.75,0.026783627392693143,0.9965433482687954,216,513.4067729497717,10.190076296457958,522.256119213741,9.214123685231408,523.5968492462297,531.4702428989724
cliffwalking-H32-N96-D4-R0,cliffwalking-H32-N96-D4,cliffwalking,32,96,3456,1000000,4,0.0,q16-to-q1-f0.25,two_stage,94,88,3447,3234,98,92,3264,999132,4.670212765957447,4.75,0.026783627392693143,0.9965433482687954,216,497.2215126460746,24.820944387031528,505.15245882668614,26.317784072286006,497.2215126460746,505.15245882668614
cliffwalking-H32-N96-D4-R0.1,cliffwalking-H32-N96-D4,cliffwalking,32,96,3456,1000000,4,0.1,q16-to-q1-f0.25,two_stage,94,88,3447,3234,98,92,3264,999132,4.670212765957447,4.75,0.026783627392693143,0.9965433482687954,216,497.2215126460746,24.820944387031528,505.15245882668614,26.317784072286006,499.70360708477773,507.7842372339147
cliffwalking-H32-N96-D4-R0.3,cliffwalking-H32-N96-D4,cliffwalking,32,96,3456,1000000,4,0.3,q16-to-q1-f0.25,two_stage,94,88,3447,3234,98,92,3264,999132,4.670212765957447,4.75,0.026783627392693143,0.9965433482687954,216,497.2215126460746,24.820944387031528,505.15245882668614,26.317784072286006,504.6677959621841,513.047794048372
cliffwalking-H32-N96-D4-R0.5,cliffwalking-H32-N96-D4,cliffwalking,32,96,3456,1000000,4,0.5,q16-to-q1-f0.25,two_stage,94,88,3447,3234,98,92,3264,999132,4.670212765957447,4.75,0.026783627392693143,0.9965433482687954,216,497.2215126460746,24.820944387031528,505.15245882668614,26.317784072286006,509.63198483959036,518.3113508628292
cliffwalking-H32-N96-D4-R0.7,cliffwalking-H32-N96-D4,cliffwalking,32,96,3456,1000000,4,0.7,q16-to-q1-f0.25,two_stage,94,88,3447,3234,98,92,3264,999132,4.670212765957447,4.75,0.026783627392693143,0.9965433482687954,216,497.2215126460746,24.820944387031528,505.15245882668614,26.317784072286006,514.5961737169966,523.5749076772863
cliffwalking-H32-N96-D4-R0.9,cliffwalking-H32-N96-D4,cliffwalking,32,96,3456,1000000,4,0.9,q16-to-q1-f0.25,two_stage,94,88,3447,3234,98,92,3264,999132,4.670212765957447,4.75,0.026783627392693143,0.9965433482687954,216,497.2215126460746,24.820944387031528,505.15245882668614,26.317784072286006,519.5603625944029,528.8384644917436
cliffwalking-H32-N96-D4-R1,cliffwalking-H32-N96-D4,cliffwalking,32,96,3456,1000000,4,1.0,q16-to-q1-f0.25,two_stage,94,88,3447,3234,98,92,3264,999132,4.670212765957447,4.75,0.026783627392693143,0.9965433482687954,216,497.2215126460746,24.820944387031528,505.15245882668614,26.317784072286006,522.0424570331061,531.4702428989722
cliffwalking-H32-N96-D4-R0,cliffwalking-H32-N96-D4,cliffwalking,32,96,3456,1000000,4,0.0,q16-to-q1-f0.5,two_stage,85,80,3435,3240,89,84,3264,999132,8.411764705882353,8.5,0.026783627392693143,0.9965433482687954,216,460.71684086043655,75.3627744372894,467.30942392387834,76.4859250406849,460.71684086043655,467.30942392387834
cliffwalking-H32-N96-D4-R0.1,cliffwalking-H32-N96-D4,cliffwalking,32,96,3456,1000000,4,0.1,q16-to-q1-f0.5,two_stage,85,80,3435,3240,89,84,3264,999132,8.411764705882353,8.5,0.026783627392693143,0.9965433482687954,216,460.71684086043655,75.3627744372894,467.30942392387834,76.4859250406849,468.25311830416547,474.95801642794686
cliffwalking-H32-N96-D4-R0.3,cliffwalking-H32-N96-D4,cliffwalking,32,96,3456,1000000,4,0.3,q16-to-q1-f0.5,two_stage,85,80,3435,3240,89,84,3264,999132,8.411764705882353,8.5,0.026783627392693143,0.9965433482687954,216,460.71684086043655,75.3627744372894,467.30942392387834,76.4859250406849,483.32567319162337,490.25520143608384
cliffwalking-H32-N96-D4-R0.5,cliffwalking-H32-N96-D4,cliffwalking,32,96,3456,1000000,4,0.5,q16-to-q1-f0.5,two_stage,85,80,3435,3240,89,84,3264,999132,8.411764705882353,8.5,0.026783627392693143,0.9965433482687954,216,460.71684086043655,75.3627744372894,467.30942392387834,76.4859250406849,498.39822807908126,505.5523864442208
cliffwalking-H32-N96-D4-R0.7,cliffwalking-H32-N96-D4,cliffwalking,32,96,3456,1000000,4,0.7,q16-to-q1-f0.5,two_stage,85,80,3435,3240,89,84,3264,999132,8.411764705882353,8.5,0.026783627392693143,0.9965433482687954,216,460.71684086043655,75.3627744372894,467.30942392387834,76.4859250406849,513.4707829665391,520.8495714523577
cliffwalking-H32-N96-D4-R0.9,cliffwalking-H32-N96-D4,cliffwalking,32,96,3456,1000000,4,0.9,q16-to-q1-f0.5,two_stage,85,80,3435,3240,89,84,3264,999132,8.411764705882353,8.5,0.026783627392693143,0.9965433482687954,216,460.71684086043655,75.3627744372894,467.30942392387834,76.4859250406849,528.5433378539971,536.1467564604948
cliffwalking-H32-N96-D4-R1,cliffwalking-H32-N96-D4,cliffwalking,32,96,3456,1000000,4,1.0,q16-to-q1-f0.5,two_stage,85,80,3435,3240,89,84,3264,999132,8.411764705882353,8.5,0.026783627392693143,0.9965433482687954,216,460.71684086043655,75.3627744372894,467.30942392387834,76.4859250406849,536.0796152977259,543.7953489645632
cliffwalking-H32-N96-D4-R0,cliffwalking-H32-N96-D4,cliffwalking,32,96,3456,1000000,4,0.0,q16-to-q1-f0.75,two_stage,78,73,3444,3219,82,77,3264,999132,12.153846153846153,12.095890410958905,0.026783627392693143,0.9965433482687954,216,427.3031613098946,119.51334657328744,437.113760033269,117.01283206822596,427.3031613098946,437.113760033269
cliffwalking-H32-N96-D4-R0.1,cliffwalking-H32-N96-D4,cliffwalking,32,96,3456,1000000,4,0.1,q16-to-q1-f0.75,two_stage,78,73,3444,3219,82,77,3264,999132,12.153846153846153,12.095890410958905,0.026783627392693143,0.9965433482687954,216,427.3031613098946,119.51334657328744,437.113760033269,117.01283206822596,439.25449596722336,448.8150432400916
cliffwalking-H32-N96-D4-R0.3,cliffwalking-H32-N96-D4,cliffwalking,32,96,3456,1000000,4,0.3,q16-to-q1-f0.75,two_stage,78,73,3444,3219,82,77,3264,999132,12.153846153846153,12.095890410958905,0.026783627392693143,0.9965433482687954,216,427.3031613098946,119.51334657328744,437.113760033269,117.01283206822596,463.15716528188085,472.21760965373676
cliffwalking-H32-N96-D4-R0.5,cliffwalking-H32-N96-D4,cliffwalking,32,96,3456,1000000,4,0.5,q16-to-q1-f0.75,two_stage,78,73,3444,3219,82,77,3264,999132,12.153846153846153,12.095890410958905,0.026783627392693143,0.9965433482687954,216,427.3031613098946,119.51334657328744,437.113760033269,117.01283206822596,487.05983459653834,495.620176067382
cliffwalking-H32-N96-D4-R0.7,cliffwalking-H32-N96-D4,cliffwalking,32,96,3456,1000000,4,0.7,q16-to-q1-f0.75,two_stage,78,73,3444,3219,82,77,3264,999132,12.153846153846153,12.095890410958905,0.026783627392693143,0.9965433482687954,216,427.3031613098946,119.51334657328744,437.113760033269,117.01283206822596,510.9625039111958,519.0227424810272
cliffwalking-H32-N96-D4-R0.9,cliffwalking-H32-N96-D4,cliffwalking,32,96,3456,1000000,4,0.9,q16-to-q1-f0.75,two_stage,78,73,3444,3219,82,77,3264,999132,12.153846153846153,12.095890410958905,0.026783627392693143,0.9965433482687954,216,427.3031613098946,119.51334657328744,437.113760033269,117.01283206822596,534.8651732258534,542.4253088946723
cliffwalking-H32-N96-D4-R1,cliffwalking-H32-N96-D4,cliffwalking,32,96,3456,1000000,4,1.0,q16-to-q1-f0.75,two_stage,78,73,3444,3219,82,77,3264,999132,12.153846153846153,12.095890410958905,0.026783627392693143,0.9965433482687954,216,427.3031613098946,119.51334657328744,437.113760033269,117.01283206822596,546.8165078831821,554.1265921014949
cliffwalking-H32-N96-D8-R0,cliffwalking-H32-N96-D8,cliffwalking,32,96,3456,1000000,8,0.0,fixed-q1,fixed,104,98,3432,3234,112,106,3264,999128,1.0,1.0,0.026783627392693143,0.9964937425899467,216,516.4630446570466,0.0,526.2674611194707,0.0,516.4630446570466,526.2674611194707
cliffwalking-H32-N96-D8-R0.1,cliffwalking-H32-N96-D8,cliffwalking,32,96,3456,1000000,8,0.1,fixed-q1,fixed,104,98,3432,3234,112,106,3264,999128,1.0,1.0,0.026783627392693143,0.9964937425899467,216,516.4630446570466,0.0,526.2674611194707,0.0,516.4630446570466,526.2674611194707
cliffwalking-H32-N96-D8-R0.3,cliffwalking-H32-N96-D8,cliffwalking,32,96,3456,1000000,8,0.3,fixed-q1,fixed,104,98,3432,3234,112,106,3264,999128,1.0,1.0,0.026783627392693143,0.9964937425899467,216,516.4630446570466,0.0,526.2674611194707,0.0,516.4630446570466,526.2674611194707
cliffwalking-H32-N96-D8-R0.5,cliffwalking-H32-N96-D8,cliffwalking,32,96,3456,1000000,8,0.5,fixed-q1,fixed,104,98,3432,3234,112,106,3264,999128,1.0,1.0,0.026783627392693143,0.9964937425899467,216,516.4630446570466,0.0,526.2674611194707,0.0,516.4630446570466,526.2674611194707
cliffwalking-H32-N96-D8-R0.7,cliffwalking-H32-N96-D8,cliffwalking,32,96,3456,1000000,8,0.7,fixed-q1,fixed,104,98,3432,3234,112,106,3264,999128,1.0,1.0,0.026783627392693143,0.9964937425899467,216,516.4630446570466,0.0,526.2674611194707,0.0,516.4630446570466,526.2674611194707
cliffwalking-H32-N96-D8-R0.9,cliffwalking-H32-N96-D8,cliffwalking,32,96,3456,1000000,8,0.9,fixed-q1,fixed,104,98,3432,3234,112,106,3264,999128,1.0,1.0,0.026783627392693143,0.9964937425899467,216,516.4630446570466,0.0,526.2674611194707,0.0,516.4630446570466,526.2674611194707
cliffwalking-H32-N96-D8-R1,cliffwalking-H32-N96-D8,cliffwalking,32,96,3456,1000000,8,1.0,fixed-q1,fixed,104,98,3432,3234,112,106,3264,999128,1.0,1.0,0.026783627392693143,0.9964937425899467,216,516.4630446570466,0.0,526.2674611194707,0.0,516.4630446570466,526.2674611194707
cliffwalking-H32-N96-D8-R0,cliffwalking-H32-N96-D8,cliffwalking,32,96,3456,1000000,8,0.0,fixed-q4,fixed,96,90,3456,3240,104,98,3264,999128,4.0,4.0,0.026783627392693143,0.9964937425899467,216,414.2150141636404,115.30539074237666,424.7799409153744,114.42570858499593,414.2150141636404,424.7799409153744
cliffwalking-H32-N96-D8-R0.1,cliffwalking-H32-N96-D8,cliffwalking,32,96,3456,1000000,8,0.1,fixed-q4,fixed,96,90,3456,3240,104,98,3264,999128,4.0,4.0,0.026783627392693143,0.9964937425899467,216,414.2150141636404,115.30539074237666,424.7799409153744,114.42570858499593,425.745553237878,436.22251177387403
cliffwalking-H32-N96-D8-R0.3,cliffwalking-H32-N96-D8,cliffwalking,32,96,3456,1000000,8,0.3,fixed-q4,fixed,96,90,3456,3240,104,98,3264,999128,4.0,4.0,0.026783627392693143,0.9964937425899467,216,414.2150141636404,115.30539074237666,424.7799409153744,114.42570858499593,448.8066313863534,459.1076534908732
cliffwalking-H32-N96-D8-R0.5,cliffwalking-H32-N96-D8,cliffwalking,32,96,3456,1000000,8,0.5,fixed-q4,fixed,96,90,3456,3240,104,98,3264,999128,4.0,4.0,0.026783627392693143,0.9964937425899467,216,414.2150141636404,115.30539074237666,424.7799409153744,114.42570858499593,471.8677095348287,481.9927952078724
cliffwalking-H32-N96-D8-R0.7,cliffwalking-H32-N96-D8,cliffwalking,32,96,3456,1000000,8,0.7,fixed-q4,fixed,96,90,3456,3240,104,98,3264,999128,4.0,4.0,0.026783627392693143,0.9964937425899467,216,414.2150141636404,115.30539074237666,424.7799409153744,114.42570858499593,494.92878768330405,504.87793692487156
cliffwalking-H32-N96-D8-R0.9,cliffwalking-H32-N96-D8,cliffwalking,32,96,3456,1000000,8,0.9,fixed-q4,fixed,96,90,3456,3240,104,98,3264,999128,4.0,4.0,0.026783627392693143,0.9964937425899467,216,414.2150141636404,115.30539074237666,424.7799409153744,114.42570858499593,517.9898658317794,527.7630786418707
cliffwalking-H32-N96-D8-R1,cliffwalking-H32-N96-D8,cliffwalking,32,96,3456,1000000,8,1.0,fixed-q4,fixed,96,90,3456,3240,104,98,3264,999128,4.0,4.0,0.026783627392693143,0.9964937425899467,216,414.2150141636404,115.30539074237666,424.7799409153744,114.42570858499593,529.520404906017,539.2056495003703
cliffwalking-H32-N96-D8-R0,cliffwalking-H32-N96-D8,cliffwalking,32,96,3456,1000000,8,0.0,fixed-q16,fixed,72,68,3456,3264,80,76,3264,999128,16.0,16.0,0.026783627392693143,0.9964937425899467,216,429.93954926765315,137.05695485137105,437.72889758895576,135.018251177642,429.93954926765315,437.72889758895576
cliffwalking-H32-N96-D8-R0.1,cliffwalking-H32-N96-D8,cliffwalking,32,96,3456,1000000,8,0.1,fixed-q16,fixed,72,68,3456,3264,80,76,3264,999128,16.0,16.0,0.026783627392693143,0.9964937425899467,216,429.93954926765315,137.05695485137105,437.72889758895576,135.018251177642,443.64524475279023,451.23072270672
cliffwalking-H32-N96-D8-R0.3,cliffwalking-H32-N96-D8,cliffwalking,32,96,3456,1000000,8,0.3,fixed-q16,fixed,72,68,3456,3264,80,76,3264,999128,16.0,16.0,0.026783627392693143,0.9964937425899467,216,429.93954926765315,137.05695485137105,437.72889758895576,135.018251177642,471.05663572306446,478.23437294224834
cliffwalking-H32-N96-D8-R0.5,cliffwalking-H32-N96-D8,cliffwalking,32,96,3456,1000000,8,0.5,fixed-q16,fixed,72,68,3456,3264,80,76,3264,999128,16.0,16.0,0.026783627392693143,0.9964937425899467,216,429.93954926765315,137.05695485137105,437.72889758895576,135.018251177642,498.4680266933387,505.23802317777677
cliffwalking-H32-N96-D8-R0.7,cliffwalking-H32-N96-D8,cliffwalking,32,96,3456,1000000,8,0.7,fixed-q16,fixed,72,68,3456,3264,80,76,3264,999128,16.0,16.0,0.026783627392693143,0.9964937425899467,216,429.93954926765315,137.05695485137105,437.72889758895576,135.018251177642,525.8794176636129,532.2416734133052
cliffwalking-H32-N96-D8-R0.9,cliffwalking-H32-N96-D8,cliffwalking,32,96,3456,1000000,8,0.9,fixed-q16,fixed,72,68,3456,3264,80,76,3264,999128,16.0,16.0,0.026783627392693143,0.9964937425899467,216,429.93954926765315,137.05695485137105,437.72889758895576,135.018251177642,553.2908086338871,559.2453236488335
cliffwalking-H32-N96-D8-R1,cliffwalking-H32-N96-D8,cliffwalking,32,96,3456,1000000,8,1.0,fixed-q16,fixed,72,68,3456,3264,80,76,3264,999128,16.0,16.0,0.026783627392693143,0.9964937425899467,216,429.93954926765315,137.05695485137105,437.72889758895576,135.018251177642,566.9965041190242,572.7471487665978
cliffwalking-H32-N96-D8-R0,cliffwalking-H32-N96-D8,cliffwalking,32,96,3456,1000000,8,0.0,q1-to-q16-f0.25,two_stage,77,73,3411,3234,85,81,3264,999128,12.2987012987013,12.301369863013699,0.026783627392693143,0.9964937425899467,216,449.98942514538487,109.40283718374575,458.11670648067667,107.23522604409686,449.98942514538487,458.11670648067667
cliffwalking-H32-N96-D8-R0.1,cliffwalking-H32-N96-D8,cliffwalking,32,96,3456,1000000,8,0.1,q1-to-q16-f0.25,two_stage,77,73,3411,3234,85,81,3264,999128,12.2987012987013,12.301369863013699,0.026783627392693143,0.9964937425899467,216,449.98942514538487,109.40283718374575,458.11670648067667,107.23522604409686,460.92970886375946,468.8402290850864
cliffwalking-H32-N96-D8-R0.3,cliffwalking-H32-N96-D8,cliffwalking,32,96,3456,1000000,8,0.3,q1-to-q16-f0.25,two_stage,77,73,3411,3234,85,81,3264,999128,12.2987012987013,12.301369863013699,0.026783627392693143,0.9964937425899467,216,449.98942514538487,109.40283718374575,458.11670648067667,107.23522604409686,482.8102763005086,490.28727429390574
cliffwalking-H32-N96-D8-R0.5,cliffwalking-H32-N96-D8,cliffwalking,32,96,3456,1000000,8,0.5,q1-to-q16-f0.25,two_stage,77,73,3411,3234,85,81,3264,999128,12.2987012987013,12.301369863013699,0.026783627392693143,0.9964937425899467,216,449.98942514538487,109.40283718374575,458.11670648067667,107.23522604409686,504.69084373725775,511.7343195027251
cliffwalking-H32-N96-D8-R0.7,cliffwalking-H32-N96-D8,cliffwalking,32,96,3456,1000000,8,0.7,q1-to-q16-f0.25,two_stage,77,73,3411,3234,85,81,3264,999128,12.2987012987013,12.301369863013699,0.026783627392693143,0.9964937425899467,216,449.98942514538487,109.40283718374575,458.11670648067667,107.23522604409686,526.5714111740069,533.1813647115445
cliffwalking-H32-N96-D8-R0.9,cliffwalking-H32-N96-D8,cliffwalking,32,96,3456,1000000,8,0.9,q1-to-q16-f0.25,two_stage,77,73,3411,3234,85,81,3264,999128,12.2987012987013,12.301369863013699,0.026783627392693143,0.9964937425899467,216,449.98942514538487,109.40283718374575,458.11670648067667,107.23522604409686,548.451978610756,554.6284099203639
cliffwalking-H32-N96-D8-R1,cliffwalking-H32-N96-D8,cliffwalking,32,96,3456,1000000,8,1.0,q1-to-q16-f0.25,two_stage,77,73,3411,3234,85,81,3264,999128,12.2987012987013,12.301369863013699,0.026783627392693143,0.9964937425899467,216,449.98942514538487,109.40283718374575,458.11670648067667,107.23522604409686,559.3922623291306,565.3519325247735
cliffwalking-H32-N96-D8-R0,cliffwalking-H32-N96-D8,cliffwalking,32,96,3456,1000000,8,0.0,q1-to-q16-f0.5,two_stage,85,80,3450,3240,93,88,3264,999128,8.588235294117647,8.5,0.026783627392693143,0.9964937425899467,216,486.827220278239,60.2172632435851,496.98563483625935,57.972264714558115,486.827220278239,496.98563483625935
cliffwalking-H32-N96-D8-R0.1,cliffwalking-H32-N96-D8,cliffwalking,32,96,3456,1000000,8,0.1,q1-to-q16-f0.5,two_stage,85,80,3450,3240,93,88,3264,999128,8.588235294117647,8.5,0.026783627392693143,0.9964937425899467,216,486.827220278239,60.2172632435851,496.98563483625935,57.972264714558115,492.8489466025975,502.78286130771517
cliffwalking-H32-N96-D8-R0.3,cliffwalking-H32-N96-D8,cliffwalking,32,96,3456,1000000,8,0.3,q1-to-q16-f0.5,two_stage,85,80,3450,3240,93,88,3264,999128,8.588235294117647,8.5,0.026783627392693143,0.9964937425899467,216,486.827220278239,60.2172632435851,496.98563483625935,57.972264714558115,504.89239925131454,514.3773142506268
cliffwalking-H32-N96-D8-R0.5,cliffwalking-H32-N96-D8,cliffwalking,32,96,3456,1000000,8,0.5,q1-to-q16-f0.5,two_stage,85,80,3450,3240,93,88,3264,999128,8.588235294117647,8.5,0.026783627392693143,0.9964937425899467,216,486.827220278239,60.2172632435851,496.98563483625935,57.972264714558115,516.9358519000316,525.9717671935384
cliffwalking-H32-N96-D8-R0.7,cliffwalking-H32-N96-D8,cliffwalking,32,96,3456,1000000,8,0.7,q1-to-q16-f0.5,two_stage,85,80,3450,3240,93,88,3264,999128,8.588235294117647,8.5,0.026783627392693143,0.9964937425899467,216,486.827220278239,60.2172632435851,496.98563483625935,57.972264714558115,528.9793045487486,537.56622013645
cliffwalking-H32-N96-D8-R0.9,cliffwalking-H32-N96-D8,cliffwalking,32,96,3456,1000000,8,0.9,q1-to-q16-f0.5,two_stage,85,80,3450,3240,93,88,3264,999128,8.588235294117647,8.5,0.026783627392693143,0.9964937425899467,216,486.827220278239,60.2172632435851,496.98563483625935,57.972264714558115,541.0227571974656,549.1606730793617
cliffwalking-H32-N96-D8-R1,cliffwalking-H32-N96-D8,cliffwalking,32,96,3456,1000000,8,1.0,q1-to-q16-f0.5,two_stage,85,80,3450,3240,93,88,3264,999128,8.588235294117647,8.5,0.026783627392693143,0.9964937425899467,216,486.827220278239,60.2172632435851,496.98563483625935,57.972264714558115,547.0444835218241,554.9578995508175
cliffwalking-H32-N96-D8-R0,cliffwalking-H32-N96-D8,cliffwalking,32,96,3456,1000000,8,0.0,q1-to-q16-f0.75,two_stage,93,88,3429,3234,101,96,3264,999128,4.870967741935484,4.75,0.026783627392693143,0.9964937425899467,216,523.3014292505188,10.99505309315191,532.493398236375,9.90862223430956,523.3014292505188,532.493398236375
cliffwalking-H32-N96-D8-R0.1,cliffwalking-H32-N96-D8,cliffwalking,32,96,3456,1000000,8,0.1,q1-to-q16-f0.75,two_stage,93,88,3429,3234,101,96,3264,999128,4.870967741935484,4.75,0.026783627392693143,0.9964937425899467,216,523.3014292505188,10.99505309315191,532.493398236375,9.90862223430956,524.400934559834,533.484260459806
cliffwalking-H32-N96-D8-R0.3,cliffwalking-H32-N96-D8,cliffwalking,32,96,3456,1000000,8,0.3,q1-to-q16-f0.75,two_stage,93,88,3429,3234,101,96,3264,999128,4.870967741935484,4.75,0.026783627392693143,0.9964937425899467,216,523.3014292505188,10.99505309315191,532.493398236375,9.90862223430956,526.5999451784644,535.4659849066679
cliffwalking-H32-N96-D8-R0.5,cliffwalking-H32-N96-D8,cliffwalking,32,96,3456,1000000,8,0.5,q1-to-q16-f0.75,two_stage,93,88,3429,3234,101,96,3264,999128,4.870967741935484,4.75,0.026783627392693143,0.9964937425899467,216,523.3014292505188,10.99505309315191,532.493398236375,9.90862223430956,528.7989557970948,537.4477093535298
cliffwalking-H32-N96-D8-R0.7,cliffwalking-H32-N96-D8,cliffwalking,32,96,3456,1000000,8,0.7,q1-to-q16-f0.75,two_stage,93,88,3429,3234,101,96,3264,999128,4.870967741935484,4.75,0.026783627392693143,0.9964937425899467,216,523.3014292505188,10.99505309315191,532.493398236375,9.90862223430956,530.9979664157252,539.4294338003917
cliffwalking-H32-N96-D8-R0.9,cliffwalking-H32-N96-D8,cliffwalking,32,96,3456,1000000,8,0.9,q1-to-q16-f0.75,two_stage,93,88,3429,3234,101,96,3264,999128,4.870967741935484,4.75,0.026783627392693143,0.9964937425899467,216,523.3014292505188,10.99505309315191,532.493398236375,9.90862223430956,533.1969770343555,541.4111582472536
cliffwalking-H32-N96-D8-R1,cliffwalking-H32-N96-D8,cliffwalking,32,96,3456,1000000,8,1.0,q1-to-q16-f0.75,two_stage,93,88,3429,3234,101,96,3264,999128,4.870967741935484,4.75,0.026783627392693143,0.9964937425899467,216,523.3014292505188,10.99505309315191,532.493398236375,9.90862223430956,534.2964823436707,542.4020204706845
cliffwalking-H32-N96-D8-R0,cliffwalking-H32-N96-D8,cliffwalking,32,96,3456,1000000,8,0.0,q16-to-q1-f0.25,two_stage,94,88,3447,3234,102,96,3264,999128,4.670212765957447,4.75,0.026783627392693143,0.9964937425899467,216,506.6267021419234,26.13581351329339,514.5566621154107,27.84535835527385,506.6267021419234,514.5566621154107
cliffwalking-H32-N96-D8-R0.1,cliffwalking-H32-N96-D8,cliffwalking,32,96,3456,1000000,8,0.1,q16-to-q1-f0.25,two_stage,94,88,3447,3234,102,96,3264,999128,4.670212765957447,4.75,0.026783627392693143,0.9964937425899467,216,506.6267021419234,26.13581351329339,514.5566621154107,27.84535835527385,509.2402834932527,517.3411979509382
cliffwalking-H32-N96-D8-R0.3,cliffwalking-H32-N96-D8,cliffwalking,32,96,3456,1000000,8,0.3,q16-to-q1-f0.25,two_stage,94,88,3447,3234,102,96,3264,999128,4.670212765957447,4.75,0.026783627392693143,0.9964937425899467,216,506.6267021419234,26.13581351329339,514.5566621154107,27.84535835527385,514.4674461959114,522.9102696219929
cliffwalking-H32-N96-D8-R0.5,cliffwalking-H32-N96-D8,cliffwalking,32,96,3456,1000000,8,0.5,q16-to-q1-f0.25,two_stage,94,88,3447,3234,102,96,3264,999128,4.670212765957447,4.75,0.026783627392693143,0.9964937425899467,216,506.6267021419234,26.13581351329339,514.5566621154107,27.84535835527385,519.6946088985701,528.4793412930477
cliffwalking-H32-N96-D8-R0.7,cliffwalking-H32-N96-D8,cliffwalking,32,96,3456,1000000,8,0.7,q16-to-q1-f0.25,two_stage,94,88,3447,3234,102,96,3264,999128,4.670212765957447,4.75,0.026783627392693143,0.9964937425899467,216,506.6267021419234,26.13581351329339,514.5566621154107,27.84535835527385,524.9217716012288,534.0484129641025
cliffwalking-H32-N96-D8-R0.9,cliffwalking-H32-N96-D8,cliffwalking,32,96,3456,1000000,8,0.9,q16-to-q1-f0.25,two_stage,94,88,3447,3234,102,96,3264,999128,4.670212765957447,4.75,0.026783627392693143,0.9964937425899467,216,506.6267021419234,26.13581351329339,514.5566621154107,27.84535835527385,530.1489343038875,539.6174846351572
cliffwalking-H32-N96-D8-R1,cliffwalking-H32-N96-D8,cliffwalking,32,96,3456,1000000,8,1.0,q16-to-q1-f0.25,two_stage,94,88,3447,3234,102,96,3264,999128,4.670212765957447,4.75,0.026783627392693143,0.9964937425899467,216,506.6267021419234,26.13581351329339,514.5566621154107,27.84535835527385,532.7625156552168,542.4020204706846
cliffwalking-H32-N96-D8-R0,cliffwalking-H32-N96-D8,cliffwalking,32,96,3456,1000000,8,0.0,q16-to-q1-f0.5,two_stage,85,80,3435,3240,93,88,3264,999128,8.411764705882353,8.5,0.026783627392693143,0.9964937425899467,216,465.42626778588084,81.61821573594337,471.8640292564622,83.09387029435544,465.42626778588084,471.8640292564622
cliffwalking-H32-N96-D8-R0.1,cliffwalking-H32-N96-D8,cliffwalking,32,96,3456,1000000,8,0.1,q16-to-q1-f0.5,two_stage,85,80,3435,3240,93,88,3264,999128,8.411764705882353,8.5,0.026783627392693143,0.9964937425899467,216,465.42626778588084,81.61821573594337,471.8640292564622,83.09387029435544,473.5880893594752,480.1734162858977
cliffwalking-H32-N96-D8-R0.3,cliffwalking-H32-N96-D8,cliffwalking,32,96,3456,1000000,8,0.3,q16-to-q1-f0.5,two_stage,85,80,3435,3240,93,88,3264,999128,8.411764705882353,8.5,0.026783627392693143,0.9964937425899467,216,465.42626778588084,81.61821573594337,471.8640292564622,83.09387029435544,489.91173250666384,496.7921903447688
cliffwalking-H32-N96-D8-R0.5,cliffwalking-H32-N96-D8,cliffwalking,32,96,3456,1000000,8,0.5,q16-to-q1-f0.5,two_stage,85,80,3435,3240,93,88,3264,999128,8.411764705882353,8.5,0.026783627392693143,0.9964937425899467,216,465.42626778588084,81.61821573594337,471.8640292564622,83.09387029435544,506.23537565385254,513.4109644036399
cliffwalking-H32-N96-D8-R0.7,cliffwalking-H32-N96-D8,cliffwalking,32,96,3456,1000000,8,0.7,q16-to-q1-f0.5,two_stage,85,80,3435,3240,93,88,3264,999128,8.411764705882353,8.5,0.026783627392693143,0.9964937425899467,216,465.42626778588084,81.61821573594337,471.8640292564622,83.09387029435544,522.5590188010412,530.029738462511
cliffwalking-H32-N96-D8-R0.9,cliffwalking-H32-N96-D8,cliffwalking,32,96,3456,1000000,8,0.9,q16-to-q1-f0.5,two_stage,85,80,3435,3240,93,88,3264,999128,8.411764705882353,8.5,0.026783627392693143,0.9964937425899467,216,465.42626778588084,81.61821573594337,471.8640292564622,83.09387029435544,538.8826619482298,546.648512521382
cliffwalking-H32-N96-D8-R1,cliffwalking-H32-N96-D8,cliffwalking,32,96,3456,1000000,8,1.0,q16-to-q1-f0.5,two_stage,85,80,3435,3240,93,88,3264,999128,8.411764705882353,8.5,0.026783627392693143,0.9964937425899467,216,465.42626778588084,81.61821573594337,471.8640292564622,83.09387029435544,547.0444835218242,554.9578995508176
cliffwalking-H32-N96-D8-R0,cliffwalking-H32-N96-D8,cliffwalking,32,96,3456,1000000,8,0.0,q16-to-q1-f0.75,two_stage,78,73,3444,3219,86,81,3264,999128,12.153846153846153,12.095890410958905,0.026783627392693143,0.9964937425899467,216,427.79277160119057,130.23184146815814,437.60999879738023,127.74193372739319,427.79277160119057,437.60999879738023
cliffwalking-H32-N96-D8-R0.1,cliffwalking-H32-N96-D8,cliffwalking,32,96,3456,1000000,8,0.1,q16-to-q1-f0.75,two_stage,78,73,3444,3219,86,81,3264,999128,12.153846153846153,12.095890410958905,0.026783627392693143,0.9964937425899467,216,427.79277160119057,130.23184146815814,437.60999879738023,127.74193372739319,440.8159557480064,450.38419217011955
cliffwalking-H32-N96-D8-R0.3,cliffwalking-H32-N96-D8,cliffwalking,32,96,3456,1000000,8,0.3,q16-to-q1-f0.75,two_stage,78,73,3444,3219,86,81,3264,999128,12.153846153846153,12.095890410958905,0.026783627392693143,0.9964937425899467,216,427.79277160119057,130.23184146815814,437.60999879738023,127.74193372739319,466.862324041638,475.9325789155982
cliffwalking-H32-N96-D8-R0.5,cliffwalking-H32-N96-D8,cliffwalking,32,96,3456,1000000,8,0.5,q16-to-q1-f0.75,two_stage,78,73,3444,3219,86,81,3264,999128,12.153846153846153,12.095890410958905,0.026783627392693143,0.9964937425899467,216,427.79277160119057,130.23184146815814,437.60999879738023,127.74193372739319,492.9086923352696,501.4809656610768
cliffwalking-H32-N96-D8-R0.7,cliffwalking-H32-N96-D8,cliffwalking,32,96,3456,1000000,8,0.7,q16-to-q1-f0.75,two_stage,78,73,3444,3219,86,81,3264,999128,12.153846153846153,12.095890410958905,0.026783627392693143,0.9964937425899467,216,427.79277160119057,130.23184146815814,437.60999879738023,127.74193372739319,518.9550606289013,527.0293524065555
cliffwalking-H32-N96-D8-R0.9,cliffwalking-H32-N96-D8,cliffwalking,32,96,3456,1000000,8,0.9,q16-to-q1-f0.75,two_stage,78,73,3444,3219,86,81,3264,999128,12.153846153846153,12.095890410958905,0.026783627392693143,0.9964937425899467,216,427.79277160119057,130.23184146815814,437.60999879738023,127.74193372739319,545.0014289225329,552.5777391520342
cliffwalking-H32-N96-D8-R1,cliffwalking-H32-N96-D8,cliffwalking,32,96,3456,1000000,8,1.0,q16-to-q1-f0.75,two_stage,78,73,3444,3219,86,81,3264,999128,12.153846153846153,12.095890410958905,0.026783627392693143,0.9964937425899467,216,427.79277160119057,130.23184146815814,437.60999879738023,127.74193372739319,558.0246130693487,565.3519325247735
cliffwalking-H32-N192-D0-R0,cliffwalking-H32-N192-D0,cliffwalking,32,192,6912,1000000,0,0.0,fixed-q1,fixed,209,203,6897,6699,209,203,6720,999136,1.0,1.0,0.026783627392693143,0.9965908947945217,216,348.5078841855936,0.0,355.8416304529687,0.0,348.5078841855936,355.8416304529687
cliffwalking-H32-N192-D0-R0.1,cliffwalking-H32-N192-D0,cliffwalking,32,192,6912,1000000,0,0.1,fixed-q1,fixed,209,203,6897,6699,209,203,6720,999136,1.0,1.0,0.026783627392693143,0.9965908947945217,216,348.5078841855936,0.0,355.8416304529687,0.0,348.5078841855936,355.8416304529687
cliffwalking-H32-N192-D0-R0.3,cliffwalking-H32-N192-D0,cliffwalking,32,192,6912,1000000,0,0.3,fixed-q1,fixed,209,203,6897,6699,209,203,6720,999136,1.0,1.0,0.026783627392693143,0.9965908947945217,216,348.5078841855936,0.0,355.8416304529687,0.0,348.5078841855936,355.8416304529687
cliffwalking-H32-N192-D0-R0.5,cliffwalking-H32-N192-D0,cliffwalking,32,192,6912,1000000,0,0.5,fixed-q1,fixed,209,203,6897,6699,209,203,6720,999136,1.0,1.0,0.026783627392693143,0.9965908947945217,216,348.5078841855936,0.0,355.8416304529687,0.0,348.5078841855936,355.8416304529687
cliffwalking-H32-N192-D0-R0.7,cliffwalking-H32-N192-D0,cliffwalking,32,192,6912,1000000,0,0.7,fixed-q1,fixed,209,203,6897,6699,209,203,6720,999136,1.0,1.0,0.026783627392693143,0.9965908947945217,216,348.5078841855936,0.0,355.8416304529687,0.0,348.5078841855936,355.8416304529687
cliffwalking-H32-N192-D0-R0.9,cliffwalking-H32-N192-D0,cliffwalking,32,192,6912,1000000,0,0.9,fixed-q1,fixed,209,203,6897,6699,209,203,6720,999136,1.0,1.0,0.026783627392693143,0.9965908947945217,216,348.5078841855936,0.0,355.8416304529687,0.0,348.5078841855936,355.8416304529687
cliffwalking-H32-N192-D0-R1,cliffwalking-H32-N192-D0,cliffwalking,32,192,6912,1000000,0,1.0,fixed-q1,fixed,209,203,6897,6699,209,203,6720,999136,1.0,1.0,0.026783627392693143,0.9965908947945217,216,348.5078841855936,0.0,355.8416304529687,0.0,348.5078841855936,355.8416304529687
cliffwalking-H32-N192-D0-R0,cliffwalking-H32-N192-D0,cliffwalking,32,192,6912,1000000,0,0.0,fixed-q4,fixed,192,186,6912,6696,192,186,6720,999136,4.0,4.0,0.026783627392693143,0.9965908947945217,216,271.17776602653265,98.44488396321567,278.47128698574085,98.93476622824427,271.17776602653265,278.47128698574085
cliffwalking-H32-N192-D0-R0.1,cliffwalking-H32-N192-D0,cliffwalking,32,192,6912,1000000,0,0.1,fixed-q4,fixed,192,186,6912,6696,192,186,6720,999136,4.0,4.0,0.026783627392693143,0.9965908947945217,216,271.17776602653265,98.44488396321567,278.47128698574085,98.93476622824427,281.02225442285425,288.3647636085653
cliffwalking-H32-N192-D0-R0.3,cliffwalking-H32-N192-D0,cliffwalking,32,192,6912,1000000,0,0.3,fixed-q4,fixed,192,186,6912,6696,192,186,6720,999136,4.0,4.0,0.026783627392693143,0.9965908947945217,216,271.17776602653265,98.44488396321567,278.47128698574085,98.93476622824427,300.7112312154974,308.1517168542141
cliffwalking-H32-N192-D0-R0.5,cliffwalking-H32-N192-D0,cliffwalking,32,192,6912,1000000,0,0.5,fixed-q4,fixed,192,186,6912,6696,192,186,6720,999136,4.0,4.0,0.026783627392693143,0.9965908947945217,216,271.17776602653265,98.44488396321567,278.47128698574085,98.93476622824427,320.4002080081405,327.938670099863
cliffwalking-H32-N192-D0-R0.7,cliffwalking-H32-N192-D0,cliffwalking,32,192,6912,1000000,0,0.7,fixed-q4,fixed,192,186,6912,6696,192,186,6720,999136,4.0,4.0,0.026783627392693143,0.9965908947945217,216,271.17776602653265,98.44488396321567,278.47128698574085,98.93476622824427,340.08918480078364,347.72562334551185
cliffwalking-H32-N192-D0-R0.9,cliffwalking-H32-N192-D0,cliffwalking,32,192,6912,1000000,0,0.9,fixed-q4,fixed,192,186,6912,6696,192,186,6720,999136,4.0,4.0,0.026783627392693143,0.9965908947945217,216,271.17776602653265,98.44488396321567,278.47128698574085,98.93476622824427,359.7781615934268,367.5125765911607
cliffwalking-H32-N192-D0-R1,cliffwalking-H32-N192-D0,cliffwalking,32,192,6912,1000000,0,1.0,fixed-q4,fixed,192,186,6912,6696,192,186,6720,999136,4.0,4.0,0.026783627392693143,0.9965908947945217,216,271.17776602653265,98.44488396321567,278.47128698574085,98.93476622824427,369.6226499897483,377.4060532139851
cliffwalking-H32-N192-D0-R0,cliffwalking-H32-N192-D0,cliffwalking,32,192,6912,1000000,0,0.0,fixed-q16,fixed,144,140,6912,6720,144,140,6720,999136,16.0,16.0,0.026783627392693143,0.9965908947945217,216,309.49897849664046,126.65312538055446,315.34346204616713,126.75643043634604,309.49897849664046,315.34346204616713
cliffwalking-H32-N192-D0-R0.1,cliffwalking-H32-N192-D0,cliffwalking,32,192,6912,1000000,0,0.1,fixed-q16,fixed,144,140,6912,6720,144,140,6720,999136,16.0,16.0,0.026783627392693143,0.9965908947945217,216,309.49897849664046,126.65312538055446,315.34346204616713,126.75643043634604,322.1642910346959,328.0191050898017
cliffwalking-H32-N192-D0-R0.3,cliffwalking-H32-N192-D0,cliffwalking,32,192,6912,1000000,0,0.3,fixed-q16,fixed,144,140,6912,6720,144,140,6720,999136,16.0,16.0,0.026783627392693143,0.9965908947945217,216,309.49897849664046,126.65312538055446,315.34346204616713,126.75643043634604,347.4949161108068,353.3703911770709
cliffwalking-H32-N192-D0-R0.5,cliffwalking-H32-N192-D0,cliffwalking,32,192,6912,1000000,0,0.5,fixed-q16,fixed,144,140,6912,6720,144,140,6720,999136,16.0,16.0,0.026783627392693143,0.9965908947945217,216,309.49897849664046,126.65312538055446,315.34346204616713,126.75643043634604,372.8255411869177,378.72167726434014
cliffwalking-H32-N192-D0-R0.7,cliffwalking-H32-N192-D0,cliffwalking,32,192,6912,1000000,0,0.7,fixed-q16,fixed,144,140,6912,6720,144,140,6720,999136,16.0,16.0,0.026783627392693143,0.9965908947945217,216,309.49897849664046,126.65312538055446,315.34346204616713,126.75643043634604,398.1561662630286,404.07296335160936
cliffwalking-H32-N192-D0-R0.9,cliffwalking-H32-N192-D0,cliffwalking,32,192,6912,1000000,0,0.9,fixed-q16,fixed,144,140,6912,6720,144,140,6720,999136,16.0,16.0,0.026783627392693143,0.9965908947945217,216,309.49897849664046,126.65312538055446,315.34346204616713,126.75643043634604,423.4867913391395,429.4242494388786
cliffwalking-H32-N192-D0-R1,cliffwalking-H32-N192-D0,cliffwalking,32,192,6912,1000000,0,1.0,fixed-q16,fixed,144,140,6912,6720,144,140,6720,999136,16.0,16.0,0.026783627392693143,0.9965908947945217,216,309.49897849664046,126.65312538055446,315.34346204616713,126.75643043634604,436.1521038771949,442.09989248251316
cliffwalking-H32-N192-D0-R0,cliffwalking-H32-N192-D0,cliffwalking,32,192,6912,1000000,0,0.0,q1-to-q16-f0.25,two_stage,156,151,6903,6693,156,151,6720,999136,12.25,12.324503311258278,0.026783627392693143,0.9965908947945217,216,310.4507273239137,108.19602695685899,317.92468478445494,108.03692939022999,310.4507273239137,317.92468478445494
cliffwalking-H32-N192-D0-R0.1,cliffwalking-H32-N192-D0,cliffwalking,32,192,6912,1000000,0,0.1,q1-to-q16-f0.25,two_stage,156,151,6903,6693,156,151,6720,999136,12.25,12.324503311258278,0.026783627392693143,0.9965908947945217,216,310.4507273239137,108.19602695685899,317.92468478445494,108.03692939022999,321.2703300195996,328.72837772347793
cliffwalking-H32-N192-D0-R0.3,cliffwalking-H32-N192-D0,cliffwalking,32,192,6912,1000000,0,0.3,q1-to-q16-f0.25,two_stage,156,151,6903,6693,156,151,6720,999136,12.25,12.324503311258278,0.026783627392693143,0.9965908947945217,216,310.4507273239137,108.19602695685899,317.92468478445494,108.03692939022999,342.90953541097144,350.3357636015239
cliffwalking-H32-N192-D0-R0.5,cliffwalking-H32-N192-D0,cliffwalking,32,192,6912,1000000,0,0.5,q1-to-q16-f0.25,two_stage,156,151,6903,6693,156,151,6720,999136,12.25,12.324503311258278,0.026783627392693143,0.9965908947945217,216,310.4507273239137,108.19602695685899,317.92468478445494,108.03692939022999,364.5487408023432,371.9431494795699
cliffwalking-H32-N192-D0-R0.7,cliffwalking-H32-N192-D0,cliffwalking,32,192,6912,1000000,0,0.7,q1-to-q16-f0.25,two_stage,156,151,6903,6693,156,151,6720,999136,12.25,12.324503311258278,0.026783627392693143,0.9965908947945217,216,310.4507273239137,108.19602695685899,317.92468478445494,108.03692939022999,386.187946193715,393.5505353576159
cliffwalking-H32-N192-D0-R0.9,cliffwalking-H32-N192-D0,cliffwalking,32,192,6912,1000000,0,0.9,q1-to-q16-f0.25,two_stage,156,151,6903,6693,156,151,6720,999136,12.25,12.324503311258278,0.026783627392693143,0.9965908947945217,216,310.4507273239137,108.19602695685899,317.92468478445494,108.03692939022999,407.8271515850868,415.15792123566195
cliffwalking-H32-N192-D0-R1,cliffwalking-H32-N192-D0,cliffwalking,32,192,6912,1000000,0,1.0,q1-to-q16-f0.25,two_stage,156,151,6903,6693,156,151,6720,999136,12.25,12.324503311258278,0.026783627392693143,0.9965908947945217,216,310.4507273239137,108.19602695685899,317.92468478445494,108.03692939022999,418.6467542807727,425.96161417468494
cliffwalking-H32-N192-D0-R0,cliffwalking-H32-N192-D0,cliffwalking,32,192,6912,1000000,0,0.0,q1-to-q16-f0.5,two_stage,170,165,6885,6690,170,165,6720,999136,8.5,8.545454545454545,0.026783627392693143,0.9965908947945217,216,333.43451908572746,65.49541221196625,340.8405164324065,65.1246838924146,333.43451908572746,340.8405164324065
cliffwalking-H32-N192-D0-R0.1,cliffwalking-H32-N192-D0,cliffwalking,32,192,6912,1000000,0,0.1,q1-to-q16-f0.5,two_stage,170,165,6885,6690,170,165,6720,999136,8.5,8.545454545454545,0.026783627392693143,0.9965908947945217,216,333.43451908572746,65.49541221196625,340.8405164324065,65.1246838924146,339.9840603069241,347.35298482164796
cliffwalking-H32-N192-D0-R0.3,cliffwalking-H32-N192-D0,cliffwalking,32,192,6912,1000000,0,0.3,q1-to-q16-f0.5,two_stage,170,165,6885,6690,170,165,6720,999136,8.5,8.545454545454545,0.026783627392693143,0.9965908947945217,216,333.43451908572746,65.49541221196625,340.8405164324065,65.1246838924146,353.08314274931735,360.3779216001309
cliffwalking-H32-N192-D0-R0.5,cliffwalking-H32-N192-D0,cliffwalking,32,192,6912,1000000,0,0.5,q1-to-q16-f0.5,two_stage,170,165,6885,6690,170,165,6720,999136,8.5,8.545454545454545,0.026783627392693143,0.9965908947945217,216,333.43451908572746,65.49541221196625,340.8405164324065,65.1246838924146,366.1822251917106,373.4028583786138
cliffwalking-H32-N192-D0-R0.7,cliffwalking-H32-N192-D0,cliffwalking,32,192,6912,1000000,0,0.7,q1-to-q16-f0.5,two_stage,170,165,6885,6690,170,165,6720,999136,8.5,8.545454545454545,0.026783627392693143,0.9965908947945217,216,333.43451908572746,65.49541221196625,340.8405164324065,65.1246838924146,379.2813076341038,386.42779515709674
cliffwalking-H32-N192-D0-R0.9,cliffwalking-H32-N192-D0,cliffwalking,32,192,6912,1000000,0,0.9,q1-to-q16-f0.5,two_stage,170,165,6885,6690,170,165,6720,999136,8.5,8.545454545454545,0.026783627392693143,0.9965908947945217,216,333.43451908572746,65.49541221196625,340.8405164324065,65.1246838924146,392.38039007649706,399.45273193557966
cliffwalking-H32-N192-D0-R1,cliffwalking-H32-N192-D0,cliffwalking,32,192,6912,1000000,0,1.0,q1-to-q16-f0.5,two_stage,170,165,6885,6690,170,165,6720,999136,8.5,8.545454545454545,0.026783627392693143,0.9965908947945217,216,333.43451908572746,65.49541221196625,340.8405164324065,65.1246838924146,398.9299312976937,405.9652003248211
cliffwalking-H32-N192-D0-R0,cliffwalking-H32-N192-D0,cliffwalking,32,192,6912,1000000,0,0.0,q1-to-q16-f0.75,two_stage,188,182,6909,6696,188,182,6720,999136,4.75,4.791208791208791,0.026783627392693143,0.9965908947945217,216,361.6404477704705,13.153494087924823,369.38100111429156,13.30196379247634,361.6404477704705,369.38100111429156
cliffwalking-H32-N192-D0-R0.1,cliffwalking-H32-N192-D0,cliffwalking,32,192,6912,1000000,0,0.1,q1-to-q16-f0.75,two_stage,188,182,6909,6696,188,182,6720,999136,4.75,4.791208791208791,0.026783627392693143,0.9965908947945217,216,361.6404477704705,13.153494087924823,369.38100111429156,13.30196379247634,362.95579717926296,370.7111974935392
cliffwalking-H32-N192-D0-R0.3,cliffwalking-H32-N192-D0,cliffwalking,32,192,6912,1000000,0,0.3,q1-to-q16-f0.75,two_stage,188,182,6909,6696,188,182,6720,999136,4.75,4.791208791208791,0.026783627392693143,0.9965908947945217,216,361.6404477704705,13.153494087924823,369.38100111429156,13.30196379247634,365.58649599684793,373.3715902520345
cliffwalking-H32-N192-D0-R0.5,cliffwalking-H32-N192-D0,cliffwalking,32,192,6912,1000000,0,0.5,q1-to-q16-f0.75,two_stage,188,182,6909,6696,188,182,6720,999136,4.75,4.791208791208791,0.026783627392693143,0.9965908947945217,216,361.6404477704705,13.153494087924823,369.38100111429156,13.30196379247634,368.2171948144329,376.03198301052976
cliffwalking-H32-N192-D0-R0.7,cliffwalking-H32-N192-D0,cliffwalking,32,192,6912,1000000,0,0.7,q1-to-q16-f0.75,two_stage,188,182,6909,6696,188,182,6720,999136,4.75,4.791208791208791,0.026783627392693143,0.9965908947945217,216,361.6404477704705,13.153494087924823,369.38100111429156,13.30196379247634,370.8478936320179,378.692375769025
cliffwalking-H32-N192-D0-R0.9,cliffwalking-H32-N192-D0,cliffwalking,32,192,6912,1000000,0,0.9,q1-to-q16-f0.75,two_stage,188,182,6909,6696,188,182,6720,999136,4.75,4.791208791208791,0.026783627392693143,0.9965908947945217,216,361.6404477704705,13.153494087924823,369.38100111429156,13.30196379247634,373.47859244960284,381.35276852752025
cliffwalking-H32-N192-D0-R1,cliffwalking-H32-N192-D0,cliffwalking,32,192,6912,1000000,0,1.0,q1-to-q16-f0.75,two_stage,188,182,6909,6696,188,182,6720,999136,4.75,4.791208791208791,0.026783627392693143,0.9965908947945217,216,361.6404477704705,13.153494087924823,369.38100111429156,13.30196379247634,374.79394185839527,382.6829649067679
cliffwalking-H32-N192-D0-R0,cliffwalking-H32-N192-D0,cliffwalking,32,192,6912,1000000,0,0.0,q16-to-q1-f0.25,two_stage,188,183,6909,6714,188,183,6720,999136,4.75,4.688524590163935,0.026783627392693143,0.9965908947945217,216,359.681519897063,15.112421961331748,366.2604436824722,15.178351771551558,359.681519897063,366.2604436824722
cliffwalking-H32-N192-D0-R0.1,cliffwalking-H32-N192-D0,cliffwalking,32,192,6912,1000000,0,0.1,q16-to-q1-f0.25,two_stage,188,183,6909,6714,188,183,6720,999136,4.75,4.688524590163935,0.026783627392693143,0.9965908947945217,216,359.681519897063,15.112421961331748,366.2604436824722,15.178351771551558,361.1927620931962,367.7782788596274
cliffwalking-H32-N192-D0-R0.3,cliffwalking-H32-N192-D0,cliffwalking,32,192,6912,1000000,0,0.3,q16-to-q1-f0.25,two_stage,188,183,6909,6714,188,183,6720,999136,4.75,4.688524590163935,0.026783627392693143,0.9965908947945217,216,359.681519897063,15.112421961331748,366.2604436824722,15.178351771551558,364.21524648546256,370.8139492139377
cliffwalking-H32-N192-D0-R0.5,cliffwalking-H32-N192-D0,cliffwalking,32,192,6912,1000000,0,0.5,q16-to-q1-f0.25,two_stage,188,183,6909,6714,188,183,6720,999136,4.75,4.688524590163935,0.026783627392693143,0.9965908947945217,216,359.681519897063,15.112421961331748,366.2604436824722,15.178351771551558,367.2377308777289,373.849619568248
cliffwalking-H32-N192-D0-R0.7,cliffwalking-H32-N192-D0,cliffwalking,32,192,6912,1000000,0,0.7,q16-to-q1-f0.25,two_stage,188,183,6909,6714,188,183,6720,999136,4.75,4.688524590163935,0.026783627392693143,0.9965908947945217,216,359.681519897063,15.112421961331748,366.2604436824722,15.178351771551558,370.26021526999523,376.8852899225583
cliffwalking-H32-N192-D0-R0.9,cliffwalking-H32-N192-D0,cliffwalking,32,192,6912,1000000,0,0.9,q16-to-q1-f0.25,two_stage,188,183,6909,6714,188,183,6720,999136,4.75,4.688524590163935,0.026783627392693143,0.9965908947945217,216,359.681519897063,15.112421961331748,366.2604436824722,15.178351771551558,373.2826996622616,379.92096027686864
cliffwalking-H32-N192-D0-R1,cliffwalking-H32-N192-D0,cliffwalking,32,192,6912,1000000,0,1.0,q16-to-q1-f0.25,two_stage,188,183,6909,6714,188,183,6720,999136,4.75,4.688524590163935,0.026783627392693143,0.9965908947945217,216,359.681519897063,15.112421961331748,366.2604436824722,15.178351771551558,374.79394185839476,381.43879545402376
cliffwalking-H32-N192-D0-R0,cliffwalking-H32-N192-D0,cliffwalking,32,192,6912,1000000,0,0.0,q16-to-q1-f0.5,two_stage,170,165,6885,6675,170,165,6720,999136,8.5,8.454545454545455,0.026783627392693143,0.9965908947945217,216,339.2148049651924,59.71512633250148,345.82934203381177,60.13585829100991,339.2148049651924,345.82934203381177
cliffwalking-H32-N192-D0-R0.1,cliffwalking-H32-N192-D0,cliffwalking,32,192,6912,1000000,0,0.1,q16-to-q1-f0.5,two_stage,170,165,6885,6675,170,165,6720,999136,8.5,8.454545454545455,0.026783627392693143,0.9965908947945217,216,339.2148049651924,59.71512633250148,345.82934203381177,60.13585829100991,345.18631759844254,351.84292786291275
cliffwalking-H32-N192-D0-R0.3,cliffwalking-H32-N192-D0,cliffwalking,32,192,6912,1000000,0,0.3,q16-to-q1-f0.5,two_stage,170,165,6885,6675,170,165,6720,999136,8.5,8.454545454545455,0.026783627392693143,0.9965908947945217,216,339.2148049651924,59.71512633250148,345.82934203381177,60.13585829100991,357.1293428649428,363.87009952111475
cliffwalking-H32-N192-D0-R0.5,cliffwalking-H32-N192-D0,cliffwalking,32,192,6912,1000000,0,0.5,q16-to-q1-f0.5,two_stage,170,165,6885,6675,170,165,6720,999136,8.5,8.454545454545455,0.026783627392693143,0.9965908947945217,216,339.2148049651924,59.71512633250148,345.82934203381177,60.13585829100991,369.0723681314431,375.8972711793167
cliffwalking-H32-N192-D0-R0.7,cliffwalking-H32-N192-D0,cliffwalking,32,192,6912,1000000,0,0.7,q16-to-q1-f0.5,two_stage,170,165,6885,6675,170,165,6720,999136,8.5,8.454545454545455,0.026783627392693143,0.9965908947945217,216,339.2148049651924,59.71512633250148,345.82934203381177,60.13585829100991,381.01539339794346,387.9244428375187
cliffwalking-H32-N192-D0-R0.9,cliffwalking-H32-N192-D0,cliffwalking,32,192,6912,1000000,0,0.9,q16-to-q1-f0.5,two_stage,170,165,6885,6675,170,165,6720,999136,8.5,8.454545454545455,0.026783627392693143,0.9965908947945217,216,339.2148049651924,59.71512633250148,345.82934203381177,60.13585829100991,392.95841866444374,399.9516144957207
cliffwalking-H32-N192-D0-R1,cliffwalking-H32-N192-D0,cliffwalking,32,192,6912,1000000,0,1.0,q16-to-q1-f0.5,two_stage,170,165,6885,6675,170,165,6720,999136,8.5,8.454545454545455,0.026783627392693143,0.9965908947945217,216,339.2148049651924,59.71512633250148,345.82934203381177,60.13585829100991,398.9299312976939,405.9652003248217
cliffwalking-H32-N192-D0-R0,cliffwalking-H32-N192-D0,cliffwalking,32,192,6912,1000000,0,0.0,q16-to-q1-f0.75,two_stage,156,151,6903,6678,156,151,6720,999136,12.25,12.225165562913908,0.026783627392693143,0.9965908947945217,216,304.32215253119176,114.32460174958095,311.5702062314912,114.39140794319333,304.32215253119176,311.5702062314912
cliffwalking-H32-N192-D0-R0.1,cliffwalking-H32-N192-D0,cliffwalking,32,192,6912,1000000,0,0.1,q16-to-q1-f0.75,two_stage,156,151,6903,6678,156,151,6720,999136,12.25,12.225165562913908,0.026783627392693143,0.9965908947945217,216,304.32215253119176,114.32460174958095,311.5702062314912,114.39140794319333,315.7546127061498,323.00934702581054
cliffwalking-H32-N192-D0-R0.3,cliffwalking-H32-N192-D0,cliffwalking,32,192,6912,1000000,0,0.3,q16-to-q1-f0.75,two_stage,156,151,6903,6678,156,151,6720,999136,12.25,12.225165562913908,0.026783627392693143,0.9965908947945217,216,304.32215253119176,114.32460174958095,311.5702062314912,114.39140794319333,338.6195330560661,345.8876286144492
cliffwalking-H32-N192-D0-R0.5,cliffwalking-H32-N192-D0,cliffwalking,32,192,6912,1000000,0,0.5,q16-to-q1-f0.75,two_stage,156,151,6903,6678,156,151,6720,999136,12.25,12.225165562913908,0.026783627392693143,0.9965908947945217,216,304.32215253119176,114.32460174958095,311.5702062314912,114.39140794319333,361.4844534059822,368.7659102030879
cliffwalking-H32-N192-D0-R0.7,cliffwalking-H32-N192-D0,cliffwalking,32,192,6912,1000000,0,0.7,q16-to-q1-f0.75,two_stage,156,151,6903,6678,156,151,6720,999136,12.25,12.225165562913908,0.026783627392693143,0.9965908947945217,216,304.32215253119176,114.32460174958095,311.5702062314912,114.39140794319333,384.34937375589845,391.64419179172654
cliffwalking-H32-N192-D0-R0.9,cliffwalking-H32-N192-D0,cliffwalking,32,192,6912,1000000,0,0.9,q16-to-q1-f0.75,two_stage,156,151,6903,6678,156,151,6720,999136,12.25,12.225165562913908,0.026783627392693143,0.9965908947945217,216,304.32215253119176,114.32460174958095,311.5702062314912,114.39140794319333,407.2142941058146,414.5224733803652
cliffwalking-H32-N192-D0-R1,cliffwalking-H32-N192-D0,cliffwalking,32,192,6912,1000000,0,1.0,q16-to-q1-f0.75,two_stage,156,151,6903,6678,156,151,6720,999136,12.25,12.225165562913908,0.026783627392693143,0.9965908947945217,216,304.32215253119176,114.32460174958095,311.5702062314912,114.39140794319333,418.6467542807727,425.96161417468454
cliffwalking-H32-N192-D4-R0,cliffwalking-H32-N192-D4,cliffwalking,32,192,6912,1000000,4,0.0,fixed-q1,fixed,209,203,6897,6699,213,207,6720,999132,1.0,1.0,0.026783627392693143,0.9965433482687954,216,353.42842362176833,0.0,360.93497184027444,0.0,353.42842362176833,360.93497184027444
cliffwalking-H32-N192-D4-R0.1,cliffwalking-H32-N192-D4,cliffwalking,32,192,6912,1000000,4,0.1,fixed-q1,fixed,209,203,6897,6699,213,207,6720,999132,1.0,1.0,0.026783627392693143,0.9965433482687954,216,353.42842362176833,0.0,360.93497184027444,0.0,353.42842362176833,360.93497184027444
cliffwalking-H32-N192-D4-R0.3,cliffwalking-H32-N192-D4,cliffwalking,32,192,6912,1000000,4,0.3,fixed-q1,fixed,209,203,6897,6699,213,207,6720,999132,1.0,1.0,0.026783627392693143,0.9965433482687954,216,353.42842362176833,0.0,360.93497184027444,0.0,353.42842362176833,360.93497184027444
cliffwalking-H32-N192-D4-R0.5,cliffwalking-H32-N192-D4,cliffwalking,32,192,6912,1000000,4,0.5,fixed-q1,fixed,209,203,6897,6699,213,207,6720,999132,1.0,1.0,0.026783627392693143,0.9965433482687954,216,353.42842362176833,0.0,360.93497184027444,0.0,353.42842362176833,360.93497184027444
cliffwalking-H32-N192-D4-R0.7,cliffwalking-H32-N192-D4,cliffwalking,32,192,6912,1000000,4,0.7,fixed-q1,fixed,209,203,6897,6699,213,207,6720,999132,1.0,1.0,0.026783627392693143,0.9965433482687954,216,353.42842362176833,0.0,360.93497184027444,0.0,353.42842362176833,360.93497184027444
cliffwalking-H32-N192-D4-R0.9,cliffwalking-H32-N192-D4,cliffwalking,32,192,6912,1000000,4,0.9,fixed-q1,fixed,209,203,6897,6699,213,207,6720,999132,1.0,1.0,0.026783627392693143,0.9965433482687954,216,353.42842362176833,0.0,360.93497184027444,0.0,353.42842362176833,360.93497184027444
cliffwalking-H32-N192-D4-R1,cliffwalking-H32-N192-D4,cliffwalking,32,192,6912,1000000,4,1.0,fixed-q1,fixed,209,203,6897,6699,213,207,6720,999132,1.0,1.0,0.026783627392693143,0.9965433482687954,216,353.42842362176833,0.0,360.93497184027444,0.0,353.42842362176833,360.93497184027444
cliffwalking-H32-N192-D4-R0,cliffwalking-H32-N192-D4,cliffwalking,32,192,6912,1000000,4,0.0,fixed-q4,fixed,192,186,6912,6696,196,190,6720,999132,4.0,4.0,0.026783627392693143,0.9965433482687954,216,270.9903675167799,104.08752084877922,278.3633361267901,104.68782633731817,270.9903675167799,278.3633361267901
cliffwalking-H32-N192-D4-R0.1,cliffwalking-H32-N192-D4,cliffwalking,32,192,6912,1000000,4,0.1,fixed-q4,fixed,192,186,6912,6696,196,190,6720,999132,4.0,4.0,0.026783627392693143,0.9965433482687954,216,270.9903675167799,104.08752084877922,278.3633361267901,104.68782633731817,281.3991196016578,288.8321187605219
cliffwalking-H32-N192-D4-R0.3,cliffwalking-H32-N192-D4,cliffwalking,32,192,6912,1000000,4,0.3,fixed-q4,fixed,192,186,6912,6696,196,190,6720,999132,4.0,4.0,0.026783627392693143,0.9965433482687954,216,270.9903675167799,104.08752084877922,278.3633361267901,104.68782633731817,302.21662377141365,309.76968402798553
cliffwalking-H32-N192-D4-R0.5,cliffwalking-H32-N192-D4,cliffwalking,32,192,6912,1000000,4,0.5,fixed-q4,fixed,192,186,6912,6696,196,190,6720,999132,4.0,4.0,0.026783627392693143,0.9965433482687954,216,270.9903675167799,104.08752084877922,278.3633361267901,104.68782633731817,323.0341279411695,330.7072492954492
cliffwalking-H32-N192-D4-R0.7,cliffwalking-H32-N192-D4,cliffwalking,32,192,6912,1000000,4,0.7,fixed-q4,fixed,192,186,6912,6696,196,190,6720,999132,4.0,4.0,0.026783627392693143,0.9965433482687954,216,270.9903675167799,104.08752084877922,278.3633361267901,104.68782633731817,343.8516321109253,351.6448145629128
cliffwalking-H32-N192-D4-R0.9,cliffwalking-H32-N192-D4,cliffwalking,32,192,6912,1000000,4,0.9,fixed-q4,fixed,192,186,6912,6696,196,190,6720,999132,4.0,4.0,0.026783627392693143,0.9965433482687954,216,270.9903675167799,104.08752084877922,278.3633361267901,104.68782633731817,364.6691362806812,372.58237983037645
cliffwalking-H32-N192-D4-R1,cliffwalking-H32-N192-D4,cliffwalking,32,192,6912,1000000,4,1.0,fixed-q4,fixed,192,186,6912,6696,196,190,6720,999132,4.0,4.0,0.026783627392693143,0.9965433482687954,216,270.9903675167799,104.08752084877922,278.3633361267901,104.68782633731817,375.0778883655591,383.0511624641083
cliffwalking-H32-N192-D4-R0,cliffwalking-H32-N192-D4,cliffwalking,32,192,6912,1000000,4,0.0,fixed-q16,fixed,144,140,6912,6720,148,144,6720,999132,16.0,16.0,0.026783627392693143,0.9965433482687954,216,308.37970177592365,134.91818189512873,314.27016912090915,135.13333040503514,308.37970177592365,314.27016912090915
cliffwalking-H32-N192-D4-R0.1,cliffwalking-H32-N192-D4,cliffwalking,32,192,6912,1000000,4,0.1,fixed-q16,fixed,144,140,6912,6720,148,144,6720,999132,16.0,16.0,0.026783627392693143,0.9965433482687954,216,308.37970177592365,134.91818189512873,314.27016912090915,135.13333040503514,321.8715199654365,327.7835021614127
cliffwalking-H32-N192-D4-R0.3,cliffwalking-H32-N192-D4,cliffwalking,32,192,6912,1000000,4,0.3,fixed-q16,fixed,144,140,6912,6720,148,144,6720,999132,16.0,16.0,0.026783627392693143,0.9965433482687954,216,308.37970177592365,134.91818189512873,314.27016912090915,135.13333040503514,348.8551563444623,354.8101682424197
cliffwalking-H32-N192-D4-R0.5,cliffwalking-H32-N192-D4,cliffwalking,32,192,6912,1000000,4,0.5,fixed-q16,fixed,144,140,6912,6720,148,144,6720,999132,16.0,16.0,0.026783627392693143,0.9965433482687954,216,308.37970177592365,134.91818189512873,314.27016912090915,135.13333040503514,375.83879272348804,381.83683432342673
cliffwalking-H32-N192-D4-R0.7,cliffwalking-H32-N192-D4,cliffwalking,32,192,6912,1000000,4,0.7,fixed-q16,fixed,144,140,6912,6720,148,144,6720,999132,16.0,16.0,0.026783627392693143,0.9965433482687954,216,308.37970177592365,134.91818189512873,314.27016912090915,135.13333040503514,402.82242910251375,408.86350040443375
cliffwalking-H32-N192-D4-R0.9,cliffwalking-H32-N192-D4,cliffwalking,32,192,6912,1000000,4,0.9,fixed-q16,fixed,144,140,6912,6720,148,144,6720,999132,16.0,16.0,0.026783627392693143,0.9965433482687954,216,308.37970177592365,134.91818189512873,314.27016912090915,135.13333040503514,429.8060654815395,435.8901664854408
cliffwalking-H32-N192-D4-R1,cliffwalking-H32-N192-D4,cliffwalking,32,192,6912,1000000,4,1.0,fixed-q16,fixed,144,140,6912,6720,148,144,6720,999132,16.0,16.0,0.026783627392693143,0.9965433482687954,216,308.37970177592365,134.91818189512873,314.27016912090915,135.13333040503514,443.2978836710524,449.4034995259443
cliffwalking-H32-N192-D4-R0,cliffwalking-H32-N192-D4,cliffwalking,32,192,6912,1000000,4,0.0,q1-to-q16-f0.25,two_stage,156,151,6903,6693,160,155,6720,999132,12.25,12.324503311258278,0.026783627392693143,0.9965433482687954,216,309.61223216213716,115.72127855163181,317.1471185307378,115.65505626091459,309.61223216213716,317.1471185307378
cliffwalking-H32-N192-D4-R0.1,cliffwalking-H32-N192-D4,cliffwalking,32,192,6912,1000000,4,0.1,q1-to-q16-f0.25,two_stage,156,151,6903,6693,160,155,6720,999132,12.25,12.324503311258278,0.026783627392693143,0.9965433482687954,216,309.61223216213716,115.72127855163181,317.1471185307378,115.65505626091459,321.1843600173003,328.7126241568293
cliffwalking-H32-N192-D4-R0.3,cliffwalking-H32-N192-D4,cliffwalking,32,192,6912,1000000,4,0.3,q1-to-q16-f0.25,two_stage,156,151,6903,6693,160,155,6720,999132,12.25,12.324503311258278,0.026783627392693143,0.9965433482687954,216,309.61223216213716,115.72127855163181,317.1471185307378,115.65505626091459,344.3286157276267,351.8436354090122
cliffwalking-H32-N192-D4-R0.5,cliffwalking-H32-N192-D4,cliffwalking,32,192,6912,1000000,4,0.5,q1-to-q16-f0.25,two_stage,156,151,6903,6693,160,155,6720,999132,12.25,12.324503311258278,0.026783627392693143,0.9965433482687954,216,309.61223216213716,115.72127855163181,317.1471185307378,115.65505626091459,367.4728714379531,374.97464666119515
cliffwalking-H32-N192-D4-R0.7,cliffwalking-H32-N192-D4,cliffwalking,32,192,6912,1000000,4,0.7,q1-to-q16-f0.25,two_stage,156,151,6903,6693,160,155,6720,999132,12.25,12.324503311258278,0.026783627392693143,0.9965433482687954,216,309.61223216213716,115.72127855163181,317.1471185307378,115.65505626091459,390.61712714827945,398.105657913378
cliffwalking-H32-N192-D4-R0.9,cliffwalking-H32-N192-D4,cliffwalking,32,192,6912,1000000,4,0.9,q1-to-q16-f0.25,two_stage,156,151,6903,6693,160,155,6720,999132,12.25,12.324503311258278,0.026783627392693143,0.9965433482687954,216,309.61223216213716,115.72127855163181,317.1471185307378,115.65505626091459,413.76138285860577,421.23666916556095
cliffwalking-H32-N192-D4-R1,cliffwalking-H32-N192-D4,cliffwalking,32,192,6912,1000000,4,1.0,q1-to-q16-f0.25,two_stage,156,151,6903,6693,160,155,6720,999132,12.25,12.324503311258278,0.026783627392693143,0.9965433482687954,216,309.61223216213716,115.72127855163181,317.1471185307378,115.65505626091459,425.333510713769,432.8021747916524
cliffwalking-H32-N192-D4-R0,cliffwalking-H32-N192-D4,cliffwalking,32,192,6912,1000000,4,0.0,q1-to-q16-f0.5,two_stage,170,165,6885,6690,174,169,6720,999132,8.5,8.545454545454545,0.026783627392693143,0.9965433482687954,216,334.3672120327075,70.74408779413379,341.8927055907043,70.39751074059149,334.3672120327075,341.8927055907043
cliffwalking-H32-N192-D4-R0.1,cliffwalking-H32-N192-D4,cliffwalking,32,192,6912,1000000,4,0.1,q1-to-q16-f0.5,two_stage,170,165,6885,6690,174,169,6720,999132,8.5,8.545454545454545,0.026783627392693143,0.9965433482687954,216,334.3672120327075,70.74408779413379,341.8927055907043,70.39751074059149,341.4416208121209,348.93245666476344
cliffwalking-H32-N192-D4-R0.3,cliffwalking-H32-N192-D4,cliffwalking,32,192,6912,1000000,4,0.3,q1-to-q16-f0.5,two_stage,170,165,6885,6690,174,169,6720,999132,8.5,8.545454545454545,0.026783627392693143,0.9965433482687954,216,334.3672120327075,70.74408779413379,341.8927055907043,70.39751074059149,355.59043837094765,363.01195881288174
cliffwalking-H32-N192-D4-R0.5,cliffwalking-H32-N192-D4,cliffwalking,32,192,6912,1000000,4,0.5,q1-to-q16-f0.5,two_stage,170,165,6885,6690,174,169,6720,999132,8.5,8.545454545454545,0.026783627392693143,0.9965433482687954,216,334.3672120327075,70.74408779413379,341.8927055907043,70.39751074059149,369.7392559297744,377.09146096100005
cliffwalking-H32-N192-D4-R0.7,cliffwalking-H32-N192-D4,cliffwalking,32,192,6912,1000000,4,0.7,q1-to-q16-f0.5,two_stage,170,165,6885,6690,174,169,6720,999132,8.5,8.545454545454545,0.026783627392693143,0.9965433482687954,216,334.3672120327075,70.74408779413379,341.8927055907043,70.39751074059149,383.8880734886012,391.1709631091183
cliffwalking-H32-N192-D4-R0.9,cliffwalking-H32-N192-D4,cliffwalking,32,192,6912,1000000,4,0.9,q1-to-q16-f0.5,two_stage,170,165,6885,6690,174,169,6720,999132,8.5,8.545454545454545,0.026783627392693143,0.9965433482687954,216,334.3672120327075,70.74408779413379,341.8927055907043,70.39751074059149,398.03689104742796,405.2504652572366
cliffwalking-H32-N192-D4-R1,cliffwalking-H32-N192-D4,cliffwalking,32,192,6912,1000000,4,1.0,q1-to-q16-f0.5,two_stage,170,165,6885,6690,174,169,6720,999132,8.5,8.545454545454545,0.026783627392693143,0.9965433482687954,216,334.3672120327075,70.74408779413379,341.8927055907043,70.39751074059149,405.11129982684133,412.29021633129577
cliffwalking-H32-N192-D4-R0,cliffwalking-H32-N192-D4,cliffwalking,32,192,6912,1000000,4,0.0,q1-to-q16-f0.75,two_stage,188,182,6909,6696,192,186,6720,999132,4.75,4.791208791208791,0.026783627392693143,0.9965433482687954,216,365.95116718598405,14.423923979512786,373.8657856749541,14.592238157493492,365.95116718598405,373.8657856749541
cliffwalking-H32-N192-D4-R0.1,cliffwalking-H32-N192-D4,cliffwalking,32,192,6912,1000000,4,0.1,q1-to-q16-f0.75,two_stage,188,182,6909,6696,192,186,6720,999132,4.75,4.791208791208791,0.026783627392693143,0.9965433482687954,216,365.95116718598405,14.423923979512786,373.8657856749541,14.592238157493492,367.3935595839353,375.32500949070345
cliffwalking-H32-N192-D4-R0.3,cliffwalking-H32-N192-D4,cliffwalking,32,192,6912,1000000,4,0.3,q1-to-q16-f0.75,two_stage,188,182,6909,6696,192,186,6720,999132,4.75,4.791208791208791,0.026783627392693143,0.9965433482687954,216,365.95116718598405,14.423923979512786,373.8657856749541,14.592238157493492,370.2783443798379,378.24345712220213
cliffwalking-H32-N192-D4-R0.5,cliffwalking-H32-N192-D4,cliffwalking,32,192,6912,1000000,4,0.5,q1-to-q16-f0.75,two_stage,188,182,6909,6696,192,186,6720,999132,4.75,4.791208791208791,0.026783627392693143,0.9965433482687954,216,365.95116718598405,14.423923979512786,373.8657856749541,14.592238157493492,373.16312917574044,381.16190475370087
cliffwalking-H32-N192-D4-R0.7,cliffwalking-H32-N192-D4,cliffwalking,32,192,6912,1000000,4,0.7,q1-to-q16-f0.75,two_stage,188,182,6909,6696,192,186,6720,999132,4.75,4.791208791208791,0.026783627392693143,0.9965433482687954,216,365.95116718598405,14.423923979512786,373.8657856749541,14.592238157493492,376.04791397164297,384.08035238519955
cliffwalking-H32-N192-D4-R0.9,cliffwalking-H32-N192-D4,cliffwalking,32,192,6912,1000000,4,0.9,q1-to-q16-f0.75,two_stage,188,182,6909,6696,192,186,6720,999132,4.75,4.791208791208791,0.026783627392693143,0.9965433482687954,216,365.95116718598405,14.423923979512786,373.8657856749541,14.592238157493492,378.93269876754556,386.9988000166983
cliffwalking-H32-N192-D4-R1,cliffwalking-H32-N192-D4,cliffwalking,32,192,6912,1000000,4,1.0,q1-to-q16-f0.75,two_stage,188,182,6909,6696,192,186,6720,999132,4.75,4.791208791208791,0.026783627392693143,0.9965433482687954,216,365.95116718598405,14.423923979512786,373.8657856749541,14.592238157493492,380.3750911654968,388.4580238324476
cliffwalking-H32-N192-D4-R0,cliffwalking-H32-N192-D4,cliffwalking,32,192,6912,1000000,4,0.0,q16-to-q1-f0.25,two_stage,188,183,6909,6714,192,187,6720,999132,4.75,4.688524590163935,0.026783627392693143,0.9965433482687954,216,364.9096516886073,15.465439476888884,371.6253859115985,15.524641311738474,364.9096516886073,371.6253859115985
cliffwalking-H32-N192-D4-R0.1,cliffwalking-H32-N192-D4,cliffwalking,32,192,6912,1000000,4,0.1,q16-to-q1-f0.25,two_stage,188,183,6909,6714,192,187,6720,999132,4.75,4.688524590163935,0.026783627392693143,0.9965433482687954,216,364.9096516886073,15.465439476888884,371.6253859115985,15.524641311738474,366.4561956362962,373.1778500427724
cliffwalking-H32-N192-D4-R0.3,cliffwalking-H32-N192-D4,cliffwalking,32,192,6912,1000000,4,0.3,q16-to-q1-f0.25,two_stage,188,183,6909,6714,192,187,6720,999132,4.75,4.688524590163935,0.026783627392693143,0.9965433482687954,216,364.9096516886073,15.465439476888884,371.6253859115985,15.524641311738474,369.54928353167395,376.2827783051201
cliffwalking-H32-N192-D4-R0.5,cliffwalking-H32-N192-D4,cliffwalking,32,192,6912,1000000,4,0.5,q16-to-q1-f0.25,two_stage,188,183,6909,6714,192,187,6720,999132,4.75,4.688524590163935,0.026783627392693143,0.9965433482687954,216,364.9096516886073,15.465439476888884,371.6253859115985,15.524641311738474,372.6423714270517,379.3877065674678
cliffwalking-H32-N192-D4-R0.7,cliffwalking-H32-N192-D4,cliffwalking,32,192,6912,1000000,4,0.7,q16-to-q1-f0.25,two_stage,188,183,6909,6714,192,187,6720,999132,4.75,4.688524590163935,0.026783627392693143,0.9965433482687954,216,364.9096516886073,15.465439476888884,371.6253859115985,15.524641311738474,375.7354593224295,382.4926348298155
cliffwalking-H32-N192-D4-R0.9,cliffwalking-H32-N192-D4,cliffwalking,32,192,6912,1000000,4,0.9,q16-to-q1-f0.25,two_stage,188,183,6909,6714,192,187,6720,999132,4.75,4.688524590163935,0.026783627392693143,0.9965433482687954,216,364.9096516886073,15.465439476888884,371.6253859115985,15.524641311738474,378.8285472178073,385.59756309216317
cliffwalking-H32-N192-D4-R1,cliffwalking-H32-N192-D4,cliffwalking,32,192,6912,1000000,4,1.0,q16-to-q1-f0.25,two_stage,188,183,6909,6714,192,187,6720,999132,4.75,4.688524590163935,0.026783627392693143,0.9965433482687954,216,364.9096516886073,15.465439476888884,371.6253859115985,15.524641311738474,380.3750911654962,387.150027223337
cliffwalking-H32-N192-D4-R0,cliffwalking-H32-N192-D4,cliffwalking,32,192,6912,1000000,4,0.0,q16-to-q1-f0.5,two_stage,170,165,6885,6675,174,169,6720,999132,8.5,8.454545454545455,0.026783627392693143,0.9965433482687954,216,343.04593935768025,62.065360469160446,349.73298506529795,62.55723126599769,343.04593935768025,349.73298506529795
cliffwalking-H32-N192-D4-R0.1,cliffwalking-H32-N192-D4,cliffwalking,32,192,6912,1000000,4,0.1,q16-to-q1-f0.5,two_stage,170,165,6885,6675,174,169,6720,999132,8.5,8.454545454545455,0.026783627392693143,0.9965433482687954,216,343.04593935768025,62.065360469160446,349.73298506529795,62.55723126599769,349.2524754045963,355.98870819189773
cliffwalking-H32-N192-D4-R0.3,cliffwalking-H32-N192-D4,cliffwalking,32,192,6912,1000000,4,0.3,q16-to-q1-f0.5,two_stage,170,165,6885,6675,174,169,6720,999132,8.5,8.454545454545455,0.026783627392693143,0.9965433482687954,216,343.04593935768025,62.065360469160446,349.73298506529795,62.55723126599769,361.6655474984284,368.5001544450973
cliffwalking-H32-N192-D4-R0.5,cliffwalking-H32-N192-D4,cliffwalking,32,192,6912,1000000,4,0.5,q16-to-q1-f0.5,two_stage,170,165,6885,6675,174,169,6720,999132,8.5,8.454545454545455,0.026783627392693143,0.9965433482687954,216,343.04593935768025,62.065360469160446,349.73298506529795,62.55723126599769,374.07861959226045,381.0116006982968
cliffwalking-H32-N192-D4-R0.7,cliffwalking-H32-N192-D4,cliffwalking,32,192,6912,1000000,4,0.7,q16-to-q1-f0.5,two_stage,170,165,6885,6675,174,169,6720,999132,8.5,8.454545454545455,0.026783627392693143,0.9965433482687954,216,343.04593935768025,62.065360469160446,349.73298506529795,62.55723126599769,386.49169168609257,393.5230469514963
cliffwalking-H32-N192-D4-R0.9,cliffwalking-H32-N192-D4,cliffwalking,32,192,6912,1000000,4,0.9,q16-to-q1-f0.5,two_stage,170,165,6885,6675,174,169,6720,999132,8.5,8.454545454545455,0.026783627392693143,0.9965433482687954,216,343.04593935768025,62.065360469160446,349.73298506529795,62.55723126599769,398.9047637799247,406.0344932046959
cliffwalking-H32-N192-D4-R1,cliffwalking-H32-N192-D4,cliffwalking,32,192,6912,1000000,4,1.0,q16-to-q1-f0.5,two_stage,170,165,6885,6675,174,169,6720,999132,8.5,8.454545454545455,0.026783627392693143,0.9965433482687954,216,343.04593935768025,62.065360469160446,349.73298506529795,62.55723126599769,405.1112998268407,412.29021633129565
cliffwalking-H32-N192-D4-R0,cliffwalking-H32-N192-D4,cliffwalking,32,192,6912,1000000,4,0.0,q16-to-q1-f0.75,two_stage,156,151,6903,6678,160,155,6720,999132,12.25,12.225165562913908,0.026783627392693143,0.9965433482687954,216,304.2297832058337,121.1037275079355,311.5187012355916,121.28347355606039,304.2297832058337,311.5187012355916
cliffwalking-H32-N192-D4-R0.1,cliffwalking-H32-N192-D4,cliffwalking,32,192,6912,1000000,4,0.1,q16-to-q1-f0.75,two_stage,156,151,6903,6678,160,155,6720,999132,12.25,12.225165562913908,0.026783627392693143,0.9965433482687954,216,304.2297832058337,121.1037275079355,311.5187012355916,121.28347355606039,316.34015595662726,323.64704859119763
cliffwalking-H32-N192-D4-R0.3,cliffwalking-H32-N192-D4,cliffwalking,32,192,6912,1000000,4,0.3,q16-to-q1-f0.75,two_stage,156,151,6903,6678,160,155,6720,999132,12.25,12.225165562913908,0.026783627392693143,0.9965433482687954,216,304.2297832058337,121.1037275079355,311.5187012355916,121.28347355606039,340.56090145821435,347.90374330240974
cliffwalking-H32-N192-D4-R0.5,cliffwalking-H32-N192-D4,cliffwalking,32,192,6912,1000000,4,0.5,q16-to-q1-f0.75,two_stage,156,151,6903,6678,160,155,6720,999132,12.25,12.225165562913908,0.026783627392693143,0.9965433482687954,216,304.2297832058337,121.1037275079355,311.5187012355916,121.28347355606039,364.7816469598015,372.1604380136218
cliffwalking-H32-N192-D4-R0.7,cliffwalking-H32-N192-D4,cliffwalking,32,192,6912,1000000,4,0.7,q16-to-q1-f0.75,two_stage,156,151,6903,6678,160,155,6720,999132,12.25,12.225165562913908,0.026783627392693143,0.9965433482687954,216,304.2297832058337,121.1037275079355,311.5187012355916,121.28347355606039,389.0023924613886,396.4171327248339
cliffwalking-H32-N192-D4-R0.9,cliffwalking-H32-N192-D4,cliffwalking,32,192,6912,1000000,4,0.9,q16-to-q1-f0.75,two_stage,156,151,6903,6678,160,155,6720,999132,12.25,12.225165562913908,0.026783627392693143,0.9965433482687954,216,304.2297832058337,121.1037275079355,311.5187012355916,121.28347355606039,413.22313796297567,420.67382743604594
cliffwalking-H32-N192-D4-R1,cliffwalking-H32-N192-D4,cliffwalking,32,192,6912,1000000,4,1.0,q16-to-q1-f0.75,two_stage,156,151,6903,6678,160,155,6720,999132,12.25,12.225165562913908,0.026783627392693143,0.9965433482687954,216,304.2297832058337,121.1037275079355,311.5187012355916,121.28347355606039,425.3335107137692,432.80217479165196
cliffwalking-H32-N192-D8-R0,cliffwalking-H32-N192-D8,cliffwalking,32,192,6912,1000000,8,0.0,fixed-q1,fixed,209,203,6897,6699,217,211,6720,999128,1.0,1.0,0.026783627392693143,0.9964937425899467,216,359.55062751275756,0.0,367.25019652394116,0.0,359.55062751275756,367.25019652394116
cliffwalking-H32-N192-D8-R0.1,cliffwalking-H32-N192-D8,cliffwalking,32,192,6912,1000000,8,0.1,fixed-q1,fixed,209,203,6897,6699,217,211,6720,999128,1.0,1.0,0.026783627392693143,0.9964937425899467,216,359.55062751275756,0.0,367.25019652394116,0.0,359.55062751275756,367.25019652394116
cliffwalking-H32-N192-D8-R0.3,cliffwalking-H32-N192-D8,cliffwalking,32,192,6912,1000000,8,0.3,fixed-q1,fixed,209,203,6897,6699,217,211,6720,999128,1.0,1.0,0.026783627392693143,0.9964937425899467,216,359.55062751275756,0.0,367.25019652394116,0.0,359.55062751275756,367.25019652394116
cliffwalking-H32-N192-D8-R0.5,cliffwalking-H32-N192-D8,cliffwalking,32,192,6912,1000000,8,0.5,fixed-q1,fixed,209,203,6897,6699,217,211,6720,999128,1.0,1.0,0.026783627392693143,0.9964937425899467,216,359.55062751275756,0.0,367.25019652394116,0.0,359.55062751275756,367.25019652394116
cliffwalking-H32-N192-D8-R0.7,cliffwalking-H32-N192-D8,cliffwalking,32,192,6912,1000000,8,0.7,fixed-q1,fixed,209,203,6897,6699,217,211,6720,999128,1.0,1.0,0.026783627392693143,0.9964937425899467,216,359.55062751275756,0.0,367.25019652394116,0.0,359.55062751275756,367.25019652394116
cliffwalking-H32-N192-D8-R0.9,cliffwalking-H32-N192-D8,cliffwalking,32,192,6912,1000000,8,0.9,fixed-q1,fixed,209,203,6897,6699,217,211,6720,999128,1.0,1.0,0.026783627392693143,0.9964937425899467,216,359.55062751275756,0.0,367.25019652394116,0.0,359.55062751275756,367.25019652394116
cliffwalking-H32-N192-D8-R1,cliffwalking-H32-N192-D8,cliffwalking,32,192,6912,1000000,8,1.0,fixed-q1,fixed,209,203,6897,6699,217,211,6720,999128,1.0,1.0,0.026783627392693143,0.9964937425899467,216,359.55062751275756,0.0,367.25019652394116,0.0,359.55062751275756,367.25019652394116
cliffwalking-H32-N192-D8-R0,cliffwalking-H32-N192-D8,cliffwalking,32,192,6912,1000000,8,0.0,fixed-q4,fixed,192,186,6912,6696,200,194,6720,999128,4.0,4.0,0.026783627392693143,0.9964937425899467,216,271.19611260525244,110.60336882182834,278.6560532177863,111.3268028689375,271.19611260525244,278.6560532177863
cliffwalking-H32-N192-D8-R0.1,cliffwalking-H32-N192-D8,cliffwalking,32,192,6912,1000000,8,0.1,fixed-q4,fixed,192,186,6912,6696,200,194,6720,999128,4.0,4.0,0.026783627392693143,0.9964937425899467,216,271.19611260525244,110.60336882182834,278.6560532177863,111.3268028689375,282.25644948743525,289.78873350468
cliffwalking-H32-N192-D8-R0.3,cliffwalking-H32-N192-D8,cliffwalking,32,192,6912,1000000,8,0.3,fixed-q4,fixed,192,186,6912,6696,200,194,6720,999128,4.0,4.0,0.026783627392693143,0.9964937425899467,216,271.19611260525244,110.60336882182834,278.6560532177863,111.3268028689375,304.3771232518009,312.05409407846753
cliffwalking-H32-N192-D8-R0.5,cliffwalking-H32-N192-D8,cliffwalking,32,192,6912,1000000,8,0.5,fixed-q4,fixed,192,186,6912,6696,200,194,6720,999128,4.0,4.0,0.026783627392693143,0.9964937425899467,216,271.19611260525244,110.60336882182834,278.6560532177863,111.3268028689375,326.4977970161666,334.31945465225505
cliffwalking-H32-N192-D8-R0.7,cliffwalking-H32-N192-D8,cliffwalking,32,192,6912,1000000,8,0.7,fixed-q4,fixed,192,186,6912,6696,200,194,6720,999128,4.0,4.0,0.026783627392693143,0.9964937425899467,216,271.19611260525244,110.60336882182834,278.6560532177863,111.3268028689375,348.6184707805323,356.5848152260425
cliffwalking-H32-N192-D8-R0.9,cliffwalking-H32-N192-D8,cliffwalking,32,192,6912,1000000,8,0.9,fixed-q4,fixed,192,186,6912,6696,200,194,6720,999128,4.0,4.0,0.026783627392693143,0.9964937425899467,216,271.19611260525244,110.60336882182834,278.6560532177863,111.3268028689375,370.73914454489795,378.85017579983
cliffwalking-H32-N192-D8-R1,cliffwalking-H32-N192-D8,cliffwalking,32,192,6912,1000000,8,1.0,fixed-q4,fixed,192,186,6912,6696,200,194,6720,999128,4.0,4.0,0.026783627392693143,0.9964937425899467,216,271.19611260525244,110.60336882182834,278.6560532177863,111.3268028689375,381.79948142708076,389.9828560867238
cliffwalking-H32-N192-D8-R0,cliffwalking-H32-N192-D8,cliffwalking,32,192,6912,1000000,8,0.0,fixed-q16,fixed,144,140,6912,6720,152,148,6720,999128,16.0,16.0,0.026783627392693143,0.9964937425899467,216,307.46743631192635,144.40462601806996,313.40609328932214,144.7428279820288,307.46743631192635,313.40609328932214
cliffwalking-H32-N192-D8-R0.1,cliffwalking-H32-N192-D8,cliffwalking,32,192,6912,1000000,8,0.1,fixed-q16,fixed,144,140,6912,6720,152,148,6720,999128,16.0,16.0,0.026783627392693143,0.9964937425899467,216,307.46743631192635,144.40462601806996,313.40609328932214,144.7428279820288,321.90789891373333,327.880376087525
cliffwalking-H32-N192-D8-R0.3,cliffwalking-H32-N192-D8,cliffwalking,32,192,6912,1000000,8,0.3,fixed-q16,fixed,144,140,6912,6720,152,148,6720,999128,16.0,16.0,0.026783627392693143,0.9964937425899467,216,307.46743631192635,144.40462601806996,313.40609328932214,144.7428279820288,350.78882411734736,356.8289416839308
cliffwalking-H32-N192-D8-R0.5,cliffwalking-H32-N192-D8,cliffwalking,32,192,6912,1000000,8,0.5,fixed-q16,fixed,144,140,6912,6720,152,148,6720,999128,16.0,16.0,0.026783627392693143,0.9964937425899467,216,307.46743631192635,144.40462601806996,313.40609328932214,144.7428279820288,379.66974932096133,385.7775072803365
cliffwalking-H32-N192-D8-R0.7,cliffwalking-H32-N192-D8,cliffwalking,32,192,6912,1000000,8,0.7,fixed-q16,fixed,144,140,6912,6720,152,148,6720,999128,16.0,16.0,0.026783627392693143,0.9964937425899467,216,307.46743631192635,144.40462601806996,313.40609328932214,144.7428279820288,408.5506745245753,414.7260728767423
cliffwalking-H32-N192-D8-R0.9,cliffwalking-H32-N192-D8,cliffwalking,32,192,6912,1000000,8,0.9,fixed-q16,fixed,144,140,6912,6720,152,148,6720,999128,16.0,16.0,0.026783627392693143,0.9964937425899467,216,307.46743631192635,144.40462601806996,313.40609328932214,144.7428279820288,437.4315997281893,443.6746384731481
cliffwalking-H32-N192-D8-R1,cliffwalking-H32-N192-D8,cliffwalking,32,192,6912,1000000,8,1.0,fixed-q16,fixed,144,140,6912,6720,152,148,6720,999128,16.0,16.0,0.026783627392693143,0.9964937425899467,216,307.46743631192635,144.40462601806996,313.40609328932214,144.7428279820288,451.8720623299963,458.14892127135096
cliffwalking-H32-N192-D8-R0,cliffwalking-H32-N192-D8,cliffwalking,32,192,6912,1000000,8,0.0,q1-to-q16-f0.25,two_stage,156,151,6903,6693,164,159,6720,999128,12.25,12.324503311258278,0.026783627392693143,0.9964937425899467,216,309.1723355594478,124.23578296054083,316.76477321668233,124.2743461490087,309.1723355594478,316.76477321668233
cliffwalking-H32-N192-D8-R0.1,cliffwalking-H32-N192-D8,cliffwalking,32,192,6912,1000000,8,0.1,q1-to-q16-f0.25,two_stage,156,151,6903,6693,164,159,6720,999128,12.25,12.324503311258278,0.026783627392693143,0.9964937425899467,216,309.1723355594478,124.23578296054083,316.76477321668233,124.2743461490087,321.59591385550186,329.1922078315832
cliffwalking-H32-N192-D8-R0.3,cliffwalking-H32-N192-D8,cliffwalking,32,192,6912,1000000,8,0.3,q1-to-q16-f0.25,two_stage,156,151,6903,6693,164,159,6720,999128,12.25,12.324503311258278,0.026783627392693143,0.9964937425899467,216,309.1723355594478,124.23578296054083,316.76477321668233,124.2743461490087,346.44307044761,354.0470770613849
cliffwalking-H32-N192-D8-R0.5,cliffwalking-H32-N192-D8,cliffwalking,32,192,6912,1000000,8,0.5,q1-to-q16-f0.25,two_stage,156,151,6903,6693,164,159,6720,999128,12.25,12.324503311258278,0.026783627392693143,0.9964937425899467,216,309.1723355594478,124.23578296054083,316.76477321668233,124.2743461490087,371.2902270397182,378.9019462911867
cliffwalking-H32-N192-D8-R0.7,cliffwalking-H32-N192-D8,cliffwalking,32,192,6912,1000000,8,0.7,q1-to-q16-f0.25,two_stage,156,151,6903,6693,164,159,6720,999128,12.25,12.324503311258278,0.026783627392693143,0.9964937425899467,216,309.1723355594478,124.23578296054083,316.76477321668233,124.2743461490087,396.13738363182637,403.7568155209884
cliffwalking-H32-N192-D8-R0.9,cliffwalking-H32-N192-D8,cliffwalking,32,192,6912,1000000,8,0.9,q1-to-q16-f0.25,two_stage,156,151,6903,6693,164,159,6720,999128,12.25,12.324503311258278,0.026783627392693143,0.9964937425899467,216,309.1723355594478,124.23578296054083,316.76477321668233,124.2743461490087,420.9845402239346,428.6116847507902
cliffwalking-H32-N192-D8-R1,cliffwalking-H32-N192-D8,cliffwalking,32,192,6912,1000000,8,1.0,q1-to-q16-f0.25,two_stage,156,151,6903,6693,164,159,6720,999128,12.25,12.324503311258278,0.026783627392693143,0.9964937425899467,216,309.1723355594478,124.23578296054083,316.76477321668233,124.2743461490087,433.40811851998865,441.039119365691
cliffwalking-H32-N192-D8-R0,cliffwalking-H32-N192-D8,cliffwalking,32,192,6912,1000000,8,0.0,q1-to-q16-f0.5,two_stage,170,165,6885,6690,178,173,6720,999128,8.5,8.545454545454545,0.026783627392693143,0.9964937425899467,216,336.1866552354997,76.44653117048195,343.84346165143046,76.12105000463993,336.1866552354997,343.84346165143046
cliffwalking-H32-N192-D8-R0.1,cliffwalking-H32-N192-D8,cliffwalking,32,192,6912,1000000,8,0.1,q1-to-q16-f0.5,two_stage,170,165,6885,6690,178,173,6720,999128,8.5,8.545454545454545,0.026783627392693143,0.9964937425899467,216,336.1866552354997,76.44653117048195,343.84346165143046,76.12105000463993,343.8313083525479,351.45556665189446
cliffwalking-H32-N192-D8-R0.3,cliffwalking-H32-N192-D8,cliffwalking,32,192,6912,1000000,8,0.3,q1-to-q16-f0.5,two_stage,170,165,6885,6690,178,173,6720,999128,8.5,8.545454545454545,0.026783627392693143,0.9964937425899467,216,336.1866552354997,76.44653117048195,343.84346165143046,76.12105000463993,359.1206145866443,366.67977665282245
cliffwalking-H32-N192-D8-R0.5,cliffwalking-H32-N192-D8,cliffwalking,32,192,6912,1000000,8,0.5,q1-to-q16-f0.5,two_stage,170,165,6885,6690,178,173,6720,999128,8.5,8.545454545454545,0.026783627392693143,0.9964937425899467,216,336.1866552354997,76.44653117048195,343.84346165143046,76.12105000463993,374.4099208207407,381.9039866537504
cliffwalking-H32-N192-D8-R0.7,cliffwalking-H32-N192-D8,cliffwalking,32,192,6912,1000000,8,0.7,q1-to-q16-f0.5,two_stage,170,165,6885,6690,178,173,6720,999128,8.5,8.545454545454545,0.026783627392693143,0.9964937425899467,216,336.1866552354997,76.44653117048195,343.84346165143046,76.12105000463993,389.6992270548371,397.1281966546784
cliffwalking-H32-N192-D8-R0.9,cliffwalking-H32-N192-D8,cliffwalking,32,192,6912,1000000,8,0.9,q1-to-q16-f0.5,two_stage,170,165,6885,6690,178,173,6720,999128,8.5,8.545454545454545,0.026783627392693143,0.9964937425899467,216,336.1866552354997,76.44653117048195,343.84346165143046,76.12105000463993,404.98853328893347,412.3524066556064
cliffwalking-H32-N192-D8-R1,cliffwalking-H32-N192-D8,cliffwalking,32,192,6912,1000000,8,1.0,q1-to-q16-f0.5,two_stage,170,165,6885,6690,178,173,6720,999128,8.5,8.545454545454545,0.026783627392693143,0.9964937425899467,216,336.1866552354997,76.44653117048195,343.84346165143046,76.12105000463993,412.63318640598163,419.9645116560704
cliffwalking-H32-N192-D8-R0,cliffwalking-H32-N192-D8,cliffwalking,32,192,6912,1000000,8,0.0,q1-to-q16-f0.75,two_stage,188,182,6909,6696,196,190,6720,999128,4.75,4.791208791208791,0.026783627392693143,0.9964937425899467,216,371.502325280956,15.73375854094296,379.61513980633003,15.918006018843727,371.502325280956,379.61513980633003
cliffwalking-H32-N192-D8-R0.1,cliffwalking-H32-N192-D8,cliffwalking,32,192,6912,1000000,8,0.1,q1-to-q16-f0.75,two_stage,188,182,6909,6696,196,190,6720,999128,4.75,4.791208791208791,0.026783627392693143,0.9964937425899467,216,371.502325280956,15.73375854094296,379.61513980633003,15.918006018843727,373.0757011350503,381.2069404082144
cliffwalking-H32-N192-D8-R0.3,cliffwalking-H32-N192-D8,cliffwalking,32,192,6912,1000000,8,0.3,q1-to-q16-f0.75,two_stage,188,182,6909,6696,196,190,6720,999128,4.75,4.791208791208791,0.026783627392693143,0.9964937425899467,216,371.502325280956,15.73375854094296,379.61513980633003,15.918006018843727,376.22245284323884,384.39054161198317
cliffwalking-H32-N192-D8-R0.5,cliffwalking-H32-N192-D8,cliffwalking,32,192,6912,1000000,8,0.5,q1-to-q16-f0.75,two_stage,188,182,6909,6696,196,190,6720,999128,4.75,4.791208791208791,0.026783627392693143,0.9964937425899467,216,371.502325280956,15.73375854094296,379.61513980633003,15.918006018843727,379.36920455142746,387.5741428157519
cliffwalking-H32-N192-D8-R0.7,cliffwalking-H32-N192-D8,cliffwalking,32,192,6912,1000000,8,0.7,q1-to-q16-f0.75,two_stage,188,182,6909,6696,196,190,6720,999128,4.75,4.791208791208791,0.026783627392693143,0.9964937425899467,216,371.502325280956,15.73375854094296,379.61513980633003,15.918006018843727,382.515956259616,390.75774401952066
cliffwalking-H32-N192-D8-R0.9,cliffwalking-H32-N192-D8,cliffwalking,32,192,6912,1000000,8,0.9,q1-to-q16-f0.75,two_stage,188,182,6909,6696,196,190,6720,999128,4.75,4.791208791208791,0.026783627392693143,0.9964937425899467,216,371.502325280956,15.73375854094296,379.61513980633003,15.918006018843727,385.66270796780464,393.9413452232894
cliffwalking-H32-N192-D8-R1,cliffwalking-H32-N192-D8,cliffwalking,32,192,6912,1000000,8,1.0,q1-to-q16-f0.75,two_stage,188,182,6909,6696,196,190,6720,999128,4.75,4.791208791208791,0.026783627392693143,0.9964937425899467,216,371.502325280956,15.73375854094296,379.61513980633003,15.918006018843727,387.23608382189894,395.53314582517373
cliffwalking-H32-N192-D8-R0,cliffwalking-H32-N192-D8,cliffwalking,32,192,6912,1000000,8,0.0,q16-to-q1-f0.25,two_stage,188,183,6909,6714,196,191,6720,999128,4.75,4.688524590163935,0.026783627392693143,0.9964937425899467,216,371.20382162803406,16.032262193864945,378.072048104608,16.078157038359684,371.20382162803406,378.072048104608
cliffwalking-H32-N192-D8-R0.1,cliffwalking-H32-N192-D8,cliffwalking,32,192,6912,1000000,8,0.1,q16-to-q1-f0.25,two_stage,188,183,6909,6714,196,191,6720,999128,4.75,4.688524590163935,0.026783627392693143,0.9964937425899467,216,371.20382162803406,16.032262193864945,378.072048104608,16.078157038359684,372.80704784742056,379.67986380844394
cliffwalking-H32-N192-D8-R0.3,cliffwalking-H32-N192-D8,cliffwalking,32,192,6912,1000000,8,0.3,q16-to-q1-f0.25,two_stage,188,183,6909,6714,196,191,6720,999128,4.75,4.688524590163935,0.026783627392693143,0.9964937425899467,216,371.20382162803406,16.032262193864945,378.072048104608,16.078157038359684,376.01350028619356,382.8954952161159
cliffwalking-H32-N192-D8-R0.5,cliffwalking-H32-N192-D8,cliffwalking,32,192,6912,1000000,8,0.5,q16-to-q1-f0.25,two_stage,188,183,6909,6714,196,191,6720,999128,4.75,4.688524590163935,0.026783627392693143,0.9964937425899467,216,371.20382162803406,16.032262193864945,378.072048104608,16.078157038359684,379.21995272496656,386.1111266237878
cliffwalking-H32-N192-D8-R0.7,cliffwalking-H32-N192-D8,cliffwalking,32,192,6912,1000000,8,0.7,q16-to-q1-f0.25,two_stage,188,183,6909,6714,196,191,6720,999128,4.75,4.688524590163935,0.026783627392693143,0.9964937425899467,216,371.20382162803406,16.032262193864945,378.072048104608,16.078157038359684,382.4264051637395,389.32675803145975
cliffwalking-H32-N192-D8-R0.9,cliffwalking-H32-N192-D8,cliffwalking,32,192,6912,1000000,8,0.9,q16-to-q1-f0.25,two_stage,188,183,6909,6714,196,191,6720,999128,4.75,4.688524590163935,0.026783627392693143,0.9964937425899467,216,371.20382162803406,16.032262193864945,378.072048104608,16.078157038359684,385.6328576025125,392.5423894391317
cliffwalking-H32-N192-D8-R1,cliffwalking-H32-N192-D8,cliffwalking,32,192,6912,1000000,8,1.0,q16-to-q1-f0.25,two_stage,188,183,6909,6714,196,191,6720,999128,4.75,4.688524590163935,0.026783627392693143,0.9964937425899467,216,371.20382162803406,16.032262193864945,378.072048104608,16.078157038359684,387.236083821899,394.15020514296765
cliffwalking-H32-N192-D8-R0,cliffwalking-H32-N192-D8,cliffwalking,32,192,6912,1000000,8,0.0,q16-to-q1-f0.5,two_stage,170,165,6885,6675,178,173,6720,999128,8.5,8.454545454545455,0.026783627392693143,0.9964937425899467,216,347.5151172343248,65.11806917165664,354.2741291165977,65.69038253947268,347.5151172343248,354.2741291165977
cliffwalking-H32-N192-D8-R0.1,cliffwalking-H32-N192-D8,cliffwalking,32,192,6912,1000000,8,0.1,q16-to-q1-f0.5,two_stage,170,165,6885,6675,178,173,6720,999128,8.5,8.454545454545455,0.026783627392693143,0.9964937425899467,216,347.5151172343248,65.11806917165664,354.2741291165977,65.69038253947268,354.02692415149045,360.84316737054496
cliffwalking-H32-N192-D8-R0.3,cliffwalking-H32-N192-D8,cliffwalking,32,192,6912,1000000,8,0.3,q16-to-q1-f0.5,two_stage,170,165,6885,6675,178,173,6720,999128,8.5,8.454545454545455,0.026783627392693143,0.9964937425899467,216,347.5151172343248,65.11806917165664,354.2741291165977,65.69038253947268,367.0505379858218,373.9812438784395
cliffwalking-H32-N192-D8-R0.5,cliffwalking-H32-N192-D8,cliffwalking,32,192,6912,1000000,8,0.5,q16-to-q1-f0.5,two_stage,170,165,6885,6675,178,173,6720,999128,8.5,8.454545454545455,0.026783627392693143,0.9964937425899467,216,347.5151172343248,65.11806917165664,354.2741291165977,65.69038253947268,380.07415182015313,387.11932038633404
cliffwalking-H32-N192-D8-R0.7,cliffwalking-H32-N192-D8,cliffwalking,32,192,6912,1000000,8,0.7,q16-to-q1-f0.5,two_stage,170,165,6885,6675,178,173,6720,999128,8.5,8.454545454545455,0.026783627392693143,0.9964937425899467,216,347.5151172343248,65.11806917165664,354.2741291165977,65.69038253947268,393.0977656544845,400.2573968942286
cliffwalking-H32-N192-D8-R0.9,cliffwalking-H32-N192-D8,cliffwalking,32,192,6912,1000000,8,0.9,q16-to-q1-f0.5,two_stage,170,165,6885,6675,178,173,6720,999128,8.5,8.454545454545455,0.026783627392693143,0.9964937425899467,216,347.5151172343248,65.11806917165664,354.2741291165977,65.69038253947268,406.12137948881576,413.3954734021231
cliffwalking-H32-N192-D8-R1,cliffwalking-H32-N192-D8,cliffwalking,32,192,6912,1000000,8,1.0,q16-to-q1-f0.5,two_stage,170,165,6885,6675,178,173,6720,999128,8.5,8.454545454545455,0.026783627392693143,0.9964937425899467,216,347.5151172343248,65.11806917165664,354.2741291165977,65.69038253947268,412.63318640598146,419.9645116560704
cliffwalking-H32-N192-D8-R0,cliffwalking-H32-N192-D8,cliffwalking,32,192,6912,1000000,8,0.0,q16-to-q1-f0.75,two_stage,156,151,6903,6678,164,159,6720,999128,12.25,12.225165562913908,0.026783627392693143,0.9964937425899467,216,304.3276808602476,129.08043765974102,311.65346521237,129.38565415332147,304.3276808602476,311.65346521237
cliffwalking-H32-N192-D8-R0.1,cliffwalking-H32-N192-D8,cliffwalking,32,192,6912,1000000,8,0.1,q16-to-q1-f0.75,two_stage,156,151,6903,6678,164,159,6720,999128,12.25,12.225165562913908,0.026783627392693143,0.9964937425899467,216,304.3276808602476,129.08043765974102,311.65346521237,129.38565415332147,317.2357246262217,324.5920306277022
cliffwalking-H32-N192-D8-R0.3,cliffwalking-H32-N192-D8,cliffwalking,32,192,6912,1000000,8,0.3,q16-to-q1-f0.75,two_stage,156,151,6903,6678,164,159,6720,999128,12.25,12.225165562913908,0.026783627392693143,0.9964937425899467,216,304.3276808602476,129.08043765974102,311.65346521237,129.38565415332147,343.0518121581699,350.46916145836644
cliffwalking-H32-N192-D8-R0.5,cliffwalking-H32-N192-D8,cliffwalking,32,192,6912,1000000,8,0.5,q16-to-q1-f0.75,two_stage,156,151,6903,6678,164,159,6720,999128,12.25,12.225165562913908,0.026783627392693143,0.9964937425899467,216,304.3276808602476,129.08043765974102,311.65346521237,129.38565415332147,368.8678996901181,376.34629228903077
cliffwalking-H32-N192-D8-R0.7,cliffwalking-H32-N192-D8,cliffwalking,32,192,6912,1000000,8,0.7,q16-to-q1-f0.75,two_stage,156,151,6903,6678,164,159,6720,999128,12.25,12.225165562913908,0.026783627392693143,0.9964937425899467,216,304.3276808602476,129.08043765974102,311.65346521237,129.38565415332147,394.6839872220663,402.22342311969504
cliffwalking-H32-N192-D8-R0.9,cliffwalking-H32-N192-D8,cliffwalking,32,192,6912,1000000,8,0.9,q16-to-q1-f0.75,two_stage,156,151,6903,6678,164,159,6720,999128,12.25,12.225165562913908,0.026783627392693143,0.9964937425899467,216,304.3276808602476,129.08043765974102,311.65346521237,129.38565415332147,420.5000747540145,428.1005539503593
cliffwalking-H32-N192-D8-R1,cliffwalking-H32-N192-D8,cliffwalking,32,192,6912,1000000,8,1.0,q16-to-q1-f0.75,two_stage,156,151,6903,6678,164,159,6720,999128,12.25,12.225165562913908,0.026783627392693143,0.9964937425899467,216,304.3276808602476,129.08043765974102,311.65346521237,129.38565415332147,433.40811851998865,441.0391193656915
taxi-H8-N96-D0-R0,taxi-H8-N96-D0,taxi,8,96,1152,1000000,0,0.0,fixed-q1,fixed,128,117,1152,1053,128,117,1056,999432,1.0,1.0,0.030174809165813884,0.996591649725921,142,10.760809035077987,0.0,11.061640131865117,0.0,10.760809035077987,11.061640131865117
taxi-H8-N96-D0-R0.1,taxi-H8-N96-D0,taxi,8,96,1152,1000000,0,0.1,fixed-q1,fixed,128,117,1152,1053,128,117,1056,999432,1.0,1.0,0.030174809165813884,0.996591649725921,142,10.760809035077987,0.0,11.061640131865117,0.0,10.760809035077987,11.061640131865117
taxi-H8-N96-D0-R0.3,taxi-H8-N96-D0,taxi,8,96,1152,1000000,0,0.3,fixed-q1,fixed,128,117,1152,1053,128,117,1056,999432,1.0,1.0,0.030174809165813884,0.996591649725921,142,10.760809035077987,0.0,11.061640131865117,0.0,10.760809035077987,11.061640131865117
taxi-H8-N96-D0-R0.5,taxi-H8-N96-D0,taxi,8,96,1152,1000000,0,0.5,fixed-q1,fixed,128,117,1152,1053,128,117,1056,999432,1.0,1.0,0.030174809165813884,0.996591649725921,142,10.760809035077987,0.0,11.061640131865117,0.0,10.760809035077987,11.061640131865117
taxi-H8-N96-D0-R0.7,taxi-H8-N96-D0,taxi,8,96,1152,1000000,0,0.7,fixed-q1,fixed,128,117,1152,1053,128,117,1056,999432,1.0,1.0,0.030174809165813884,0.996591649725921,142,10.760809035077987,0.0,11.061640131865117,0.0,10.760809035077987,11.061640131865117
taxi-H8-N96-D0-R0.9,taxi-H8-N96-D0,taxi,8,96,1152,1000000,0,0.9,fixed-q1,fixed,128,117,1152,1053,128,117,1056,999432,1.0,1.0,0.030174809165813884,0.996591649725921,142,10.760809035077987,0.0,11.061640131865117,0.0,10.760809035077987,11.061640131865117
taxi-H8-N96-D0-R1,taxi-H8-N96-D0,taxi,8,96,1152,1000000,0,1.0,fixed-q1,fixed,128,117,1152,1053,128,117,1056,999432,1.0,1.0,0.030174809165813884,0.996591649725921,142,10.760809035077987,0.0,11.061640131865117,0.0,10.760809035077987,11.061640131865117
taxi-H8-N96-D0-R0,taxi-H8-N96-D0,taxi,8,96,1152,1000000,0,0.0,fixed-q4,fixed,96,88,1152,1056,96,88,1056,999432,4.0,4.0,0.030174809165813884,0.996591649725921,142,5.639475871343904,6.168596578841922,6.098293076483254,6.041438084380714,5.639475871343904,6.098293076483254
taxi-H8-N96-D0-R0.1,taxi-H8-N96-D0,taxi,8,96,1152,1000000,0,0.1,fixed-q4,fixed,96,88,1152,1056,96,88,1056,999432,4.0,4.0,0.030174809165813884,0.996591649725921,142,5.639475871343904,6.168596578841922,6.098293076483254,6.041438084380714,6.256335529228096,6.702436884921326
taxi-H8-N96-D0-R0.3,taxi-H8-N96-D0,taxi,8,96,1152,1000000,0,0.3,fixed-q4,fixed,96,88,1152,1056,96,88,1056,999432,4.0,4.0,0.030174809165813884,0.996591649725921,142,5.639475871343904,6.168596578841922,6.098293076483254,6.041438084380714,7.4900548449964806,7.9107245017974686
taxi-H8-N96-D0-R0.5,taxi-H8-N96-D0,taxi,8,96,1152,1000000,0,0.5,fixed-q4,fixed,96,88,1152,1056,96,88,1056,999432,4.0,4.0,0.030174809165813884,0.996591649725921,142,5.639475871343904,6.168596578841922,6.098293076483254,6.041438084380714,8.723774160764865,9.119012118673611
taxi-H8-N96-D0-R0.7,taxi-H8-N96-D0,taxi,8,96,1152,1000000,0,0.7,fixed-q4,fixed,96,88,1152,1056,96,88,1056,999432,4.0,4.0,0.030174809165813884,0.996591649725921,142,5.639475871343904,6.168596578841922,6.098293076483254,6.041438084380714,9.957493476533248,10.327299735549754
taxi-H8-N96-D0-R0.9,taxi-H8-N96-D0,taxi,8,96,1152,1000000,0,0.9,fixed-q4,fixed,96,88,1152,1056,96,88,1056,999432,4.0,4.0,0.030174809165813884,0.996591649725921,142,5.639475871343904,6.168596578841922,6.098293076483254,6.041438084380714,11.191212792301634,11.535587352425896
taxi-H8-N96-D0-R1,taxi-H8-N96-D0,taxi,8,96,1152,1000000,0,1.0,fixed-q4,fixed,96,88,1152,1056,96,88,1056,999432,4.0,4.0,0.030174809165813884,0.996591649725921,142,5.639475871343904,6.168596578841922,6.098293076483254,6.041438084380714,11.808072450185826,12.139731160863969
taxi-H8-N96-D0-R0,taxi-H8-N96-D0,taxi,8,96,1152,1000000,0,0.0,fixed-q16,fixed,48,44,1152,1056,48,44,1056,999432,16.0,16.0,0.030174809165813884,0.996591649725921,142,8.406101991824423,6.028958955548772,8.962794404823324,5.778547097384736,8.406101991824423,8.962794404823324
taxi-H8-N96-D0-R0.1,taxi-H8-N96-D0,taxi,8,96,1152,1000000,0,0.1,fixed-q16,fixed,48,44,1152,1056,48,44,1056,999432,16.0,16.0,0.030174809165813884,0.996591649725921,142,8.406101991824423,6.028958955548772,8.962794404823324,5.778547097384736,9.0089978873793,9.540649114561798
taxi-H8-N96-D0-R0.3,taxi-H8-N96-D0,taxi,8,96,1152,1000000,0,0.3,fixed-q16,fixed,48,44,1152,1056,48,44,1056,999432,16.0,16.0,0.030174809165813884,0.996591649725921,142,8.406101991824423,6.028958955548772,8.962794404823324,5.778547097384736,10.214789678489055,10.696358534038744
taxi-H8-N96-D0-R0.5,taxi-H8-N96-D0,taxi,8,96,1152,1000000,0,0.5,fixed-q16,fixed,48,44,1152,1056,48,44,1056,999432,16.0,16.0,0.030174809165813884,0.996591649725921,142,8.406101991824423,6.028958955548772,8.962794404823324,5.778547097384736,11.420581469598808,11.852067953515693
taxi-H8-N96-D0-R0.7,taxi-H8-N96-D0,taxi,8,96,1152,1000000,0,0.7,fixed-q16,fixed,48,44,1152,1056,48,44,1056,999432,16.0,16.0,0.030174809165813884,0.996591649725921,142,8.406101991824423,6.028958955548772,8.962794404823324,5.778547097384736,12.626373260708563,13.007777372992638
taxi-H8-N96-D0-R0.9,taxi-H8-N96-D0,taxi,8,96,1152,1000000,0,0.9,fixed-q16,fixed,48,44,1152,1056,48,44,1056,999432,16.0,16.0,0.030174809165813884,0.996591649725921,142,8.406101991824423,6.028958955548772,8.962794404823324,5.778547097384736,13.832165051818318,14.163486792469588
taxi-H8-N96-D0-R1,taxi-H8-N96-D0,taxi,8,96,1152,1000000,0,1.0,fixed-q16,fixed,48,44,1152,1056,48,44,1056,999432,16.0,16.0,0.030174809165813884,0.996591649725921,142,8.406101991824423,6.028958955548772,8.962794404823324,5.778547097384736,14.435060947373195,14.74134150220806
taxi-H8-N96-D0-R0,taxi-H8-N96-D0,taxi,8,96,1152,1000000,0,0.0,q1-to-q16-f0.25,two_stage,56,52,1134,1053,56,52,1056,999432,12.25,12.25,0.030174809165813884,0.996591649725921,142,9.010942473170921,4.8624222928872936,9.472869839249345,4.673333450041983,9.010942473170921,9.472869839249345
taxi-H8-N96-D0-R0.1,taxi-H8-N96-D0,taxi,8,96,1152,1000000,0,0.1,q1-to-q16-f0.25,two_stage,56,52,1134,1053,56,52,1056,999432,12.25,12.25,0.030174809165813884,0.996591649725921,142,9.010942473170921,4.8624222928872936,9.472869839249345,4.673333450041983,9.49718470245965,9.940203184253543
taxi-H8-N96-D0-R0.3,taxi-H8-N96-D0,taxi,8,96,1152,1000000,0,0.3,q1-to-q16-f0.25,two_stage,56,52,1134,1053,56,52,1056,999432,12.25,12.25,0.030174809165813884,0.996591649725921,142,9.010942473170921,4.8624222928872936,9.472869839249345,4.673333450041983,10.469669161037109,10.87486987426194
taxi-H8-N96-D0-R0.5,taxi-H8-N96-D0,taxi,8,96,1152,1000000,0,0.5,q1-to-q16-f0.25,two_stage,56,52,1134,1053,56,52,1056,999432,12.25,12.25,0.030174809165813884,0.996591649725921,142,9.010942473170921,4.8624222928872936,9.472869839249345,4.673333450041983,11.442153619614569,11.809536564270337
taxi-H8-N96-D0-R0.7,taxi-H8-N96-D0,taxi,8,96,1152,1000000,0,0.7,q1-to-q16-f0.25,two_stage,56,52,1134,1053,56,52,1056,999432,12.25,12.25,0.030174809165813884,0.996591649725921,142,9.010942473170921,4.8624222928872936,9.472869839249345,4.673333450041983,12.414638078192027,12.744203254278732
taxi-H8-N96-D0-R0.9,taxi-H8-N96-D0,taxi,8,96,1152,1000000,0,0.9,q1-to-q16-f0.25,two_stage,56,52,1134,1053,56,52,1056,999432,12.25,12.25,0.030174809165813884,0.996591649725921,142,9.010942473170921,4.8624222928872936,9.472869839249345,4.673333450041983,13.387122536769485,13.678869944287129
taxi-H8-N96-D0-R1,taxi-H8-N96-D0,taxi,8,96,1152,1000000,0,1.0,q1-to-q16-f0.25,two_stage,56,52,1134,1053,56,52,1056,999432,12.25,12.25,0.030174809165813884,0.996591649725921,142,9.010942473170921,4.8624222928872936,9.472869839249345,4.673333450041983,13.873364766058215,14.146203289291329
taxi-H8-N96-D0-R0,taxi-H8-N96-D0,taxi,8,96,1152,1000000,0,0.0,q1-to-q16-f0.5,two_stage,69,64,1146,1056,69,64,1056,999432,8.608695652173912,8.5,0.030174809165813884,0.996591649725921,142,10.313129406543855,2.755229470673285,10.748660167620088,2.6209185115374662,10.313129406543855,10.748660167620088
taxi-H8-N96-D0-R0.1,taxi-H8-N96-D0,taxi,8,96,1152,1000000,0,0.1,q1-to-q16-f0.5,two_stage,69,64,1146,1056,69,64,1056,999432,8.608695652173912,8.5,0.030174809165813884,0.996591649725921,142,10.313129406543855,2.755229470673285,10.748660167620088,2.6209185115374662,10.588652353611183,11.010752018773834
taxi-H8-N96-D0-R0.3,taxi-H8-N96-D0,taxi,8,96,1152,1000000,0,0.3,q1-to-q16-f0.5,two_stage,69,64,1146,1056,69,64,1056,999432,8.608695652173912,8.5,0.030174809165813884,0.996591649725921,142,10.313129406543855,2.755229470673285,10.748660167620088,2.6209185115374662,11.13969824774584,11.534935721081327
taxi-H8-N96-D0-R0.5,taxi-H8-N96-D0,taxi,8,96,1152,1000000,0,0.5,q1-to-q16-f0.5,two_stage,69,64,1146,1056,69,64,1056,999432,8.608695652173912,8.5,0.030174809165813884,0.996591649725921,142,10.313129406543855,2.755229470673285,10.748660167620088,2.6209185115374662,11.690744141880497,12.059119423388822
taxi-H8-N96-D0-R0.7,taxi-H8-N96-D0,taxi,8,96,1152,1000000,0,0.7,q1-to-q16-f0.5,two_stage,69,64,1146,1056,69,64,1056,999432,8.608695652173912,8.5,0.030174809165813884,0.996591649725921,142,10.313129406543855,2.755229470673285,10.748660167620088,2.6209185115374662,12.241790036015153,12.583303125696315
taxi-H8-N96-D0-R0.9,taxi-H8-N96-D0,taxi,8,96,1152,1000000,0,0.9,q1-to-q16-f0.5,two_stage,69,64,1146,1056,69,64,1056,999432,8.608695652173912,8.5,0.030174809165813884,0.996591649725921,142,10.313129406543855,2.755229470673285,10.748660167620088,2.6209185115374662,12.792835930149812,13.107486828003807
taxi-H8-N96-D0-R1,taxi-H8-N96-D0,taxi,8,96,1152,1000000,0,1.0,q1-to-q16-f0.5,two_stage,69,64,1146,1056,69,64,1056,999432,8.608695652173912,8.5,0.030174809165813884,0.996591649725921,142,10.313129406543855,2.755229470673285,10.748660167620088,2.6209185115374662,13.06835887721714,13.369578679157554
taxi-H8-N96-D0-R0,taxi-H8-N96-D0,taxi,8,96,1152,1000000,0,0.0,q1-to-q16-f0.75,two_stage,89,82,1146,1053,89,82,1056,999432,4.876404494382022,4.841463414634147,0.030174809165813884,0.996591649725921,142,11.520988891482983,0.5609234365988406,11.880498063514384,0.5312899090983408,11.520988891482983,11.880498063514384
taxi-H8-N96-D0-R0.1,taxi-H8-N96-D0,taxi,8,96,1152,1000000,0,0.1,q1-to-q16-f0.75,two_stage,89,82,1146,1053,89,82,1056,999432,4.876404494382022,4.841463414634147,0.030174809165813884,0.996591649725921,142,11.520988891482983,0.5609234365988406,11.880498063514384,0.5312899090983408,11.577081235142867,11.933627054424218
taxi-H8-N96-D0-R0.3,taxi-H8-N96-D0,taxi,8,96,1152,1000000,0,0.3,q1-to-q16-f0.75,two_stage,89,82,1146,1053,89,82,1056,999432,4.876404494382022,4.841463414634147,0.030174809165813884,0.996591649725921,142,11.520988891482983,0.5609234365988406,11.880498063514384,0.5312899090983408,11.689265922462635,12.039885036243886
taxi-H8-N96-D0-R0.5,taxi-H8-N96-D0,taxi,8,96,1152,1000000,0,0.5,q1-to-q16-f0.75,two_stage,89,82,1146,1053,89,82,1056,999432,4.876404494382022,4.841463414634147,0.030174809165813884,0.996591649725921,142,11.520988891482983,0.5609234365988406,11.880498063514384,0.5312899090983408,11.801450609782403,12.146143018063555
taxi-H8-N96-D0-R0.7,taxi-H8-N96-D0,taxi,8,96,1152,1000000,0,0.7,q1-to-q16-f0.75,two_stage,89,82,1146,1053,89,82,1056,999432,4.876404494382022,4.841463414634147,0.030174809165813884,0.996591649725921,142,11.520988891482983,0.5609234365988406,11.880498063514384,0.5312899090983408,11.913635297102172,12.252400999883223
taxi-H8-N96-D0-R0.9,taxi-H8-N96-D0,taxi,8,96,1152,1000000,0,0.9,q1-to-q16-f0.75,two_stage,89,82,1146,1053,89,82,1056,999432,4.876404494382022,4.841463414634147,0.030174809165813884,0.996591649725921,142,11.520988891482983,0.5609234365988406,11.880498063514384,0.5312899090983408,12.02581998442194,12.358658981702892
taxi-H8-N96-D0-R1,taxi-H8-N96-D0,taxi,8,96,1152,1000000,0,1.0,q1-to-q16-f0.75,two_stage,89,82,1146,1053,89,82,1056,999432,4.876404494382022,4.841463414634147,0.030174809165813884,0.996591649725921,142,11.520988891482983,0.5609234365988406,11.880498063514384,0.5312899090983408,12.081912328081824,12.411787972612725
taxi-H8-N96-D0-R0,taxi-H8-N96-D0,taxi,8,96,1152,1000000,0,0.0,q16-to-q1-f0.25,two_stage,91,83,1149,1047,91,83,1056,999432,4.626373626373627,4.614457831325301,0.030174809165813884,0.996591649725921,142,10.417958344502527,1.578793894455552,10.757133051792373,1.5938901218534205,10.417958344502527,10.757133051792373
taxi-H8-N96-D0-R0.1,taxi-H8-N96-D0,taxi,8,96,1152,1000000,0,0.1,q16-to-q1-f0.25,two_stage,91,83,1149,1047,91,83,1056,999432,4.626373626373627,4.614457831325301,0.030174809165813884,0.996591649725921,142,10.417958344502527,1.578793894455552,10.757133051792373,1.5938901218534205,10.575837733948081,10.916522063977714
taxi-H8-N96-D0-R0.3,taxi-H8-N96-D0,taxi,8,96,1152,1000000,0,0.3,q16-to-q1-f0.25,two_stage,91,83,1149,1047,91,83,1056,999432,4.626373626373627,4.614457831325301,0.030174809165813884,0.996591649725921,142,10.417958344502527,1.578793894455552,10.757133051792373,1.5938901218534205,10.891596512839191,11.2353000883484
taxi-H8-N96-D0-R0.5,taxi-H8-N96-D0,taxi,8,96,1152,1000000,0,0.5,q16-to-q1-f0.25,two_stage,91,83,1149,1047,91,83,1056,999432,4.626373626373627,4.614457831325301,0.030174809165813884,0.996591649725921,142,10.417958344502527,1.578793894455552,10.757133051792373,1.5938901218534205,11.207355291730302,11.554078112719083
taxi-H8-N96-D0-R0.7,taxi-H8-N96-D0,taxi,8,96,1152,1000000,0,0.7,q16-to-q1-f0.25,two_stage,91,83,1149,1047,91,83,1056,999432,4.626373626373627,4.614457831325301,0.030174809165813884,0.996591649725921,142,10.417958344502527,1.578793894455552,10.757133051792373,1.5938901218534205,11.523114070621412,11.872856137089768
taxi-H8-N96-D0-R0.9,taxi-H8-N96-D0,taxi,8,96,1152,1000000,0,0.9,q16-to-q1-f0.25,two_stage,91,83,1149,1047,91,83,1056,999432,4.626373626373627,4.614457831325301,0.030174809165813884,0.996591649725921,142,10.417958344502527,1.578793894455552,10.757133051792373,1.5938901218534205,11.838872849512523,12.19163416146045
taxi-H8-N96-D0-R1,taxi-H8-N96-D0,taxi,8,96,1152,1000000,0,1.0,q16-to-q1-f0.25,two_stage,91,83,1149,1047,91,83,1056,999432,4.626373626373627,4.614457831325301,0.030174809165813884,0.996591649725921,142,10.417958344502527,1.578793894455552,10.757133051792373,1.5938901218534205,11.996752238958079,12.351023173645792
taxi-H8-N96-D0-R0,taxi-H8-N96-D0,taxi,8,96,1152,1000000,0,0.0,q16-to-q1-f0.5,two_stage,69,64,1131,1056,69,64,1056,999432,8.391304347826088,8.5,0.030174809165813884,0.996591649725921,142,8.827648516314357,4.240710360902785,9.136429449634694,4.2331492295228585,8.827648516314357,9.136429449634694
taxi-H8-N96-D0-R0.1,taxi-H8-N96-D0,taxi,8,96,1152,1000000,0,0.1,q16-to-q1-f0.5,two_stage,69,64,1131,1056,69,64,1056,999432,8.391304347826088,8.5,0.030174809165813884,0.996591649725921,142,8.827648516314357,4.240710360902785,9.136429449634694,4.2331492295228585,9.251719552404635,9.55974437258698
taxi-H8-N96-D0-R0.3,taxi-H8-N96-D0,taxi,8,96,1152,1000000,0,0.3,q16-to-q1-f0.5,two_stage,69,64,1131,1056,69,64,1056,999432,8.391304347826088,8.5,0.030174809165813884,0.996591649725921,142,8.827648516314357,4.240710360902785,9.136429449634694,4.2331492295228585,10.099861624585191,10.406374218491552
taxi-H8-N96-D0-R0.5,taxi-H8-N96-D0,taxi,8,96,1152,1000000,0,0.5,q16-to-q1-f0.5,two_stage,69,64,1131,1056,69,64,1056,999432,8.391304347826088,8.5,0.030174809165813884,0.996591649725921,142,8.827648516314357,4.240710360902785,9.136429449634694,4.2331492295228585,10.948003696765749,11.253004064396123
taxi-H8-N96-D0-R0.7,taxi-H8-N96-D0,taxi,8,96,1152,1000000,0,0.7,q16-to-q1-f0.5,two_stage,69,64,1131,1056,69,64,1056,999432,8.391304347826088,8.5,0.030174809165813884,0.996591649725921,142,8.827648516314357,4.240710360902785,9.136429449634694,4.2331492295228585,11.796145768946307,12.099633910300694
taxi-H8-N96-D0-R0.9,taxi-H8-N96-D0,taxi,8,96,1152,1000000,0,0.9,q16-to-q1-f0.5,two_stage,69,64,1131,1056,69,64,1056,999432,8.391304347826088,8.5,0.030174809165813884,0.996591649725921,142,8.827648516314357,4.240710360902785,9.136429449634694,4.2331492295228585,12.644287841126863,12.946263756205266
taxi-H8-N96-D0-R1,taxi-H8-N96-D0,taxi,8,96,1152,1000000,0,1.0,q16-to-q1-f0.5,two_stage,69,64,1131,1056,69,64,1056,999432,8.391304347826088,8.5,0.030174809165813884,0.996591649725921,142,8.827648516314357,4.240710360902785,9.136429449634694,4.2331492295228585,13.068358877217142,13.369578679157552
taxi-H8-N96-D0-R0,taxi-H8-N96-D0,taxi,8,96,1152,1000000,0,0.0,q16-to-q1-f0.75,two_stage,57,52,1143,1053,57,52,1056,999432,12.052631578947368,12.25,0.030174809165813884,0.996591649725921,142,7.751195771925195,6.0455792556362065,8.244591144274223,5.901612145017107,7.751195771925195,8.244591144274223
taxi-H8-N96-D0-R0.1,taxi-H8-N96-D0,taxi,8,96,1152,1000000,0,0.1,q16-to-q1-f0.75,two_stage,57,52,1143,1053,57,52,1056,999432,12.052631578947368,12.25,0.030174809165813884,0.996591649725921,142,7.751195771925195,6.0455792556362065,8.244591144274223,5.901612145017107,8.355753697488815,8.834752358775933
taxi-H8-N96-D0-R0.3,taxi-H8-N96-D0,taxi,8,96,1152,1000000,0,0.3,q16-to-q1-f0.75,two_stage,57,52,1143,1053,57,52,1056,999432,12.052631578947368,12.25,0.030174809165813884,0.996591649725921,142,7.751195771925195,6.0455792556362065,8.244591144274223,5.901612145017107,9.564869548616057,10.015074787779355
taxi-H8-N96-D0-R0.5,taxi-H8-N96-D0,taxi,8,96,1152,1000000,0,0.5,q16-to-q1-f0.75,two_stage,57,52,1143,1053,57,52,1056,999432,12.052631578947368,12.25,0.030174809165813884,0.996591649725921,142,7.751195771925195,6.0455792556362065,8.244591144274223,5.901612145017107,10.773985399743298,11.195397216782776
taxi-H8-N96-D0-R0.7,taxi-H8-N96-D0,taxi,8,96,1152,1000000,0,0.7,q16-to-q1-f0.75,two_stage,57,52,1143,1053,57,52,1056,999432,12.052631578947368,12.25,0.030174809165813884,0.996591649725921,142,7.751195771925195,6.0455792556362065,8.244591144274223,5.901612145017107,11.98310125087054,12.375719645786198
taxi-H8-N96-D0-R0.9,taxi-H8-N96-D0,taxi,8,96,1152,1000000,0,0.9,q16-to-q1-f0.75,two_stage,57,52,1143,1053,57,52,1056,999432,12.052631578947368,12.25,0.030174809165813884,0.996591649725921,142,7.751195771925195,6.0455792556362065,8.244591144274223,5.901612145017107,13.19221710199778,13.55604207478962
taxi-H8-N96-D0-R1,taxi-H8-N96-D0,taxi,8,96,1152,1000000,0,1.0,q16-to-q1-f0.75,two_stage,57,52,1143,1053,57,52,1056,999432,12.052631578947368,12.25,0.030174809165813884,0.996591649725921,142,7.751195771925195,6.0455792556362065,8.244591144274223,5.901612145017107,13.796775027561402,14.146203289291329
taxi-H8-N96-D4-R0,taxi-H8-N96-D4,taxi,8,96,1152,1000000,4,0.0,fixed-q1,fixed,128,117,1152,1053,132,121,1056,999428,1.0,1.0,0.030174809165813884,0.9965441244965821,142,11.132017243244524,0.0,11.434856349004045,0.0,11.132017243244524,11.434856349004045
taxi-H8-N96-D4-R0.1,taxi-H8-N96-D4,taxi,8,96,1152,1000000,4,0.1,fixed-q1,fixed,128,117,1152,1053,132,121,1056,999428,1.0,1.0,0.030174809165813884,0.9965441244965821,142,11.132017243244524,0.0,11.434856349004045,0.0,11.132017243244524,11.434856349004045
taxi-H8-N96-D4-R0.3,taxi-H8-N96-D4,taxi,8,96,1152,1000000,4,0.3,fixed-q1,fixed,128,117,1152,1053,132,121,1056,999428,1.0,1.0,0.030174809165813884,0.9965441244965821,142,11.132017243244524,0.0,11.434856349004045,0.0,11.132017243244524,11.434856349004045
taxi-H8-N96-D4-R0.5,taxi-H8-N96-D4,taxi,8,96,1152,1000000,4,0.5,fixed-q1,fixed,128,117,1152,1053,132,121,1056,999428,1.0,1.0,0.030174809165813884,0.9965441244965821,142,11.132017243244524,0.0,11.434856349004045,0.0,11.132017243244524,11.434856349004045
taxi-H8-N96-D4-R0.7,taxi-H8-N96-D4,taxi,8,96,1152,1000000,4,0.7,fixed-q1,fixed,128,117,1152,1053,132,121,1056,999428,1.0,1.0,0.030174809165813884,0.9965441244965821,142,11.132017243244524,0.0,11.434856349004045,0.0,11.132017243244524,11.434856349004045
taxi-H8-N96-D4-R0.9,taxi-H8-N96-D4,taxi,8,96,1152,1000000,4,0.9,fixed-q1,fixed,128,117,1152,1053,132,121,1056,999428,1.0,1.0,0.030174809165813884,0.9965441244965821,142,11.132017243244524,0.0,11.434856349004045,0.0,11.132017243244524,11.434856349004045
taxi-H8-N96-D4-R1,taxi-H8-N96-D4,taxi,8,96,1152,1000000,4,1.0,fixed-q1,fixed,128,117,1152,1053,132,121,1056,999428,1.0,1.0,0.030174809165813884,0.9965441244965821,142,11.132017243244524,0.0,11.434856349004045,0.0,11.132017243244524,11.434856349004045
taxi-H8-N96-D4-R0,taxi-H8-N96-D4,taxi,8,96,1152,1000000,4,0.0,fixed-q4,fixed,96,88,1152,1056,100,92,1056,999428,4.0,4.0,0.030174809165813884,0.9965441244965821,142,5.587079744081652,6.608205420590191,6.040812518204457,6.490347934778357,5.587079744081652,6.040812518204457
taxi-H8-N96-D4-R0.1,taxi-H8-N96-D4,taxi,8,96,1152,1000000,4,0.1,fixed-q4,fixed,96,88,1152,1056,100,92,1056,999428,4.0,4.0,0.030174809165813884,0.9965441244965821,142,5.587079744081652,6.608205420590191,6.040812518204457,6.490347934778357,6.247900286140672,6.689847311682293
taxi-H8-N96-D4-R0.3,taxi-H8-N96-D4,taxi,8,96,1152,1000000,4,0.3,fixed-q4,fixed,96,88,1152,1056,100,92,1056,999428,4.0,4.0,0.030174809165813884,0.9965441244965821,142,5.587079744081652,6.608205420590191,6.040812518204457,6.490347934778357,7.56954137025871,7.987916898637964
taxi-H8-N96-D4-R0.5,taxi-H8-N96-D4,taxi,8,96,1152,1000000,4,0.5,fixed-q4,fixed,96,88,1152,1056,100,92,1056,999428,4.0,4.0,0.030174809165813884,0.9965441244965821,142,5.587079744081652,6.608205420590191,6.040812518204457,6.490347934778357,8.891182454376748,9.285986485593636
taxi-H8-N96-D4-R0.7,taxi-H8-N96-D4,taxi,8,96,1152,1000000,4,0.7,fixed-q4,fixed,96,88,1152,1056,100,92,1056,999428,4.0,4.0,0.030174809165813884,0.9965441244965821,142,5.587079744081652,6.608205420590191,6.040812518204457,6.490347934778357,10.212823538494785,10.584056072549306
taxi-H8-N96-D4-R0.9,taxi-H8-N96-D4,taxi,8,96,1152,1000000,4,0.9,fixed-q4,fixed,96,88,1152,1056,100,92,1056,999428,4.0,4.0,0.030174809165813884,0.9965441244965821,142,5.587079744081652,6.608205420590191,6.040812518204457,6.490347934778357,11.534464622612823,11.882125659504979
taxi-H8-N96-D4-R1,taxi-H8-N96-D4,taxi,8,96,1152,1000000,4,1.0,fixed-q4,fixed,96,88,1152,1056,100,92,1056,999428,4.0,4.0,0.030174809165813884,0.9965441244965821,142,5.587079744081652,6.608205420590191,6.040812518204457,6.490347934778357,12.195285164671844,12.531160452982814
taxi-H8-N96-D4-R0,taxi-H8-N96-D4,taxi,8,96,1152,1000000,4,0.0,fixed-q16,fixed,48,44,1152,1056,52,48,1056,999428,16.0,16.0,0.030174809165813884,0.9965441244965821,142,8.217045941596265,6.615387209379556,8.774396395658973,6.360291273401469,8.217045941596265,8.774396395658973
taxi-H8-N96-D4-R0.1,taxi-H8-N96-D4,taxi,8,96,1152,1000000,4,0.1,fixed-q16,fixed,48,44,1152,1056,52,48,1056,999428,16.0,16.0,0.030174809165813884,0.9965441244965821,142,8.217045941596265,6.615387209379556,8.774396395658973,6.360291273401469,8.87858466253422,9.41042552299912
taxi-H8-N96-D4-R0.3,taxi-H8-N96-D4,taxi,8,96,1152,1000000,4,0.3,fixed-q16,fixed,48,44,1152,1056,52,48,1056,999428,16.0,16.0,0.030174809165813884,0.9965441244965821,142,8.217045941596265,6.615387209379556,8.774396395658973,6.360291273401469,10.201662104410131,10.682483777679414
taxi-H8-N96-D4-R0.5,taxi-H8-N96-D4,taxi,8,96,1152,1000000,4,0.5,fixed-q16,fixed,48,44,1152,1056,52,48,1056,999428,16.0,16.0,0.030174809165813884,0.9965441244965821,142,8.217045941596265,6.615387209379556,8.774396395658973,6.360291273401469,11.524739546286042,11.954542032359708
taxi-H8-N96-D4-R0.7,taxi-H8-N96-D4,taxi,8,96,1152,1000000,4,0.7,fixed-q16,fixed,48,44,1152,1056,52,48,1056,999428,16.0,16.0,0.030174809165813884,0.9965441244965821,142,8.217045941596265,6.615387209379556,8.774396395658973,6.360291273401469,12.847816988161952,13.22660028704
taxi-H8-N96-D4-R0.9,taxi-H8-N96-D4,taxi,8,96,1152,1000000,4,0.9,fixed-q16,fixed,48,44,1152,1056,52,48,1056,999428,16.0,16.0,0.030174809165813884,0.9965441244965821,142,8.217045941596265,6.615387209379556,8.774396395658973,6.360291273401469,14.170894430037865,14.498658541720296
taxi-H8-N96-D4-R1,taxi-H8-N96-D4,taxi,8,96,1152,1000000,4,1.0,fixed-q16,fixed,48,44,1152,1056,52,48,1056,999428,16.0,16.0,0.030174809165813884,0.9965441244965821,142,8.217045941596265,6.615387209379556,8.774396395658973,6.360291273401469,14.83243315097582,15.134687669060442
taxi-H8-N96-D4-R0,taxi-H8-N96-D4,taxi,8,96,1152,1000000,4,0.0,q1-to-q16-f0.25,two_stage,56,52,1134,1053,60,56,1056,999428,12.25,12.25,0.030174809165813884,0.9965441244965821,142,8.91349478478779,5.360975406275618,9.379478681632252,5.166547395364854,8.91349478478779,9.379478681632252
taxi-H8-N96-D4-R0.1,taxi-H8-N96-D4,taxi,8,96,1152,1000000,4,0.1,q1-to-q16-f0.25,two_stage,56,52,1134,1053,60,56,1056,999428,12.25,12.25,0.030174809165813884,0.9965441244965821,142,8.91349478478779,5.360975406275618,9.379478681632252,5.166547395364854,9.449592325415352,9.896133421168738
taxi-H8-N96-D4-R0.3,taxi-H8-N96-D4,taxi,8,96,1152,1000000,4,0.3,q1-to-q16-f0.25,two_stage,56,52,1134,1053,60,56,1056,999428,12.25,12.25,0.030174809165813884,0.9965441244965821,142,8.91349478478779,5.360975406275618,9.379478681632252,5.166547395364854,10.521787406670477,10.929442900241709
taxi-H8-N96-D4-R0.5,taxi-H8-N96-D4,taxi,8,96,1152,1000000,4,0.5,q1-to-q16-f0.25,two_stage,56,52,1134,1053,60,56,1056,999428,12.25,12.25,0.030174809165813884,0.9965441244965821,142,8.91349478478779,5.360975406275618,9.379478681632252,5.166547395364854,11.593982487925599,11.96275237931468
taxi-H8-N96-D4-R0.7,taxi-H8-N96-D4,taxi,8,96,1152,1000000,4,0.7,q1-to-q16-f0.25,two_stage,56,52,1134,1053,60,56,1056,999428,12.25,12.25,0.030174809165813884,0.9965441244965821,142,8.91349478478779,5.360975406275618,9.379478681632252,5.166547395364854,12.666177569180723,12.99606185838765
taxi-H8-N96-D4-R0.9,taxi-H8-N96-D4,taxi,8,96,1152,1000000,4,0.9,q1-to-q16-f0.25,two_stage,56,52,1134,1053,60,56,1056,999428,12.25,12.25,0.030174809165813884,0.9965441244965821,142,8.91349478478779,5.360975406275618,9.379478681632252,5.166547395364854,13.738372650435846,14.02937133746062
taxi-H8-N96-D4-R1,taxi-H8-N96-D4,taxi,8,96,1152,1000000,4,1.0,q1-to-q16-f0.25,two_stage,56,52,1134,1053,60,56,1056,999428,12.25,12.25,0.030174809165813884,0.9965441244965821,142,8.91349478478779,5.360975406275618,9.379478681632252,5.166547395364854,14.274470191063408,14.546026076997105
taxi-H8-N96-D4-R0,taxi-H8-N96-D4,taxi,8,96,1152,1000000,4,0.0,q1-to-q16-f0.5,two_stage,69,64,1146,1056,73,68,1056,999428,8.608695652173912,8.5,0.030174809165813884,0.9965441244965821,142,10.414355373751615,3.0492117153055447,10.86338571617661,2.907310543517715,10.414355373751615,10.86338571617661
taxi-H8-N96-D4-R0.1,taxi-H8-N96-D4,taxi,8,96,1152,1000000,4,0.1,q1-to-q16-f0.5,two_stage,69,64,1146,1056,73,68,1056,999428,8.608695652173912,8.5,0.030174809165813884,0.9965441244965821,142,10.414355373751615,3.0492117153055447,10.86338571617661,2.907310543517715,10.71927654528217,11.154116770528383
taxi-H8-N96-D4-R0.3,taxi-H8-N96-D4,taxi,8,96,1152,1000000,4,0.3,q1-to-q16-f0.5,two_stage,69,64,1146,1056,73,68,1056,999428,8.608695652173912,8.5,0.030174809165813884,0.9965441244965821,142,10.414355373751615,3.0492117153055447,10.86338571617661,2.907310543517715,11.32911888834328,11.735578879231925
taxi-H8-N96-D4-R0.5,taxi-H8-N96-D4,taxi,8,96,1152,1000000,4,0.5,q1-to-q16-f0.5,two_stage,69,64,1146,1056,73,68,1056,999428,8.608695652173912,8.5,0.030174809165813884,0.9965441244965821,142,10.414355373751615,3.0492117153055447,10.86338571617661,2.907310543517715,11.938961231404388,12.317040987935467
taxi-H8-N96-D4-R0.7,taxi-H8-N96-D4,taxi,8,96,1152,1000000,4,0.7,q1-to-q16-f0.5,two_stage,69,64,1146,1056,73,68,1056,999428,8.608695652173912,8.5,0.030174809165813884,0.9965441244965821,142,10.414355373751615,3.0492117153055447,10.86338571617661,2.907310543517715,12.548803574465495,12.898503096639011
taxi-H8-N96-D4-R0.9,taxi-H8-N96-D4,taxi,8,96,1152,1000000,4,0.9,q1-to-q16-f0.5,two_stage,69,64,1146,1056,73,68,1056,999428,8.608695652173912,8.5,0.030174809165813884,0.9965441244965821,142,10.414355373751615,3.0492117153055447,10.86338571617661,2.907310543517715,13.158645917526606,13.479965205342554
taxi-H8-N96-D4-R1,taxi-H8-N96-D4,taxi,8,96,1152,1000000,4,1.0,q1-to-q16-f0.5,two_stage,69,64,1146,1056,73,68,1056,999428,8.608695652173912,8.5,0.030174809165813884,0.9965441244965821,142,10.414355373751615,3.0492117153055447,10.86338571617661,2.907310543517715,13.46356708905716,13.770696259694326
taxi-H8-N96-D4-R0,taxi-H8-N96-D4,taxi,8,96,1152,1000000,4,0.0,q1-to-q16-f0.75,two_stage,89,82,1146,1053,93,86,1056,999428,4.876404494382022,4.841463414634147,0.030174809165813884,0.9965441244965821,142,11.84210162105045,0.6267317730588171,12.21217563102809,0.5941006709638715,11.84210162105045,12.21217563102809
taxi-H8-N96-D4-R0.1,taxi-H8-N96-D4,taxi,8,96,1152,1000000,4,0.1,q1-to-q16-f0.75,two_stage,89,82,1146,1053,93,86,1056,999428,4.876404494382022,4.841463414634147,0.030174809165813884,0.9965441244965821,142,11.84210162105045,0.6267317730588171,12.21217563102809,0.5941006709638715,11.904774798356332,12.271585698124477
taxi-H8-N96-D4-R0.3,taxi-H8-N96-D4,taxi,8,96,1152,1000000,4,0.3,q1-to-q16-f0.75,two_stage,89,82,1146,1053,93,86,1056,999428,4.876404494382022,4.841463414634147,0.030174809165813884,0.9965441244965821,142,11.84210162105045,0.6267317730588171,12.21217563102809,0.5941006709638715,12.030121152968094,12.390405832317253
taxi-H8-N96-D4-R0.5,taxi-H8-N96-D4,taxi,8,96,1152,1000000,4,0.5,q1-to-q16-f0.75,two_stage,89,82,1146,1053,93,86,1056,999428,4.876404494382022,4.841463414634147,0.030174809165813884,0.9965441244965821,142,11.84210162105045,0.6267317730588171,12.21217563102809,0.5941006709638715,12.155467507579859,12.509225966510026
taxi-H8-N96-D4-R0.7,taxi-H8-N96-D4,taxi,8,96,1152,1000000,4,0.7,q1-to-q16-f0.75,two_stage,89,82,1146,1053,93,86,1056,999428,4.876404494382022,4.841463414634147,0.030174809165813884,0.9965441244965821,142,11.84210162105045,0.6267317730588171,12.21217563102809,0.5941006709638715,12.280813862191621,12.6280461007028
taxi-H8-N96-D4-R0.9,taxi-H8-N96-D4,taxi,8,96,1152,1000000,4,0.9,q1-to-q16-f0.75,two_stage,89,82,1146,1053,93,86,1056,999428,4.876404494382022,4.841463414634147,0.030174809165813884,0.9965441244965821,142,11.84210162105045,0.6267317730588171,12.21217563102809,0.5941006709638715,12.406160216803386,12.746866234895574
taxi-H8-N96-D4-R1,taxi-H8-N96-D4,taxi,8,96,1152,1000000,4,1.0,q1-to-q16-f0.75,two_stage,89,82,1146,1053,93,86,1056,999428,4.876404494382022,4.841463414634147,0.030174809165813884,0.9965441244965821,142,11.84210162105045,0.6267317730588171,12.21217563102809,0.5941006709638715,12.468833394109266,12.806276301991963
taxi-H8-N96-D4-R0,taxi-H8-N96-D4,taxi,8,96,1152,1000000,4,0.0,q16-to-q1-f0.25,two_stage,91,83,1149,1047,95,87,1056,999428,4.626373626373627,4.614457831325301,0.030174809165813884,0.9965441244965821,142,10.741301918634166,1.6413812080452248,11.078923523904484,1.6619107138689881,10.741301918634166,11.078923523904484
taxi-H8-N96-D4-R0.1,taxi-H8-N96-D4,taxi,8,96,1152,1000000,4,0.1,q16-to-q1-f0.25,two_stage,91,83,1149,1047,95,87,1056,999428,4.626373626373627,4.614457831325301,0.030174809165813884,0.9965441244965821,142,10.741301918634166,1.6413812080452248,11.078923523904484,1.6619107138689881,10.90544003943869,11.245114595291383
taxi-H8-N96-D4-R0.3,taxi-H8-N96-D4,taxi,8,96,1152,1000000,4,0.3,q16-to-q1-f0.25,two_stage,91,83,1149,1047,95,87,1056,999428,4.626373626373627,4.614457831325301,0.030174809165813884,0.9965441244965821,142,10.741301918634166,1.6413812080452248,11.078923523904484,1.6619107138689881,11.233716281047734,11.57749673806518
taxi-H8-N96-D4-R0.5,taxi-H8-N96-D4,taxi,8,96,1152,1000000,4,0.5,q16-to-q1-f0.25,two_stage,91,83,1149,1047,95,87,1056,999428,4.626373626373627,4.614457831325301,0.030174809165813884,0.9965441244965821,142,10.741301918634166,1.6413812080452248,11.078923523904484,1.6619107138689881,11.561992522656778,11.909878880838978
taxi-H8-N96-D4-R0.7,taxi-H8-N96-D4,taxi,8,96,1152,1000000,4,0.7,q16-to-q1-f0.25,two_stage,91,83,1149,1047,95,87,1056,999428,4.626373626373627,4.614457831325301,0.030174809165813884,0.9965441244965821,142,10.741301918634166,1.6413812080452248,11.078923523904484,1.6619107138689881,11.890268764265823,12.242261023612775
taxi-H8-N96-D4-R0.9,taxi-H8-N96-D4,taxi,8,96,1152,1000000,4,0.9,q16-to-q1-f0.25,two_stage,91,83,1149,1047,95,87,1056,999428,4.626373626373627,4.614457831325301,0.030174809165813884,0.9965441244965821,142,10.741301918634166,1.6413812080452248,11.078923523904484,1.6619107138689881,12.21854500587487,12.574643166386574
taxi-H8-N96-D4-R1,taxi-H8-N96-D4,taxi,8,96,1152,1000000,4,1.0,q16-to-q1-f0.25,two_stage,91,83,1149,1047,95,87,1056,999428,4.626373626373627,4.614457831325301,0.030174809165813884,0.9965441244965821,142,10.741301918634166,1.6413812080452248,11.078923523904484,1.6619107138689881,12.38268312667939,12.740834237773472
taxi-H8-N96-D4-R0,taxi-H8-N96-D4,taxi,8,96,1152,1000000,4,0.0,q16-to-q1-f0.5,two_stage,69,64,1131,1056,73,68,1056,999428,8.391304347826088,8.5,0.030174809165813884,0.9965441244965821,142,8.933971124785218,4.5295959642719374,9.233328180366874,4.537368079327454,8.933971124785218,9.233328180366874
taxi-H8-N96-D4-R0.1,taxi-H8-N96-D4,taxi,8,96,1152,1000000,4,0.1,q16-to-q1-f0.5,two_stage,69,64,1131,1056,73,68,1056,999428,8.391304347826088,8.5,0.030174809165813884,0.9965441244965821,142,8.933971124785218,4.5295959642719374,9.233328180366874,4.537368079327454,9.386930721212412,9.68706498829962
taxi-H8-N96-D4-R0.3,taxi-H8-N96-D4,taxi,8,96,1152,1000000,4,0.3,q16-to-q1-f0.5,two_stage,69,64,1131,1056,73,68,1056,999428,8.391304347826088,8.5,0.030174809165813884,0.9965441244965821,142,8.933971124785218,4.5295959642719374,9.233328180366874,4.537368079327454,10.2928499140668,10.594538604165109
taxi-H8-N96-D4-R0.5,taxi-H8-N96-D4,taxi,8,96,1152,1000000,4,0.5,q16-to-q1-f0.5,two_stage,69,64,1131,1056,73,68,1056,999428,8.391304347826088,8.5,0.030174809165813884,0.9965441244965821,142,8.933971124785218,4.5295959642719374,9.233328180366874,4.537368079327454,11.198769106921187,11.5020122200306
taxi-H8-N96-D4-R0.7,taxi-H8-N96-D4,taxi,8,96,1152,1000000,4,0.7,q16-to-q1-f0.5,two_stage,69,64,1131,1056,73,68,1056,999428,8.391304347826088,8.5,0.030174809165813884,0.9965441244965821,142,8.933971124785218,4.5295959642719374,9.233328180366874,4.537368079327454,12.104688299775574,12.409485835896092
taxi-H8-N96-D4-R0.9,taxi-H8-N96-D4,taxi,8,96,1152,1000000,4,0.9,q16-to-q1-f0.5,two_stage,69,64,1131,1056,73,68,1056,999428,8.391304347826088,8.5,0.030174809165813884,0.9965441244965821,142,8.933971124785218,4.5295959642719374,9.233328180366874,4.537368079327454,13.010607492629962,13.316959451761583
taxi-H8-N96-D4-R1,taxi-H8-N96-D4,taxi,8,96,1152,1000000,4,1.0,q16-to-q1-f0.5,two_stage,69,64,1131,1056,73,68,1056,999428,8.391304347826088,8.5,0.030174809165813884,0.9965441244965821,142,8.933971124785218,4.5295959642719374,9.233328180366874,4.537368079327454,13.463567089057156,13.770696259694327
taxi-H8-N96-D4-R0,taxi-H8-N96-D4,taxi,8,96,1152,1000000,4,0.0,q16-to-q1-f0.75,two_stage,57,52,1143,1053,61,56,1056,999428,12.052631578947368,12.25,0.030174809165813884,0.9965441244965821,142,7.612146310680962,6.580592476869356,8.096987003759294,6.449039073237814,7.612146310680962,8.096987003759294
taxi-H8-N96-D4-R0.1,taxi-H8-N96-D4,taxi,8,96,1152,1000000,4,0.1,q16-to-q1-f0.75,two_stage,57,52,1143,1053,61,56,1056,999428,12.052631578947368,12.25,0.030174809165813884,0.9965441244965821,142,7.612146310680962,6.580592476869356,8.096987003759294,6.449039073237814,8.270205558367898,8.741890911083075
taxi-H8-N96-D4-R0.3,taxi-H8-N96-D4,taxi,8,96,1152,1000000,4,0.3,q16-to-q1-f0.75,two_stage,57,52,1143,1053,61,56,1056,999428,12.052631578947368,12.25,0.030174809165813884,0.9965441244965821,142,7.612146310680962,6.580592476869356,8.096987003759294,6.449039073237814,9.58632405374177,10.031698725730639
taxi-H8-N96-D4-R0.5,taxi-H8-N96-D4,taxi,8,96,1152,1000000,4,0.5,q16-to-q1-f0.75,two_stage,57,52,1143,1053,61,56,1056,999428,12.052631578947368,12.25,0.030174809165813884,0.9965441244965821,142,7.612146310680962,6.580592476869356,8.096987003759294,6.449039073237814,10.90244254911564,11.3215065403782
taxi-H8-N96-D4-R0.7,taxi-H8-N96-D4,taxi,8,96,1152,1000000,4,0.7,q16-to-q1-f0.75,two_stage,57,52,1143,1053,61,56,1056,999428,12.052631578947368,12.25,0.030174809165813884,0.9965441244965821,142,7.612146310680962,6.580592476869356,8.096987003759294,6.449039073237814,12.218561044489512,12.611314355025764
taxi-H8-N96-D4-R0.9,taxi-H8-N96-D4,taxi,8,96,1152,1000000,4,0.9,q16-to-q1-f0.75,two_stage,57,52,1143,1053,61,56,1056,999428,12.052631578947368,12.25,0.030174809165813884,0.9965441244965821,142,7.612146310680962,6.580592476869356,8.096987003759294,6.449039073237814,13.534679539863383,13.901122169673325
taxi-H8-N96-D4-R1,taxi-H8-N96-D4,taxi,8,96,1152,1000000,4,1.0,q16-to-q1-f0.75,two_stage,57,52,1143,1053,61,56,1056,999428,12.052631578947368,12.25,0.030174809165813884,0.9965441244965821,142,7.612146310680962,6.580592476869356,8.096987003759294,6.449039073237814,14.192738787550319,14.546026076997109
taxi-H8-N96-D8-R0,taxi-H8-N96-D8,taxi,8,96,1152,1000000,8,0.0,fixed-q1,fixed,128,117,1152,1053,136,125,1056,999424,1.0,1.0,0.030174809165813884,0.9964945415190717,142,11.599776588169657,0.0,11.911507453464681,0.0,11.599776588169657,11.911507453464681
taxi-H8-N96-D8-R0.1,taxi-H8-N96-D8,taxi,8,96,1152,1000000,8,0.1,fixed-q1,fixed,128,117,1152,1053,136,125,1056,999424,1.0,1.0,0.030174809165813884,0.9964945415190717,142,11.599776588169657,0.0,11.911507453464681,0.0,11.599776588169657,11.911507453464681
taxi-H8-N96-D8-R0.3,taxi-H8-N96-D8,taxi,8,96,1152,1000000,8,0.3,fixed-q1,fixed,128,117,1152,1053,136,125,1056,999424,1.0,1.0,0.030174809165813884,0.9964945415190717,142,11.599776588169657,0.0,11.911507453464681,0.0,11.599776588169657,11.911507453464681
taxi-H8-N96-D8-R0.5,taxi-H8-N96-D8,taxi,8,96,1152,1000000,8,0.5,fixed-q1,fixed,128,117,1152,1053,136,125,1056,999424,1.0,1.0,0.030174809165813884,0.9964945415190717,142,11.599776588169657,0.0,11.911507453464681,0.0,11.599776588169657,11.911507453464681
taxi-H8-N96-D8-R0.7,taxi-H8-N96-D8,taxi,8,96,1152,1000000,8,0.7,fixed-q1,fixed,128,117,1152,1053,136,125,1056,999424,1.0,1.0,0.030174809165813884,0.9964945415190717,142,11.599776588169657,0.0,11.911507453464681,0.0,11.599776588169657,11.911507453464681
taxi-H8-N96-D8-R0.9,taxi-H8-N96-D8,taxi,8,96,1152,1000000,8,0.9,fixed-q1,fixed,128,117,1152,1053,136,125,1056,999424,1.0,1.0,0.030174809165813884,0.9964945415190717,142,11.599776588169657,0.0,11.911507453464681,0.0,11.599776588169657,11.911507453464681
taxi-H8-N96-D8-R1,taxi-H8-N96-D8,taxi,8,96,1152,1000000,8,1.0,fixed-q1,fixed,128,117,1152,1053,136,125,1056,999424,1.0,1.0,0.030174809165813884,0.9964945415190717,142,11.599776588169657,0.0,11.911507453464681,0.0,11.599776588169657,11.911507453464681
taxi-H8-N96-D8-R0,taxi-H8-N96-D8,taxi,8,96,1152,1000000,8,0.0,fixed-q4,fixed,96,88,1152,1056,104,96,1056,999424,4.0,4.0,0.030174809165813884,0.9964945415190717,142,5.581884306584646,7.12245182433053,6.035641565816123,7.016277102450368,5.581884306584646,6.035641565816123
taxi-H8-N96-D8-R0.1,taxi-H8-N96-D8,taxi,8,96,1152,1000000,8,0.1,fixed-q4,fixed,96,88,1152,1056,104,96,1056,999424,4.0,4.0,0.030174809165813884,0.9964945415190717,142,5.581884306584646,7.12245182433053,6.035641565816123,7.016277102450368,6.294129489017699,6.737269276061159
taxi-H8-N96-D8-R0.3,taxi-H8-N96-D8,taxi,8,96,1152,1000000,8,0.3,fixed-q4,fixed,96,88,1152,1056,104,96,1056,999424,4.0,4.0,0.030174809165813884,0.9964945415190717,142,5.581884306584646,7.12245182433053,6.035641565816123,7.016277102450368,7.718619853883805,8.140524696551234
taxi-H8-N96-D8-R0.5,taxi-H8-N96-D8,taxi,8,96,1152,1000000,8,0.5,fixed-q4,fixed,96,88,1152,1056,104,96,1056,999424,4.0,4.0,0.030174809165813884,0.9964945415190717,142,5.581884306584646,7.12245182433053,6.035641565816123,7.016277102450368,9.14311021874991,9.543780117041306
taxi-H8-N96-D8-R0.7,taxi-H8-N96-D8,taxi,8,96,1152,1000000,8,0.7,fixed-q4,fixed,96,88,1152,1056,104,96,1056,999424,4.0,4.0,0.030174809165813884,0.9964945415190717,142,5.581884306584646,7.12245182433053,6.035641565816123,7.016277102450368,10.567600583616017,10.94703553753138
taxi-H8-N96-D8-R0.9,taxi-H8-N96-D8,taxi,8,96,1152,1000000,8,0.9,fixed-q4,fixed,96,88,1152,1056,104,96,1056,999424,4.0,4.0,0.030174809165813884,0.9964945415190717,142,5.581884306584646,7.12245182433053,6.035641565816123,7.016277102450368,11.992090948482122,12.350290958021453
taxi-H8-N96-D8-R1,taxi-H8-N96-D8,taxi,8,96,1152,1000000,8,1.0,fixed-q4,fixed,96,88,1152,1056,104,96,1056,999424,4.0,4.0,0.030174809165813884,0.9964945415190717,142,5.581884306584646,7.12245182433053,6.035641565816123,7.016277102450368,12.704336130915177,13.051918668266492
taxi-H8-N96-D8-R0,taxi-H8-N96-D8,taxi,8,96,1152,1000000,8,0.0,fixed-q16,fixed,48,44,1152,1056,56,52,1056,999424,16.0,16.0,0.030174809165813884,0.9964945415190717,142,8.083755336326526,7.298688613830698,8.64281347537423,7.03463400530509,8.083755336326526,8.64281347537423
taxi-H8-N96-D8-R0.1,taxi-H8-N96-D8,taxi,8,96,1152,1000000,8,0.1,fixed-q16,fixed,48,44,1152,1056,56,52,1056,999424,16.0,16.0,0.030174809165813884,0.9964945415190717,142,8.083755336326526,7.298688613830698,8.64281347537423,7.03463400530509,8.813624197709595,9.346276875904739
taxi-H8-N96-D8-R0.3,taxi-H8-N96-D8,taxi,8,96,1152,1000000,8,0.3,fixed-q16,fixed,48,44,1152,1056,56,52,1056,999424,16.0,16.0,0.030174809165813884,0.9964945415190717,142,8.083755336326526,7.298688613830698,8.64281347537423,7.03463400530509,10.273361920475736,10.753203676965756
taxi-H8-N96-D8-R0.5,taxi-H8-N96-D8,taxi,8,96,1152,1000000,8,0.5,fixed-q16,fixed,48,44,1152,1056,56,52,1056,999424,16.0,16.0,0.030174809165813884,0.9964945415190717,142,8.083755336326526,7.298688613830698,8.64281347537423,7.03463400530509,11.733099643241875,12.160130478026774
taxi-H8-N96-D8-R0.7,taxi-H8-N96-D8,taxi,8,96,1152,1000000,8,0.7,fixed-q16,fixed,48,44,1152,1056,56,52,1056,999424,16.0,16.0,0.030174809165813884,0.9964945415190717,142,8.083755336326526,7.298688613830698,8.64281347537423,7.03463400530509,13.192837366008014,13.567057279087791
taxi-H8-N96-D8-R0.9,taxi-H8-N96-D8,taxi,8,96,1152,1000000,8,0.9,fixed-q16,fixed,48,44,1152,1056,56,52,1056,999424,16.0,16.0,0.030174809165813884,0.9964945415190717,142,8.083755336326526,7.298688613830698,8.64281347537423,7.03463400530509,14.652575088774153,14.97398408014881
taxi-H8-N96-D8-R1,taxi-H8-N96-D8,taxi,8,96,1152,1000000,8,1.0,fixed-q16,fixed,48,44,1152,1056,56,52,1056,999424,16.0,16.0,0.030174809165813884,0.9964945415190717,142,8.083755336326526,7.298688613830698,8.64281347537423,7.03463400530509,15.382443950157224,15.67744748067932
taxi-H8-N96-D8-R0,taxi-H8-N96-D8,taxi,8,96,1152,1000000,8,0.0,q1-to-q16-f0.25,two_stage,56,52,1134,1053,64,60,1056,999424,12.25,12.25,0.030174809165813884,0.9964945415190717,142,8.898883289870565,5.930167313976273,9.374365810896675,5.725298866460276,8.898883289870565,9.374365810896675
taxi-H8-N96-D8-R0.1,taxi-H8-N96-D8,taxi,8,96,1152,1000000,8,0.1,q1-to-q16-f0.25,two_stage,56,52,1134,1053,64,60,1056,999424,12.25,12.25,0.030174809165813884,0.9964945415190717,142,8.898883289870565,5.930167313976273,9.374365810896675,5.725298866460276,9.491900021268192,9.946895697542702
taxi-H8-N96-D8-R0.3,taxi-H8-N96-D8,taxi,8,96,1152,1000000,8,0.3,q1-to-q16-f0.25,two_stage,56,52,1134,1053,64,60,1056,999424,12.25,12.25,0.030174809165813884,0.9964945415190717,142,8.898883289870565,5.930167313976273,9.374365810896675,5.725298866460276,10.677933484063447,11.091955470834758
taxi-H8-N96-D8-R0.5,taxi-H8-N96-D8,taxi,8,96,1152,1000000,8,0.5,q1-to-q16-f0.25,two_stage,56,52,1134,1053,64,60,1056,999424,12.25,12.25,0.030174809165813884,0.9964945415190717,142,8.898883289870565,5.930167313976273,9.374365810896675,5.725298866460276,11.863966946858701,12.237015244126813
taxi-H8-N96-D8-R0.7,taxi-H8-N96-D8,taxi,8,96,1152,1000000,8,0.7,q1-to-q16-f0.25,two_stage,56,52,1134,1053,64,60,1056,999424,12.25,12.25,0.030174809165813884,0.9964945415190717,142,8.898883289870565,5.930167313976273,9.374365810896675,5.725298866460276,13.050000409653956,13.382075017418869
taxi-H8-N96-D8-R0.9,taxi-H8-N96-D8,taxi,8,96,1152,1000000,8,0.9,q1-to-q16-f0.25,two_stage,56,52,1134,1053,64,60,1056,999424,12.25,12.25,0.030174809165813884,0.9964945415190717,142,8.898883289870565,5.930167313976273,9.374365810896675,5.725298866460276,14.23603387244921,14.527134790710925
taxi-H8-N96-D8-R1,taxi-H8-N96-D8,taxi,8,96,1152,1000000,8,1.0,q1-to-q16-f0.25,two_stage,56,52,1134,1053,64,60,1056,999424,12.25,12.25,0.030174809165813884,0.9964945415190717,142,8.898883289870565,5.930167313976273,9.374365810896675,5.725298866460276,14.829050603846838,15.099664677356952
taxi-H8-N96-D8-R0,taxi-H8-N96-D8,taxi,8,96,1152,1000000,8,0.0,q1-to-q16-f0.5,two_stage,69,64,1146,1056,77,72,1056,999424,8.608695652173912,8.5,0.030174809165813884,0.9964945415190717,142,10.645770796361766,3.3581557328439717,11.11894391946888,3.202718158242206,10.645770796361766,11.11894391946888
taxi-H8-N96-D8-R0.1,taxi-H8-N96-D8,taxi,8,96,1152,1000000,8,0.1,q1-to-q16-f0.5,two_stage,69,64,1146,1056,77,72,1056,999424,8.608695652173912,8.5,0.030174809165813884,0.9964945415190717,142,10.645770796361766,3.3581557328439717,11.11894391946888,3.202718158242206,10.981586369646164,11.4392157352931
taxi-H8-N96-D8-R0.3,taxi-H8-N96-D8,taxi,8,96,1152,1000000,8,0.3,q1-to-q16-f0.5,two_stage,69,64,1146,1056,77,72,1056,999424,8.608695652173912,8.5,0.030174809165813884,0.9964945415190717,142,10.645770796361766,3.3581557328439717,11.11894391946888,3.202718158242206,11.653217516214958,12.079759366941541
taxi-H8-N96-D8-R0.5,taxi-H8-N96-D8,taxi,8,96,1152,1000000,8,0.5,q1-to-q16-f0.5,two_stage,69,64,1146,1056,77,72,1056,999424,8.608695652173912,8.5,0.030174809165813884,0.9964945415190717,142,10.645770796361766,3.3581557328439717,11.11894391946888,3.202718158242206,12.324848662783753,12.720302998589982
taxi-H8-N96-D8-R0.7,taxi-H8-N96-D8,taxi,8,96,1152,1000000,8,0.7,q1-to-q16-f0.5,two_stage,69,64,1146,1056,77,72,1056,999424,8.608695652173912,8.5,0.030174809165813884,0.9964945415190717,142,10.645770796361766,3.3581557328439717,11.11894391946888,3.202718158242206,12.996479809352547,13.360846630238424
taxi-H8-N96-D8-R0.9,taxi-H8-N96-D8,taxi,8,96,1152,1000000,8,0.9,q1-to-q16-f0.5,two_stage,69,64,1146,1056,77,72,1056,999424,8.608695652173912,8.5,0.030174809165813884,0.9964945415190717,142,10.645770796361766,3.3581557328439717,11.11894391946888,3.202718158242206,13.66811095592134,14.001390261886865
taxi-H8-N96-D8-R1,taxi-H8-N96-D8,taxi,8,96,1152,1000000,8,1.0,q1-to-q16-f0.5,two_stage,69,64,1146,1056,77,72,1056,999424,8.608695652173912,8.5,0.030174809165813884,0.9964945415190717,142,10.645770796361766,3.3581557328439717,11.11894391946888,3.202718158242206,14.003926529205739,14.321662077711085
taxi-H8-N96-D8-R0,taxi-H8-N96-D8,taxi,8,96,1152,1000000,8,0.0,q1-to-q16-f0.75,two_stage,89,82,1146,1053,97,90,1056,999424,4.876404494382022,4.841463414634147,0.030174809165813884,0.9964945415190717,142,12.29637710443642,0.6867690670639237,12.68715722851812,0.648591905297087,12.29637710443642,12.68715722851812
taxi-H8-N96-D8-R0.1,taxi-H8-N96-D8,taxi,8,96,1152,1000000,8,0.1,q1-to-q16-f0.75,two_stage,89,82,1146,1053,97,90,1056,999424,4.876404494382022,4.841463414634147,0.030174809165813884,0.9964945415190717,142,12.29637710443642,0.6867690670639237,12.68715722851812,0.648591905297087,12.365054011142812,12.752016419047829
taxi-H8-N96-D8-R0.3,taxi-H8-N96-D8,taxi,8,96,1152,1000000,8,0.3,q1-to-q16-f0.75,two_stage,89,82,1146,1053,97,90,1056,999424,4.876404494382022,4.841463414634147,0.030174809165813884,0.9964945415190717,142,12.29637710443642,0.6867690670639237,12.68715722851812,0.648591905297087,12.502407824555597,12.881734800107246
taxi-H8-N96-D8-R0.5,taxi-H8-N96-D8,taxi,8,96,1152,1000000,8,0.5,q1-to-q16-f0.75,two_stage,89,82,1146,1053,97,90,1056,999424,4.876404494382022,4.841463414634147,0.030174809165813884,0.9964945415190717,142,12.29637710443642,0.6867690670639237,12.68715722851812,0.648591905297087,12.639761637968382,13.011453181166663
taxi-H8-N96-D8-R0.7,taxi-H8-N96-D8,taxi,8,96,1152,1000000,8,0.7,q1-to-q16-f0.75,two_stage,89,82,1146,1053,97,90,1056,999424,4.876404494382022,4.841463414634147,0.030174809165813884,0.9964945415190717,142,12.29637710443642,0.6867690670639237,12.68715722851812,0.648591905297087,12.777115451381167,13.14117156222608
taxi-H8-N96-D8-R0.9,taxi-H8-N96-D8,taxi,8,96,1152,1000000,8,0.9,q1-to-q16-f0.75,two_stage,89,82,1146,1053,97,90,1056,999424,4.876404494382022,4.841463414634147,0.030174809165813884,0.9964945415190717,142,12.29637710443642,0.6867690670639237,12.68715722851812,0.648591905297087,12.91446926479395,13.270889943285498
taxi-H8-N96-D8-R1,taxi-H8-N96-D8,taxi,8,96,1152,1000000,8,1.0,q1-to-q16-f0.75,two_stage,89,82,1146,1053,97,90,1056,999424,4.876404494382022,4.841463414634147,0.030174809165813884,0.9964945415190717,142,12.29637710443642,0.6867690670639237,12.68715722851812,0.648591905297087,12.983146171500344,13.335749133815206
taxi-H8-N96-D8-R0,taxi-H8-N96-D8,taxi,8,96,1152,1000000,8,0.0,q16-to-q1-f0.25,two_stage,91,83,1149,1047,99,91,1056,999424,4.626373626373627,4.614457831325301,0.030174809165813884,0.9964945415190717,142,11.170422379383458,1.723714447810809,11.512842069587963,1.750805384665386,11.170422379383458,11.512842069587963
taxi-H8-N96-D8-R0.1,taxi-H8-N96-D8,taxi,8,96,1152,1000000,8,0.1,q16-to-q1-f0.25,two_stage,91,83,1149,1047,99,91,1056,999424,4.626373626373627,4.614457831325301,0.030174809165813884,0.9964945415190717,142,11.170422379383458,1.723714447810809,11.512842069587963,1.750805384665386,11.34279382416454,11.687922608054501
taxi-H8-N96-D8-R0.3,taxi-H8-N96-D8,taxi,8,96,1152,1000000,8,0.3,q16-to-q1-f0.25,two_stage,91,83,1149,1047,99,91,1056,999424,4.626373626373627,4.614457831325301,0.030174809165813884,0.9964945415190717,142,11.170422379383458,1.723714447810809,11.512842069587963,1.750805384665386,11.6875367137267,12.038083684987578
taxi-H8-N96-D8-R0.5,taxi-H8-N96-D8,taxi,8,96,1152,1000000,8,0.5,q16-to-q1-f0.25,two_stage,91,83,1149,1047,99,91,1056,999424,4.626373626373627,4.614457831325301,0.030174809165813884,0.9964945415190717,142,11.170422379383458,1.723714447810809,11.512842069587963,1.750805384665386,12.032279603288863,12.388244761920657
taxi-H8-N96-D8-R0.7,taxi-H8-N96-D8,taxi,8,96,1152,1000000,8,0.7,q16-to-q1-f0.25,two_stage,91,83,1149,1047,99,91,1056,999424,4.626373626373627,4.614457831325301,0.030174809165813884,0.9964945415190717,142,11.170422379383458,1.723714447810809,11.512842069587963,1.750805384665386,12.377022492851024,12.738405838853733
taxi-H8-N96-D8-R0.9,taxi-H8-N96-D8,taxi,8,96,1152,1000000,8,0.9,q16-to-q1-f0.25,two_stage,91,83,1149,1047,99,91,1056,999424,4.626373626373627,4.614457831325301,0.030174809165813884,0.9964945415190717,142,11.170422379383458,1.723714447810809,11.512842069587963,1.750805384665386,12.721765382413187,13.08856691578681
taxi-H8-N96-D8-R1,taxi-H8-N96-D8,taxi,8,96,1152,1000000,8,1.0,q16-to-q1-f0.25,two_stage,91,83,1149,1047,99,91,1056,999424,4.626373626373627,4.614457831325301,0.030174809165813884,0.9964945415190717,142,11.170422379383458,1.723714447810809,11.512842069587963,1.750805384665386,12.894136827194266,13.263647454253348
taxi-H8-N96-D8-R0,taxi-H8-N96-D8,taxi,8,96,1152,1000000,8,0.0,q16-to-q1-f0.5,two_stage,69,64,1131,1056,77,72,1056,999424,8.391304347826088,8.5,0.030174809165813884,0.9964945415190717,142,9.09975041968088,4.904176109524863,9.386894517842325,4.9347675598687655,9.09975041968088,9.386894517842325
taxi-H8-N96-D8-R0.1,taxi-H8-N96-D8,taxi,8,96,1152,1000000,8,0.1,q16-to-q1-f0.5,two_stage,69,64,1131,1056,77,72,1056,999424,8.391304347826088,8.5,0.030174809165813884,0.9964945415190717,142,9.09975041968088,4.904176109524863,9.386894517842325,4.9347675598687655,9.590168030633366,9.880371273829201
taxi-H8-N96-D8-R0.3,taxi-H8-N96-D8,taxi,8,96,1152,1000000,8,0.3,q16-to-q1-f0.5,two_stage,69,64,1131,1056,77,72,1056,999424,8.391304347826088,8.5,0.030174809165813884,0.9964945415190717,142,9.09975041968088,4.904176109524863,9.386894517842325,4.9347675598687655,10.57100325253834,10.867324785802955
taxi-H8-N96-D8-R0.5,taxi-H8-N96-D8,taxi,8,96,1152,1000000,8,0.5,q16-to-q1-f0.5,two_stage,69,64,1131,1056,77,72,1056,999424,8.391304347826088,8.5,0.030174809165813884,0.9964945415190717,142,9.09975041968088,4.904176109524863,9.386894517842325,4.9347675598687655,11.551838474443311,11.854278297776709
taxi-H8-N96-D8-R0.7,taxi-H8-N96-D8,taxi,8,96,1152,1000000,8,0.7,q16-to-q1-f0.5,two_stage,69,64,1131,1056,77,72,1056,999424,8.391304347826088,8.5,0.030174809165813884,0.9964945415190717,142,9.09975041968088,4.904176109524863,9.386894517842325,4.9347675598687655,12.532673696348285,12.841231809750461
taxi-H8-N96-D8-R0.9,taxi-H8-N96-D8,taxi,8,96,1152,1000000,8,0.9,q16-to-q1-f0.5,two_stage,69,64,1131,1056,77,72,1056,999424,8.391304347826088,8.5,0.030174809165813884,0.9964945415190717,142,9.09975041968088,4.904176109524863,9.386894517842325,4.9347675598687655,13.513508918253258,13.828185321724215
taxi-H8-N96-D8-R1,taxi-H8-N96-D8,taxi,8,96,1152,1000000,8,1.0,q16-to-q1-f0.5,two_stage,69,64,1131,1056,77,72,1056,999424,8.391304347826088,8.5,0.030174809165813884,0.9964945415190717,142,9.09975041968088,4.904176109524863,9.386894517842325,4.9347675598687655,14.003926529205742,14.32166207771109
taxi-H8-N96-D8-R0,taxi-H8-N96-D8,taxi,8,96,1152,1000000,8,0.0,q16-to-q1-f0.75,two_stage,57,52,1143,1053,65,60,1056,999424,12.052631578947368,12.25,0.030174809165813884,0.9964945415190717,142,7.50853331263667,7.2321771624963205,7.985537768728756,7.114126908628201,7.50853331263667,7.985537768728756
taxi-H8-N96-D8-R0.1,taxi-H8-N96-D8,taxi,8,96,1152,1000000,8,0.1,q16-to-q1-f0.75,two_stage,57,52,1143,1053,65,60,1056,999424,12.052631578947368,12.25,0.030174809165813884,0.9964945415190717,142,7.50853331263667,7.2321771624963205,7.985537768728756,7.114126908628201,8.231751028886302,8.696950459591577
taxi-H8-N96-D8-R0.3,taxi-H8-N96-D8,taxi,8,96,1152,1000000,8,0.3,q16-to-q1-f0.75,two_stage,57,52,1143,1053,65,60,1056,999424,12.052631578947368,12.25,0.030174809165813884,0.9964945415190717,142,7.50853331263667,7.2321771624963205,7.985537768728756,7.114126908628201,9.678186461385566,10.119775841317216
taxi-H8-N96-D8-R0.5,taxi-H8-N96-D8,taxi,8,96,1152,1000000,8,0.5,q16-to-q1-f0.75,two_stage,57,52,1143,1053,65,60,1056,999424,12.052631578947368,12.25,0.030174809165813884,0.9964945415190717,142,7.50853331263667,7.2321771624963205,7.985537768728756,7.114126908628201,11.12462189388483,11.542601223042857
taxi-H8-N96-D8-R0.7,taxi-H8-N96-D8,taxi,8,96,1152,1000000,8,0.7,q16-to-q1-f0.75,two_stage,57,52,1143,1053,65,60,1056,999424,12.052631578947368,12.25,0.030174809165813884,0.9964945415190717,142,7.50853331263667,7.2321771624963205,7.985537768728756,7.114126908628201,12.571057326384095,12.965426604768496
taxi-H8-N96-D8-R0.9,taxi-H8-N96-D8,taxi,8,96,1152,1000000,8,0.9,q16-to-q1-f0.75,two_stage,57,52,1143,1053,65,60,1056,999424,12.052631578947368,12.25,0.030174809165813884,0.9964945415190717,142,7.50853331263667,7.2321771624963205,7.985537768728756,7.114126908628201,14.017492758883359,14.388251986494137
taxi-H8-N96-D8-R1,taxi-H8-N96-D8,taxi,8,96,1152,1000000,8,1.0,q16-to-q1-f0.75,two_stage,57,52,1143,1053,65,60,1056,999424,12.052631578947368,12.25,0.030174809165813884,0.9964945415190717,142,7.50853331263667,7.2321771624963205,7.985537768728756,7.114126908628201,14.74071047513299,15.099664677356957
taxi-H8-N192-D0-R0,taxi-H8-N192-D0,taxi,8,192,2304,1000000,0,0.0,fixed-q1,fixed,256,245,2304,2205,256,245,2208,999432,1.0,1.0,0.030174809165813884,0.996591649725921,142,8.575869793634908,0.0,8.697361895652396,0.0,8.575869793634908,8.697361895652396
taxi-H8-N192-D0-R0.1,taxi-H8-N192-D0,taxi,8,192,2304,1000000,0,0.1,fixed-q1,fixed,256,245,2304,2205,256,245,2208,999432,1.0,1.0,0.030174809165813884,0.996591649725921,142,8.575869793634908,0.0,8.697361895652396,0.0,8.575869793634908,8.697361895652396
taxi-H8-N192-D0-R0.3,taxi-H8-N192-D0,taxi,8,192,2304,1000000,0,0.3,fixed-q1,fixed,256,245,2304,2205,256,245,2208,999432,1.0,1.0,0.030174809165813884,0.996591649725921,142,8.575869793634908,0.0,8.697361895652396,0.0,8.575869793634908,8.697361895652396
taxi-H8-N192-D0-R0.5,taxi-H8-N192-D0,taxi,8,192,2304,1000000,0,0.5,fixed-q1,fixed,256,245,2304,2205,256,245,2208,999432,1.0,1.0,0.030174809165813884,0.996591649725921,142,8.575869793634908,0.0,8.697361895652396,0.0,8.575869793634908,8.697361895652396
taxi-H8-N192-D0-R0.7,taxi-H8-N192-D0,taxi,8,192,2304,1000000,0,0.7,fixed-q1,fixed,256,245,2304,2205,256,245,2208,999432,1.0,1.0,0.030174809165813884,0.996591649725921,142,8.575869793634908,0.0,8.697361895652396,0.0,8.575869793634908,8.697361895652396
taxi-H8-N192-D0-R0.9,taxi-H8-N192-D0,taxi,8,192,2304,1000000,0,0.9,fixed-q1,fixed,256,245,2304,2205,256,245,2208,999432,1.0,1.0,0.030174809165813884,0.996591649725921,142,8.575869793634908,0.0,8.697361895652396,0.0,8.575869793634908,8.697361895652396
taxi-H8-N192-D0-R1,taxi-H8-N192-D0,taxi,8,192,2304,1000000,0,1.0,fixed-q1,fixed,256,245,2304,2205,256,245,2208,999432,1.0,1.0,0.030174809165813884,0.996591649725921,142,8.575869793634908,0.0,8.697361895652396,0.0,8.575869793634908,8.697361895652396
taxi-H8-N192-D0-R0,taxi-H8-N192-D0,taxi,8,192,2304,1000000,0,0.0,fixed-q4,fixed,192,184,2304,2208,192,184,2208,999432,4.0,4.0,0.030174809165813884,0.996591649725921,142,3.0128366888178744,6.438899613891801,3.116066868619742,6.465823883665036,3.0128366888178744,3.116066868619742
taxi-H8-N192-D0-R0.1,taxi-H8-N192-D0,taxi,8,192,2304,1000000,0,0.1,fixed-q4,fixed,192,184,2304,2208,192,184,2208,999432,4.0,4.0,0.030174809165813884,0.996591649725921,142,3.0128366888178744,6.438899613891801,3.116066868619742,6.465823883665036,3.6567266502070543,3.7626492569862453
taxi-H8-N192-D0-R0.3,taxi-H8-N192-D0,taxi,8,192,2304,1000000,0,0.3,fixed-q4,fixed,192,184,2304,2208,192,184,2208,999432,4.0,4.0,0.030174809165813884,0.996591649725921,142,3.0128366888178744,6.438899613891801,3.116066868619742,6.465823883665036,4.944506572985414,5.055814033719253
taxi-H8-N192-D0-R0.5,taxi-H8-N192-D0,taxi,8,192,2304,1000000,0,0.5,fixed-q4,fixed,192,184,2304,2208,192,184,2208,999432,4.0,4.0,0.030174809165813884,0.996591649725921,142,3.0128366888178744,6.438899613891801,3.116066868619742,6.465823883665036,6.232286495763775,6.34897881045226
taxi-H8-N192-D0-R0.7,taxi-H8-N192-D0,taxi,8,192,2304,1000000,0,0.7,fixed-q4,fixed,192,184,2304,2208,192,184,2208,999432,4.0,4.0,0.030174809165813884,0.996591649725921,142,3.0128366888178744,6.438899613891801,3.116066868619742,6.465823883665036,7.520066418542134,7.6421435871852665
taxi-H8-N192-D0-R0.9,taxi-H8-N192-D0,taxi,8,192,2304,1000000,0,0.9,fixed-q4,fixed,192,184,2304,2208,192,184,2208,999432,4.0,4.0,0.030174809165813884,0.996591649725921,142,3.0128366888178744,6.438899613891801,3.116066868619742,6.465823883665036,8.807846341320495,8.935308363918274
taxi-H8-N192-D0-R1,taxi-H8-N192-D0,taxi,8,192,2304,1000000,0,1.0,fixed-q4,fixed,192,184,2304,2208,192,184,2208,999432,4.0,4.0,0.030174809165813884,0.996591649725921,142,3.0128366888178744,6.438899613891801,3.116066868619742,6.465823883665036,9.451736302709675,9.581890752284778
taxi-H8-N192-D0-R0,taxi-H8-N192-D0,taxi,8,192,2304,1000000,0,0.0,fixed-q16,fixed,96,92,2304,2208,96,92,2208,999432,16.0,16.0,0.030174809165813884,0.996591649725921,142,4.097326726633426,7.710745723552403,4.334124195215714,7.635588622939097,4.097326726633426,4.334124195215714
taxi-H8-N192-D0-R0.1,taxi-H8-N192-D0,taxi,8,192,2304,1000000,0,0.1,fixed-q16,fixed,96,92,2304,2208,96,92,2208,999432,16.0,16.0,0.030174809165813884,0.996591649725921,142,4.097326726633426,7.710745723552403,4.334124195215714,7.635588622939097,4.868401298988666,5.097683057509624
taxi-H8-N192-D0-R0.3,taxi-H8-N192-D0,taxi,8,192,2304,1000000,0,0.3,fixed-q16,fixed,96,92,2304,2208,96,92,2208,999432,16.0,16.0,0.030174809165813884,0.996591649725921,142,4.097326726633426,7.710745723552403,4.334124195215714,7.635588622939097,6.410550443699147,6.624800782097443
taxi-H8-N192-D0-R0.5,taxi-H8-N192-D0,taxi,8,192,2304,1000000,0,0.5,fixed-q16,fixed,96,92,2304,2208,96,92,2208,999432,16.0,16.0,0.030174809165813884,0.996591649725921,142,4.097326726633426,7.710745723552403,4.334124195215714,7.635588622939097,7.952699588409628,8.151918506685263
taxi-H8-N192-D0-R0.7,taxi-H8-N192-D0,taxi,8,192,2304,1000000,0,0.7,fixed-q16,fixed,96,92,2304,2208,96,92,2208,999432,16.0,16.0,0.030174809165813884,0.996591649725921,142,4.097326726633426,7.710745723552403,4.334124195215714,7.635588622939097,9.494848733120108,9.67903623127308
taxi-H8-N192-D0-R0.9,taxi-H8-N192-D0,taxi,8,192,2304,1000000,0,0.9,fixed-q16,fixed,96,92,2304,2208,96,92,2208,999432,16.0,16.0,0.030174809165813884,0.996591649725921,142,4.097326726633426,7.710745723552403,4.334124195215714,7.635588622939097,11.03699787783059,11.206153955860902
taxi-H8-N192-D0-R1,taxi-H8-N192-D0,taxi,8,192,2304,1000000,0,1.0,fixed-q16,fixed,96,92,2304,2208,96,92,2208,999432,16.0,16.0,0.030174809165813884,0.996591649725921,142,4.097326726633426,7.710745723552403,4.334124195215714,7.635588622939097,11.80807245018583,11.969712818154811
taxi-H8-N192-D0-R0,taxi-H8-N192-D0,taxi,8,192,2304,1000000,0,0.0,q1-to-q16-f0.25,two_stage,113,108,2292,2187,113,108,2208,999432,12.283185840707965,12.25,0.030174809165813884,0.996591649725921,142,4.801599528855918,6.38556229672116,5.04429498028606,6.324002824121323,4.801599528855918,5.04429498028606
taxi-H8-N192-D0-R0.1,taxi-H8-N192-D0,taxi,8,192,2304,1000000,0,0.1,q1-to-q16-f0.25,two_stage,113,108,2292,2187,113,108,2208,999432,12.283185840707965,12.25,0.030174809165813884,0.996591649725921,142,4.801599528855918,6.38556229672116,5.04429498028606,6.324002824121323,5.440155758528034,5.676695262698193
taxi-H8-N192-D0-R0.3,taxi-H8-N192-D0,taxi,8,192,2304,1000000,0,0.3,q1-to-q16-f0.25,two_stage,113,108,2292,2187,113,108,2208,999432,12.283185840707965,12.25,0.030174809165813884,0.996591649725921,142,4.801599528855918,6.38556229672116,5.04429498028606,6.324002824121323,6.717268217872266,6.941495827522457
taxi-H8-N192-D0-R0.5,taxi-H8-N192-D0,taxi,8,192,2304,1000000,0,0.5,q1-to-q16-f0.25,two_stage,113,108,2292,2187,113,108,2208,999432,12.283185840707965,12.25,0.030174809165813884,0.996591649725921,142,4.801599528855918,6.38556229672116,5.04429498028606,6.324002824121323,7.994380677216498,8.206296392346722
taxi-H8-N192-D0-R0.7,taxi-H8-N192-D0,taxi,8,192,2304,1000000,0,0.7,q1-to-q16-f0.25,two_stage,113,108,2292,2187,113,108,2208,999432,12.283185840707965,12.25,0.030174809165813884,0.996591649725921,142,4.801599528855918,6.38556229672116,5.04429498028606,6.324002824121323,9.271493136560728,9.471096957170985
taxi-H8-N192-D0-R0.9,taxi-H8-N192-D0,taxi,8,192,2304,1000000,0,0.9,q1-to-q16-f0.25,two_stage,113,108,2292,2187,113,108,2208,999432,12.283185840707965,12.25,0.030174809165813884,0.996591649725921,142,4.801599528855918,6.38556229672116,5.04429498028606,6.324002824121323,10.548605595904963,10.735897521995252
taxi-H8-N192-D0-R1,taxi-H8-N192-D0,taxi,8,192,2304,1000000,0,1.0,q1-to-q16-f0.25,two_stage,113,108,2292,2187,113,108,2208,999432,12.283185840707965,12.25,0.030174809165813884,0.996591649725921,142,4.801599528855918,6.38556229672116,5.04429498028606,6.324002824121323,11.187161825577078,11.368297804407383
taxi-H8-N192-D0-R0,taxi-H8-N192-D0,taxi,8,192,2304,1000000,0,0.0,q1-to-q16-f0.5,two_stage,139,133,2301,2202,139,133,2208,999432,8.553956834532373,8.556390977443609,0.030174809165813884,0.996591649725921,142,6.659759677092025,3.80303667308144,6.8687167971969245,3.7437367250810945,6.659759677092025,6.8687167971969245
taxi-H8-N192-D0-R0.1,taxi-H8-N192-D0,taxi,8,192,2304,1000000,0,0.1,q1-to-q16-f0.5,two_stage,139,133,2301,2202,139,133,2208,999432,8.553956834532373,8.556390977443609,0.030174809165813884,0.996591649725921,142,6.659759677092025,3.80303667308144,6.8687167971969245,3.7437367250810945,7.04006334440017,7.2430904697050345
taxi-H8-N192-D0-R0.3,taxi-H8-N192-D0,taxi,8,192,2304,1000000,0,0.3,q1-to-q16-f0.5,two_stage,139,133,2301,2202,139,133,2208,999432,8.553956834532373,8.556390977443609,0.030174809165813884,0.996591649725921,142,6.659759677092025,3.80303667308144,6.8687167971969245,3.7437367250810945,7.8006706790164575,7.9918378147212525
taxi-H8-N192-D0-R0.5,taxi-H8-N192-D0,taxi,8,192,2304,1000000,0,0.5,q1-to-q16-f0.5,two_stage,139,133,2301,2202,139,133,2208,999432,8.553956834532373,8.556390977443609,0.030174809165813884,0.996591649725921,142,6.659759677092025,3.80303667308144,6.8687167971969245,3.7437367250810945,8.561278013632744,8.740585159737472
taxi-H8-N192-D0-R0.7,taxi-H8-N192-D0,taxi,8,192,2304,1000000,0,0.7,q1-to-q16-f0.5,two_stage,139,133,2301,2202,139,133,2208,999432,8.553956834532373,8.556390977443609,0.030174809165813884,0.996591649725921,142,6.659759677092025,3.80303667308144,6.8687167971969245,3.7437367250810945,9.321885348249033,9.48933250475369
taxi-H8-N192-D0-R0.9,taxi-H8-N192-D0,taxi,8,192,2304,1000000,0,0.9,q1-to-q16-f0.5,two_stage,139,133,2301,2202,139,133,2208,999432,8.553956834532373,8.556390977443609,0.030174809165813884,0.996591649725921,142,6.659759677092025,3.80303667308144,6.8687167971969245,3.7437367250810945,10.082492682865322,10.23807984976991
taxi-H8-N192-D0-R1,taxi-H8-N192-D0,taxi,8,192,2304,1000000,0,1.0,q1-to-q16-f0.5,two_stage,139,133,2301,2202,139,133,2208,999432,8.553956834532373,8.556390977443609,0.030174809165813884,0.996591649725921,142,6.659759677092025,3.80303667308144,6.8687167971969245,3.7437367250810945,10.462796350173466,10.612453522278019
taxi-H8-N192-D0-R0,taxi-H8-N192-D0,taxi,8,192,2304,1000000,0,0.0,q1-to-q16-f0.75,two_stage,180,172,2295,2193,180,172,2208,999432,4.75,4.75,0.030174809165813884,0.996591649725921,142,8.859901792412492,0.7896206067808009,9.018554420585302,0.7719837405394765,8.859901792412492,9.018554420585302
taxi-H8-N192-D0-R0.1,taxi-H8-N192-D0,taxi,8,192,2304,1000000,0,0.1,q1-to-q16-f0.75,two_stage,180,172,2295,2193,180,172,2208,999432,4.75,4.75,0.030174809165813884,0.996591649725921,142,8.859901792412492,0.7896206067808009,9.018554420585302,0.7719837405394765,8.938863853090572,9.09575279463925
taxi-H8-N192-D0-R0.3,taxi-H8-N192-D0,taxi,8,192,2304,1000000,0,0.3,q1-to-q16-f0.75,two_stage,180,172,2295,2193,180,172,2208,999432,4.75,4.75,0.030174809165813884,0.996591649725921,142,8.859901792412492,0.7896206067808009,9.018554420585302,0.7719837405394765,9.096787974446732,9.250149542747145
taxi-H8-N192-D0-R0.5,taxi-H8-N192-D0,taxi,8,192,2304,1000000,0,0.5,q1-to-q16-f0.75,two_stage,180,172,2295,2193,180,172,2208,999432,4.75,4.75,0.030174809165813884,0.996591649725921,142,8.859901792412492,0.7896206067808009,9.018554420585302,0.7719837405394765,9.254712095802892,9.40454629085504
taxi-H8-N192-D0-R0.7,taxi-H8-N192-D0,taxi,8,192,2304,1000000,0,0.7,q1-to-q16-f0.75,two_stage,180,172,2295,2193,180,172,2208,999432,4.75,4.75,0.030174809165813884,0.996591649725921,142,8.859901792412492,0.7896206067808009,9.018554420585302,0.7719837405394765,9.412636217159053,9.558943038962935
taxi-H8-N192-D0-R0.9,taxi-H8-N192-D0,taxi,8,192,2304,1000000,0,0.9,q1-to-q16-f0.75,two_stage,180,172,2295,2193,180,172,2208,999432,4.75,4.75,0.030174809165813884,0.996591649725921,142,8.859901792412492,0.7896206067808009,9.018554420585302,0.7719837405394765,9.570560338515213,9.713339787070831
taxi-H8-N192-D0-R1,taxi-H8-N192-D0,taxi,8,192,2304,1000000,0,1.0,q1-to-q16-f0.75,two_stage,180,172,2295,2193,180,172,2208,999432,4.75,4.75,0.030174809165813884,0.996591649725921,142,8.859901792412492,0.7896206067808009,9.018554420585302,0.7719837405394765,9.649522399193293,9.790538161124779
taxi-H8-N192-D0-R0,taxi-H8-N192-D0,taxi,8,192,2304,1000000,0,0.0,q16-to-q1-f0.25,two_stage,181,173,2304,2202,181,173,2208,999432,4.7292817679558015,4.728323699421965,0.030174809165813884,0.996591649725921,142,8.465597557693762,1.1508567753161858,8.558862485309215,1.1974421062171927,8.465597557693762,8.558862485309215
taxi-H8-N192-D0-R0.1,taxi-H8-N192-D0,taxi,8,192,2304,1000000,0,0.1,q16-to-q1-f0.25,two_stage,181,173,2304,2202,181,173,2208,999432,4.7292817679558015,4.728323699421965,0.030174809165813884,0.996591649725921,142,8.465597557693762,1.1508567753161858,8.558862485309215,1.1974421062171927,8.580683235225381,8.678606695930934
taxi-H8-N192-D0-R0.3,taxi-H8-N192-D0,taxi,8,192,2304,1000000,0,0.3,q16-to-q1-f0.25,two_stage,181,173,2304,2202,181,173,2208,999432,4.7292817679558015,4.728323699421965,0.030174809165813884,0.996591649725921,142,8.465597557693762,1.1508567753161858,8.558862485309215,1.1974421062171927,8.810854590288617,8.918095117174373
taxi-H8-N192-D0-R0.5,taxi-H8-N192-D0,taxi,8,192,2304,1000000,0,0.5,q16-to-q1-f0.25,two_stage,181,173,2304,2202,181,173,2208,999432,4.7292817679558015,4.728323699421965,0.030174809165813884,0.996591649725921,142,8.465597557693762,1.1508567753161858,8.558862485309215,1.1974421062171927,9.041025945351855,9.15758353841781
taxi-H8-N192-D0-R0.7,taxi-H8-N192-D0,taxi,8,192,2304,1000000,0,0.7,q16-to-q1-f0.25,two_stage,181,173,2304,2202,181,173,2208,999432,4.7292817679558015,4.728323699421965,0.030174809165813884,0.996591649725921,142,8.465597557693762,1.1508567753161858,8.558862485309215,1.1974421062171927,9.271197300415093,9.397071959661249
taxi-H8-N192-D0-R0.9,taxi-H8-N192-D0,taxi,8,192,2304,1000000,0,0.9,q16-to-q1-f0.25,two_stage,181,173,2304,2202,181,173,2208,999432,4.7292817679558015,4.728323699421965,0.030174809165813884,0.996591649725921,142,8.465597557693762,1.1508567753161858,8.558862485309215,1.1974421062171927,9.501368655478329,9.636560380904688
taxi-H8-N192-D0-R1,taxi-H8-N192-D0,taxi,8,192,2304,1000000,0,1.0,q16-to-q1-f0.25,two_stage,181,173,2304,2202,181,173,2208,999432,4.7292817679558015,4.728323699421965,0.030174809165813884,0.996591649725921,142,8.465597557693762,1.1508567753161858,8.558862485309215,1.1974421062171927,9.616454333009948,9.756304591526407
taxi-H8-N192-D0-R0,taxi-H8-N192-D0,taxi,8,192,2304,1000000,0,0.0,q16-to-q1-f0.5,two_stage,139,133,2286,2187,139,133,2208,999432,8.446043165467627,8.443609022556391,0.030174809165813884,0.996591649725921,142,6.161243836796614,4.3015525133768495,6.27421100464546,4.3382425176325645,6.161243836796614,6.27421100464546
taxi-H8-N192-D0-R0.1,taxi-H8-N192-D0,taxi,8,192,2304,1000000,0,0.1,q16-to-q1-f0.5,two_stage,139,133,2286,2187,139,133,2208,999432,8.446043165467627,8.443609022556391,0.030174809165813884,0.996591649725921,142,6.161243836796614,4.3015525133768495,6.27421100464546,4.3382425176325645,6.591399088134299,6.708035256408717
taxi-H8-N192-D0-R0.3,taxi-H8-N192-D0,taxi,8,192,2304,1000000,0,0.3,q16-to-q1-f0.5,two_stage,139,133,2286,2187,139,133,2208,999432,8.446043165467627,8.443609022556391,0.030174809165813884,0.996591649725921,142,6.161243836796614,4.3015525133768495,6.27421100464546,4.3382425176325645,7.451709590809669,7.575683759935229
taxi-H8-N192-D0-R0.5,taxi-H8-N192-D0,taxi,8,192,2304,1000000,0,0.5,q16-to-q1-f0.5,two_stage,139,133,2286,2187,139,133,2208,999432,8.446043165467627,8.443609022556391,0.030174809165813884,0.996591649725921,142,6.161243836796614,4.3015525133768495,6.27421100464546,4.3382425176325645,8.312020093485039,8.443332263461743
taxi-H8-N192-D0-R0.7,taxi-H8-N192-D0,taxi,8,192,2304,1000000,0,0.7,q16-to-q1-f0.5,two_stage,139,133,2286,2187,139,133,2208,999432,8.446043165467627,8.443609022556391,0.030174809165813884,0.996591649725921,142,6.161243836796614,4.3015525133768495,6.27421100464546,4.3382425176325645,9.172330596160409,9.310980766988255
taxi-H8-N192-D0-R0.9,taxi-H8-N192-D0,taxi,8,192,2304,1000000,0,0.9,q16-to-q1-f0.5,two_stage,139,133,2286,2187,139,133,2208,999432,8.446043165467627,8.443609022556391,0.030174809165813884,0.996591649725921,142,6.161243836796614,4.3015525133768495,6.27421100464546,4.3382425176325645,10.032641098835779,10.178629270514769
taxi-H8-N192-D0-R1,taxi-H8-N192-D0,taxi,8,192,2304,1000000,0,1.0,q16-to-q1-f0.5,two_stage,139,133,2286,2187,139,133,2208,999432,8.446043165467627,8.443609022556391,0.030174809165813884,0.996591649725921,142,6.161243836796614,4.3015525133768495,6.27421100464546,4.3382425176325645,10.462796350173463,10.612453522278024
taxi-H8-N192-D0-R0,taxi-H8-N192-D0,taxi,8,192,2304,1000000,0,0.0,q16-to-q1-f0.75,two_stage,114,109,2301,2196,114,109,2208,999432,12.18421052631579,12.146788990825687,0.030174809165813884,0.996591649725921,142,3.844322803067013,7.326831536655869,4.065706908781731,7.2530383306893,3.844322803067013,4.065706908781731
taxi-H8-N192-D0-R0.1,taxi-H8-N192-D0,taxi,8,192,2304,1000000,0,0.1,q16-to-q1-f0.75,two_stage,114,109,2301,2196,114,109,2208,999432,12.18421052631579,12.146788990825687,0.030174809165813884,0.996591649725921,142,3.844322803067013,7.326831536655869,4.065706908781731,7.2530383306893,4.5770059567326,4.791010741850661
taxi-H8-N192-D0-R0.3,taxi-H8-N192-D0,taxi,8,192,2304,1000000,0,0.3,q16-to-q1-f0.75,two_stage,114,109,2301,2196,114,109,2208,999432,12.18421052631579,12.146788990825687,0.030174809165813884,0.996591649725921,142,3.844322803067013,7.326831536655869,4.065706908781731,7.2530383306893,6.042372264063774,6.241618407988521
taxi-H8-N192-D0-R0.5,taxi-H8-N192-D0,taxi,8,192,2304,1000000,0,0.5,q16-to-q1-f0.75,two_stage,114,109,2301,2196,114,109,2208,999432,12.18421052631579,12.146788990825687,0.030174809165813884,0.996591649725921,142,3.844322803067013,7.326831536655869,4.065706908781731,7.2530383306893,7.507738571394947,7.692226074126381
taxi-H8-N192-D0-R0.7,taxi-H8-N192-D0,taxi,8,192,2304,1000000,0,0.7,q16-to-q1-f0.75,two_stage,114,109,2301,2196,114,109,2208,999432,12.18421052631579,12.146788990825687,0.030174809165813884,0.996591649725921,142,3.844322803067013,7.326831536655869,4.065706908781731,7.2530383306893,8.973104878726122,9.14283374026424
taxi-H8-N192-D0-R0.9,taxi-H8-N192-D0,taxi,8,192,2304,1000000,0,0.9,q16-to-q1-f0.75,two_stage,114,109,2301,2196,114,109,2208,999432,12.18421052631579,12.146788990825687,0.030174809165813884,0.996591649725921,142,3.844322803067013,7.326831536655869,4.065706908781731,7.2530383306893,10.438471186057296,10.593441406402102
taxi-H8-N192-D0-R1,taxi-H8-N192-D0,taxi,8,192,2304,1000000,0,1.0,q16-to-q1-f0.75,two_stage,114,109,2301,2196,114,109,2208,999432,12.18421052631579,12.146788990825687,0.030174809165813884,0.996591649725921,142,3.844322803067013,7.326831536655869,4.065706908781731,7.2530383306893,11.171154339722882,11.318745239471031
taxi-H8-N192-D4-R0,taxi-H8-N192-D4,taxi,8,192,2304,1000000,4,0.0,fixed-q1,fixed,256,245,2304,2205,260,249,2208,999428,1.0,1.0,0.030174809165813884,0.9965441244965821,142,8.867348062734782,0.0,8.996191845300237,0.0,8.867348062734782,8.996191845300237
taxi-H8-N192-D4-R0.1,taxi-H8-N192-D4,taxi,8,192,2304,1000000,4,0.1,fixed-q1,fixed,256,245,2304,2205,260,249,2208,999428,1.0,1.0,0.030174809165813884,0.9965441244965821,142,8.867348062734782,0.0,8.996191845300237,0.0,8.867348062734782,8.996191845300237
taxi-H8-N192-D4-R0.3,taxi-H8-N192-D4,taxi,8,192,2304,1000000,4,0.3,fixed-q1,fixed,256,245,2304,2205,260,249,2208,999428,1.0,1.0,0.030174809165813884,0.9965441244965821,142,8.867348062734782,0.0,8.996191845300237,0.0,8.867348062734782,8.996191845300237
taxi-H8-N192-D4-R0.5,taxi-H8-N192-D4,taxi,8,192,2304,1000000,4,0.5,fixed-q1,fixed,256,245,2304,2205,260,249,2208,999428,1.0,1.0,0.030174809165813884,0.9965441244965821,142,8.867348062734782,0.0,8.996191845300237,0.0,8.867348062734782,8.996191845300237
taxi-H8-N192-D4-R0.7,taxi-H8-N192-D4,taxi,8,192,2304,1000000,4,0.7,fixed-q1,fixed,256,245,2304,2205,260,249,2208,999428,1.0,1.0,0.030174809165813884,0.9965441244965821,142,8.867348062734782,0.0,8.996191845300237,0.0,8.867348062734782,8.996191845300237
taxi-H8-N192-D4-R0.9,taxi-H8-N192-D4,taxi,8,192,2304,1000000,4,0.9,fixed-q1,fixed,256,245,2304,2205,260,249,2208,999428,1.0,1.0,0.030174809165813884,0.9965441244965821,142,8.867348062734782,0.0,8.996191845300237,0.0,8.867348062734782,8.996191845300237
taxi-H8-N192-D4-R1,taxi-H8-N192-D4,taxi,8,192,2304,1000000,4,1.0,fixed-q1,fixed,256,245,2304,2205,260,249,2208,999428,1.0,1.0,0.030174809165813884,0.9965441244965821,142,8.867348062734782,0.0,8.996191845300237,0.0,8.867348062734782,8.996191845300237
taxi-H8-N192-D4-R0,taxi-H8-N192-D4,taxi,8,192,2304,1000000,4,0.0,fixed-q4,fixed,192,184,2304,2208,196,188,2208,999428,4.0,4.0,0.030174809165813884,0.9965441244965821,142,3.0374567106694212,6.752394725683144,3.1355142481795406,6.789326924114168,3.0374567106694212,3.1355142481795406
taxi-H8-N192-D4-R0.1,taxi-H8-N192-D4,taxi,8,192,2304,1000000,4,0.1,fixed-q4,fixed,192,184,2304,2208,196,188,2208,999428,4.0,4.0,0.030174809165813884,0.9965441244965821,142,3.0374567106694212,6.752394725683144,3.1355142481795406,6.789326924114168,3.7126961832377354,3.8144469405909573
taxi-H8-N192-D4-R0.3,taxi-H8-N192-D4,taxi,8,192,2304,1000000,4,0.3,fixed-q4,fixed,192,184,2304,2208,196,188,2208,999428,4.0,4.0,0.030174809165813884,0.9965441244965821,142,3.0374567106694212,6.752394725683144,3.1355142481795406,6.789326924114168,5.063175128374365,5.172312325413791
taxi-H8-N192-D4-R0.5,taxi-H8-N192-D4,taxi,8,192,2304,1000000,4,0.5,fixed-q4,fixed,192,184,2304,2208,196,188,2208,999428,4.0,4.0,0.030174809165813884,0.9965441244965821,142,3.0374567106694212,6.752394725683144,3.1355142481795406,6.789326924114168,6.413654073510993,6.530177710236625
taxi-H8-N192-D4-R0.7,taxi-H8-N192-D4,taxi,8,192,2304,1000000,4,0.7,fixed-q4,fixed,192,184,2304,2208,196,188,2208,999428,4.0,4.0,0.030174809165813884,0.9965441244965821,142,3.0374567106694212,6.752394725683144,3.1355142481795406,6.789326924114168,7.764133018647621,7.888043095059458
taxi-H8-N192-D4-R0.9,taxi-H8-N192-D4,taxi,8,192,2304,1000000,4,0.9,fixed-q4,fixed,192,184,2304,2208,196,188,2208,999428,4.0,4.0,0.030174809165813884,0.9965441244965821,142,3.0374567106694212,6.752394725683144,3.1355142481795406,6.789326924114168,9.11461196378425,9.245908479882292
taxi-H8-N192-D4-R1,taxi-H8-N192-D4,taxi,8,192,2304,1000000,4,1.0,fixed-q4,fixed,192,184,2304,2208,196,188,2208,999428,4.0,4.0,0.030174809165813884,0.9965441244965821,142,3.0374567106694212,6.752394725683144,3.1355142481795406,6.789326924114168,9.789851436352565,9.924841172293709
taxi-H8-N192-D4-R0,taxi-H8-N192-D4,taxi,8,192,2304,1000000,4,0.0,fixed-q16,fixed,96,92,2304,2208,100,96,2208,999428,16.0,16.0,0.030174809165813884,0.9965441244965821,142,3.9350283889341005,8.260256775737739,4.168012040212737,8.191028491936953,3.9350283889341005,4.168012040212737
taxi-H8-N192-D4-R0.1,taxi-H8-N192-D4,taxi,8,192,2304,1000000,4,0.1,fixed-q16,fixed,96,92,2304,2208,100,96,2208,999428,16.0,16.0,0.030174809165813884,0.9965441244965821,142,3.9350283889341005,8.260256775737739,4.168012040212737,8.191028491936953,4.761054066507874,4.987114889406433
taxi-H8-N192-D4-R0.3,taxi-H8-N192-D4,taxi,8,192,2304,1000000,4,0.3,fixed-q16,fixed,96,92,2304,2208,100,96,2208,999428,16.0,16.0,0.030174809165813884,0.9965441244965821,142,3.9350283889341005,8.260256775737739,4.168012040212737,8.191028491936953,6.4131054216554215,6.625320587793823
taxi-H8-N192-D4-R0.5,taxi-H8-N192-D4,taxi,8,192,2304,1000000,4,0.5,fixed-q16,fixed,96,92,2304,2208,100,96,2208,999428,16.0,16.0,0.030174809165813884,0.9965441244965821,142,3.9350283889341005,8.260256775737739,4.168012040212737,8.191028491936953,8.06515677680297,8.263526286181214
taxi-H8-N192-D4-R0.7,taxi-H8-N192-D4,taxi,8,192,2304,1000000,4,0.7,fixed-q16,fixed,96,92,2304,2208,100,96,2208,999428,16.0,16.0,0.030174809165813884,0.9965441244965821,142,3.9350283889341005,8.260256775737739,4.168012040212737,8.191028491936953,9.717208131950517,9.901731984568602
taxi-H8-N192-D4-R0.9,taxi-H8-N192-D4,taxi,8,192,2304,1000000,4,0.9,fixed-q16,fixed,96,92,2304,2208,100,96,2208,999428,16.0,16.0,0.030174809165813884,0.9965441244965821,142,3.9350283889341005,8.260256775737739,4.168012040212737,8.191028491936953,11.369259487098066,11.539937682955994
taxi-H8-N192-D4-R1,taxi-H8-N192-D4,taxi,8,192,2304,1000000,4,1.0,fixed-q16,fixed,96,92,2304,2208,100,96,2208,999428,16.0,16.0,0.030174809165813884,0.9965441244965821,142,3.9350283889341005,8.260256775737739,4.168012040212737,8.191028491936953,12.195285164671839,12.35904053214969
taxi-H8-N192-D4-R0,taxi-H8-N192-D4,taxi,8,192,2304,1000000,4,0.0,q1-to-q16-f0.25,two_stage,113,108,2292,2187,117,112,2208,999428,12.283185840707965,12.25,0.030174809165813884,0.9965441244965821,142,4.705888795695347,6.856372635287148,4.94678224432293,6.8024813382197955,4.705888795695347,4.94678224432293
taxi-H8-N192-D4-R0.1,taxi-H8-N192-D4,taxi,8,192,2304,1000000,4,0.1,q1-to-q16-f0.25,two_stage,113,108,2292,2187,117,112,2208,999428,12.283185840707965,12.25,0.030174809165813884,0.9965441244965821,142,4.705888795695347,6.856372635287148,4.94678224432293,6.8024813382197955,5.391526059224062,5.62703037814491
taxi-H8-N192-D4-R0.3,taxi-H8-N192-D4,taxi,8,192,2304,1000000,4,0.3,q1-to-q16-f0.25,two_stage,113,108,2292,2187,117,112,2208,999428,12.283185840707965,12.25,0.030174809165813884,0.9965441244965821,142,4.705888795695347,6.856372635287148,4.94678224432293,6.8024813382197955,6.762800586281491,6.9875266457888685
taxi-H8-N192-D4-R0.5,taxi-H8-N192-D4,taxi,8,192,2304,1000000,4,0.5,q1-to-q16-f0.25,two_stage,113,108,2292,2187,117,112,2208,999428,12.283185840707965,12.25,0.030174809165813884,0.9965441244965821,142,4.705888795695347,6.856372635287148,4.94678224432293,6.8024813382197955,8.13407511333892,8.348022913432828
taxi-H8-N192-D4-R0.7,taxi-H8-N192-D4,taxi,8,192,2304,1000000,4,0.7,q1-to-q16-f0.25,two_stage,113,108,2292,2187,117,112,2208,999428,12.283185840707965,12.25,0.030174809165813884,0.9965441244965821,142,4.705888795695347,6.856372635287148,4.94678224432293,6.8024813382197955,9.50534964039635,9.708519181076786
taxi-H8-N192-D4-R0.9,taxi-H8-N192-D4,taxi,8,192,2304,1000000,4,0.9,q1-to-q16-f0.25,two_stage,113,108,2292,2187,117,112,2208,999428,12.283185840707965,12.25,0.030174809165813884,0.9965441244965821,142,4.705888795695347,6.856372635287148,4.94678224432293,6.8024813382197955,10.87662416745378,11.069015448720746
taxi-H8-N192-D4-R1,taxi-H8-N192-D4,taxi,8,192,2304,1000000,4,1.0,q1-to-q16-f0.25,two_stage,113,108,2292,2187,117,112,2208,999428,12.283185840707965,12.25,0.030174809165813884,0.9965441244965821,142,4.705888795695347,6.856372635287148,4.94678224432293,6.8024813382197955,11.562261430982495,11.749263582542724
taxi-H8-N192-D4-R0,taxi-H8-N192-D4,taxi,8,192,2304,1000000,4,0.0,q1-to-q16-f0.5,two_stage,139,133,2301,2202,143,137,2208,999428,8.553956834532373,8.556390977443609,0.030174809165813884,0.9965441244965821,142,6.718146365100024,4.1078987902394415,6.927874941603154,4.050514012628578,6.718146365100024,6.927874941603154
taxi-H8-N192-D4-R0.1,taxi-H8-N192-D4,taxi,8,192,2304,1000000,4,0.1,q1-to-q16-f0.5,two_stage,139,133,2301,2202,143,137,2208,999428,8.553956834532373,8.556390977443609,0.030174809165813884,0.9965441244965821,142,6.718146365100024,4.1078987902394415,6.927874941603154,4.050514012628578,7.1289362441239685,7.332926342866012
taxi-H8-N192-D4-R0.3,taxi-H8-N192-D4,taxi,8,192,2304,1000000,4,0.3,q1-to-q16-f0.5,two_stage,139,133,2301,2202,143,137,2208,999428,8.553956834532373,8.556390977443609,0.030174809165813884,0.9965441244965821,142,6.718146365100024,4.1078987902394415,6.927874941603154,4.050514012628578,7.950516002171856,8.143029145391727
taxi-H8-N192-D4-R0.5,taxi-H8-N192-D4,taxi,8,192,2304,1000000,4,0.5,q1-to-q16-f0.5,two_stage,139,133,2301,2202,143,137,2208,999428,8.553956834532373,8.556390977443609,0.030174809165813884,0.9965441244965821,142,6.718146365100024,4.1078987902394415,6.927874941603154,4.050514012628578,8.772095760219745,8.953131947917443
taxi-H8-N192-D4-R0.7,taxi-H8-N192-D4,taxi,8,192,2304,1000000,4,0.7,q1-to-q16-f0.5,two_stage,139,133,2301,2202,143,137,2208,999428,8.553956834532373,8.556390977443609,0.030174809165813884,0.9965441244965821,142,6.718146365100024,4.1078987902394415,6.927874941603154,4.050514012628578,9.593675518267633,9.763234750443157
taxi-H8-N192-D4-R0.9,taxi-H8-N192-D4,taxi,8,192,2304,1000000,4,0.9,q1-to-q16-f0.5,two_stage,139,133,2301,2202,143,137,2208,999428,8.553956834532373,8.556390977443609,0.030174809165813884,0.9965441244965821,142,6.718146365100024,4.1078987902394415,6.927874941603154,4.050514012628578,10.415255276315522,10.573337552968873
taxi-H8-N192-D4-R1,taxi-H8-N192-D4,taxi,8,192,2304,1000000,4,1.0,q1-to-q16-f0.5,two_stage,139,133,2301,2202,143,137,2208,999428,8.553956834532373,8.556390977443609,0.030174809165813884,0.9965441244965821,142,6.718146365100024,4.1078987902394415,6.927874941603154,4.050514012628578,10.826045155339465,10.978388954231733
taxi-H8-N192-D4-R0,taxi-H8-N192-D4,taxi,8,192,2304,1000000,4,0.0,q1-to-q16-f0.75,two_stage,180,172,2295,2193,184,176,2208,999428,4.75,4.75,0.030174809165813884,0.9965441244965821,142,9.127707401440516,0.8670860428117446,9.29120388291529,0.8490589357210655,9.127707401440516,9.29120388291529
taxi-H8-N192-D4-R0.1,taxi-H8-N192-D4,taxi,8,192,2304,1000000,4,0.1,q1-to-q16-f0.75,two_stage,180,172,2295,2193,184,176,2208,999428,4.75,4.75,0.030174809165813884,0.9965441244965821,142,9.127707401440516,0.8670860428117446,9.29120388291529,0.8490589357210655,9.21441600572169,9.376109776487397
taxi-H8-N192-D4-R0.3,taxi-H8-N192-D4,taxi,8,192,2304,1000000,4,0.3,q1-to-q16-f0.75,two_stage,180,172,2295,2193,184,176,2208,999428,4.75,4.75,0.030174809165813884,0.9965441244965821,142,9.127707401440516,0.8670860428117446,9.29120388291529,0.8490589357210655,9.387833214284038,9.54592156363161
taxi-H8-N192-D4-R0.5,taxi-H8-N192-D4,taxi,8,192,2304,1000000,4,0.5,q1-to-q16-f0.75,two_stage,180,172,2295,2193,184,176,2208,999428,4.75,4.75,0.030174809165813884,0.9965441244965821,142,9.127707401440516,0.8670860428117446,9.29120388291529,0.8490589357210655,9.561250422846388,9.715733350775823
taxi-H8-N192-D4-R0.7,taxi-H8-N192-D4,taxi,8,192,2304,1000000,4,0.7,q1-to-q16-f0.75,two_stage,180,172,2295,2193,184,176,2208,999428,4.75,4.75,0.030174809165813884,0.9965441244965821,142,9.127707401440516,0.8670860428117446,9.29120388291529,0.8490589357210655,9.734667631408737,9.885545137920037
taxi-H8-N192-D4-R0.9,taxi-H8-N192-D4,taxi,8,192,2304,1000000,4,0.9,q1-to-q16-f0.75,two_stage,180,172,2295,2193,184,176,2208,999428,4.75,4.75,0.030174809165813884,0.9965441244965821,142,9.127707401440516,0.8670860428117446,9.29120388291529,0.8490589357210655,9.908084839971085,10.055356925064249
taxi-H8-N192-D4-R1,taxi-H8-N192-D4,taxi,8,192,2304,1000000,4,1.0,q1-to-q16-f0.75,two_stage,180,172,2295,2193,184,176,2208,999428,4.75,4.75,0.030174809165813884,0.9965441244965821,142,9.127707401440516,0.8670860428117446,9.29120388291529,0.8490589357210655,9.99479344425226,10.140262818636357
taxi-H8-N192-D4-R0,taxi-H8-N192-D4,taxi,8,192,2304,1000000,4,0.0,q16-to-q1-f0.25,two_stage,181,173,2304,2202,185,177,2208,999428,4.7292817679558015,4.728323699421965,0.030174809165813884,0.9965441244965821,142,8.791580648366262,1.1674274769581032,8.885853976638339,1.2173731050916627,8.791580648366262,8.885853976638339
taxi-H8-N192-D4-R0.1,taxi-H8-N192-D4,taxi,8,192,2304,1000000,4,0.1,q16-to-q1-f0.25,two_stage,181,173,2304,2202,185,177,2208,999428,4.7292817679558015,4.728323699421965,0.030174809165813884,0.9965441244965821,142,8.791580648366262,1.1674274769581032,8.885853976638339,1.2173731050916627,8.908323396062071,9.007591287147505
taxi-H8-N192-D4-R0.3,taxi-H8-N192-D4,taxi,8,192,2304,1000000,4,0.3,q16-to-q1-f0.25,two_stage,181,173,2304,2202,185,177,2208,999428,4.7292817679558015,4.728323699421965,0.030174809165813884,0.9965441244965821,142,8.791580648366262,1.1674274769581032,8.885853976638339,1.2173731050916627,9.141808891453692,9.251065908165838
taxi-H8-N192-D4-R0.5,taxi-H8-N192-D4,taxi,8,192,2304,1000000,4,0.5,q16-to-q1-f0.25,two_stage,181,173,2304,2202,185,177,2208,999428,4.7292817679558015,4.728323699421965,0.030174809165813884,0.9965441244965821,142,8.791580648366262,1.1674274769581032,8.885853976638339,1.2173731050916627,9.375294386845313,9.494540529184171
taxi-H8-N192-D4-R0.7,taxi-H8-N192-D4,taxi,8,192,2304,1000000,4,0.7,q16-to-q1-f0.25,two_stage,181,173,2304,2202,185,177,2208,999428,4.7292817679558015,4.728323699421965,0.030174809165813884,0.9965441244965821,142,8.791580648366262,1.1674274769581032,8.885853976638339,1.2173731050916627,9.608779882236934,9.738015150202504
taxi-H8-N192-D4-R0.9,taxi-H8-N192-D4,taxi,8,192,2304,1000000,4,0.9,q16-to-q1-f0.25,two_stage,181,173,2304,2202,185,177,2208,999428,4.7292817679558015,4.728323699421965,0.030174809165813884,0.9965441244965821,142,8.791580648366262,1.1674274769581032,8.885853976638339,1.2173731050916627,9.842265377628555,9.981489771220836
taxi-H8-N192-D4-R1,taxi-H8-N192-D4,taxi,8,192,2304,1000000,4,1.0,q16-to-q1-f0.25,two_stage,181,173,2304,2202,185,177,2208,999428,4.7292817679558015,4.728323699421965,0.030174809165813884,0.9965441244965821,142,8.791580648366262,1.1674274769581032,8.885853976638339,1.2173731050916627,9.959008125324365,10.103227081730001
taxi-H8-N192-D4-R0,taxi-H8-N192-D4,taxi,8,192,2304,1000000,4,0.0,q16-to-q1-f0.5,two_stage,139,133,2286,2187,143,137,2208,999428,8.446043165467627,8.443609022556391,0.030174809165813884,0.9965441244965821,142,6.350217945589712,4.475827209749752,6.457566293815773,4.520822660415957,6.350217945589712,6.457566293815773
taxi-H8-N192-D4-R0.1,taxi-H8-N192-D4,taxi,8,192,2304,1000000,4,0.1,q16-to-q1-f0.5,two_stage,139,133,2286,2187,143,137,2208,999428,8.446043165467627,8.443609022556391,0.030174809165813884,0.9965441244965821,142,6.350217945589712,4.475827209749752,6.457566293815773,4.520822660415957,6.7978006665646875,6.909648559857369
taxi-H8-N192-D4-R0.3,taxi-H8-N192-D4,taxi,8,192,2304,1000000,4,0.3,q16-to-q1-f0.5,two_stage,139,133,2286,2187,143,137,2208,999428,8.446043165467627,8.443609022556391,0.030174809165813884,0.9965441244965821,142,6.350217945589712,4.475827209749752,6.457566293815773,4.520822660415957,7.6929661085146375,7.813813091940561
taxi-H8-N192-D4-R0.5,taxi-H8-N192-D4,taxi,8,192,2304,1000000,4,0.5,q16-to-q1-f0.5,two_stage,139,133,2286,2187,143,137,2208,999428,8.446043165467627,8.443609022556391,0.030174809165813884,0.9965441244965821,142,6.350217945589712,4.475827209749752,6.457566293815773,4.520822660415957,8.588131550464588,8.717977624023753
taxi-H8-N192-D4-R0.7,taxi-H8-N192-D4,taxi,8,192,2304,1000000,4,0.7,q16-to-q1-f0.5,two_stage,139,133,2286,2187,143,137,2208,999428,8.446043165467627,8.443609022556391,0.030174809165813884,0.9965441244965821,142,6.350217945589712,4.475827209749752,6.457566293815773,4.520822660415957,9.483296992414537,9.622142156106943
taxi-H8-N192-D4-R0.9,taxi-H8-N192-D4,taxi,8,192,2304,1000000,4,0.9,q16-to-q1-f0.5,two_stage,139,133,2286,2187,143,137,2208,999428,8.446043165467627,8.443609022556391,0.030174809165813884,0.9965441244965821,142,6.350217945589712,4.475827209749752,6.457566293815773,4.520822660415957,10.378462434364488,10.526306688190136
taxi-H8-N192-D4-R1,taxi-H8-N192-D4,taxi,8,192,2304,1000000,4,1.0,q16-to-q1-f0.5,two_stage,139,133,2286,2187,143,137,2208,999428,8.446043165467627,8.443609022556391,0.030174809165813884,0.9965441244965821,142,6.350217945589712,4.475827209749752,6.457566293815773,4.520822660415957,10.826045155339465,10.97838895423173
taxi-H8-N192-D4-R0,taxi-H8-N192-D4,taxi,8,192,2304,1000000,4,0.0,q16-to-q1-f0.75,two_stage,114,109,2301,2196,118,113,2208,999428,12.18421052631579,12.146788990825687,0.030174809165813884,0.9965441244965821,142,3.7720463615249926,7.777059085576889,3.9862237127112534,7.709537220091894,3.7720463615249926,3.9862237127112534
taxi-H8-N192-D4-R0.1,taxi-H8-N192-D4,taxi,8,192,2304,1000000,4,0.1,q16-to-q1-f0.75,two_stage,114,109,2301,2196,118,113,2208,999428,12.18421052631579,12.146788990825687,0.030174809165813884,0.9965441244965821,142,3.7720463615249926,7.777059085576889,3.9862237127112534,7.709537220091894,4.549752270082681,4.757177434720443
taxi-H8-N192-D4-R0.3,taxi-H8-N192-D4,taxi,8,192,2304,1000000,4,0.3,q16-to-q1-f0.75,two_stage,114,109,2301,2196,118,113,2208,999428,12.18421052631579,12.146788990825687,0.030174809165813884,0.9965441244965821,142,3.7720463615249926,7.777059085576889,3.9862237127112534,7.709537220091894,6.105164087198059,6.299084878738821
taxi-H8-N192-D4-R0.5,taxi-H8-N192-D4,taxi,8,192,2304,1000000,4,0.5,q16-to-q1-f0.75,two_stage,114,109,2301,2196,118,113,2208,999428,12.18421052631579,12.146788990825687,0.030174809165813884,0.9965441244965821,142,3.7720463615249926,7.777059085576889,3.9862237127112534,7.709537220091894,7.660575904313437,7.8409923227572005
taxi-H8-N192-D4-R0.7,taxi-H8-N192-D4,taxi,8,192,2304,1000000,4,0.7,q16-to-q1-f0.75,two_stage,114,109,2301,2196,118,113,2208,999428,12.18421052631579,12.146788990825687,0.030174809165813884,0.9965441244965821,142,3.7720463615249926,7.777059085576889,3.9862237127112534,7.709537220091894,9.215987721428814,9.38289976677558
taxi-H8-N192-D4-R0.9,taxi-H8-N192-D4,taxi,8,192,2304,1000000,4,0.9,q16-to-q1-f0.75,two_stage,114,109,2301,2196,118,113,2208,999428,12.18421052631579,12.146788990825687,0.030174809165813884,0.9965441244965821,142,3.7720463615249926,7.777059085576889,3.9862237127112534,7.709537220091894,10.771399538544193,10.924807210793958
taxi-H8-N192-D4-R1,taxi-H8-N192-D4,taxi,8,192,2304,1000000,4,1.0,q16-to-q1-f0.75,two_stage,114,109,2301,2196,118,113,2208,999428,12.18421052631579,12.146788990825687,0.030174809165813884,0.9965441244965821,142,3.7720463615249926,7.777059085576889,3.9862237127112534,7.709537220091894,11.549105447101882,11.695760932803147
taxi-H8-N192-D8-R0,taxi-H8-N192-D8,taxi,8,192,2304,1000000,8,0.0,fixed-q1,fixed,256,245,2304,2205,264,253,2208,999424,1.0,1.0,0.030174809165813884,0.9964945415190717,142,9.206839468573717,0.0,9.345793500660314,0.0,9.206839468573717,9.345793500660314
taxi-H8-N192-D8-R0.1,taxi-H8-N192-D8,taxi,8,192,2304,1000000,8,0.1,fixed-q1,fixed,256,245,2304,2205,264,253,2208,999424,1.0,1.0,0.030174809165813884,0.9964945415190717,142,9.206839468573717,0.0,9.345793500660314,0.0,9.206839468573717,9.345793500660314
taxi-H8-N192-D8-R0.3,taxi-H8-N192-D8,taxi,8,192,2304,1000000,8,0.3,fixed-q1,fixed,256,245,2304,2205,264,253,2208,999424,1.0,1.0,0.030174809165813884,0.9964945415190717,142,9.206839468573717,0.0,9.345793500660314,0.0,9.206839468573717,9.345793500660314
taxi-H8-N192-D8-R0.5,taxi-H8-N192-D8,taxi,8,192,2304,1000000,8,0.5,fixed-q1,fixed,256,245,2304,2205,264,253,2208,999424,1.0,1.0,0.030174809165813884,0.9964945415190717,142,9.206839468573717,0.0,9.345793500660314,0.0,9.206839468573717,9.345793500660314
taxi-H8-N192-D8-R0.7,taxi-H8-N192-D8,taxi,8,192,2304,1000000,8,0.7,fixed-q1,fixed,256,245,2304,2205,264,253,2208,999424,1.0,1.0,0.030174809165813884,0.9964945415190717,142,9.206839468573717,0.0,9.345793500660314,0.0,9.206839468573717,9.345793500660314
taxi-H8-N192-D8-R0.9,taxi-H8-N192-D8,taxi,8,192,2304,1000000,8,0.9,fixed-q1,fixed,256,245,2304,2205,264,253,2208,999424,1.0,1.0,0.030174809165813884,0.9964945415190717,142,9.206839468573717,0.0,9.345793500660314,0.0,9.206839468573717,9.345793500660314
taxi-H8-N192-D8-R1,taxi-H8-N192-D8,taxi,8,192,2304,1000000,8,1.0,fixed-q1,fixed,256,245,2304,2205,264,253,2208,999424,1.0,1.0,0.030174809165813884,0.9964945415190717,142,9.206839468573717,0.0,9.345793500660314,0.0,9.206839468573717,9.345793500660314
taxi-H8-N192-D8-R0,taxi-H8-N192-D8,taxi,8,192,2304,1000000,8,0.0,fixed-q4,fixed,192,184,2304,2208,200,192,2208,999424,4.0,4.0,0.030174809165813884,0.9964945415190717,142,3.0832748946000463,7.112142948902272,3.176919057589472,7.161127087217732,3.0832748946000463,3.176919057589472
taxi-H8-N192-D8-R0.1,taxi-H8-N192-D8,taxi,8,192,2304,1000000,8,0.1,fixed-q4,fixed,192,184,2304,2208,200,192,2208,999424,4.0,4.0,0.030174809165813884,0.9964945415190717,142,3.0832748946000463,7.112142948902272,3.176919057589472,7.161127087217732,3.7944891894902737,3.8930317663112453
taxi-H8-N192-D8-R0.3,taxi-H8-N192-D8,taxi,8,192,2304,1000000,8,0.3,fixed-q4,fixed,192,184,2304,2208,200,192,2208,999424,4.0,4.0,0.030174809165813884,0.9964945415190717,142,3.0832748946000463,7.112142948902272,3.176919057589472,7.161127087217732,5.216917779270728,5.3252571837547915
taxi-H8-N192-D8-R0.5,taxi-H8-N192-D8,taxi,8,192,2304,1000000,8,0.5,fixed-q4,fixed,192,184,2304,2208,200,192,2208,999424,4.0,4.0,0.030174809165813884,0.9964945415190717,142,3.0832748946000463,7.112142948902272,3.176919057589472,7.161127087217732,6.639346369051182,6.757482601198339
taxi-H8-N192-D8-R0.7,taxi-H8-N192-D8,taxi,8,192,2304,1000000,8,0.7,fixed-q4,fixed,192,184,2304,2208,200,192,2208,999424,4.0,4.0,0.030174809165813884,0.9964945415190717,142,3.0832748946000463,7.112142948902272,3.176919057589472,7.161127087217732,8.061774958831636,8.189708018641884
taxi-H8-N192-D8-R0.9,taxi-H8-N192-D8,taxi,8,192,2304,1000000,8,0.9,fixed-q4,fixed,192,184,2304,2208,200,192,2208,999424,4.0,4.0,0.030174809165813884,0.9964945415190717,142,3.0832748946000463,7.112142948902272,3.176919057589472,7.161127087217732,9.484203548612092,9.621933436085431
taxi-H8-N192-D8-R1,taxi-H8-N192-D8,taxi,8,192,2304,1000000,8,1.0,fixed-q4,fixed,192,184,2304,2208,200,192,2208,999424,4.0,4.0,0.030174809165813884,0.9964945415190717,142,3.0832748946000463,7.112142948902272,3.176919057589472,7.161127087217732,10.195417843502318,10.338046144807205
taxi-H8-N192-D8-R0,taxi-H8-N192-D8,taxi,8,192,2304,1000000,8,0.0,fixed-q16,fixed,96,92,2304,2208,104,100,2208,999424,16.0,16.0,0.030174809165813884,0.9964945415190717,142,3.8012713505020144,8.903064780413171,4.032639831661845,8.841285791467174,3.8012713505020144,4.032639831661845
taxi-H8-N192-D8-R0.1,taxi-H8-N192-D8,taxi,8,192,2304,1000000,8,0.1,fixed-q16,fixed,96,92,2304,2208,104,100,2208,999424,16.0,16.0,0.030174809165813884,0.9964945415190717,142,3.8012713505020144,8.903064780413171,4.032639831661845,8.841285791467174,4.691577828543331,4.9167684108085625
taxi-H8-N192-D8-R0.3,taxi-H8-N192-D8,taxi,8,192,2304,1000000,8,0.3,fixed-q16,fixed,96,92,2304,2208,104,100,2208,999424,16.0,16.0,0.030174809165813884,0.9964945415190717,142,3.8012713505020144,8.903064780413171,4.032639831661845,8.841285791467174,6.472190784625965,6.685025569101997
taxi-H8-N192-D8-R0.5,taxi-H8-N192-D8,taxi,8,192,2304,1000000,8,0.5,fixed-q16,fixed,96,92,2304,2208,104,100,2208,999424,16.0,16.0,0.030174809165813884,0.9964945415190717,142,3.8012713505020144,8.903064780413171,4.032639831661845,8.841285791467174,8.2528037407086,8.453282727395433
taxi-H8-N192-D8-R0.7,taxi-H8-N192-D8,taxi,8,192,2304,1000000,8,0.7,fixed-q16,fixed,96,92,2304,2208,104,100,2208,999424,16.0,16.0,0.030174809165813884,0.9964945415190717,142,3.8012713505020144,8.903064780413171,4.032639831661845,8.841285791467174,10.033416696791233,10.221539885688866
taxi-H8-N192-D8-R0.9,taxi-H8-N192-D8,taxi,8,192,2304,1000000,8,0.9,fixed-q16,fixed,96,92,2304,2208,104,100,2208,999424,16.0,16.0,0.030174809165813884,0.9964945415190717,142,3.8012713505020144,8.903064780413171,4.032639831661845,8.841285791467174,11.814029652873868,11.989797043982302
taxi-H8-N192-D8-R1,taxi-H8-N192-D8,taxi,8,192,2304,1000000,8,1.0,fixed-q16,fixed,96,92,2304,2208,104,100,2208,999424,16.0,16.0,0.030174809165813884,0.9964945415190717,142,3.8012713505020144,8.903064780413171,4.032639831661845,8.841285791467174,12.704336130915186,12.873925623129018
taxi-H8-N192-D8-R0,taxi-H8-N192-D8,taxi,8,192,2304,1000000,8,0.0,q1-to-q16-f0.25,two_stage,113,108,2292,2187,121,116,2208,999424,12.283185840707965,12.25,0.030174809165813884,0.9964945415190717,142,4.647998734168661,7.395830949200082,4.889786650560867,7.351744112788158,4.647998734168661,4.889786650560867
taxi-H8-N192-D8-R0.1,taxi-H8-N192-D8,taxi,8,192,2304,1000000,8,0.1,q1-to-q16-f0.25,two_stage,113,108,2292,2187,121,116,2208,999424,12.283185840707965,12.25,0.030174809165813884,0.9964945415190717,142,4.647998734168661,7.395830949200082,4.889786650560867,7.351744112788158,5.38758182908867,5.6249610618396835
taxi-H8-N192-D8-R0.3,taxi-H8-N192-D8,taxi,8,192,2304,1000000,8,0.3,q1-to-q16-f0.25,two_stage,113,108,2292,2187,121,116,2208,999424,12.283185840707965,12.25,0.030174809165813884,0.9964945415190717,142,4.647998734168661,7.395830949200082,4.889786650560867,7.351744112788158,6.866748018928686,7.095309884397315
taxi-H8-N192-D8-R0.5,taxi-H8-N192-D8,taxi,8,192,2304,1000000,8,0.5,q1-to-q16-f0.25,two_stage,113,108,2292,2187,121,116,2208,999424,12.283185840707965,12.25,0.030174809165813884,0.9964945415190717,142,4.647998734168661,7.395830949200082,4.889786650560867,7.351744112788158,8.345914208768702,8.565658706954947
taxi-H8-N192-D8-R0.7,taxi-H8-N192-D8,taxi,8,192,2304,1000000,8,0.7,q1-to-q16-f0.25,two_stage,113,108,2292,2187,121,116,2208,999424,12.283185840707965,12.25,0.030174809165813884,0.9964945415190717,142,4.647998734168661,7.395830949200082,4.889786650560867,7.351744112788158,9.82508039860872,10.036007529512577
taxi-H8-N192-D8-R0.9,taxi-H8-N192-D8,taxi,8,192,2304,1000000,8,0.9,q1-to-q16-f0.25,two_stage,113,108,2292,2187,121,116,2208,999424,12.283185840707965,12.25,0.030174809165813884,0.9964945415190717,142,4.647998734168661,7.395830949200082,4.889786650560867,7.351744112788158,11.304246588448734,11.50635635207021
taxi-H8-N192-D8-R1,taxi-H8-N192-D8,taxi,8,192,2304,1000000,8,1.0,q1-to-q16-f0.25,two_stage,113,108,2292,2187,121,116,2208,999424,12.283185840707965,12.25,0.030174809165813884,0.9964945415190717,142,4.647998734168661,7.395830949200082,4.889786650560867,7.351744112788158,12.043829683368743,12.241530763349026
taxi-H8-N192-D8-R0,taxi-H8-N192-D8,taxi,8,192,2304,1000000,8,0.0,q1-to-q16-f0.5,two_stage,139,133,2301,2202,147,141,2208,999424,8.553956834532373,8.556390977443609,0.030174809165813884,0.9964945415190717,142,6.837728895154406,4.44087242928134,7.051352926668127,4.3857257670933345,6.837728895154406,7.051352926668127
taxi-H8-N192-D8-R0.1,taxi-H8-N192-D8,taxi,8,192,2304,1000000,8,0.1,q1-to-q16-f0.5,two_stage,139,133,2301,2202,147,141,2208,999424,8.553956834532373,8.556390977443609,0.030174809165813884,0.9964945415190717,142,6.837728895154406,4.44087242928134,7.051352926668127,4.3857257670933345,7.28181613808254,7.48992550337746
taxi-H8-N192-D8-R0.3,taxi-H8-N192-D8,taxi,8,192,2304,1000000,8,0.3,q1-to-q16-f0.5,two_stage,139,133,2301,2202,147,141,2208,999424,8.553956834532373,8.556390977443609,0.030174809165813884,0.9964945415190717,142,6.837728895154406,4.44087242928134,7.051352926668127,4.3857257670933345,8.169990623938808,8.367070656796127
taxi-H8-N192-D8-R0.5,taxi-H8-N192-D8,taxi,8,192,2304,1000000,8,0.5,q1-to-q16-f0.5,two_stage,139,133,2301,2202,147,141,2208,999424,8.553956834532373,8.556390977443609,0.030174809165813884,0.9964945415190717,142,6.837728895154406,4.44087242928134,7.051352926668127,4.3857257670933345,9.058165109795077,9.244215810214794
taxi-H8-N192-D8-R0.7,taxi-H8-N192-D8,taxi,8,192,2304,1000000,8,0.7,q1-to-q16-f0.5,two_stage,139,133,2301,2202,147,141,2208,999424,8.553956834532373,8.556390977443609,0.030174809165813884,0.9964945415190717,142,6.837728895154406,4.44087242928134,7.051352926668127,4.3857257670933345,9.946339595651343,10.12136096363346
taxi-H8-N192-D8-R0.9,taxi-H8-N192-D8,taxi,8,192,2304,1000000,8,0.9,q1-to-q16-f0.5,two_stage,139,133,2301,2202,147,141,2208,999424,8.553956834532373,8.556390977443609,0.030174809165813884,0.9964945415190717,142,6.837728895154406,4.44087242928134,7.051352926668127,4.3857257670933345,10.834514081507612,10.998506117052127
taxi-H8-N192-D8-R1,taxi-H8-N192-D8,taxi,8,192,2304,1000000,8,1.0,q1-to-q16-f0.5,two_stage,139,133,2301,2202,147,141,2208,999424,8.553956834532373,8.556390977443609,0.030174809165813884,0.9964945415190717,142,6.837728895154406,4.44087242928134,7.051352926668127,4.3857257670933345,11.278601324435746,11.43707869376146
taxi-H8-N192-D8-R0,taxi-H8-N192-D8,taxi,8,192,2304,1000000,8,0.0,q1-to-q16-f0.75,two_stage,180,172,2295,2193,188,180,2208,999424,4.75,4.75,0.030174809165813884,0.9964945415190717,142,9.460890038325669,0.950880188482778,9.632588792719467,0.932127953381725,9.460890038325669,9.632588792719467
taxi-H8-N192-D8-R0.1,taxi-H8-N192-D8,taxi,8,192,2304,1000000,8,0.1,q1-to-q16-f0.75,two_stage,180,172,2295,2193,188,180,2208,999424,4.75,4.75,0.030174809165813884,0.9964945415190717,142,9.460890038325669,0.950880188482778,9.632588792719467,0.932127953381725,9.555978057173947,9.725801588057639
taxi-H8-N192-D8-R0.3,taxi-H8-N192-D8,taxi,8,192,2304,1000000,8,0.3,q1-to-q16-f0.75,two_stage,180,172,2295,2193,188,180,2208,999424,4.75,4.75,0.030174809165813884,0.9964945415190717,142,9.460890038325669,0.950880188482778,9.632588792719467,0.932127953381725,9.746154094870501,9.912227178733986
taxi-H8-N192-D8-R0.5,taxi-H8-N192-D8,taxi,8,192,2304,1000000,8,0.5,q1-to-q16-f0.75,two_stage,180,172,2295,2193,188,180,2208,999424,4.75,4.75,0.030174809165813884,0.9964945415190717,142,9.460890038325669,0.950880188482778,9.632588792719467,0.932127953381725,9.936330132567058,10.098652769410329
taxi-H8-N192-D8-R0.7,taxi-H8-N192-D8,taxi,8,192,2304,1000000,8,0.7,q1-to-q16-f0.75,two_stage,180,172,2295,2193,188,180,2208,999424,4.75,4.75,0.030174809165813884,0.9964945415190717,142,9.460890038325669,0.950880188482778,9.632588792719467,0.932127953381725,10.126506170263614,10.285078360086676
taxi-H8-N192-D8-R0.9,taxi-H8-N192-D8,taxi,8,192,2304,1000000,8,0.9,q1-to-q16-f0.75,two_stage,180,172,2295,2193,188,180,2208,999424,4.75,4.75,0.030174809165813884,0.9964945415190717,142,9.460890038325669,0.950880188482778,9.632588792719467,0.932127953381725,10.316682207960168,10.471503950763019
taxi-H8-N192-D8-R1,taxi-H8-N192-D8,taxi,8,192,2304,1000000,8,1.0,q1-to-q16-f0.75,two_stage,180,172,2295,2193,188,180,2208,999424,4.75,4.75,0.030174809165813884,0.9964945415190717,142,9.460890038325669,0.950880188482778,9.632588792719467,0.932127953381725,10.411770226808446,10.564716746101192
taxi-H8-N192-D8-R0,taxi-H8-N192-D8,taxi,8,192,2304,1000000,8,0.0,q16-to-q1-f0.25,two_stage,181,173,2304,2202,189,181,2208,999424,4.7292817679558015,4.728323699421965,0.030174809165813884,0.9964945415190717,142,9.178658536881644,1.1937848381914848,9.276031476818803,1.2479706791229497,9.178658536881644,9.276031476818803
taxi-H8-N192-D8-R0.1,taxi-H8-N192-D8,taxi,8,192,2304,1000000,8,0.1,q16-to-q1-f0.25,two_stage,181,173,2304,2202,189,181,2208,999424,4.7292817679558015,4.728323699421965,0.030174809165813884,0.9964945415190717,142,9.178658536881644,1.1937848381914848,9.276031476818803,1.2479706791229497,9.298037020700791,9.400828544731098
taxi-H8-N192-D8-R0.3,taxi-H8-N192-D8,taxi,8,192,2304,1000000,8,0.3,q16-to-q1-f0.25,two_stage,181,173,2304,2202,189,181,2208,999424,4.7292817679558015,4.728323699421965,0.030174809165813884,0.9964945415190717,142,9.178658536881644,1.1937848381914848,9.276031476818803,1.2479706791229497,9.536793988339088,9.650422680555687
taxi-H8-N192-D8-R0.5,taxi-H8-N192-D8,taxi,8,192,2304,1000000,8,0.5,q16-to-q1-f0.25,two_stage,181,173,2304,2202,189,181,2208,999424,4.7292817679558015,4.728323699421965,0.030174809165813884,0.9964945415190717,142,9.178658536881644,1.1937848381914848,9.276031476818803,1.2479706791229497,9.775550955977385,9.900016816380278
taxi-H8-N192-D8-R0.7,taxi-H8-N192-D8,taxi,8,192,2304,1000000,8,0.7,q16-to-q1-f0.25,two_stage,181,173,2304,2202,189,181,2208,999424,4.7292817679558015,4.728323699421965,0.030174809165813884,0.9964945415190717,142,9.178658536881644,1.1937848381914848,9.276031476818803,1.2479706791229497,10.014307923615682,10.149610952204867
taxi-H8-N192-D8-R0.9,taxi-H8-N192-D8,taxi,8,192,2304,1000000,8,0.9,q16-to-q1-f0.25,two_stage,181,173,2304,2202,189,181,2208,999424,4.7292817679558015,4.728323699421965,0.030174809165813884,0.9964945415190717,142,9.178658536881644,1.1937848381914848,9.276031476818803,1.2479706791229497,10.25306489125398,10.399205088029458
taxi-H8-N192-D8-R1,taxi-H8-N192-D8,taxi,8,192,2304,1000000,8,1.0,q16-to-q1-f0.25,two_stage,181,173,2304,2202,189,181,2208,999424,4.7292817679558015,4.728323699421965,0.030174809165813884,0.9964945415190717,142,9.178658536881644,1.1937848381914848,9.276031476818803,1.2479706791229497,10.372443375073129,10.524002155941753
taxi-H8-N192-D8-R0,taxi-H8-N192-D8,taxi,8,192,2304,1000000,8,0.0,q16-to-q1-f0.5,two_stage,139,133,2286,2187,147,141,2208,999424,8.446043165467627,8.443609022556391,0.030174809165813884,0.9964945415190717,142,6.580323381021729,4.698277943414016,6.683524986459754,4.753553707301711,6.580323381021729,6.683524986459754
taxi-H8-N192-D8-R0.1,taxi-H8-N192-D8,taxi,8,192,2304,1000000,8,0.1,q16-to-q1-f0.5,two_stage,139,133,2286,2187,147,141,2208,999424,8.446043165467627,8.443609022556391,0.030174809165813884,0.9964945415190717,142,6.580323381021729,4.698277943414016,6.683524986459754,4.753553707301711,7.050151175363131,7.1588803571899255
taxi-H8-N192-D8-R0.3,taxi-H8-N192-D8,taxi,8,192,2304,1000000,8,0.3,q16-to-q1-f0.5,two_stage,139,133,2286,2187,147,141,2208,999424,8.446043165467627,8.443609022556391,0.030174809165813884,0.9964945415190717,142,6.580323381021729,4.698277943414016,6.683524986459754,4.753553707301711,7.989806764045934,8.109591098650267
taxi-H8-N192-D8-R0.5,taxi-H8-N192-D8,taxi,8,192,2304,1000000,8,0.5,q16-to-q1-f0.5,two_stage,139,133,2286,2187,147,141,2208,999424,8.446043165467627,8.443609022556391,0.030174809165813884,0.9964945415190717,142,6.580323381021729,4.698277943414016,6.683524986459754,4.753553707301711,8.929462352728738,9.06030184011061
taxi-H8-N192-D8-R0.7,taxi-H8-N192-D8,taxi,8,192,2304,1000000,8,0.7,q16-to-q1-f0.5,two_stage,139,133,2286,2187,147,141,2208,999424,8.446043165467627,8.443609022556391,0.030174809165813884,0.9964945415190717,142,6.580323381021729,4.698277943414016,6.683524986459754,4.753553707301711,9.86911794141154,10.011012581570952
taxi-H8-N192-D8-R0.9,taxi-H8-N192-D8,taxi,8,192,2304,1000000,8,0.9,q16-to-q1-f0.5,two_stage,139,133,2286,2187,147,141,2208,999424,8.446043165467627,8.443609022556391,0.030174809165813884,0.9964945415190717,142,6.580323381021729,4.698277943414016,6.683524986459754,4.753553707301711,10.808773530094344,10.961723323031293
taxi-H8-N192-D8-R1,taxi-H8-N192-D8,taxi,8,192,2304,1000000,8,1.0,q16-to-q1-f0.5,two_stage,139,133,2286,2187,147,141,2208,999424,8.446043165467627,8.443609022556391,0.030174809165813884,0.9964945415190717,142,6.580323381021729,4.698277943414016,6.683524986459754,4.753553707301711,11.278601324435744,11.437078693761464
taxi-H8-N192-D8-R0,taxi-H8-N192-D8,taxi,8,192,2304,1000000,8,0.0,q16-to-q1-f0.75,two_stage,114,109,2301,2196,122,117,2208,999424,12.18421052631579,12.146788990825687,0.030174809165813884,0.9964945415190717,142,3.7203796685997785,8.31316452840532,3.9286023722738483,8.253822939637898,3.7203796685997785,3.9286023722738483
taxi-H8-N192-D8-R0.1,taxi-H8-N192-D8,taxi,8,192,2304,1000000,8,0.1,q16-to-q1-f0.75,two_stage,114,109,2301,2196,122,117,2208,999424,12.18421052631579,12.146788990825687,0.030174809165813884,0.9964945415190717,142,3.7203796685997785,8.31316452840532,3.9286023722738483,8.253822939637898,4.551696121440311,4.753984666237638
taxi-H8-N192-D8-R0.3,taxi-H8-N192-D8,taxi,8,192,2304,1000000,8,0.3,q16-to-q1-f0.75,two_stage,114,109,2301,2196,122,117,2208,999424,12.18421052631579,12.146788990825687,0.030174809165813884,0.9964945415190717,142,3.7203796685997785,8.31316452840532,3.9286023722738483,8.253822939637898,6.214329027121375,6.404749254165218
taxi-H8-N192-D8-R0.5,taxi-H8-N192-D8,taxi,8,192,2304,1000000,8,0.5,q16-to-q1-f0.75,two_stage,114,109,2301,2196,122,117,2208,999424,12.18421052631579,12.146788990825687,0.030174809165813884,0.9964945415190717,142,3.7203796685997785,8.31316452840532,3.9286023722738483,8.253822939637898,7.8769619328024385,8.055513842092797
taxi-H8-N192-D8-R0.7,taxi-H8-N192-D8,taxi,8,192,2304,1000000,8,0.7,q16-to-q1-f0.75,two_stage,114,109,2301,2196,122,117,2208,999424,12.18421052631579,12.146788990825687,0.030174809165813884,0.9964945415190717,142,3.7203796685997785,8.31316452840532,3.9286023722738483,8.253822939637898,9.539594838483502,9.706278430020376
taxi-H8-N192-D8-R0.9,taxi-H8-N192-D8,taxi,8,192,2304,1000000,8,0.9,q16-to-q1-f0.75,two_stage,114,109,2301,2196,122,117,2208,999424,12.18421052631579,12.146788990825687,0.030174809165813884,0.9964945415190717,142,3.7203796685997785,8.31316452840532,3.9286023722738483,8.253822939637898,11.202227744164567,11.357043017947957
taxi-H8-N192-D8-R1,taxi-H8-N192-D8,taxi,8,192,2304,1000000,8,1.0,q16-to-q1-f0.75,two_stage,114,109,2301,2196,122,117,2208,999424,12.18421052631579,12.146788990825687,0.030174809165813884,0.9964945415190717,142,3.7203796685997785,8.31316452840532,3.9286023722738483,8.253822939637898,12.0335441970051,12.182425311911746
taxi-H32-N96-D0-R0,taxi-H32-N96-D0,taxi,32,96,3456,1000000,0,0.0,fixed-q1,fixed,104,98,3432,3234,104,98,3264,999432,1.0,1.0,0.030174809165813884,0.996591649725921,142,11.507816881668111,0.0,11.73022276227603,0.0,11.507816881668111,11.73022276227603
taxi-H32-N96-D0-R0.1,taxi-H32-N96-D0,taxi,32,96,3456,1000000,0,0.1,fixed-q1,fixed,104,98,3432,3234,104,98,3264,999432,1.0,1.0,0.030174809165813884,0.996591649725921,142,11.507816881668111,0.0,11.73022276227603,0.0,11.507816881668111,11.73022276227603
taxi-H32-N96-D0-R0.3,taxi-H32-N96-D0,taxi,32,96,3456,1000000,0,0.3,fixed-q1,fixed,104,98,3432,3234,104,98,3264,999432,1.0,1.0,0.030174809165813884,0.996591649725921,142,11.507816881668111,0.0,11.73022276227603,0.0,11.507816881668111,11.73022276227603
taxi-H32-N96-D0-R0.5,taxi-H32-N96-D0,taxi,32,96,3456,1000000,0,0.5,fixed-q1,fixed,104,98,3432,3234,104,98,3264,999432,1.0,1.0,0.030174809165813884,0.996591649725921,142,11.507816881668111,0.0,11.73022276227603,0.0,11.507816881668111,11.73022276227603
taxi-H32-N96-D0-R0.7,taxi-H32-N96-D0,taxi,32,96,3456,1000000,0,0.7,fixed-q1,fixed,104,98,3432,3234,104,98,3264,999432,1.0,1.0,0.030174809165813884,0.996591649725921,142,11.507816881668111,0.0,11.73022276227603,0.0,11.507816881668111,11.73022276227603
taxi-H32-N96-D0-R0.9,taxi-H32-N96-D0,taxi,32,96,3456,1000000,0,0.9,fixed-q1,fixed,104,98,3432,3234,104,98,3264,999432,1.0,1.0,0.030174809165813884,0.996591649725921,142,11.507816881668111,0.0,11.73022276227603,0.0,11.507816881668111,11.73022276227603
taxi-H32-N96-D0-R1,taxi-H32-N96-D0,taxi,32,96,3456,1000000,0,1.0,fixed-q1,fixed,104,98,3432,3234,104,98,3264,999432,1.0,1.0,0.030174809165813884,0.996591649725921,142,11.507816881668111,0.0,11.73022276227603,0.0,11.507816881668111,11.73022276227603
taxi-H32-N96-D0-R0,taxi-H32-N96-D0,taxi,32,96,3456,1000000,0,0.0,fixed-q4,fixed,96,90,3456,3240,96,90,3264,999432,4.0,4.0,0.030174809165813884,0.996591649725921,142,5.639475871343904,6.168596578841922,5.977788097736747,6.0758510429122286,5.639475871343904,5.977788097736747
taxi-H32-N96-D0-R0.1,taxi-H32-N96-D0,taxi,32,96,3456,1000000,0,0.1,fixed-q4,fixed,96,90,3456,3240,96,90,3264,999432,4.0,4.0,0.030174809165813884,0.996591649725921,142,5.639475871343904,6.168596578841922,5.977788097736747,6.0758510429122286,6.256335529228096,6.58537320202797
taxi-H32-N96-D0-R0.3,taxi-H32-N96-D0,taxi,32,96,3456,1000000,0,0.3,fixed-q4,fixed,96,90,3456,3240,96,90,3264,999432,4.0,4.0,0.030174809165813884,0.996591649725921,142,5.639475871343904,6.168596578841922,5.977788097736747,6.0758510429122286,7.4900548449964806,7.800543410610415
taxi-H32-N96-D0-R0.5,taxi-H32-N96-D0,taxi,32,96,3456,1000000,0,0.5,fixed-q4,fixed,96,90,3456,3240,96,90,3264,999432,4.0,4.0,0.030174809165813884,0.996591649725921,142,5.639475871343904,6.168596578841922,5.977788097736747,6.0758510429122286,8.723774160764865,9.015713619192862
taxi-H32-N96-D0-R0.7,taxi-H32-N96-D0,taxi,32,96,3456,1000000,0,0.7,fixed-q4,fixed,96,90,3456,3240,96,90,3264,999432,4.0,4.0,0.030174809165813884,0.996591649725921,142,5.639475871343904,6.168596578841922,5.977788097736747,6.0758510429122286,9.957493476533248,10.230883827775306
taxi-H32-N96-D0-R0.9,taxi-H32-N96-D0,taxi,32,96,3456,1000000,0,0.9,fixed-q4,fixed,96,90,3456,3240,96,90,3264,999432,4.0,4.0,0.030174809165813884,0.996591649725921,142,5.639475871343904,6.168596578841922,5.977788097736747,6.0758510429122286,11.191212792301634,11.446054036357753
taxi-H32-N96-D0-R1,taxi-H32-N96-D0,taxi,32,96,3456,1000000,0,1.0,fixed-q4,fixed,96,90,3456,3240,96,90,3264,999432,4.0,4.0,0.030174809165813884,0.996591649725921,142,5.639475871343904,6.168596578841922,5.977788097736747,6.0758510429122286,11.808072450185826,12.053639140648976
taxi-H32-N96-D0-R0,taxi-H32-N96-D0,taxi,32,96,3456,1000000,0,0.0,fixed-q16,fixed,72,68,3456,3264,72,68,3264,999432,16.0,16.0,0.030174809165813884,0.996591649725921,142,5.8004209188787055,7.115628251620756,6.160681037992534,6.976270717499191,5.8004209188787055,6.160681037992534
taxi-H32-N96-D0-R0.1,taxi-H32-N96-D0,taxi,32,96,3456,1000000,0,0.1,fixed-q16,fixed,72,68,3456,3264,72,68,3264,999432,16.0,16.0,0.030174809165813884,0.996591649725921,142,5.8004209188787055,7.115628251620756,6.160681037992534,6.976270717499191,6.511983744040781,6.8583081097424525
taxi-H32-N96-D0-R0.3,taxi-H32-N96-D0,taxi,32,96,3456,1000000,0,0.3,fixed-q16,fixed,72,68,3456,3264,72,68,3264,999432,16.0,16.0,0.030174809165813884,0.996591649725921,142,5.8004209188787055,7.115628251620756,6.160681037992534,6.976270717499191,7.9351093943649325,8.253562253242292
taxi-H32-N96-D0-R0.5,taxi-H32-N96-D0,taxi,32,96,3456,1000000,0,0.5,fixed-q16,fixed,72,68,3456,3264,72,68,3264,999432,16.0,16.0,0.030174809165813884,0.996591649725921,142,5.8004209188787055,7.115628251620756,6.160681037992534,6.976270717499191,9.358235044689083,9.648816396742129
taxi-H32-N96-D0-R0.7,taxi-H32-N96-D0,taxi,32,96,3456,1000000,0,0.7,fixed-q16,fixed,72,68,3456,3264,72,68,3264,999432,16.0,16.0,0.030174809165813884,0.996591649725921,142,5.8004209188787055,7.115628251620756,6.160681037992534,6.976270717499191,10.781360695013234,11.044070540241968
taxi-H32-N96-D0-R0.9,taxi-H32-N96-D0,taxi,32,96,3456,1000000,0,0.9,fixed-q16,fixed,72,68,3456,3264,72,68,3264,999432,16.0,16.0,0.030174809165813884,0.996591649725921,142,5.8004209188787055,7.115628251620756,6.160681037992534,6.976270717499191,12.204486345337386,12.439324683741805
taxi-H32-N96-D0-R1,taxi-H32-N96-D0,taxi,32,96,3456,1000000,0,1.0,fixed-q16,fixed,72,68,3456,3264,72,68,3264,999432,16.0,16.0,0.030174809165813884,0.996591649725921,142,5.8004209188787055,7.115628251620756,6.160681037992534,6.976270717499191,12.916049170499463,13.136951755491726
taxi-H32-N96-D0-R0,taxi-H32-N96-D0,taxi,32,96,3456,1000000,0,0.0,q1-to-q16-f0.25,two_stage,77,73,3411,3234,77,73,3264,999432,12.2987012987013,12.301369863013699,0.030174809165813884,0.996591649725921,142,7.051947214696197,5.5903797636831944,7.3780902212783905,5.471728778370946,7.051947214696197,7.3780902212783905
taxi-H32-N96-D0-R0.1,taxi-H32-N96-D0,taxi,32,96,3456,1000000,0,0.1,q1-to-q16-f0.25,two_stage,77,73,3411,3234,77,73,3264,999432,12.2987012987013,12.301369863013699,0.030174809165813884,0.996591649725921,142,7.051947214696197,5.5903797636831944,7.3780902212783905,5.471728778370946,7.6109851910645165,7.925263099115485
taxi-H32-N96-D0-R0.3,taxi-H32-N96-D0,taxi,32,96,3456,1000000,0,0.3,q1-to-q16-f0.25,two_stage,77,73,3411,3234,77,73,3264,999432,12.2987012987013,12.301369863013699,0.030174809165813884,0.996591649725921,142,7.051947214696197,5.5903797636831944,7.3780902212783905,5.471728778370946,8.729061143801156,9.019608854789674
taxi-H32-N96-D0-R0.5,taxi-H32-N96-D0,taxi,32,96,3456,1000000,0,0.5,q1-to-q16-f0.25,two_stage,77,73,3411,3234,77,73,3264,999432,12.2987012987013,12.301369863013699,0.030174809165813884,0.996591649725921,142,7.051947214696197,5.5903797636831944,7.3780902212783905,5.471728778370946,9.847137096537795,10.113954610463864
taxi-H32-N96-D0-R0.7,taxi-H32-N96-D0,taxi,32,96,3456,1000000,0,0.7,q1-to-q16-f0.25,two_stage,77,73,3411,3234,77,73,3264,999432,12.2987012987013,12.301369863013699,0.030174809165813884,0.996591649725921,142,7.051947214696197,5.5903797636831944,7.3780902212783905,5.471728778370946,10.965213049274432,11.208300366138053
taxi-H32-N96-D0-R0.9,taxi-H32-N96-D0,taxi,32,96,3456,1000000,0,0.9,q1-to-q16-f0.25,two_stage,77,73,3411,3234,77,73,3264,999432,12.2987012987013,12.301369863013699,0.030174809165813884,0.996591649725921,142,7.051947214696197,5.5903797636831944,7.3780902212783905,5.471728778370946,12.083289002011071,12.302646121812241
taxi-H32-N96-D0-R1,taxi-H32-N96-D0,taxi,32,96,3456,1000000,0,1.0,q1-to-q16-f0.25,two_stage,77,73,3411,3234,77,73,3264,999432,12.2987012987013,12.301369863013699,0.030174809165813884,0.996591649725921,142,7.051947214696197,5.5903797636831944,7.3780902212783905,5.471728778370946,12.64232697837939,12.849818999649337
taxi-H32-N96-D0-R0,taxi-H32-N96-D0,taxi,32,96,3456,1000000,0,0.0,q1-to-q16-f0.5,two_stage,85,80,3450,3240,85,80,3264,999432,8.588235294117647,8.5,0.030174809165813884,0.996591649725921,142,9.181798132252732,3.0771680708552656,9.546801854362371,2.9605513387231124,9.181798132252732,9.546801854362371
taxi-H32-N96-D0-R0.1,taxi-H32-N96-D0,taxi,32,96,3456,1000000,0,0.1,q1-to-q16-f0.5,two_stage,85,80,3450,3240,85,80,3264,999432,8.588235294117647,8.5,0.030174809165813884,0.996591649725921,142,9.181798132252732,3.0771680708552656,9.546801854362371,2.9605513387231124,9.489514939338259,9.842856988234683
taxi-H32-N96-D0-R0.3,taxi-H32-N96-D0,taxi,32,96,3456,1000000,0,0.3,q1-to-q16-f0.5,two_stage,85,80,3450,3240,85,80,3264,999432,8.588235294117647,8.5,0.030174809165813884,0.996591649725921,142,9.181798132252732,3.0771680708552656,9.546801854362371,2.9605513387231124,10.104948553509312,10.434967255979306
taxi-H32-N96-D0-R0.5,taxi-H32-N96-D0,taxi,32,96,3456,1000000,0,0.5,q1-to-q16-f0.5,two_stage,85,80,3450,3240,85,80,3264,999432,8.588235294117647,8.5,0.030174809165813884,0.996591649725921,142,9.181798132252732,3.0771680708552656,9.546801854362371,2.9605513387231124,10.720382167680365,11.027077523723928
taxi-H32-N96-D0-R0.7,taxi-H32-N96-D0,taxi,32,96,3456,1000000,0,0.7,q1-to-q16-f0.5,two_stage,85,80,3450,3240,85,80,3264,999432,8.588235294117647,8.5,0.030174809165813884,0.996591649725921,142,9.181798132252732,3.0771680708552656,9.546801854362371,2.9605513387231124,11.335815781851418,11.61918779146855
taxi-H32-N96-D0-R0.9,taxi-H32-N96-D0,taxi,32,96,3456,1000000,0,0.9,q1-to-q16-f0.5,two_stage,85,80,3450,3240,85,80,3264,999432,8.588235294117647,8.5,0.030174809165813884,0.996591649725921,142,9.181798132252732,3.0771680708552656,9.546801854362371,2.9605513387231124,11.95124939602247,12.211298059213172
taxi-H32-N96-D0-R1,taxi-H32-N96-D0,taxi,32,96,3456,1000000,0,1.0,q1-to-q16-f0.5,two_stage,85,80,3450,3240,85,80,3264,999432,8.588235294117647,8.5,0.030174809165813884,0.996591649725921,142,9.181798132252732,3.0771680708552656,9.546801854362371,2.9605513387231124,12.258966203107997,12.507353193085484
taxi-H32-N96-D0-R0,taxi-H32-N96-D0,taxi,32,96,3456,1000000,0,0.0,q1-to-q16-f0.75,two_stage,93,88,3429,3234,93,88,3264,999432,4.870967741935484,4.75,0.030174809165813884,0.996591649725921,142,11.338348174000751,0.5753868103840591,11.61812825459952,0.5216029062644482,11.338348174000751,11.61812825459952
taxi-H32-N96-D0-R0.1,taxi-H32-N96-D0,taxi,32,96,3456,1000000,0,0.1,q1-to-q16-f0.75,two_stage,93,88,3429,3234,93,88,3264,999432,4.870967741935484,4.75,0.030174809165813884,0.996591649725921,142,11.338348174000751,0.5753868103840591,11.61812825459952,0.5216029062644482,11.395886855039157,11.670288545225965
taxi-H32-N96-D0-R0.3,taxi-H32-N96-D0,taxi,32,96,3456,1000000,0,0.3,q1-to-q16-f0.75,two_stage,93,88,3429,3234,93,88,3264,999432,4.870967741935484,4.75,0.030174809165813884,0.996591649725921,142,11.338348174000751,0.5753868103840591,11.61812825459952,0.5216029062644482,11.51096421711597,11.774609126478856
taxi-H32-N96-D0-R0.5,taxi-H32-N96-D0,taxi,32,96,3456,1000000,0,0.5,q1-to-q16-f0.75,two_stage,93,88,3429,3234,93,88,3264,999432,4.870967741935484,4.75,0.030174809165813884,0.996591649725921,142,11.338348174000751,0.5753868103840591,11.61812825459952,0.5216029062644482,11.626041579192782,11.878929707731745
taxi-H32-N96-D0-R0.7,taxi-H32-N96-D0,taxi,32,96,3456,1000000,0,0.7,q1-to-q16-f0.75,two_stage,93,88,3429,3234,93,88,3264,999432,4.870967741935484,4.75,0.030174809165813884,0.996591649725921,142,11.338348174000751,0.5753868103840591,11.61812825459952,0.5216029062644482,11.741118941269592,11.983250288984634
taxi-H32-N96-D0-R0.9,taxi-H32-N96-D0,taxi,32,96,3456,1000000,0,0.9,q1-to-q16-f0.75,two_stage,93,88,3429,3234,93,88,3264,999432,4.870967741935484,4.75,0.030174809165813884,0.996591649725921,142,11.338348174000751,0.5753868103840591,11.61812825459952,0.5216029062644482,11.856196303346405,12.087570870237524
taxi-H32-N96-D0-R1,taxi-H32-N96-D0,taxi,32,96,3456,1000000,0,1.0,q1-to-q16-f0.75,two_stage,93,88,3429,3234,93,88,3264,999432,4.870967741935484,4.75,0.030174809165813884,0.996591649725921,142,11.338348174000751,0.5753868103840591,11.61812825459952,0.5216029062644482,11.91373498438481,12.139731160863969
taxi-H32-N96-D0-R0,taxi-H32-N96-D0,taxi,32,96,3456,1000000,0,0.0,q16-to-q1-f0.25,two_stage,94,88,3447,3234,94,88,3264,999432,4.670212765957447,4.75,0.030174809165813884,0.996591649725921,142,10.304189529046612,1.5836907818759782,10.493108066073358,1.6466230947906093,10.304189529046612,10.493108066073358
taxi-H32-N96-D0-R0.1,taxi-H32-N96-D0,taxi,32,96,3456,1000000,0,0.1,q16-to-q1-f0.25,two_stage,94,88,3447,3234,94,88,3264,999432,4.670212765957447,4.75,0.030174809165813884,0.996591649725921,142,10.304189529046612,1.5836907818759782,10.493108066073358,1.6466230947906093,10.46255860723421,10.657770375552419
taxi-H32-N96-D0-R0.3,taxi-H32-N96-D0,taxi,32,96,3456,1000000,0,0.3,q16-to-q1-f0.25,two_stage,94,88,3447,3234,94,88,3264,999432,4.670212765957447,4.75,0.030174809165813884,0.996591649725921,142,10.304189529046612,1.5836907818759782,10.493108066073358,1.6466230947906093,10.779296763609405,10.98709499451054
taxi-H32-N96-D0-R0.5,taxi-H32-N96-D0,taxi,32,96,3456,1000000,0,0.5,q16-to-q1-f0.25,two_stage,94,88,3447,3234,94,88,3264,999432,4.670212765957447,4.75,0.030174809165813884,0.996591649725921,142,10.304189529046612,1.5836907818759782,10.493108066073358,1.6466230947906093,11.096034919984602,11.316419613468662
taxi-H32-N96-D0-R0.7,taxi-H32-N96-D0,taxi,32,96,3456,1000000,0,0.7,q16-to-q1-f0.25,two_stage,94,88,3447,3234,94,88,3264,999432,4.670212765957447,4.75,0.030174809165813884,0.996591649725921,142,10.304189529046612,1.5836907818759782,10.493108066073358,1.6466230947906093,11.412773076359796,11.645744232426784
taxi-H32-N96-D0-R0.9,taxi-H32-N96-D0,taxi,32,96,3456,1000000,0,0.9,q16-to-q1-f0.25,two_stage,94,88,3447,3234,94,88,3264,999432,4.670212765957447,4.75,0.030174809165813884,0.996591649725921,142,10.304189529046612,1.5836907818759782,10.493108066073358,1.6466230947906093,11.729511232734993,11.975068851384906
taxi-H32-N96-D0-R1,taxi-H32-N96-D0,taxi,32,96,3456,1000000,0,1.0,q16-to-q1-f0.25,two_stage,94,88,3447,3234,94,88,3264,999432,4.670212765957447,4.75,0.030174809165813884,0.996591649725921,142,10.304189529046612,1.5836907818759782,10.493108066073358,1.6466230947906093,11.88788031092259,12.139731160863967
taxi-H32-N96-D0-R0,taxi-H32-N96-D0,taxi,32,96,3456,1000000,0,0.0,q16-to-q1-f0.5,two_stage,85,80,3435,3240,85,80,3264,999432,8.411764705882353,8.5,0.030174809165813884,0.996591649725921,142,7.869134437047062,4.3898317660609365,8.09257236819803,4.414780824887453,7.869134437047062,8.09257236819803
taxi-H32-N96-D0-R0.1,taxi-H32-N96-D0,taxi,32,96,3456,1000000,0,0.1,q16-to-q1-f0.5,two_stage,85,80,3435,3240,85,80,3264,999432,8.411764705882353,8.5,0.030174809165813884,0.996591649725921,142,7.869134437047062,4.3898317660609365,8.09257236819803,4.414780824887453,8.308117613653156,8.534050450686776
taxi-H32-N96-D0-R0.3,taxi-H32-N96-D0,taxi,32,96,3456,1000000,0,0.3,q16-to-q1-f0.5,two_stage,85,80,3435,3240,85,80,3264,999432,8.411764705882353,8.5,0.030174809165813884,0.996591649725921,142,7.869134437047062,4.3898317660609365,8.09257236819803,4.414780824887453,9.186083966865343,9.417006615664267
taxi-H32-N96-D0-R0.5,taxi-H32-N96-D0,taxi,32,96,3456,1000000,0,0.5,q16-to-q1-f0.5,two_stage,85,80,3435,3240,85,80,3264,999432,8.411764705882353,8.5,0.030174809165813884,0.996591649725921,142,7.869134437047062,4.3898317660609365,8.09257236819803,4.414780824887453,10.06405032007753,10.299962780641756
taxi-H32-N96-D0-R0.7,taxi-H32-N96-D0,taxi,32,96,3456,1000000,0,0.7,q16-to-q1-f0.5,two_stage,85,80,3435,3240,85,80,3264,999432,8.411764705882353,8.5,0.030174809165813884,0.996591649725921,142,7.869134437047062,4.3898317660609365,8.09257236819803,4.414780824887453,10.942016673289718,11.182918945619248
taxi-H32-N96-D0-R0.9,taxi-H32-N96-D0,taxi,32,96,3456,1000000,0,0.9,q16-to-q1-f0.5,two_stage,85,80,3435,3240,85,80,3264,999432,8.411764705882353,8.5,0.030174809165813884,0.996591649725921,142,7.869134437047062,4.3898317660609365,8.09257236819803,4.414780824887453,11.819983026501905,12.065875110596739
taxi-H32-N96-D0-R1,taxi-H32-N96-D0,taxi,32,96,3456,1000000,0,1.0,q16-to-q1-f0.5,two_stage,85,80,3435,3240,85,80,3264,999432,8.411764705882353,8.5,0.030174809165813884,0.996591649725921,142,7.869134437047062,4.3898317660609365,8.09257236819803,4.414780824887453,12.258966203107999,12.507353193085484
taxi-H32-N96-D0-R0,taxi-H32-N96-D0,taxi,32,96,3456,1000000,0,0.0,q16-to-q1-f0.75,two_stage,78,73,3444,3219,78,73,3264,999432,12.153846153846153,12.095890410958905,0.030174809165813884,0.996591649725921,142,5.8076282203251175,6.797872082400264,6.228702552181351,6.62111644746798,5.8076282203251175,6.228702552181351
taxi-H32-N96-D0-R0.1,taxi-H32-N96-D0,taxi,32,96,3456,1000000,0,0.1,q16-to-q1-f0.75,two_stage,78,73,3444,3219,78,73,3264,999432,12.153846153846153,12.095890410958905,0.030174809165813884,0.996591649725921,142,5.8076282203251175,6.797872082400264,6.228702552181351,6.62111644746798,6.487415428565144,6.890814196928149
taxi-H32-N96-D0-R0.3,taxi-H32-N96-D0,taxi,32,96,3456,1000000,0,0.3,q16-to-q1-f0.75,two_stage,78,73,3444,3219,78,73,3264,999432,12.153846153846153,12.095890410958905,0.030174809165813884,0.996591649725921,142,5.8076282203251175,6.797872082400264,6.228702552181351,6.62111644746798,7.846989845045197,8.215037486421744
taxi-H32-N96-D0-R0.5,taxi-H32-N96-D0,taxi,32,96,3456,1000000,0,0.5,q16-to-q1-f0.75,two_stage,78,73,3444,3219,78,73,3264,999432,12.153846153846153,12.095890410958905,0.030174809165813884,0.996591649725921,142,5.8076282203251175,6.797872082400264,6.228702552181351,6.62111644746798,9.20656426152525,9.539260775915341
taxi-H32-N96-D0-R0.7,taxi-H32-N96-D0,taxi,32,96,3456,1000000,0,0.7,q16-to-q1-f0.75,two_stage,78,73,3444,3219,78,73,3264,999432,12.153846153846153,12.095890410958905,0.030174809165813884,0.996591649725921,142,5.8076282203251175,6.797872082400264,6.228702552181351,6.62111644746798,10.566138678005302,10.863484065408937
taxi-H32-N96-D0-R0.9,taxi-H32-N96-D0,taxi,32,96,3456,1000000,0,0.9,q16-to-q1-f0.75,two_stage,78,73,3444,3219,78,73,3264,999432,12.153846153846153,12.095890410958905,0.030174809165813884,0.996591649725921,142,5.8076282203251175,6.797872082400264,6.228702552181351,6.62111644746798,11.925713094485356,12.187707354902532
taxi-H32-N96-D0-R1,taxi-H32-N96-D0,taxi,32,96,3456,1000000,0,1.0,q16-to-q1-f0.75,two_stage,78,73,3444,3219,78,73,3264,999432,12.153846153846153,12.095890410958905,0.030174809165813884,0.996591649725921,142,5.8076282203251175,6.797872082400264,6.228702552181351,6.62111644746798,12.605500302725382,12.84981899964933
taxi-H32-N96-D4-R0,taxi-H32-N96-D4,taxi,32,96,3456,1000000,4,0.0,fixed-q1,fixed,104,98,3432,3234,108,102,3264,999428,1.0,1.0,0.030174809165813884,0.9965441244965821,142,11.890837141367717,0.0,12.116379870924073,0.0,11.890837141367717,12.116379870924073
taxi-H32-N96-D4-R0.1,taxi-H32-N96-D4,taxi,32,96,3456,1000000,4,0.1,fixed-q1,fixed,104,98,3432,3234,108,102,3264,999428,1.0,1.0,0.030174809165813884,0.9965441244965821,142,11.890837141367717,0.0,12.116379870924073,0.0,11.890837141367717,12.116379870924073
taxi-H32-N96-D4-R0.3,taxi-H32-N96-D4,taxi,32,96,3456,1000000,4,0.3,fixed-q1,fixed,104,98,3432,3234,108,102,3264,999428,1.0,1.0,0.030174809165813884,0.9965441244965821,142,11.890837141367717,0.0,12.116379870924073,0.0,11.890837141367717,12.116379870924073
taxi-H32-N96-D4-R0.5,taxi-H32-N96-D4,taxi,32,96,3456,1000000,4,0.5,fixed-q1,fixed,104,98,3432,3234,108,102,3264,999428,1.0,1.0,0.030174809165813884,0.9965441244965821,142,11.890837141367717,0.0,12.116379870924073,0.0,11.890837141367717,12.116379870924073
taxi-H32-N96-D4-R0.7,taxi-H32-N96-D4,taxi,32,96,3456,1000000,4,0.7,fixed-q1,fixed,104,98,3432,3234,108,102,3264,999428,1.0,1.0,0.030174809165813884,0.9965441244965821,142,11.890837141367717,0.0,12.116379870924073,0.0,11.890837141367717,12.116379870924073
taxi-H32-N96-D4-R0.9,taxi-H32-N96-D4,taxi,32,96,3456,1000000,4,0.9,fixed-q1,fixed,104,98,3432,3234,108,102,3264,999428,1.0,1.0,0.030174809165813884,0.9965441244965821,142,11.890837141367717,0.0,12.116379870924073,0.0,11.890837141367717,12.116379870924073
taxi-H32-N96-D4-R1,taxi-H32-N96-D4,taxi,32,96,3456,1000000,4,1.0,fixed-q1,fixed,104,98,3432,3234,108,102,3264,999428,1.0,1.0,0.030174809165813884,0.9965441244965821,142,11.890837141367717,0.0,12.116379870924073,0.0,11.890837141367717,12.116379870924073
taxi-H32-N96-D4-R0,taxi-H32-N96-D4,taxi,32,96,3456,1000000,4,0.0,fixed-q4,fixed,96,90,3456,3240,100,94,3264,999428,4.0,4.0,0.030174809165813884,0.9965441244965821,142,5.587079744081652,6.608205420590191,5.921513718141662,6.522507248881383,5.587079744081652,5.921513718141662
taxi-H32-N96-D4-R0.1,taxi-H32-N96-D4,taxi,32,96,3456,1000000,4,0.1,fixed-q4,fixed,96,90,3456,3240,100,94,3264,999428,4.0,4.0,0.030174809165813884,0.9965441244965821,142,5.587079744081652,6.608205420590191,5.921513718141662,6.522507248881383,6.247900286140672,6.5737644430298
taxi-H32-N96-D4-R0.3,taxi-H32-N96-D4,taxi,32,96,3456,1000000,4,0.3,fixed-q4,fixed,96,90,3456,3240,100,94,3264,999428,4.0,4.0,0.030174809165813884,0.9965441244965821,142,5.587079744081652,6.608205420590191,5.921513718141662,6.522507248881383,7.56954137025871,7.878265892806077
taxi-H32-N96-D4-R0.5,taxi-H32-N96-D4,taxi,32,96,3456,1000000,4,0.5,fixed-q4,fixed,96,90,3456,3240,100,94,3264,999428,4.0,4.0,0.030174809165813884,0.9965441244965821,142,5.587079744081652,6.608205420590191,5.921513718141662,6.522507248881383,8.891182454376748,9.182767342582354
taxi-H32-N96-D4-R0.7,taxi-H32-N96-D4,taxi,32,96,3456,1000000,4,0.7,fixed-q4,fixed,96,90,3456,3240,100,94,3264,999428,4.0,4.0,0.030174809165813884,0.9965441244965821,142,5.587079744081652,6.608205420590191,5.921513718141662,6.522507248881383,10.212823538494785,10.48726879235863
taxi-H32-N96-D4-R0.9,taxi-H32-N96-D4,taxi,32,96,3456,1000000,4,0.9,fixed-q4,fixed,96,90,3456,3240,100,94,3264,999428,4.0,4.0,0.030174809165813884,0.9965441244965821,142,5.587079744081652,6.608205420590191,5.921513718141662,6.522507248881383,11.534464622612823,11.791770242134906
taxi-H32-N96-D4-R1,taxi-H32-N96-D4,taxi,32,96,3456,1000000,4,1.0,fixed-q4,fixed,96,90,3456,3240,100,94,3264,999428,4.0,4.0,0.030174809165813884,0.9965441244965821,142,5.587079744081652,6.608205420590191,5.921513718141662,6.522507248881383,12.195285164671844,12.444020967023045
taxi-H32-N96-D4-R0,taxi-H32-N96-D4,taxi,32,96,3456,1000000,4,0.0,fixed-q16,fixed,72,68,3456,3264,76,72,3264,999428,16.0,16.0,0.030174809165813884,0.9965441244965821,142,5.618854826185911,7.696107424804358,5.976872828109606,7.560300947334829,5.618854826185911,5.976872828109606
taxi-H32-N96-D4-R0.1,taxi-H32-N96-D4,taxi,32,96,3456,1000000,4,0.1,fixed-q16,fixed,72,68,3456,3264,76,72,3264,999428,16.0,16.0,0.030174809165813884,0.9965441244965821,142,5.618854826185911,7.696107424804358,5.976872828109606,7.560300947334829,6.388465568666346,6.732902922843089
taxi-H32-N96-D4-R0.3,taxi-H32-N96-D4,taxi,32,96,3456,1000000,4,0.3,fixed-q16,fixed,72,68,3456,3264,76,72,3264,999428,16.0,16.0,0.030174809165813884,0.9965441244965821,142,5.618854826185911,7.696107424804358,5.976872828109606,7.560300947334829,7.927687053627218,8.244963112310055
taxi-H32-N96-D4-R0.5,taxi-H32-N96-D4,taxi,32,96,3456,1000000,4,0.5,fixed-q16,fixed,72,68,3456,3264,76,72,3264,999428,16.0,16.0,0.030174809165813884,0.9965441244965821,142,5.618854826185911,7.696107424804358,5.976872828109606,7.560300947334829,9.46690853858809,9.757023301777021
taxi-H32-N96-D4-R0.7,taxi-H32-N96-D4,taxi,32,96,3456,1000000,4,0.7,fixed-q16,fixed,72,68,3456,3264,76,72,3264,999428,16.0,16.0,0.030174809165813884,0.9965441244965821,142,5.618854826185911,7.696107424804358,5.976872828109606,7.560300947334829,11.00613002354896,11.269083491243986
taxi-H32-N96-D4-R0.9,taxi-H32-N96-D4,taxi,32,96,3456,1000000,4,0.9,fixed-q16,fixed,72,68,3456,3264,76,72,3264,999428,16.0,16.0,0.030174809165813884,0.9965441244965821,142,5.618854826185911,7.696107424804358,5.976872828109606,7.560300947334829,12.545351508509833,12.781143680710953
taxi-H32-N96-D4-R1,taxi-H32-N96-D4,taxi,32,96,3456,1000000,4,1.0,fixed-q16,fixed,72,68,3456,3264,76,72,3264,999428,16.0,16.0,0.030174809165813884,0.9965441244965821,142,5.618854826185911,7.696107424804358,5.976872828109606,7.560300947334829,13.31496225099027,13.537173775444435
taxi-H32-N96-D4-R0,taxi-H32-N96-D4,taxi,32,96,3456,1000000,4,0.0,q1-to-q16-f0.25,two_stage,77,73,3411,3234,81,77,3264,999428,12.2987012987013,12.301369863013699,0.030174809165813884,0.9965441244965821,142,6.945144890462804,6.089642045718954,7.271548981792299,5.9722527253464115,6.945144890462804,7.271548981792299
taxi-H32-N96-D4-R0.1,taxi-H32-N96-D4,taxi,32,96,3456,1000000,4,0.1,q1-to-q16-f0.25,two_stage,77,73,3411,3234,81,77,3264,999428,12.2987012987013,12.301369863013699,0.030174809165813884,0.9965441244965821,142,6.945144890462804,6.089642045718954,7.271548981792299,5.9722527253464115,7.5541090950347,7.86877425432694
taxi-H32-N96-D4-R0.3,taxi-H32-N96-D4,taxi,32,96,3456,1000000,4,0.3,q1-to-q16-f0.25,two_stage,77,73,3411,3234,81,77,3264,999428,12.2987012987013,12.301369863013699,0.030174809165813884,0.9965441244965821,142,6.945144890462804,6.089642045718954,7.271548981792299,5.9722527253464115,8.77203750417849,9.063224799396222
taxi-H32-N96-D4-R0.5,taxi-H32-N96-D4,taxi,32,96,3456,1000000,4,0.5,q1-to-q16-f0.25,two_stage,77,73,3411,3234,81,77,3264,999428,12.2987012987013,12.301369863013699,0.030174809165813884,0.9965441244965821,142,6.945144890462804,6.089642045718954,7.271548981792299,5.9722527253464115,9.989965913322282,10.257675344465504
taxi-H32-N96-D4-R0.7,taxi-H32-N96-D4,taxi,32,96,3456,1000000,4,0.7,q1-to-q16-f0.25,two_stage,77,73,3411,3234,81,77,3264,999428,12.2987012987013,12.301369863013699,0.030174809165813884,0.9965441244965821,142,6.945144890462804,6.089642045718954,7.271548981792299,5.9722527253464115,11.207894322466071,11.452125889534788
taxi-H32-N96-D4-R0.9,taxi-H32-N96-D4,taxi,32,96,3456,1000000,4,0.9,q1-to-q16-f0.25,two_stage,77,73,3411,3234,81,77,3264,999428,12.2987012987013,12.301369863013699,0.030174809165813884,0.9965441244965821,142,6.945144890462804,6.089642045718954,7.271548981792299,5.9722527253464115,12.425822731609863,12.64657643460407
taxi-H32-N96-D4-R1,taxi-H32-N96-D4,taxi,32,96,3456,1000000,4,1.0,q1-to-q16-f0.25,two_stage,77,73,3411,3234,81,77,3264,999428,12.2987012987013,12.301369863013699,0.030174809165813884,0.9965441244965821,142,6.945144890462804,6.089642045718954,7.271548981792299,5.9722527253464115,13.034786936181758,13.243801707138712
taxi-H32-N96-D4-R0,taxi-H32-N96-D4,taxi,32,96,3456,1000000,4,0.0,q1-to-q16-f0.5,two_stage,85,80,3450,3240,89,84,3264,999428,8.588235294117647,8.5,0.030174809165813884,0.9965441244965821,142,9.264188889502936,3.3836432803385414,9.639406956283219,3.2634081020245542,9.264188889502936,9.639406956283219
taxi-H32-N96-D4-R0.1,taxi-H32-N96-D4,taxi,32,96,3456,1000000,4,0.1,q1-to-q16-f0.5,two_stage,85,80,3450,3240,89,84,3264,999428,8.588235294117647,8.5,0.030174809165813884,0.9965441244965821,142,9.264188889502936,3.3836432803385414,9.639406956283219,3.2634081020245542,9.60255321753679,9.965747766485674
taxi-H32-N96-D4-R0.3,taxi-H32-N96-D4,taxi,32,96,3456,1000000,4,0.3,q1-to-q16-f0.5,two_stage,85,80,3450,3240,89,84,3264,999428,8.588235294117647,8.5,0.030174809165813884,0.9965441244965821,142,9.264188889502936,3.3836432803385414,9.639406956283219,3.2634081020245542,10.279281873604498,10.618429386890586
taxi-H32-N96-D4-R0.5,taxi-H32-N96-D4,taxi,32,96,3456,1000000,4,0.5,q1-to-q16-f0.5,two_stage,85,80,3450,3240,89,84,3264,999428,8.588235294117647,8.5,0.030174809165813884,0.9965441244965821,142,9.264188889502936,3.3836432803385414,9.639406956283219,3.2634081020245542,10.956010529672207,11.271111007295495
taxi-H32-N96-D4-R0.7,taxi-H32-N96-D4,taxi,32,96,3456,1000000,4,0.7,q1-to-q16-f0.5,two_stage,85,80,3450,3240,89,84,3264,999428,8.588235294117647,8.5,0.030174809165813884,0.9965441244965821,142,9.264188889502936,3.3836432803385414,9.639406956283219,3.2634081020245542,11.632739185739915,11.923792627700408
taxi-H32-N96-D4-R0.9,taxi-H32-N96-D4,taxi,32,96,3456,1000000,4,0.9,q1-to-q16-f0.5,two_stage,85,80,3450,3240,89,84,3264,999428,8.588235294117647,8.5,0.030174809165813884,0.9965441244965821,142,9.264188889502936,3.3836432803385414,9.639406956283219,3.2634081020245542,12.309467841807624,12.576474248105317
taxi-H32-N96-D4-R1,taxi-H32-N96-D4,taxi,32,96,3456,1000000,4,1.0,q1-to-q16-f0.5,two_stage,85,80,3450,3240,89,84,3264,999428,8.588235294117647,8.5,0.030174809165813884,0.9965441244965821,142,9.264188889502936,3.3836432803385414,9.639406956283219,3.2634081020245542,12.647832169841477,12.902815058307773
taxi-H32-N96-D4-R0,taxi-H32-N96-D4,taxi,32,96,3456,1000000,4,0.0,q1-to-q16-f0.75,two_stage,93,88,3429,3234,97,92,3264,999428,4.870967741935484,4.75,0.030174809165813884,0.9965441244965821,142,11.656135397037804,0.6425337615996608,11.948067138504111,0.583093314478697,11.656135397037804,11.948067138504111
taxi-H32-N96-D4-R0.1,taxi-H32-N96-D4,taxi,32,96,3456,1000000,4,0.1,q1-to-q16-f0.75,two_stage,93,88,3429,3234,97,92,3264,999428,4.870967741935484,4.75,0.030174809165813884,0.9965441244965821,142,11.656135397037804,0.6425337615996608,11.948067138504111,0.583093314478697,11.72038877319777,12.00637646995198
taxi-H32-N96-D4-R0.3,taxi-H32-N96-D4,taxi,32,96,3456,1000000,4,0.3,q1-to-q16-f0.75,two_stage,93,88,3429,3234,97,92,3264,999428,4.870967741935484,4.75,0.030174809165813884,0.9965441244965821,142,11.656135397037804,0.6425337615996608,11.948067138504111,0.583093314478697,11.848895525517703,12.12299513284772
taxi-H32-N96-D4-R0.5,taxi-H32-N96-D4,taxi,32,96,3456,1000000,4,0.5,q1-to-q16-f0.75,two_stage,93,88,3429,3234,97,92,3264,999428,4.870967741935484,4.75,0.030174809165813884,0.9965441244965821,142,11.656135397037804,0.6425337615996608,11.948067138504111,0.583093314478697,11.977402277837635,12.239613795743459
taxi-H32-N96-D4-R0.7,taxi-H32-N96-D4,taxi,32,96,3456,1000000,4,0.7,q1-to-q16-f0.75,two_stage,93,88,3429,3234,97,92,3264,999428,4.870967741935484,4.75,0.030174809165813884,0.9965441244965821,142,11.656135397037804,0.6425337615996608,11.948067138504111,0.583093314478697,12.105909030157568,12.3562324586392
taxi-H32-N96-D4-R0.9,taxi-H32-N96-D4,taxi,32,96,3456,1000000,4,0.9,q1-to-q16-f0.75,two_stage,93,88,3429,3234,97,92,3264,999428,4.870967741935484,4.75,0.030174809165813884,0.9965441244965821,142,11.656135397037804,0.6425337615996608,11.948067138504111,0.583093314478697,12.234415782477498,12.472851121534939
taxi-H32-N96-D4-R1,taxi-H32-N96-D4,taxi,32,96,3456,1000000,4,1.0,q1-to-q16-f0.75,two_stage,93,88,3429,3234,97,92,3264,999428,4.870967741935484,4.75,0.030174809165813884,0.9965441244965821,142,11.656135397037804,0.6425337615996608,11.948067138504111,0.583093314478697,12.298669158637464,12.531160452982808
taxi-H32-N96-D4-R0,taxi-H32-N96-D4,taxi,32,96,3456,1000000,4,0.0,q16-to-q1-f0.25,two_stage,94,88,3447,3234,98,92,3264,999428,4.670212765957447,4.75,0.030174809165813884,0.9965441244965821,142,10.631405846775223,1.6447448446516233,10.817237807844027,1.7139226451387872,10.631405846775223,10.817237807844027
taxi-H32-N96-D4-R0.1,taxi-H32-N96-D4,taxi,32,96,3456,1000000,4,0.1,q16-to-q1-f0.25,two_stage,94,88,3447,3234,98,92,3264,999428,4.670212765957447,4.75,0.030174809165813884,0.9965441244965821,142,10.631405846775223,1.6447448446516233,10.817237807844027,1.7139226451387872,10.795880331240385,10.988630072357905
taxi-H32-N96-D4-R0.3,taxi-H32-N96-D4,taxi,32,96,3456,1000000,4,0.3,q16-to-q1-f0.25,two_stage,94,88,3447,3234,98,92,3264,999428,4.670212765957447,4.75,0.030174809165813884,0.9965441244965821,142,10.631405846775223,1.6447448446516233,10.817237807844027,1.7139226451387872,11.12482930017071,11.331414601385664
taxi-H32-N96-D4-R0.5,taxi-H32-N96-D4,taxi,32,96,3456,1000000,4,0.5,q16-to-q1-f0.25,two_stage,94,88,3447,3234,98,92,3264,999428,4.670212765957447,4.75,0.030174809165813884,0.9965441244965821,142,10.631405846775223,1.6447448446516233,10.817237807844027,1.7139226451387872,11.453778269101035,11.67419913041342
taxi-H32-N96-D4-R0.7,taxi-H32-N96-D4,taxi,32,96,3456,1000000,4,0.7,q16-to-q1-f0.25,two_stage,94,88,3447,3234,98,92,3264,999428,4.670212765957447,4.75,0.030174809165813884,0.9965441244965821,142,10.631405846775223,1.6447448446516233,10.817237807844027,1.7139226451387872,11.78272723803136,12.016983659441177
taxi-H32-N96-D4-R0.9,taxi-H32-N96-D4,taxi,32,96,3456,1000000,4,0.9,q16-to-q1-f0.25,two_stage,94,88,3447,3234,98,92,3264,999428,4.670212765957447,4.75,0.030174809165813884,0.9965441244965821,142,10.631405846775223,1.6447448446516233,10.817237807844027,1.7139226451387872,12.111676206961684,12.359768188468935
taxi-H32-N96-D4-R1,taxi-H32-N96-D4,taxi,32,96,3456,1000000,4,1.0,q16-to-q1-f0.25,two_stage,94,88,3447,3234,98,92,3264,999428,4.670212765957447,4.75,0.030174809165813884,0.9965441244965821,142,10.631405846775223,1.6447448446516233,10.817237807844027,1.7139226451387872,12.276150691426846,12.531160452982814
taxi-H32-N96-D4-R0,taxi-H32-N96-D4,taxi,32,96,3456,1000000,4,0.0,q16-to-q1-f0.5,two_stage,85,80,3435,3240,89,84,3264,999428,8.411764705882353,8.5,0.030174809165813884,0.9965441244965821,142,7.99909411611516,4.648738053726317,8.215616528740885,4.687198529566887,7.99909411611516,8.215616528740885
taxi-H32-N96-D4-R0.1,taxi-H32-N96-D4,taxi,32,96,3456,1000000,4,0.1,q16-to-q1-f0.5,two_stage,85,80,3435,3240,89,84,3264,999428,8.411764705882353,8.5,0.030174809165813884,0.9965441244965821,142,7.99909411611516,4.648738053726317,8.215616528740885,4.687198529566887,8.463967921487791,8.684336381697573
taxi-H32-N96-D4-R0.3,taxi-H32-N96-D4,taxi,32,96,3456,1000000,4,0.3,q16-to-q1-f0.5,two_stage,85,80,3435,3240,89,84,3264,999428,8.411764705882353,8.5,0.030174809165813884,0.9965441244965821,142,7.99909411611516,4.648738053726317,8.215616528740885,4.687198529566887,9.393715532233054,9.62177608761095
taxi-H32-N96-D4-R0.5,taxi-H32-N96-D4,taxi,32,96,3456,1000000,4,0.5,q16-to-q1-f0.5,two_stage,85,80,3435,3240,89,84,3264,999428,8.411764705882353,8.5,0.030174809165813884,0.9965441244965821,142,7.99909411611516,4.648738053726317,8.215616528740885,4.687198529566887,10.32346314297832,10.559215793524327
taxi-H32-N96-D4-R0.7,taxi-H32-N96-D4,taxi,32,96,3456,1000000,4,0.7,q16-to-q1-f0.5,two_stage,85,80,3435,3240,89,84,3264,999428,8.411764705882353,8.5,0.030174809165813884,0.9965441244965821,142,7.99909411611516,4.648738053726317,8.215616528740885,4.687198529566887,11.253210753723582,11.496655499437704
taxi-H32-N96-D4-R0.9,taxi-H32-N96-D4,taxi,32,96,3456,1000000,4,0.9,q16-to-q1-f0.5,two_stage,85,80,3435,3240,89,84,3264,999428,8.411764705882353,8.5,0.030174809165813884,0.9965441244965821,142,7.99909411611516,4.648738053726317,8.215616528740885,4.687198529566887,12.182958364468846,12.434095205351083
taxi-H32-N96-D4-R1,taxi-H32-N96-D4,taxi,32,96,3456,1000000,4,1.0,q16-to-q1-f0.5,two_stage,85,80,3435,3240,89,84,3264,999428,8.411764705882353,8.5,0.030174809165813884,0.9965441244965821,142,7.99909411611516,4.648738053726317,8.215616528740885,4.687198529566887,12.647832169841477,12.902815058307771
taxi-H32-N96-D4-R0,taxi-H32-N96-D4,taxi,32,96,3456,1000000,4,0.0,q16-to-q1-f0.75,two_stage,78,73,3444,3219,82,77,3264,999428,12.153846153846153,12.095890410958905,0.030174809165813884,0.9965441244965821,142,5.689410212672468,7.3124906980651465,6.1048229568086905,7.138978750330019,5.689410212672468,6.1048229568086905
taxi-H32-N96-D4-R0.1,taxi-H32-N96-D4,taxi,32,96,3456,1000000,4,0.1,q16-to-q1-f0.75,two_stage,78,73,3444,3219,82,77,3264,999428,12.153846153846153,12.095890410958905,0.030174809165813884,0.9965441244965821,142,5.689410212672468,7.3124906980651465,6.1048229568086905,7.138978750330019,6.420659282478982,6.818720831841692
taxi-H32-N96-D4-R0.3,taxi-H32-N96-D4,taxi,32,96,3456,1000000,4,0.3,q16-to-q1-f0.75,two_stage,78,73,3444,3219,82,77,3264,999428,12.153846153846153,12.095890410958905,0.030174809165813884,0.9965441244965821,142,5.689410212672468,7.3124906980651465,6.1048229568086905,7.138978750330019,7.883157422092012,8.246516581907695
taxi-H32-N96-D4-R0.5,taxi-H32-N96-D4,taxi,32,96,3456,1000000,4,0.5,q16-to-q1-f0.75,two_stage,78,73,3444,3219,82,77,3264,999428,12.153846153846153,12.095890410958905,0.030174809165813884,0.9965441244965821,142,5.689410212672468,7.3124906980651465,6.1048229568086905,7.138978750330019,9.34565556170504,9.6743123319737
taxi-H32-N96-D4-R0.7,taxi-H32-N96-D4,taxi,32,96,3456,1000000,4,0.7,q16-to-q1-f0.75,two_stage,78,73,3444,3219,82,77,3264,999428,12.153846153846153,12.095890410958905,0.030174809165813884,0.9965441244965821,142,5.689410212672468,7.3124906980651465,6.1048229568086905,7.138978750330019,10.80815370131807,11.102108082039702
taxi-H32-N96-D4-R0.9,taxi-H32-N96-D4,taxi,32,96,3456,1000000,4,0.9,q16-to-q1-f0.75,two_stage,78,73,3444,3219,82,77,3264,999428,12.153846153846153,12.095890410958905,0.030174809165813884,0.9965441244965821,142,5.689410212672468,7.3124906980651465,6.1048229568086905,7.138978750330019,12.2706518409311,12.529903832105708
taxi-H32-N96-D4-R1,taxi-H32-N96-D4,taxi,32,96,3456,1000000,4,1.0,q16-to-q1-f0.75,two_stage,78,73,3444,3219,82,77,3264,999428,12.153846153846153,12.095890410958905,0.030174809165813884,0.9965441244965821,142,5.689410212672468,7.3124906980651465,6.1048229568086905,7.138978750330019,13.001900910737614,13.24380170713871
taxi-H32-N96-D8-R0,taxi-H32-N96-D8,taxi,32,96,3456,1000000,8,0.0,fixed-q1,fixed,104,98,3432,3234,112,106,3264,999424,1.0,1.0,0.030174809165813884,0.9964945415190717,142,12.388545924441337,0.0,12.622546618759603,0.0,12.388545924441337,12.622546618759603
taxi-H32-N96-D8-R0.1,taxi-H32-N96-D8,taxi,32,96,3456,1000000,8,0.1,fixed-q1,fixed,104,98,3432,3234,112,106,3264,999424,1.0,1.0,0.030174809165813884,0.9964945415190717,142,12.388545924441337,0.0,12.622546618759603,0.0,12.388545924441337,12.622546618759603
taxi-H32-N96-D8-R0.3,taxi-H32-N96-D8,taxi,32,96,3456,1000000,8,0.3,fixed-q1,fixed,104,98,3432,3234,112,106,3264,999424,1.0,1.0,0.030174809165813884,0.9964945415190717,142,12.388545924441337,0.0,12.622546618759603,0.0,12.388545924441337,12.622546618759603
taxi-H32-N96-D8-R0.5,taxi-H32-N96-D8,taxi,32,96,3456,1000000,8,0.5,fixed-q1,fixed,104,98,3432,3234,112,106,3264,999424,1.0,1.0,0.030174809165813884,0.9964945415190717,142,12.388545924441337,0.0,12.622546618759603,0.0,12.388545924441337,12.622546618759603
taxi-H32-N96-D8-R0.7,taxi-H32-N96-D8,taxi,32,96,3456,1000000,8,0.7,fixed-q1,fixed,104,98,3432,3234,112,106,3264,999424,1.0,1.0,0.030174809165813884,0.9964945415190717,142,12.388545924441337,0.0,12.622546618759603,0.0,12.388545924441337,12.622546618759603
taxi-H32-N96-D8-R0.9,taxi-H32-N96-D8,taxi,32,96,3456,1000000,8,0.9,fixed-q1,fixed,104,98,3432,3234,112,106,3264,999424,1.0,1.0,0.030174809165813884,0.9964945415190717,142,12.388545924441337,0.0,12.622546618759603,0.0,12.388545924441337,12.622546618759603
taxi-H32-N96-D8-R1,taxi-H32-N96-D8,taxi,32,96,3456,1000000,8,1.0,fixed-q1,fixed,104,98,3432,3234,112,106,3264,999424,1.0,1.0,0.030174809165813884,0.9964945415190717,142,12.388545924441337,0.0,12.622546618759603,0.0,12.388545924441337,12.622546618759603
taxi-H32-N96-D8-R0,taxi-H32-N96-D8,taxi,32,96,3456,1000000,8,0.0,fixed-q4,fixed,96,90,3456,3240,104,98,3264,999424,4.0,4.0,0.030174809165813884,0.9964945415190717,142,5.581884306584646,7.12245182433053,5.9162342648262,7.045607659735893,5.581884306584646,5.9162342648262
taxi-H32-N96-D8-R0.1,taxi-H32-N96-D8,taxi,32,96,3456,1000000,8,0.1,fixed-q4,fixed,96,90,3456,3240,104,98,3264,999424,4.0,4.0,0.030174809165813884,0.9964945415190717,142,5.581884306584646,7.12245182433053,5.9162342648262,7.045607659735893,6.294129489017699,6.62079503079979
taxi-H32-N96-D8-R0.3,taxi-H32-N96-D8,taxi,32,96,3456,1000000,8,0.3,fixed-q4,fixed,96,90,3456,3240,104,98,3264,999424,4.0,4.0,0.030174809165813884,0.9964945415190717,142,5.581884306584646,7.12245182433053,5.9162342648262,7.045607659735893,7.718619853883805,8.029916562746969
taxi-H32-N96-D8-R0.5,taxi-H32-N96-D8,taxi,32,96,3456,1000000,8,0.5,fixed-q4,fixed,96,90,3456,3240,104,98,3264,999424,4.0,4.0,0.030174809165813884,0.9964945415190717,142,5.581884306584646,7.12245182433053,5.9162342648262,7.045607659735893,9.14311021874991,9.439038094694148
taxi-H32-N96-D8-R0.7,taxi-H32-N96-D8,taxi,32,96,3456,1000000,8,0.7,fixed-q4,fixed,96,90,3456,3240,104,98,3264,999424,4.0,4.0,0.030174809165813884,0.9964945415190717,142,5.581884306584646,7.12245182433053,5.9162342648262,7.045607659735893,10.567600583616017,10.848159626641326
taxi-H32-N96-D8-R0.9,taxi-H32-N96-D8,taxi,32,96,3456,1000000,8,0.9,fixed-q4,fixed,96,90,3456,3240,104,98,3264,999424,4.0,4.0,0.030174809165813884,0.9964945415190717,142,5.581884306584646,7.12245182433053,5.9162342648262,7.045607659735893,11.992090948482122,12.257281158588505
taxi-H32-N96-D8-R1,taxi-H32-N96-D8,taxi,32,96,3456,1000000,8,1.0,fixed-q4,fixed,96,90,3456,3240,104,98,3264,999424,4.0,4.0,0.030174809165813884,0.9964945415190717,142,5.581884306584646,7.12245182433053,5.9162342648262,7.045607659735893,12.704336130915177,12.961841924562094
taxi-H32-N96-D8-R0,taxi-H32-N96-D8,taxi,32,96,3456,1000000,8,0.0,fixed-q16,fixed,72,68,3456,3264,80,76,3264,999424,16.0,16.0,0.030174809165813884,0.9964945415190717,142,5.48032231149763,8.377453807621883,5.838616846081409,8.245851024790861,5.48032231149763,5.838616846081409
taxi-H32-N96-D8-R0.1,taxi-H32-N96-D8,taxi,32,96,3456,1000000,8,0.1,fixed-q16,fixed,72,68,3456,3264,80,76,3264,999424,16.0,16.0,0.030174809165813884,0.9964945415190717,142,5.48032231149763,8.377453807621883,5.838616846081409,8.245851024790861,6.3180676922598185,6.663201948560496
taxi-H32-N96-D8-R0.3,taxi-H32-N96-D8,taxi,32,96,3456,1000000,8,0.3,fixed-q16,fixed,72,68,3456,3264,80,76,3264,999424,16.0,16.0,0.030174809165813884,0.9964945415190717,142,5.48032231149763,8.377453807621883,5.838616846081409,8.245851024790861,7.993558453784194,8.312372153518668
taxi-H32-N96-D8-R0.5,taxi-H32-N96-D8,taxi,32,96,3456,1000000,8,0.5,fixed-q16,fixed,72,68,3456,3264,80,76,3264,999424,16.0,16.0,0.030174809165813884,0.9964945415190717,142,5.48032231149763,8.377453807621883,5.838616846081409,8.245851024790861,9.669049215308572,9.96154235847684
taxi-H32-N96-D8-R0.7,taxi-H32-N96-D8,taxi,32,96,3456,1000000,8,0.7,fixed-q16,fixed,72,68,3456,3264,80,76,3264,999424,16.0,16.0,0.030174809165813884,0.9964945415190717,142,5.48032231149763,8.377453807621883,5.838616846081409,8.245851024790861,11.344539976832948,11.610712563435012
taxi-H32-N96-D8-R0.9,taxi-H32-N96-D8,taxi,32,96,3456,1000000,8,0.9,fixed-q16,fixed,72,68,3456,3264,80,76,3264,999424,16.0,16.0,0.030174809165813884,0.9964945415190717,142,5.48032231149763,8.377453807621883,5.838616846081409,8.245851024790861,13.020030738357324,13.259882768393185
taxi-H32-N96-D8-R1,taxi-H32-N96-D8,taxi,32,96,3456,1000000,8,1.0,fixed-q16,fixed,72,68,3456,3264,80,76,3264,999424,16.0,16.0,0.030174809165813884,0.9964945415190717,142,5.48032231149763,8.377453807621883,5.838616846081409,8.245851024790861,13.857776119119514,14.08446787087227
taxi-H32-N96-D8-R0,taxi-H32-N96-D8,taxi,32,96,3456,1000000,8,0.0,q1-to-q16-f0.25,two_stage,77,73,3411,3234,85,81,3264,999424,12.2987012987013,12.301369863013699,0.030174809165813884,0.9964945415190717,142,6.900004654661422,6.665711900774563,7.230046869252534,6.549666391324653,6.900004654661422,7.230046869252534
taxi-H32-N96-D8-R0.1,taxi-H32-N96-D8,taxi,32,96,3456,1000000,8,0.1,q1-to-q16-f0.25,two_stage,77,73,3411,3234,85,81,3264,999424,12.2987012987013,12.301369863013699,0.030174809165813884,0.9964945415190717,142,6.900004654661422,6.665711900774563,7.230046869252534,6.549666391324653,7.566575844738878,7.885013508384999
taxi-H32-N96-D8-R0.3,taxi-H32-N96-D8,taxi,32,96,3456,1000000,8,0.3,q1-to-q16-f0.25,two_stage,77,73,3411,3234,85,81,3264,999424,12.2987012987013,12.301369863013699,0.030174809165813884,0.9964945415190717,142,6.900004654661422,6.665711900774563,7.230046869252534,6.549666391324653,8.89971822489379,9.194946786649929
taxi-H32-N96-D8-R0.5,taxi-H32-N96-D8,taxi,32,96,3456,1000000,8,0.5,q1-to-q16-f0.25,two_stage,77,73,3411,3234,85,81,3264,999424,12.2987012987013,12.301369863013699,0.030174809165813884,0.9964945415190717,142,6.900004654661422,6.665711900774563,7.230046869252534,6.549666391324653,10.232860605048703,10.504880064914861
taxi-H32-N96-D8-R0.7,taxi-H32-N96-D8,taxi,32,96,3456,1000000,8,0.7,q1-to-q16-f0.25,two_stage,77,73,3411,3234,85,81,3264,999424,12.2987012987013,12.301369863013699,0.030174809165813884,0.9964945415190717,142,6.900004654661422,6.665711900774563,7.230046869252534,6.549666391324653,11.566002985203616,11.81481334317979
taxi-H32-N96-D8-R0.9,taxi-H32-N96-D8,taxi,32,96,3456,1000000,8,0.9,q1-to-q16-f0.25,two_stage,77,73,3411,3234,85,81,3264,999424,12.2987012987013,12.301369863013699,0.030174809165813884,0.9964945415190717,142,6.900004654661422,6.665711900774563,7.230046869252534,6.549666391324653,12.899145365358528,13.124746621444721
taxi-H32-N96-D8-R1,taxi-H32-N96-D8,taxi,32,96,3456,1000000,8,1.0,q1-to-q16-f0.25,two_stage,77,73,3411,3234,85,81,3264,999424,12.2987012987013,12.301369863013699,0.030174809165813884,0.9964945415190717,142,6.900004654661422,6.665711900774563,7.230046869252534,6.549666391324653,13.565716555435985,13.779713260577186
taxi-H32-N96-D8-R0,taxi-H32-N96-D8,taxi,32,96,3456,1000000,8,0.0,q1-to-q16-f0.5,two_stage,85,80,3450,3240,93,88,3264,999424,8.588235294117647,8.5,0.030174809165813884,0.9964945415190717,142,9.453381932783232,3.7144540887438984,9.847144755004924,3.5879730822762053,9.453381932783232,9.847144755004924
taxi-H32-N96-D8-R0.1,taxi-H32-N96-D8,taxi,32,96,3456,1000000,8,0.1,q1-to-q16-f0.5,two_stage,85,80,3450,3240,93,88,3264,999424,8.588235294117647,8.5,0.030174809165813884,0.9964945415190717,142,9.453381932783232,3.7144540887438984,9.847144755004924,3.5879730822762053,9.824827341657622,10.205942063232545
taxi-H32-N96-D8-R0.3,taxi-H32-N96-D8,taxi,32,96,3456,1000000,8,0.3,q1-to-q16-f0.5,two_stage,85,80,3450,3240,93,88,3264,999424,8.588235294117647,8.5,0.030174809165813884,0.9964945415190717,142,9.453381932783232,3.7144540887438984,9.847144755004924,3.5879730822762053,10.567718159406402,10.923536679687786
taxi-H32-N96-D8-R0.5,taxi-H32-N96-D8,taxi,32,96,3456,1000000,8,0.5,q1-to-q16-f0.5,two_stage,85,80,3450,3240,93,88,3264,999424,8.588235294117647,8.5,0.030174809165813884,0.9964945415190717,142,9.453381932783232,3.7144540887438984,9.847144755004924,3.5879730822762053,11.310608977155182,11.641131296143026
taxi-H32-N96-D8-R0.7,taxi-H32-N96-D8,taxi,32,96,3456,1000000,8,0.7,q1-to-q16-f0.5,two_stage,85,80,3450,3240,93,88,3264,999424,8.588235294117647,8.5,0.030174809165813884,0.9964945415190717,142,9.453381932783232,3.7144540887438984,9.847144755004924,3.5879730822762053,12.05349979490396,12.358725912598267
taxi-H32-N96-D8-R0.9,taxi-H32-N96-D8,taxi,32,96,3456,1000000,8,0.9,q1-to-q16-f0.5,two_stage,85,80,3450,3240,93,88,3264,999424,8.588235294117647,8.5,0.030174809165813884,0.9964945415190717,142,9.453381932783232,3.7144540887438984,9.847144755004924,3.5879730822762053,12.79639061265274,13.07632052905351
taxi-H32-N96-D8-R1,taxi-H32-N96-D8,taxi,32,96,3456,1000000,8,1.0,q1-to-q16-f0.5,two_stage,85,80,3450,3240,93,88,3264,999424,8.588235294117647,8.5,0.030174809165813884,0.9964945415190717,142,9.453381932783232,3.7144540887438984,9.847144755004924,3.5879730822762053,13.16783602152713,13.43511783728113
taxi-H32-N96-D8-R0,taxi-H32-N96-D8,taxi,32,96,3456,1000000,8,0.0,q1-to-q16-f0.75,two_stage,93,88,3429,3234,101,96,3264,999424,4.870967741935484,4.75,0.030174809165813884,0.9964945415190717,142,12.102200626195405,0.7050670034992769,12.414040709164277,0.6378779591022105,12.102200626195405,12.414040709164277
taxi-H32-N96-D8-R0.1,taxi-H32-N96-D8,taxi,32,96,3456,1000000,8,0.1,q1-to-q16-f0.75,two_stage,93,88,3429,3234,101,96,3264,999424,4.870967741935484,4.75,0.030174809165813884,0.9964945415190717,142,12.102200626195405,0.7050670034992769,12.414040709164277,0.6378779591022105,12.172707326545332,12.477828505074498
taxi-H32-N96-D8-R0.3,taxi-H32-N96-D8,taxi,32,96,3456,1000000,8,0.3,q1-to-q16-f0.75,two_stage,93,88,3429,3234,101,96,3264,999424,4.870967741935484,4.75,0.030174809165813884,0.9964945415190717,142,12.102200626195405,0.7050670034992769,12.414040709164277,0.6378779591022105,12.313720727245189,12.60540409689494
taxi-H32-N96-D8-R0.5,taxi-H32-N96-D8,taxi,32,96,3456,1000000,8,0.5,q1-to-q16-f0.75,two_stage,93,88,3429,3234,101,96,3264,999424,4.870967741935484,4.75,0.030174809165813884,0.9964945415190717,142,12.102200626195405,0.7050670034992769,12.414040709164277,0.6378779591022105,12.454734127945043,12.732979688715382
taxi-H32-N96-D8-R0.7,taxi-H32-N96-D8,taxi,32,96,3456,1000000,8,0.7,q1-to-q16-f0.75,two_stage,93,88,3429,3234,101,96,3264,999424,4.870967741935484,4.75,0.030174809165813884,0.9964945415190717,142,12.102200626195405,0.7050670034992769,12.414040709164277,0.6378779591022105,12.595747528644898,12.860555280535825
taxi-H32-N96-D8-R0.9,taxi-H32-N96-D8,taxi,32,96,3456,1000000,8,0.9,q1-to-q16-f0.75,two_stage,93,88,3429,3234,101,96,3264,999424,4.870967741935484,4.75,0.030174809165813884,0.9964945415190717,142,12.102200626195405,0.7050670034992769,12.414040709164277,0.6378779591022105,12.736760929344754,12.988130872356267
taxi-H32-N96-D8-R1,taxi-H32-N96-D8,taxi,32,96,3456,1000000,8,1.0,q1-to-q16-f0.75,two_stage,93,88,3429,3234,101,96,3264,999424,4.870967741935484,4.75,0.030174809165813884,0.9964945415190717,142,12.102200626195405,0.7050670034992769,12.414040709164277,0.6378779591022105,12.807267629694682,13.051918668266488
taxi-H32-N96-D8-R0,taxi-H32-N96-D8,taxi,32,96,3456,1000000,8,0.0,q16-to-q1-f0.25,two_stage,94,88,3447,3234,102,96,3264,999424,4.670212765957447,4.75,0.030174809165813884,0.9964945415190717,142,11.062759198825995,1.7253507412364262,11.24968595286197,1.8022327154045104,11.062759198825995,11.24968595286197
taxi-H32-N96-D8-R0.1,taxi-H32-N96-D8,taxi,32,96,3456,1000000,8,0.1,q16-to-q1-f0.25,two_stage,94,88,3447,3234,102,96,3264,999424,4.670212765957447,4.75,0.030174809165813884,0.9964945415190717,142,11.062759198825995,1.7253507412364262,11.24968595286197,1.8022327154045104,11.235294272949638,11.42990922440242
taxi-H32-N96-D8-R0.3,taxi-H32-N96-D8,taxi,32,96,3456,1000000,8,0.3,q16-to-q1-f0.25,two_stage,94,88,3447,3234,102,96,3264,999424,4.670212765957447,4.75,0.030174809165813884,0.9964945415190717,142,11.062759198825995,1.7253507412364262,11.24968595286197,1.8022327154045104,11.580364421196924,11.790355767483323
taxi-H32-N96-D8-R0.5,taxi-H32-N96-D8,taxi,32,96,3456,1000000,8,0.5,q16-to-q1-f0.25,two_stage,94,88,3447,3234,102,96,3264,999424,4.670212765957447,4.75,0.030174809165813884,0.9964945415190717,142,11.062759198825995,1.7253507412364262,11.24968595286197,1.8022327154045104,11.925434569444208,12.150802310564226
taxi-H32-N96-D8-R0.7,taxi-H32-N96-D8,taxi,32,96,3456,1000000,8,0.7,q16-to-q1-f0.25,two_stage,94,88,3447,3234,102,96,3264,999424,4.670212765957447,4.75,0.030174809165813884,0.9964945415190717,142,11.062759198825995,1.7253507412364262,11.24968595286197,1.8022327154045104,12.270504717691495,12.511248853645128
taxi-H32-N96-D8-R0.9,taxi-H32-N96-D8,taxi,32,96,3456,1000000,8,0.9,q16-to-q1-f0.25,two_stage,94,88,3447,3234,102,96,3264,999424,4.670212765957447,4.75,0.030174809165813884,0.9964945415190717,142,11.062759198825995,1.7253507412364262,11.24968595286197,1.8022327154045104,12.615574865938779,12.871695396726029
taxi-H32-N96-D8-R1,taxi-H32-N96-D8,taxi,32,96,3456,1000000,8,1.0,q16-to-q1-f0.25,two_stage,94,88,3447,3234,102,96,3264,999424,4.670212765957447,4.75,0.030174809165813884,0.9964945415190717,142,11.062759198825995,1.7253507412364262,11.24968595286197,1.8022327154045104,12.788109940062421,13.051918668266481
taxi-H32-N96-D8-R0,taxi-H32-N96-D8,taxi,32,96,3456,1000000,8,0.0,q16-to-q1-f0.5,two_stage,85,80,3435,3240,93,88,3264,999424,8.411764705882353,8.5,0.030174809165813884,0.9964945415190717,142,8.187511219182209,4.980324802344925,8.397597350853475,5.037520486427651,8.187511219182209,8.397597350853475
taxi-H32-N96-D8-R0.1,taxi-H32-N96-D8,taxi,32,96,3456,1000000,8,0.1,q16-to-q1-f0.5,two_stage,85,80,3435,3240,93,88,3264,999424,8.411764705882353,8.5,0.030174809165813884,0.9964945415190717,142,8.187511219182209,4.980324802344925,8.397597350853475,5.037520486427651,8.685543699416701,8.90134939949624
taxi-H32-N96-D8-R0.3,taxi-H32-N96-D8,taxi,32,96,3456,1000000,8,0.3,q16-to-q1-f0.5,two_stage,85,80,3435,3240,93,88,3264,999424,8.411764705882353,8.5,0.030174809165813884,0.9964945415190717,142,8.187511219182209,4.980324802344925,8.397597350853475,5.037520486427651,9.681608659885686,9.90885349678177
taxi-H32-N96-D8-R0.5,taxi-H32-N96-D8,taxi,32,96,3456,1000000,8,0.5,q16-to-q1-f0.5,two_stage,85,80,3435,3240,93,88,3264,999424,8.411764705882353,8.5,0.030174809165813884,0.9964945415190717,142,8.187511219182209,4.980324802344925,8.397597350853475,5.037520486427651,10.677673620354671,10.9163575940673
taxi-H32-N96-D8-R0.7,taxi-H32-N96-D8,taxi,32,96,3456,1000000,8,0.7,q16-to-q1-f0.5,two_stage,85,80,3435,3240,93,88,3264,999424,8.411764705882353,8.5,0.030174809165813884,0.9964945415190717,142,8.187511219182209,4.980324802344925,8.397597350853475,5.037520486427651,11.673738580823656,11.92386169135283
taxi-H32-N96-D8-R0.9,taxi-H32-N96-D8,taxi,32,96,3456,1000000,8,0.9,q16-to-q1-f0.5,two_stage,85,80,3435,3240,93,88,3264,999424,8.411764705882353,8.5,0.030174809165813884,0.9964945415190717,142,8.187511219182209,4.980324802344925,8.397597350853475,5.037520486427651,12.66980354129264,12.931365788638361
taxi-H32-N96-D8-R1,taxi-H32-N96-D8,taxi,32,96,3456,1000000,8,1.0,q16-to-q1-f0.5,two_stage,85,80,3435,3240,93,88,3264,999424,8.411764705882353,8.5,0.030174809165813884,0.9964945415190717,142,8.187511219182209,4.980324802344925,8.397597350853475,5.037520486427651,13.167836021527133,13.435117837281126
taxi-H32-N96-D8-R0,taxi-H32-N96-D8,taxi,32,96,3456,1000000,8,0.0,q16-to-q1-f0.75,two_stage,78,73,3444,3219,86,81,3264,999424,12.153846153846153,12.095890410958905,0.030174809165813884,0.9964945415190717,142,5.601428888460748,7.935542101021221,6.013039755826663,7.766673504750525,5.601428888460748,6.013039755826663
taxi-H32-N96-D8-R0.1,taxi-H32-N96-D8,taxi,32,96,3456,1000000,8,0.1,q16-to-q1-f0.75,two_stage,78,73,3444,3219,86,81,3264,999424,12.153846153846153,12.095890410958905,0.030174809165813884,0.9964945415190717,142,5.601428888460748,7.935542101021221,6.013039755826663,7.766673504750525,6.39498309856287,6.789707106301715
taxi-H32-N96-D8-R0.3,taxi-H32-N96-D8,taxi,32,96,3456,1000000,8,0.3,q16-to-q1-f0.75,two_stage,78,73,3444,3219,86,81,3264,999424,12.153846153846153,12.095890410958905,0.030174809165813884,0.9964945415190717,142,5.601428888460748,7.935542101021221,6.013039755826663,7.766673504750525,7.982091518767114,8.34304180725182
taxi-H32-N96-D8-R0.5,taxi-H32-N96-D8,taxi,32,96,3456,1000000,8,0.5,q16-to-q1-f0.75,two_stage,78,73,3444,3219,86,81,3264,999424,12.153846153846153,12.095890410958905,0.030174809165813884,0.9964945415190717,142,5.601428888460748,7.935542101021221,6.013039755826663,7.766673504750525,9.569199938971359,9.896376508201925
taxi-H32-N96-D8-R0.7,taxi-H32-N96-D8,taxi,32,96,3456,1000000,8,0.7,q16-to-q1-f0.75,two_stage,78,73,3444,3219,86,81,3264,999424,12.153846153846153,12.095890410958905,0.030174809165813884,0.9964945415190717,142,5.601428888460748,7.935542101021221,6.013039755826663,7.766673504750525,11.156308359175602,11.44971120915203
taxi-H32-N96-D8-R0.9,taxi-H32-N96-D8,taxi,32,96,3456,1000000,8,0.9,q16-to-q1-f0.75,two_stage,78,73,3444,3219,86,81,3264,999424,12.153846153846153,12.095890410958905,0.030174809165813884,0.9964945415190717,142,5.601428888460748,7.935542101021221,6.013039755826663,7.766673504750525,12.743416779379846,13.003045910102134
taxi-H32-N96-D8-R1,taxi-H32-N96-D8,taxi,32,96,3456,1000000,8,1.0,q16-to-q1-f0.75,two_stage,78,73,3444,3219,86,81,3264,999424,12.153846153846153,12.095890410958905,0.030174809165813884,0.9964945415190717,142,5.601428888460748,7.935542101021221,6.013039755826663,7.766673504750525,13.536970989481969,13.779713260577187
taxi-H32-N192-D0-R0,taxi-H32-N192-D0,taxi,32,192,6912,1000000,0,0.0,fixed-q1,fixed,209,203,6897,6699,209,203,6720,999432,1.0,1.0,0.030174809165813884,0.996591649725921,142,9.179121131098588,0.0,9.267119498958975,0.0,9.179121131098588,9.267119498958975
taxi-H32-N192-D0-R0.1,taxi-H32-N192-D0,taxi,32,192,6912,1000000,0,0.1,fixed-q1,fixed,209,203,6897,6699,209,203,6720,999432,1.0,1.0,0.030174809165813884,0.996591649725921,142,9.179121131098588,0.0,9.267119498958975,0.0,9.179121131098588,9.267119498958975
taxi-H32-N192-D0-R0.3,taxi-H32-N192-D0,taxi,32,192,6912,1000000,0,0.3,fixed-q1,fixed,209,203,6897,6699,209,203,6720,999432,1.0,1.0,0.030174809165813884,0.996591649725921,142,9.179121131098588,0.0,9.267119498958975,0.0,9.179121131098588,9.267119498958975
taxi-H32-N192-D0-R0.5,taxi-H32-N192-D0,taxi,32,192,6912,1000000,0,0.5,fixed-q1,fixed,209,203,6897,6699,209,203,6720,999432,1.0,1.0,0.030174809165813884,0.996591649725921,142,9.179121131098588,0.0,9.267119498958975,0.0,9.179121131098588,9.267119498958975
taxi-H32-N192-D0-R0.7,taxi-H32-N192-D0,taxi,32,192,6912,1000000,0,0.7,fixed-q1,fixed,209,203,6897,6699,209,203,6720,999432,1.0,1.0,0.030174809165813884,0.996591649725921,142,9.179121131098588,0.0,9.267119498958975,0.0,9.179121131098588,9.267119498958975
taxi-H32-N192-D0-R0.9,taxi-H32-N192-D0,taxi,32,192,6912,1000000,0,0.9,fixed-q1,fixed,209,203,6897,6699,209,203,6720,999432,1.0,1.0,0.030174809165813884,0.996591649725921,142,9.179121131098588,0.0,9.267119498958975,0.0,9.179121131098588,9.267119498958975
taxi-H32-N192-D0-R1,taxi-H32-N192-D0,taxi,32,192,6912,1000000,0,1.0,fixed-q1,fixed,209,203,6897,6699,209,203,6720,999432,1.0,1.0,0.030174809165813884,0.996591649725921,142,9.179121131098588,0.0,9.267119498958975,0.0,9.179121131098588,9.267119498958975
taxi-H32-N192-D0-R0,taxi-H32-N192-D0,taxi,32,192,6912,1000000,0,0.0,fixed-q4,fixed,192,186,6912,6696,192,186,6720,999432,4.0,4.0,0.030174809165813884,0.996591649725921,142,3.0128366888178744,6.438899613891801,3.0891891994345655,6.459546857167516,3.0128366888178744,3.0891891994345655
taxi-H32-N192-D0-R0.1,taxi-H32-N192-D0,taxi,32,192,6912,1000000,0,0.1,fixed-q4,fixed,192,186,6912,6696,192,186,6720,999432,4.0,4.0,0.030174809165813884,0.996591649725921,142,3.0128366888178744,6.438899613891801,3.0891891994345655,6.459546857167516,3.6567266502070543,3.735143885151317
taxi-H32-N192-D0-R0.3,taxi-H32-N192-D0,taxi,32,192,6912,1000000,0,0.3,fixed-q4,fixed,192,186,6912,6696,192,186,6720,999432,4.0,4.0,0.030174809165813884,0.996591649725921,142,3.0128366888178744,6.438899613891801,3.0891891994345655,6.459546857167516,4.944506572985414,5.0270532565848205
taxi-H32-N192-D0-R0.5,taxi-H32-N192-D0,taxi,32,192,6912,1000000,0,0.5,fixed-q4,fixed,192,186,6912,6696,192,186,6720,999432,4.0,4.0,0.030174809165813884,0.996591649725921,142,3.0128366888178744,6.438899613891801,3.0891891994345655,6.459546857167516,6.232286495763775,6.3189626280183235
taxi-H32-N192-D0-R0.7,taxi-H32-N192-D0,taxi,32,192,6912,1000000,0,0.7,fixed-q4,fixed,192,186,6912,6696,192,186,6720,999432,4.0,4.0,0.030174809165813884,0.996591649725921,142,3.0128366888178744,6.438899613891801,3.0891891994345655,6.459546857167516,7.520066418542134,7.610871999451826
taxi-H32-N192-D0-R0.9,taxi-H32-N192-D0,taxi,32,192,6912,1000000,0,0.9,fixed-q4,fixed,192,186,6912,6696,192,186,6720,999432,4.0,4.0,0.030174809165813884,0.996591649725921,142,3.0128366888178744,6.438899613891801,3.0891891994345655,6.459546857167516,8.807846341320495,8.90278137088533
taxi-H32-N192-D0-R1,taxi-H32-N192-D0,taxi,32,192,6912,1000000,0,1.0,fixed-q4,fixed,192,186,6912,6696,192,186,6720,999432,4.0,4.0,0.030174809165813884,0.996591649725921,142,3.0128366888178744,6.438899613891801,3.0891891994345655,6.459546857167516,9.451736302709675,9.548736056602081
taxi-H32-N192-D0-R0,taxi-H32-N192-D0,taxi,32,192,6912,1000000,0,0.0,fixed-q16,fixed,144,140,6912,6720,144,140,6720,999432,16.0,16.0,0.030174809165813884,0.996591649725921,142,2.2298012416310002,8.131441731131597,2.3336326185987173,8.121530672269106,2.2298012416310002,2.3336326185987173
taxi-H32-N192-D0-R0.1,taxi-H32-N192-D0,taxi,32,192,6912,1000000,0,0.1,fixed-q16,fixed,144,140,6912,6720,144,140,6720,999432,16.0,16.0,0.030174809165813884,0.996591649725921,142,2.2298012416310002,8.131441731131597,2.3336326185987173,8.121530672269106,3.04294541474416,3.145785685825628
taxi-H32-N192-D0-R0.3,taxi-H32-N192-D0,taxi,32,192,6912,1000000,0,0.3,fixed-q16,fixed,144,140,6912,6720,144,140,6720,999432,16.0,16.0,0.030174809165813884,0.996591649725921,142,2.2298012416310002,8.131441731131597,2.3336326185987173,8.121530672269106,4.66923376097048,4.770091820279449
taxi-H32-N192-D0-R0.5,taxi-H32-N192-D0,taxi,32,192,6912,1000000,0,0.5,fixed-q16,fixed,144,140,6912,6720,144,140,6720,999432,16.0,16.0,0.030174809165813884,0.996591649725921,142,2.2298012416310002,8.131441731131597,2.3336326185987173,8.121530672269106,6.295522107196799,6.39439795473327
taxi-H32-N192-D0-R0.7,taxi-H32-N192-D0,taxi,32,192,6912,1000000,0,0.7,fixed-q16,fixed,144,140,6912,6720,144,140,6720,999432,16.0,16.0,0.030174809165813884,0.996591649725921,142,2.2298012416310002,8.131441731131597,2.3336326185987173,8.121530672269106,7.921810453423118,8.018704089187091
taxi-H32-N192-D0-R0.9,taxi-H32-N192-D0,taxi,32,192,6912,1000000,0,0.9,fixed-q16,fixed,144,140,6912,6720,144,140,6720,999432,16.0,16.0,0.030174809165813884,0.996591649725921,142,2.2298012416310002,8.131441731131597,2.3336326185987173,8.121530672269106,9.548098799649438,9.643010223640912
taxi-H32-N192-D0-R1,taxi-H32-N192-D0,taxi,32,192,6912,1000000,0,1.0,fixed-q16,fixed,144,140,6912,6720,144,140,6720,999432,16.0,16.0,0.030174809165813884,0.996591649725921,142,2.2298012416310002,8.131441731131597,2.3336326185987173,8.121530672269106,10.361242972762597,10.455163290867823
taxi-H32-N192-D0-R0,taxi-H32-N192-D0,taxi,32,192,6912,1000000,0,0.0,q1-to-q16-f0.25,two_stage,156,151,6903,6693,156,151,6720,999432,12.25,12.324503311258278,0.030174809165813884,0.996591649725921,142,3.269090322641941,6.830710929001868,3.3823608931111955,6.806469159341198,3.269090322641941,3.3823608931111955
taxi-H32-N192-D0-R0.1,taxi-H32-N192-D0,taxi,32,192,6912,1000000,0,0.1,q1-to-q16-f0.25,two_stage,156,151,6903,6693,156,151,6720,999432,12.25,12.324503311258278,0.030174809165813884,0.996591649725921,142,3.269090322641941,6.830710929001868,3.3823608931111955,6.806469159341198,3.952161415542128,4.063007809045315
taxi-H32-N192-D0-R0.3,taxi-H32-N192-D0,taxi,32,192,6912,1000000,0,0.3,q1-to-q16-f0.25,two_stage,156,151,6903,6693,156,151,6720,999432,12.25,12.324503311258278,0.030174809165813884,0.996591649725921,142,3.269090322641941,6.830710929001868,3.3823608931111955,6.806469159341198,5.318303601342501,5.424301640913555
taxi-H32-N192-D0-R0.5,taxi-H32-N192-D0,taxi,32,192,6912,1000000,0,0.5,q1-to-q16-f0.25,two_stage,156,151,6903,6693,156,151,6720,999432,12.25,12.324503311258278,0.030174809165813884,0.996591649725921,142,3.269090322641941,6.830710929001868,3.3823608931111955,6.806469159341198,6.6844457871428755,6.785595472781795
taxi-H32-N192-D0-R0.7,taxi-H32-N192-D0,taxi,32,192,6912,1000000,0,0.7,q1-to-q16-f0.25,two_stage,156,151,6903,6693,156,151,6720,999432,12.25,12.324503311258278,0.030174809165813884,0.996591649725921,142,3.269090322641941,6.830710929001868,3.3823608931111955,6.806469159341198,8.050587972943248,8.146889304650033
taxi-H32-N192-D0-R0.9,taxi-H32-N192-D0,taxi,32,192,6912,1000000,0,0.9,q1-to-q16-f0.25,two_stage,156,151,6903,6693,156,151,6720,999432,12.25,12.324503311258278,0.030174809165813884,0.996591649725921,142,3.269090322641941,6.830710929001868,3.3823608931111955,6.806469159341198,9.416730158743622,9.508183136518273
taxi-H32-N192-D0-R1,taxi-H32-N192-D0,taxi,32,192,6912,1000000,0,1.0,q1-to-q16-f0.25,two_stage,156,151,6903,6693,156,151,6720,999432,12.25,12.324503311258278,0.030174809165813884,0.996591649725921,142,3.269090322641941,6.830710929001868,3.3823608931111955,6.806469159341198,10.09980125164381,10.188830052452394
taxi-H32-N192-D0-R0,taxi-H32-N192-D0,taxi,32,192,6912,1000000,0,0.0,q1-to-q16-f0.5,two_stage,170,165,6885,6690,170,165,6720,999432,8.5,8.545454545454545,0.030174809165813884,0.996591649725921,142,5.7834441366552625,4.043650036003349,5.888144413773334,4.01653300984286,5.7834441366552625,5.888144413773334
taxi-H32-N192-D0-R0.1,taxi-H32-N192-D0,taxi,32,192,6912,1000000,0,0.1,q1-to-q16-f0.5,two_stage,170,165,6885,6690,170,165,6720,999432,8.5,8.545454545454545,0.030174809165813884,0.996591649725921,142,5.7834441366552625,4.043650036003349,5.888144413773334,4.01653300984286,6.187809140255597,6.28979771475762
taxi-H32-N192-D0-R0.3,taxi-H32-N192-D0,taxi,32,192,6912,1000000,0,0.3,q1-to-q16-f0.5,two_stage,170,165,6885,6690,170,165,6720,999432,8.5,8.545454545454545,0.030174809165813884,0.996591649725921,142,5.7834441366552625,4.043650036003349,5.888144413773334,4.01653300984286,6.996539147456267,7.093104316726192
taxi-H32-N192-D0-R0.5,taxi-H32-N192-D0,taxi,32,192,6912,1000000,0,0.5,q1-to-q16-f0.5,two_stage,170,165,6885,6690,170,165,6720,999432,8.5,8.545454545454545,0.030174809165813884,0.996591649725921,142,5.7834441366552625,4.043650036003349,5.888144413773334,4.01653300984286,7.805269154656937,7.896410918694764
taxi-H32-N192-D0-R0.7,taxi-H32-N192-D0,taxi,32,192,6912,1000000,0,0.7,q1-to-q16-f0.5,two_stage,170,165,6885,6690,170,165,6720,999432,8.5,8.545454545454545,0.030174809165813884,0.996591649725921,142,5.7834441366552625,4.043650036003349,5.888144413773334,4.01653300984286,8.613999161857606,8.699717520663336
taxi-H32-N192-D0-R0.9,taxi-H32-N192-D0,taxi,32,192,6912,1000000,0,0.9,q1-to-q16-f0.5,two_stage,170,165,6885,6690,170,165,6720,999432,8.5,8.545454545454545,0.030174809165813884,0.996591649725921,142,5.7834441366552625,4.043650036003349,5.888144413773334,4.01653300984286,9.422729169058277,9.503024122631908
taxi-H32-N192-D0-R1,taxi-H32-N192-D0,taxi,32,192,6912,1000000,0,1.0,q1-to-q16-f0.5,two_stage,170,165,6885,6690,170,165,6720,999432,8.5,8.545454545454545,0.030174809165813884,0.996591649725921,142,5.7834441366552625,4.043650036003349,5.888144413773334,4.01653300984286,9.827094172658612,9.904677423616194
taxi-H32-N192-D0-R0,taxi-H32-N192-D0,taxi,32,192,6912,1000000,0,0.0,q1-to-q16-f0.75,two_stage,188,182,6909,6696,188,182,6720,999432,4.75,4.791208791208791,0.030174809165813884,0.996591649725921,142,8.709598391710324,0.8064032975894307,8.799704173630893,0.8157767660031843,8.709598391710324,8.799704173630893
taxi-H32-N192-D0-R0.1,taxi-H32-N192-D0,taxi,32,192,6912,1000000,0,0.1,q1-to-q16-f0.75,two_stage,188,182,6909,6696,188,182,6720,999432,4.75,4.791208791208791,0.030174809165813884,0.996591649725921,142,8.709598391710324,0.8064032975894307,8.799704173630893,0.8157767660031843,8.790238721469267,8.881281850231211
taxi-H32-N192-D0-R0.3,taxi-H32-N192-D0,taxi,32,192,6912,1000000,0,0.3,q1-to-q16-f0.75,two_stage,188,182,6909,6696,188,182,6720,999432,4.75,4.791208791208791,0.030174809165813884,0.996591649725921,142,8.709598391710324,0.8064032975894307,8.799704173630893,0.8157767660031843,8.951519380987154,9.044437203431848
taxi-H32-N192-D0-R0.5,taxi-H32-N192-D0,taxi,32,192,6912,1000000,0,0.5,q1-to-q16-f0.75,two_stage,188,182,6909,6696,188,182,6720,999432,4.75,4.791208791208791,0.030174809165813884,0.996591649725921,142,8.709598391710324,0.8064032975894307,8.799704173630893,0.8157767660031843,9.11280004050504,9.207592556632486
taxi-H32-N192-D0-R0.7,taxi-H32-N192-D0,taxi,32,192,6912,1000000,0,0.7,q1-to-q16-f0.75,two_stage,188,182,6909,6696,188,182,6720,999432,4.75,4.791208791208791,0.030174809165813884,0.996591649725921,142,8.709598391710324,0.8064032975894307,8.799704173630893,0.8157767660031843,9.274080700022926,9.370747909833122
taxi-H32-N192-D0-R0.9,taxi-H32-N192-D0,taxi,32,192,6912,1000000,0,0.9,q1-to-q16-f0.75,two_stage,188,182,6909,6696,188,182,6720,999432,4.75,4.791208791208791,0.030174809165813884,0.996591649725921,142,8.709598391710324,0.8064032975894307,8.799704173630893,0.8157767660031843,9.435361359540812,9.533903263033759
taxi-H32-N192-D0-R1,taxi-H32-N192-D0,taxi,32,192,6912,1000000,0,1.0,q1-to-q16-f0.75,two_stage,188,182,6909,6696,188,182,6720,999432,4.75,4.791208791208791,0.030174809165813884,0.996591649725921,142,8.709598391710324,0.8064032975894307,8.799704173630893,0.8157767660031843,9.516001689299754,9.615480939634077
taxi-H32-N192-D0-R0,taxi-H32-N192-D0,taxi,32,192,6912,1000000,0,0.0,q16-to-q1-f0.25,two_stage,188,183,6909,6714,188,183,6720,999432,4.75,4.688524590163935,0.030174809165813884,0.996591649725921,142,8.402216835853602,1.1137848534461583,8.461835168493206,1.1208523250234335,8.402216835853602,8.461835168493206
taxi-H32-N192-D0-R0.1,taxi-H32-N192-D0,taxi,32,192,6912,1000000,0,0.1,q16-to-q1-f0.25,two_stage,188,183,6909,6714,188,183,6720,999432,4.75,4.688524590163935,0.030174809165813884,0.996591649725921,142,8.402216835853602,1.1137848534461583,8.461835168493206,1.1208523250234335,8.513595321198219,8.573920400995549
taxi-H32-N192-D0-R0.3,taxi-H32-N192-D0,taxi,32,192,6912,1000000,0,0.3,q16-to-q1-f0.25,two_stage,188,183,6909,6714,188,183,6720,999432,4.75,4.688524590163935,0.030174809165813884,0.996591649725921,142,8.402216835853602,1.1137848534461583,8.461835168493206,1.1208523250234335,8.73635229188745,8.798090866000235
taxi-H32-N192-D0-R0.5,taxi-H32-N192-D0,taxi,32,192,6912,1000000,0,0.5,q16-to-q1-f0.25,two_stage,188,183,6909,6714,188,183,6720,999432,4.75,4.688524590163935,0.030174809165813884,0.996591649725921,142,8.402216835853602,1.1137848534461583,8.461835168493206,1.1208523250234335,8.959109262576682,9.022261331004923
taxi-H32-N192-D0-R0.7,taxi-H32-N192-D0,taxi,32,192,6912,1000000,0,0.7,q16-to-q1-f0.25,two_stage,188,183,6909,6714,188,183,6720,999432,4.75,4.688524590163935,0.030174809165813884,0.996591649725921,142,8.402216835853602,1.1137848534461583,8.461835168493206,1.1208523250234335,9.181866233265913,9.24643179600961
taxi-H32-N192-D0-R0.9,taxi-H32-N192-D0,taxi,32,192,6912,1000000,0,0.9,q16-to-q1-f0.25,two_stage,188,183,6909,6714,188,183,6720,999432,4.75,4.688524590163935,0.030174809165813884,0.996591649725921,142,8.402216835853602,1.1137848534461583,8.461835168493206,1.1208523250234335,9.404623203955145,9.470602261014296
taxi-H32-N192-D0-R1,taxi-H32-N192-D0,taxi,32,192,6912,1000000,0,1.0,q16-to-q1-f0.25,two_stage,188,183,6909,6714,188,183,6720,999432,4.75,4.688524590163935,0.030174809165813884,0.996591649725921,142,8.402216835853602,1.1137848534461583,8.461835168493206,1.1208523250234335,9.516001689299761,9.582687493516639
taxi-H32-N192-D0-R0,taxi-H32-N192-D0,taxi,32,192,6912,1000000,0,0.0,q16-to-q1-f0.5,two_stage,170,165,6885,6675,170,165,6720,999432,8.5,8.454545454545455,0.030174809165813884,0.996591649725921,142,5.738862945147806,4.088231227510797,5.801037982789641,4.1036394408265515,5.738862945147806,5.801037982789641
taxi-H32-N192-D0-R0.1,taxi-H32-N192-D0,taxi,32,192,6912,1000000,0,0.1,q16-to-q1-f0.5,two_stage,170,165,6885,6675,170,165,6720,999432,8.5,8.454545454545455,0.030174809165813884,0.996591649725921,142,5.738862945147806,4.088231227510797,5.801037982789641,4.1036394408265515,6.147686067898886,6.211401926872296
taxi-H32-N192-D0-R0.3,taxi-H32-N192-D0,taxi,32,192,6912,1000000,0,0.3,q16-to-q1-f0.5,two_stage,170,165,6885,6675,170,165,6720,999432,8.5,8.454545454545455,0.030174809165813884,0.996591649725921,142,5.738862945147806,4.088231227510797,5.801037982789641,4.1036394408265515,6.965332313401046,7.032129815037607
taxi-H32-N192-D0-R0.5,taxi-H32-N192-D0,taxi,32,192,6912,1000000,0,0.5,q16-to-q1-f0.5,two_stage,170,165,6885,6675,170,165,6720,999432,8.5,8.454545454545455,0.030174809165813884,0.996591649725921,142,5.738862945147806,4.088231227510797,5.801037982789641,4.1036394408265515,7.782978558903205,7.8528577032029165
taxi-H32-N192-D0-R0.7,taxi-H32-N192-D0,taxi,32,192,6912,1000000,0,0.7,q16-to-q1-f0.5,two_stage,170,165,6885,6675,170,165,6720,999432,8.5,8.454545454545455,0.030174809165813884,0.996591649725921,142,5.738862945147806,4.088231227510797,5.801037982789641,4.1036394408265515,8.600624804405363,8.673585591368226
taxi-H32-N192-D0-R0.9,taxi-H32-N192-D0,taxi,32,192,6912,1000000,0,0.9,q16-to-q1-f0.5,two_stage,170,165,6885,6675,170,165,6720,999432,8.5,8.454545454545455,0.030174809165813884,0.996591649725921,142,5.738862945147806,4.088231227510797,5.801037982789641,4.1036394408265515,9.418271049907524,9.494313479533538
taxi-H32-N192-D0-R1,taxi-H32-N192-D0,taxi,32,192,6912,1000000,0,1.0,q16-to-q1-f0.5,two_stage,170,165,6885,6675,170,165,6720,999432,8.5,8.454545454545455,0.030174809165813884,0.996591649725921,142,5.738862945147806,4.088231227510797,5.801037982789641,4.1036394408265515,9.827094172658605,9.904677423616192
taxi-H32-N192-D0-R0,taxi-H32-N192-D0,taxi,32,192,6912,1000000,0,0.0,q16-to-q1-f0.75,two_stage,156,151,6903,6678,156,151,6720,999432,12.25,12.225165562913908,0.030174809165813884,0.996591649725921,142,2.6825549712941474,7.417246280349663,2.7861695001305375,7.402660552321858,2.6825549712941474,2.7861695001305375
taxi-H32-N192-D0-R0.1,taxi-H32-N192-D0,taxi,32,192,6912,1000000,0,0.1,q16-to-q1-f0.75,two_stage,156,151,6903,6678,156,151,6720,999432,12.25,12.225165562913908,0.030174809165813884,0.996591649725921,142,2.6825549712941474,7.417246280349663,2.7861695001305375,7.402660552321858,3.4242795993291137,3.526435555362723
taxi-H32-N192-D0-R0.3,taxi-H32-N192-D0,taxi,32,192,6912,1000000,0,0.3,q16-to-q1-f0.75,two_stage,156,151,6903,6678,156,151,6720,999432,12.25,12.225165562913908,0.030174809165813884,0.996591649725921,142,2.6825549712941474,7.417246280349663,2.7861695001305375,7.402660552321858,4.907728855399046,5.006967665827094
taxi-H32-N192-D0-R0.5,taxi-H32-N192-D0,taxi,32,192,6912,1000000,0,0.5,q16-to-q1-f0.75,two_stage,156,151,6903,6678,156,151,6720,999432,12.25,12.225165562913908,0.030174809165813884,0.996591649725921,142,2.6825549712941474,7.417246280349663,2.7861695001305375,7.402660552321858,6.391178111468979,6.487499776291466
taxi-H32-N192-D0-R0.7,taxi-H32-N192-D0,taxi,32,192,6912,1000000,0,0.7,q16-to-q1-f0.75,two_stage,156,151,6903,6678,156,151,6720,999432,12.25,12.225165562913908,0.030174809165813884,0.996591649725921,142,2.6825549712941474,7.417246280349663,2.7861695001305375,7.402660552321858,7.874627367538912,7.968031886755838
taxi-H32-N192-D0-R0.9,taxi-H32-N192-D0,taxi,32,192,6912,1000000,0,0.9,q16-to-q1-f0.75,two_stage,156,151,6903,6678,156,151,6720,999432,12.25,12.225165562913908,0.030174809165813884,0.996591649725921,142,2.6825549712941474,7.417246280349663,2.7861695001305375,7.402660552321858,9.358076623608845,9.448563997220209
taxi-H32-N192-D0-R1,taxi-H32-N192-D0,taxi,32,192,6912,1000000,0,1.0,q16-to-q1-f0.75,two_stage,156,151,6903,6678,156,151,6720,999432,12.25,12.225165562913908,0.030174809165813884,0.996591649725921,142,2.6825549712941474,7.417246280349663,2.7861695001305375,7.402660552321858,10.099801251643811,10.188830052452396
taxi-H32-N192-D4-R0,taxi-H32-N192-D4,taxi,32,192,6912,1000000,4,0.0,fixed-q1,fixed,209,203,6897,6699,213,207,6720,999428,1.0,1.0,0.030174809165813884,0.9965441244965821,142,9.504328735018468,0.0,9.596310886774821,0.0,9.504328735018468,9.596310886774821
taxi-H32-N192-D4-R0.1,taxi-H32-N192-D4,taxi,32,192,6912,1000000,4,0.1,fixed-q1,fixed,209,203,6897,6699,213,207,6720,999428,1.0,1.0,0.030174809165813884,0.9965441244965821,142,9.504328735018468,0.0,9.596310886774821,0.0,9.504328735018468,9.596310886774821
taxi-H32-N192-D4-R0.3,taxi-H32-N192-D4,taxi,32,192,6912,1000000,4,0.3,fixed-q1,fixed,209,203,6897,6699,213,207,6720,999428,1.0,1.0,0.030174809165813884,0.9965441244965821,142,9.504328735018468,0.0,9.596310886774821,0.0,9.504328735018468,9.596310886774821
taxi-H32-N192-D4-R0.5,taxi-H32-N192-D4,taxi,32,192,6912,1000000,4,0.5,fixed-q1,fixed,209,203,6897,6699,213,207,6720,999428,1.0,1.0,0.030174809165813884,0.9965441244965821,142,9.504328735018468,0.0,9.596310886774821,0.0,9.504328735018468,9.596310886774821
taxi-H32-N192-D4-R0.7,taxi-H32-N192-D4,taxi,32,192,6912,1000000,4,0.7,fixed-q1,fixed,209,203,6897,6699,213,207,6720,999428,1.0,1.0,0.030174809165813884,0.9965441244965821,142,9.504328735018468,0.0,9.596310886774821,0.0,9.504328735018468,9.596310886774821
taxi-H32-N192-D4-R0.9,taxi-H32-N192-D4,taxi,32,192,6912,1000000,4,0.9,fixed-q1,fixed,209,203,6897,6699,213,207,6720,999428,1.0,1.0,0.030174809165813884,0.9965441244965821,142,9.504328735018468,0.0,9.596310886774821,0.0,9.504328735018468,9.596310886774821
taxi-H32-N192-D4-R1,taxi-H32-N192-D4,taxi,32,192,6912,1000000,4,1.0,fixed-q1,fixed,209,203,6897,6699,213,207,6720,999428,1.0,1.0,0.030174809165813884,0.9965441244965821,142,9.504328735018468,0.0,9.596310886774821,0.0,9.504328735018468,9.596310886774821
taxi-H32-N192-D4-R0,taxi-H32-N192-D4,taxi,32,192,6912,1000000,4,0.0,fixed-q4,fixed,192,186,6912,6696,196,190,6720,999428,4.0,4.0,0.030174809165813884,0.9965441244965821,142,3.0374567106694212,6.752394725683144,3.109975057727126,6.780526976646561,3.0374567106694212,3.109975057727126
taxi-H32-N192-D4-R0.1,taxi-H32-N192-D4,taxi,32,192,6912,1000000,4,0.1,fixed-q4,fixed,192,186,6912,6696,196,190,6720,999428,4.0,4.0,0.030174809165813884,0.9965441244965821,142,3.0374567106694212,6.752394725683144,3.109975057727126,6.780526976646561,3.7126961832377354,3.7880277553917825
taxi-H32-N192-D4-R0.3,taxi-H32-N192-D4,taxi,32,192,6912,1000000,4,0.3,fixed-q4,fixed,192,186,6912,6696,196,190,6720,999428,4.0,4.0,0.030174809165813884,0.9965441244965821,142,3.0374567106694212,6.752394725683144,3.109975057727126,6.780526976646561,5.063175128374365,5.144133150721094
taxi-H32-N192-D4-R0.5,taxi-H32-N192-D4,taxi,32,192,6912,1000000,4,0.5,fixed-q4,fixed,192,186,6912,6696,196,190,6720,999428,4.0,4.0,0.030174809165813884,0.9965441244965821,142,3.0374567106694212,6.752394725683144,3.109975057727126,6.780526976646561,6.413654073510993,6.500238546050406
taxi-H32-N192-D4-R0.7,taxi-H32-N192-D4,taxi,32,192,6912,1000000,4,0.7,fixed-q4,fixed,192,186,6912,6696,196,190,6720,999428,4.0,4.0,0.030174809165813884,0.9965441244965821,142,3.0374567106694212,6.752394725683144,3.109975057727126,6.780526976646561,7.764133018647621,7.856343941379718
taxi-H32-N192-D4-R0.9,taxi-H32-N192-D4,taxi,32,192,6912,1000000,4,0.9,fixed-q4,fixed,192,186,6912,6696,196,190,6720,999428,4.0,4.0,0.030174809165813884,0.9965441244965821,142,3.0374567106694212,6.752394725683144,3.109975057727126,6.780526976646561,9.11461196378425,9.212449336709032
taxi-H32-N192-D4-R1,taxi-H32-N192-D4,taxi,32,192,6912,1000000,4,1.0,fixed-q4,fixed,192,186,6912,6696,196,190,6720,999428,4.0,4.0,0.030174809165813884,0.9965441244965821,142,3.0374567106694212,6.752394725683144,3.109975057727126,6.780526976646561,9.789851436352565,9.890502034373688
taxi-H32-N192-D4-R0,taxi-H32-N192-D4,taxi,32,192,6912,1000000,4,0.0,fixed-q16,fixed,144,140,6912,6720,148,144,6720,999428,16.0,16.0,0.030174809165813884,0.9965441244965821,142,2.1232199746713007,8.601747345460362,2.222144168265783,8.598618724582709,2.1232199746713007,2.222144168265783
taxi-H32-N192-D4-R0.1,taxi-H32-N192-D4,taxi,32,192,6912,1000000,4,0.1,fixed-q16,fixed,144,140,6912,6720,148,144,6720,999428,16.0,16.0,0.030174809165813884,0.9965441244965821,142,2.1232199746713007,8.601747345460362,2.222144168265783,8.598618724582709,2.983394709217337,3.082006040724054
taxi-H32-N192-D4-R0.3,taxi-H32-N192-D4,taxi,32,192,6912,1000000,4,0.3,fixed-q16,fixed,144,140,6912,6720,148,144,6720,999428,16.0,16.0,0.030174809165813884,0.9965441244965821,142,2.1232199746713007,8.601747345460362,2.222144168265783,8.598618724582709,4.703744178309409,4.801729785640596
taxi-H32-N192-D4-R0.5,taxi-H32-N192-D4,taxi,32,192,6912,1000000,4,0.5,fixed-q16,fixed,144,140,6912,6720,148,144,6720,999428,16.0,16.0,0.030174809165813884,0.9965441244965821,142,2.1232199746713007,8.601747345460362,2.222144168265783,8.598618724582709,6.424093647401482,6.521453530557137
taxi-H32-N192-D4-R0.7,taxi-H32-N192-D4,taxi,32,192,6912,1000000,4,0.7,fixed-q16,fixed,144,140,6912,6720,148,144,6720,999428,16.0,16.0,0.030174809165813884,0.9965441244965821,142,2.1232199746713007,8.601747345460362,2.222144168265783,8.598618724582709,8.144443116493555,8.241177275473678
taxi-H32-N192-D4-R0.9,taxi-H32-N192-D4,taxi,32,192,6912,1000000,4,0.9,fixed-q16,fixed,144,140,6912,6720,148,144,6720,999428,16.0,16.0,0.030174809165813884,0.9965441244965821,142,2.1232199746713007,8.601747345460362,2.222144168265783,8.598618724582709,9.864792585585626,9.96090102039022
taxi-H32-N192-D4-R1,taxi-H32-N192-D4,taxi,32,192,6912,1000000,4,1.0,fixed-q16,fixed,144,140,6912,6720,148,144,6720,999428,16.0,16.0,0.030174809165813884,0.9965441244965821,142,2.1232199746713007,8.601747345460362,2.222144168265783,8.598618724582709,10.724967320131663,10.820762892848492
taxi-H32-N192-D4-R0,taxi-H32-N192-D4,taxi,32,192,6912,1000000,4,0.0,q1-to-q16-f0.25,two_stage,156,151,6903,6693,160,155,6720,999428,12.25,12.324503311258278,0.030174809165813884,0.9965441244965821,142,3.204063875441953,7.25370360590577,3.3123384737076194,7.2342820748922065,3.204063875441953,3.3123384737076194
taxi-H32-N192-D4-R0.1,taxi-H32-N192-D4,taxi,32,192,6912,1000000,4,0.1,q1-to-q16-f0.25,two_stage,156,151,6903,6693,160,155,6720,999428,12.25,12.324503311258278,0.030174809165813884,0.9965441244965821,142,3.204063875441953,7.25370360590577,3.3123384737076194,7.2342820748922065,3.92943423603253,4.03576668119684
taxi-H32-N192-D4-R0.3,taxi-H32-N192-D4,taxi,32,192,6912,1000000,4,0.3,q1-to-q16-f0.25,two_stage,156,151,6903,6693,160,155,6720,999428,12.25,12.324503311258278,0.030174809165813884,0.9965441244965821,142,3.204063875441953,7.25370360590577,3.3123384737076194,7.2342820748922065,5.380174957213684,5.482623096175281
taxi-H32-N192-D4-R0.5,taxi-H32-N192-D4,taxi,32,192,6912,1000000,4,0.5,q1-to-q16-f0.25,two_stage,156,151,6903,6693,160,155,6720,999428,12.25,12.324503311258278,0.030174809165813884,0.9965441244965821,142,3.204063875441953,7.25370360590577,3.3123384737076194,7.2342820748922065,6.830915678394838,6.929479511153723
taxi-H32-N192-D4-R0.7,taxi-H32-N192-D4,taxi,32,192,6912,1000000,4,0.7,q1-to-q16-f0.25,two_stage,156,151,6903,6693,160,155,6720,999428,12.25,12.324503311258278,0.030174809165813884,0.9965441244965821,142,3.204063875441953,7.25370360590577,3.3123384737076194,7.2342820748922065,8.281656399575992,8.376335926132164
taxi-H32-N192-D4-R0.9,taxi-H32-N192-D4,taxi,32,192,6912,1000000,4,0.9,q1-to-q16-f0.25,two_stage,156,151,6903,6693,160,155,6720,999428,12.25,12.324503311258278,0.030174809165813884,0.9965441244965821,142,3.204063875441953,7.25370360590577,3.3123384737076194,7.2342820748922065,9.732397120757145,9.823192341110605
taxi-H32-N192-D4-R1,taxi-H32-N192-D4,taxi,32,192,6912,1000000,4,1.0,q1-to-q16-f0.25,two_stage,156,151,6903,6693,160,155,6720,999428,12.25,12.324503311258278,0.030174809165813884,0.9965441244965821,142,3.204063875441953,7.25370360590577,3.3123384737076194,7.2342820748922065,10.457767481347723,10.546620548599826
taxi-H32-N192-D4-R0,taxi-H32-N192-D4,taxi,32,192,6912,1000000,4,0.0,q1-to-q16-f0.5,two_stage,170,165,6885,6690,174,169,6720,999428,8.5,8.545454545454545,0.030174809165813884,0.9965441244965821,142,5.841708693047995,4.336186131674803,5.944821276669882,4.310905837681946,5.841708693047995,5.944821276669882
taxi-H32-N192-D4-R0.1,taxi-H32-N192-D4,taxi,32,192,6912,1000000,4,0.1,q1-to-q16-f0.5,two_stage,170,165,6885,6690,174,169,6720,999428,8.5,8.545454545454545,0.030174809165813884,0.9965441244965821,142,5.841708693047995,4.336186131674803,5.944821276669882,4.310905837681946,6.275327306215475,6.375911860438077
taxi-H32-N192-D4-R0.3,taxi-H32-N192-D4,taxi,32,192,6912,1000000,4,0.3,q1-to-q16-f0.5,two_stage,170,165,6885,6690,174,169,6720,999428,8.5,8.545454545454545,0.030174809165813884,0.9965441244965821,142,5.841708693047995,4.336186131674803,5.944821276669882,4.310905837681946,7.142564532550436,7.2380930279744655
taxi-H32-N192-D4-R0.5,taxi-H32-N192-D4,taxi,32,192,6912,1000000,4,0.5,q1-to-q16-f0.5,two_stage,170,165,6885,6690,174,169,6720,999428,8.5,8.545454545454545,0.030174809165813884,0.9965441244965821,142,5.841708693047995,4.336186131674803,5.944821276669882,4.310905837681946,8.009801758885397,8.100274195510854
taxi-H32-N192-D4-R0.7,taxi-H32-N192-D4,taxi,32,192,6912,1000000,4,0.7,q1-to-q16-f0.5,two_stage,170,165,6885,6690,174,169,6720,999428,8.5,8.545454545454545,0.030174809165813884,0.9965441244965821,142,5.841708693047995,4.336186131674803,5.944821276669882,4.310905837681946,8.877038985220356,8.962455363047244
taxi-H32-N192-D4-R0.9,taxi-H32-N192-D4,taxi,32,192,6912,1000000,4,0.9,q1-to-q16-f0.5,two_stage,170,165,6885,6690,174,169,6720,999428,8.5,8.545454545454545,0.030174809165813884,0.9965441244965821,142,5.841708693047995,4.336186131674803,5.944821276669882,4.310905837681946,9.744276211555317,9.824636530583634
taxi-H32-N192-D4-R1,taxi-H32-N192-D4,taxi,32,192,6912,1000000,4,1.0,q1-to-q16-f0.5,two_stage,170,165,6885,6690,174,169,6720,999428,8.5,8.545454545454545,0.030174809165813884,0.9965441244965821,142,5.841708693047995,4.336186131674803,5.944821276669882,4.310905837681946,10.177894824722799,10.255727114351828
taxi-H32-N192-D4-R0,taxi-H32-N192-D4,taxi,32,192,6912,1000000,4,0.0,q1-to-q16-f0.75,two_stage,188,182,6909,6696,192,186,6720,999428,4.75,4.791208791208791,0.030174809165813884,0.9965441244965821,142,8.972413749452079,0.8841532504952948,9.064485662835105,0.8951140072780329,8.972413749452079,9.064485662835105
taxi-H32-N192-D4-R0.1,taxi-H32-N192-D4,taxi,32,192,6912,1000000,4,0.1,q1-to-q16-f0.75,two_stage,188,182,6909,6696,192,186,6720,999428,4.75,4.791208791208791,0.030174809165813884,0.9965441244965821,142,8.972413749452079,0.8841532504952948,9.064485662835105,0.8951140072780329,9.060829074501608,9.153997063562908
taxi-H32-N192-D4-R0.3,taxi-H32-N192-D4,taxi,32,192,6912,1000000,4,0.3,q1-to-q16-f0.75,two_stage,188,182,6909,6696,192,186,6720,999428,4.75,4.791208791208791,0.030174809165813884,0.9965441244965821,142,8.972413749452079,0.8841532504952948,9.064485662835105,0.8951140072780329,9.237659724600666,9.333019865018516
taxi-H32-N192-D4-R0.5,taxi-H32-N192-D4,taxi,32,192,6912,1000000,4,0.5,q1-to-q16-f0.75,two_stage,188,182,6909,6696,192,186,6720,999428,4.75,4.791208791208791,0.030174809165813884,0.9965441244965821,142,8.972413749452079,0.8841532504952948,9.064485662835105,0.8951140072780329,9.414490374699726,9.512042666474121
taxi-H32-N192-D4-R0.7,taxi-H32-N192-D4,taxi,32,192,6912,1000000,4,0.7,q1-to-q16-f0.75,two_stage,188,182,6909,6696,192,186,6720,999428,4.75,4.791208791208791,0.030174809165813884,0.9965441244965821,142,8.972413749452079,0.8841532504952948,9.064485662835105,0.8951140072780329,9.591321024798784,9.691065467929729
taxi-H32-N192-D4-R0.9,taxi-H32-N192-D4,taxi,32,192,6912,1000000,4,0.9,q1-to-q16-f0.75,two_stage,188,182,6909,6696,192,186,6720,999428,4.75,4.791208791208791,0.030174809165813884,0.9965441244965821,142,8.972413749452079,0.8841532504952948,9.064485662835105,0.8951140072780329,9.768151674897844,9.870088269385334
taxi-H32-N192-D4-R1,taxi-H32-N192-D4,taxi,32,192,6912,1000000,4,1.0,q1-to-q16-f0.75,two_stage,188,182,6909,6696,192,186,6720,999428,4.75,4.791208791208791,0.030174809165813884,0.9965441244965821,142,8.972413749452079,0.8841532504952948,9.064485662835105,0.8951140072780329,9.856566999947374,9.959599670113139
taxi-H32-N192-D4-R0,taxi-H32-N192-D4,taxi,32,192,6912,1000000,4,0.0,q16-to-q1-f0.25,two_stage,188,183,6909,6714,192,187,6720,999428,4.75,4.688524590163935,0.030174809165813884,0.9965441244965821,142,8.72900592130951,1.1275610786378798,8.787911368466574,1.1361976747594378,8.72900592130951,8.787911368466574
taxi-H32-N192-D4-R0.1,taxi-H32-N192-D4,taxi,32,192,6912,1000000,4,0.1,q16-to-q1-f0.25,two_stage,188,183,6909,6714,192,187,6720,999428,4.75,4.688524590163935,0.030174809165813884,0.9965441244965821,142,8.72900592130951,1.1275610786378798,8.787911368466574,1.1361976747594378,8.841762029173298,8.901531135942518
taxi-H32-N192-D4-R0.3,taxi-H32-N192-D4,taxi,32,192,6912,1000000,4,0.3,q16-to-q1-f0.25,two_stage,188,183,6909,6714,192,187,6720,999428,4.75,4.688524590163935,0.030174809165813884,0.9965441244965821,142,8.72900592130951,1.1275610786378798,8.787911368466574,1.1361976747594378,9.067274244900874,9.128770670894406
taxi-H32-N192-D4-R0.5,taxi-H32-N192-D4,taxi,32,192,6912,1000000,4,0.5,q16-to-q1-f0.25,two_stage,188,183,6909,6714,192,187,6720,999428,4.75,4.688524590163935,0.030174809165813884,0.9965441244965821,142,8.72900592130951,1.1275610786378798,8.787911368466574,1.1361976747594378,9.292786460628449,9.356010205846292
taxi-H32-N192-D4-R0.7,taxi-H32-N192-D4,taxi,32,192,6912,1000000,4,0.7,q16-to-q1-f0.25,two_stage,188,183,6909,6714,192,187,6720,999428,4.75,4.688524590163935,0.030174809165813884,0.9965441244965821,142,8.72900592130951,1.1275610786378798,8.787911368466574,1.1361976747594378,9.518298676356025,9.58324974079818
taxi-H32-N192-D4-R0.9,taxi-H32-N192-D4,taxi,32,192,6912,1000000,4,0.9,q16-to-q1-f0.25,two_stage,188,183,6909,6714,192,187,6720,999428,4.75,4.688524590163935,0.030174809165813884,0.9965441244965821,142,8.72900592130951,1.1275610786378798,8.787911368466574,1.1361976747594378,9.743810892083602,9.810489275750069
taxi-H32-N192-D4-R1,taxi-H32-N192-D4,taxi,32,192,6912,1000000,4,1.0,q16-to-q1-f0.25,two_stage,188,183,6909,6714,192,187,6720,999428,4.75,4.688524590163935,0.030174809165813884,0.9965441244965821,142,8.72900592130951,1.1275610786378798,8.787911368466574,1.1361976747594378,9.85656699994739,9.92410904322601
taxi-H32-N192-D4-R0,taxi-H32-N192-D4,taxi,32,192,6912,1000000,4,0.0,q16-to-q1-f0.5,two_stage,170,165,6885,6675,174,169,6720,999428,8.5,8.454545454545455,0.030174809165813884,0.9965441244965821,142,5.953382255098876,4.224512569623924,6.011160612621046,4.2445665017307945,5.953382255098876,6.011160612621046
taxi-H32-N192-D4-R0.1,taxi-H32-N192-D4,taxi,32,192,6912,1000000,4,0.1,q16-to-q1-f0.5,two_stage,170,165,6885,6675,174,169,6720,999428,8.5,8.454545454545455,0.030174809165813884,0.9965441244965821,142,5.953382255098876,4.224512569623924,6.011160612621046,4.2445665017307945,6.375833512061268,6.435617262794125
taxi-H32-N192-D4-R0.3,taxi-H32-N192-D4,taxi,32,192,6912,1000000,4,0.3,q16-to-q1-f0.5,two_stage,170,165,6885,6675,174,169,6720,999428,8.5,8.454545454545455,0.030174809165813884,0.9965441244965821,142,5.953382255098876,4.224512569623924,6.011160612621046,4.2445665017307945,7.220736025986053,7.284530563140284
taxi-H32-N192-D4-R0.5,taxi-H32-N192-D4,taxi,32,192,6912,1000000,4,0.5,q16-to-q1-f0.5,two_stage,170,165,6885,6675,174,169,6720,999428,8.5,8.454545454545455,0.030174809165813884,0.9965441244965821,142,5.953382255098876,4.224512569623924,6.011160612621046,4.2445665017307945,8.065638539910838,8.133443863486443
taxi-H32-N192-D4-R0.7,taxi-H32-N192-D4,taxi,32,192,6912,1000000,4,0.7,q16-to-q1-f0.5,two_stage,170,165,6885,6675,174,169,6720,999428,8.5,8.454545454545455,0.030174809165813884,0.9965441244965821,142,5.953382255098876,4.224512569623924,6.011160612621046,4.2445665017307945,8.910541053835622,8.982357163832601
taxi-H32-N192-D4-R0.9,taxi-H32-N192-D4,taxi,32,192,6912,1000000,4,0.9,q16-to-q1-f0.5,two_stage,170,165,6885,6675,174,169,6720,999428,8.5,8.454545454545455,0.030174809165813884,0.9965441244965821,142,5.953382255098876,4.224512569623924,6.011160612621046,4.2445665017307945,9.755443567760407,9.831270464178761
taxi-H32-N192-D4-R1,taxi-H32-N192-D4,taxi,32,192,6912,1000000,4,1.0,q16-to-q1-f0.5,two_stage,170,165,6885,6675,174,169,6720,999428,8.5,8.454545454545455,0.030174809165813884,0.9965441244965821,142,5.953382255098876,4.224512569623924,6.011160612621046,4.2445665017307945,10.177894824722799,10.25572711435184
taxi-H32-N192-D4-R0,taxi-H32-N192-D4,taxi,32,192,6912,1000000,4,0.0,q16-to-q1-f0.75,two_stage,156,151,6903,6678,160,155,6720,999428,12.25,12.225165562913908,0.030174809165813884,0.9965441244965821,142,2.6648745861636294,7.792892895184095,2.761508159195266,7.785112389404562,2.6648745861636294,2.761508159195266
taxi-H32-N192-D4-R0.1,taxi-H32-N192-D4,taxi,32,192,6912,1000000,4,0.1,q16-to-q1-f0.75,two_stage,156,151,6903,6678,160,155,6720,999428,12.25,12.225165562913908,0.030174809165813884,0.9965441244965821,142,2.6648745861636294,7.792892895184095,2.761508159195266,7.785112389404562,3.444163875682039,3.540019398135722
taxi-H32-N192-D4-R0.3,taxi-H32-N192-D4,taxi,32,192,6912,1000000,4,0.3,q16-to-q1-f0.75,two_stage,156,151,6903,6678,160,155,6720,999428,12.25,12.225165562913908,0.030174809165813884,0.9965441244965821,142,2.6648745861636294,7.792892895184095,2.761508159195266,7.785112389404562,5.002742454718858,5.097041876016634
taxi-H32-N192-D4-R0.5,taxi-H32-N192-D4,taxi,32,192,6912,1000000,4,0.5,q16-to-q1-f0.75,two_stage,156,151,6903,6678,160,155,6720,999428,12.25,12.225165562913908,0.030174809165813884,0.9965441244965821,142,2.6648745861636294,7.792892895184095,2.761508159195266,7.785112389404562,6.561321033755677,6.654064353897547
taxi-H32-N192-D4-R0.7,taxi-H32-N192-D4,taxi,32,192,6912,1000000,4,0.7,q16-to-q1-f0.75,two_stage,156,151,6903,6678,160,155,6720,999428,12.25,12.225165562913908,0.030174809165813884,0.9965441244965821,142,2.6648745861636294,7.792892895184095,2.761508159195266,7.785112389404562,8.119899612792496,8.21108683177846
taxi-H32-N192-D4-R0.9,taxi-H32-N192-D4,taxi,32,192,6912,1000000,4,0.9,q16-to-q1-f0.75,two_stage,156,151,6903,6678,160,155,6720,999428,12.25,12.225165562913908,0.030174809165813884,0.9965441244965821,142,2.6648745861636294,7.792892895184095,2.761508159195266,7.785112389404562,9.678478191829315,9.768109309659373
taxi-H32-N192-D4-R1,taxi-H32-N192-D4,taxi,32,192,6912,1000000,4,1.0,q16-to-q1-f0.75,two_stage,156,151,6903,6678,160,155,6720,999428,12.25,12.225165562913908,0.030174809165813884,0.9965441244965821,142,2.6648745861636294,7.792892895184095,2.761508159195266,7.785112389404562,10.457767481347725,10.546620548599828
taxi-H32-N192-D8-R0,taxi-H32-N192-D8,taxi,32,192,6912,1000000,8,0.0,fixed-q1,fixed,209,203,6897,6699,217,211,6720,999424,1.0,1.0,0.030174809165813884,0.9964945415190717,142,9.891008270729534,0.0,9.98889256252765,0.0,9.891008270729534,9.98889256252765
taxi-H32-N192-D8-R0.1,taxi-H32-N192-D8,taxi,32,192,6912,1000000,8,0.1,fixed-q1,fixed,209,203,6897,6699,217,211,6720,999424,1.0,1.0,0.030174809165813884,0.9964945415190717,142,9.891008270729534,0.0,9.98889256252765,0.0,9.891008270729534,9.98889256252765
taxi-H32-N192-D8-R0.3,taxi-H32-N192-D8,taxi,32,192,6912,1000000,8,0.3,fixed-q1,fixed,209,203,6897,6699,217,211,6720,999424,1.0,1.0,0.030174809165813884,0.9964945415190717,142,9.891008270729534,0.0,9.98889256252765,0.0,9.891008270729534,9.98889256252765
taxi-H32-N192-D8-R0.5,taxi-H32-N192-D8,taxi,32,192,6912,1000000,8,0.5,fixed-q1,fixed,209,203,6897,6699,217,211,6720,999424,1.0,1.0,0.030174809165813884,0.9964945415190717,142,9.891008270729534,0.0,9.98889256252765,0.0,9.891008270729534,9.98889256252765
taxi-H32-N192-D8-R0.7,taxi-H32-N192-D8,taxi,32,192,6912,1000000,8,0.7,fixed-q1,fixed,209,203,6897,6699,217,211,6720,999424,1.0,1.0,0.030174809165813884,0.9964945415190717,142,9.891008270729534,0.0,9.98889256252765,0.0,9.891008270729534,9.98889256252765
taxi-H32-N192-D8-R0.9,taxi-H32-N192-D8,taxi,32,192,6912,1000000,8,0.9,fixed-q1,fixed,209,203,6897,6699,217,211,6720,999424,1.0,1.0,0.030174809165813884,0.9964945415190717,142,9.891008270729534,0.0,9.98889256252765,0.0,9.891008270729534,9.98889256252765
taxi-H32-N192-D8-R1,taxi-H32-N192-D8,taxi,32,192,6912,1000000,8,1.0,fixed-q1,fixed,209,203,6897,6699,217,211,6720,999424,1.0,1.0,0.030174809165813884,0.9964945415190717,142,9.891008270729534,0.0,9.98889256252765,0.0,9.891008270729534,9.98889256252765
taxi-H32-N192-D8-R0,taxi-H32-N192-D8,taxi,32,192,6912,1000000,8,0.0,fixed-q4,fixed,192,186,6912,6696,200,194,6720,999424,4.0,4.0,0.030174809165813884,0.9964945415190717,142,3.0832748946000463,7.112142948902272,3.1525232530877076,7.149286828106535,3.0832748946000463,3.1525232530877076
taxi-H32-N192-D8-R0.1,taxi-H32-N192-D8,taxi,32,192,6912,1000000,8,0.1,fixed-q4,fixed,192,186,6912,6696,200,194,6720,999424,4.0,4.0,0.030174809165813884,0.9964945415190717,142,3.0832748946000463,7.112142948902272,3.1525232530877076,7.149286828106535,3.7944891894902737,3.8674519358983614
taxi-H32-N192-D8-R0.3,taxi-H32-N192-D8,taxi,32,192,6912,1000000,8,0.3,fixed-q4,fixed,192,186,6912,6696,200,194,6720,999424,4.0,4.0,0.030174809165813884,0.9964945415190717,142,3.0832748946000463,7.112142948902272,3.1525232530877076,7.149286828106535,5.216917779270728,5.297309301519668
taxi-H32-N192-D8-R0.5,taxi-H32-N192-D8,taxi,32,192,6912,1000000,8,0.5,fixed-q4,fixed,192,186,6912,6696,200,194,6720,999424,4.0,4.0,0.030174809165813884,0.9964945415190717,142,3.0832748946000463,7.112142948902272,3.1525232530877076,7.149286828106535,6.639346369051182,6.727166667140976
taxi-H32-N192-D8-R0.7,taxi-H32-N192-D8,taxi,32,192,6912,1000000,8,0.7,fixed-q4,fixed,192,186,6912,6696,200,194,6720,999424,4.0,4.0,0.030174809165813884,0.9964945415190717,142,3.0832748946000463,7.112142948902272,3.1525232530877076,7.149286828106535,8.061774958831636,8.157024032762283
taxi-H32-N192-D8-R0.9,taxi-H32-N192-D8,taxi,32,192,6912,1000000,8,0.9,fixed-q4,fixed,192,186,6912,6696,200,194,6720,999424,4.0,4.0,0.030174809165813884,0.9964945415190717,142,3.0832748946000463,7.112142948902272,3.1525232530877076,7.149286828106535,9.484203548612092,9.58688139838359
taxi-H32-N192-D8-R1,taxi-H32-N192-D8,taxi,32,192,6912,1000000,8,1.0,fixed-q4,fixed,192,186,6912,6696,200,194,6720,999424,4.0,4.0,0.030174809165813884,0.9964945415190717,142,3.0832748946000463,7.112142948902272,3.1525232530877076,7.149286828106535,10.195417843502318,10.301810081194244
taxi-H32-N192-D8-R0,taxi-H32-N192-D8,taxi,32,192,6912,1000000,8,0.0,fixed-q16,fixed,144,140,6912,6720,152,148,6720,999424,16.0,16.0,0.030174809165813884,0.9964945415190717,142,2.0295053367971674,9.146439954059941,2.1241533570861426,9.15160489361831,2.0295053367971674,2.1241533570861426
taxi-H32-N192-D8-R0.1,taxi-H32-N192-D8,taxi,32,192,6912,1000000,8,0.1,fixed-q16,fixed,144,140,6912,6720,152,148,6720,999424,16.0,16.0,0.030174809165813884,0.9964945415190717,142,2.0295053367971674,9.146439954059941,2.1241533570861426,9.15160489361831,2.9441493322031613,3.039313846447974
taxi-H32-N192-D8-R0.3,taxi-H32-N192-D8,taxi,32,192,6912,1000000,8,0.3,fixed-q16,fixed,144,140,6912,6720,152,148,6720,999424,16.0,16.0,0.030174809165813884,0.9964945415190717,142,2.0295053367971674,9.146439954059941,2.1241533570861426,9.15160489361831,4.77343732301515,4.8696348251716355
taxi-H32-N192-D8-R0.5,taxi-H32-N192-D8,taxi,32,192,6912,1000000,8,0.5,fixed-q16,fixed,144,140,6912,6720,152,148,6720,999424,16.0,16.0,0.030174809165813884,0.9964945415190717,142,2.0295053367971674,9.146439954059941,2.1241533570861426,9.15160489361831,6.602725313827138,6.699955803895298
taxi-H32-N192-D8-R0.7,taxi-H32-N192-D8,taxi,32,192,6912,1000000,8,0.7,fixed-q16,fixed,144,140,6912,6720,152,148,6720,999424,16.0,16.0,0.030174809165813884,0.9964945415190717,142,2.0295053367971674,9.146439954059941,2.1241533570861426,9.15160489361831,8.432013304639126,8.530276782618959
taxi-H32-N192-D8-R0.9,taxi-H32-N192-D8,taxi,32,192,6912,1000000,8,0.9,fixed-q16,fixed,144,140,6912,6720,152,148,6720,999424,16.0,16.0,0.030174809165813884,0.9964945415190717,142,2.0295053367971674,9.146439954059941,2.1241533570861426,9.15160489361831,10.261301295451116,10.360597761342621
taxi-H32-N192-D8-R1,taxi-H32-N192-D8,taxi,32,192,6912,1000000,8,1.0,fixed-q16,fixed,144,140,6912,6720,152,148,6720,999424,16.0,16.0,0.030174809165813884,0.9964945415190717,142,2.0295053367971674,9.146439954059941,2.1241533570861426,9.15160489361831,11.175945290857108,11.275758250704452
taxi-H32-N192-D8-R0,taxi-H32-N192-D8,taxi,32,192,6912,1000000,8,0.0,q1-to-q16-f0.25,two_stage,156,151,6903,6693,164,159,6720,999424,12.25,12.324503311258278,0.030174809165813884,0.9964945415190717,142,3.1628006553433345,7.734359606170287,3.2668266903445105,7.720756037720844,3.1628006553433345,3.2668266903445105
taxi-H32-N192-D8-R0.1,taxi-H32-N192-D8,taxi,32,192,6912,1000000,8,0.1,q1-to-q16-f0.25,two_stage,156,151,6903,6693,164,159,6720,999424,12.25,12.324503311258278,0.030174809165813884,0.9964945415190717,142,3.1628006553433345,7.734359606170287,3.2668266903445105,7.720756037720844,3.9362366159603632,4.038902294116594
taxi-H32-N192-D8-R0.3,taxi-H32-N192-D8,taxi,32,192,6912,1000000,8,0.3,q1-to-q16-f0.25,two_stage,156,151,6903,6693,164,159,6720,999424,12.25,12.324503311258278,0.030174809165813884,0.9964945415190717,142,3.1628006553433345,7.734359606170287,3.2668266903445105,7.720756037720844,5.48310853719442,5.583053501660764
taxi-H32-N192-D8-R0.5,taxi-H32-N192-D8,taxi,32,192,6912,1000000,8,0.5,q1-to-q16-f0.25,two_stage,156,151,6903,6693,164,159,6720,999424,12.25,12.324503311258278,0.030174809165813884,0.9964945415190717,142,3.1628006553433345,7.734359606170287,3.2668266903445105,7.720756037720844,7.0299804584284775,7.127204709204932
taxi-H32-N192-D8-R0.7,taxi-H32-N192-D8,taxi,32,192,6912,1000000,8,0.7,q1-to-q16-f0.25,two_stage,156,151,6903,6693,164,159,6720,999424,12.25,12.324503311258278,0.030174809165813884,0.9964945415190717,142,3.1628006553433345,7.734359606170287,3.2668266903445105,7.720756037720844,8.576852379662535,8.6713559167491
taxi-H32-N192-D8-R0.9,taxi-H32-N192-D8,taxi,32,192,6912,1000000,8,0.9,q1-to-q16-f0.25,two_stage,156,151,6903,6693,164,159,6720,999424,12.25,12.324503311258278,0.030174809165813884,0.9964945415190717,142,3.1628006553433345,7.734359606170287,3.2668266903445105,7.720756037720844,10.123724300896592,10.215507124293271
taxi-H32-N192-D8-R1,taxi-H32-N192-D8,taxi,32,192,6912,1000000,8,1.0,q1-to-q16-f0.25,two_stage,156,151,6903,6693,164,159,6720,999424,12.25,12.324503311258278,0.030174809165813884,0.9964945415190717,142,3.1628006553433345,7.734359606170287,3.2668266903445105,7.720756037720844,10.897160261513621,10.987582728065355
taxi-H32-N192-D8-R0,taxi-H32-N192-D8,taxi,32,192,6912,1000000,8,0.0,q1-to-q16-f0.5,two_stage,170,165,6885,6690,178,173,6720,999424,8.5,8.545454545454545,0.030174809165813884,0.9964945415190717,142,5.94950365755943,4.654706099917049,6.0522238567653055,4.631567710121055,5.94950365755943,6.0522238567653055
taxi-H32-N192-D8-R0.1,taxi-H32-N192-D8,taxi,32,192,6912,1000000,8,0.1,q1-to-q16-f0.5,two_stage,170,165,6885,6690,178,173,6720,999424,8.5,8.545454545454545,0.030174809165813884,0.9964945415190717,142,5.94950365755943,4.654706099917049,6.0522238567653055,4.631567710121055,6.414974267551135,6.515380627777411
taxi-H32-N192-D8-R0.3,taxi-H32-N192-D8,taxi,32,192,6912,1000000,8,0.3,q1-to-q16-f0.5,two_stage,170,165,6885,6690,178,173,6720,999424,8.5,8.545454545454545,0.030174809165813884,0.9964945415190717,142,5.94950365755943,4.654706099917049,6.0522238567653055,4.631567710121055,7.345915487534545,7.441694169801622
taxi-H32-N192-D8-R0.5,taxi-H32-N192-D8,taxi,32,192,6912,1000000,8,0.5,q1-to-q16-f0.5,two_stage,170,165,6885,6690,178,173,6720,999424,8.5,8.545454545454545,0.030174809165813884,0.9964945415190717,142,5.94950365755943,4.654706099917049,6.0522238567653055,4.631567710121055,8.276856707517954,8.368007711825832
taxi-H32-N192-D8-R0.7,taxi-H32-N192-D8,taxi,32,192,6912,1000000,8,0.7,q1-to-q16-f0.5,two_stage,170,165,6885,6690,178,173,6720,999424,8.5,8.545454545454545,0.030174809165813884,0.9964945415190717,142,5.94950365755943,4.654706099917049,6.0522238567653055,4.631567710121055,9.207797927501364,9.294321253850043
taxi-H32-N192-D8-R0.9,taxi-H32-N192-D8,taxi,32,192,6912,1000000,8,0.9,q1-to-q16-f0.5,two_stage,170,165,6885,6690,178,173,6720,999424,8.5,8.545454545454545,0.030174809165813884,0.9964945415190717,142,5.94950365755943,4.654706099917049,6.0522238567653055,4.631567710121055,10.138739147484774,10.220634795874254
taxi-H32-N192-D8-R1,taxi-H32-N192-D8,taxi,32,192,6912,1000000,8,1.0,q1-to-q16-f0.5,two_stage,170,165,6885,6690,178,173,6720,999424,8.5,8.545454545454545,0.030174809165813884,0.9964945415190717,142,5.94950365755943,4.654706099917049,6.0522238567653055,4.631567710121055,10.604209757476479,10.68379156688636
taxi-H32-N192-D8-R0,taxi-H32-N192-D8,taxi,32,192,6912,1000000,8,0.0,q1-to-q16-f0.75,two_stage,188,182,6909,6696,196,190,6720,999424,4.75,4.791208791208791,0.030174809165813884,0.9964945415190717,142,9.297476744326929,0.9684932236834192,9.393633441024088,0.9810605581655204,9.297476744326929,9.393633441024088
taxi-H32-N192-D8-R0.1,taxi-H32-N192-D8,taxi,32,192,6912,1000000,8,0.1,q1-to-q16-f0.75,two_stage,188,182,6909,6696,196,190,6720,999424,4.75,4.791208791208791,0.030174809165813884,0.9964945415190717,142,9.297476744326929,0.9684932236834192,9.393633441024088,0.9810605581655204,9.394326066695271,9.49173949684064
taxi-H32-N192-D8-R0.3,taxi-H32-N192-D8,taxi,32,192,6912,1000000,8,0.3,q1-to-q16-f0.75,two_stage,188,182,6909,6696,196,190,6720,999424,4.75,4.791208791208791,0.030174809165813884,0.9964945415190717,142,9.297476744326929,0.9684932236834192,9.393633441024088,0.9810605581655204,9.588024711431954,9.687951608473744
taxi-H32-N192-D8-R0.5,taxi-H32-N192-D8,taxi,32,192,6912,1000000,8,0.5,q1-to-q16-f0.75,two_stage,188,182,6909,6696,196,190,6720,999424,4.75,4.791208791208791,0.030174809165813884,0.9964945415190717,142,9.297476744326929,0.9684932236834192,9.393633441024088,0.9810605581655204,9.781723356168639,9.884163720106848
taxi-H32-N192-D8-R0.7,taxi-H32-N192-D8,taxi,32,192,6912,1000000,8,0.7,q1-to-q16-f0.75,two_stage,188,182,6909,6696,196,190,6720,999424,4.75,4.791208791208791,0.030174809165813884,0.9964945415190717,142,9.297476744326929,0.9684932236834192,9.393633441024088,0.9810605581655204,9.975422000905322,10.080375831739952
taxi-H32-N192-D8-R0.9,taxi-H32-N192-D8,taxi,32,192,6912,1000000,8,0.9,q1-to-q16-f0.75,two_stage,188,182,6909,6696,196,190,6720,999424,4.75,4.791208791208791,0.030174809165813884,0.9964945415190717,142,9.297476744326929,0.9684932236834192,9.393633441024088,0.9810605581655204,10.169120645642005,10.276587943373055
taxi-H32-N192-D8-R1,taxi-H32-N192-D8,taxi,32,192,6912,1000000,8,1.0,q1-to-q16-f0.75,two_stage,188,182,6909,6696,196,190,6720,999424,4.75,4.791208791208791,0.030174809165813884,0.9964945415190717,142,9.297476744326929,0.9684932236834192,9.393633441024088,0.9810605581655204,10.265969968010348,10.374693999189608
taxi-H32-N192-D8-R0,taxi-H32-N192-D8,taxi,32,192,6912,1000000,8,0.0,q16-to-q1-f0.25,two_stage,188,183,6909,6714,196,191,6720,999424,4.75,4.688524590163935,0.030174809165813884,0.9964945415190717,142,9.115558332392904,1.1504116356174343,9.174751586709835,1.1609423901311913,9.115558332392904,9.174751586709835
taxi-H32-N192-D8-R0.1,taxi-H32-N192-D8,taxi,32,192,6912,1000000,8,0.1,q16-to-q1-f0.25,two_stage,188,183,6909,6714,196,191,6720,999424,4.75,4.688524590163935,0.030174809165813884,0.9964945415190717,142,9.115558332392904,1.1504116356174343,9.174751586709835,1.1609423901311913,9.230599495954648,9.290845825722954
taxi-H32-N192-D8-R0.3,taxi-H32-N192-D8,taxi,32,192,6912,1000000,8,0.3,q16-to-q1-f0.25,two_stage,188,183,6909,6714,196,191,6720,999424,4.75,4.688524590163935,0.030174809165813884,0.9964945415190717,142,9.115558332392904,1.1504116356174343,9.174751586709835,1.1609423901311913,9.460681823078135,9.523034303749192
taxi-H32-N192-D8-R0.5,taxi-H32-N192-D8,taxi,32,192,6912,1000000,8,0.5,q16-to-q1-f0.25,two_stage,188,183,6909,6714,196,191,6720,999424,4.75,4.688524590163935,0.030174809165813884,0.9964945415190717,142,9.115558332392904,1.1504116356174343,9.174751586709835,1.1609423901311913,9.690764150201622,9.75522278177543
taxi-H32-N192-D8-R0.7,taxi-H32-N192-D8,taxi,32,192,6912,1000000,8,0.7,q16-to-q1-f0.25,two_stage,188,183,6909,6714,196,191,6720,999424,4.75,4.688524590163935,0.030174809165813884,0.9964945415190717,142,9.115558332392904,1.1504116356174343,9.174751586709835,1.1609423901311913,9.920846477325108,9.987411259801668
taxi-H32-N192-D8-R0.9,taxi-H32-N192-D8,taxi,32,192,6912,1000000,8,0.9,q16-to-q1-f0.25,two_stage,188,183,6909,6714,196,191,6720,999424,4.75,4.688524590163935,0.030174809165813884,0.9964945415190717,142,9.115558332392904,1.1504116356174343,9.174751586709835,1.1609423901311913,10.150928804448595,10.219599737827908
taxi-H32-N192-D8-R1,taxi-H32-N192-D8,taxi,32,192,6912,1000000,8,1.0,q16-to-q1-f0.25,two_stage,188,183,6909,6714,196,191,6720,999424,4.75,4.688524590163935,0.030174809165813884,0.9964945415190717,142,9.115558332392904,1.1504116356174343,9.174751586709835,1.1609423901311913,10.265969968010339,10.335693976841027
taxi-H32-N192-D8-R0,taxi-H32-N192-D8,taxi,32,192,6912,1000000,8,0.0,q16-to-q1-f0.5,two_stage,170,165,6885,6675,178,173,6720,999424,8.5,8.454545454545455,0.030174809165813884,0.9964945415190717,142,6.203857647628043,4.400352109848445,6.257802079043597,4.425989487842773,6.203857647628043,6.257802079043597
taxi-H32-N192-D8-R0.1,taxi-H32-N192-D8,taxi,32,192,6912,1000000,8,0.1,q16-to-q1-f0.5,two_stage,170,165,6885,6675,178,173,6720,999424,8.5,8.454545454545455,0.030174809165813884,0.9964945415190717,142,6.203857647628043,4.400352109848445,6.257802079043597,4.425989487842773,6.643892858612888,6.7004010278278745
taxi-H32-N192-D8-R0.3,taxi-H32-N192-D8,taxi,32,192,6912,1000000,8,0.3,q16-to-q1-f0.5,two_stage,170,165,6885,6675,178,173,6720,999424,8.5,8.454545454545455,0.030174809165813884,0.9964945415190717,142,6.203857647628043,4.400352109848445,6.257802079043597,4.425989487842773,7.523963280582576,7.585598925396429
taxi-H32-N192-D8-R0.5,taxi-H32-N192-D8,taxi,32,192,6912,1000000,8,0.5,q16-to-q1-f0.5,two_stage,170,165,6885,6675,178,173,6720,999424,8.5,8.454545454545455,0.030174809165813884,0.9964945415190717,142,6.203857647628043,4.400352109848445,6.257802079043597,4.425989487842773,8.404033702552265,8.470796822964983
taxi-H32-N192-D8-R0.7,taxi-H32-N192-D8,taxi,32,192,6912,1000000,8,0.7,q16-to-q1-f0.5,two_stage,170,165,6885,6675,178,173,6720,999424,8.5,8.454545454545455,0.030174809165813884,0.9964945415190717,142,6.203857647628043,4.400352109848445,6.257802079043597,4.425989487842773,9.284104124521955,9.355994720533538
taxi-H32-N192-D8-R0.9,taxi-H32-N192-D8,taxi,32,192,6912,1000000,8,0.9,q16-to-q1-f0.5,two_stage,170,165,6885,6675,178,173,6720,999424,8.5,8.454545454545455,0.030174809165813884,0.9964945415190717,142,6.203857647628043,4.400352109848445,6.257802079043597,4.425989487842773,10.164174546491644,10.241192618102094
taxi-H32-N192-D8-R1,taxi-H32-N192-D8,taxi,32,192,6912,1000000,8,1.0,q16-to-q1-f0.5,two_stage,170,165,6885,6675,178,173,6720,999424,8.5,8.454545454545455,0.030174809165813884,0.9964945415190717,142,6.203857647628043,4.400352109848445,6.257802079043597,4.425989487842773,10.604209757476488,10.68379156688637
taxi-H32-N192-D8-R0,taxi-H32-N192-D8,taxi,32,192,6912,1000000,8,0.0,q16-to-q1-f0.75,two_stage,156,151,6903,6678,164,159,6720,999424,12.25,12.225165562913908,0.030174809165813884,0.9964945415190717,142,2.6636351712270754,8.233525090286554,2.7535068987055467,8.234075829359819,2.6636351712270754,2.7535068987055467
taxi-H32-N192-D8-R0.1,taxi-H32-N192-D8,taxi,32,192,6912,1000000,8,0.1,q16-to-q1-f0.75,two_stage,156,151,6903,6678,164,159,6720,999424,12.25,12.225165562913908,0.030174809165813884,0.9964945415190717,142,2.6636351712270754,8.233525090286554,2.7535068987055467,8.234075829359819,3.486987680255731,3.576914481641529
taxi-H32-N192-D8-R0.3,taxi-H32-N192-D8,taxi,32,192,6912,1000000,8,0.3,q16-to-q1-f0.75,two_stage,156,151,6903,6678,164,159,6720,999424,12.25,12.225165562913908,0.030174809165813884,0.9964945415190717,142,2.6636351712270754,8.233525090286554,2.7535068987055467,8.234075829359819,5.133692698313041,5.223729647513492
taxi-H32-N192-D8-R0.5,taxi-H32-N192-D8,taxi,32,192,6912,1000000,8,0.5,q16-to-q1-f0.75,two_stage,156,151,6903,6678,164,159,6720,999424,12.25,12.225165562913908,0.030174809165813884,0.9964945415190717,142,2.6636351712270754,8.233525090286554,2.7535068987055467,8.234075829359819,6.780397716370352,6.870544813385456
taxi-H32-N192-D8-R0.7,taxi-H32-N192-D8,taxi,32,192,6912,1000000,8,0.7,q16-to-q1-f0.75,two_stage,156,151,6903,6678,164,159,6720,999424,12.25,12.225165562913908,0.030174809165813884,0.9964945415190717,142,2.6636351712270754,8.233525090286554,2.7535068987055467,8.234075829359819,8.427102734427663,8.517359979257419
taxi-H32-N192-D8-R0.9,taxi-H32-N192-D8,taxi,32,192,6912,1000000,8,0.9,q16-to-q1-f0.75,two_stage,156,151,6903,6678,164,159,6720,999424,12.25,12.225165562913908,0.030174809165813884,0.9964945415190717,142,2.6636351712270754,8.233525090286554,2.7535068987055467,8.234075829359819,10.073807752484974,10.164175145129384
taxi-H32-N192-D8-R1,taxi-H32-N192-D8,taxi,32,192,6912,1000000,8,1.0,q16-to-q1-f0.75,two_stage,156,151,6903,6678,164,159,6720,999424,12.25,12.225165562913908,0.030174809165813884,0.9964945415190717,142,2.6636351712270754,8.233525090286554,2.7535068987055467,8.234075829359819,10.89716026151363,10.987582728065366
