seed,seed_index,persistence,rho,maximum_delay,policy,num_agents,gap,eta,updates,update_cost,squared_parameter_error,maximum_squared_error,diverged,finite,charged_budget,within_budget
20261030,0,0.0,0.0,0,joint,32,68,0.052523801812651344,1230,104,0.007587123779963502,0.6559155260773619,False,True,127920,True
20261030,0,0.0,0.0,0,q1,1,50,0.009885142859986436,2327,55,0.06955916423958348,0.6947764547975978,False,True,127985,True
20261030,0,0.0,0.0,0,q32,32,68,0.052523801812651344,1230,104,0.007587123779963502,0.6559155260773619,False,True,127920,True
20261030,0,0.0,0.9,0,joint,1,50,0.009885142859986436,2327,55,0.042985110120217856,0.6886778052033075,False,True,127985,True
20261030,0,0.0,0.9,0,q1,1,50,0.009885142859986436,2327,55,0.042985110120217856,0.6886778052033075,False,True,127985,True
20261030,0,0.0,0.9,0,q32,32,68,0.010755079654503737,1230,104,0.009834399854179894,0.687090907814148,False,True,127920,True
20261030,0,0.0,0.0,8,joint,4,56,0.026668002482448005,2000,64,0.04687205375448772,0.6772456330978347,False,True,128000,True
20261030,0,0.0,0.0,8,q1,1,50,0.009885142859986436,2327,55,0.06955916423958348,0.6947764547975978,False,True,127985,True
20261030,0,0.0,0.0,8,q32,32,68,0.00020666014512486742,1230,104,0.5376304196836766,0.6959752614453768,False,True,127920,True
20261030,0,0.0,0.9,8,joint,1,50,0.009885142859986436,2327,55,0.042985110120217856,0.6886778052033075,False,True,127985,True
20261030,0,0.0,0.9,8,q1,1,50,0.009885142859986436,2327,55,0.042985110120217856,0.6886778052033075,False,True,127985,True
20261030,0,0.0,0.9,8,q32,32,68,0.00020354947791322963,1230,104,0.5417434218126861,0.6959633377991856,False,True,127920,True
20261031,1,0.0,0.0,0,joint,32,68,0.052523801812651344,1230,104,0.0011009700158976165,0.6550144071795106,False,True,127920,True
20261031,1,0.0,0.0,0,q1,1,50,0.009885142859986436,2327,55,0.03026127349620695,0.6962412398583746,False,True,127985,True
20261031,1,0.0,0.0,0,q32,32,68,0.052523801812651344,1230,104,0.0011009700158976165,0.6550144071795106,False,True,127920,True
20261031,1,0.0,0.9,0,joint,1,50,0.009885142859986436,2327,55,0.003906934877745777,0.6913592334959859,False,True,127985,True
20261031,1,0.0,0.9,0,q1,1,50,0.009885142859986436,2327,55,0.003906934877745777,0.6913592334959859,False,True,127985,True
20261031,1,0.0,0.9,0,q32,32,68,0.010755079654503737,1230,104,0.026350829164593713,0.690348520937427,False,True,127920,True
20261031,1,0.0,0.0,8,joint,4,56,0.026668002482448005,2000,64,0.00891701079308138,0.6782180253769129,False,True,128000,True
20261031,1,0.0,0.0,8,q1,1,50,0.009885142859986436,2327,55,0.03026127349620695,0.6962412398583746,False,True,127985,True
20261031,1,0.0,0.0,8,q32,32,68,0.00020666014512486742,1230,104,0.5364017320640964,0.6959710985856413,False,True,127920,True
20261031,1,0.0,0.9,8,joint,1,50,0.009885142859986436,2327,55,0.003906934877745777,0.6913592334959859,False,True,127985,True
20261031,1,0.0,0.9,8,q1,1,50,0.009885142859986436,2327,55,0.003906934877745777,0.6913592334959859,False,True,127985,True
20261031,1,0.0,0.9,8,q32,32,68,0.00020354947791322963,1230,104,0.5299212312047005,0.6960260210036959,False,True,127920,True
20261032,2,0.0,0.0,0,joint,32,68,0.052523801812651344,1230,104,0.0007038047698963315,0.6661369438956719,False,True,127920,True
20261032,2,0.0,0.0,0,q1,1,50,0.009885142859986436,2327,55,0.002374513715637116,0.6871262082745853,False,True,127985,True
20261032,2,0.0,0.0,0,q32,32,68,0.052523801812651344,1230,104,0.0007038047698963315,0.6661369438956719,False,True,127920,True
20261032,2,0.0,0.9,0,joint,1,50,0.009885142859986436,2327,55,0.012913819536052857,0.6947764547975978,False,True,127985,True
20261032,2,0.0,0.9,0,q1,1,50,0.009885142859986436,2327,55,0.012913819536052857,0.6947764547975978,False,True,127985,True
20261032,2,0.0,0.9,0,q32,32,68,0.010755079654503737,1230,104,0.012739581525329042,0.6946610037951325,False,True,127920,True
20261032,2,0.0,0.0,8,joint,4,56,0.026668002482448005,2000,64,0.011273255698117511,0.6808562135495444,False,True,128000,True
20261032,2,0.0,0.0,8,q1,1,50,0.009885142859986436,2327,55,0.002374513715637116,0.6871262082745853,False,True,127985,True
20261032,2,0.0,0.0,8,q32,32,68,0.00020666014512486742,1230,104,0.5374370948106082,0.6960165380980431,False,True,127920,True
20261032,2,0.0,0.9,8,joint,1,50,0.009885142859986436,2327,55,0.012913819536052857,0.6947764547975978,False,True,127985,True
20261032,2,0.0,0.9,8,q1,1,50,0.009885142859986436,2327,55,0.012913819536052857,0.6947764547975978,False,True,127985,True
20261032,2,0.0,0.9,8,q32,32,68,0.00020354947791322963,1230,104,0.5377350377541503,0.6961072878997737,False,True,127920,True
20261033,3,0.0,0.0,0,joint,32,68,0.052523801812651344,1230,104,0.001756327788687308,0.6556435519373753,False,True,127920,True
20261033,3,0.0,0.0,0,q1,1,50,0.009885142859986436,2327,55,0.015945525063840456,0.6947764547975978,False,True,127985,True
20261033,3,0.0,0.0,0,q32,32,68,0.052523801812651344,1230,104,0.001756327788687308,0.6556435519373753,False,True,127920,True
20261033,3,0.0,0.9,0,joint,1,50,0.009885142859986436,2327,55,0.0030886183624750916,0.6887990765234157,False,True,127985,True
20261033,3,0.0,0.9,0,q1,1,50,0.009885142859986436,2327,55,0.0030886183624750916,0.6887990765234157,False,True,127985,True
20261033,3,0.0,0.9,0,q32,32,68,0.010755079654503737,1230,104,0.0263064451241154,0.6882029181599569,False,True,127920,True
20261033,3,0.0,0.0,8,joint,4,56,0.026668002482448005,2000,64,0.010526133813764008,0.6753008002784416,False,True,128000,True
20261033,3,0.0,0.0,8,q1,1,50,0.009885142859986436,2327,55,0.015945525063840456,0.6947764547975978,False,True,127985,True
20261033,3,0.0,0.0,8,q32,32,68,0.00020666014512486742,1230,104,0.536845536286618,0.6959740627457695,False,True,127920,True
20261033,3,0.0,0.9,8,joint,1,50,0.009885142859986436,2327,55,0.0030886183624750916,0.6887990765234157,False,True,127985,True
20261033,3,0.0,0.9,8,q1,1,50,0.009885142859986436,2327,55,0.0030886183624750916,0.6887990765234157,False,True,127985,True
20261033,3,0.0,0.9,8,q32,32,68,0.00020354947791322963,1230,104,0.5395582523961977,0.6959842459638831,False,True,127920,True
20261034,4,0.0,0.0,0,joint,32,68,0.052523801812651344,1230,104,0.0018083445532532463,0.6583213753474695,False,True,127920,True
20261034,4,0.0,0.0,0,q1,1,50,0.009885142859986436,2327,55,0.058181490952883566,0.6887990765234157,False,True,127985,True
20261034,4,0.0,0.0,0,q32,32,68,0.052523801812651344,1230,104,0.0018083445532532463,0.6583213753474695,False,True,127920,True
20261034,4,0.0,0.9,0,joint,1,50,0.009885142859986436,2327,55,0.023989415768385414,0.6886778052033075,False,True,127985,True
20261034,4,0.0,0.9,0,q1,1,50,0.009885142859986436,2327,55,0.023989415768385414,0.6886778052033075,False,True,127985,True
20261034,4,0.0,0.9,0,q32,32,68,0.010755079654503737,1230,104,0.004260126888569514,0.6909192741573079,False,True,127920,True
20261034,4,0.0,0.0,8,joint,4,56,0.026668002482448005,2000,64,0.06517533020409146,0.684821039633032,False,True,128000,True
20261034,4,0.0,0.0,8,q1,1,50,0.009885142859986436,2327,55,0.058181490952883566,0.6887990765234157,False,True,127985,True
20261034,4,0.0,0.0,8,q32,32,68,0.00020666014512486742,1230,104,0.5379956325888421,0.6959847745858889,False,True,127920,True
20261034,4,0.0,0.9,8,joint,1,50,0.009885142859986436,2327,55,0.023989415768385414,0.6886778052033075,False,True,127985,True
20261034,4,0.0,0.9,8,q1,1,50,0.009885142859986436,2327,55,0.023989415768385414,0.6886778052033075,False,True,127985,True
20261034,4,0.0,0.9,8,q32,32,68,0.00020354947791322963,1230,104,0.5347225889499193,0.6960371243784944,False,True,127920,True
20261035,5,0.0,0.0,0,joint,32,68,0.052523801812651344,1230,104,0.0022133906958890412,0.6587317709074559,False,True,127920,True
20261035,5,0.0,0.0,0,q1,1,50,0.009885142859986436,2327,55,0.03333079070939634,0.6871262082745853,False,True,127985,True
20261035,5,0.0,0.0,0,q32,32,68,0.052523801812651344,1230,104,0.0022133906958890412,0.6587317709074559,False,True,127920,True
20261035,5,0.0,0.9,0,joint,1,50,0.009885142859986436,2327,55,0.016831170231229098,0.6929518133144308,False,True,127985,True
20261035,5,0.0,0.9,0,q1,1,50,0.009885142859986436,2327,55,0.016831170231229098,0.6929518133144308,False,True,127985,True
20261035,5,0.0,0.9,0,q32,32,68,0.010755079654503737,1230,104,0.004161676860827715,0.6926731574034046,False,True,127920,True
20261035,5,0.0,0.0,8,joint,4,56,0.026668002482448005,2000,64,0.010242764139818688,0.6565955665371482,False,True,128000,True
20261035,5,0.0,0.0,8,q1,1,50,0.009885142859986436,2327,55,0.03333079070939634,0.6871262082745853,False,True,127985,True
20261035,5,0.0,0.0,8,q32,32,68,0.00020666014512486742,1230,104,0.537762315277222,0.6959868441115845,False,True,127920,True
20261035,5,0.0,0.9,8,joint,1,50,0.009885142859986436,2327,55,0.016831170231229098,0.6929518133144308,False,True,127985,True
20261035,5,0.0,0.9,8,q1,1,50,0.009885142859986436,2327,55,0.016831170231229098,0.6929518133144308,False,True,127985,True
20261035,5,0.0,0.9,8,q32,32,68,0.00020354947791322963,1230,104,0.5369446078093715,0.6960702694679206,False,True,127920,True
20261036,6,0.0,0.0,0,joint,32,68,0.052523801812651344,1230,104,0.004618205919353405,0.6541216169532357,False,True,127920,True
20261036,6,0.0,0.0,0,q1,1,50,0.009885142859986436,2327,55,0.0035031895811247276,0.6726866879016774,False,True,127985,True
20261036,6,0.0,0.0,0,q32,32,68,0.052523801812651344,1230,104,0.004618205919353405,0.6541216169532357,False,True,127920,True
20261036,6,0.0,0.9,0,joint,1,50,0.009885142859986436,2327,55,0.0025062693319074045,0.6962412398583746,False,True,127985,True
20261036,6,0.0,0.9,0,q1,1,50,0.009885142859986436,2327,55,0.0025062693319074045,0.6962412398583746,False,True,127985,True
20261036,6,0.0,0.9,0,q32,32,68,0.010755079654503737,1230,104,0.04552285030511985,0.6959904308140719,False,True,127920,True
20261036,6,0.0,0.0,8,joint,4,56,0.026668002482448005,2000,64,0.001492193515248725,0.6472240169579809,False,True,128000,True
20261036,6,0.0,0.0,8,q1,1,50,0.009885142859986436,2327,55,0.0035031895811247276,0.6726866879016774,False,True,127985,True
20261036,6,0.0,0.0,8,q32,32,68,0.00020666014512486742,1230,104,0.5365697052325913,0.6959679154493318,False,True,127920,True
20261036,6,0.0,0.9,8,joint,1,50,0.009885142859986436,2327,55,0.0025062693319074045,0.6962412398583746,False,True,127985,True
20261036,6,0.0,0.9,8,q1,1,50,0.009885142859986436,2327,55,0.0025062693319074045,0.6962412398583746,False,True,127985,True
20261036,6,0.0,0.9,8,q32,32,68,0.00020354947791322963,1230,104,0.5369146099986777,0.6961334046144465,False,True,127920,True
20261037,7,0.0,0.0,0,joint,32,68,0.052523801812651344,1230,104,0.007545135891037258,0.6693075741082638,False,True,127920,True
20261037,7,0.0,0.0,0,q1,1,50,0.009885142859986436,2327,55,0.020307078512136145,0.6962412398583746,False,True,127985,True
20261037,7,0.0,0.0,0,q32,32,68,0.052523801812651344,1230,104,0.007545135891037258,0.6693075741082638,False,True,127920,True
20261037,7,0.0,0.9,0,joint,1,50,0.009885142859986436,2327,55,0.03545276287377279,0.6929518133144308,False,True,127985,True
20261037,7,0.0,0.9,0,q1,1,50,0.009885142859986436,2327,55,0.03545276287377279,0.6929518133144308,False,True,127985,True
20261037,7,0.0,0.9,0,q32,32,68,0.010755079654503737,1230,104,0.009247581834341916,0.6927326086621493,False,True,127920,True
20261037,7,0.0,0.0,8,joint,4,56,0.026668002482448005,2000,64,0.01856241159118774,0.691195233503115,False,True,128000,True
20261037,7,0.0,0.0,8,q1,1,50,0.009885142859986436,2327,55,0.020307078512136145,0.6962412398583746,False,True,127985,True
20261037,7,0.0,0.0,8,q32,32,68,0.00020666014512486742,1230,104,0.5375288171773318,0.6960292743229163,False,True,127920,True
20261037,7,0.0,0.9,8,joint,1,50,0.009885142859986436,2327,55,0.03545276287377279,0.6929518133144308,False,True,127985,True
20261037,7,0.0,0.9,8,q1,1,50,0.009885142859986436,2327,55,0.03545276287377279,0.6929518133144308,False,True,127985,True
20261037,7,0.0,0.9,8,q32,32,68,0.00020354947791322963,1230,104,0.5384073898990475,0.6960714253379298,False,True,127920,True
20261038,8,0.0,0.0,0,joint,32,68,0.052523801812651344,1230,104,0.002317919891990711,0.6569041680500831,False,True,127920,True
20261038,8,0.0,0.0,0,q1,1,50,0.009885142859986436,2327,55,0.052056724378505385,0.6887990765234157,False,True,127985,True
20261038,8,0.0,0.0,0,q32,32,68,0.052523801812651344,1230,104,0.002317919891990711,0.6569041680500831,False,True,127920,True
20261038,8,0.0,0.9,0,joint,1,50,0.009885142859986436,2327,55,0.024129222510297556,0.6886778052033075,False,True,127985,True
20261038,8,0.0,0.9,0,q1,1,50,0.009885142859986436,2327,55,0.024129222510297556,0.6886778052033075,False,True,127985,True
20261038,8,0.0,0.9,0,q32,32,68,0.010755079654503737,1230,104,0.0222450943938584,0.6955635467723049,False,True,127920,True
20261038,8,0.0,0.0,8,joint,4,56,0.026668002482448005,2000,64,0.01046284283719779,0.6768707603845121,False,True,128000,True
20261038,8,0.0,0.0,8,q1,1,50,0.009885142859986436,2327,55,0.052056724378505385,0.6887990765234157,False,True,127985,True
20261038,8,0.0,0.0,8,q32,32,68,0.00020666014512486742,1230,104,0.5381653475705838,0.6959792931985054,False,True,127920,True
20261038,8,0.0,0.9,8,joint,1,50,0.009885142859986436,2327,55,0.024129222510297556,0.6886778052033075,False,True,127985,True
20261038,8,0.0,0.9,8,q1,1,50,0.009885142859986436,2327,55,0.024129222510297556,0.6886778052033075,False,True,127985,True
20261038,8,0.0,0.9,8,q32,32,68,0.00020354947791322963,1230,104,0.5366438190586406,0.6961253157548343,False,True,127920,True
20261039,9,0.0,0.0,0,joint,32,68,0.052523801812651344,1230,104,0.0032546409234231236,0.6651756244966306,False,True,127920,True
20261039,9,0.0,0.0,0,q1,1,50,0.009885142859986436,2327,55,0.021710387929238285,0.6871262082745853,False,True,127985,True
20261039,9,0.0,0.0,0,q32,32,68,0.052523801812651344,1230,104,0.0032546409234231236,0.6651756244966306,False,True,127920,True
20261039,9,0.0,0.9,0,joint,1,50,0.009885142859986436,2327,55,0.03160741630275937,0.6929518133144308,False,True,127985,True
20261039,9,0.0,0.9,0,q1,1,50,0.009885142859986436,2327,55,0.03160741630275937,0.6929518133144308,False,True,127985,True
20261039,9,0.0,0.9,0,q32,32,68,0.010755079654503737,1230,104,0.012744606838270462,0.6926731574034046,False,True,127920,True
20261039,9,0.0,0.0,8,joint,4,56,0.026668002482448005,2000,64,0.07027435224732208,0.6701169226666626,False,True,128000,True
20261039,9,0.0,0.0,8,q1,1,50,0.009885142859986436,2327,55,0.021710387929238285,0.6871262082745853,False,True,127985,True
20261039,9,0.0,0.0,8,q32,32,68,0.00020666014512486742,1230,104,0.5367689350305516,0.6960128930933726,False,True,127920,True
20261039,9,0.0,0.9,8,joint,1,50,0.009885142859986436,2327,55,0.03160741630275937,0.6929518133144308,False,True,127985,True
20261039,9,0.0,0.9,8,q1,1,50,0.009885142859986436,2327,55,0.03160741630275937,0.6929518133144308,False,True,127985,True
20261039,9,0.0,0.9,8,q32,32,68,0.00020354947791322963,1230,104,0.5388807684760273,0.6960702694679206,False,True,127920,True
20261040,10,0.0,0.0,0,joint,32,68,0.052523801812651344,1230,104,0.000986163360240551,0.6614966869586542,False,True,127920,True
20261040,10,0.0,0.0,0,q1,1,50,0.009885142859986436,2327,55,0.036109894140518885,0.6947764547975978,False,True,127985,True
20261040,10,0.0,0.0,0,q32,32,68,0.052523801812651344,1230,104,0.000986163360240551,0.6614966869586542,False,True,127920,True
20261040,10,0.0,0.9,0,joint,1,50,0.009885142859986436,2327,55,0.0042915427756093335,0.6872571661640502,False,True,127985,True
20261040,10,0.0,0.9,0,q1,1,50,0.009885142859986436,2327,55,0.0042915427756093335,0.6872571661640502,False,True,127985,True
20261040,10,0.0,0.9,0,q32,32,68,0.010755079654503737,1230,104,0.003240511669492048,0.686289232158476,False,True,127920,True
20261040,10,0.0,0.0,8,joint,4,56,0.026668002482448005,2000,64,0.004608390764568307,0.6734725898958052,False,True,128000,True
20261040,10,0.0,0.0,8,q1,1,50,0.009885142859986436,2327,55,0.036109894140518885,0.6947764547975978,False,True,127985,True
20261040,10,0.0,0.0,8,q32,32,68,0.00020666014512486742,1230,104,0.5364785553868751,0.6959976000541421,False,True,127920,True
20261040,10,0.0,0.9,8,joint,1,50,0.009885142859986436,2327,55,0.0042915427756093335,0.6872571661640502,False,True,127985,True
20261040,10,0.0,0.9,8,q1,1,50,0.009885142859986436,2327,55,0.0042915427756093335,0.6872571661640502,False,True,127985,True
20261040,10,0.0,0.9,8,q32,32,68,0.00020354947791322963,1230,104,0.540706600550799,0.6959485375738503,False,True,127920,True
20261041,11,0.0,0.0,0,joint,32,68,0.052523801812651344,1230,104,0.0009718154716651218,0.6678479841261769,False,True,127920,True
20261041,11,0.0,0.0,0,q1,1,50,0.009885142859986436,2327,55,0.04322372579821664,0.6726866879016774,False,True,127985,True
20261041,11,0.0,0.0,0,q32,32,68,0.052523801812651344,1230,104,0.0009718154716651218,0.6678479841261769,False,True,127920,True
20261041,11,0.0,0.9,0,joint,1,50,0.009885142859986436,2327,55,0.01957481999216234,0.6962412398583746,False,True,127985,True
20261041,11,0.0,0.9,0,q1,1,50,0.009885142859986436,2327,55,0.01957481999216234,0.6962412398583746,False,True,127985,True
20261041,11,0.0,0.9,0,q32,32,68,0.010755079654503737,1230,104,0.03448591698042493,0.6961992705460506,False,True,127920,True
20261041,11,0.0,0.0,8,joint,4,56,0.026668002482448005,2000,64,0.007949224724956598,0.6699423353377226,False,True,128000,True
20261041,11,0.0,0.0,8,q1,1,50,0.009885142859986436,2327,55,0.04322372579821664,0.6726866879016774,False,True,127985,True
20261041,11,0.0,0.0,8,q32,32,68,0.00020666014512486742,1230,104,0.5368398024338175,0.6960233819785803,False,True,127920,True
20261041,11,0.0,0.9,8,joint,1,50,0.009885142859986436,2327,55,0.01957481999216234,0.6962412398583746,False,True,127985,True
20261041,11,0.0,0.9,8,q1,1,50,0.009885142859986436,2327,55,0.01957481999216234,0.6962412398583746,False,True,127985,True
20261041,11,0.0,0.9,8,q32,32,68,0.00020354947791322963,1230,104,0.5415499759142044,0.6961373623089733,False,True,127920,True
20261042,12,0.0,0.0,0,joint,32,68,0.052523801812651344,1230,104,0.0035384632202038807,0.6384899846231828,False,True,127920,True
20261042,12,0.0,0.0,0,q1,1,50,0.009885142859986436,2327,55,0.010849528669608543,0.6726866879016774,False,True,127985,True
20261042,12,0.0,0.0,0,q32,32,68,0.052523801812651344,1230,104,0.0035384632202038807,0.6384899846231828,False,True,127920,True
20261042,12,0.0,0.9,0,joint,1,50,0.009885142859986436,2327,55,0.014683515074922913,0.6963437886460814,False,True,127985,True
20261042,12,0.0,0.9,0,q1,1,50,0.009885142859986436,2327,55,0.014683515074922913,0.6963437886460814,False,True,127985,True
20261042,12,0.0,0.9,0,q32,32,68,0.010755079654503737,1230,104,0.004318313714388094,0.6960834777135021,False,True,127920,True
20261042,12,0.0,0.0,8,joint,4,56,0.026668002482448005,2000,64,0.015581256292927264,0.6606075862214521,False,True,128000,True
20261042,12,0.0,0.0,8,q1,1,50,0.009885142859986436,2327,55,0.010849528669608543,0.6726866879016774,False,True,127985,True
20261042,12,0.0,0.0,8,q32,32,68,0.00020666014512486742,1230,104,0.536545597977746,0.6959032403449582,False,True,127920,True
20261042,12,0.0,0.9,8,joint,1,50,0.009885142859986436,2327,55,0.014683515074922913,0.6963437886460814,False,True,127985,True
20261042,12,0.0,0.9,8,q1,1,50,0.009885142859986436,2327,55,0.014683515074922913,0.6963437886460814,False,True,127985,True
20261042,12,0.0,0.9,8,q32,32,68,0.00020354947791322963,1230,104,0.5383695875417095,0.6961351725059518,False,True,127920,True
20261043,13,0.0,0.0,0,joint,32,68,0.052523801812651344,1230,104,0.0008910222876878744,0.6613592799921203,False,True,127920,True
20261043,13,0.0,0.0,0,q1,1,50,0.009885142859986436,2327,55,0.005940439651758606,0.6728515057778246,False,True,127985,True
20261043,13,0.0,0.0,0,q32,32,68,0.052523801812651344,1230,104,0.0008910222876878744,0.6613592799921203,False,True,127920,True
20261043,13,0.0,0.9,0,joint,1,50,0.009885142859986436,2327,55,0.003968722881692371,0.6887006453642863,False,True,127985,True
20261043,13,0.0,0.9,0,q1,1,50,0.009885142859986436,2327,55,0.003968722881692371,0.6887006453642863,False,True,127985,True
20261043,13,0.0,0.9,0,q32,32,68,0.010755079654503737,1230,104,0.05783823594665628,0.6880306182903613,False,True,127920,True
20261043,13,0.0,0.0,8,joint,4,56,0.026668002482448005,2000,64,0.01573815610408885,0.6762116727957608,False,True,128000,True
20261043,13,0.0,0.0,8,q1,1,50,0.009885142859986436,2327,55,0.005940439651758606,0.6728515057778246,False,True,127985,True
20261043,13,0.0,0.0,8,q32,32,68,0.00020666014512486742,1230,104,0.5383418149304242,0.6959968832724701,False,True,127920,True
20261043,13,0.0,0.9,8,joint,1,50,0.009885142859986436,2327,55,0.003968722881692371,0.6887006453642863,False,True,127985,True
20261043,13,0.0,0.9,8,q1,1,50,0.009885142859986436,2327,55,0.003968722881692371,0.6887006453642863,False,True,127985,True
20261043,13,0.0,0.9,8,q32,32,68,0.00020354947791322963,1230,104,0.5357557896229818,0.6959806604748083,False,True,127920,True
20261044,14,0.0,0.0,0,joint,32,68,0.052523801812651344,1230,104,0.002052245219997892,0.6592918072983962,False,True,127920,True
20261044,14,0.0,0.0,0,q1,1,50,0.009885142859986436,2327,55,0.041211831839632354,0.6886778052033075,False,True,127985,True
20261044,14,0.0,0.0,0,q32,32,68,0.052523801812651344,1230,104,0.002052245219997892,0.6592918072983962,False,True,127920,True
20261044,14,0.0,0.9,0,joint,1,50,0.009885142859986436,2327,55,0.07493952456706957,0.6947764547975978,False,True,127985,True
20261044,14,0.0,0.9,0,q1,1,50,0.009885142859986436,2327,55,0.07493952456706957,0.6947764547975978,False,True,127985,True
20261044,14,0.0,0.9,0,q32,32,68,0.010755079654503737,1230,104,0.009903006811022224,0.6934223056385118,False,True,127920,True
20261044,14,0.0,0.0,8,joint,4,56,0.026668002482448005,2000,64,0.005518295750553974,0.6796594881500816,False,True,128000,True
20261044,14,0.0,0.0,8,q1,1,50,0.009885142859986436,2327,55,0.041211831839632354,0.6886778052033075,False,True,127985,True
20261044,14,0.0,0.0,8,q32,32,68,0.00020666014512486742,1230,104,0.5378474462504553,0.6959889192033615,False,True,127920,True
20261044,14,0.0,0.9,8,joint,1,50,0.009885142859986436,2327,55,0.07493952456706957,0.6947764547975978,False,True,127985,True
20261044,14,0.0,0.9,8,q1,1,50,0.009885142859986436,2327,55,0.07493952456706957,0.6947764547975978,False,True,127985,True
20261044,14,0.0,0.9,8,q32,32,68,0.00020354947791322963,1230,104,0.5505900196355846,0.6960839815078338,False,True,127920,True
20261045,15,0.0,0.0,0,joint,32,68,0.052523801812651344,1230,104,0.00919143609184354,0.6657095653276742,False,True,127920,True
20261045,15,0.0,0.0,0,q1,1,50,0.009885142859986436,2327,55,0.03132060539644815,0.6962412398583746,False,True,127985,True
20261045,15,0.0,0.0,0,q32,32,68,0.052523801812651344,1230,104,0.00919143609184354,0.6657095653276742,False,True,127920,True
20261045,15,0.0,0.9,0,joint,1,50,0.009885142859986436,2327,55,0.02303729945702559,0.6962412398583746,False,True,127985,True
20261045,15,0.0,0.9,0,q1,1,50,0.009885142859986436,2327,55,0.02303729945702559,0.6962412398583746,False,True,127985,True
20261045,15,0.0,0.9,0,q32,32,68,0.010755079654503737,1230,104,0.003289893375942772,0.6961380960440721,False,True,127920,True
20261045,15,0.0,0.0,8,joint,4,56,0.026668002482448005,2000,64,0.011113985099854552,0.6870128239610384,False,True,128000,True
20261045,15,0.0,0.0,8,q1,1,50,0.009885142859986436,2327,55,0.03132060539644815,0.6962412398583746,False,True,127985,True
20261045,15,0.0,0.0,8,q32,32,68,0.00020666014512486742,1230,104,0.5377822149319353,0.6960147734472385,False,True,127920,True
20261045,15,0.0,0.9,8,joint,1,50,0.009885142859986436,2327,55,0.02303729945702559,0.6962412398583746,False,True,127985,True
20261045,15,0.0,0.9,8,q1,1,50,0.009885142859986436,2327,55,0.02303729945702559,0.6962412398583746,False,True,127985,True
20261045,15,0.0,0.9,8,q32,32,68,0.00020354947791322963,1230,104,0.5455689801151044,0.696136205821717,False,True,127920,True
20261046,16,0.0,0.0,0,joint,32,68,0.052523801812651344,1230,104,0.0012801491758825576,0.6511691375024793,False,True,127920,True
20261046,16,0.0,0.0,0,q1,1,50,0.009885142859986436,2327,55,0.01623422252454367,0.6913592334959859,False,True,127985,True
20261046,16,0.0,0.0,0,q32,32,68,0.052523801812651344,1230,104,0.0012801491758825576,0.6511691375024793,False,True,127920,True
20261046,16,0.0,0.9,0,joint,1,50,0.009885142859986436,2327,55,0.02011273021866603,0.6871262082745853,False,True,127985,True
20261046,16,0.0,0.9,0,q1,1,50,0.009885142859986436,2327,55,0.02011273021866603,0.6871262082745853,False,True,127985,True
20261046,16,0.0,0.9,0,q32,32,68,0.010755079654503737,1230,104,0.02207931547873499,0.6859817445887583,False,True,127920,True
20261046,16,0.0,0.0,8,joint,4,56,0.026668002482448005,2000,64,0.006050102551816737,0.6876527592055051,False,True,128000,True
20261046,16,0.0,0.0,8,q1,1,50,0.009885142859986436,2327,55,0.01623422252454367,0.6913592334959859,False,True,127985,True
20261046,16,0.0,0.0,8,q32,32,68,0.00020666014512486742,1230,104,0.5362217325908339,0.6959556913760023,False,True,127920,True
20261046,16,0.0,0.9,8,joint,1,50,0.009885142859986436,2327,55,0.02011273021866603,0.6871262082745853,False,True,127985,True
20261046,16,0.0,0.9,8,q1,1,50,0.009885142859986436,2327,55,0.02011273021866603,0.6871262082745853,False,True,127985,True
20261046,16,0.0,0.9,8,q32,32,68,0.00020354947791322963,1230,104,0.5404068273719328,0.6959426330712246,False,True,127920,True
20261047,17,0.0,0.0,0,joint,32,68,0.052523801812651344,1230,104,0.000708005135993056,0.651132699838629,False,True,127920,True
20261047,17,0.0,0.0,0,q1,1,50,0.009885142859986436,2327,55,0.014790096026125375,0.6962412398583746,False,True,127985,True
20261047,17,0.0,0.0,0,q32,32,68,0.052523801812651344,1230,104,0.000708005135993056,0.651132699838629,False,True,127920,True
20261047,17,0.0,0.9,0,joint,1,50,0.009885142859986436,2327,55,0.0066733402456476704,0.6726866879016774,False,True,127985,True
20261047,17,0.0,0.9,0,q1,1,50,0.009885142859986436,2327,55,0.0066733402456476704,0.6726866879016774,False,True,127985,True
20261047,17,0.0,0.9,0,q32,32,68,0.010755079654503737,1230,104,0.0066295924584988475,0.6713303906973727,False,True,127920,True
20261047,17,0.0,0.0,8,joint,4,56,0.026668002482448005,2000,64,0.00833954680025783,0.6760004521640729,False,True,128000,True
20261047,17,0.0,0.0,8,q1,1,50,0.009885142859986436,2327,55,0.014790096026125375,0.6962412398583746,False,True,127985,True
20261047,17,0.0,0.0,8,q32,32,68,0.00020666014512486742,1230,104,0.5351048447584356,0.6959556295419881,False,True,127920,True
20261047,17,0.0,0.9,8,joint,1,50,0.009885142859986436,2327,55,0.0066733402456476704,0.6726866879016774,False,True,127985,True
20261047,17,0.0,0.9,8,q1,1,50,0.009885142859986436,2327,55,0.0066733402456476704,0.6726866879016774,False,True,127985,True
20261047,17,0.0,0.9,8,q32,32,68,0.00020354947791322963,1230,104,0.53799048673394,0.6956595242025808,False,True,127920,True
20261048,18,0.0,0.0,0,joint,32,68,0.052523801812651344,1230,104,0.008323340967876403,0.6666204202680048,False,True,127920,True
20261048,18,0.0,0.0,0,q1,1,50,0.009885142859986436,2327,55,0.11439662867799377,0.6886778052033075,False,True,127985,True
20261048,18,0.0,0.0,0,q32,32,68,0.052523801812651344,1230,104,0.008323340967876403,0.6666204202680048,False,True,127920,True
20261048,18,0.0,0.9,0,joint,1,50,0.009885142859986436,2327,55,0.019829997610281185,0.6930703757974614,False,True,127985,True
20261048,18,0.0,0.9,0,q1,1,50,0.009885142859986436,2327,55,0.019829997610281185,0.6930703757974614,False,True,127985,True
20261048,18,0.0,0.9,0,q32,32,68,0.010755079654503737,1230,104,0.016651270572167483,0.6927326086621493,False,True,127920,True
20261048,18,0.0,0.0,8,joint,4,56,0.026668002482448005,2000,64,0.027624159766668772,0.6681299171024337,False,True,128000,True
20261048,18,0.0,0.0,8,q1,1,50,0.009885142859986436,2327,55,0.11439662867799377,0.6886778052033075,False,True,127985,True
20261048,18,0.0,0.0,8,q32,32,68,0.00020666014512486742,1230,104,0.5365527303439643,0.6960181361454159,False,True,127920,True
20261048,18,0.0,0.9,8,joint,1,50,0.009885142859986436,2327,55,0.019829997610281185,0.6930703757974614,False,True,127985,True
20261048,18,0.0,0.9,8,q1,1,50,0.009885142859986436,2327,55,0.019829997610281185,0.6930703757974614,False,True,127985,True
20261048,18,0.0,0.9,8,q32,32,68,0.00020354947791322963,1230,104,0.5380512693797628,0.6960714253379298,False,True,127920,True
20261049,19,0.0,0.0,0,joint,32,68,0.052523801812651344,1230,104,0.0015221354322247189,0.6446254808812018,False,True,127920,True
20261049,19,0.0,0.0,0,q1,1,50,0.009885142859986436,2327,55,0.009358573935005129,0.6886778052033075,False,True,127985,True
20261049,19,0.0,0.0,0,q32,32,68,0.052523801812651344,1230,104,0.0015221354322247189,0.6446254808812018,False,True,127920,True
20261049,19,0.0,0.9,0,joint,1,50,0.009885142859986436,2327,55,0.04517598799328473,0.6726866879016774,False,True,127985,True
20261049,19,0.0,0.9,0,q1,1,50,0.009885142859986436,2327,55,0.04517598799328473,0.6726866879016774,False,True,127985,True
20261049,19,0.0,0.9,0,q32,32,68,0.010755079654503737,1230,104,0.025560310417942107,0.6722315502744359,False,True,127920,True
20261049,19,0.0,0.0,8,joint,4,56,0.026668002482448005,2000,64,0.02036836424620781,0.6768707603845121,False,True,128000,True
20261049,19,0.0,0.0,8,q1,1,50,0.009885142859986436,2327,55,0.009358573935005129,0.6886778052033075,False,True,127985,True
20261049,19,0.0,0.0,8,q32,32,68,0.00020666014512486742,1230,104,0.5373620634055298,0.6959284972302389,False,True,127920,True
20261049,19,0.0,0.9,8,joint,1,50,0.009885142859986436,2327,55,0.04517598799328473,0.6726866879016774,False,True,127985,True
20261049,19,0.0,0.9,8,q1,1,50,0.009885142859986436,2327,55,0.04517598799328473,0.6726866879016774,False,True,127985,True
20261049,19,0.0,0.9,8,q32,32,68,0.00020354947791322963,1230,104,0.5424070009533359,0.6956770241177938,False,True,127920,True
20261050,20,0.0,0.0,0,joint,32,68,0.052523801812651344,1230,104,0.005795656120912606,0.6673265207097233,False,True,127920,True
20261050,20,0.0,0.0,0,q1,1,50,0.009885142859986436,2327,55,0.008140121190468924,0.6962412398583746,False,True,127985,True
20261050,20,0.0,0.0,0,q32,32,68,0.052523801812651344,1230,104,0.005795656120912606,0.6673265207097233,False,True,127920,True
20261050,20,0.0,0.9,0,joint,1,50,0.009885142859986436,2327,55,0.034497446566206555,0.6947764547975978,False,True,127985,True
20261050,20,0.0,0.9,0,q1,1,50,0.009885142859986436,2327,55,0.034497446566206555,0.6947764547975978,False,True,127985,True
20261050,20,0.0,0.9,0,q32,32,68,0.010755079654503737,1230,104,0.04814787170762369,0.6946610037951325,False,True,127920,True
20261050,20,0.0,0.0,8,joint,4,56,0.026668002482448005,2000,64,0.005492515981936481,0.6858060005243346,False,True,128000,True
20261050,20,0.0,0.0,8,q1,1,50,0.009885142859986436,2327,55,0.008140121190468924,0.6962412398583746,False,True,127985,True
20261050,20,0.0,0.0,8,q32,32,68,0.00020666014512486742,1230,104,0.5382314126113894,0.6960212422063139,False,True,127920,True
20261050,20,0.0,0.9,8,joint,1,50,0.009885142859986436,2327,55,0.034497446566206555,0.6947764547975978,False,True,127985,True
20261050,20,0.0,0.9,8,q1,1,50,0.009885142859986436,2327,55,0.034497446566206555,0.6947764547975978,False,True,127985,True
20261050,20,0.0,0.9,8,q32,32,68,0.00020354947791322963,1230,104,0.5412859215486395,0.6961072878997737,False,True,127920,True
20261051,21,0.0,0.0,0,joint,32,68,0.052523801812651344,1230,104,0.00046730727761224854,0.6665569574412117,False,True,127920,True
20261051,21,0.0,0.0,0,q1,1,50,0.009885142859986436,2327,55,0.03675933572835497,0.6929518133144308,False,True,127985,True
20261051,21,0.0,0.0,0,q32,32,68,0.052523801812651344,1230,104,0.00046730727761224854,0.6665569574412117,False,True,127920,True
20261051,21,0.0,0.9,0,joint,1,50,0.009885142859986436,2327,55,0.026799314237483798,0.6872571661640502,False,True,127985,True
20261051,21,0.0,0.9,0,q1,1,50,0.009885142859986436,2327,55,0.026799314237483798,0.6872571661640502,False,True,127985,True
20261051,21,0.0,0.9,0,q32,32,68,0.010755079654503737,1230,104,0.0169105625525788,0.6864029654032114,False,True,127920,True
20261051,21,0.0,0.0,8,joint,4,56,0.026668002482448005,2000,64,0.01466267860032106,0.688090190106035,False,True,128000,True
20261051,21,0.0,0.0,8,q1,1,50,0.009885142859986436,2327,55,0.03675933572835497,0.6929518133144308,False,True,127985,True
20261051,21,0.0,0.0,8,q32,32,68,0.00020666014512486742,1230,104,0.5381743903907903,0.696018388911037,False,True,127920,True
20261051,21,0.0,0.9,8,joint,1,50,0.009885142859986436,2327,55,0.026799314237483798,0.6872571661640502,False,True,127985,True
20261051,21,0.0,0.9,8,q1,1,50,0.009885142859986436,2327,55,0.026799314237483798,0.6872571661640502,False,True,127985,True
20261051,21,0.0,0.9,8,q32,32,68,0.00020354947791322963,1230,104,0.5429413342591659,0.6959515192780268,False,True,127920,True
20261052,22,0.0,0.0,0,joint,32,68,0.052523801812651344,1230,104,0.004386715274984119,0.6720017835510178,False,True,127920,True
20261052,22,0.0,0.0,0,q1,1,50,0.009885142859986436,2327,55,0.12695071571579003,0.6963455748321354,False,True,127985,True
20261052,22,0.0,0.0,0,q32,32,68,0.052523801812651344,1230,104,0.004386715274984119,0.6720017835510178,False,True,127920,True
20261052,22,0.0,0.9,0,joint,1,50,0.009885142859986436,2327,55,0.020802242789569256,0.6871262082745853,False,True,127985,True
20261052,22,0.0,0.9,0,q1,1,50,0.009885142859986436,2327,55,0.020802242789569256,0.6871262082745853,False,True,127985,True
20261052,22,0.0,0.9,0,q32,32,68,0.010755079654503737,1230,104,0.05437236420306904,0.6867529957744756,False,True,127920,True
20261052,22,0.0,0.0,8,joint,4,56,0.026668002482448005,2000,64,0.011805013888657559,0.6921371957634478,False,True,128000,True
20261052,22,0.0,0.0,8,q1,1,50,0.009885142859986436,2327,55,0.12695071571579003,0.6963455748321354,False,True,127985,True
20261052,22,0.0,0.0,8,q32,32,68,0.00020666014512486742,1230,104,0.5368806818237991,0.6960396565120296,False,True,127920,True
20261052,22,0.0,0.9,8,joint,1,50,0.009885142859986436,2327,55,0.020802242789569256,0.6871262082745853,False,True,127985,True
20261052,22,0.0,0.9,8,q1,1,50,0.009885142859986436,2327,55,0.020802242789569256,0.6871262082745853,False,True,127985,True
20261052,22,0.0,0.9,8,q32,32,68,0.00020354947791322963,1230,104,0.5439990369731489,0.69595840629068,False,True,127920,True
20261053,23,0.0,0.0,0,joint,32,68,0.052523801812651344,1230,104,0.0007636549025445019,0.6593683557203706,False,True,127920,True
20261053,23,0.0,0.0,0,q1,1,50,0.009885142859986436,2327,55,0.04843275662265096,0.6872571661640502,False,True,127985,True
20261053,23,0.0,0.0,0,q32,32,68,0.052523801812651344,1230,104,0.0007636549025445019,0.6593683557203706,False,True,127920,True
20261053,23,0.0,0.9,0,joint,1,50,0.009885142859986436,2327,55,0.01706171768378567,0.6871262082745853,False,True,127985,True
20261053,23,0.0,0.9,0,q1,1,50,0.009885142859986436,2327,55,0.01706171768378567,0.6871262082745853,False,True,127985,True
20261053,23,0.0,0.9,0,q32,32,68,0.010755079654503737,1230,104,0.01653955831895531,0.6858419711420712,False,True,127920,True
20261053,23,0.0,0.0,8,joint,4,56,0.026668002482448005,2000,64,0.0022456437881292037,0.688038165266647,False,True,128000,True
20261053,23,0.0,0.0,8,q1,1,50,0.009885142859986436,2327,55,0.04843275662265096,0.6872571661640502,False,True,127985,True
20261053,23,0.0,0.0,8,q32,32,68,0.00020666014512486742,1230,104,0.5388686174189918,0.695989505525897,False,True,127920,True
20261053,23,0.0,0.9,8,joint,1,50,0.009885142859986436,2327,55,0.01706171768378567,0.6871262082745853,False,True,127985,True
20261053,23,0.0,0.9,8,q1,1,50,0.009885142859986436,2327,55,0.01706171768378567,0.6871262082745853,False,True,127985,True
20261053,23,0.0,0.9,8,q32,32,68,0.00020354947791322963,1230,104,0.5369722783448594,0.6959398893376105,False,True,127920,True
20261054,24,0.0,0.0,0,joint,32,68,0.052523801812651344,1230,104,0.005549883436673183,0.6524080662514009,False,True,127920,True
20261054,24,0.0,0.0,0,q1,1,50,0.009885142859986436,2327,55,0.010377222441953143,0.6886778052033075,False,True,127985,True
20261054,24,0.0,0.0,0,q32,32,68,0.052523801812651344,1230,104,0.005549883436673183,0.6524080662514009,False,True,127920,True
20261054,24,0.0,0.9,0,joint,1,50,0.009885142859986436,2327,55,0.02195221949512381,0.6887990765234157,False,True,127985,True
20261054,24,0.0,0.9,0,q1,1,50,0.009885142859986436,2327,55,0.02195221949512381,0.6887990765234157,False,True,127985,True
20261054,24,0.0,0.9,0,q32,32,68,0.010755079654503737,1230,104,0.0024796311170251304,0.6880306182903613,False,True,127920,True
20261054,24,0.0,0.0,8,joint,4,56,0.026668002482448005,2000,64,0.008044549562265519,0.6803353762245615,False,True,128000,True
20261054,24,0.0,0.0,8,q1,1,50,0.009885142859986436,2327,55,0.010377222441953143,0.6886778052033075,False,True,127985,True
20261054,24,0.0,0.0,8,q32,32,68,0.00020666014512486742,1230,104,0.5370254652274161,0.6959607031508708,False,True,127920,True
20261054,24,0.0,0.9,8,joint,1,50,0.009885142859986436,2327,55,0.02195221949512381,0.6887990765234157,False,True,127985,True
20261054,24,0.0,0.9,8,q1,1,50,0.009885142859986436,2327,55,0.02195221949512381,0.6887990765234157,False,True,127985,True
20261054,24,0.0,0.9,8,q32,32,68,0.00020354947791322963,1230,104,0.538921067088805,0.6959806604748083,False,True,127920,True
20261055,25,0.0,0.0,0,joint,32,68,0.052523801812651344,1230,104,0.0027958564449021128,0.6609310106994282,False,True,127920,True
20261055,25,0.0,0.0,0,q1,1,50,0.009885142859986436,2327,55,0.009878369238945047,0.6962412398583746,False,True,127985,True
20261055,25,0.0,0.0,0,q32,32,68,0.052523801812651344,1230,104,0.0027958564449021128,0.6609310106994282,False,True,127920,True
20261055,25,0.0,0.9,0,joint,1,50,0.009885142859986436,2327,55,0.01063710619011829,0.6913592334959859,False,True,127985,True
20261055,25,0.0,0.9,0,q1,1,50,0.009885142859986436,2327,55,0.01063710619011829,0.6913592334959859,False,True,127985,True
20261055,25,0.0,0.9,0,q32,32,68,0.010755079654503737,1230,104,0.016775168006031283,0.6909416897605456,False,True,127920,True
20261055,25,0.0,0.0,8,joint,4,56,0.026668002482448005,2000,64,0.030687365732397984,0.6801515944217771,False,True,128000,True
20261055,25,0.0,0.0,8,q1,1,50,0.009885142859986436,2327,55,0.009878369238945047,0.6962412398583746,False,True,127985,True
20261055,25,0.0,0.0,8,q32,32,68,0.00020666014512486742,1230,104,0.5381010447465522,0.6959950377912467,False,True,127920,True
20261055,25,0.0,0.9,8,joint,1,50,0.009885142859986436,2327,55,0.01063710619011829,0.6913592334959859,False,True,127985,True
20261055,25,0.0,0.9,8,q1,1,50,0.009885142859986436,2327,55,0.01063710619011829,0.6913592334959859,False,True,127985,True
20261055,25,0.0,0.9,8,q32,32,68,0.00020354947791322963,1230,104,0.5303403721396138,0.6960372092087044,False,True,127920,True
20261056,26,0.0,0.0,0,joint,32,68,0.052523801812651344,1230,104,0.005322207353182689,0.6610887508734269,False,True,127920,True
20261056,26,0.0,0.0,0,q1,1,50,0.009885142859986436,2327,55,0.01887473265509359,0.6947764547975978,False,True,127985,True
20261056,26,0.0,0.0,0,q32,32,68,0.052523801812651344,1230,104,0.005322207353182689,0.6610887508734269,False,True,127920,True
20261056,26,0.0,0.9,0,joint,1,50,0.009885142859986436,2327,55,0.003853271878568132,0.6886778052033075,False,True,127985,True
20261056,26,0.0,0.9,0,q1,1,50,0.009885142859986436,2327,55,0.003853271878568132,0.6886778052033075,False,True,127985,True
20261056,26,0.0,0.9,0,q32,32,68,0.010755079654503737,1230,104,0.03327794712409609,0.6876200487957144,False,True,127920,True
20261056,26,0.0,0.0,8,joint,4,56,0.026668002482448005,2000,64,0.030195732064966726,0.6893579465401002,False,True,128000,True
20261056,26,0.0,0.0,8,q1,1,50,0.009885142859986436,2327,55,0.01887473265509359,0.6947764547975978,False,True,127985,True
20261056,26,0.0,0.0,8,q32,32,68,0.00020666014512486742,1230,104,0.536518479665369,0.6959960699063623,False,True,127920,True
20261056,26,0.0,0.9,8,joint,1,50,0.009885142859986436,2327,55,0.003853271878568132,0.6886778052033075,False,True,127985,True
20261056,26,0.0,0.9,8,q1,1,50,0.009885142859986436,2327,55,0.003853271878568132,0.6886778052033075,False,True,127985,True
20261056,26,0.0,0.9,8,q32,32,68,0.00020354947791322963,1230,104,0.5392006502114601,0.6959731822711719,False,True,127920,True
20261057,27,0.0,0.0,0,joint,32,68,0.052523801812651344,1230,104,0.015458979007038829,0.6693409471699401,False,True,127920,True
20261057,27,0.0,0.0,0,q1,1,50,0.009885142859986436,2327,55,0.03234256535006916,0.6963455748321354,False,True,127985,True
20261057,27,0.0,0.0,0,q32,32,68,0.052523801812651344,1230,104,0.015458979007038829,0.6693409471699401,False,True,127920,True
20261057,27,0.0,0.9,0,joint,1,50,0.009885142859986436,2327,55,0.006494295516454342,0.6726866879016774,False,True,127985,True
20261057,27,0.0,0.9,0,q1,1,50,0.009885142859986436,2327,55,0.006494295516454342,0.6726866879016774,False,True,127985,True
20261057,27,0.0,0.9,0,q32,32,68,0.010755079654503737,1230,104,0.03245136151774808,0.671185216770273,False,True,127920,True
20261057,27,0.0,0.0,8,joint,4,56,0.026668002482448005,2000,64,0.007943761899573212,0.6762116727957608,False,True,128000,True
20261057,27,0.0,0.0,8,q1,1,50,0.009885142859986436,2327,55,0.03234256535006916,0.6963455748321354,False,True,127985,True
20261057,27,0.0,0.0,8,q32,32,68,0.00020666014512486742,1230,104,0.5367167473816408,0.6960293395983825,False,True,127920,True
20261057,27,0.0,0.9,8,joint,1,50,0.009885142859986436,2327,55,0.006494295516454342,0.6726866879016774,False,True,127985,True
20261057,27,0.0,0.9,8,q1,1,50,0.009885142859986436,2327,55,0.006494295516454342,0.6726866879016774,False,True,127985,True
20261057,27,0.0,0.9,8,q32,32,68,0.00020354947791322963,1230,104,0.5395256110978144,0.6956567238876686,False,True,127920,True
20261058,28,0.0,0.0,0,joint,32,68,0.052523801812651344,1230,104,0.0025007161238334774,0.6578097821014384,False,True,127920,True
20261058,28,0.0,0.0,0,q1,1,50,0.009885142859986436,2327,55,0.022137039685308103,0.6886778052033075,False,True,127985,True
20261058,28,0.0,0.0,0,q32,32,68,0.052523801812651344,1230,104,0.0025007161238334774,0.6578097821014384,False,True,127920,True
20261058,28,0.0,0.9,0,joint,1,50,0.009885142859986436,2327,55,0.007548812328689214,0.6886778052033075,False,True,127985,True
20261058,28,0.0,0.9,0,q1,1,50,0.009885142859986436,2327,55,0.007548812328689214,0.6886778052033075,False,True,127985,True
20261058,28,0.0,0.9,0,q32,32,68,0.010755079654503737,1230,104,0.016085114484963903,0.6880306182903613,False,True,127920,True
20261058,28,0.0,0.0,8,joint,4,56,0.026668002482448005,2000,64,0.025007433259002898,0.6720721546670845,False,True,128000,True
20261058,28,0.0,0.0,8,q1,1,50,0.009885142859986436,2327,55,0.022137039685308103,0.6886778052033075,False,True,127985,True
20261058,28,0.0,0.0,8,q32,32,68,0.00020666014512486742,1230,104,0.5369296625775263,0.6959825980010215,False,True,127920,True
20261058,28,0.0,0.9,8,joint,1,50,0.009885142859986436,2327,55,0.007548812328689214,0.6886778052033075,False,True,127985,True
20261058,28,0.0,0.9,8,q1,1,50,0.009885142859986436,2327,55,0.007548812328689214,0.6886778052033075,False,True,127985,True
20261058,28,0.0,0.9,8,q32,32,68,0.00020354947791322963,1230,104,0.5408743530761494,0.6959806604748083,False,True,127920,True
20261059,29,0.0,0.0,0,joint,32,68,0.052523801812651344,1230,104,0.0004721164254004707,0.660083353087296,False,True,127920,True
20261059,29,0.0,0.0,0,q1,1,50,0.009885142859986436,2327,55,0.02475213309063521,0.6871262082745853,False,True,127985,True
20261059,29,0.0,0.0,0,q32,32,68,0.052523801812651344,1230,104,0.0004721164254004707,0.660083353087296,False,True,127920,True
20261059,29,0.0,0.9,0,joint,1,50,0.009885142859986436,2327,55,0.01661777150786559,0.6913592334959859,False,True,127985,True
20261059,29,0.0,0.9,0,q1,1,50,0.009885142859986436,2327,55,0.01661777150786559,0.6913592334959859,False,True,127985,True
20261059,29,0.0,0.9,0,q32,32,68,0.010755079654503737,1230,104,0.010061119718353419,0.6909416897605456,False,True,127920,True
20261059,29,0.0,0.0,8,joint,4,56,0.026668002482448005,2000,64,0.011735184444711243,0.6733975820248518,False,True,128000,True
20261059,29,0.0,0.0,8,q1,1,50,0.009885142859986436,2327,55,0.02475213309063521,0.6871262082745853,False,True,127985,True
20261059,29,0.0,0.0,8,q32,32,68,0.00020666014512486742,1230,104,0.5379256091933619,0.695992275188473,False,True,127920,True
20261059,29,0.0,0.9,8,joint,1,50,0.009885142859986436,2327,55,0.01661777150786559,0.6913592334959859,False,True,127985,True
20261059,29,0.0,0.9,8,q1,1,50,0.009885142859986436,2327,55,0.01661777150786559,0.6913592334959859,False,True,127985,True
20261059,29,0.0,0.9,8,q32,32,68,0.00020354947791322963,1230,104,0.538741394577994,0.6960372092087044,False,True,127920,True
20261060,30,0.0,0.0,0,joint,32,68,0.052523801812651344,1230,104,0.0019171190745453945,0.6501153867010544,False,True,127920,True
20261060,30,0.0,0.0,0,q1,1,50,0.009885142859986436,2327,55,0.03531887510182998,0.6913592334959859,False,True,127985,True
20261060,30,0.0,0.0,0,q32,32,68,0.052523801812651344,1230,104,0.0019171190745453945,0.6501153867010544,False,True,127920,True
20261060,30,0.0,0.9,0,joint,1,50,0.009885142859986436,2327,55,0.05222864824024603,0.6929518133144308,False,True,127985,True
20261060,30,0.0,0.9,0,q1,1,50,0.009885142859986436,2327,55,0.05222864824024603,0.6929518133144308,False,True,127985,True
20261060,30,0.0,0.9,0,q32,32,68,0.010755079654503737,1230,104,0.024955489667727506,0.6924726031982478,False,True,127920,True
20261060,30,0.0,0.0,8,joint,4,56,0.026668002482448005,2000,64,0.011940414689789458,0.6898457080605235,False,True,128000,True
20261060,30,0.0,0.0,8,q1,1,50,0.009885142859986436,2327,55,0.03531887510182998,0.6913592334959859,False,True,127985,True
20261060,30,0.0,0.0,8,q32,32,68,0.00020666014512486742,1230,104,0.5366221021114236,0.69595149224011,False,True,127920,True
20261060,30,0.0,0.9,8,joint,1,50,0.009885142859986436,2327,55,0.05222864824024603,0.6929518133144308,False,True,127985,True
20261060,30,0.0,0.9,8,q1,1,50,0.009885142859986436,2327,55,0.05222864824024603,0.6929518133144308,False,True,127985,True
20261060,30,0.0,0.9,8,q32,32,68,0.00020354947791322963,1230,104,0.5437682503416682,0.696066490211225,False,True,127920,True
20261061,31,0.0,0.0,0,joint,32,68,0.052523801812651344,1230,104,0.0010957987669627607,0.6554798620493523,False,True,127920,True
20261061,31,0.0,0.0,0,q1,1,50,0.009885142859986436,2327,55,0.044473131350459286,0.6871262082745853,False,True,127985,True
20261061,31,0.0,0.0,0,q32,32,68,0.052523801812651344,1230,104,0.0010957987669627607,0.6554798620493523,False,True,127920,True
20261061,31,0.0,0.9,0,joint,1,50,0.009885142859986436,2327,55,0.013556598544354577,0.6886778052033075,False,True,127985,True
20261061,31,0.0,0.9,0,q1,1,50,0.009885142859986436,2327,55,0.013556598544354577,0.6886778052033075,False,True,127985,True
20261061,31,0.0,0.9,0,q32,32,68,0.010755079654503737,1230,104,0.1126717725177784,0.6884871507588228,False,True,127920,True
20261061,31,0.0,0.0,8,joint,4,56,0.026668002482448005,2000,64,0.05477022925606328,0.6688750178282993,False,True,128000,True
20261061,31,0.0,0.0,8,q1,1,50,0.009885142859986436,2327,55,0.044473131350459286,0.6871262082745853,False,True,127985,True
20261061,31,0.0,0.0,8,q32,32,68,0.00020666014512486742,1230,104,0.5378639480518977,0.6959732908190276,False,True,127920,True
20261061,31,0.0,0.9,8,joint,1,50,0.009885142859986436,2327,55,0.013556598544354577,0.6886778052033075,False,True,127985,True
20261061,31,0.0,0.9,8,q1,1,50,0.009885142859986436,2327,55,0.013556598544354577,0.6886778052033075,False,True,127985,True
20261061,31,0.0,0.9,8,q32,32,68,0.00020354947791322963,1230,104,0.5423989595863742,0.6959895421489309,False,True,127920,True
20261030,0,0.9,0.0,0,joint,32,228,0.294438075425412,484,264,0.02003749087263732,8.264112600214293,False,True,127776,True
20261030,0,0.9,0.0,0,q1,1,161,0.06679292996435712,771,166,0.3513289279927405,9.04887461231164,False,True,127986,True
20261030,0,0.9,0.0,0,q32,32,228,0.294438075425412,484,264,0.02003749087263732,8.264112600214293,False,True,127776,True
20261030,0,0.9,0.9,0,joint,2,171,0.06994688318706603,723,177,0.5799158932190867,8.898400579562077,False,True,127971,True
20261030,0,0.9,0.9,0,q1,1,161,0.06679292996435712,771,166,0.47776957421570626,8.908386808463918,False,True,127986,True
20261030,0,0.9,0.9,0,q32,32,250,0.09618844165746196,447,286,0.9928405937623555,8.793148033604655,False,True,127842,True
20261030,0,0.9,0.0,8,joint,4,166,0.07914324756313394,735,174,0.24367574308863568,8.889713014014632,False,True,127890,True
20261030,0,0.9,0.0,8,q1,1,161,0.06679292996435712,771,166,0.3513289279927405,9.04887461231164,False,True,127986,True
20261030,0,0.9,0.0,8,q32,32,250,0.00020609507758449262,447,286,8.859658467685112,9.10678881437126,False,True,127842,True
20261030,0,0.9,0.9,8,joint,2,171,0.06994688318706603,723,177,0.5799158932190867,8.898400579562077,False,True,127971,True
20261030,0,0.9,0.9,8,q1,1,161,0.06679292996435712,771,166,0.47776957421570626,8.908386808463918,False,True,127986,True
20261030,0,0.9,0.9,8,q32,32,250,0.0002057228194076589,447,286,8.857498134393287,9.106706771827481,False,True,127842,True
20261031,1,0.9,0.0,0,joint,32,228,0.294438075425412,484,264,0.117077837334322,8.234707757697066,False,True,127776,True
20261031,1,0.9,0.0,0,q1,1,161,0.06679292996435712,771,166,0.21910009539247052,9.108513698858207,False,True,127986,True
20261031,1,0.9,0.0,0,q32,32,228,0.294438075425412,484,264,0.117077837334322,8.234707757697066,False,True,127776,True
20261031,1,0.9,0.9,0,joint,2,171,0.06994688318706603,723,177,0.6923669805572077,8.999552437554646,False,True,127971,True
20261031,1,0.9,0.9,0,q1,1,161,0.06679292996435712,771,166,0.6081025560374436,9.004350955659293,False,True,127986,True
20261031,1,0.9,0.9,0,q32,32,250,0.09618844165746196,447,286,0.24292172057995892,8.938438097327374,False,True,127842,True
20261031,1,0.9,0.0,8,joint,4,166,0.07914324756313394,735,174,0.08933721280890021,8.907575012809708,False,True,127890,True
20261031,1,0.9,0.0,8,q1,1,161,0.06679292996435712,771,166,0.21910009539247052,9.108513698858207,False,True,127986,True
20261031,1,0.9,0.0,8,q32,32,250,0.00020609507758449262,447,286,8.861195129013021,9.106764769832798,False,True,127842,True
20261031,1,0.9,0.9,8,joint,2,171,0.06994688318706603,723,177,0.6923669805572077,8.999552437554646,False,True,127971,True
20261031,1,0.9,0.9,8,q1,1,161,0.06679292996435712,771,166,0.6081025560374436,9.004350955659293,False,True,127986,True
20261031,1,0.9,0.9,8,q32,32,250,0.0002057228194076589,447,286,8.864600431354994,9.107026979861478,False,True,127842,True
20261032,2,0.9,0.0,0,joint,32,228,0.294438075425412,484,264,0.11936122304853064,8.47573630340234,False,True,127776,True
20261032,2,0.9,0.0,0,q1,1,161,0.06679292996435712,771,166,1.76110554816265,8.891316346226384,False,True,127986,True
20261032,2,0.9,0.0,0,q32,32,228,0.294438075425412,484,264,0.11936122304853064,8.47573630340234,False,True,127776,True
20261032,2,0.9,0.9,0,joint,2,171,0.06994688318706603,723,177,0.36091506036132176,9.053221432141166,False,True,127971,True
20261032,2,0.9,0.9,0,q1,1,161,0.06679292996435712,771,166,0.7225531110419812,9.04887461231164,False,True,127986,True
20261032,2,0.9,0.9,0,q32,32,250,0.09618844165746196,447,286,0.900205704299709,9.024392660366816,False,True,127842,True
20261032,2,0.9,0.0,8,joint,4,166,0.07914324756313394,735,174,0.16795191715440924,8.934279282927603,False,True,127890,True
20261032,2,0.9,0.0,8,q1,1,161,0.06679292996435712,771,166,1.76110554816265,8.891316346226384,False,True,127986,True
20261032,2,0.9,0.0,8,q32,32,250,0.00020609507758449262,447,286,8.860067030390496,9.106942884780482,False,True,127842,True
20261032,2,0.9,0.9,8,joint,2,171,0.06994688318706603,723,177,0.36091506036132176,9.053221432141166,False,True,127971,True
20261032,2,0.9,0.9,8,q1,1,161,0.06679292996435712,771,166,0.7225531110419812,9.04887461231164,False,True,127986,True
20261032,2,0.9,0.9,8,q32,32,250,0.0002057228194076589,447,286,8.862310619306374,9.107207590863077,False,True,127842,True
20261033,3,0.9,0.0,0,joint,32,228,0.294438075425412,484,264,0.06313034012900096,8.254173605845514,False,True,127776,True
20261033,3,0.9,0.0,0,q1,1,161,0.06679292996435712,771,166,0.8617504937443109,9.04887461231164,False,True,127986,True
20261033,3,0.9,0.0,0,q32,32,228,0.294438075425412,484,264,0.06313034012900096,8.254173605845514,False,True,127776,True
20261033,3,0.9,0.9,0,joint,2,171,0.06994688318706603,723,177,0.3943648572137679,8.898400579562077,False,True,127971,True
20261033,3,0.9,0.9,0,q1,1,161,0.06679292996435712,771,166,0.6757206376266338,8.907617479192174,False,True,127986,True
20261033,3,0.9,0.9,0,q32,32,250,0.09618844165746196,447,286,0.6281683496516842,8.831484983044243,False,True,127842,True
20261033,3,0.9,0.0,8,joint,4,166,0.07914324756313394,735,174,0.3807205334445671,8.858997594677994,False,True,127890,True
20261033,3,0.9,0.0,8,q1,1,161,0.06679292996435712,771,166,0.8617504937443109,9.04887461231164,False,True,127986,True
20261033,3,0.9,0.0,8,q32,32,250,0.00020609507758449262,447,286,8.862411987188604,9.106781136251225,False,True,127842,True
20261033,3,0.9,0.9,8,joint,2,171,0.06994688318706603,723,177,0.3943648572137679,8.898400579562077,False,True,127971,True
20261033,3,0.9,0.9,8,q1,1,161,0.06679292996435712,771,166,0.6757206376266338,8.907617479192174,False,True,127986,True
20261033,3,0.9,0.9,8,q32,32,250,0.0002057228194076589,447,286,8.847203966319839,9.106787499628558,False,True,127842,True
20261034,4,0.9,0.0,0,joint,32,228,0.294438075425412,484,264,0.07846925677377392,8.298563878185343,False,True,127776,True
20261034,4,0.9,0.0,0,q1,1,161,0.06679292996435712,771,166,0.4189604215003823,8.907617479192174,False,True,127986,True
20261034,4,0.9,0.0,0,q32,32,228,0.294438075425412,484,264,0.07846925677377392,8.298563878185343,False,True,127776,True
20261034,4,0.9,0.9,0,joint,2,171,0.06994688318706603,723,177,2.3244153497565714,8.974990313331054,False,True,127971,True
20261034,4,0.9,0.9,0,q1,1,161,0.06679292996435712,771,166,0.34888334099115514,8.907617479192174,False,True,127986,True
20261034,4,0.9,0.9,0,q32,32,250,0.09618844165746196,447,286,0.49447503899185585,8.959417853434733,False,True,127842,True
20261034,4,0.9,0.0,8,joint,4,166,0.07914324756313394,735,174,0.48860067522068107,8.982083340347408,False,True,127890,True
20261034,4,0.9,0.0,8,q1,1,161,0.06679292996435712,771,166,0.4189604215003823,8.907617479192174,False,True,127986,True
20261034,4,0.9,0.0,8,q32,32,250,0.00020609507758449262,447,286,8.860776025303439,9.106813193000654,False,True,127842,True
20261034,4,0.9,0.9,8,joint,2,171,0.06994688318706603,723,177,2.3244153497565714,8.974990313331054,False,True,127971,True
20261034,4,0.9,0.9,8,q1,1,161,0.06679292996435712,771,166,0.34888334099115514,8.907617479192174,False,True,127986,True
20261034,4,0.9,0.9,8,q32,32,250,0.0002057228194076589,447,286,8.879408864517597,9.107074620889097,False,True,127842,True
20261035,5,0.9,0.0,0,joint,32,228,0.294438075425412,484,264,0.15185325901414187,8.342721035934206,False,True,127776,True
20261035,5,0.9,0.0,0,q1,1,161,0.06679292996435712,771,166,0.9440874322428915,8.891316346226384,False,True,127986,True
20261035,5,0.9,0.0,0,q32,32,228,0.294438075425412,484,264,0.15185325901414187,8.342721035934206,False,True,127776,True
20261035,5,0.9,0.9,0,joint,2,171,0.06994688318706603,723,177,0.2583282570344127,9.04777301144586,False,True,127971,True
20261035,5,0.9,0.9,0,q1,1,161,0.06679292996435712,771,166,2.7187881861165395,9.05042574271321,False,True,127986,True
20261035,5,0.9,0.9,0,q32,32,250,0.09618844165746196,447,286,4.884419758831603,9.025832156274515,False,True,127842,True
20261035,5,0.9,0.0,8,joint,4,166,0.07914324756313394,735,174,0.05213860073407994,8.663421732290871,False,True,127890,True
20261035,5,0.9,0.0,8,q1,1,161,0.06679292996435712,771,166,0.9440874322428915,8.891316346226384,False,True,127986,True
20261035,5,0.9,0.0,8,q32,32,250,0.00020609507758449262,447,286,8.863606107661653,9.106846651986569,False,True,127842,True
20261035,5,0.9,0.9,8,joint,2,171,0.06994688318706603,723,177,0.2583282570344127,9.04777301144586,False,True,127971,True
20261035,5,0.9,0.9,8,q1,1,161,0.06679292996435712,771,166,2.7187881861165395,9.05042574271321,False,True,127986,True
20261035,5,0.9,0.9,8,q32,32,250,0.0002057228194076589,447,286,8.857518226136571,9.107216216456134,False,True,127842,True
20261036,6,0.9,0.0,0,joint,32,228,0.294438075425412,484,264,0.11271616058942881,8.227574245671992,False,True,127776,True
20261036,6,0.9,0.0,0,q1,1,161,0.06679292996435712,771,166,0.542136650524332,8.499814351444027,False,True,127986,True
20261036,6,0.9,0.0,0,q32,32,228,0.294438075425412,484,264,0.11271616058942881,8.227574245671992,False,True,127776,True
20261036,6,0.9,0.9,0,joint,2,171,0.06994688318706603,723,177,0.5799700731646037,9.108566989208253,False,True,127971,True
20261036,6,0.9,0.9,0,q1,1,161,0.06679292996435712,771,166,1.149382924526457,9.108513698858207,False,True,127986,True
20261036,6,0.9,0.9,0,q32,32,250,0.09618844165746196,447,286,0.5837551772862515,9.099801348307738,False,True,127842,True
20261036,6,0.9,0.0,8,joint,4,166,0.07914324756313394,735,174,0.04071741131179115,8.548518583234337,False,True,127890,True
20261036,6,0.9,0.0,8,q1,1,161,0.06679292996435712,771,166,0.542136650524332,8.499814351444027,False,True,127986,True
20261036,6,0.9,0.0,8,q32,32,250,0.00020609507758449262,447,286,8.860001632061993,9.10676162546115,False,True,127842,True
20261036,6,0.9,0.9,8,joint,2,171,0.06994688318706603,723,177,0.5799700731646037,9.108566989208253,False,True,127971,True
20261036,6,0.9,0.9,8,q1,1,161,0.06679292996435712,771,166,1.149382924526457,9.108513698858207,False,True,127986,True
20261036,6,0.9,0.9,8,q32,32,250,0.0002057228194076589,447,286,8.879381086878016,9.10737766132571,False,True,127842,True
20261037,7,0.9,0.0,0,joint,32,228,0.294438075425412,484,264,0.04700022408312178,8.542372610835226,False,True,127776,True
20261037,7,0.9,0.0,0,q1,1,161,0.06679292996435712,771,166,2.05747185047649,9.109621426857078,False,True,127986,True
20261037,7,0.9,0.0,0,q32,32,228,0.294438075425412,484,264,0.04700022408312178,8.542372610835226,False,True,127776,True
20261037,7,0.9,0.9,0,joint,2,171,0.06994688318706603,723,177,0.6054429028398889,9.048961517247157,False,True,127971,True
20261037,7,0.9,0.9,0,q1,1,161,0.06679292996435712,771,166,1.625498581162813,9.05042574271321,False,True,127986,True
20261037,7,0.9,0.9,0,q32,32,250,0.09618844165746196,447,286,1.3731185784198559,9.025573691882954,False,True,127842,True
20261037,7,0.9,0.0,8,joint,4,166,0.07914324756313394,735,174,0.12726337622177286,9.04202611803391,False,True,127890,True
20261037,7,0.9,0.0,8,q1,1,161,0.06679292996435712,771,166,2.05747185047649,9.109621426857078,False,True,127986,True
20261037,7,0.9,0.0,8,q32,32,250,0.00020609507758449262,447,286,8.86306447091185,9.106990991784869,False,True,127842,True
20261037,7,0.9,0.9,8,joint,2,171,0.06994688318706603,723,177,0.6054429028398889,9.048961517247157,False,True,127971,True
20261037,7,0.9,0.9,8,q1,1,161,0.06679292996435712,771,166,1.625498581162813,9.05042574271321,False,True,127986,True
20261037,7,0.9,0.9,8,q32,32,250,0.0002057228194076589,447,286,8.851641753835874,9.107215945929843,False,True,127842,True
20261038,8,0.9,0.0,0,joint,32,228,0.294438075425412,484,264,0.04173937442728426,8.299251488495953,False,True,127776,True
20261038,8,0.9,0.0,0,q1,1,161,0.06679292996435712,771,166,1.2791583831519076,8.907617479192174,False,True,127986,True
20261038,8,0.9,0.0,0,q32,32,228,0.294438075425412,484,264,0.04173937442728426,8.299251488495953,False,True,127776,True
20261038,8,0.9,0.9,0,joint,2,171,0.06994688318706603,723,177,0.6420560547323564,9.002365465963056,False,True,127971,True
20261038,8,0.9,0.9,0,q1,1,161,0.06679292996435712,771,166,0.7535938624851302,8.907617479192174,False,True,127986,True
20261038,8,0.9,0.9,0,q32,32,250,0.09618844165746196,447,286,0.5871880757257235,9.085857116709043,False,True,127842,True
20261038,8,0.9,0.0,8,joint,4,166,0.07914324756313394,735,174,0.4134802210965435,8.902088561063655,False,True,127890,True
20261038,8,0.9,0.0,8,q1,1,161,0.06679292996435712,771,166,1.2791583831519076,8.907617479192174,False,True,127986,True
20261038,8,0.9,0.0,8,q32,32,250,0.00020609507758449262,447,286,8.860170456096004,9.106814205753828,False,True,127842,True
20261038,8,0.9,0.9,8,joint,2,171,0.06994688318706603,723,177,0.6420560547323564,9.002365465963056,False,True,127971,True
20261038,8,0.9,0.9,8,q1,1,161,0.06679292996435712,771,166,0.7535938624851302,8.907617479192174,False,True,127986,True
20261038,8,0.9,0.9,8,q32,32,250,0.0002057228194076589,447,286,8.869425510530505,9.107347748967962,False,True,127842,True
20261039,9,0.9,0.0,0,joint,32,228,0.294438075425412,484,264,0.02786207561656518,8.46857423108923,False,True,127776,True
20261039,9,0.9,0.0,0,q1,1,161,0.06679292996435712,771,166,0.3818492676997515,8.891316346226384,False,True,127986,True
20261039,9,0.9,0.0,0,q32,32,228,0.294438075425412,484,264,0.02786207561656518,8.46857423108923,False,True,127776,True
20261039,9,0.9,0.9,0,joint,2,171,0.06994688318706603,723,177,0.40256733013688134,9.048961517247157,False,True,127971,True
20261039,9,0.9,0.9,0,q1,1,161,0.06679292996435712,771,166,0.16623913723159447,9.05042574271321,False,True,127986,True
20261039,9,0.9,0.9,0,q32,32,250,0.09618844165746196,447,286,0.7642808190299558,9.025832156274515,False,True,127842,True
20261039,9,0.9,0.0,8,joint,4,166,0.07914324756313394,735,174,0.3405869140173683,8.81196312601623,False,True,127890,True
20261039,9,0.9,0.0,8,q1,1,161,0.06679292996435712,771,166,0.3818492676997515,8.891316346226384,False,True,127986,True
20261039,9,0.9,0.0,8,q32,32,250,0.00020609507758449262,447,286,8.861689854600487,9.106938642251349,False,True,127842,True
20261039,9,0.9,0.9,8,joint,2,171,0.06994688318706603,723,177,0.40256733013688134,9.048961517247157,False,True,127971,True
20261039,9,0.9,0.9,8,q1,1,161,0.06679292996435712,771,166,0.16623913723159447,9.05042574271321,False,True,127986,True
20261039,9,0.9,0.9,8,q32,32,250,0.0002057228194076589,447,286,8.869493355835779,9.107216216456134,False,True,127842,True
20261040,10,0.9,0.0,0,joint,32,228,0.294438075425412,484,264,0.00994621196079589,8.361272109331242,False,True,127776,True
20261040,10,0.9,0.0,0,q1,1,161,0.06679292996435712,771,166,0.5113724447233505,9.04887461231164,False,True,127986,True
20261040,10,0.9,0.0,0,q32,32,228,0.294438075425412,484,264,0.00994621196079589,8.361272109331242,False,True,127776,True
20261040,10,0.9,0.9,0,joint,2,171,0.06994688318706603,723,177,2.147557019290762,8.881256666057066,False,True,127971,True
20261040,10,0.9,0.9,0,q1,1,161,0.06679292996435712,771,166,0.39275733293247,8.891316346226384,False,True,127986,True
20261040,10,0.9,0.9,0,q32,32,250,0.09618844165746196,447,286,0.33041705618446204,8.794384859615889,False,True,127842,True
20261040,10,0.9,0.0,8,joint,4,166,0.07914324756313394,735,174,0.4013593085576537,8.829667081169813,False,True,127890,True
20261040,10,0.9,0.0,8,q1,1,161,0.06679292996435712,771,166,0.5113724447233505,9.04887461231164,False,True,127986,True
20261040,10,0.9,0.0,8,q32,32,250,0.00020609507758449262,447,286,8.860574240852927,9.106858947731363,False,True,127842,True
20261040,10,0.9,0.9,8,joint,2,171,0.06994688318706603,723,177,2.147557019290762,8.881256666057066,False,True,127971,True
20261040,10,0.9,0.9,8,q1,1,161,0.06679292996435712,771,166,0.39275733293247,8.891316346226384,False,True,127986,True
20261040,10,0.9,0.9,8,q32,32,250,0.0002057228194076589,447,286,8.861565504080719,9.106712838995074,False,True,127842,True
20261041,11,0.9,0.0,0,joint,32,228,0.294438075425412,484,264,0.3574434511527674,8.496993767731016,False,True,127776,True
20261041,11,0.9,0.0,0,q1,1,161,0.06679292996435712,771,166,0.8336352684858923,8.499814351444027,False,True,127986,True
20261041,11,0.9,0.0,0,q32,32,228,0.294438075425412,484,264,0.3574434511527674,8.496993767731016,False,True,127776,True
20261041,11,0.9,0.9,0,joint,2,171,0.06994688318706603,723,177,0.06901582087926275,9.108566989208253,False,True,127971,True
20261041,11,0.9,0.9,0,q1,1,161,0.06679292996435712,771,166,1.777200338685799,9.108513698858207,False,True,127986,True
20261041,11,0.9,0.9,0,q32,32,250,0.09618844165746196,447,286,1.5831832567692363,9.106242589902093,False,True,127842,True
20261041,11,0.9,0.0,8,joint,4,166,0.07914324756313394,735,174,0.1661864724218698,8.826220475087705,False,True,127890,True
20261041,11,0.9,0.0,8,q1,1,161,0.06679292996435712,771,166,0.8336352684858923,8.499814351444027,False,True,127986,True
20261041,11,0.9,0.0,8,q32,32,250,0.00020609507758449262,447,286,8.864319046649825,9.106958390215285,False,True,127842,True
20261041,11,0.9,0.9,8,joint,2,171,0.06994688318706603,723,177,0.06901582087926275,9.108566989208253,False,True,127971,True
20261041,11,0.9,0.9,8,q1,1,161,0.06679292996435712,771,166,1.777200338685799,9.108513698858207,False,True,127986,True
20261041,11,0.9,0.9,8,q32,32,250,0.0002057228194076589,447,286,8.871260261494832,9.10739148547395,False,True,127842,True
20261042,12,0.9,0.0,0,joint,32,228,0.294438075425412,484,264,0.03416675177025802,7.896322530323281,False,True,127776,True
20261042,12,0.9,0.0,0,q1,1,161,0.06679292996435712,771,166,0.9638807462101919,8.501011513756616,False,True,127986,True
20261042,12,0.9,0.0,0,q32,32,228,0.294438075425412,484,264,0.03416675177025802,7.896322530323281,False,True,127776,True
20261042,12,0.9,0.9,0,joint,2,171,0.06994688318706603,723,177,2.0783420262637473,9.108566989208253,False,True,127971,True
20261042,12,0.9,0.9,0,q1,1,161,0.06679292996435712,771,166,0.8221335215447361,9.108513698858207,False,True,127986,True
20261042,12,0.9,0.9,0,q32,32,250,0.09618844165746196,447,286,0.2617198831156752,9.104260877792136,False,True,127842,True
20261042,12,0.9,0.0,8,joint,4,166,0.07914324756313394,735,174,0.12890634279203061,8.695846435599242,False,True,127890,True
20261042,12,0.9,0.0,8,q1,1,161,0.06679292996435712,771,166,0.9638807462101919,8.501011513756616,False,True,127986,True
20261042,12,0.9,0.0,8,q32,32,250,0.00020609507758449262,447,286,8.857644176043054,9.1065119779611,False,True,127842,True
20261042,12,0.9,0.9,8,joint,2,171,0.06994688318706603,723,177,2.0783420262637473,9.108566989208253,False,True,127971,True
20261042,12,0.9,0.9,8,q1,1,161,0.06679292996435712,771,166,0.8221335215447361,9.108513698858207,False,True,127986,True
20261042,12,0.9,0.9,8,q32,32,250,0.0002057228194076589,447,286,8.86772796317233,9.107387262533623,False,True,127842,True
20261043,13,0.9,0.0,0,joint,32,228,0.294438075425412,484,264,0.109229607272875,8.364637522482735,False,True,127776,True
20261043,13,0.9,0.0,0,q1,1,161,0.06679292996435712,771,166,0.6243215486809053,8.499814351444027,False,True,127986,True
20261043,13,0.9,0.0,0,q32,32,228,0.294438075425412,484,264,0.109229607272875,8.364637522482735,False,True,127776,True
20261043,13,0.9,0.9,0,joint,2,171,0.06994688318706603,723,177,0.5649537894337943,8.898400579562077,False,True,127971,True
20261043,13,0.9,0.9,0,q1,1,161,0.06679292996435712,771,166,0.5010759096754378,8.907617479192174,False,True,127986,True
20261043,13,0.9,0.9,0,q32,32,250,0.09618844165746196,447,286,0.4806685637384729,8.822471111880038,False,True,127842,True
20261043,13,0.9,0.0,8,joint,4,166,0.07914324756313394,735,174,0.3008673157947602,8.87631776552151,False,True,127890,True
20261043,13,0.9,0.0,8,q1,1,161,0.06679292996435712,771,166,0.6243215486809053,8.499814351444027,False,True,127986,True
20261043,13,0.9,0.0,8,q32,32,250,0.00020609507758449262,447,286,8.861002658947891,9.106860315482933,False,True,127842,True
20261043,13,0.9,0.9,8,joint,2,171,0.06994688318706603,723,177,0.5649537894337943,8.898400579562077,False,True,127971,True
20261043,13,0.9,0.9,8,q1,1,161,0.06679292996435712,771,166,0.5010759096754378,8.907617479192174,False,True,127986,True
20261043,13,0.9,0.9,8,q32,32,250,0.0002057228194076589,447,286,8.83791898982831,9.10676523732281,False,True,127842,True
20261044,14,0.9,0.0,0,joint,32,228,0.294438075425412,484,264,0.1098252135362919,8.346671699800496,False,True,127776,True
20261044,14,0.9,0.0,0,q1,1,161,0.06679292996435712,771,166,1.6213745722259187,8.907617479192174,False,True,127986,True
20261044,14,0.9,0.0,0,q32,32,228,0.294438075425412,484,264,0.1098252135362919,8.346671699800496,False,True,127776,True
20261044,14,0.9,0.9,0,joint,2,171,0.06994688318706603,723,177,0.5478019230641225,9.04621060900457,False,True,127971,True
20261044,14,0.9,0.9,0,q1,1,161,0.06679292996435712,771,166,1.6709256413677886,9.04887461231164,False,True,127986,True
20261044,14,0.9,0.9,0,q32,32,250,0.09618844165746196,447,286,0.0846254688872581,8.98487184998181,False,True,127842,True
20261044,14,0.9,0.0,8,joint,4,166,0.07914324756313394,735,174,0.20687802088255192,8.935245506397866,False,True,127890,True
20261044,14,0.9,0.0,8,q1,1,161,0.06679292996435712,771,166,1.6213745722259187,8.907617479192174,False,True,127986,True
20261044,14,0.9,0.0,8,q32,32,250,0.00020609507758449262,447,286,8.86114008209783,9.106848696994545,False,True,127842,True
20261044,14,0.9,0.9,8,joint,2,171,0.06994688318706603,723,177,0.5478019230641225,9.04621060900457,False,True,127971,True
20261044,14,0.9,0.9,8,q1,1,161,0.06679292996435712,771,166,1.6709256413677886,9.04887461231164,False,True,127986,True
20261044,14,0.9,0.9,8,q32,32,250,0.0002057228194076589,447,286,8.861773216541838,9.107124326049409,False,True,127842,True
20261045,15,0.9,0.0,0,joint,32,228,0.294438075425412,484,264,0.04600213456382948,8.462676263920498,False,True,127776,True
20261045,15,0.9,0.0,0,q1,1,161,0.06679292996435712,771,166,1.3721800098102213,9.108513698858207,False,True,127986,True
20261045,15,0.9,0.0,0,q32,32,228,0.294438075425412,484,264,0.04600213456382948,8.462676263920498,False,True,127776,True
20261045,15,0.9,0.9,0,joint,2,171,0.06994688318706603,723,177,0.8852522546998765,9.108566989208253,False,True,127971,True
20261045,15,0.9,0.9,0,q1,1,161,0.06679292996435712,771,166,2.3797825988907393,9.108513698858207,False,True,127986,True
20261045,15,0.9,0.9,0,q32,32,250,0.09618844165746196,447,286,0.6436466900499194,9.106363217520604,False,True,127842,True
20261045,15,0.9,0.0,8,joint,4,166,0.07914324756313394,735,174,0.2552097574501692,9.008100726410696,False,True,127890,True
20261045,15,0.9,0.0,8,q1,1,161,0.06679292996435712,771,166,1.3721800098102213,9.108513698858207,False,True,127986,True
20261045,15,0.9,0.0,8,q32,32,250,0.00020609507758449262,447,286,8.861913138730383,9.106933277261309,False,True,127842,True
20261045,15,0.9,0.9,8,joint,2,171,0.06994688318706603,723,177,0.8852522546998765,9.108566989208253,False,True,127971,True
20261045,15,0.9,0.9,8,q1,1,161,0.06679292996435712,771,166,2.3797825988907393,9.108513698858207,False,True,127986,True
20261045,15,0.9,0.9,8,q32,32,250,0.0002057228194076589,447,286,8.869038317234446,9.107391755369745,False,True,127842,True
20261046,16,0.9,0.0,0,joint,32,228,0.294438075425412,484,264,0.03753829961081273,8.155029602901346,False,True,127776,True
20261046,16,0.9,0.0,0,q1,1,161,0.06679292996435712,771,166,0.6589222783906892,9.004350955659293,False,True,127986,True
20261046,16,0.9,0.0,0,q32,32,228,0.294438075425412,484,264,0.03753829961081273,8.155029602901346,False,True,127776,True
20261046,16,0.9,0.9,0,joint,2,171,0.06994688318706603,723,177,0.4536324679925963,8.93900698612281,False,True,127971,True
20261046,16,0.9,0.9,0,q1,1,161,0.06679292996435712,771,166,0.11719406745961158,8.891316346226384,False,True,127986,True
20261046,16,0.9,0.9,0,q32,32,250,0.09618844165746196,447,286,0.4195658972540335,8.784846389389829,False,True,127842,True
20261046,16,0.9,0.0,8,joint,4,166,0.07914324756313394,735,174,0.7451229169255673,9.02954991112445,False,True,127890,True
20261046,16,0.9,0.0,8,q1,1,161,0.06679292996435712,771,166,0.6589222783906892,9.004350955659293,False,True,127986,True
20261046,16,0.9,0.0,8,q32,32,250,0.00020609507758449262,447,286,8.861308429856734,9.106707441234128,False,True,127842,True
20261046,16,0.9,0.9,8,joint,2,171,0.06994688318706603,723,177,0.4536324679925963,8.93900698612281,False,True,127971,True
20261046,16,0.9,0.9,8,q1,1,161,0.06679292996435712,771,166,0.11719406745961158,8.891316346226384,False,True,127986,True
20261046,16,0.9,0.9,8,q32,32,250,0.0002057228194076589,447,286,8.866816095023307,9.106691656909318,False,True,127842,True
20261047,17,0.9,0.0,0,joint,32,228,0.294438075425412,484,264,0.11224336173224064,8.159131667192131,False,True,127776,True
20261047,17,0.9,0.0,0,q1,1,161,0.06679292996435712,771,166,0.39382730798847015,9.108513698858207,False,True,127986,True
20261047,17,0.9,0.0,0,q32,32,228,0.294438075425412,484,264,0.11224336173224064,8.159131667192131,False,True,127776,True
20261047,17,0.9,0.9,0,joint,2,171,0.06994688318706603,723,177,0.907476945079805,8.471912025686954,False,True,127971,True
20261047,17,0.9,0.9,0,q1,1,161,0.06679292996435712,771,166,0.08813561925558591,8.499814351444027,False,True,127986,True
20261047,17,0.9,0.9,0,q32,32,250,0.09618844165746196,447,286,1.138546869577622,9.171242024555927,False,True,127842,True
20261047,17,0.9,0.0,8,joint,4,166,0.07914324756313394,735,174,0.0606930543245464,8.89025247115583,False,True,127890,True
20261047,17,0.9,0.0,8,q1,1,161,0.06679292996435712,771,166,0.39382730798847015,9.108513698858207,False,True,127986,True
20261047,17,0.9,0.0,8,q32,32,250,0.00020609507758449262,447,286,8.857983223369693,9.106710769809704,False,True,127842,True
20261047,17,0.9,0.9,8,joint,2,171,0.06994688318706603,723,177,0.907476945079805,8.471912025686954,False,True,127971,True
20261047,17,0.9,0.9,8,q1,1,161,0.06679292996435712,771,166,0.08813561925558591,8.499814351444027,False,True,127986,True
20261047,17,0.9,0.9,8,q32,32,250,0.0002057228194076589,447,286,8.869198141664937,9.105528192509126,False,True,127842,True
20261048,18,0.9,0.0,0,joint,32,228,0.294438075425412,484,264,0.13959254441388566,8.475760488848834,False,True,127776,True
20261048,18,0.9,0.0,0,q1,1,161,0.06679292996435712,771,166,1.2812389838496605,8.907617479192174,False,True,127986,True
20261048,18,0.9,0.0,0,q32,32,228,0.294438075425412,484,264,0.13959254441388566,8.475760488848834,False,True,127776,True
20261048,18,0.9,0.9,0,joint,2,171,0.06994688318706603,723,177,0.7729977478812762,9.04777301144586,False,True,127971,True
20261048,18,0.9,0.9,0,q1,1,161,0.06679292996435712,771,166,2.2790294916599887,9.05042574271321,False,True,127986,True
20261048,18,0.9,0.9,0,q32,32,250,0.09618844165746196,447,286,0.6912291307057237,9.025573691882954,False,True,127842,True
20261048,18,0.9,0.0,8,joint,4,166,0.07914324756313394,735,174,0.02306690541142197,8.78810707209907,False,True,127890,True
20261048,18,0.9,0.0,8,q1,1,161,0.06679292996435712,771,166,1.2812389838496605,8.907617479192174,False,True,127986,True
20261048,18,0.9,0.0,8,q32,32,250,0.00020609507758449262,447,286,8.859417235022962,9.106941195347119,False,True,127842,True
20261048,18,0.9,0.9,8,joint,2,171,0.06994688318706603,723,177,0.7729977478812762,9.04777301144586,False,True,127971,True
20261048,18,0.9,0.9,8,q1,1,161,0.06679292996435712,771,166,2.2790294916599887,9.05042574271321,False,True,127986,True
20261048,18,0.9,0.9,8,q32,32,250,0.0002057228194076589,447,286,8.849070963801084,9.107215945929843,False,True,127842,True
20261049,19,0.9,0.0,0,joint,32,228,0.294438075425412,484,264,0.13077687632653673,8.034297007455338,False,True,127776,True
20261049,19,0.9,0.0,0,q1,1,161,0.06679292996435712,771,166,0.7548786516056307,8.907617479192174,False,True,127986,True
20261049,19,0.9,0.0,0,q32,32,228,0.294438075425412,484,264,0.13077687632653673,8.034297007455338,False,True,127776,True
20261049,19,0.9,0.9,0,joint,2,171,0.06994688318706603,723,177,0.45674444227630534,8.471912025686954,False,True,127971,True
20261049,19,0.9,0.9,0,q1,1,161,0.06679292996435712,771,166,1.528559229206657,8.499814351444027,False,True,127986,True
20261049,19,0.9,0.9,0,q32,32,250,0.09618844165746196,447,286,0.5542572200208061,8.294708375326266,False,True,127842,True
20261049,19,0.9,0.0,8,joint,4,166,0.07914324756313394,735,174,0.20741748013345435,8.902088561063655,False,True,127890,True
20261049,19,0.9,0.0,8,q1,1,161,0.06679292996435712,771,166,0.7548786516056307,8.907617479192174,False,True,127986,True
20261049,19,0.9,0.0,8,q32,32,250,0.00020609507758449262,447,286,8.862648839362285,9.106614814812021,False,True,127842,True
20261049,19,0.9,0.9,8,joint,2,171,0.06994688318706603,723,177,0.45674444227630534,8.471912025686954,False,True,127971,True
20261049,19,0.9,0.9,8,q1,1,161,0.06679292996435712,771,166,1.528559229206657,8.499814351444027,False,True,127986,True
20261049,19,0.9,0.9,8,q32,32,250,0.0002057228194076589,447,286,8.850560613285591,9.10559396601183,False,True,127842,True
20261050,20,0.9,0.0,0,joint,32,228,0.294438075425412,484,264,0.18009629519343107,8.50662001519238,False,True,127776,True
20261050,20,0.9,0.0,0,q1,1,161,0.06679292996435712,771,166,0.7888288650256066,9.108513698858207,False,True,127986,True
20261050,20,0.9,0.0,0,q32,32,228,0.294438075425412,484,264,0.18009629519343107,8.50662001519238,False,True,127776,True
20261050,20,0.9,0.9,0,joint,2,171,0.06994688318706603,723,177,2.9449417880800968,9.04621060900457,False,True,127971,True
20261050,20,0.9,0.9,0,q1,1,161,0.06679292996435712,771,166,1.1557553646195724,9.04887461231164,False,True,127986,True
20261050,20,0.9,0.9,0,q32,32,250,0.09618844165746196,447,286,0.2534852448604906,9.024392660366816,False,True,127842,True
20261050,20,0.9,0.0,8,joint,4,166,0.07914324756313394,735,174,0.3433245801761659,9.000056035693003,False,True,127890,True
20261050,20,0.9,0.0,8,q1,1,161,0.06679292996435712,771,166,0.7888288650256066,9.108513698858207,False,True,127986,True
20261050,20,0.9,0.0,8,q32,32,250,0.00020609507758449262,447,286,8.859609309006071,9.10696463452525,False,True,127842,True
20261050,20,0.9,0.9,8,joint,2,171,0.06994688318706603,723,177,2.9449417880800968,9.04621060900457,False,True,127971,True
20261050,20,0.9,0.9,8,q1,1,161,0.06679292996435712,771,166,1.1557553646195724,9.04887461231164,False,True,127986,True
20261050,20,0.9,0.9,8,q32,32,250,0.0002057228194076589,447,286,8.868940733636638,9.107207590863077,False,True,127842,True
20261051,21,0.9,0.0,0,joint,32,228,0.294438075425412,484,264,0.09748297074595065,8.492276824465113,False,True,127776,True
20261051,21,0.9,0.0,0,q1,1,161,0.06679292996435712,771,166,0.7397991172899886,9.05042574271321,False,True,127986,True
20261051,21,0.9,0.0,0,q32,32,228,0.294438075425412,484,264,0.09748297074595065,8.492276824465113,False,True,127776,True
20261051,21,0.9,0.9,0,joint,2,171,0.06994688318706603,723,177,0.2796313024535517,8.881256666057066,False,True,127971,True
20261051,21,0.9,0.9,0,q1,1,161,0.06679292996435712,771,166,2.136144966198814,8.891316346226384,False,True,127986,True
20261051,21,0.9,0.9,0,q32,32,250,0.09618844165746196,447,286,1.0512071747090321,8.798059682322934,False,True,127842,True
20261051,21,0.9,0.0,8,joint,4,166,0.07914324756313394,735,174,0.015690434569432102,9.01295628974798,False,True,127890,True
20261051,21,0.9,0.0,8,q1,1,161,0.06679292996435712,771,166,0.7397991172899886,9.05042574271321,False,True,127986,True
20261051,21,0.9,0.0,8,q32,32,250,0.00020609507758449262,447,286,8.859583303443674,9.106955574280937,False,True,127842,True
20261051,21,0.9,0.9,8,joint,2,171,0.06994688318706603,723,177,0.2796313024535517,8.881256666057066,False,True,127971,True
20261051,21,0.9,0.9,8,q1,1,161,0.06679292996435712,771,166,2.136144966198814,8.891316346226384,False,True,127986,True
20261051,21,0.9,0.9,8,q32,32,250,0.0002057228194076589,447,286,8.846078424667141,9.106719565233893,False,True,127842,True
20261052,22,0.9,0.0,0,joint,32,228,0.294438075425412,484,264,0.045235675303820104,8.593483822772397,False,True,127776,True
20261052,22,0.9,0.0,0,q1,1,161,0.06679292996435712,771,166,1.6152014982165865,9.108513698858207,False,True,127986,True
20261052,22,0.9,0.0,0,q32,32,228,0.294438075425412,484,264,0.045235675303820104,8.593483822772397,False,True,127776,True
20261052,22,0.9,0.9,0,joint,2,171,0.06994688318706603,723,177,0.35241299087767763,8.881256666057066,False,True,127971,True
20261052,22,0.9,0.9,0,q1,1,161,0.06679292996435712,771,166,1.4847988538343992,8.891316346226384,False,True,127986,True
20261052,22,0.9,0.9,0,q32,32,250,0.09618844165746196,447,286,1.8589987070039196,8.808522739064143,False,True,127842,True
20261052,22,0.9,0.0,8,joint,4,166,0.07914324756313394,735,174,0.2400421632341537,9.059620108074538,False,True,127890,True
20261052,22,0.9,0.0,8,q1,1,161,0.06679292996435712,771,166,1.6152014982165865,9.108513698858207,False,True,127986,True
20261052,22,0.9,0.0,8,q32,32,250,0.00020609507758449262,447,286,8.860498878511532,9.107025542435156,False,True,127842,True
20261052,22,0.9,0.9,8,joint,2,171,0.06994688318706603,723,177,0.35241299087767763,8.881256666057066,False,True,127971,True
20261052,22,0.9,0.9,8,q1,1,161,0.06679292996435712,771,166,1.4847988538343992,8.891316346226384,False,True,127986,True
20261052,22,0.9,0.9,8,q32,32,250,0.0002057228194076589,447,286,8.870894384681478,9.106743599075505,False,True,127842,True
20261053,23,0.9,0.0,0,joint,32,228,0.294438075425412,484,264,0.23052072294476575,8.360589815802,False,True,127776,True
20261053,23,0.9,0.0,0,q1,1,161,0.06679292996435712,771,166,0.22881694407879916,8.891316346226384,False,True,127986,True
20261053,23,0.9,0.0,0,q32,32,228,0.294438075425412,484,264,0.23052072294476575,8.360589815802,False,True,127776,True
20261053,23,0.9,0.9,0,joint,2,171,0.06994688318706603,723,177,2.2304627144754137,8.881256666057066,False,True,127971,True
20261053,23,0.9,0.9,0,q1,1,161,0.06679292996435712,771,166,0.2904296548791089,8.891316346226384,False,True,127986,True
20261053,23,0.9,0.9,0,q32,32,250,0.09618844165746196,447,286,3.587606245988125,8.780113903896863,False,True,127842,True
20261053,23,0.9,0.0,8,joint,4,166,0.07914324756313394,735,174,0.08920924243261819,9.026429067430803,False,True,127890,True
20261053,23,0.9,0.0,8,q1,1,161,0.06679292996435712,771,166,0.22881694407879916,8.891316346226384,False,True,127986,True
20261053,23,0.9,0.0,8,q32,32,250,0.00020609507758449262,447,286,8.86154370804265,9.106860038345854,False,True,127842,True
20261053,23,0.9,0.9,8,joint,2,171,0.06994688318706603,723,177,2.2304627144754137,8.881256666057066,False,True,127971,True
20261053,23,0.9,0.9,8,q1,1,161,0.06679292996435712,771,166,0.2904296548791089,8.891316346226384,False,True,127986,True
20261053,23,0.9,0.9,8,q32,32,250,0.0002057228194076589,447,286,8.860914173525853,9.10668063068955,False,True,127842,True
20261054,24,0.9,0.0,0,joint,32,228,0.294438075425412,484,264,0.03375827169030929,8.174978117961558,False,True,127776,True
20261054,24,0.9,0.0,0,q1,1,161,0.06679292996435712,771,166,0.651762176834589,8.907617479192174,False,True,127986,True
20261054,24,0.9,0.0,0,q32,32,228,0.294438075425412,484,264,0.03375827169030929,8.174978117961558,False,True,127776,True
20261054,24,0.9,0.9,0,joint,2,171,0.06994688318706603,723,177,0.43115753185735656,8.898400579562077,False,True,127971,True
20261054,24,0.9,0.9,0,q1,1,161,0.06679292996435712,771,166,0.1278304114572894,8.907617479192174,False,True,127986,True
20261054,24,0.9,0.9,0,q32,32,250,0.09618844165746196,447,286,1.0926332103807554,8.822471111880038,False,True,127842,True
20261054,24,0.9,0.0,8,joint,4,166,0.07914324756313394,735,174,0.21465020857482708,8.91183009115963,False,True,127890,True
20261054,24,0.9,0.0,8,q1,1,161,0.06679292996435712,771,166,0.651762176834589,8.907617479192174,False,True,127986,True
20261054,24,0.9,0.0,8,q32,32,250,0.00020609507758449262,447,286,8.857639915377494,9.106722173274703,False,True,127842,True
20261054,24,0.9,0.9,8,joint,2,171,0.06994688318706603,723,177,0.43115753185735656,8.898400579562077,False,True,127971,True
20261054,24,0.9,0.9,8,q1,1,161,0.06679292996435712,771,166,0.1278304114572894,8.907617479192174,False,True,127986,True
20261054,24,0.9,0.9,8,q32,32,250,0.0002057228194076589,447,286,8.858973617079819,9.10676523732281,False,True,127842,True
20261055,25,0.9,0.0,0,joint,32,228,0.294438075425412,484,264,0.014897939114751065,8.342124968856773,False,True,127776,True
20261055,25,0.9,0.0,0,q1,1,161,0.06679292996435712,771,166,0.3662857525046509,9.108513698858207,False,True,127986,True
20261055,25,0.9,0.0,0,q32,32,228,0.294438075425412,484,264,0.014897939114751065,8.342124968856773,False,True,127776,True
20261055,25,0.9,0.9,0,joint,2,171,0.06994688318706603,723,177,0.9618798772329216,9.003168574107582,False,True,127971,True
20261055,25,0.9,0.9,0,q1,1,161,0.06679292996435712,771,166,0.36628136089658314,9.004350955659293,False,True,127986,True
20261055,25,0.9,0.9,0,q32,32,250,0.09618844165746196,447,286,1.3580563923931481,8.959862584963439,False,True,127842,True
20261055,25,0.9,0.0,8,joint,4,166,0.07914324756313394,735,174,0.0731913067808527,8.924142435129129,False,True,127890,True
20261055,25,0.9,0.0,8,q1,1,161,0.06679292996435712,771,166,0.3662857525046509,9.108513698858207,False,True,127986,True
20261055,25,0.9,0.0,8,q32,32,250,0.00020609507758449262,447,286,8.860937367365455,9.10684365788385,False,True,127842,True
20261055,25,0.9,0.9,8,joint,2,171,0.06994688318706603,723,177,0.9618798772329216,9.003168574107582,False,True,127971,True
20261055,25,0.9,0.9,8,q1,1,161,0.06679292996435712,771,166,0.36628136089658314,9.004350955659293,False,True,127986,True
20261055,25,0.9,0.9,8,q32,32,250,0.0002057228194076589,447,286,8.843673605206737,9.107072451671003,False,True,127842,True
20261056,26,0.9,0.0,0,joint,32,228,0.294438075425412,484,264,0.04885000502406069,8.365137644808806,False,True,127776,True
20261056,26,0.9,0.0,0,q1,1,161,0.06679292996435712,771,166,0.11937925145151032,9.04887461231164,False,True,127986,True
20261056,26,0.9,0.0,0,q32,32,228,0.294438075425412,484,264,0.04885000502406069,8.365137644808806,False,True,127776,True
20261056,26,0.9,0.9,0,joint,2,171,0.06994688318706603,723,177,1.0083558804963628,8.898400579562077,False,True,127971,True
20261056,26,0.9,0.9,0,q1,1,161,0.06679292996435712,771,166,1.0296534763420886,8.907617479192174,False,True,127986,True
20261056,26,0.9,0.9,0,q32,32,250,0.09618844165746196,447,286,0.45627980242803956,8.808136941780049,False,True,127842,True
20261056,26,0.9,0.0,8,joint,4,166,0.07914324756313394,735,174,0.214082374952386,9.012615663628472,False,True,127890,True
20261056,26,0.9,0.0,8,q1,1,161,0.06679292996435712,771,166,0.11937925145151032,9.04887461231164,False,True,127986,True
20261056,26,0.9,0.0,8,q32,32,250,0.00020609507758449262,447,286,8.86205140134952,9.106862073638728,False,True,127842,True
20261056,26,0.9,0.9,8,joint,2,171,0.06994688318706603,723,177,1.0083558804963628,8.898400579562077,False,True,127971,True
20261056,26,0.9,0.9,8,q1,1,161,0.06679292996435712,771,166,1.0296534763420886,8.907617479192174,False,True,127986,True
20261056,26,0.9,0.9,8,q32,32,250,0.0002057228194076589,447,286,8.869790046559531,9.106737266456708,False,True,127842,True
20261057,27,0.9,0.0,0,joint,32,228,0.294438075425412,484,264,0.038706042192804144,8.540061144814743,False,True,127776,True
20261057,27,0.9,0.0,0,q1,1,161,0.06679292996435712,771,166,0.10515986925344957,9.109621426857078,False,True,127986,True
20261057,27,0.9,0.0,0,q32,32,228,0.294438075425412,484,264,0.038706042192804144,8.540061144814743,False,True,127776,True
20261057,27,0.9,0.9,0,joint,2,171,0.06994688318706603,723,177,1.0109800614891813,8.471912025686954,False,True,127971,True
20261057,27,0.9,0.9,0,q1,1,161,0.06679292996435712,771,166,0.7486016681464706,8.499814351444027,False,True,127986,True
20261057,27,0.9,0.9,0,q32,32,250,0.09618844165746196,447,286,1.0013516704508638,8.25950395861469,False,True,127842,True
20261057,27,0.9,0.0,8,joint,4,166,0.07914324756313394,735,174,0.23509736011991703,8.87631776552151,False,True,127890,True
20261057,27,0.9,0.0,8,q1,1,161,0.06679292996435712,771,166,0.10515986925344957,9.109621426857078,False,True,127986,True
20261057,27,0.9,0.0,8,q32,32,250,0.00020609507758449262,447,286,8.861158035138484,9.10698900348828,False,True,127842,True
20261057,27,0.9,0.9,8,joint,2,171,0.06994688318706603,723,177,1.0109800614891813,8.471912025686954,False,True,127971,True
20261057,27,0.9,0.9,8,q1,1,161,0.06679292996435712,771,166,0.7486016681464706,8.499814351444027,False,True,127986,True
20261057,27,0.9,0.9,8,q32,32,250,0.0002057228194076589,447,286,8.869672442891956,9.105514099376604,False,True,127842,True
20261058,28,0.9,0.0,0,joint,32,228,0.294438075425412,484,264,0.04749944732748643,8.30902656966852,False,True,127776,True
20261058,28,0.9,0.0,0,q1,1,161,0.06679292996435712,771,166,0.9198465145125644,8.907617479192174,False,True,127986,True
20261058,28,0.9,0.0,0,q32,32,228,0.294438075425412,484,264,0.04749944732748643,8.30902656966852,False,True,127776,True
20261058,28,0.9,0.9,0,joint,2,171,0.06994688318706603,723,177,0.25236285060048297,8.898400579562077,False,True,127971,True
20261058,28,0.9,0.9,0,q1,1,161,0.06679292996435712,771,166,0.20374028154805013,8.907617479192174,False,True,127986,True
20261058,28,0.9,0.9,0,q32,32,250,0.09618844165746196,447,286,0.27248882871357827,8.822471111880038,False,True,127842,True
20261058,28,0.9,0.0,8,joint,4,166,0.07914324756313394,735,174,0.07037233820521056,8.833848157965896,False,True,127890,True
20261058,28,0.9,0.0,8,q1,1,161,0.06679292996435712,771,166,0.9198465145125644,8.907617479192174,False,True,127986,True
20261058,28,0.9,0.0,8,q32,32,250,0.00020609507758449262,447,286,8.860698987793953,9.106819598508219,False,True,127842,True
20261058,28,0.9,0.9,8,joint,2,171,0.06994688318706603,723,177,0.25236285060048297,8.898400579562077,False,True,127971,True
20261058,28,0.9,0.9,8,q1,1,161,0.06679292996435712,771,166,0.20374028154805013,8.907617479192174,False,True,127986,True
20261058,28,0.9,0.9,8,q32,32,250,0.0002057228194076589,447,286,8.858806919275745,9.10676523732281,False,True,127842,True
20261059,29,0.9,0.0,0,joint,32,228,0.294438075425412,484,264,0.24173943953931107,8.358917667777442,False,True,127776,True
20261059,29,0.9,0.0,0,q1,1,161,0.06679292996435712,771,166,0.1901187323188022,8.891316346226384,False,True,127986,True
20261059,29,0.9,0.0,0,q32,32,228,0.294438075425412,484,264,0.24173943953931107,8.358917667777442,False,True,127776,True
20261059,29,0.9,0.9,0,joint,2,171,0.06994688318706603,723,177,0.2507182824716324,8.999552437554646,False,True,127971,True
20261059,29,0.9,0.9,0,q1,1,161,0.06679292996435712,771,166,0.16800304293754834,9.004350955659293,False,True,127986,True
20261059,29,0.9,0.9,0,q32,32,250,0.09618844165746196,447,286,2.0949067916915762,8.959862584963439,False,True,127842,True
20261059,29,0.9,0.0,8,joint,4,166,0.07914324756313394,735,174,0.0529415023795117,8.842937438548041,False,True,127890,True
20261059,29,0.9,0.0,8,q1,1,161,0.06679292996435712,771,166,0.1901187323188022,8.891316346226384,False,True,127986,True
20261059,29,0.9,0.0,8,q32,32,250,0.00020609507758449262,447,286,8.859681674598106,9.106858623562479,False,True,127842,True
20261059,29,0.9,0.9,8,joint,2,171,0.06994688318706603,723,177,0.2507182824716324,8.999552437554646,False,True,127971,True
20261059,29,0.9,0.9,8,q1,1,161,0.06679292996435712,771,166,0.16800304293754834,9.004350955659293,False,True,127986,True
20261059,29,0.9,0.9,8,q32,32,250,0.0002057228194076589,447,286,8.873658562898472,9.107072451671003,False,True,127842,True
20261060,30,0.9,0.0,0,joint,32,228,0.294438075425412,484,264,0.09509042605271824,8.141572823242626,False,True,127776,True
20261060,30,0.9,0.0,0,q1,1,161,0.06679292996435712,771,166,4.005691494816781,9.004350955659293,False,True,127986,True
20261060,30,0.9,0.0,0,q32,32,228,0.294438075425412,484,264,0.09509042605271824,8.141572823242626,False,True,127776,True
20261060,30,0.9,0.9,0,joint,2,171,0.06994688318706603,723,177,0.7344787937812178,9.04777301144586,False,True,127971,True
20261060,30,0.9,0.9,0,q1,1,161,0.06679292996435712,771,166,2.319129985283442,9.05042574271321,False,True,127986,True
20261060,30,0.9,0.9,0,q32,32,250,0.09618844165746196,447,286,0.025564474059088245,9.018504417946435,False,True,127842,True
20261060,30,0.9,0.0,8,joint,4,166,0.07914324756313394,735,174,0.09406561799667523,9.046655576688833,False,True,127890,True
20261060,30,0.9,0.0,8,q1,1,161,0.06679292996435712,771,166,4.005691494816781,9.004350955659293,False,True,127986,True
20261060,30,0.9,0.0,8,q32,32,250,0.00020609507758449262,447,286,8.858719604202697,9.106697724490255,False,True,127842,True
20261060,30,0.9,0.9,8,joint,2,171,0.06994688318706603,723,177,0.7344787937812178,9.04777301144586,False,True,127971,True
20261060,30,0.9,0.9,8,q1,1,161,0.06679292996435712,771,166,2.319129985283442,9.05042574271321,False,True,127986,True
20261060,30,0.9,0.9,8,q32,32,250,0.0002057228194076589,447,286,8.877279552623934,9.10720069514554,False,True,127842,True
20261061,31,0.9,0.0,0,joint,32,228,0.294438075425412,484,264,0.04601388987602902,8.243514783114874,False,True,127776,True
20261061,31,0.9,0.0,0,q1,1,161,0.06679292996435712,771,166,0.046918498767648545,8.891316346226384,False,True,127986,True
20261061,31,0.9,0.0,0,q32,32,228,0.294438075425412,484,264,0.04601388987602902,8.243514783114874,False,True,127776,True
20261061,31,0.9,0.9,0,joint,2,171,0.06994688318706603,723,177,0.6460320841039378,8.898400579562077,False,True,127971,True
20261061,31,0.9,0.9,0,q1,1,161,0.06679292996435712,771,166,1.0845427466930118,8.907617479192174,False,True,127986,True
20261061,31,0.9,0.9,0,q32,32,250,0.09618844165746196,447,286,0.8054120952394381,8.837132576851193,False,True,127842,True
20261061,31,0.9,0.0,8,joint,4,166,0.07914324756313394,735,174,0.2903964557497284,8.812531436976233,False,True,127890,True
20261061,31,0.9,0.0,8,q1,1,161,0.06679292996435712,771,166,0.046918498767648545,8.891316346226384,False,True,127986,True
20261061,31,0.9,0.0,8,q32,32,250,0.00020609507758449262,447,286,8.86239215335662,9.106772958304717,False,True,127842,True
20261061,31,0.9,0.9,8,joint,2,171,0.06994688318706603,723,177,0.6460320841039378,8.898400579562077,False,True,127971,True
20261061,31,0.9,0.9,8,q1,1,161,0.06679292996435712,771,166,1.0845427466930118,8.907617479192174,False,True,127986,True
20261061,31,0.9,0.9,8,q32,32,250,0.0002057228194076589,447,286,8.865837946001033,9.106798813763545,False,True,127842,True
20261030,0,0.98,0.0,0,joint,32,1266,0.9432562410584426,98,1302,0.16885233333757838,13.208313362159291,False,True,127596,True
20261030,0,0.98,0.0,0,q1,1,924,0.3000589798621073,137,929,1.0979971773830777,21.499662689098518,False,True,127273,True
20261030,0,0.98,0.0,0,q32,32,1266,0.9432562410584426,98,1302,0.16885233333757838,13.208313362159291,False,True,127596,True
20261030,0,0.98,0.9,0,joint,2,973,0.31053198836532336,130,979,0.24972484840714818,15.538040578803592,False,True,127270,True
20261030,0,0.98,0.9,0,q1,1,924,0.3000589798621073,137,929,0.3150206468019719,15.57769779417782,False,True,127273,True
20261030,0,0.98,0.9,0,q32,32,1266,0.3216439552437961,98,1302,0.1508168267618325,15.359823468199577,False,True,127596,True
20261030,0,0.98,0.0,8,joint,4,924,0.29805454174133994,137,932,0.04713623515855398,15.669508919107972,False,True,127684,True
20261030,0,0.98,0.0,8,q1,1,924,0.3000589798621073,137,929,1.0979971773830777,21.499662689098518,False,True,127273,True
20261030,0,0.98,0.0,8,q32,32,1266,0.00020595114756969375,98,1302,16.729398944546954,16.804522537415476,False,True,127596,True
20261030,0,0.98,0.9,8,joint,2,973,0.31053198836532336,130,979,0.24972484840714818,15.538040578803592,False,True,127270,True
20261030,0,0.98,0.9,8,q1,1,924,0.3000589798621073,137,929,0.3150206468019719,15.57769779417782,False,True,127273,True
20261030,0,0.98,0.9,8,q32,32,1266,0.00020586404975404612,98,1302,16.725413919776887,16.804379795510407,False,True,127596,True
20261031,1,0.98,0.0,0,joint,32,1266,0.9432562410584426,98,1302,0.2623616142926637,13.069052221542881,False,True,127596,True
20261031,1,0.98,0.0,0,q1,1,924,0.3000589798621073,137,929,0.1411227883607285,16.805376690461554,False,True,127273,True
20261031,1,0.98,0.0,0,q32,32,1266,0.9432562410584426,98,1302,0.2623616142926637,13.069052221542881,False,True,127596,True
20261031,1,0.98,0.9,0,joint,2,973,0.31053198836532336,130,979,0.21909436701584542,16.25022801088021,False,True,127270,True
20261031,1,0.98,0.9,0,q1,1,924,0.3000589798621073,137,929,0.1899129960714805,16.267993575997814,False,True,127273,True
20261031,1,0.98,0.9,0,q32,32,1266,0.3216439552437961,98,1302,1.1754653347844637,16.127240426345587,False,True,127596,True
20261031,1,0.98,0.0,8,joint,4,924,0.29805454174133994,137,932,0.8223058106615353,15.78454323113155,False,True,127684,True
20261031,1,0.98,0.0,8,q1,1,924,0.3000589798621073,137,929,0.1411227883607285,16.805376690461554,False,True,127273,True
20261031,1,0.98,0.0,8,q32,32,1266,0.00020595114756969375,98,1302,16.729403890938826,16.8044810416828,False,True,127596,True
20261031,1,0.98,0.9,8,joint,2,973,0.31053198836532336,130,979,0.21909436701584542,16.25022801088021,False,True,127270,True
20261031,1,0.98,0.9,8,q1,1,924,0.3000589798621073,137,929,0.1899129960714805,16.267993575997814,False,True,127273,True
20261031,1,0.98,0.9,8,q32,32,1266,0.00020586404975404612,98,1302,16.723255382768805,16.8049027042212,False,True,127596,True
20261032,2,0.98,0.0,0,joint,32,1266,0.9432562410584426,98,1302,0.21277770209696145,14.087235043863213,False,True,127596,True
20261032,2,0.98,0.0,0,q1,1,924,0.3000589798621073,137,929,17.249427434285682,23.128228351518175,False,True,127273,True
20261032,2,0.98,0.0,0,q32,32,1266,0.9432562410584426,98,1302,0.21277770209696145,14.087235043863213,False,True,127596,True
20261032,2,0.98,0.9,0,joint,2,973,0.31053198836532336,130,979,0.5356972169822626,16.34573796539716,False,True,127270,True
20261032,2,0.98,0.9,0,q1,1,924,0.3000589798621073,137,929,0.41825562344651657,19.965043485812583,False,True,127273,True
20261032,2,0.98,0.9,0,q32,32,1266,0.3216439552437961,98,1302,0.050976303069133116,16.33089951066953,False,True,127596,True
20261032,2,0.98,0.0,8,joint,4,924,0.29805454174133994,137,932,0.36779711401097404,15.910091343827922,False,True,127684,True
20261032,2,0.98,0.0,8,q1,1,924,0.3000589798621073,137,929,17.249427434285682,23.128228351518175,False,True,127273,True
20261032,2,0.98,0.0,8,q32,32,1266,0.00020595114756969375,98,1302,16.729043624569286,16.804733473705824,False,True,127596,True
20261032,2,0.98,0.9,8,joint,2,973,0.31053198836532336,130,979,0.5356972169822626,16.34573796539716,False,True,127270,True
20261032,2,0.98,0.9,8,q1,1,924,0.3000589798621073,137,929,0.41825562344651657,19.965043485812583,False,True,127273,True
20261032,2,0.98,0.9,8,q32,32,1266,0.00020586404975404612,98,1302,16.751692302288465,16.805022248820094,False,True,127596,True
20261033,3,0.98,0.0,0,joint,32,1266,0.9432562410584426,98,1302,0.14042542981958958,13.155948749876107,False,True,127596,True
20261033,3,0.98,0.0,0,q1,1,924,0.3000589798621073,137,929,0.337533571392132,16.35982490873105,False,True,127273,True
20261033,3,0.98,0.0,0,q32,32,1266,0.9432562410584426,98,1302,0.14042542981958958,13.155948749876107,False,True,127596,True
20261033,3,0.98,0.9,0,joint,2,973,0.31053198836532336,130,979,0.16685758406476078,15.538040578803592,False,True,127270,True
20261033,3,0.98,0.9,0,q1,1,924,0.3000589798621073,137,929,0.7451770799302879,20.538747456744538,False,True,127273,True
20261033,3,0.98,0.9,0,q32,32,1266,0.3216439552437961,98,1302,0.16343218939386733,15.541970988958386,False,True,127596,True
20261033,3,0.98,0.0,8,joint,4,924,0.29805454174133994,137,932,0.14799098546094855,15.490108018015531,False,True,127684,True
20261033,3,0.98,0.0,8,q1,1,924,0.3000589798621073,137,929,0.337533571392132,16.35982490873105,False,True,127273,True
20261033,3,0.98,0.0,8,q32,32,1266,0.00020595114756969375,98,1302,16.727844378299572,16.804508794124843,False,True,127596,True
20261033,3,0.98,0.9,8,joint,2,973,0.31053198836532336,130,979,0.16685758406476078,15.538040578803592,False,True,127270,True
20261033,3,0.98,0.9,8,q1,1,924,0.3000589798621073,137,929,0.7451770799302879,20.538747456744538,False,True,127273,True
20261033,3,0.98,0.9,8,q32,32,1266,0.00020586404975404612,98,1302,16.73073096025164,16.804492136495057,False,True,127596,True
20261034,4,0.98,0.0,0,joint,32,1266,0.9432562410584426,98,1302,0.04430049557905217,13.305884099509383,False,True,127596,True
20261034,4,0.98,0.0,0,q1,1,924,0.3000589798621073,137,929,1.58023855829032,18.423234836204504,False,True,127273,True
20261034,4,0.98,0.0,0,q32,32,1266,0.9432562410584426,98,1302,0.04430049557905217,13.305884099509383,False,True,127596,True
20261034,4,0.98,0.9,0,joint,2,973,0.31053198836532336,130,979,1.608755214517132,16.02807886005701,False,True,127270,True
20261034,4,0.98,0.9,0,q1,1,924,0.3000589798621073,137,929,5.234216865484272,19.75924882399919,False,True,127273,True
20261034,4,0.98,0.9,0,q32,32,1266,0.3216439552437961,98,1302,0.11120631251198432,16.223665644048744,False,True,127596,True
20261034,4,0.98,0.0,8,joint,4,924,0.29805454174133994,137,932,0.10751801610869434,16.1714191790267,False,True,127684,True
20261034,4,0.98,0.0,8,q1,1,924,0.3000589798621073,137,929,1.58023855829032,18.423234836204504,False,True,127273,True
20261034,4,0.98,0.0,8,q32,32,1266,0.00020595114756969375,98,1302,16.730130961467758,16.80454468691802,False,True,127596,True
20261034,4,0.98,0.9,8,joint,2,973,0.31053198836532336,130,979,1.608755214517132,16.02807886005701,False,True,127270,True
20261034,4,0.98,0.9,8,q1,1,924,0.3000589798621073,137,929,5.234216865484272,19.75924882399919,False,True,127273,True
20261034,4,0.98,0.9,8,q32,32,1266,0.00020586404975404612,98,1302,16.74226298684235,16.80497370487812,False,True,127596,True
20261035,5,0.98,0.0,0,joint,32,1266,0.9432562410584426,98,1302,0.4277607063390818,13.597157987797718,False,True,127596,True
20261035,5,0.98,0.0,0,q1,1,924,0.3000589798621073,137,929,0.4060965918838392,15.563661350872604,False,True,127273,True
20261035,5,0.98,0.0,0,q32,32,1266,0.9432562410584426,98,1302,0.4277607063390818,13.597157987797718,False,True,127596,True
20261035,5,0.98,0.9,0,joint,2,973,0.31053198836532336,130,979,1.658444786332907,16.562991020540203,False,True,127270,True
20261035,5,0.98,0.9,0,q1,1,924,0.3000589798621073,137,929,1.5535101200963313,25.292595445018506,False,True,127273,True
20261035,5,0.98,0.9,0,q32,32,1266,0.3216439552437961,98,1302,0.6345188301129016,16.554922659769986,False,True,127596,True
20261035,5,0.98,0.0,8,joint,4,924,0.29805454174133994,137,932,0.5746277125341975,14.570437578101963,False,True,127684,True
20261035,5,0.98,0.0,8,q1,1,924,0.3000589798621073,137,929,0.4060965918838392,15.563661350872604,False,True,127273,True
20261035,5,0.98,0.0,8,q32,32,1266,0.00020595114756969375,98,1302,16.729408449003962,16.80461645347758,False,True,127596,True
20261035,5,0.98,0.9,8,joint,2,973,0.31053198836532336,130,979,1.658444786332907,16.562991020540203,False,True,127270,True
20261035,5,0.98,0.9,8,q1,1,924,0.3000589798621073,137,929,1.5535101200963313,25.292595445018506,False,True,127273,True
20261035,5,0.98,0.9,8,q32,32,1266,0.00020586404975404612,98,1302,16.72224036102082,16.80518422070703,False,True,127596,True
20261036,6,0.98,0.0,0,joint,32,1266,0.9432562410584426,98,1302,0.14662625240092275,13.062567353960619,False,True,127596,True
20261036,6,0.98,0.0,0,q1,1,924,0.3000589798621073,137,929,8.890712179375601,18.861221652411963,False,True,127273,True
20261036,6,0.98,0.0,0,q32,32,1266,0.9432562410584426,98,1302,0.14662625240092275,13.062567353960619,False,True,127596,True
20261036,6,0.98,0.9,0,joint,2,973,0.31053198836532336,130,979,3.2616507816719595,25.48523419267052,False,True,127270,True
20261036,6,0.98,0.9,0,q1,1,924,0.3000589798621073,137,929,0.3208484485565846,16.805376690461554,False,True,127273,True
20261036,6,0.98,0.9,0,q32,32,1266,0.3216439552437961,98,1302,23.388788760705204,23.388788760705204,False,True,127596,True
20261036,6,0.98,0.0,8,joint,4,924,0.29805454174133994,137,932,0.8881570905697791,13.985830092525628,False,True,127684,True
20261036,6,0.98,0.0,8,q1,1,924,0.3000589798621073,137,929,8.890712179375601,18.861221652411963,False,True,127273,True
20261036,6,0.98,0.0,8,q32,32,1266,0.00020595114756969375,98,1302,16.729605350509097,16.804485547290017,False,True,127596,True
20261036,6,0.98,0.9,8,joint,2,973,0.31053198836532336,130,979,3.2616507816719595,25.48523419267052,False,True,127270,True
20261036,6,0.98,0.9,8,q1,1,924,0.3000589798621073,137,929,0.3208484485565846,16.805376690461554,False,True,127273,True
20261036,6,0.98,0.9,8,q32,32,1266,0.00020586404975404612,98,1302,16.735420453630503,16.80532738123927,False,True,127596,True
20261037,7,0.98,0.0,0,joint,32,1266,0.9432562410584426,98,1302,1.2634987964337165,14.37003257817804,False,True,127596,True
20261037,7,0.98,0.0,0,q1,1,924,0.3000589798621073,137,929,2.032495782066973,16.805376690461554,False,True,127273,True
20261037,7,0.98,0.0,0,q32,32,1266,0.9432562410584426,98,1302,1.2634987964337165,14.37003257817804,False,True,127596,True
20261037,7,0.98,0.9,0,joint,2,973,0.31053198836532336,130,979,0.28112388362063606,16.562991020540203,False,True,127270,True
20261037,7,0.98,0.9,0,q1,1,924,0.3000589798621073,137,929,0.18059331761065403,16.570633659443512,False,True,127273,True
20261037,7,0.98,0.9,0,q32,32,1266,0.3216439552437961,98,1302,0.02457743098452494,16.545534880961377,False,True,127596,True
20261037,7,0.98,0.0,8,joint,4,924,0.29805454174133994,137,932,0.523159263770437,16.439108966579717,False,True,127684,True
20261037,7,0.98,0.0,8,q1,1,924,0.3000589798621073,137,929,2.032495782066973,16.805376690461554,False,True,127273,True
20261037,7,0.98,0.0,8,q32,32,1266,0.00020595114756969375,98,1302,16.72999354066977,16.80479990958837,False,True,127596,True
20261037,7,0.98,0.9,8,joint,2,973,0.31053198836532336,130,979,0.28112388362063606,16.562991020540203,False,True,127270,True
20261037,7,0.98,0.9,8,q1,1,924,0.3000589798621073,137,929,0.18059331761065403,16.570633659443512,False,True,127273,True
20261037,7,0.98,0.9,8,q32,32,1266,0.00020586404975404612,98,1302,16.726800118981256,16.805179158107713,False,True,127596,True
20261038,8,0.98,0.0,0,joint,32,1266,0.9432562410584426,98,1302,0.2741042861029377,13.403643877167577,False,True,127596,True
20261038,8,0.98,0.0,0,q1,1,924,0.3000589798621073,137,929,4.2246892206859785,32.58518577951024,False,True,127273,True
20261038,8,0.98,0.0,0,q32,32,1266,0.9432562410584426,98,1302,0.2741042861029377,13.403643877167577,False,True,127596,True
20261038,8,0.98,0.9,0,joint,2,973,0.31053198836532336,130,979,1.7152293063328572,16.14967056829895,False,True,127270,True
20261038,8,0.98,0.9,0,q1,1,924,0.3000589798621073,137,929,5.496991879785793,22.72755495237584,False,True,127273,True
20261038,8,0.98,0.9,0,q32,32,1266,0.3216439552437961,98,1302,0.1771362091272867,16.699089851208864,False,True,127596,True
20261038,8,0.98,0.0,8,joint,4,924,0.29805454174133994,137,932,0.03834423573385818,15.79912242366546,False,True,127684,True
20261038,8,0.98,0.0,8,q1,1,924,0.3000589798621073,137,929,4.2246892206859785,32.58518577951024,False,True,127273,True
20261038,8,0.98,0.0,8,q32,32,1266,0.00020595114756969375,98,1302,16.72803706308202,16.804567734031675,False,True,127596,True
20261038,8,0.98,0.9,8,joint,2,973,0.31053198836532336,130,979,1.7152293063328572,16.14967056829895,False,True,127270,True
20261038,8,0.98,0.9,8,q1,1,924,0.3000589798621073,137,929,5.496991879785793,22.72755495237584,False,True,127273,True
20261038,8,0.98,0.9,8,q32,32,1266,0.00020586404975404612,98,1302,16.72852841561054,16.805287063652337,False,True,127596,True
20261039,9,0.98,0.0,0,joint,32,1266,0.9432562410584426,98,1302,0.07790917376211448,14.092579575561606,False,True,127596,True
20261039,9,0.98,0.0,0,q1,1,924,0.3000589798621073,137,929,0.981595067834566,19.325885834094855,False,True,127273,True
20261039,9,0.98,0.0,0,q32,32,1266,0.9432562410584426,98,1302,0.07790917376211448,14.092579575561606,False,True,127596,True
20261039,9,0.98,0.9,0,joint,2,973,0.31053198836532336,130,979,2.1977415415270043,17.998820057750144,False,True,127270,True
20261039,9,0.98,0.9,0,q1,1,924,0.3000589798621073,137,929,0.2255215573072804,16.570633659443512,False,True,127273,True
20261039,9,0.98,0.9,0,q32,32,1266,0.3216439552437961,98,1302,0.10899207991318252,16.554922659769986,False,True,127596,True
20261039,9,0.98,0.0,8,joint,4,924,0.29805454174133994,137,932,0.18371759282164637,15.28654399418527,False,True,127684,True
20261039,9,0.98,0.0,8,q1,1,924,0.3000589798621073,137,929,0.981595067834566,19.325885834094855,False,True,127273,True
20261039,9,0.98,0.0,8,q32,32,1266,0.00020595114756969375,98,1302,16.731701560343936,16.804737108906526,False,True,127596,True
20261039,9,0.98,0.9,8,joint,2,973,0.31053198836532336,130,979,2.1977415415270043,17.998820057750144,False,True,127270,True
20261039,9,0.98,0.9,8,q1,1,924,0.3000589798621073,137,929,0.2255215573072804,16.570633659443512,False,True,127273,True
20261039,9,0.98,0.9,8,q32,32,1266,0.00020586404975404612,98,1302,16.728306790204197,16.80518422070703,False,True,127596,True
20261040,10,0.98,0.0,0,joint,32,1266,0.9432562410584426,98,1302,0.2781312656577306,13.555693979562575,False,True,127596,True
20261040,10,0.98,0.0,0,q1,1,924,0.3000589798621073,137,929,0.21386081022253828,16.35982490873105,False,True,127273,True
20261040,10,0.98,0.0,0,q32,32,1266,0.9432562410584426,98,1302,0.2781312656577306,13.555693979562575,False,True,127596,True
20261040,10,0.98,0.9,0,joint,2,973,0.31053198836532336,130,979,3.2884695197576894,18.142178317784712,False,True,127270,True
20261040,10,0.98,0.9,0,q1,1,924,0.3000589798621073,137,929,2.26345510941757,15.563661350872604,False,True,127273,True
20261040,10,0.98,0.9,0,q32,32,1266,0.3216439552437961,98,1302,0.2642567151846156,15.452817038184062,False,True,127596,True
20261040,10,0.98,0.0,8,joint,4,924,0.29805454174133994,137,932,1.723132053806839,15.306658409954366,False,True,127684,True
20261040,10,0.98,0.0,8,q1,1,924,0.3000589798621073,137,929,0.21386081022253828,16.35982490873105,False,True,127273,True
20261040,10,0.98,0.0,8,q32,32,1266,0.00020595114756969375,98,1302,16.73003759245325,16.804605192523475,False,True,127596,True
20261040,10,0.98,0.9,8,joint,2,973,0.31053198836532336,130,979,3.2884695197576894,18.142178317784712,False,True,127270,True
20261040,10,0.98,0.9,8,q1,1,924,0.3000589798621073,137,929,2.26345510941757,15.563661350872604,False,True,127273,True
20261040,10,0.98,0.9,8,q32,32,1266,0.00020586404975404612,98,1302,16.71772835680851,16.8044507823939,False,True,127596,True
20261041,11,0.98,0.0,0,joint,32,1266,0.9432562410584426,98,1302,0.1426423889260578,14.128888760388191,False,True,127596,True
20261041,11,0.98,0.0,0,q1,1,924,0.3000589798621073,137,929,5.960277644982569,18.318380737298604,False,True,127273,True
20261041,11,0.98,0.0,0,q32,32,1266,0.9432562410584426,98,1302,0.1426423889260578,14.128888760388191,False,True,127596,True
20261041,11,0.98,0.9,0,joint,2,973,0.31053198836532336,130,979,0.5325889049924322,16.805383586878406,False,True,127270,True
20261041,11,0.98,0.9,0,q1,1,924,0.3000589798621073,137,929,18.978507425615447,18.979790389967132,False,True,127273,True
20261041,11,0.98,0.9,0,q32,32,1266,0.3216439552437961,98,1302,4.43533645843684,22.24498834610674,False,True,127596,True
20261041,11,0.98,0.0,8,joint,4,924,0.29805454174133994,137,932,0.4707601179415538,15.41767114550941,False,True,127684,True
20261041,11,0.98,0.0,8,q1,1,924,0.3000589798621073,137,929,5.960277644982569,18.318380737298604,False,True,127273,True
20261041,11,0.98,0.0,8,q32,32,1266,0.00020595114756969375,98,1302,16.72831863542791,16.80474457355659,False,True,127596,True
20261041,11,0.98,0.9,8,joint,2,973,0.31053198836532336,130,979,0.5325889049924322,16.805383586878406,False,True,127270,True
20261041,11,0.98,0.9,8,q1,1,924,0.3000589798621073,137,929,18.978507425615447,18.979790389967132,False,True,127273,True
20261041,11,0.98,0.9,8,q32,32,1266,0.00020586404975404612,98,1302,16.737475845487538,16.805345175828734,False,True,127596,True
20261042,12,0.98,0.0,0,joint,32,1266,0.9432562410584426,98,1302,0.10552628053592772,11.720046688585509,False,True,127596,True
20261042,12,0.98,0.0,0,q1,1,924,0.3000589798621073,137,929,0.28896453665460436,18.453022506681474,False,True,127273,True
20261042,12,0.98,0.0,0,q32,32,1266,0.9432562410584426,98,1302,0.10552628053592772,11.720046688585509,False,True,127596,True
20261042,12,0.98,0.9,0,joint,2,973,0.31053198836532336,130,979,0.1691986061744033,16.805383586878406,False,True,127270,True
20261042,12,0.98,0.9,0,q1,1,924,0.3000589798621073,137,929,0.5314913243532733,16.805376690461554,False,True,127273,True
20261042,12,0.98,0.9,0,q32,32,1266,0.3216439552437961,98,1302,0.10169909352432126,16.7864488778142,False,True,127596,True
20261042,12,0.98,0.0,8,joint,4,924,0.29805454174133994,137,932,0.08703746924392115,14.684725023857425,False,True,127684,True
20261042,12,0.98,0.0,8,q1,1,924,0.3000589798621073,137,929,0.28896453665460436,18.453022506681474,False,True,127273,True
20261042,12,0.98,0.0,8,q32,32,1266,0.00020595114756969375,98,1302,16.728244229230125,16.804135459335033,False,True,127596,True
20261042,12,0.98,0.9,8,joint,2,973,0.31053198836532336,130,979,0.1691986061744033,16.805383586878406,False,True,127270,True
20261042,12,0.98,0.9,8,q1,1,924,0.3000589798621073,137,929,0.5314913243532733,16.805376690461554,False,True,127273,True
20261042,12,0.98,0.9,8,q32,32,1266,0.00020586404975404612,98,1302,16.735337886416765,16.805343487934074,False,True,127596,True
20261043,13,0.98,0.0,0,joint,32,1266,0.9432562410584426,98,1302,0.20065758734525965,13.597450906971483,False,True,127596,True
20261043,13,0.98,0.0,0,q1,1,924,0.3000589798621073,137,929,0.20154199261340455,13.19089402113889,False,True,127273,True
20261043,13,0.98,0.0,0,q32,32,1266,0.9432562410584426,98,1302,0.20065758734525965,13.597450906971483,False,True,127596,True
20261043,13,0.98,0.9,0,joint,2,973,0.31053198836532336,130,979,0.14003606057863077,15.538040578803592,False,True,127270,True
20261043,13,0.98,0.9,0,q1,1,924,0.3000589798621073,137,929,0.6473582391565129,15.57769779417782,False,True,127273,True
20261043,13,0.98,0.9,0,q32,32,1266,0.3216439552437961,98,1302,0.5687092024993186,15.77649169163149,False,True,127596,True
20261043,13,0.98,0.0,8,joint,4,924,0.29805454174133994,137,932,0.11803902588954814,15.597457661159988,False,True,127684,True
20261043,13,0.98,0.0,8,q1,1,924,0.3000589798621073,137,929,0.20154199261340455,13.19089402113889,False,True,127273,True
20261043,13,0.98,0.0,8,q32,32,1266,0.00020595114756969375,98,1302,16.730194034828624,16.804611145607836,False,True,127596,True
20261043,13,0.98,0.9,8,joint,2,973,0.31053198836532336,130,979,0.14003606057863077,15.538040578803592,False,True,127270,True
20261043,13,0.98,0.9,8,q1,1,924,0.3000589798621073,137,929,0.6473582391565129,15.57769779417782,False,True,127273,True
20261043,13,0.98,0.9,8,q32,32,1266,0.00020586404975404612,98,1302,16.73164009557366,16.804452841187054,False,True,127596,True
20261044,14,0.98,0.0,0,joint,32,1266,0.9432562410584426,98,1302,0.31715193394347346,13.594215651206149,False,True,127596,True
20261044,14,0.98,0.0,0,q1,1,924,0.3000589798621073,137,929,0.693523484568028,15.57769779417782,False,True,127273,True
20261044,14,0.98,0.0,0,q32,32,1266,0.9432562410584426,98,1302,0.31715193394347346,13.594215651206149,False,True,127596,True
20261044,14,0.98,0.9,0,joint,2,973,0.31053198836532336,130,979,0.19747052823567088,16.34573796539716,False,True,127270,True
20261044,14,0.98,0.9,0,q1,1,924,0.3000589798621073,137,929,0.15246485036295987,16.35982490873105,False,True,127273,True
20261044,14,0.98,0.9,0,q32,32,1266,0.3216439552437961,98,1302,0.06216490233668597,16.15365815728414,False,True,127596,True
20261044,14,0.98,0.0,8,joint,4,924,0.29805454174133994,137,932,0.15774906749628714,15.970643997391122,False,True,127684,True
20261044,14,0.98,0.0,8,q1,1,924,0.3000589798621073,137,929,0.693523484568028,15.57769779417782,False,True,127273,True
20261044,14,0.98,0.0,8,q32,32,1266,0.00020595114756969375,98,1302,16.729036018505724,16.804613504002162,False,True,127596,True
20261044,14,0.98,0.9,8,joint,2,973,0.31053198836532336,130,979,0.19747052823567088,16.34573796539716,False,True,127270,True
20261044,14,0.98,0.9,8,q1,1,924,0.3000589798621073,137,929,0.15246485036295987,16.35982490873105,False,True,127273,True
20261044,14,0.98,0.9,8,q32,32,1266,0.00020586404975404612,98,1302,16.744059794701382,16.804913031099105,False,True,127596,True
20261045,15,0.98,0.0,0,joint,32,1266,0.9432562410584426,98,1302,0.20175080677403817,14.019871893306213,False,True,127596,True
20261045,15,0.98,0.0,0,q1,1,924,0.3000589798621073,137,929,6.414052720676603,28.68774259225038,False,True,127273,True
20261045,15,0.98,0.0,0,q32,32,1266,0.9432562410584426,98,1302,0.20175080677403817,14.019871893306213,False,True,127596,True
20261045,15,0.98,0.9,0,joint,2,973,0.31053198836532336,130,979,0.12103295870669492,16.805383586878406,False,True,127270,True
20261045,15,0.98,0.9,0,q1,1,924,0.3000589798621073,137,929,7.98411208416211,20.84384183404957,False,True,127273,True
20261045,15,0.98,0.9,0,q32,32,1266,0.3216439552437961,98,1302,0.07463551975317878,16.797013454406596,False,True,127596,True
20261045,15,0.98,0.0,8,joint,4,924,0.29805454174133994,137,932,0.4059318530029471,16.30353747160322,False,True,127684,True
20261045,15,0.98,0.0,8,q1,1,924,0.3000589798621073,137,929,6.414052720676603,28.68774259225038,False,True,127273,True
20261045,15,0.98,0.0,8,q32,32,1266,0.00020595114756969375,98,1302,16.731088698000857,16.804717273033024,False,True,127596,True
20261045,15,0.98,0.9,8,joint,2,973,0.31053198836532336,130,979,0.12103295870669492,16.805383586878406,False,True,127270,True
20261045,15,0.98,0.9,8,q1,1,924,0.3000589798621073,137,929,7.98411208416211,20.84384183404957,False,True,127273,True
20261045,15,0.98,0.9,8,q32,32,1266,0.00020586404975404612,98,1302,16.734017968425288,16.805350237796688,False,True,127596,True
20261046,16,0.98,0.0,0,joint,32,1266,0.9432562410584426,98,1302,0.06989437781614671,12.733247635352427,False,True,127596,True
20261046,16,0.98,0.0,0,q1,1,924,0.3000589798621073,137,929,0.3330531660813387,16.267993575997814,False,True,127273,True
20261046,16,0.98,0.0,0,q32,32,1266,0.9432562410584426,98,1302,0.06989437781614671,12.733247635352427,False,True,127596,True
20261046,16,0.98,0.9,0,joint,2,973,0.31053198836532336,130,979,13.315161178702574,16.188970155395864,False,True,127270,True
20261046,16,0.98,0.9,0,q1,1,924,0.3000589798621073,137,929,36.1673911008537,36.1673911008537,False,True,127273,True
20261046,16,0.98,0.9,0,q32,32,1266,0.3216439552437961,98,1302,0.0834748516113726,15.413361861839718,False,True,127596,True
20261046,16,0.98,0.0,8,joint,4,924,0.29805454174133994,137,932,0.13177640911829872,16.473790031519574,False,True,127684,True
20261046,16,0.98,0.0,8,q1,1,924,0.3000589798621073,137,929,0.3330531660813387,16.267993575997814,False,True,127273,True
20261046,16,0.98,0.0,8,q32,32,1266,0.00020595114756969375,98,1302,16.729523176517535,16.80440273493574,False,True,127596,True
20261046,16,0.98,0.9,8,joint,2,973,0.31053198836532336,130,979,13.315161178702574,16.188970155395864,False,True,127270,True
20261046,16,0.98,0.9,8,q1,1,924,0.3000589798621073,137,929,36.1673911008537,36.1673911008537,False,True,127273,True
20261046,16,0.98,0.9,8,q32,32,1266,0.00020586404975404612,98,1302,16.741075033660557,16.80442290996259,False,True,127596,True
20261047,17,0.98,0.0,0,joint,32,1266,0.9432562410584426,98,1302,0.12002892784976647,12.763853774251295,False,True,127596,True
20261047,17,0.98,0.0,0,q1,1,924,0.3000589798621073,137,929,0.1452484940799023,16.805376690461554,False,True,127273,True
20261047,17,0.98,0.0,0,q32,32,1266,0.9432562410584426,98,1302,0.12002892784976647,12.763853774251295,False,True,127596,True
20261047,17,0.98,0.9,0,joint,2,973,0.31053198836532336,130,979,0.25372174457605307,26.01194573336051,False,True,127270,True
20261047,17,0.98,0.9,0,q1,1,924,0.3000589798621073,137,929,0.6320297444131986,13.19089402113889,False,True,127273,True
20261047,17,0.98,0.9,0,q32,32,1266,0.3216439552437961,98,1302,0.1425573348185661,13.055570462386603,False,True,127596,True
20261047,17,0.98,0.0,8,joint,4,924,0.29805454174133994,137,932,0.16866715628034898,15.724008806441248,False,True,127684,True
20261047,17,0.98,0.0,8,q1,1,924,0.3000589798621073,137,929,0.1452484940799023,16.805376690461554,False,True,127273,True
20261047,17,0.98,0.0,8,q32,32,1266,0.00020595114756969375,98,1302,16.72960936475213,16.804410882152865,False,True,127596,True
20261047,17,0.98,0.9,8,joint,2,973,0.31053198836532336,130,979,0.25372174457605307,26.01194573336051,False,True,127270,True
20261047,17,0.98,0.9,8,q1,1,924,0.3000589798621073,137,929,0.6320297444131986,13.19089402113889,False,True,127273,True
20261047,17,0.98,0.9,8,q32,32,1266,0.00020586404975404612,98,1302,16.722969967311297,16.802734554736592,False,True,127596,True
20261048,18,0.98,0.0,0,joint,32,1266,0.9432562410584426,98,1302,0.1954768082491911,14.066320309474595,False,True,127596,True
20261048,18,0.98,0.0,0,q1,1,924,0.3000589798621073,137,929,0.27158003153935745,15.57769779417782,False,True,127273,True
20261048,18,0.98,0.0,0,q32,32,1266,0.9432562410584426,98,1302,0.1954768082491911,14.066320309474595,False,True,127596,True
20261048,18,0.98,0.9,0,joint,2,973,0.31053198836532336,130,979,18.94392676969334,19.007324426580656,False,True,127270,True
20261048,18,0.98,0.9,0,q1,1,924,0.3000589798621073,137,929,0.9891643768859884,19.052344961224417,False,True,127273,True
20261048,18,0.98,0.9,0,q32,32,1266,0.3216439552437961,98,1302,0.10691990232239651,16.545534880961377,False,True,127596,True
20261048,18,0.98,0.0,8,joint,4,924,0.29805454174133994,137,932,0.092088448176653,15.161388938824835,False,True,127684,True
20261048,18,0.98,0.0,8,q1,1,924,0.3000589798621073,137,929,0.27158003153935745,15.57769779417782,False,True,127273,True
20261048,18,0.98,0.0,8,q32,32,1266,0.00020595114756969375,98,1302,16.729751438156285,16.804723441885,False,True,127596,True
20261048,18,0.98,0.9,8,joint,2,973,0.31053198836532336,130,979,18.94392676969334,19.007324426580656,False,True,127270,True
20261048,18,0.98,0.9,8,q1,1,924,0.3000589798621073,137,929,0.9891643768859884,19.052344961224417,False,True,127273,True
20261048,18,0.98,0.9,8,q32,32,1266,0.00020586404975404612,98,1302,16.7170365460259,16.805179158107713,False,True,127596,True
20261049,19,0.98,0.0,0,joint,32,1266,0.9432562410584426,98,1302,0.0976777691424623,12.312588969942581,False,True,127596,True
20261049,19,0.98,0.0,0,q1,1,924,0.3000589798621073,137,929,0.15358164457641116,15.57769779417782,False,True,127273,True
20261049,19,0.98,0.0,0,q32,32,1266,0.9432562410584426,98,1302,0.0976777691424623,12.312588969942581,False,True,127596,True
20261049,19,0.98,0.9,0,joint,2,973,0.31053198836532336,130,979,10.688846965939405,21.144764786715374,False,True,127270,True
20261049,19,0.98,0.9,0,q1,1,924,0.3000589798621073,137,929,1.3035346879378795,13.19089402113889,False,True,127273,True
20261049,19,0.98,0.9,0,q32,32,1266,0.3216439552437961,98,1302,0.10371493442631731,13.174357482799165,False,True,127596,True
20261049,19,0.98,0.0,8,joint,4,924,0.29805454174133994,137,932,0.03386632898536282,15.79912242366546,False,True,127684,True
20261049,19,0.98,0.0,8,q1,1,924,0.3000589798621073,137,929,0.15358164457641116,15.57769779417782,False,True,127273,True
20261049,19,0.98,0.0,8,q32,32,1266,0.00020595114756969375,98,1302,16.72962126666296,16.804284885903673,False,True,127596,True
20261049,19,0.98,0.9,8,joint,2,973,0.31053198836532336,130,979,10.688846965939405,21.144764786715374,False,True,127270,True
20261049,19,0.98,0.9,8,q1,1,924,0.3000589798621073,137,929,1.3035346879378795,13.19089402113889,False,True,127273,True
20261049,19,0.98,0.9,8,q32,32,1266,0.00020586404975404612,98,1302,16.73514684160138,16.802824283020147,False,True,127596,True
20261050,20,0.98,0.0,0,joint,32,1266,0.9432562410584426,98,1302,0.1251631112580007,14.241042873975694,False,True,127596,True
20261050,20,0.98,0.0,0,q1,1,924,0.3000589798621073,137,929,6.620807601901079,20.01545657227949,False,True,127273,True
20261050,20,0.98,0.0,0,q32,32,1266,0.9432562410584426,98,1302,0.1251631112580007,14.241042873975694,False,True,127596,True
20261050,20,0.98,0.9,0,joint,2,973,0.31053198836532336,130,979,0.41188465995238366,20.653048887756718,False,True,127270,True
20261050,20,0.98,0.9,0,q1,1,924,0.3000589798621073,137,929,0.1653792387311938,16.35982490873105,False,True,127273,True
20261050,20,0.98,0.9,0,q32,32,1266,0.3216439552437961,98,1302,12.226905898886582,21.80967693327852,False,True,127596,True
20261050,20,0.98,0.0,8,joint,4,924,0.29805454174133994,137,932,0.4515141840519185,16.28802348450366,False,True,127684,True
20261050,20,0.98,0.0,8,q1,1,924,0.3000589798621073,137,929,6.620807601901079,20.01545657227949,False,True,127273,True
20261050,20,0.98,0.0,8,q32,32,1266,0.00020595114756969375,98,1302,16.731343517253862,16.804767480138153,False,True,127596,True
20261050,20,0.98,0.9,8,joint,2,973,0.31053198836532336,130,979,0.41188465995238366,20.653048887756718,False,True,127270,True
20261050,20,0.98,0.9,8,q1,1,924,0.3000589798621073,137,929,0.1653792387311938,16.35982490873105,False,True,127273,True
20261050,20,0.98,0.9,8,q32,32,1266,0.00020586404975404612,98,1302,16.730122895412904,16.805022248820094,False,True,127596,True
20261051,21,0.98,0.0,0,joint,32,1266,0.9432562410584426,98,1302,0.17432109588258232,14.177199948832062,False,True,127596,True
20261051,21,0.98,0.0,0,q1,1,924,0.3000589798621073,137,929,19.1937812901944,21.81190614422844,False,True,127273,True
20261051,21,0.98,0.0,0,q32,32,1266,0.9432562410584426,98,1302,0.17432109588258232,14.177199948832062,False,True,127596,True
20261051,21,0.98,0.9,0,joint,2,973,0.31053198836532336,130,979,1.1637926782865493,15.522437421540786,False,True,127270,True
20261051,21,0.98,0.9,0,q1,1,924,0.3000589798621073,137,929,0.31128316573681847,15.563661350872604,False,True,127273,True
20261051,21,0.98,0.9,0,q32,32,1266,0.3216439552437961,98,1302,0.4038927942575511,15.478854411949051,False,True,127596,True
20261051,21,0.98,0.0,8,joint,4,924,0.29805454174133994,137,932,2.2136569186483306,16.306205463320467,False,True,127684,True
20261051,21,0.98,0.0,8,q1,1,924,0.3000589798621073,137,929,19.1937812901944,21.81190614422844,False,True,127273,True
20261051,21,0.98,0.0,8,q32,32,1266,0.00020595114756969375,98,1302,16.730209045413808,16.80475667762297,False,True,127596,True
20261051,21,0.98,0.9,8,joint,2,973,0.31053198836532336,130,979,1.1637926782865493,15.522437421540786,False,True,127270,True
20261051,21,0.98,0.9,8,q1,1,924,0.3000589798621073,137,929,0.31128316573681847,15.563661350872604,False,True,127273,True
20261051,21,0.98,0.9,8,q32,32,1266,0.00020586404975404612,98,1302,16.73706233878401,16.804463649411858,False,True,127596,True
20261052,22,0.98,0.0,0,joint,32,1266,0.9432562410584426,98,1302,0.44207098064802897,14.585257241527918,False,True,127596,True
20261052,22,0.98,0.0,0,q1,1,924,0.3000589798621073,137,929,0.2637409795660792,16.805680747980865,False,True,127273,True
20261052,22,0.98,0.0,0,q32,32,1266,0.9432562410584426,98,1302,0.44207098064802897,14.585257241527918,False,True,127596,True
20261052,22,0.98,0.9,0,joint,2,973,0.31053198836532336,130,979,0.11920454533701264,20.57101306049229,False,True,127270,True
20261052,22,0.98,0.9,0,q1,1,924,0.3000589798621073,137,929,0.43815529128915964,15.563661350872604,False,True,127273,True
20261052,22,0.98,0.9,0,q32,32,1266,0.3216439552437961,98,1302,1.79639860495394,15.512672055371151,False,True,127596,True
20261052,22,0.98,0.0,8,joint,4,924,0.29805454174133994,137,932,0.1406280328985377,16.5503421485053,False,True,127684,True
20261052,22,0.98,0.0,8,q1,1,924,0.3000589798621073,137,929,0.2637409795660792,16.805680747980865,False,True,127273,True
20261052,22,0.98,0.0,8,q32,32,1266,0.00020595114756969375,98,1302,16.730275302603822,16.804842977732974,False,True,127596,True
20261052,22,0.98,0.9,8,joint,2,973,0.31053198836532336,130,979,0.11920454533701264,20.57101306049229,False,True,127270,True
20261052,22,0.98,0.9,8,q1,1,924,0.3000589798621073,137,929,0.43815529128915964,15.563661350872604,False,True,127273,True
20261052,22,0.98,0.9,8,q32,32,1266,0.00020586404975404612,98,1302,16.73655075943242,16.80449084357564,False,True,127596,True
20261053,23,0.98,0.0,0,joint,32,1266,0.9432562410584426,98,1302,0.21389955964226237,13.684150846558005,False,True,127596,True
20261053,23,0.98,0.0,0,q1,1,924,0.3000589798621073,137,929,7.902435725254925,15.563661350872604,False,True,127273,True
20261053,23,0.98,0.0,0,q32,32,1266,0.9432562410584426,98,1302,0.21389955964226237,13.684150846558005,False,True,127596,True
20261053,23,0.98,0.9,0,joint,2,973,0.31053198836532336,130,979,0.6566016881795432,15.522437421540786,False,True,127270,True
20261053,23,0.98,0.9,0,q1,1,924,0.3000589798621073,137,929,5.878100612768735,15.563661350872604,False,True,127273,True
20261053,23,0.98,0.9,0,q32,32,1266,0.3216439552437961,98,1302,0.07178539932537958,16.17954896417611,False,True,127596,True
20261053,23,0.98,0.0,8,joint,4,924,0.29805454174133994,137,932,0.3129936368753358,16.425185849168088,False,True,127684,True
20261053,23,0.98,0.0,8,q1,1,924,0.3000589798621073,137,929,7.902435725254925,15.563661350872604,False,True,127273,True
20261053,23,0.98,0.0,8,q32,32,1266,0.00020595114756969375,98,1302,16.731910173314155,16.804638262619722,False,True,127596,True
20261053,23,0.98,0.9,8,joint,2,973,0.31053198836532336,130,979,0.6566016881795432,15.522437421540786,False,True,127270,True
20261053,23,0.98,0.9,8,q1,1,924,0.3000589798621073,137,929,5.878100612768735,15.563661350872604,False,True,127273,True
20261053,23,0.98,0.9,8,q32,32,1266,0.00020586404975404612,98,1302,16.73861341812452,16.804407143268815,False,True,127596,True
20261054,24,0.98,0.0,0,joint,32,1266,0.9432562410584426,98,1302,0.07859733925029133,12.79597802456518,False,True,127596,True
20261054,24,0.98,0.0,0,q1,1,924,0.3000589798621073,137,929,0.4233545539775253,18.120031686840676,False,True,127273,True
20261054,24,0.98,0.0,0,q32,32,1266,0.9432562410584426,98,1302,0.07859733925029133,12.79597802456518,False,True,127596,True
20261054,24,0.98,0.9,0,joint,2,973,0.31053198836532336,130,979,0.18899542433806432,15.538040578803592,False,True,127270,True
20261054,24,0.98,0.9,0,q1,1,924,0.3000589798621073,137,929,4.217462260364937,15.57769779417782,False,True,127273,True
20261054,24,0.98,0.9,0,q32,32,1266,0.3216439552437961,98,1302,0.8239809279257477,15.49619928272137,False,True,127596,True
20261054,24,0.98,0.0,8,joint,4,924,0.29805454174133994,137,932,0.07276438444788048,15.75804077118666,False,True,127684,True
20261054,24,0.98,0.0,8,q1,1,924,0.3000589798621073,137,929,0.4233545539775253,18.120031686840676,False,True,127273,True
20261054,24,0.98,0.0,8,q32,32,1266,0.00020595114756969375,98,1302,16.729419952976265,16.80441889411261,False,True,127596,True
20261054,24,0.98,0.9,8,joint,2,973,0.31053198836532336,130,979,0.18899542433806432,15.538040578803592,False,True,127270,True
20261054,24,0.98,0.9,8,q1,1,924,0.3000589798621073,137,929,4.217462260364937,15.57769779417782,False,True,127273,True
20261054,24,0.98,0.9,8,q32,32,1266,0.00020586404975404612,98,1302,16.733888266357567,16.804452841187054,False,True,127596,True
20261055,25,0.98,0.0,0,joint,32,1266,0.9432562410584426,98,1302,0.09250792640270325,13.461064784416834,False,True,127596,True
20261055,25,0.98,0.0,0,q1,1,924,0.3000589798621073,137,929,10.975104435199345,20.46584494616708,False,True,127273,True
20261055,25,0.98,0.0,0,q32,32,1266,0.9432562410584426,98,1302,0.09250792640270325,13.461064784416834,False,True,127596,True
20261055,25,0.98,0.9,0,joint,2,973,0.31053198836532336,130,979,0.32084889429924524,16.25022801088021,False,True,127270,True
20261055,25,0.98,0.9,0,q1,1,924,0.3000589798621073,137,929,0.2438007862177654,16.267993575997814,False,True,127273,True
20261055,25,0.98,0.9,0,q32,32,1266,0.3216439552437961,98,1302,11.898248217473014,19.728387546352387,False,True,127596,True
20261055,25,0.98,0.0,8,joint,4,924,0.29805454174133994,137,932,0.5503393093333298,15.860562890498958,False,True,127684,True
20261055,25,0.98,0.0,8,q1,1,924,0.3000589798621073,137,929,10.975104435199345,20.46584494616708,False,True,127273,True
20261055,25,0.98,0.0,8,q32,32,1266,0.00020595114756969375,98,1302,16.732765110657468,16.804578485351783,False,True,127596,True
20261055,25,0.98,0.9,8,joint,2,973,0.31053198836532336,130,979,0.32084889429924524,16.25022801088021,False,True,127270,True
20261055,25,0.98,0.9,8,q1,1,924,0.3000589798621073,137,929,0.2438007862177654,16.267993575997814,False,True,127273,True
20261055,25,0.98,0.9,8,q32,32,1266,0.00020586404975404612,98,1302,16.733115930767845,16.80496823108227,False,True,127596,True
20261056,26,0.98,0.0,0,joint,32,1266,0.9432562410584426,98,1302,0.06917829709200146,13.609959493627272,False,True,127596,True
20261056,26,0.98,0.0,0,q1,1,924,0.3000589798621073,137,929,0.15124430093207275,16.36025928304483,False,True,127273,True
20261056,26,0.98,0.0,0,q32,32,1266,0.9432562410584426,98,1302,0.06917829709200146,13.609959493627272,False,True,127596,True
20261056,26,0.98,0.9,0,joint,2,973,0.31053198836532336,130,979,1.389065440572838,17.826529564874306,False,True,127270,True
20261056,26,0.98,0.9,0,q1,1,924,0.3000589798621073,137,929,0.49876564978143634,15.57769779417782,False,True,127273,True
20261056,26,0.98,0.9,0,q32,32,1266,0.3216439552437961,98,1302,1.2558937831772012,15.422696645061441,False,True,127596,True
20261056,26,0.98,0.0,8,joint,4,924,0.29805454174133994,137,932,0.305358886515728,16.254525568127125,False,True,127684,True
20261056,26,0.98,0.0,8,q1,1,924,0.3000589798621073,137,929,0.15124430093207275,16.36025928304483,False,True,127273,True
20261056,26,0.98,0.0,8,q32,32,1266,0.00020595114756969375,98,1302,16.734074523438668,16.804618386692503,False,True,127596,True
20261056,26,0.98,0.9,8,joint,2,973,0.31053198836532336,130,979,1.389065440572838,17.826529564874306,False,True,127270,True
20261056,26,0.98,0.9,8,q1,1,924,0.3000589798621073,137,929,0.49876564978143634,15.57769779417782,False,True,127273,True
20261056,26,0.98,0.9,8,q32,32,1266,0.00020586404975404612,98,1302,16.715113789113417,16.804414799174893,False,True,127596,True
20261057,27,0.98,0.0,0,joint,32,1266,0.9432562410584426,98,1302,0.23285368541805038,14.35268815260554,False,True,127596,True
20261057,27,0.98,0.0,0,q1,1,924,0.3000589798621073,137,929,0.22173948612438935,16.805376690461554,False,True,127273,True
20261057,27,0.98,0.0,0,q32,32,1266,0.9432562410584426,98,1302,0.23285368541805038,14.35268815260554,False,True,127596,True
20261057,27,0.98,0.9,0,joint,2,973,0.31053198836532336,130,979,1.8646982477280665,14.593748630859395,False,True,127270,True
20261057,27,0.98,0.9,0,q1,1,924,0.3000589798621073,137,929,0.2356005227234884,13.19089402113889,False,True,127273,True
20261057,27,0.98,0.9,0,q32,32,1266,0.3216439552437961,98,1302,5.615193848152716,17.966611323551206,False,True,127596,True
20261057,27,0.98,0.0,8,joint,4,924,0.29805454174133994,137,932,0.3016759451972687,15.597457661159988,False,True,127684,True
20261057,27,0.98,0.0,8,q1,1,924,0.3000589798621073,137,929,0.22173948612438935,16.805376690461554,False,True,127273,True
20261057,27,0.98,0.0,8,q32,32,1266,0.00020595114756969375,98,1302,16.730150698294715,16.804794936370726,False,True,127596,True
20261057,27,0.98,0.9,8,joint,2,973,0.31053198836532336,130,979,1.8646982477280665,14.593748630859395,False,True,127270,True
20261057,27,0.98,0.9,8,q1,1,924,0.3000589798621073,137,929,0.2356005227234884,13.19089402113889,False,True,127273,True
20261057,27,0.98,0.9,8,q32,32,1266,0.00020586404975404612,98,1302,16.73329914029796,16.80271169909194,False,True,127596,True
20261058,28,0.98,0.0,0,joint,32,1266,0.9432562410584426,98,1302,0.049940444729316726,13.426655805900328,False,True,127596,True
20261058,28,0.98,0.0,0,q1,1,924,0.3000589798621073,137,929,0.1673456066904127,15.57769779417782,False,True,127273,True
20261058,28,0.98,0.0,0,q32,32,1266,0.9432562410584426,98,1302,0.049940444729316726,13.426655805900328,False,True,127596,True
20261058,28,0.98,0.9,0,joint,2,973,0.31053198836532336,130,979,0.10807131747067622,15.538040578803592,False,True,127270,True
20261058,28,0.98,0.9,0,q1,1,924,0.3000589798621073,137,929,1.419898459391657,16.066399981157794,False,True,127273,True
20261058,28,0.98,0.9,0,q32,32,1266,0.3216439552437961,98,1302,0.13537115880527983,15.49619928272137,False,True,127596,True
20261058,28,0.98,0.0,8,joint,4,924,0.29805454174133994,137,932,0.24956678637420646,15.392438640592406,False,True,127684,True
20261058,28,0.98,0.0,8,q1,1,924,0.3000589798621073,137,929,0.1673456066904127,15.57769779417782,False,True,127273,True
20261058,28,0.98,0.0,8,q32,32,1266,0.00020595114756969375,98,1302,16.727301099931474,16.80456811614826,False,True,127596,True
20261058,28,0.98,0.9,8,joint,2,973,0.31053198836532336,130,979,0.10807131747067622,15.538040578803592,False,True,127270,True
20261058,28,0.98,0.9,8,q1,1,924,0.3000589798621073,137,929,1.419898459391657,16.066399981157794,False,True,127273,True
20261058,28,0.98,0.9,8,q32,32,1266,0.00020586404975404612,98,1302,16.727640954218593,16.804452841187054,False,True,127596,True
20261059,29,0.98,0.0,0,joint,32,1266,0.9432562410584426,98,1302,0.26879708019367554,13.624564131857197,False,True,127596,True
20261059,29,0.98,0.0,0,q1,1,924,0.3000589798621073,137,929,0.7400801882691542,16.930464936352262,False,True,127273,True
20261059,29,0.98,0.0,0,q32,32,1266,0.9432562410584426,98,1302,0.26879708019367554,13.624564131857197,False,True,127596,True
20261059,29,0.98,0.9,0,joint,2,973,0.31053198836532336,130,979,0.22658870712930052,16.25022801088021,False,True,127270,True
20261059,29,0.98,0.9,0,q1,1,924,0.3000589798621073,137,929,0.3126267284889899,16.267993575997814,False,True,127273,True
20261059,29,0.98,0.9,0,q32,32,1266,0.3216439552437961,98,1302,7.417722676506587,20.39448574876698,False,True,127596,True
20261059,29,0.98,0.0,8,joint,4,924,0.29805454174133994,137,932,1.4512128220823133,15.42276789737246,False,True,127684,True
20261059,29,0.98,0.0,8,q1,1,924,0.3000589798621073,137,929,0.7400801882691542,16.930464936352262,False,True,127273,True
20261059,29,0.98,0.0,8,q32,32,1266,0.00020595114756969375,98,1302,16.731453986704704,16.804624469808868,False,True,127596,True
20261059,29,0.98,0.9,8,joint,2,973,0.31053198836532336,130,979,0.22658870712930052,16.25022801088021,False,True,127270,True
20261059,29,0.98,0.9,8,q1,1,924,0.3000589798621073,137,929,0.3126267284889899,16.267993575997814,False,True,127273,True
20261059,29,0.98,0.9,8,q32,32,1266,0.00020586404975404612,98,1302,16.727371479209356,16.80496823108227,False,True,127596,True
20261060,30,0.98,0.0,0,joint,32,1266,0.9432562410584426,98,1302,0.08274704281413027,12.704206428891144,False,True,127596,True
20261060,30,0.98,0.0,0,q1,1,924,0.3000589798621073,137,929,1.847647841927799,16.267993575997814,False,True,127273,True
20261060,30,0.98,0.0,0,q32,32,1266,0.9432562410584426,98,1302,0.08274704281413027,12.704206428891144,False,True,127596,True
20261060,30,0.98,0.9,0,joint,2,973,0.31053198836532336,130,979,0.22634997333062834,16.562991020540203,False,True,127270,True
20261060,30,0.98,0.9,0,q1,1,924,0.3000589798621073,137,929,0.2229196135329716,16.570633659443512,False,True,127273,True
20261060,30,0.98,0.9,0,q32,32,1266,0.3216439552437961,98,1302,0.1391188187971227,16.518949079129698,False,True,127596,True
20261060,30,0.98,0.0,8,joint,4,924,0.29805454174133994,137,932,1.4974673590612637,16.531248533436298,False,True,127684,True
20261060,30,0.98,0.0,8,q1,1,924,0.3000589798621073,137,929,1.847647841927799,16.267993575997814,False,True,127273,True
20261060,30,0.98,0.0,8,q32,32,1266,0.00020595114756969375,98,1302,16.729326408445335,16.80439544111516,False,True,127596,True
20261060,30,0.98,0.9,8,joint,2,973,0.31053198836532336,130,979,0.22634997333062834,16.562991020540203,False,True,127270,True
20261060,30,0.98,0.9,8,q1,1,924,0.3000589798621073,137,929,0.2229196135329716,16.570633659443512,False,True,127273,True
20261060,30,0.98,0.9,8,q32,32,1266,0.00020586404975404612,98,1302,16.749155860204013,16.805161701892843,False,True,127596,True
20261061,31,0.98,0.0,0,joint,32,1266,0.9432562410584426,98,1302,0.16778245368833092,13.090721496480702,False,True,127596,True
20261061,31,0.98,0.0,0,q1,1,924,0.3000589798621073,137,929,0.5684208795071465,15.563661350872604,False,True,127273,True
20261061,31,0.98,0.0,0,q32,32,1266,0.9432562410584426,98,1302,0.16778245368833092,13.090721496480702,False,True,127596,True
20261061,31,0.98,0.9,0,joint,2,973,0.31053198836532336,130,979,1.030102682936297,15.538040578803592,False,True,127270,True
20261061,31,0.98,0.9,0,q1,1,924,0.3000589798621073,137,929,0.7502204733857479,15.57769779417782,False,True,127273,True
20261061,31,0.98,0.9,0,q32,32,1266,0.3216439552437961,98,1302,0.13665364478995742,16.96246155522028,False,True,127596,True
20261061,31,0.98,0.0,8,joint,4,924,0.29805454174133994,137,932,0.018848401727329555,15.34145311113247,False,True,127684,True
20261061,31,0.98,0.0,8,q1,1,924,0.3000589798621073,137,929,0.5684208795071465,15.563661350872604,False,True,127273,True
20261061,31,0.98,0.0,8,q32,32,1266,0.00020595114756969375,98,1302,16.73129195388568,16.804492255289134,False,True,127596,True
20261061,31,0.98,0.9,8,joint,2,973,0.31053198836532336,130,979,1.030102682936297,15.538040578803592,False,True,127270,True
20261061,31,0.98,0.9,8,q1,1,924,0.3000589798621073,137,929,0.7502204733857479,15.57769779417782,False,True,127273,True
20261061,31,0.98,0.9,8,q32,32,1266,0.00020586404975404612,98,1302,16.733913771796136,16.80449884342088,False,True,127596,True
