seed,seed_index,rho,num_agents,max_delay,policy,grid_index,eta,crossed_threshold,crossing_time,half_error_time,final_error,finite,error_250,error_500,error_1000,error_2000,error_4000
20261230,0,0.0,16,8,joint_aware,,0.4363488632302189,False,-1,3,0.048514937093329706,True,0.4924724020120548,0.10606628662136178,0.03791015379869703,0.04438207066864369,0.048514937093329706
20261230,0,0.0,16,8,correlation_blind,,0.4363488632302189,False,-1,3,0.048514937093329706,True,0.4924724020120548,0.10606628662136178,0.03791015379869703,0.04438207066864369,0.048514937093329706
20261230,0,0.0,16,8,delay_blind,,0.4373927810905379,False,-1,3,0.04857946536273182,True,0.49434859184207663,0.10643360745051739,0.03813324613397491,0.04456435414470465,0.04857946536273182
20261230,0,0.0,16,8,mean_only,,4.115057114511728,True,110,-1,1000000000000.0,True,1000000000000.0,1000000000000.0,1000000000000.0,1000000000000.0,1000000000000.0
20261230,0,0.0,16,8,worstcase_correlation,,0.062108907189348216,False,-1,22,0.013001325037068594,True,0.04518948259890273,0.027676392431903406,0.007114111705865387,0.00288775838759884,0.013001325037068594
20261230,0,0.0,16,8,grid,0.0,0.005,False,-1,261,0.004563377666304817,True,0.5118140679211488,0.314547131139513,0.1286650936619834,0.022094709700294302,0.004563377666304817
20261230,0,0.0,16,8,grid,1.0,0.007632145998180043,False,-1,167,0.0016716182839164187,True,0.3735542017452526,0.19469725440847174,0.058348562964242054,0.004078591415474841,0.0016716182839164187
20261230,0,0.0,16,8,grid,2.0,0.01164993050750713,False,-1,109,0.0023852804247707286,True,0.24182773514495165,0.10490986713728725,0.020330021235223546,0.0019369623911794421,0.0023852804247707286
20261230,0,0.0,16,8,grid,3.0,0.01778279410038923,False,-1,66,0.004432606350837221,True,0.13790280568697208,0.04922544209776178,0.006253849817449609,0.004517473798210987,0.004432606350837221
20261230,0,0.0,16,8,grid,4.0,0.027144176165949066,False,-1,43,0.007370060548445622,True,0.07439682892457913,0.02270237228060483,0.005128073335898353,0.0054294811384217176,0.007370060548445622
20261230,0,0.0,16,8,grid,5.0,0.04143366309976846,False,-1,29,0.010790863558585264,True,0.04814851763576297,0.018641426923960876,0.006520890185067626,0.004308025259353979,0.010790863558585264
20261230,0,0.0,16,8,grid,6.0,0.0632455532033676,False,-1,22,0.013051552031967268,True,0.0453928276128735,0.028201508799155638,0.00715914876713249,0.0028476534788526384,0.013051552031967268
20261230,0,0.0,16,8,grid,7.0,0.096539859156753,False,-1,16,0.013724304501948443,True,0.05792748435117054,0.03983402252390735,0.010596372200613727,0.0032240978709306566,0.013724304501948443
20261230,0,0.0,16,8,grid,8.0,0.1473612599456155,False,-1,10,0.016890220193966396,True,0.0917734298933785,0.049398787517101736,0.021231359276140477,0.007076538908203516,0.016890220193966396
20261230,0,0.0,16,8,grid,9.0,0.2249365300761397,False,-1,5,0.02716991436172716,True,0.16703887507994483,0.061416532030133246,0.031585731513486315,0.016434391525174744,0.02716991436172716
20261230,0,0.0,16,8,grid,10.0,0.3433496875730229,False,-1,3,0.042006551719939646,True,0.33240871152430035,0.08085478795357078,0.029798006757143104,0.03130264500116389,0.042006551719939646
20261230,0,0.0,16,8,grid,11.0,0.524098988797363,False,-1,3,0.05551022721790434,True,0.6519828446761472,0.1445832694654755,0.07078557810738986,0.06454714444871514,0.05551022721790434
20261230,0,0.0,16,8,grid,12.0,0.8,False,-1,3,0.14300492638689657,True,1.1048284917970457,0.36574565538333403,0.3858086955573317,0.21848611670153462,0.14300492638689657
20261230,0,0.0,16,32,joint_aware,,0.3543562147008278,False,-1,3,0.18284779592275693,True,0.28267085659717095,0.09482674150328779,0.1341450224226545,0.10717539828961493,0.18284779592275693
20261230,0,0.0,16,32,correlation_blind,,0.3543562147008278,False,-1,3,0.18284779592275693,True,0.28267085659717095,0.09482674150328779,0.1341450224226545,0.10717539828961493,0.18284779592275693
20261230,0,0.0,16,32,delay_blind,,0.4373927810905379,False,-1,3,0.26720994593829867,True,0.4241021942626898,0.11600252347381175,0.14514474827599946,0.1160276001611174,0.26720994593829867
20261230,0,0.0,16,32,mean_only,,1.2931845703348515,True,2703,17,1000000000000.0,True,90.37037210637732,19.08788965961043,786.5403933047942,12033609195.868614,1000000000000.0
20261230,0,0.0,16,32,worstcase_correlation,,0.06012858486571272,False,-1,22,0.012891243013366431,True,0.04426324716381951,0.02948572007657313,0.00814663048799235,0.0031693202635057825,0.012891243013366431
20261230,0,0.0,16,32,grid,0.0,0.005,False,-1,259,0.00453273386329497,True,0.5097181207096615,0.3127911684020813,0.1278197101651219,0.02191247996407386,0.00453273386329497
20261230,0,0.0,16,32,grid,1.0,0.007632145998180043,False,-1,166,0.0016780333851146223,True,0.3704279704106156,0.19279831594108787,0.05778002176249583,0.004052676764715916,0.0016780333851146223
20261230,0,0.0,16,32,grid,2.0,0.01164993050750713,False,-1,108,0.002421851668051506,True,0.23796666608759576,0.1032973114291445,0.02010775590212232,0.0020312830059926695,0.002421851668051506
20261230,0,0.0,16,32,grid,3.0,0.01778279410038923,False,-1,65,0.004509703410722062,True,0.13415664275827768,0.04819562751190821,0.006352808177041059,0.004686453453808203,0.004509703410722062
20261230,0,0.0,16,32,grid,4.0,0.027144176165949066,False,-1,43,0.0075321420961676835,True,0.07175955419584938,0.022448434797857422,0.0054194923966808944,0.005621860007395482,0.0075321420961676835
20261230,0,0.0,16,32,grid,5.0,0.04143366309976846,False,-1,27,0.0110287980902766,True,0.046978338976697245,0.019724606736245397,0.006945373411636688,0.00446541579963565,0.0110287980902766
20261230,0,0.0,16,32,grid,6.0,0.0632455532033676,False,-1,21,0.012985463507616084,True,0.04473880338399187,0.03116392120718059,0.008457995754095407,0.0030823573860054875,0.012985463507616084
20261230,0,0.0,16,32,grid,7.0,0.096539859156753,False,-1,13,0.01368238035147936,True,0.055628777271660254,0.044557307431498945,0.01593436472146503,0.0044309796446153175,0.01368238035147936
20261230,0,0.0,16,32,grid,8.0,0.1473612599456155,False,-1,9,0.020726939437001123,True,0.08114368851455867,0.057428002206333484,0.040381006748864565,0.013620176700841074,0.020726939437001123
20261230,0,0.0,16,32,grid,9.0,0.2249365300761397,False,-1,4,0.05465444861631859,True,0.13249825831300693,0.07568911122454021,0.08424217722488073,0.04581666442768595,0.05465444861631859
20261230,0,0.0,16,32,grid,10.0,0.3433496875730229,False,-1,3,0.1697819045997063,True,0.26605114640689165,0.09333395297934093,0.13163085799207103,0.10388620484902669,0.1697819045997063
20261230,0,0.0,16,32,grid,11.0,0.524098988797363,False,-1,3,0.2991246238656944,True,0.5756745039890379,0.1746259311769615,0.16548312030006135,0.10360184252662012,0.2991246238656944
20261230,0,0.0,16,32,grid,12.0,0.8,False,-1,3,1.2453635187116414,True,1.3361164110259334,0.8984943235533744,0.4811095420078738,0.08701565127618086,1.2453635187116414
20261230,0,0.0,32,8,joint_aware,,0.48450346515727244,False,-1,4,0.015556538503985707,True,0.44872437479682364,0.16192297186242222,0.012985784860088652,0.22749282632574233,0.015556538503985707
20261230,0,0.0,32,8,correlation_blind,,0.48450346515727244,False,-1,4,0.015556538503985707,True,0.44872437479682364,0.16192297186242222,0.012985784860088652,0.22749282632574233,0.015556538503985707
20261230,0,0.0,32,8,delay_blind,,0.5476125865680102,False,-1,4,0.015834084107202582,True,0.5395297694312554,0.17697680076179154,0.010016481463142535,0.23267487624975974,0.015834084107202582
20261230,0,0.0,32,8,mean_only,,2.1034893587976695,True,1507,3,1000000000000.0,True,1376.1460259645035,7495622.824202573,5657961.4492077045,1000000000000.0,1000000000000.0
20261230,0,0.0,32,8,worstcase_correlation,,0.061225211651951904,False,-1,21,0.013229876190098189,True,0.059254837494825685,0.026412392199723585,0.0027429605067817555,0.030262437362494374,0.013229876190098189
20261230,0,0.0,32,8,grid,0.0,0.005,False,-1,283,0.00599447604753308,True,0.5356681660178712,0.33041562564292404,0.140288540577171,0.026424366179016927,0.00599447604753308
20261230,0,0.0,32,8,grid,1.0,0.007632145998180043,False,-1,184,0.0019668323981745493,True,0.40206663133330406,0.21284345280041847,0.06817620089577853,0.0037754180279486664,0.0019668323981745493
20261230,0,0.0,32,8,grid,2.0,0.01164993050750713,False,-1,121,0.0015621947030778573,True,0.2728644088178724,0.12357966316748102,0.025944749104788264,0.0008261317411046025,0.0015621947030778573
20261230,0,0.0,32,8,grid,3.0,0.01778279410038923,False,-1,71,0.002508691770338613,True,0.1681125650654353,0.06589834602985563,0.006808099514102461,0.006557757834631092,0.002508691770338613
20261230,0,0.0,32,8,grid,4.0,0.027144176165949066,False,-1,48,0.0046968572175855455,True,0.10047574967825382,0.03453763772436566,0.0021549910112962623,0.01324171688978858,0.0046968572175855455
20261230,0,0.0,32,8,grid,5.0,0.04143366309976846,False,-1,28,0.00851650362709013,True,0.06819700910927065,0.023284269515183267,0.0023482138330994276,0.020521739622672095,0.00851650362709013
20261230,0,0.0,32,8,grid,6.0,0.0632455532033676,False,-1,20,0.013645599257502944,True,0.05912913233693278,0.027113340368399217,0.0027897688691232462,0.031291064293557574,0.013645599257502944
20261230,0,0.0,32,8,grid,7.0,0.096539859156753,False,-1,14,0.019208413142616197,True,0.06535008057556527,0.04059663944393643,0.004411067229062055,0.04968180659787455,0.019208413142616197
20261230,0,0.0,32,8,grid,8.0,0.1473612599456155,False,-1,10,0.025362577471541428,True,0.08992026302692421,0.06025601510511475,0.009469218479972435,0.08343175159365969,0.025362577471541428
20261230,0,0.0,32,8,grid,9.0,0.2249365300761397,False,-1,7,0.02969607616168433,True,0.14756761101340413,0.08637247915286317,0.01700137094938548,0.13844154591783261,0.02969607616168433
20261230,0,0.0,32,8,grid,10.0,0.3433496875730229,False,-1,5,0.024376354362860977,True,0.2723445788231241,0.12316020430855659,0.02009957429275391,0.1987285460396565,0.024376354362860977
20261230,0,0.0,32,8,grid,11.0,0.524098988797363,False,-1,4,0.015200820456331754,True,0.5043809145900189,0.17145324762186576,0.010824428624207263,0.23091879355619405,0.015200820456331754
20261230,0,0.0,32,8,grid,12.0,0.8,False,-1,3,0.06660341488287358,True,1.0490412243772975,0.25392270930335625,0.026918703759969038,0.2911572784390039,0.06660341488287358
20261230,0,0.0,32,32,joint_aware,,0.2890855861645199,False,-1,5,0.2089589177493319,True,0.18254356271982958,0.18480712782677347,0.05471446619454894,0.3834314847652726,0.2089589177493319
20261230,0,0.0,32,32,correlation_blind,,0.2890855861645199,False,-1,5,0.2089589177493319,True,0.18254356271982958,0.18480712782677347,0.05471446619454894,0.3834314847652726,0.2089589177493319
20261230,0,0.0,32,32,delay_blind,,0.5476125865680102,False,-1,3,10849.21372556708,True,2.194289577236925,2.8919790690583693,1.915290083512349,89.8329585593221,10849.21372556708
20261230,0,0.0,32,32,mean_only,,0.5345835420861842,False,-1,3,3139.508457038428,True,2.3818790417320472,1.4824772529224872,8.235839286987614,177.00938567420673,3139.508457038428
20261230,0,0.0,32,32,worstcase_correlation,,0.056406811991134544,False,-1,21,0.01486048152766321,True,0.059191535009941496,0.03012309490058085,0.003524600704129541,0.029818987337600595,0.01486048152766321
20261230,0,0.0,32,32,grid,0.0,0.005,False,-1,277,0.005915286369739608,True,0.5312428039203159,0.32646902713299253,0.13837298064442402,0.02584660257642819,0.005915286369739608
20261230,0,0.0,32,32,grid,1.0,0.007632145998180043,False,-1,177,0.001961813614952901,True,0.395552730361379,0.2085796799275834,0.06674223224149127,0.0035278207889362216,0.001961813614952901
20261230,0,0.0,32,32,grid,2.0,0.01164993050750713,False,-1,114,0.0016197418049009372,True,0.2650071172902202,0.11979846062332379,0.025037182307636185,0.0009156340605971339,0.0016197418049009372
20261230,0,0.0,32,32,grid,3.0,0.01778279410038923,False,-1,69,0.0026935434116518637,True,0.16074044920940259,0.06301903048498138,0.006442653183904513,0.0068723844163117815,0.0026935434116518637
20261230,0,0.0,32,32,grid,4.0,0.027144176165949066,False,-1,43,0.005229787493752142,True,0.09551192445559457,0.032848040524617705,0.0022750197505126677,0.013736550164639904,0.005229787493752142
20261230,0,0.0,32,32,grid,5.0,0.04143366309976846,False,-1,27,0.009943958945561222,True,0.06620119635495829,0.02434171796777209,0.0027489375096675646,0.021557276469678484,0.009943958945561222
20261230,0,0.0,32,32,grid,6.0,0.0632455532033676,False,-1,19,0.016950879714875376,True,0.05867223100611463,0.03447954454898505,0.003978186828824166,0.03382866668656848,0.016950879714875376
20261230,0,0.0,32,32,grid,7.0,0.096539859156753,False,-1,13,0.026190672075570996,True,0.06717581261337419,0.059831588466563314,0.007390354585439443,0.05682309781064999,0.026190672075570996
20261230,0,0.0,32,32,grid,8.0,0.1473612599456155,False,-1,10,0.04556346985492654,True,0.08581151832286614,0.09968668538667319,0.017382413146822213,0.11230276275432409,0.04556346985492654
20261230,0,0.0,32,32,grid,9.0,0.2249365300761397,False,-1,7,0.11568759855344286,True,0.10528664631186639,0.15380198925842345,0.04053894854390483,0.2477162197196222,0.11568759855344286
20261230,0,0.0,32,32,grid,10.0,0.3433496875730229,False,-1,4,0.25326488701546435,True,0.40135076645682466,0.17693145710839506,0.06347471965822758,0.6034063388622541,0.25326488701546435
20261230,0,0.0,32,32,grid,11.0,0.524098988797363,False,-1,3,82.79875464164672,True,2.5291588976548858,0.6730549373041375,9.698070803107923,453.7242787387545,82.79875464164672
20261230,0,0.0,32,32,grid,12.0,0.8,True,1947,3,1000000000000.0,True,23.09720013912667,1270.5080178521941,524676.154542757,1000000000000.0,1000000000000.0
20261230,0,0.9,16,8,joint_aware,,0.06793567174124356,False,-1,73,0.13044905609633262,True,0.8730011801493945,0.2085084022807251,0.2657241205482071,0.23820957616754884,0.13044905609633262
20261230,0,0.9,16,8,correlation_blind,,0.4363488632302189,False,-1,166,3.950989932096876,True,19.83095323262788,1.9346189060000416,10.260591800887804,1.4980170106189015,3.950989932096876
20261230,0,0.9,16,8,delay_blind,,0.0679609250345928,False,-1,73,0.13038901300769246,True,0.8733563973876621,0.20847260944955268,0.2659227325520285,0.23834517949448739,0.13038901300769246
20261230,0,0.9,16,8,mean_only,,4.115057114511728,True,30,-1,1000000000000.0,True,1000000000000.0,1000000000000.0,1000000000000.0,1000000000000.0,1000000000000.0
20261230,0,0.9,16,8,worstcase_correlation,,0.062108907189348216,False,-1,73,0.14410144796050192,True,0.791520462884055,0.21731816321696878,0.22199972660662864,0.2092755440179508,0.14410144796050192
20261230,0,0.9,16,8,grid,0.0,0.005,False,-1,328,0.0431084451476088,True,0.5632303313146633,0.39624172255173173,0.19345977798167016,0.07143517056474773,0.0431084451476088
20261230,0,0.9,16,8,grid,1.0,0.007632145998180043,False,-1,218,0.056088170913858384,True,0.45849479778568397,0.32472507208795354,0.12704436288036525,0.055249269758443666,0.056088170913858384
20261230,0,0.9,16,8,grid,2.0,0.01164993050750713,False,-1,107,0.08306027125172409,True,0.3777162065681624,0.2949462674023627,0.08086274214974076,0.057341901974768655,0.08306027125172409
20261230,0,0.9,16,8,grid,3.0,0.01778279410038923,False,-1,97,0.12235579310524436,True,0.3470212406691704,0.2925279804886675,0.05493414565573918,0.07353993938523257,0.12235579310524436
20261230,0,0.9,16,8,grid,4.0,0.027144176165949066,False,-1,80,0.16238519688767158,True,0.38776758217753976,0.28561711580499116,0.05762348904028085,0.10152598928970138,0.16238519688767158
20261230,0,0.9,16,8,grid,5.0,0.04143366309976846,False,-1,77,0.17723780225049918,True,0.525034938844951,0.25709092521133553,0.10286367225666113,0.13873835694371706,0.17723780225049918
20261230,0,0.9,16,8,grid,6.0,0.0632455532033676,False,-1,73,0.1414865217981019,True,0.8073169681328003,0.21551202927067545,0.23019610009627192,0.21455501989379117,0.1414865217981019
20261230,0,0.9,16,8,grid,7.0,0.096539859156753,False,-1,72,0.070940169331263,True,1.2660264084932904,0.17805388451020177,0.5357047755145037,0.4443091583615421,0.070940169331263
20261230,0,0.9,16,8,grid,8.0,0.1473612599456155,False,-1,29,0.0522953321113782,True,1.8250592393724132,0.13996444412902384,1.1684455309840187,0.93087782364372,0.0522953321113782
20261230,0,0.9,16,8,grid,9.0,0.2249365300761397,False,-1,121,0.1461769696573731,True,2.7924556023264984,0.12181694092741789,1.9056118425012936,1.4561817323288802,0.1461769696573731
20261230,0,0.9,16,8,grid,10.0,0.3433496875730229,False,-1,121,0.5716775869897701,True,8.369216299633143,0.5345255034343935,2.0379250367264548,1.6723095242442114,0.5716775869897701
20261230,0,0.9,16,8,grid,11.0,0.524098988797363,False,-1,166,33.003550879127005,True,38.807101906793505,12.66634576584617,41.350166799000675,1.2131039428756711,33.003550879127005
20261230,0,0.9,16,8,grid,12.0,0.8,True,962,-1,1000000000000.0,True,253.17853615868185,68124729.9591803,1000000000000.0,1000000000000.0,1000000000000.0
20261230,0,0.9,16,32,joint_aware,,0.06557341714513457,False,-1,73,0.11667408455238802,True,0.8700855486813268,0.19718822937061783,0.34705670873173156,0.23579646492553713,0.11667408455238802
20261230,0,0.9,16,32,correlation_blind,,0.3543562147008278,False,-1,114,4.645208677293677,True,3.6571093282107707,1.6562229903432288,8.701086222987469,13.696951235535359,4.645208677293677
20261230,0,0.9,16,32,delay_blind,,0.0679609250345928,False,-1,73,0.11059917739889348,True,0.9078101232725307,0.19349550983752598,0.3763623910447861,0.2526893015451145,0.11059917739889348
20261230,0,0.9,16,32,mean_only,,1.2931845703348515,True,229,-1,1000000000000.0,True,1000000000000.0,1000000000000.0,1000000000000.0,1000000000000.0,1000000000000.0
20261230,0,0.9,16,32,worstcase_correlation,,0.06012858486571272,False,-1,73,0.13096429086066233,True,0.7858468932788666,0.20703298855867044,0.2855679374470471,0.2027004388032606,0.13096429086066233
20261230,0,0.9,16,32,grid,0.0,0.005,False,-1,328,0.04264069288436144,True,0.5607245200871959,0.3944386139183014,0.1925779088397891,0.07049221790334863,0.04264069288436144
20261230,0,0.9,16,32,grid,1.0,0.007632145998180043,False,-1,218,0.055741871346971984,True,0.4550199797188444,0.32359723359525516,0.12703565729400507,0.05424856618548336,0.055741871346971984
20261230,0,0.9,16,32,grid,2.0,0.01164993050750713,False,-1,107,0.0832412375617736,True,0.37399098555783866,0.29577849467156986,0.08219182506367415,0.05619344533604742,0.0832412375617736
20261230,0,0.9,16,32,grid,3.0,0.01778279410038923,False,-1,97,0.12316284582455185,True,0.3443809983678322,0.2953968587932537,0.058701532953800824,0.07230457891433545,0.12316284582455185
20261230,0,0.9,16,32,grid,4.0,0.027144176165949066,False,-1,77,0.1620861661575744,True,0.38720303386752436,0.2875341633474918,0.06738209598952002,0.09952864315397526,0.1620861661575744
20261230,0,0.9,16,32,grid,5.0,0.04143366309976846,False,-1,77,0.17026552951995433,True,0.5289163480455982,0.25256982101393055,0.13037620069965414,0.13398091138021573,0.17026552951995433
20261230,0,0.9,16,32,grid,6.0,0.0632455532033676,False,-1,73,0.12274465081697579,True,0.8337274144875516,0.20115849428950508,0.3198560503483081,0.22074743309730072,0.12274465081697579
20261230,0,0.9,16,32,grid,7.0,0.096539859156753,False,-1,71,0.07257610539882867,True,1.364471008492563,0.17462299555760274,0.8319613175728922,0.578295432460897,0.07257610539882867
20261230,0,0.9,16,32,grid,8.0,0.1473612599456155,False,-1,75,0.268622107890661,True,1.9938138298441137,0.1588153116147955,2.0308492490301844,1.6359428535797316,0.268622107890661
20261230,0,0.9,16,32,grid,9.0,0.2249365300761397,False,-1,125,1.2753447898201178,True,2.457491181204627,0.11284368655836795,4.2970403667734285,3.6585054689491545,1.2753447898201178
20261230,0,0.9,16,32,grid,10.0,0.3433496875730229,False,-1,115,4.213257353281494,True,3.4499874959602828,1.2684549946174082,8.409487930461843,11.884989860638225,4.213257353281494
20261230,0,0.9,16,32,grid,11.0,0.524098988797363,False,-1,3762,3035.8858935772487,True,2483.625308775661,11008.847070791362,27.6724574337146,109.83230762593585,3035.8858935772487
20261230,0,0.9,16,32,grid,12.0,0.8,True,427,-1,1000000000000.0,True,14550903.877279518,1000000000000.0,1000000000000.0,1000000000000.0,1000000000000.0
20261230,0,0.9,32,8,joint_aware,,0.06708632967038644,False,-1,76,0.11157813043615848,True,0.8648552978544025,0.16494897749179854,0.28213655916562747,0.23811615846963538,0.11157813043615848
20261230,0,0.9,32,8,correlation_blind,,0.48450346515727244,False,-1,307,2.158822382698011,True,4.122988551901472,18.804803208924096,123.22222382367092,1.6091148048018995,2.158822382698011
20261230,0,0.9,32,8,delay_blind,,0.0681741968826708,False,-1,76,0.10828868965570951,True,0.881080019872839,0.16344634624902904,0.29171242215333704,0.2447428307566608,0.10828868965570951
20261230,0,0.9,32,8,mean_only,,2.1034893587976695,True,118,-1,1000000000000.0,True,1000000000000.0,1000000000000.0,1000000000000.0,1000000000000.0,1000000000000.0
20261230,0,0.9,32,8,worstcase_correlation,,0.061225211651951904,False,-1,76,0.12932708930132597,True,0.7782486480975621,0.17400197644206294,0.23392172189115823,0.2064545372269608,0.12932708930132597
20261230,0,0.9,32,8,grid,0.0,0.005,False,-1,327,0.0431578979725517,True,0.5597682420169187,0.3894832585002892,0.19086835069519215,0.07216389687942922,0.0431578979725517
20261230,0,0.9,32,8,grid,1.0,0.007632145998180043,False,-1,218,0.056593703297023346,True,0.4535201496955602,0.31478620061796025,0.12409952568438878,0.0552389790693155,0.056593703297023346
20261230,0,0.9,32,8,grid,2.0,0.01164993050750713,False,-1,107,0.08482349503614264,True,0.37060280812230595,0.2798203891684526,0.07861385339511892,0.057461088849873374,0.08482349503614264
20261230,0,0.9,32,8,grid,3.0,0.01778279410038923,False,-1,97,0.12590630913137796,True,0.3368810473384253,0.2697240261199085,0.0556131991204125,0.07496419011097293,0.12590630913137796
20261230,0,0.9,32,8,grid,4.0,0.027144176165949066,False,-1,80,0.16619431422488457,True,0.37447325522836333,0.253631859128882,0.06278385724249776,0.10389420882507527,0.16619431422488457
20261230,0,0.9,32,8,grid,5.0,0.04143366309976846,False,-1,77,0.17498281702540078,True,0.512522098012379,0.21674982292986295,0.1123912235020206,0.13924817762544167,0.17498281702540078
20261230,0,0.9,32,8,grid,6.0,0.0632455532033676,False,-1,76,0.12323825310479038,True,0.8079049070118148,0.17069427514101934,0.2498974852321827,0.21661779354327917,0.12323825310479038
20261230,0,0.9,32,8,grid,7.0,0.096539859156753,False,-1,73,0.04288273560860343,True,1.2925390952363132,0.13771232913771098,0.6078753622323558,0.5059891187165951,0.04288273560860343
20261230,0,0.9,32,8,grid,8.0,0.1473612599456155,False,-1,76,0.10134200322065134,True,1.8170001989993756,0.09926249647318353,1.4188109410654877,1.3115796539037639,0.10134200322065134
20261230,0,0.9,32,8,grid,9.0,0.2249365300761397,False,-1,136,0.47405794145891755,True,2.3773509217450637,0.12386831766357742,2.4439921248610093,2.8589703778488365,0.47405794145891755
20261230,0,0.9,32,8,grid,10.0,0.3433496875730229,False,-1,135,0.6989657651372202,True,9.719601007804984,2.083582488254782,4.3435569827767795,7.490984797466062,0.6989657651372202
20261230,0,0.9,32,8,grid,11.0,0.524098988797363,False,-1,-1,12.971721492206862,True,74.5452398674499,309.06973220347817,265.1910801231374,140.95285498936482,12.971721492206862
20261230,0,0.9,32,8,grid,12.0,0.8,True,747,-1,1000000000000.0,True,818347.6583516973,37338166.31448082,1000000000000.0,1000000000000.0,1000000000000.0
20261230,0,0.9,32,32,joint_aware,,0.061344496040986844,False,-1,76,0.1517395204655886,True,0.9253019260527158,0.1530203230656644,0.35784813522830783,0.15549941593729755,0.1517395204655886
20261230,0,0.9,32,32,correlation_blind,,0.2890855861645199,False,-1,53,45.46096559136605,True,9.05623459648102,3.768445296377702,21.598819197502692,37.23840516891422,45.46096559136605
20261230,0,0.9,32,32,delay_blind,,0.0681741968826708,False,-1,76,0.1321690660428609,True,1.0927725419417773,0.14555146785442197,0.45765904784034495,0.18915421725430182,0.1321690660428609
20261230,0,0.9,32,32,mean_only,,0.5345835420861842,True,1766,63,1000000000000.0,True,36.29060514996509,93.7372952281859,198349.81642172602,1000000000000.0,1000000000000.0
20261230,0,0.9,32,32,worstcase_correlation,,0.056406811991134544,False,-1,77,0.16570764684620443,True,0.81670274568263,0.16328297303402434,0.29626429108637364,0.13976044135949534,0.16570764684620443
20261230,0,0.9,32,32,grid,0.0,0.005,False,-1,325,0.04320463167050835,True,0.5542250817001323,0.38638875775757664,0.18981377698434687,0.07104068033374919,0.04320463167050835
20261230,0,0.9,32,32,grid,1.0,0.007632145998180043,False,-1,191,0.057489781028237784,True,0.44569923518223553,0.3128540381677155,0.12467325076601522,0.0540984290169933,0.057489781028237784
20261230,0,0.9,32,32,grid,2.0,0.01164993050750713,False,-1,107,0.08817839403241443,True,0.3621350242788952,0.2806697287161122,0.08157132486510987,0.056177593047017776,0.08817839403241443
20261230,0,0.9,32,32,grid,3.0,0.01778279410038923,False,-1,97,0.13417468850585407,True,0.3319949313852723,0.27266156697584154,0.0630073648587216,0.07348760928491518,0.13417468850585407
20261230,0,0.9,32,32,grid,4.0,0.027144176165949066,False,-1,77,0.1813823208196519,True,0.3809229201788174,0.2540188457832104,0.08045565554861914,0.09937050202780262,0.1813823208196519
20261230,0,0.9,32,32,grid,5.0,0.04143366309976846,False,-1,77,0.1957115770622824,True,0.5497970556208207,0.20814439036664936,0.1575258289871469,0.11844170084748917,0.1957115770622824
20261230,0,0.9,32,32,grid,6.0,0.0632455532033676,False,-1,76,0.14623171478169447,True,0.9699009218750559,0.15006457681015012,0.3838943258632759,0.16335823074344183,0.14623171478169447
20261230,0,0.9,32,32,grid,7.0,0.096539859156753,False,-1,76,0.11609244021301762,True,1.9947399968946298,0.24047325201208297,1.054648748513371,0.5361185100468473,0.11609244021301762
20261230,0,0.9,32,32,grid,8.0,0.1473612599456155,False,-1,77,0.9844907543606911,True,4.213379235464469,1.032651249831404,2.8310350126315402,2.066958868420853,0.9844907543606911
20261230,0,0.9,32,32,grid,9.0,0.2249365300761397,False,-1,53,1.4213261801124784,True,7.551572009328472,4.5987643453598785,9.82728171950525,8.347387806293417,1.4213261801124784
20261230,0,0.9,32,32,grid,10.0,0.3433496875730229,False,-1,62,2844099.421955809,True,9.195024274994912,15.905144534277415,11.463515540016632,137.54335606238692,2844099.421955809
20261230,0,0.9,32,32,grid,11.0,0.524098988797363,True,2105,63,1000000000000.0,True,33.53645628879486,32.8272132848784,80678.86327153689,49497850866.231155,1000000000000.0
20261230,0,0.9,32,32,grid,12.0,0.8,True,1025,-1,1000000000000.0,True,758.7939464600394,435881.53382628295,271812169774.92645,1000000000000.0,1000000000000.0
20261231,1,0.0,16,8,joint_aware,,0.4363488632302189,False,-1,2,0.19909580406158373,True,0.09754395489542714,0.18119314734537106,0.46422700362836744,0.23377810793813666,0.19909580406158373
20261231,1,0.0,16,8,correlation_blind,,0.4363488632302189,False,-1,2,0.19909580406158373,True,0.09754395489542714,0.18119314734537106,0.46422700362836744,0.23377810793813666,0.19909580406158373
20261231,1,0.0,16,8,delay_blind,,0.4373927810905379,False,-1,2,0.19976787751142364,True,0.09780210986406164,0.18220554438931452,0.4659499987707292,0.23378949573425684,0.19976787751142364
20261231,1,0.0,16,8,mean_only,,4.115057114511728,True,90,-1,1000000000000.0,True,1000000000000.0,1000000000000.0,1000000000000.0,1000000000000.0,1000000000000.0
20261231,1,0.0,16,8,worstcase_correlation,,0.062108907189348216,False,-1,18,0.05049613807424706,True,0.021848204196453065,0.005317232145850514,0.07570370373594741,0.0739033478631036,0.05049613807424706
20261231,1,0.0,16,8,grid,0.0,0.005,False,-1,275,0.0014241085216340774,True,0.5236296214044011,0.2932062382193523,0.11218649936788805,0.019547438422605267,0.0014241085216340774
20261231,1,0.0,16,8,grid,1.0,0.007632145998180043,False,-1,171,0.010431049541228898,True,0.38358452025427536,0.16922370080346888,0.044496076316798146,0.0035577179349740875,0.010431049541228898
20261231,1,0.0,16,8,grid,2.0,0.01164993050750713,False,-1,109,0.02259938221426253,True,0.24688956157308145,0.07946270885182313,0.012136692637974983,0.0044301686158793275,0.02259938221426253
20261231,1,0.0,16,8,grid,3.0,0.01778279410038923,False,-1,69,0.03419496653585913,True,0.13573183938515193,0.029436064802575157,0.00786557759785492,0.012364858706388088,0.03419496653585913
20261231,1,0.0,16,8,grid,4.0,0.027144176165949066,False,-1,48,0.04348503955990383,True,0.06451876337740102,0.010020071757166002,0.023748672403909682,0.023856432096713114,0.04348503955990383
20261231,1,0.0,16,8,grid,5.0,0.04143366309976846,False,-1,31,0.04859051384495413,True,0.030943271001764344,0.005618793508569265,0.04926476852166896,0.04281126751436996,0.04859051384495413
20261231,1,0.0,16,8,grid,6.0,0.0632455532033676,False,-1,17,0.05057066816587086,True,0.021788020045345528,0.005325306700626264,0.07687570162120609,0.07565956687271702,0.05057066816587086
20261231,1,0.0,16,8,grid,7.0,0.096539859156753,False,-1,13,0.05404376368235365,True,0.02589950717447488,0.006055963382943006,0.10322669865774058,0.12544200091959098,0.05404376368235365
20261231,1,0.0,16,8,grid,8.0,0.1473612599456155,False,-1,9,0.06431808625012735,True,0.03779615544037068,0.01023930339095371,0.1328948274051101,0.18490044370746328,0.06431808625012735
20261231,1,0.0,16,8,grid,9.0,0.2249365300761397,False,-1,4,0.08705830618657773,True,0.05710523278905296,0.03071579439156995,0.19026065592063612,0.22951034738499862,0.08705830618657773
20261231,1,0.0,16,8,grid,10.0,0.3433496875730229,False,-1,3,0.14215929072089817,True,0.0792725265581225,0.10001399053652324,0.32422060008047987,0.23705387907305045,0.14215929072089817
20261231,1,0.0,16,8,grid,11.0,0.524098988797363,False,-1,2,0.2563196934470356,True,0.12575227520866827,0.2713266985942617,0.6197417523137659,0.24167015028085478,0.2563196934470356
20261231,1,0.0,16,8,grid,12.0,0.8,False,-1,1,0.44307123337913323,True,0.30375135407010606,0.5535338732522717,1.2471276097754447,0.3952280932220366,0.44307123337913323
20261231,1,0.0,16,32,joint_aware,,0.3543562147008278,False,-1,3,0.27749304738535485,True,0.13425395958029543,0.12105272265165729,0.268129589080378,0.22913861859655743,0.27749304738535485
20261231,1,0.0,16,32,correlation_blind,,0.3543562147008278,False,-1,3,0.27749304738535485,True,0.13425395958029543,0.12105272265165729,0.268129589080378,0.22913861859655743,0.27749304738535485
20261231,1,0.0,16,32,delay_blind,,0.4373927810905379,False,-1,2,0.4689644579946302,True,0.12816516540626455,0.19252211435447675,0.3485349519389773,0.20700495012603867,0.4689644579946302
20261231,1,0.0,16,32,mean_only,,1.2931845703348515,True,2663,1,1000000000000.0,True,32.40730053750319,73021.14142829341,56046186.13851841,1085185761.113746,1000000000000.0
20261231,1,0.0,16,32,worstcase_correlation,,0.06012858486571272,False,-1,17,0.04977308627275829,True,0.023320548696266402,0.0060453636878018,0.07582042190762128,0.07421858196741578,0.04977308627275829
20261231,1,0.0,16,32,grid,0.0,0.005,False,-1,273,0.001442271943869127,True,0.5218840341629165,0.2916073218366163,0.11138471165905597,0.019322899492188142,0.001442271943869127
20261231,1,0.0,16,32,grid,1.0,0.007632145998180043,False,-1,171,0.01050411474916006,True,0.38098260590172345,0.16753927366526922,0.0439402914336443,0.0035017063476069773,0.01050411474916006
20261231,1,0.0,16,32,grid,2.0,0.01164993050750713,False,-1,109,0.02269228455307297,True,0.24372204027200872,0.0781473014736381,0.011901580457493843,0.004518953329323298,0.02269228455307297
20261231,1,0.0,16,32,grid,3.0,0.01778279410038923,False,-1,69,0.03425789216030299,True,0.1328502343278493,0.028839832730457576,0.008107245806084561,0.012611338141799594,0.03425789216030299
20261231,1,0.0,16,32,grid,4.0,0.027144176165949066,False,-1,46,0.043400938919086446,True,0.06292863262107531,0.010099959563590636,0.024783982191940022,0.024443195192203223,0.043400938919086446
20261231,1,0.0,16,32,grid,5.0,0.04143366309976846,False,-1,30,0.04818556686900684,True,0.030973512848492778,0.00602303861255765,0.051186236291764345,0.044326364866030234,0.04818556686900684
20261231,1,0.0,16,32,grid,6.0,0.0632455532033676,False,-1,16,0.05000312098911131,True,0.023292715824955897,0.0061462682761983045,0.07902231570142144,0.07940543575455987,0.05000312098911131
20261231,1,0.0,16,32,grid,7.0,0.096539859156753,False,-1,12,0.05531315744405145,True,0.03036733464530973,0.007873221896883774,0.10241834687605686,0.13404769215927956,0.05531315744405145
20261231,1,0.0,16,32,grid,8.0,0.1473612599456155,False,-1,8,0.07242033196330558,True,0.051643204940902264,0.012404725423154957,0.12314727954883846,0.2007486726198047,0.07242033196330558
20261231,1,0.0,16,32,grid,9.0,0.2249365300761397,False,-1,4,0.11225987890127714,True,0.09325887682524771,0.03451590215078379,0.1634636720541241,0.2457504698455656,0.11225987890127714
20261231,1,0.0,16,32,grid,10.0,0.3433496875730229,False,-1,3,0.2568652002734011,True,0.133159724417864,0.11206545576916216,0.25787996425358317,0.23231716071907343,0.2568652002734011
20261231,1,0.0,16,32,grid,11.0,0.524098988797363,False,-1,2,0.73703820617175,True,0.1216247426356034,0.27367798151429346,0.4240941660055196,0.205499786424467,0.73703820617175
20261231,1,0.0,16,32,grid,12.0,0.8,False,-1,1,1.922717525881764,True,0.8451627210039889,1.2417112459802073,0.5660720160790457,0.5618009723343855,1.922717525881764
20261231,1,0.0,32,8,joint_aware,,0.48450346515727244,False,-1,2,0.07747640108695428,True,0.04350925955295483,0.1184700691924429,0.18761205860525043,0.028918667721039962,0.07747640108695428
20261231,1,0.0,32,8,correlation_blind,,0.48450346515727244,False,-1,2,0.07747640108695428,True,0.04350925955295483,0.1184700691924429,0.18761205860525043,0.028918667721039962,0.07747640108695428
20261231,1,0.0,32,8,delay_blind,,0.5476125865680102,False,-1,2,0.09826229223838048,True,0.053330575634177084,0.1647300260462933,0.2512881829356189,0.021489332165010512,0.09826229223838048
20261231,1,0.0,32,8,mean_only,,2.1034893587976695,True,2148,1,1000000000000.0,True,108.99106875128054,84053.83284129892,46949759.70984381,23984667451.13392,1000000000000.0
20261231,1,0.0,32,8,worstcase_correlation,,0.061225211651951904,False,-1,22,0.009571797186961559,True,0.033875538826580044,0.009095490052220585,0.014557894281399628,0.030680369437614673,0.009571797186961559
20261231,1,0.0,32,8,grid,0.0,0.005,False,-1,273,0.0009042722911939425,True,0.5250901131141794,0.315582508174389,0.13476956479979124,0.027287599051091332,0.0009042722911939425
20261231,1,0.0,32,8,grid,1.0,0.007632145998180043,False,-1,175,0.00218913393882616,True,0.3887781259990104,0.1992414585464028,0.06679420701140744,0.0047500712694242475,0.00218913393882616
20261231,1,0.0,32,8,grid,2.0,0.01164993050750713,False,-1,118,0.005088404155286711,True,0.2581062284355659,0.11345719955136299,0.027444695450791725,0.0010437988541104333,0.005088404155286711
20261231,1,0.0,32,8,grid,3.0,0.01778279410038923,False,-1,72,0.006708525480219438,True,0.15403974778276905,0.06001615723501922,0.0088687202933019,0.006777224583523735,0.006708525480219438
20261231,1,0.0,32,8,grid,4.0,0.027144176165949066,False,-1,49,0.00768872620090681,True,0.08769824273428078,0.030506136007909485,0.005222617164938755,0.014676697503584298,0.00768872620090681
20261231,1,0.0,32,8,grid,5.0,0.04143366309976846,False,-1,34,0.008641245145576381,True,0.052510442988039883,0.015226221182120797,0.009422272850200974,0.022772966892223093,0.008641245145576381
20261231,1,0.0,32,8,grid,6.0,0.0632455532033676,False,-1,22,0.009643967423576838,True,0.03263525644556873,0.008851487320337406,0.014933303834330771,0.03135997509077662,0.009643967423576838
20261231,1,0.0,32,8,grid,7.0,0.096539859156753,False,-1,14,0.010325821610138074,True,0.02010987918869642,0.008554021170675326,0.018653052164693724,0.04047943125594638,0.010325821610138074
20261231,1,0.0,32,8,grid,8.0,0.1473612599456155,False,-1,9,0.010607619639510108,True,0.014633275054139264,0.012922171556538659,0.02249959017223705,0.04915450532511511,0.010607619639510108
20261231,1,0.0,32,8,grid,9.0,0.2249365300761397,False,-1,4,0.01446461691703579,True,0.016554854749371663,0.024742552931808444,0.036605903634110565,0.05302854732449084,0.01446461691703579
20261231,1,0.0,32,8,grid,10.0,0.3433496875730229,False,-1,3,0.035874694498599896,True,0.027657954131343716,0.05501294038208851,0.084878507783956,0.04561533496511166,0.035874694498599896
20261231,1,0.0,32,8,grid,11.0,0.524098988797363,False,-1,2,0.09043675250847531,True,0.04923988204739346,0.1456529008871114,0.2261579620698589,0.024120672041459974,0.09043675250847531
20261231,1,0.0,32,8,grid,12.0,0.8,False,-1,1,0.19679299552452192,True,0.17329652447559407,0.5803372909711901,0.6629355802395727,0.03711938775013731,0.19679299552452192
20261231,1,0.0,32,32,joint_aware,,0.2890855861645199,False,-1,3,0.12794394113282326,True,0.03178521488872185,0.032112025228501484,0.05978134384376613,0.09669525019963948,0.12794394113282326
20261231,1,0.0,32,32,correlation_blind,,0.2890855861645199,False,-1,3,0.12794394113282326,True,0.03178521488872185,0.032112025228501484,0.05978134384376613,0.09669525019963948,0.12794394113282326
20261231,1,0.0,32,32,delay_blind,,0.5476125865680102,False,-1,2,30609.608102004968,True,0.9997394849955697,3.9605858339167646,3.452548784055397,19.556231654608073,30609.608102004968
20261231,1,0.0,32,32,mean_only,,0.5345835420861842,False,-1,2,228.65283359045654,True,0.7738901737147551,2.802291637140396,0.7103431196518608,3.650995997694061,228.65283359045654
20261231,1,0.0,32,32,worstcase_correlation,,0.056406811991134544,False,-1,23,0.010206248731123857,True,0.0364541045183524,0.008229077291106477,0.01621915657280504,0.032572818853217875,0.010206248731123857
20261231,1,0.0,32,32,grid,0.0,0.005,False,-1,269,0.0008754952963693667,True,0.5205975299146072,0.3115656170695023,0.13285291518714942,0.02669897243663384,0.0008754952963693667
20261231,1,0.0,32,32,grid,1.0,0.007632145998180043,False,-1,173,0.002238916581384313,True,0.382209876343775,0.19501132998909854,0.06541090260266415,0.004495882308160309,0.002238916581384313
20261231,1,0.0,32,32,grid,2.0,0.01164993050750713,False,-1,116,0.005153072146920573,True,0.2504039653513134,0.10986316274247361,0.02658217012727572,0.001141336520290517,0.005153072146920573
20261231,1,0.0,32,32,grid,3.0,0.01778279410038923,False,-1,69,0.006794735544406458,True,0.14744279824604362,0.05742019876248268,0.008593673904539738,0.007208798361949834,0.006794735544406458
20261231,1,0.0,32,32,grid,4.0,0.027144176165949066,False,-1,47,0.007882336372105041,True,0.08426855756141789,0.028596117856542463,0.006006880982246624,0.015550233551104678,0.007882336372105041
20261231,1,0.0,32,32,grid,5.0,0.04143366309976846,False,-1,32,0.009103631903610614,True,0.05179096472069935,0.013430089703021841,0.011477892697033922,0.024722205870622398,0.009103631903610614
20261231,1,0.0,32,32,grid,6.0,0.0632455532033676,False,-1,21,0.010655890707627933,True,0.0315407264738802,0.007343793434982498,0.017589049658428512,0.035828790746790545,0.010655890707627933
20261231,1,0.0,32,32,grid,7.0,0.096539859156753,False,-1,14,0.012875323589672753,True,0.017924308069322978,0.00758298257918377,0.019086665984411333,0.04961525259551921,0.012875323589672753
20261231,1,0.0,32,32,grid,8.0,0.1473612599456155,False,-1,8,0.01842585018923608,True,0.011826715346923677,0.00982662197673232,0.01580456583318162,0.0660316721499464,0.01842585018923608
20261231,1,0.0,32,32,grid,9.0,0.2249365300761397,False,-1,4,0.04942990969130591,True,0.016536787154291344,0.020193755035310866,0.026190792232569978,0.09842700829138619,0.04942990969130591
20261231,1,0.0,32,32,grid,10.0,0.3433496875730229,False,-1,3,0.2775661990738933,True,0.10736139797982186,0.06401761246781087,0.1325981202358406,0.07529215765806328,0.2775661990738933
20261231,1,0.0,32,32,grid,11.0,0.524098988797363,False,-1,2,4.138213849780897,True,0.6297312199672891,2.289651267360127,0.24688936633588515,3.3251658082303233,4.138213849780897
20261231,1,0.0,32,32,grid,12.0,0.8,True,1925,1,1000000000000.0,True,37.60669986653919,3391.0034533540675,2016598.6325978327,1000000000000.0,1000000000000.0
20261231,1,0.9,16,8,joint_aware,,0.06793567174124356,False,-1,7,0.4529466473182704,True,0.3002477293683466,0.290771347803222,0.06092950546451859,0.13910293737968799,0.4529466473182704
20261231,1,0.9,16,8,correlation_blind,,0.4363488632302189,False,-1,11,0.8687619054337232,True,4.470843159568965,7.076522619767619,2.1376912096741356,4.454881217879177,0.8687619054337232
20261231,1,0.9,16,8,delay_blind,,0.0679609250345928,False,-1,7,0.4530711549799703,True,0.3003945000862077,0.2908917359195369,0.060887355911868585,0.1390815628244916,0.4530711549799703
20261231,1,0.9,16,8,mean_only,,4.115057114511728,True,54,-1,1000000000000.0,True,1000000000000.0,1000000000000.0,1000000000000.0,1000000000000.0,1000000000000.0
20261231,1,0.9,16,8,worstcase_correlation,,0.062108907189348216,False,-1,8,0.4251438077010621,True,0.2662688626773672,0.263022236336393,0.07099772466777271,0.14298192079109856,0.4251438077010621
20261231,1,0.9,16,8,grid,0.0,0.005,False,-1,234,0.032464144003457825,True,0.4877130758555433,0.32638743336690745,0.18481787545397935,0.02643229968875848,0.032464144003457825
20261231,1,0.9,16,8,grid,1.0,0.007632145998180043,False,-1,146,0.07832421095839087,True,0.33375886920289555,0.21674572323751692,0.1371384917022519,0.009146833604896995,0.07832421095839087
20261231,1,0.9,16,8,grid,2.0,0.01164993050750713,False,-1,93,0.14297917162488305,True,0.18688216651083667,0.1397588923195126,0.11298962246245213,0.01663074432496435,0.14297917162488305
20261231,1,0.9,16,8,grid,3.0,0.01778279410038923,False,-1,75,0.22158565425417848,True,0.08577026671918947,0.1043624395428841,0.10449452177462755,0.04588748205351959,0.22158565425417848
20261231,1,0.9,16,8,grid,4.0,0.027144176165949066,False,-1,57,0.2929266566440281,True,0.06882159312734228,0.1131421532245234,0.10592980138015898,0.08990842032758159,0.2929266566440281
20261231,1,0.9,16,8,grid,5.0,0.04143366309976846,False,-1,43,0.3459557162798401,True,0.14135698872676272,0.16686129280345957,0.10174389255748174,0.13190817651863745,0.3459557162798401
20261231,1,0.9,16,8,grid,6.0,0.0632455532033676,False,-1,8,0.4304097631780311,True,0.2729216478355961,0.26843003750210565,0.06899682650733417,0.1424021553814958,0.4304097631780311
20261231,1,0.9,16,8,grid,7.0,0.096539859156753,False,-1,5,0.6016281838780239,True,0.46895468025253556,0.42848139848858946,0.035928027386625934,0.10133676122017622,0.6016281838780239
20261231,1,0.9,16,8,grid,8.0,0.1473612599456155,False,-1,5,0.7906666301380965,True,0.7894835113363149,0.7111483385569122,0.16462584390232987,0.05764003665967398,0.7906666301380965
20261231,1,0.9,16,8,grid,9.0,0.2249365300761397,False,-1,4,0.739721422276227,True,1.1928412516003184,1.4252171701645737,0.6719867165759714,0.18833255139319827,0.739721422276227
20261231,1,0.9,16,8,grid,10.0,0.3433496875730229,False,-1,3,0.8731130502237061,True,1.612163002068202,3.7853747432735716,1.5637048242893512,0.0991315086054875,0.8731130502237061
20261231,1,0.9,16,8,grid,11.0,0.524098988797363,False,-1,14,0.3958866769714767,True,72.97428153867047,11.251926850814918,2.8596864436292107,66.21286802418065,0.3958866769714767
20261231,1,0.9,16,8,grid,12.0,0.8,True,278,-1,1000000000000.0,True,15705442872.640427,1000000000000.0,1000000000000.0,1000000000000.0,1000000000000.0
20261231,1,0.9,16,32,joint_aware,,0.06557341714513457,False,-1,7,0.47480754196295794,True,0.3072153296221679,0.3051408114238326,0.07930472724714732,0.16747356639555336,0.47480754196295794
20261231,1,0.9,16,32,correlation_blind,,0.3543562147008278,False,-1,3,63.27238468703072,True,3.6292044128099126,2.226337636499759,4.571430219449063,9.487420665163603,63.27238468703072
20261231,1,0.9,16,32,delay_blind,,0.0679609250345928,False,-1,6,0.48989412200286875,True,0.32204623364457463,0.3187656550698492,0.07468708373827232,0.16663168120468194,0.48989412200286875
20261231,1,0.9,16,32,mean_only,,1.2931845703348515,True,231,-1,1000000000000.0,True,1000000000000.0,1000000000000.0,1000000000000.0,1000000000000.0,1000000000000.0
20261231,1,0.9,16,32,worstcase_correlation,,0.06012858486571272,False,-1,8,0.44242272896115464,True,0.27341543577710153,0.27432584618406464,0.09006949925472035,0.1679932382053928,0.44242272896115464
20261231,1,0.9,16,32,grid,0.0,0.005,False,-1,224,0.0319999059055172,True,0.4843857265161807,0.3233021455916422,0.18427884457496904,0.026573992455118108,0.0319999059055172
20261231,1,0.9,16,32,grid,1.0,0.007632145998180043,False,-1,145,0.07750945335933812,True,0.3282166814841544,0.21302211580211547,0.13819909451018986,0.010121302275425969,0.07750945335933812
20261231,1,0.9,16,32,grid,2.0,0.01164993050750713,False,-1,93,0.14188177553452808,True,0.1790988971361195,0.13603242291578435,0.1166705338026551,0.018902705770037106,0.14188177553452808
20261231,1,0.9,16,32,grid,3.0,0.01778279410038923,False,-1,75,0.22125670170779826,True,0.07794119022785344,0.10163400033429308,0.11198215060156048,0.05050253392453939,0.22125670170779826
20261231,1,0.9,16,32,grid,4.0,0.027144176165949066,False,-1,54,0.2953876022218974,True,0.06687697368083666,0.1131497581137674,0.11846151321461836,0.09896304489758957,0.2953876022218974
20261231,1,0.9,16,32,grid,5.0,0.04143366309976846,False,-1,43,0.35519760209926987,True,0.15127205477820796,0.17377965870659529,0.11850329604309419,0.14796143597901631,0.35519760209926987
20261231,1,0.9,16,32,grid,6.0,0.0632455532033676,False,-1,7,0.4606027940012138,True,0.2927832958077098,0.2919175106921731,0.08389814253175502,0.16795201767004345,0.4606027940012138
20261231,1,0.9,16,32,grid,7.0,0.096539859156753,False,-1,5,0.697788054980239,True,0.5170124974979454,0.4840316067459273,0.04929965425419662,0.14227027618800506,0.697788054980239
20261231,1,0.9,16,32,grid,8.0,0.1473612599456155,False,-1,5,1.090987457078925,True,1.0178261062049225,0.8068587290108873,0.28400633459600816,0.16280774643150542,1.090987457078925
20261231,1,0.9,16,32,grid,9.0,0.2249365300761397,False,-1,4,1.756299043865282,True,2.007591927508035,1.473707415332675,1.498572323535066,1.0217215590375013,1.756299043865282
20261231,1,0.9,16,32,grid,10.0,0.3433496875730229,False,-1,3,36.72751348063966,True,3.1184084361684183,1.7209446199072975,4.367924176336202,8.093879894875148,36.72751348063966
20261231,1,0.9,16,32,grid,11.0,0.524098988797363,False,-1,3,301267824.7429821,True,1779.4818226732132,12755.824683196968,2658.5293153524794,1237.4744574332415,301267824.7429821
20261231,1,0.9,16,32,grid,12.0,0.8,True,454,-1,1000000000000.0,True,188576862.31072786,1000000000000.0,1000000000000.0,1000000000000.0,1000000000000.0
20261231,1,0.9,32,8,joint_aware,,0.06708632967038644,False,-1,7,0.46066842652205003,True,0.27565753120692893,0.29635528383735404,0.05935300420932134,0.16546772501892854,0.46066842652205003
20261231,1,0.9,32,8,correlation_blind,,0.48450346515727244,False,-1,3,199.76437037588238,True,590.1626906178267,25.60440946300507,7.005121692041404,3.7134795120678783,199.76437037588238
20261231,1,0.9,32,8,delay_blind,,0.0681741968826708,False,-1,7,0.46704417634896195,True,0.2814353372601342,0.30180413302471887,0.05741694635497392,0.16536147114561836,0.46704417634896195
20261231,1,0.9,32,8,mean_only,,2.1034893587976695,True,97,-1,1000000000000.0,True,1000000000000.0,1000000000000.0,1000000000000.0,1000000000000.0,1000000000000.0
20261231,1,0.9,32,8,worstcase_correlation,,0.061225211651951904,False,-1,8,0.4279206508916818,True,0.2442823595809661,0.2670619777199499,0.07009373149064174,0.16501200306488778,0.4279206508916818
20261231,1,0.9,32,8,grid,0.0,0.005,False,-1,234,0.03195358576517357,True,0.4871625889937733,0.3303762756378031,0.1825751740771518,0.028234406873052637,0.03195358576517357
20261231,1,0.9,32,8,grid,1.0,0.007632145998180043,False,-1,145,0.07806166738585789,True,0.3318593421350478,0.22083494611543664,0.13376788954724944,0.011112134700600924,0.07806166738585789
20261231,1,0.9,32,8,grid,2.0,0.01164993050750713,False,-1,93,0.14308419622947355,True,0.18280392482815225,0.14362655808582983,0.10931539693721344,0.018939321291898233,0.14308419622947355
20261231,1,0.9,32,8,grid,3.0,0.01778279410038923,False,-1,75,0.22143070350312458,True,0.07905297280034619,0.10803996283169985,0.1012800993776346,0.049012455042410884,0.22143070350312458
20261231,1,0.9,32,8,grid,4.0,0.027144176165949066,False,-1,57,0.29068353128413876,True,0.060154432757016346,0.11689769971089675,0.1034593975000204,0.09534182271482589,0.29068353128413876
20261231,1,0.9,32,8,grid,5.0,0.04143366309976846,False,-1,43,0.34288934461669196,True,0.1311046867097776,0.17156868856123947,0.09991483963080312,0.1428306343165264,0.34288934461669196
20261231,1,0.9,32,8,grid,6.0,0.0632455532033676,False,-1,7,0.4388798500195552,True,0.25516088018992567,0.27714294961008995,0.06636017829639938,0.16538467927522893,0.4388798500195552
20261231,1,0.9,32,8,grid,7.0,0.096539859156753,False,-1,5,0.6483396504684508,True,0.437535372609551,0.44351430554832894,0.030860094101489422,0.15432239766155104,0.6483396504684508
20261231,1,0.9,32,8,grid,8.0,0.1473612599456155,False,-1,5,0.9090336262798064,True,0.8004301392366775,0.7130300027726163,0.1859475758264366,0.20278720123485908,0.9090336262798064
20261231,1,0.9,32,8,grid,9.0,0.2249365300761397,False,-1,4,1.0692340821036859,True,1.5236861413653384,1.2932542556504532,0.859569568161706,0.8886600371686733,1.0692340821036859
20261231,1,0.9,32,8,grid,10.0,0.3433496875730229,False,-1,3,13.643809900149423,True,5.100085935302043,3.0181753240149245,2.114932322567155,3.355083069333702,13.643809900149423
20261231,1,0.9,32,8,grid,11.0,0.524098988797363,False,-1,3,16.762754412704748,True,3176.7898697103938,165.25924128050875,487.40673642920143,60.99846722061854,16.762754412704748
20261231,1,0.9,32,8,grid,12.0,0.8,True,684,12,1000000000000.0,True,23747.768209598053,117517745.46711075,1000000000000.0,1000000000000.0,1000000000000.0
20261231,1,0.9,32,32,joint_aware,,0.061344496040986844,False,-1,8,0.4651269023512005,True,0.31679199310248696,0.3899292265309101,0.1199867219148092,0.20250327607512408,0.4651269023512005
20261231,1,0.9,32,32,correlation_blind,,0.2890855861645199,False,-1,4,11.857248895125876,True,4.258036351312273,44.03114528044611,5.583940145440877,4.258772731994881,11.857248895125876
20261231,1,0.9,32,32,delay_blind,,0.0681741968826708,False,-1,6,0.5303792672150464,True,0.35740735784485134,0.47463415042350066,0.11097742849855653,0.20501886024628155,0.5303792672150464
20261231,1,0.9,32,32,mean_only,,0.5345835420861842,True,2505,-1,1000000000000.0,True,1294.8626268859634,1083.2477849779496,268835.08745048614,58478233.115199015,1000000000000.0
20261231,1,0.9,32,32,worstcase_correlation,,0.056406811991134544,False,-1,8,0.4253668886766517,True,0.2849479937460151,0.33724152331532986,0.1261600033328117,0.19832353450825815,0.4253668886766517
20261231,1,0.9,32,32,grid,0.0,0.005,False,-1,218,0.03162599041127461,True,0.48221113594573983,0.32604615750007415,0.18192093043790764,0.028302849667940014,0.03162599041127461
20261231,1,0.9,32,32,grid,1.0,0.007632145998180043,False,-1,145,0.07758962451521047,True,0.3240333150177997,0.21655007986585917,0.13536297227602057,0.012116711489093681,0.07758962451521047
20261231,1,0.9,32,32,grid,2.0,0.01164993050750713,False,-1,93,0.1431708086387741,True,0.17273337647298487,0.14076619715256716,0.11433031579258832,0.021646526617632698,0.1431708086387741
20261231,1,0.9,32,32,grid,3.0,0.01778279410038923,False,-1,75,0.22333924425854085,True,0.0713638800235469,0.10891750351445245,0.11197813460160749,0.055225191363098704,0.22333924425854085
20261231,1,0.9,32,32,grid,4.0,0.027144176165949066,False,-1,58,0.29259811313914447,True,0.0676252423869822,0.12771300549623774,0.12396417361819105,0.1089935087564821,0.29259811313914447
20261231,1,0.9,32,32,grid,5.0,0.04143366309976846,False,-1,52,0.34365024096293056,True,0.17202882086949087,0.21054622419454433,0.13521419861995734,0.1687293207560704,0.34365024096293056
20261231,1,0.9,32,32,grid,6.0,0.0632455532033676,False,-1,7,0.4821300087351315,True,0.32843314316266325,0.41204360661727163,0.1174545935356234,0.20355133805506087,0.4821300087351315
20261231,1,0.9,32,32,grid,7.0,0.096539859156753,False,-1,5,0.9094244052852003,True,0.5291324717025336,0.9978839386005909,0.12785105695801652,0.18696455908898638,0.9094244052852003
20261231,1,0.9,32,32,grid,8.0,0.1473612599456155,False,-1,5,2.229244964176892,True,1.0901117971240524,2.2168978436785545,1.123383726879149,0.08797905192219113,2.229244964176892
20261231,1,0.9,32,32,grid,9.0,0.2249365300761397,False,-1,4,10.520883934927241,True,1.7356288195149,5.423992518976538,7.3187117437700895,0.5077717611832866,10.520883934927241
20261231,1,0.9,32,32,grid,10.0,0.3433496875730229,False,-1,3,15793.525259148422,True,7.54134985301259,301.75927060253065,29.921527555855718,69.2508537307638,15793.525259148422
20261231,1,0.9,32,32,grid,11.0,0.524098988797363,True,2515,-1,1000000000000.0,True,821.6827337599962,714.0084638857059,298620.51364323497,173887730.6402073,1000000000000.0
20261231,1,0.9,32,32,grid,12.0,0.8,True,835,-1,1000000000000.0,True,621016.5070812318,274755498.7482945,1000000000000.0,1000000000000.0,1000000000000.0
20261232,2,0.0,16,8,joint_aware,,0.4363488632302189,False,-1,3,1.162779028328735,True,0.19208734979380024,0.034841952390031856,0.06877531911190735,0.03642264872528006,1.162779028328735
20261232,2,0.0,16,8,correlation_blind,,0.4363488632302189,False,-1,3,1.162779028328735,True,0.19208734979380024,0.034841952390031856,0.06877531911190735,0.03642264872528006,1.162779028328735
20261232,2,0.0,16,8,delay_blind,,0.4373927810905379,False,-1,3,1.1665781585045545,True,0.1929571817128258,0.03495091638469364,0.06878475237755405,0.03648562955998527,1.1665781585045545
20261232,2,0.0,16,8,mean_only,,4.115057114511728,True,84,-1,1000000000000.0,True,1000000000000.0,1000000000000.0,1000000000000.0,1000000000000.0,1000000000000.0
20261232,2,0.0,16,8,worstcase_correlation,,0.062108907189348216,False,-1,23,0.03504554636737356,True,0.018793152120559226,0.009395775792671212,0.04958431587989924,0.04100822564476776,0.03504554636737356
20261232,2,0.0,16,8,grid,0.0,0.005,False,-1,263,0.0037280594276964964,True,0.5145387242727305,0.28585989316394167,0.09958633143516309,0.037968736036024575,0.0037280594276964964
20261232,2,0.0,16,8,grid,1.0,0.007632145998180043,False,-1,172,0.001436554744595329,True,0.3657282297377808,0.15806096208040082,0.030224833624694258,0.015542335622589791,0.001436554744595329
20261232,2,0.0,16,8,grid,2.0,0.01164993050750713,False,-1,116,0.0031782129064785608,True,0.21713025659333654,0.06734255937364642,0.0028184413739635364,0.008328052534917946,0.0031782129064785608
20261232,2,0.0,16,8,grid,3.0,0.01778279410038923,False,-1,69,0.007234228291667673,True,0.094969063962359,0.020112707897764145,0.006187723519573457,0.010732528869028077,0.007234228291667673
20261232,2,0.0,16,8,grid,4.0,0.027144176165949066,False,-1,49,0.013910609577092678,True,0.02198160332023335,0.005647133749769779,0.023154063369025323,0.020366824063111556,0.013910609577092678
20261232,2,0.0,16,8,grid,5.0,0.04143366309976846,False,-1,33,0.022785985800624433,True,0.0032006518406943775,0.00657649014728472,0.03881063149544753,0.0328296658858735,0.022785985800624433
20261232,2,0.0,16,8,grid,6.0,0.0632455532033676,False,-1,23,0.035826180774832544,True,0.019814778437751458,0.009451040498296587,0.050022847141455766,0.04120409213416933,0.035826180774832544
20261232,2,0.0,16,8,grid,7.0,0.096539859156753,False,-1,16,0.0692470278216615,True,0.041515313558239,0.008966520972035366,0.06017949775543171,0.04107834398838511,0.0692470278216615
20261232,2,0.0,16,8,grid,8.0,0.1473612599456155,False,-1,11,0.1677817324712651,True,0.05244454131968134,0.008598974225816102,0.06952503502193837,0.03532892435898476,0.1677817324712651
20261232,2,0.0,16,8,grid,9.0,0.2249365300761397,False,-1,9,0.39999733500318807,True,0.06769410625353534,0.013261068331521084,0.0737284805778645,0.03077367556797439,0.39999733500318807
20261232,2,0.0,16,8,grid,10.0,0.3433496875730229,False,-1,4,0.8222394603507599,True,0.1236848827609671,0.025063546067958176,0.07007786323070665,0.031958784365684674,0.8222394603507599
20261232,2,0.0,16,8,grid,11.0,0.524098988797363,False,-1,3,1.4773598020685803,True,0.2719215725065923,0.04399463914260478,0.07132491828999536,0.04283331294022855,1.4773598020685803
20261232,2,0.0,16,8,grid,12.0,0.8,False,-1,2,2.347183452143106,True,0.578165845480158,0.07653297902205725,0.08206631287049013,0.09123672576461317,2.347183452143106
20261232,2,0.0,16,32,joint_aware,,0.3543562147008278,False,-1,3,0.9336415227236666,True,0.20695920899776,0.11130800193967066,0.07037716440532496,0.0369998981206279,0.9336415227236666
20261232,2,0.0,16,32,correlation_blind,,0.3543562147008278,False,-1,3,0.9336415227236666,True,0.20695920899776,0.11130800193967066,0.07037716440532496,0.0369998981206279,0.9336415227236666
20261232,2,0.0,16,32,delay_blind,,0.4373927810905379,False,-1,3,1.224225412296007,True,0.3898419441617805,0.1615760322736079,0.058112685126561696,0.03635382208405328,1.224225412296007
20261232,2,0.0,16,32,mean_only,,1.2931845703348515,True,2386,1,1000000000000.0,True,95.91181648445277,2176.6254841020123,404467.8373268167,1229603607.427437,1000000000000.0
20261232,2,0.0,16,32,worstcase_correlation,,0.06012858486571272,False,-1,23,0.035806266093089095,True,0.018962641759830527,0.010247117990775066,0.050494823793661395,0.04306455049058933,0.035806266093089095
20261232,2,0.0,16,32,grid,0.0,0.005,False,-1,262,0.00369298651069572,True,0.512762088262437,0.28429317407567684,0.09870426037376119,0.03771683598320041,0.00369298651069572
20261232,2,0.0,16,32,grid,1.0,0.007632145998180043,False,-1,171,0.0014371581632018733,True,0.36299287970552696,0.15641773595133007,0.029594623524002005,0.01539584657923197,0.0014371581632018733
20261232,2,0.0,16,32,grid,2.0,0.01164993050750713,False,-1,114,0.0032174450773252592,True,0.2136483977799405,0.06613406558502156,0.0026134968248972923,0.008294823925945875,0.0032174450773252592
20261232,2,0.0,16,32,grid,3.0,0.01778279410038923,False,-1,68,0.00737323282235927,True,0.09162419496638237,0.01970643215098881,0.0064972605674466465,0.010948664074261618,0.00737323282235927
20261232,2,0.0,16,32,grid,4.0,0.027144176165949066,False,-1,48,0.014345006109279876,True,0.020132771970004164,0.005985821047793079,0.023941071265462365,0.021137085912209544,0.014345006109279876
20261232,2,0.0,16,32,grid,5.0,0.04143366309976846,False,-1,32,0.02382565124150802,True,0.003768828269258376,0.0073932395769720355,0.03999124574383115,0.03447707258139687,0.02382565124150802
20261232,2,0.0,16,32,grid,6.0,0.0632455532033676,False,-1,23,0.038132254476683045,True,0.021823698627718404,0.010423963638621657,0.05181257336468369,0.04373277114659115,0.038132254476683045
20261232,2,0.0,16,32,grid,7.0,0.096539859156753,False,-1,16,0.07602169128496974,True,0.04227306663384043,0.01030203924725378,0.06294281306380503,0.04394410501564221,0.07602169128496974
20261232,2,0.0,16,32,grid,8.0,0.1473612599456155,False,-1,11,0.19298511630846515,True,0.05309777938571136,0.01338946391870933,0.07391383984113208,0.039384826459736,0.19298511630846515
20261232,2,0.0,16,32,grid,9.0,0.2249365300761397,False,-1,9,0.462208530921378,True,0.08168356362683903,0.034862040470790855,0.07972252334249426,0.03883144392352483,0.462208530921378
20261232,2,0.0,16,32,grid,10.0,0.3433496875730229,False,-1,4,0.894494421746618,True,0.19015386511757584,0.10385299458239289,0.07174878628133914,0.03734987626484222,0.894494421746618
20261232,2,0.0,16,32,grid,11.0,0.524098988797363,False,-1,3,1.5220272230541974,True,0.6565059039472971,0.18993988425395728,0.0574262585394878,0.044526590332262514,1.5220272230541974
20261232,2,0.0,16,32,grid,12.0,0.8,False,-1,2,2.429544392329448,True,2.0470817731904734,0.2622058344484862,0.41720402223654945,0.19877901126472308,2.429544392329448
20261232,2,0.0,32,8,joint_aware,,0.48450346515727244,False,-1,4,0.7171123231541531,True,0.1288013128458208,0.014123000459297185,0.14994126085893705,0.015217920671473123,0.7171123231541531
20261232,2,0.0,32,8,correlation_blind,,0.48450346515727244,False,-1,4,0.7171123231541531,True,0.1288013128458208,0.014123000459297185,0.14994126085893705,0.015217920671473123,0.7171123231541531
20261232,2,0.0,32,8,delay_blind,,0.5476125865680102,False,-1,4,0.8421845076806411,True,0.15257979684264822,0.01602610690932164,0.21127116229290846,0.019896433237552438,0.8421845076806411
20261232,2,0.0,32,8,mean_only,,2.1034893587976695,True,1435,8,1000000000000.0,True,42.296426527628796,1076.6935051593514,3155159536.896606,1000000000000.0,1000000000000.0
20261232,2,0.0,32,8,worstcase_correlation,,0.061225211651951904,False,-1,22,0.023082843526918046,True,0.003605036075077236,0.0074314681294947995,0.015575187840604108,0.033872931225973374,0.023082843526918046
20261232,2,0.0,32,8,grid,0.0,0.005,False,-1,286,0.0029897878479682827,True,0.5428990433913942,0.30711473893177316,0.11070147724430916,0.03799452887362793,0.0029897878479682827
20261232,2,0.0,32,8,grid,1.0,0.007632145998180043,False,-1,195,0.0006299478141258111,True,0.4027188401321608,0.17993328967179242,0.03990788728209845,0.014769362791313268,0.0006299478141258111
20261232,2,0.0,32,8,grid,2.0,0.01164993050750713,False,-1,120,0.001547381507102822,True,0.26039842854739276,0.08552470348048127,0.006867892241519843,0.007409128353632365,0.001547381507102822
20261232,2,0.0,32,8,grid,3.0,0.01778279410038923,False,-1,74,0.0034536651775762257,True,0.1369471677706726,0.030912684296971252,0.0003452736454545066,0.008642469241878621,0.0034536651775762257
20261232,2,0.0,32,8,grid,4.0,0.027144176165949066,False,-1,48,0.00698312878778833,True,0.05056811334172568,0.008758139834679237,0.0057595063898923295,0.0151105043644179,0.00698312878778833
20261232,2,0.0,32,8,grid,5.0,0.04143366309976846,False,-1,32,0.01318688514752165,True,0.008683702067384707,0.005004509104744431,0.01182065011354326,0.024922479006779033,0.01318688514752165
20261232,2,0.0,32,8,grid,6.0,0.0632455532033676,False,-1,21,0.024226542042578382,True,0.0041954441916853494,0.00768040566881562,0.015872742705994175,0.0344980484644628,0.024226542042578382
20261232,2,0.0,32,8,grid,7.0,0.096539859156753,False,-1,15,0.047907570698937224,True,0.01811233298483513,0.010549583214917883,0.02054399010551009,0.03945284543580576,0.047907570698937224
20261232,2,0.0,32,8,grid,8.0,0.1473612599456155,False,-1,11,0.10209558261475725,True,0.032098164365787316,0.012329951688933433,0.026463112106408008,0.03697512905826907,0.10209558261475725
20261232,2,0.0,32,8,grid,9.0,0.2249365300761397,False,-1,8,0.21773435376173061,True,0.04433837733089984,0.011614923931786026,0.03242303991094611,0.02754817367104921,0.21773435376173061
20261232,2,0.0,32,8,grid,10.0,0.3433496875730229,False,-1,5,0.4358387035229899,True,0.07463092069490669,0.01092031432927516,0.05891635642709221,0.01727204068668503,0.4358387035229899
20261232,2,0.0,32,8,grid,11.0,0.524098988797363,False,-1,4,0.7959140549223171,True,0.1440525784692501,0.015302767076343933,0.18711545040568878,0.017528566994782776,0.7959140549223171
20261232,2,0.0,32,8,grid,12.0,0.8,False,-1,4,1.2834784011640281,True,0.21057642077914626,0.02977589730472034,0.5119856251045223,0.10707737012626403,1.2834784011640281
20261232,2,0.0,32,32,joint_aware,,0.2890855861645199,False,-1,7,0.4329490568059917,True,0.3610230391955668,0.04679733300057549,0.033870297271789765,0.040764979967775505,0.4329490568059917
20261232,2,0.0,32,32,correlation_blind,,0.2890855861645199,False,-1,7,0.4329490568059917,True,0.3610230391955668,0.04679733300057549,0.033870297271789765,0.040764979967775505,0.4329490568059917
20261232,2,0.0,32,32,delay_blind,,0.5476125865680102,False,-1,4,62351.347557716035,True,1.2508167278234679,1.171191918228076,6.259211821698483,75.89757263581211,62351.347557716035
20261232,2,0.0,32,32,mean_only,,0.5345835420861842,False,-1,4,68.57359213292425,True,1.0858479907019816,1.0025177141381898,5.074378602853682,57.36819132724629,68.57359213292425
20261232,2,0.0,32,32,worstcase_correlation,,0.056406811991134544,False,-1,22,0.02306016072615588,True,0.003989743930017426,0.008848252266046621,0.01700031247341459,0.03807621395692217,0.02306016072615588
20261232,2,0.0,32,32,grid,0.0,0.005,False,-1,283,0.002923928988207286,True,0.5385169630531157,0.303109194658115,0.10853065296173325,0.037398925415640535,0.002923928988207286
20261232,2,0.0,32,32,grid,1.0,0.007632145998180043,False,-1,193,0.0006488393193396186,True,0.39595095901811944,0.1756296184468474,0.03835480298729582,0.01445486049302188,0.0006488393193396186
20261232,2,0.0,32,32,grid,2.0,0.01164993050750713,False,-1,117,0.0016188086325601466,True,0.25159722077830393,0.08208126440701881,0.006197044965399581,0.00740929058541779,0.0016188086325601466
20261232,2,0.0,32,32,grid,3.0,0.01778279410038923,False,-1,70,0.003662593549075615,True,0.12767634570911554,0.029158579383854417,0.0005047723876324588,0.009181411696476167,0.003662593549075615
20261232,2,0.0,32,32,grid,4.0,0.027144176165949066,False,-1,45,0.007690537227248944,True,0.04313751341858395,0.008612437605112528,0.006550288101677903,0.0167844998548325,0.007690537227248944
20261232,2,0.0,32,32,grid,5.0,0.04143366309976846,False,-1,30,0.014841365171151479,True,0.005595039179816107,0.006078883741716039,0.013178773322203557,0.028724130008982728,0.014841365171151479
20261232,2,0.0,32,32,grid,6.0,0.0632455532033676,False,-1,20,0.027223118223838428,True,0.007243245897590526,0.010180791043920471,0.018544532251374188,0.04119182382692011,0.027223118223838428
20261232,2,0.0,32,32,grid,7.0,0.096539859156753,False,-1,14,0.05177742512341957,True,0.028136151071492938,0.0172839411890651,0.026437180084859974,0.04931993965456649,0.05177742512341957
20261232,2,0.0,32,32,grid,8.0,0.1473612599456155,False,-1,10,0.10286854370535196,True,0.06917590534526746,0.03256585581243677,0.03602515416006885,0.05462655351764563,0.10286854370535196
20261232,2,0.0,32,32,grid,9.0,0.2249365300761397,False,-1,8,0.24552105093762835,True,0.1922487603596823,0.04248861488835075,0.04768697107969694,0.04942192015745771,0.24552105093762835
20261232,2,0.0,32,32,grid,10.0,0.3433496875730229,False,-1,5,0.6131359711379619,True,0.47358262482711183,0.028050975129651212,0.08139403283528727,0.0672934255743797,0.6131359711379619
20261232,2,0.0,32,32,grid,11.0,0.524098988797363,False,-1,4,37.46432972980176,True,1.018565184123242,0.8376574344577787,3.8033059241317244,12.65160570421017,37.46432972980176
20261232,2,0.0,32,32,grid,12.0,0.8,True,1817,5,1000000000000.0,True,36.269537240995504,1326.0512429839116,1061911.0749942702,1000000000000.0,1000000000000.0
20261232,2,0.9,16,8,joint_aware,,0.06793567174124356,False,-1,23,0.5903198903775051,True,0.6324593496990724,0.6991655226964895,0.39955543027557283,0.5500172950373681,0.5903198903775051
20261232,2,0.9,16,8,correlation_blind,,0.4363488632302189,False,-1,9,6.211880383482198,True,0.9767744324213845,1.8734776949823717,19.08492551567865,1.5776090652462202,6.211880383482198
20261232,2,0.9,16,8,delay_blind,,0.0679609250345928,False,-1,23,0.590702850292055,True,0.6327560925862702,0.6994599578468732,0.3998146761198407,0.5501116601148901,0.590702850292055
20261232,2,0.9,16,8,mean_only,,4.115057114511728,True,32,-1,1000000000000.0,True,1000000000000.0,1000000000000.0,1000000000000.0,1000000000000.0,1000000000000.0
20261232,2,0.9,16,8,worstcase_correlation,,0.062108907189348216,False,-1,23,0.5042428436237567,True,0.5630383268005005,0.6299546396924397,0.34300777662272397,0.5284248204865738,0.5042428436237567
20261232,2,0.9,16,8,grid,0.0,0.005,False,-1,227,0.03840554299911854,True,0.44675014422663645,0.22919755101180567,0.06481620468841318,0.07821172162338927,0.03840554299911854
20261232,2,0.9,16,8,grid,1.0,0.007632145998180043,False,-1,153,0.035909496948252885,True,0.2957368949197604,0.1000907242671607,0.013078359565983627,0.09735187012473716,0.035909496948252885
20261232,2,0.9,16,8,grid,2.0,0.01164993050750713,False,-1,129,0.04081852047191599,True,0.16764199992345052,0.03175941230429445,0.01700440818302324,0.15099167473974814,0.04081852047191599
20261232,2,0.9,16,8,grid,3.0,0.01778279410038923,False,-1,79,0.05867923527283479,True,0.10535152990370066,0.047995475562363325,0.06327392841056036,0.24214919359236733,0.05867923527283479
20261232,2,0.9,16,8,grid,4.0,0.027144176165949066,False,-1,54,0.11075930166347471,True,0.1465279939116534,0.1586291236147521,0.12494201713459181,0.35289775152760255,0.11075930166347471
20261232,2,0.9,16,8,grid,5.0,0.04143366309976846,False,-1,43,0.24102080809970183,True,0.3062253949394813,0.36105976769404174,0.19616612396845076,0.4467264838899986,0.24102080809970183
20261232,2,0.9,16,8,grid,6.0,0.0632455532033676,False,-1,23,0.5206691200776006,True,0.5767261814069623,0.6436600402573944,0.35351780002518224,0.5326158717887597,0.5206691200776006
20261232,2,0.9,16,8,grid,7.0,0.096539859156753,False,-1,16,1.069357398715308,True,0.9448425408124338,1.005211189346843,0.7547726727653407,0.6659250683818452,1.069357398715308
20261232,2,0.9,16,8,grid,8.0,0.1473612599456155,False,-1,14,2.006131457785635,True,1.3860403508813022,1.4113395475719832,1.4906584933099363,0.9464459298425842,2.006131457785635
20261232,2,0.9,16,8,grid,9.0,0.2249365300761397,False,-1,11,3.1301924771145515,True,1.605945961269597,1.6732002314655712,2.7876522421866317,1.5541816145239273,3.1301924771145515
20261232,2,0.9,16,8,grid,10.0,0.3433496875730229,False,-1,9,4.078560189526069,True,0.5914704718256857,1.4152764347456797,8.495591391795339,1.9840355946423407,4.078560189526069
20261232,2,0.9,16,8,grid,11.0,0.524098988797363,False,-1,9,37.327529109176744,True,2.6296210602473007,5.904445668146611,35.32124450961124,1.859280280171076,37.327529109176744
20261232,2,0.9,16,8,grid,12.0,0.8,True,402,9,1000000000000.0,True,178210.37868711533,1000000000000.0,1000000000000.0,1000000000000.0,1000000000000.0
20261232,2,0.9,16,32,joint_aware,,0.06557341714513457,False,-1,23,0.6270409849429608,True,0.721156953923772,0.7424336068873801,0.4307745043331169,0.5511136691482276,0.6270409849429608
20261232,2,0.9,16,32,correlation_blind,,0.3543562147008278,False,-1,10,10.792603593609414,True,51.37968871032579,31.104223853016265,4.080268955865903,160.34598897571198,10.792603593609414
20261232,2,0.9,16,32,delay_blind,,0.0679609250345928,False,-1,23,0.6721198599789125,True,0.7577305318514558,0.7762986791436238,0.4639095468467485,0.56237919362279,0.6721198599789125
20261232,2,0.9,16,32,mean_only,,1.2931845703348515,True,194,8,1000000000000.0,True,1000000000000.0,1000000000000.0,1000000000000.0,1000000000000.0,1000000000000.0
20261232,2,0.9,16,32,worstcase_correlation,,0.06012858486571272,False,-1,23,0.5298384371392775,True,0.6365307246253983,0.664639500316873,0.362620746864393,0.5256821208590159,0.5298384371392775
20261232,2,0.9,16,32,grid,0.0,0.005,False,-1,227,0.03785182732413481,True,0.44260490828266214,0.2252363015529928,0.0627809646221289,0.07743470263329746,0.03785182732413481
20261232,2,0.9,16,32,grid,1.0,0.007632145998180043,False,-1,153,0.03536135752261808,True,0.2892202636132881,0.09522230183232357,0.012049739324854742,0.09675091112000711,0.03536135752261808
20261232,2,0.9,16,32,grid,2.0,0.01164993050750713,False,-1,128,0.040074854582800065,True,0.1595316484019132,0.027576742111106882,0.018043286590779133,0.15050704420478972,0.040074854582800065
20261232,2,0.9,16,32,grid,3.0,0.01778279410038923,False,-1,78,0.05777781778199695,True,0.09965834942964864,0.04736325144215245,0.06666599101069777,0.24156797932523688,0.05777781778199695
20261232,2,0.9,16,32,grid,4.0,0.027144176165949066,False,-1,49,0.11187403398678009,True,0.15297444396086313,0.16646634015232548,0.12910578385988886,0.34984562088200916,0.11187403398678009
20261232,2,0.9,16,32,grid,5.0,0.04143366309976846,False,-1,43,0.25461045864965337,True,0.3446025179188088,0.38698050901555614,0.20318490169504536,0.44055788390786,0.25461045864965337
20261232,2,0.9,16,32,grid,6.0,0.0632455532033676,False,-1,23,0.5845372427458527,True,0.6851535043966591,0.7092833506444991,0.4003691731078798,0.5401846759456188,0.5845372427458527
20261232,2,0.9,16,32,grid,7.0,0.096539859156753,False,-1,16,1.335223341071027,True,1.1427074225712455,1.1800245072092974,0.991054326981253,0.6867690808366418,1.335223341071027
20261232,2,0.9,16,32,grid,8.0,0.1473612599456155,False,-1,14,3.0825907590578074,True,1.4072672124012098,1.9411015163933207,2.0266982051538287,0.8077449689347675,3.0825907590578074
20261232,2,0.9,16,32,grid,9.0,0.2249365300761397,False,-1,11,6.561603275783558,True,0.9017261920090496,3.2958782101978366,2.6645340785308393,1.7760765170726527,6.561603275783558
20261232,2,0.9,16,32,grid,10.0,0.3433496875730229,False,-1,10,10.599348100355982,True,39.10958743902023,18.180135262229612,3.986451636940776,82.74505625912951,10.599348100355982
20261232,2,0.9,16,32,grid,11.0,0.524098988797363,False,-1,9,482998.69999491924,True,104.23876853253356,6045.967509000998,94.32015840086429,27074332.33318778,482998.69999491924
20261232,2,0.9,16,32,grid,12.0,0.8,True,589,8,1000000000000.0,True,15500.33177662165,53632764704.052315,1000000000000.0,1000000000000.0,1000000000000.0
20261232,2,0.9,32,8,joint_aware,,0.06708632967038644,False,-1,23,0.5840064845757511,True,0.6824516590691478,0.6635592779203799,0.37264493066953214,0.5575406309475515,0.5840064845757511
20261232,2,0.9,32,8,correlation_blind,,0.48450346515727244,False,-1,9,44.453355246786316,True,21.02447010267391,3200.328433349984,29.65962585008372,20.448173141650763,44.453355246786316
20261232,2,0.9,32,8,delay_blind,,0.0681741968826708,False,-1,23,0.6018589949426494,True,0.697053433196583,0.6756920699656314,0.3846397857212556,0.5624806962804951,0.6018589949426494
20261232,2,0.9,32,8,mean_only,,2.1034893587976695,True,83,-1,1000000000000.0,True,1000000000000.0,1000000000000.0,1000000000000.0,1000000000000.0,1000000000000.0
20261232,2,0.9,32,8,worstcase_correlation,,0.061225211651951904,False,-1,23,0.49230179776753796,True,0.6024638704170241,0.596743292106695,0.31319448634125296,0.5312564413033039,0.49230179776753796
20261232,2,0.9,32,8,grid,0.0,0.005,False,-1,227,0.034567447212195866,True,0.4455214682278324,0.22426460425706166,0.06335774157208923,0.07118492357481063,0.034567447212195866
20261232,2,0.9,32,8,grid,1.0,0.007632145998180043,False,-1,153,0.03220369028746768,True,0.2929780209758715,0.09553901185421479,0.01220140455522088,0.08882643573257805,0.03220369028746768
20261232,2,0.9,32,8,grid,2.0,0.01164993050750713,False,-1,128,0.037415767667221246,True,0.16324635577367405,0.028860609869012004,0.015637736443268116,0.14056076166996548,0.037415767667221246
20261232,2,0.9,32,8,grid,3.0,0.01778279410038923,False,-1,78,0.05557575337020208,True,0.1010291505044821,0.046286511988035774,0.05924232469350139,0.23066105054991198,0.05557575337020208
20261232,2,0.9,32,8,grid,4.0,0.027144176165949066,False,-1,53,0.10734317352906204,True,0.14774437102407048,0.15451249114751506,0.11484617045970102,0.342592051189535,0.10734317352906204
20261232,2,0.9,32,8,grid,5.0,0.04143366309976846,False,-1,43,0.23645086801201445,True,0.3243602106915808,0.3496841409086859,0.1763838620752288,0.44067569349853086,0.23645086801201445
20261232,2,0.9,32,8,grid,6.0,0.0632455532033676,False,-1,23,0.523067496228377,True,0.6302705743830119,0.6200606845913017,0.33268725006071825,0.5402599529700345,0.523067496228377
20261232,2,0.9,32,8,grid,7.0,0.096539859156753,False,-1,16,1.1627577038169516,True,1.0417966912797596,0.9673969840762552,0.7812701907287687,0.7003636772441707,1.1627577038169516
20261232,2,0.9,32,8,grid,8.0,0.1473612599456155,False,-1,14,2.5392145418636463,True,1.456687736218952,1.3798144865608388,1.530076861021714,1.0502999578962933,2.5392145418636463
20261232,2,0.9,32,8,grid,9.0,0.2249365300761397,False,-1,12,4.648086695804533,True,1.6855511175245455,1.7750348093384518,1.9515063963828219,2.7749412167178042,4.648086695804533
20261232,2,0.9,32,8,grid,10.0,0.3433496875730229,False,-1,10,5.831951862139552,True,7.1132492668261875,9.417525563019428,3.8996080885580553,12.226507653636297,5.831951862139552
20261232,2,0.9,32,8,grid,11.0,0.524098988797363,False,-1,8,318.66291848154253,True,24.230118906785666,14755.473161477645,90.05192993340592,32.60607975021993,318.66291848154253
20261232,2,0.9,32,8,grid,12.0,0.8,True,521,8,1000000000000.0,True,869530.6854787747,132585891292.87256,1000000000000.0,1000000000000.0,1000000000000.0
20261232,2,0.9,32,32,joint_aware,,0.061344496040986844,False,-1,23,0.69058966711753,True,0.901252246609896,0.7591294094150876,0.2971049704283598,0.5786964028952613,0.69058966711753
20261232,2,0.9,32,32,correlation_blind,,0.2890855861645199,False,-1,11,24.630836055585725,True,32.570686515779464,32.68257739577903,20.143615523560275,103.92236535635783,24.630836055585725
20261232,2,0.9,32,32,delay_blind,,0.0681741968826708,False,-1,23,0.8672783754430473,True,1.1070703976736234,0.8776906848287511,0.3722467923279158,0.6434090908625796,0.8672783754430473
20261232,2,0.9,32,32,mean_only,,0.5345835420861842,True,1626,28,1000000000000.0,True,636.4618932127021,35872.790580813664,40412190.81712204,1000000000000.0,1000000000000.0
20261232,2,0.9,32,32,worstcase_correlation,,0.056406811991134544,False,-1,23,0.5763834776315762,True,0.7653981681455808,0.6750587170332614,0.2531493478820457,0.538861470367558,0.5763834776315762
20261232,2,0.9,32,32,grid,0.0,0.005,False,-1,226,0.03457262578477674,True,0.4381783826513691,0.21794843199953667,0.06097753513705125,0.07067302187073472,0.03457262578477674
20261232,2,0.9,32,32,grid,1.0,0.007632145998180043,False,-1,150,0.03274530051694384,True,0.28170425454977477,0.08843202982014217,0.011282243984480455,0.0890046220412399,0.03274530051694384
20261232,2,0.9,32,32,grid,2.0,0.01164993050750713,False,-1,126,0.03889279775702906,True,0.14989139817328434,0.02443406043863661,0.017196985401690207,0.1423590028499955,0.03889279775702906
20261232,2,0.9,32,32,grid,3.0,0.01778279410038923,False,-1,77,0.05993090301764749,True,0.0934049297251389,0.05113308159239776,0.06326538239680914,0.23602954539988796,0.05993090301764749
20261232,2,0.9,32,32,grid,4.0,0.027144176165949066,False,-1,49,0.12335705877358848,True,0.16473281915636884,0.18116525313908702,0.11676441125808068,0.3490912178999672,0.12335705877358848
20261232,2,0.9,32,32,grid,5.0,0.04143366309976846,False,-1,31,0.2971614237876397,True,0.41350424698688876,0.4218616859662985,0.16660002805743207,0.44491319047224215,0.2971614237876397
20261232,2,0.9,32,32,grid,6.0,0.0632455532033676,False,-1,23,0.7375714501631347,True,0.9564141528832757,0.7918091324772337,0.3163320549695758,0.5955484824403476,0.7375714501631347
20261232,2,0.9,32,32,grid,7.0,0.096539859156753,False,-1,16,1.831722221658034,True,2.1734654518974588,1.4323206542238467,0.8436734842143422,1.022871281519842,1.831722221658034
20261232,2,0.9,32,32,grid,8.0,0.1473612599456155,False,-1,14,4.359235919100537,True,4.323214989458211,3.0689965891548843,1.6720420140918264,0.9209833288206697,4.359235919100537
20261232,2,0.9,32,32,grid,9.0,0.2249365300761397,False,-1,12,12.375424120185443,True,11.739805902914895,9.062037175332588,4.324653503981712,1.93250786185899,12.375424120185443
20261232,2,0.9,32,32,grid,10.0,0.3433496875730229,False,-1,15,11436.103642916092,True,49.838940484054085,40.33205233997761,1603.9512063216628,38516.70073064986,11436.103642916092
20261232,2,0.9,32,32,grid,11.0,0.524098988797363,True,1626,28,1000000000000.0,True,482.7701846781488,17556.166717067223,156785527.39647058,1000000000000.0,1000000000000.0
20261232,2,0.9,32,32,grid,12.0,0.8,True,691,-1,1000000000000.0,True,25929.110860013694,10017704679.046316,1000000000000.0,1000000000000.0,1000000000000.0
20261233,3,0.0,16,8,joint_aware,,0.4363488632302189,False,-1,3,0.09431352338175981,True,0.017988953869246482,0.2968395038815229,0.07734277703516082,0.09603720980085155,0.09431352338175981
20261233,3,0.0,16,8,correlation_blind,,0.4363488632302189,False,-1,3,0.09431352338175981,True,0.017988953869246482,0.2968395038815229,0.07734277703516082,0.09603720980085155,0.09431352338175981
20261233,3,0.0,16,8,delay_blind,,0.4373927810905379,False,-1,3,0.09469433252897562,True,0.01796425550736971,0.29848759222260657,0.07748671865474413,0.09599417468113745,0.09469433252897562
20261233,3,0.0,16,8,mean_only,,4.115057114511728,True,114,-1,1000000000000.0,True,1000000000000.0,1000000000000.0,1000000000000.0,1000000000000.0,1000000000000.0
20261233,3,0.0,16,8,worstcase_correlation,,0.062108907189348216,False,-1,31,0.008073497903152704,True,0.03066432191068262,0.039549380705884714,0.016651024363392324,0.03437948148326324,0.008073497903152704
20261233,3,0.0,16,8,grid,0.0,0.005,False,-1,284,0.0034807031324522487,True,0.541079955217655,0.33770815720771263,0.16812824266943402,0.056645908110773496,0.0034807031324522487
20261233,3,0.0,16,8,grid,1.0,0.007632145998180043,False,-1,181,0.001357381201433036,True,0.4104953895071261,0.22993297314783243,0.10048938373278574,0.027725216256016115,0.001357381201433036
20261233,3,0.0,16,8,grid,2.0,0.01164993050750713,False,-1,124,0.0025379766911075314,True,0.2847712993035252,0.15224070837252282,0.055609267276305725,0.014010008461391789,0.0025379766911075314
20261233,3,0.0,16,8,grid,3.0,0.01778279410038923,False,-1,91,0.003163194096579026,True,0.18155611275324496,0.10356375501224828,0.027972995714931302,0.010734259666930014,0.003163194096579026
20261233,3,0.0,16,8,grid,4.0,0.027144176165949066,False,-1,55,0.0036405874846712526,True,0.10853526168171104,0.07327382352641054,0.015522670804098887,0.014326957539382325,0.0036405874846712526
20261233,3,0.0,16,8,grid,5.0,0.04143366309976846,False,-1,36,0.005133930537974569,True,0.06040119164604597,0.052724027008992015,0.013435346323288532,0.023079668606548427,0.005133930537974569
20261233,3,0.0,16,8,grid,6.0,0.0632455532033676,False,-1,30,0.008233952125482693,True,0.02967928916384065,0.03907319623766036,0.016881472314923925,0.03491020307656881,0.008233952125482693
20261233,3,0.0,16,8,grid,7.0,0.096539859156753,False,-1,22,0.01223634879056176,True,0.015460756753044034,0.02969553907741455,0.024539719083668653,0.046955774258339675,0.01223634879056176
20261233,3,0.0,16,8,grid,8.0,0.1473612599456155,False,-1,17,0.01668601644987538,True,0.015005803975839708,0.027099352383374208,0.03749142849913204,0.05854735826158504,0.01668601644987538
20261233,3,0.0,16,8,grid,9.0,0.2249365300761397,False,-1,12,0.027671918432785093,True,0.01976746776411053,0.05547825040792221,0.05323233653540742,0.07424475538428801,0.027671918432785093
20261233,3,0.0,16,8,grid,10.0,0.3433496875730229,False,-1,8,0.06111823546799842,True,0.020406657880671364,0.1662413671662526,0.06682742821265597,0.09336524676423667,0.06111823546799842
20261233,3,0.0,16,8,grid,11.0,0.524098988797363,False,-1,3,0.126246764023687,True,0.016423459873012684,0.4477177334261026,0.09207555637011305,0.08726727301513937,0.126246764023687
20261233,3,0.0,16,8,grid,12.0,0.8,False,-1,2,0.2299678794239909,True,0.010671704288307826,1.0514258783120423,0.1612060720605894,0.030508529092221546,0.2299678794239909
20261233,3,0.0,16,32,joint_aware,,0.3543562147008278,False,-1,11,0.12814848241235052,True,0.02633933117728127,0.23265754801767138,0.06660257861244159,0.1742990627073256,0.12814848241235052
20261233,3,0.0,16,32,correlation_blind,,0.3543562147008278,False,-1,11,0.12814848241235052,True,0.02633933117728127,0.23265754801767138,0.06660257861244159,0.1742990627073256,0.12814848241235052
20261233,3,0.0,16,32,delay_blind,,0.4373927810905379,False,-1,3,0.2670743493940851,True,0.019419555225540983,0.33860572672678385,0.06590929068260885,0.28149951753767666,0.2670743493940851
20261233,3,0.0,16,32,mean_only,,1.2931845703348515,True,2125,2,1000000000000.0,True,30.73013700531391,212.70573020001507,451086.94509187574,9880191908.885891,1000000000000.0
20261233,3,0.0,16,32,worstcase_correlation,,0.06012858486571272,False,-1,30,0.008116209900016323,True,0.031070828643792986,0.04131519123794272,0.01759746169311632,0.0350076072667639,0.008116209900016323
20261233,3,0.0,16,32,grid,0.0,0.005,False,-1,283,0.0034356921096882946,True,0.5391046765267433,0.3360604908272982,0.1674222674135056,0.05642234364575155,0.0034356921096882946
20261233,3,0.0,16,32,grid,1.0,0.007632145998180043,False,-1,180,0.0013562609911688325,True,0.40755050576032253,0.2282132876710887,0.0999772924825039,0.0275794436500968,0.0013562609911688325
20261233,3,0.0,16,32,grid,2.0,0.01164993050750713,False,-1,123,0.002535221815482294,True,0.2811417217890643,0.1508188818706265,0.05524486857305056,0.013954057028064232,0.002535221815482294
20261233,3,0.0,16,32,grid,3.0,0.01778279410038923,False,-1,84,0.003136083288811019,True,0.17801044114165476,0.10258777396106945,0.02781872981474192,0.010844167168326087,0.003136083288811019
20261233,3,0.0,16,32,grid,4.0,0.027144176165949066,False,-1,54,0.0036118428662913656,True,0.10578347355047865,0.07262521956817991,0.015801954424479535,0.014750442300745324,0.0036118428662913656
20261233,3,0.0,16,32,grid,5.0,0.04143366309976846,False,-1,35,0.005230841887265431,True,0.05844156124481445,0.05249675800196863,0.014239200431134153,0.024027995807495976,0.005230841887265431
20261233,3,0.0,16,32,grid,6.0,0.0632455532033676,False,-1,28,0.008584117771707481,True,0.028351609657768954,0.040227868102744826,0.01830822014410884,0.03657624231505994,0.008584117771707481
20261233,3,0.0,16,32,grid,7.0,0.096539859156753,False,-1,20,0.012308738035981998,True,0.01564921031185991,0.03522788001630802,0.027096931264860527,0.04919881025449264,0.012308738035981998
20261233,3,0.0,16,32,grid,8.0,0.1473612599456155,False,-1,15,0.014115976783667706,True,0.01772796995801993,0.04665147880724575,0.04219961444480105,0.06176686675937413,0.014115976783667706
20261233,3,0.0,16,32,grid,9.0,0.2249365300761397,False,-1,11,0.024990463510676925,True,0.027349454752806413,0.10249819489751727,0.0583013670668266,0.08715402747064876,0.024990463510676925
20261233,3,0.0,16,32,grid,10.0,0.3433496875730229,False,-1,11,0.11424584205564461,True,0.027518700842173727,0.22096932683304404,0.06631306386861556,0.16332285920214845,0.11424584205564461
20261233,3,0.0,16,32,grid,11.0,0.524098988797363,False,-1,3,0.5302897650861031,True,0.04363705776710699,0.5140338880769997,0.05966890069557948,0.39436975843144373,0.5302897650861031
20261233,3,0.0,16,32,grid,12.0,0.8,False,-1,2,2.4416868693613933,True,0.9701012083457735,1.1732806360409946,0.6372863153650599,0.5552467957651667,2.4416868693613933
20261233,3,0.0,32,8,joint_aware,,0.48450346515727244,False,-1,3,0.10294202336003594,True,0.09415922680117257,0.17686161009747112,0.21326970148482546,0.14871594789898684,0.10294202336003594
20261233,3,0.0,32,8,correlation_blind,,0.48450346515727244,False,-1,3,0.10294202336003594,True,0.09415922680117257,0.17686161009747112,0.21326970148482546,0.14871594789898684,0.10294202336003594
20261233,3,0.0,32,8,delay_blind,,0.5476125865680102,False,-1,3,0.1256529251432993,True,0.12972189961003214,0.23596272167942095,0.29729380602980704,0.15182168007253388,0.1256529251432993
20261233,3,0.0,32,8,mean_only,,2.1034893587976695,True,1452,1,1000000000000.0,True,28.04131228072275,53.60115931581165,4534964.204697385,1000000000000.0,1000000000000.0
20261233,3,0.0,32,8,worstcase_correlation,,0.061225211651951904,False,-1,24,0.006228369014516599,True,0.007522360070074771,0.02237752441048075,0.001562850859416464,0.009685076992440506,0.006228369014516599
20261233,3,0.0,32,8,grid,0.0,0.005,False,-1,277,0.007334782999686371,True,0.5352570213378943,0.32922885762107673,0.15044055940784237,0.04711095861446539,0.007334782999686371
20261233,3,0.0,32,8,grid,1.0,0.007632145998180043,False,-1,175,0.0019285952972073804,True,0.39806181680174546,0.2139723411071157,0.08165756426634017,0.021469251239033982,0.0019285952972073804
20261233,3,0.0,32,8,grid,2.0,0.01164993050750713,False,-1,118,0.0011900182822872558,True,0.2631073156027762,0.12844451410125013,0.03878944174173039,0.009766256595808561,0.0011900182822872558
20261233,3,0.0,32,8,grid,3.0,0.01778279410038923,False,-1,83,0.0017921083887240475,True,0.15043294463423815,0.0745636694474759,0.014674692105277911,0.006153176765296743,0.0017921083887240475
20261233,3,0.0,32,8,grid,4.0,0.027144176165949066,False,-1,54,0.003019765480377649,True,0.07214924232129458,0.04437481058913369,0.004165508441521664,0.006241344326206237,0.003019765480377649
20261233,3,0.0,32,8,grid,5.0,0.04143366309976846,False,-1,33,0.004655002105429761,True,0.026858474133082153,0.028756257156652504,0.001286623184977903,0.007811209186850021,0.004655002105429761
20261233,3,0.0,32,8,grid,6.0,0.0632455532033676,False,-1,23,0.006351794126965251,True,0.006704622668564436,0.022066908780755096,0.0016796697739637379,0.009869082213950244,0.006351794126965251
20261233,3,0.0,32,8,grid,7.0,0.096539859156753,False,-1,17,0.0077944183098168805,True,0.004477227973811604,0.018703749840892358,0.004759581948852206,0.013950532304065937,0.0077944183098168805
20261233,3,0.0,32,8,grid,8.0,0.1473612599456155,False,-1,11,0.009827193010878282,True,0.011905613162314966,0.013747082388240232,0.012013863717569044,0.025542711251155946,0.009827193010878282
20261233,3,0.0,32,8,grid,9.0,0.2249365300761397,False,-1,7,0.01898011401977779,True,0.023583418145841094,0.018236770392607474,0.029882073870951965,0.05324985525810968,0.01898011401977779
20261233,3,0.0,32,8,grid,10.0,0.3433496875730229,False,-1,4,0.05066025691524892,True,0.044907401689132966,0.06830140090832479,0.08418106650812492,0.1066211968619439,0.05066025691524892
20261233,3,0.0,32,8,grid,11.0,0.524098988797363,False,-1,3,0.11740198710023421,True,0.11535272124441968,0.21336104222671348,0.2640258184832668,0.15179956683326806,0.11740198710023421
20261233,3,0.0,32,8,grid,12.0,0.8,False,-1,2,0.22496341622844526,True,0.3220645281468635,0.5089743329339453,0.8088184061774758,0.14257669120641436,0.22496341622844526
20261233,3,0.0,32,32,joint_aware,,0.2890855861645199,False,-1,6,0.11347168070964433,True,0.0844426331398175,0.18447927401915123,0.09609590868557058,0.168469624888449,0.11347168070964433
20261233,3,0.0,32,32,correlation_blind,,0.2890855861645199,False,-1,6,0.11347168070964433,True,0.0844426331398175,0.18447927401915123,0.09609590868557058,0.168469624888449,0.11347168070964433
20261233,3,0.0,32,32,delay_blind,,0.5476125865680102,False,-1,3,7.584483347784703,True,3.02929219133618,1.603388005990905,0.6573307421667427,11.610948539379567,7.584483347784703
20261233,3,0.0,32,32,mean_only,,0.5345835420861842,False,-1,3,3.2819744578677357,True,2.7505263618456985,1.305241860757768,0.769115054990865,9.078290741809118,3.2819744578677357
20261233,3,0.0,32,32,worstcase_correlation,,0.056406811991134544,False,-1,23,0.0061913245992296926,True,0.008044357146463578,0.02410739380885089,0.0017669500821124015,0.009802490737428109,0.0061913245992296926
20261233,3,0.0,32,32,grid,0.0,0.005,False,-1,273,0.007201744983353332,True,0.5309282370927692,0.3253305476883551,0.14851704506242835,0.046608980702137225,0.007201744983353332
20261233,3,0.0,32,32,grid,1.0,0.007632145998180043,False,-1,172,0.0018921538196499052,True,0.3915117385123563,0.20983727927837043,0.08015961200165561,0.021179917899192414,0.0018921538196499052
20261233,3,0.0,32,32,grid,2.0,0.01164993050750713,False,-1,115,0.0012213680980863466,True,0.25491276027195753,0.12495585807904223,0.037661623092706376,0.009634670102834144,0.0012213680980863466
20261233,3,0.0,32,32,grid,3.0,0.01778279410038923,False,-1,79,0.001905600807923238,True,0.1423516742007104,0.07218942992744977,0.013900888741312836,0.0061798668588093205,0.001905600807923238
20261233,3,0.0,32,32,grid,4.0,0.027144176165949066,False,-1,49,0.003250664647983996,True,0.06600449268158538,0.04303038659475892,0.0038949755271088684,0.006413078504309662,0.003250664647983996
20261233,3,0.0,32,32,grid,5.0,0.04143366309976846,False,-1,32,0.004970635729922343,True,0.023169404926596707,0.02838608194303958,0.0014152844973249125,0.008138934710955363,0.004970635729922343
20261233,3,0.0,32,32,grid,6.0,0.0632455532033676,False,-1,21,0.00660127937025004,True,0.005271984689600322,0.023552166730458277,0.0022961118147043344,0.010618535239432925,0.00660127937025004
20261233,3,0.0,32,32,grid,7.0,0.096539859156753,False,-1,15,0.007777035484838738,True,0.004336174464170418,0.02357406779738417,0.006525014897872494,0.01711243158681955,0.007777035484838738
20261233,3,0.0,32,32,grid,8.0,0.1473612599456155,False,-1,10,0.0096180218347916,True,0.011313669600302986,0.027044017106606658,0.01574826685554902,0.03832526688465686,0.0096180218347916
20261233,3,0.0,32,32,grid,9.0,0.2249365300761397,False,-1,7,0.03967963394984871,True,0.027727754889152727,0.07852367404176624,0.04057688690707892,0.11010556588082433,0.03967963394984871
20261233,3,0.0,32,32,grid,10.0,0.3433496875730229,False,-1,4,0.17749698183032028,True,0.20173272718837743,0.2399295408151369,0.2426495955454531,0.17923636615647998,0.17749698183032028
20261233,3,0.0,32,32,grid,11.0,0.524098988797363,False,-1,3,4.43952113604837,True,2.508961423075367,1.1031715155954303,1.16676995604766,5.419790929319177,4.43952113604837
20261233,3,0.0,32,32,grid,12.0,0.8,True,2535,2,1000000000000.0,True,3.191980572776987,18.45288153337447,7004.969307651592,700274973.8339078,1000000000000.0
20261233,3,0.9,16,8,joint_aware,,0.06793567174124356,False,-1,12,0.9466636716604662,True,0.10721929516495822,0.4585077699782767,0.4783419519487741,0.10260371785742795,0.9466636716604662
20261233,3,0.9,16,8,correlation_blind,,0.4363488632302189,False,-1,8,3.0069080319880186,True,9.084961858645151,8.21983649981457,8.300209392302152,3.9385292217790147,3.0069080319880186
20261233,3,0.9,16,8,delay_blind,,0.0679609250345928,False,-1,12,0.9470149611824532,True,0.10721513115434567,0.4588035714948012,0.47842490108735986,0.10262913845323644,0.9470149611824532
20261233,3,0.9,16,8,mean_only,,4.115057114511728,True,40,-1,1000000000000.0,True,1000000000000.0,1000000000000.0,1000000000000.0,1000000000000.0,1000000000000.0
20261233,3,0.9,16,8,worstcase_correlation,,0.062108907189348216,False,-1,13,0.8674679915330115,True,0.10925681102887136,0.39387825098757234,0.45707262488794864,0.09655442814861233,0.8674679915330115
20261233,3,0.9,16,8,grid,0.0,0.005,False,-1,228,0.1706786585538661,True,0.48540137004237227,0.2231973190649558,0.11302681383996288,0.040753864093341724,0.1706786585538661
20261233,3,0.9,16,8,grid,1.0,0.007632145998180043,False,-1,177,0.22531315017028944,True,0.34449736065060066,0.13314978686743686,0.07420578872022596,0.03161116116076336,0.22531315017028944
20261233,3,0.9,16,8,grid,2.0,0.01164993050750713,False,-1,140,0.3016365979676916,True,0.21781020747163984,0.10564840249104174,0.09021973823509419,0.037481422595335157,0.3016365979676916
20261233,3,0.9,16,8,grid,3.0,0.01778279410038923,False,-1,99,0.3872382184594437,True,0.13341841839634958,0.12991452190117278,0.152419757291957,0.04735670058840262,0.3872382184594437
20261233,3,0.9,16,8,grid,4.0,0.027144176165949066,False,-1,39,0.48214084840663335,True,0.10611877082361323,0.17037042617722412,0.24102028148902035,0.05885111070427379,0.48214084840663335
20261233,3,0.9,16,8,grid,5.0,0.04143366309976846,False,-1,33,0.6214514173012995,True,0.11411231471644215,0.2296838867742733,0.3467392836523851,0.07399646980246978,0.6214514173012995
20261233,3,0.9,16,8,grid,6.0,0.0632455532033676,False,-1,13,0.8826157396556717,True,0.10872585637632273,0.4059056221265598,0.461561144918435,0.09776029905702953,0.8826157396556717
20261233,3,0.9,16,8,grid,7.0,0.096539859156753,False,-1,11,1.3776263449951063,True,0.1589490654010477,0.8659794112436396,0.5346136595177535,0.12543652744769043,1.3776263449951063
20261233,3,0.9,16,8,grid,8.0,0.1473612599456155,False,-1,11,2.200690204192689,True,0.6311793670019265,1.8201195557882175,0.6157319919809157,0.16240897487454156,2.200690204192689
20261233,3,0.9,16,8,grid,9.0,0.2249365300761397,False,-1,10,3.1875188685352045,True,1.9360632373110236,3.4692464335669166,1.0861149323147201,0.49759312672403694,3.1875188685352045
20261233,3,0.9,16,8,grid,10.0,0.3433496875730229,False,-1,9,3.2916591812512572,True,4.220183090245126,6.080914515764876,3.609069236268625,2.678720127433346,3.2916591812512572
20261233,3,0.9,16,8,grid,11.0,0.524098988797363,False,-1,8,2.04208659424954,True,27.84392520616845,8.668992460992303,16.987043388054463,3.5220404101966585,2.04208659424954
20261233,3,0.9,16,8,grid,12.0,0.8,True,629,-1,1000000000000.0,True,919.4766739184547,667895303.0624967,1000000000000.0,1000000000000.0,1000000000000.0
20261233,3,0.9,16,32,joint_aware,,0.06557341714513457,False,-1,12,0.9321061565304609,True,0.11893025527728338,0.4708458630905799,0.5021791679769391,0.13557129097453674,0.9321061565304609
20261233,3,0.9,16,32,correlation_blind,,0.3543562147008278,False,-1,9,8.38991679041616,True,7.82488843941833,18.537933499573274,13.118546000382779,6.177772880520143,8.38991679041616
20261233,3,0.9,16,32,delay_blind,,0.0679609250345928,False,-1,12,0.9660475923919694,True,0.11884536995042855,0.5039704067110943,0.5110784576685371,0.14250845104807358,0.9660475923919694
20261233,3,0.9,16,32,mean_only,,1.2931845703348515,True,245,-1,1000000000000.0,True,1000000000000.0,1000000000000.0,1000000000000.0,1000000000000.0,1000000000000.0
20261233,3,0.9,16,32,worstcase_correlation,,0.06012858486571272,False,-1,13,0.8577637825553852,True,0.12083578267876921,0.4016347913303666,0.4781409620108576,0.12044827218164042,0.8577637825553852
20261233,3,0.9,16,32,grid,0.0,0.005,False,-1,227,0.1728662519430254,True,0.48182541928750355,0.2198348943997478,0.1107133690827567,0.039726055215343295,0.1728662519430254
20261233,3,0.9,16,32,grid,1.0,0.007632145998180043,False,-1,177,0.23007140289442843,True,0.33891819555232483,0.12989867569016514,0.07228369397661316,0.03066715721250903,0.23007140289442843
20261233,3,0.9,16,32,grid,2.0,0.01164993050750713,False,-1,139,0.3100224286933087,True,0.21073227390051097,0.1042869483615541,0.0896597587322768,0.036436185007139556,0.3100224286933087
20261233,3,0.9,16,32,grid,3.0,0.01778279410038923,False,-1,95,0.3993113128468438,True,0.12735850608418442,0.13146191324389808,0.15416169921353667,0.04608163421902811,0.3993113128468438
20261233,3,0.9,16,32,grid,4.0,0.027144176165949066,False,-1,38,0.4967422048179932,True,0.10567155497523972,0.17301450654311132,0.2458721375021599,0.05809109279500491,0.4967422048179932
20261233,3,0.9,16,32,grid,5.0,0.04143366309976846,False,-1,23,0.6365397424012206,True,0.12187015903194992,0.23524434781783393,0.3605851245625674,0.07876776076077179,0.6365397424012206
20261233,3,0.9,16,32,grid,6.0,0.0632455532033676,False,-1,13,0.8997937805710459,True,0.11952768768071514,0.4401640358442383,0.4925394295219771,0.1289771796291418,0.8997937805710459
20261233,3,0.9,16,32,grid,7.0,0.096539859156753,False,-1,11,1.4314152162605784,True,0.21428971440391145,1.0208263402340763,0.5577984654354845,0.23238063451024926,1.4314152162605784
20261233,3,0.9,16,32,grid,8.0,0.1473612599456155,False,-1,11,2.5206572879081235,True,1.0487528770806573,2.430228148146619,0.6556092952811012,0.41207939179518815,2.5206572879081235
20261233,3,0.9,16,32,grid,9.0,0.2249365300761397,False,-1,10,4.540078957224132,True,3.4623132908229746,6.056985081135805,1.7572436935681208,1.0387878281477545,4.540078957224132
20261233,3,0.9,16,32,grid,10.0,0.3433496875730229,False,-1,9,7.95562167565738,True,7.556223731646639,17.16031564399544,10.47077733497334,5.453841166869738,7.95562167565738
20261233,3,0.9,16,32,grid,11.0,0.524098988797363,False,-1,8,10706378.070586577,True,579.5435406067735,23595.40308979606,146773.49732689484,19959.81221433467,10706378.070586577
20261233,3,0.9,16,32,grid,12.0,0.8,True,608,8,1000000000000.0,True,1892556.3815198625,2436711740.308097,1000000000000.0,1000000000000.0,1000000000000.0
20261233,3,0.9,32,8,joint_aware,,0.06708632967038644,False,-1,12,0.9496793934862308,True,0.10726442527490354,0.5044552717302282,0.4586997745014719,0.12650609851883224,0.9496793934862308
20261233,3,0.9,32,8,correlation_blind,,0.48450346515727244,False,-1,8,11.437656367262797,True,33.111012368287355,15.761522578024369,13.20099153082245,15.912087981911043,11.437656367262797
20261233,3,0.9,32,8,delay_blind,,0.0681741968826708,False,-1,12,0.9647090445061824,True,0.10730485144366694,0.519700283159686,0.46291262193932914,0.1289894448113959,0.9647090445061824
20261233,3,0.9,32,8,mean_only,,2.1034893587976695,True,110,-1,1000000000000.0,True,1000000000000.0,1000000000000.0,1000000000000.0,1000000000000.0,1000000000000.0
20261233,3,0.9,32,8,worstcase_correlation,,0.061225211651951904,False,-1,13,0.8712835477544664,True,0.1087810202390592,0.42789086956827976,0.43364000952450144,0.11346058729161763,0.8712835477544664
20261233,3,0.9,32,8,grid,0.0,0.005,False,-1,229,0.1840797458856553,True,0.48945870444087525,0.22423537912123678,0.11470353316366144,0.041110996173759934,0.1840797458856553
20261233,3,0.9,32,8,grid,1.0,0.007632145998180043,False,-1,179,0.24344022494580092,True,0.3478176557570869,0.13294960912009504,0.07380870845120661,0.030359053469878185,0.24344022494580092
20261233,3,0.9,32,8,grid,2.0,0.01164993050750713,False,-1,142,0.32455567597826995,True,0.21957209398420668,0.10507383227333406,0.08571664099559768,0.03516282707523574,0.32455567597826995
20261233,3,0.9,32,8,grid,3.0,0.01778279410038923,False,-1,101,0.41249355980854663,True,0.13360300594008953,0.13083922608357848,0.14175215952263442,0.04472988465577564,0.41249355980854663
20261233,3,0.9,32,8,grid,4.0,0.027144176165949066,False,-1,39,0.5060749689764843,True,0.10574634418275758,0.17505343483163707,0.22245612046041174,0.0568933333837704,0.5060749689764843
20261233,3,0.9,32,8,grid,5.0,0.04143366309976846,False,-1,33,0.6415927331561845,True,0.1136285223935543,0.24409279485597182,0.3221397086020818,0.07622433273664515,0.6415927331561845
20261233,3,0.9,32,8,grid,6.0,0.0632455532033676,False,-1,13,0.8978054151241899,True,0.10799204391060499,0.45320333703702,0.44273177271999115,0.1178855724979347,0.8978054151241899
20261233,3,0.9,32,8,grid,7.0,0.096539859156753,False,-1,11,1.4032847206770596,True,0.18419138532557608,1.0189423261093857,0.5370569157387766,0.19585027431605015,1.4032847206770596
20261233,3,0.9,32,8,grid,8.0,0.1473612599456155,False,-1,11,2.3676771878894787,True,0.8272725450201227,2.3044825138090257,0.6771740819103851,0.3246113607577657,2.3676771878894787
20261233,3,0.9,32,8,grid,9.0,0.2249365300761397,False,-1,10,4.000718456950834,True,2.6224152402154486,5.034457147263428,1.3854357311855467,0.6994755973462164,4.000718456950834
20261233,3,0.9,32,8,grid,10.0,0.3433496875730229,False,-1,9,6.4903099306252345,True,4.5892322367730145,12.203054867804337,6.883951146733996,2.9063102884847996,6.4903099306252345
20261233,3,0.9,32,8,grid,11.0,0.524098988797363,False,-1,8,40.85080075914445,True,97.49849734413583,27.022139095666486,30.758173682165204,21.786714407743755,40.85080075914445
20261233,3,0.9,32,8,grid,12.0,0.8,True,720,8,1000000000000.0,True,24035.615105888268,20792906.19016029,1000000000000.0,1000000000000.0,1000000000000.0
20261233,3,0.9,32,32,joint_aware,,0.061344496040986844,False,-1,13,0.9104576299046674,True,0.1009428537956361,0.38454244935720533,0.48442608379888985,0.14014754534656343,0.9104576299046674
20261233,3,0.9,32,32,correlation_blind,,0.2890855861645199,False,-1,10,13.485312633654532,True,20.18111319361835,34.86662750083251,24.201888795582672,35.55347005351579,13.485312633654532
20261233,3,0.9,32,32,delay_blind,,0.0681741968826708,False,-1,12,1.001261641980295,True,0.0964949728607515,0.46905716338967895,0.5232429709687021,0.1699879425567869,1.001261641980295
20261233,3,0.9,32,32,mean_only,,0.5345835420861842,True,1468,9,1000000000000.0,True,25012.71269048725,33074.46390372171,77908176.69537771,1000000000000.0,1000000000000.0
20261233,3,0.9,32,32,worstcase_correlation,,0.056406811991134544,False,-1,14,0.8464885557584441,True,0.10684655164271681,0.3319369557691564,0.4506516830405214,0.12121132563291587,0.8464885557584441
20261233,3,0.9,32,32,grid,0.0,0.005,False,-1,228,0.18659469310486418,True,0.48282332223962365,0.21879096694564354,0.11157722219184354,0.03997218102749303,0.18659469310486418
20261233,3,0.9,32,32,grid,1.0,0.007632145998180043,False,-1,177,0.24873523007043719,True,0.33761157259518326,0.12820063286394096,0.07197160355676732,0.0296462382582791,0.24873523007043719
20261233,3,0.9,32,32,grid,2.0,0.01164993050750713,False,-1,140,0.33342032174418224,True,0.20677453124565948,0.10345603875031156,0.08692288383427912,0.034729386832153646,0.33342032174418224
20261233,3,0.9,32,32,grid,3.0,0.01778279410038923,False,-1,95,0.42488016098131764,True,0.12225631975405629,0.131668230236477,0.14673039434406318,0.0444612934023428,0.42488016098131764
20261233,3,0.9,32,32,grid,4.0,0.027144176165949066,False,-1,38,0.5231467711579828,True,0.10194810633711447,0.16903519641285408,0.22835841631035458,0.05678423023346996,0.5231467711579828
20261233,3,0.9,32,32,grid,5.0,0.04143366309976846,False,-1,23,0.6682953674266068,True,0.1163534508132722,0.21934753586684688,0.33596501532299927,0.07927199415947699,0.6682953674266068
20261233,3,0.9,32,32,grid,6.0,0.0632455532033676,False,-1,13,0.9355223464780239,True,0.09906760062465256,0.40672118654387657,0.4962757648626399,0.1480618299010193,0.9355223464780239
20261233,3,0.9,32,32,grid,7.0,0.096539859156753,False,-1,11,1.3934647314779522,True,0.24951083565943652,0.96079411570287,0.5497034406805771,0.309441640253793,1.3934647314779522
20261233,3,0.9,32,32,grid,8.0,0.1473612599456155,False,-1,11,2.3603621060039073,True,1.5733549168679972,2.433604047485675,0.5393714199313193,0.4362418972355993,2.3603621060039073
20261233,3,0.9,32,32,grid,9.0,0.2249365300761397,False,-1,10,3.6731426166305816,True,5.531589774992672,5.162243614625213,4.319559348528836,4.596888701361594,3.6731426166305816
20261233,3,0.9,32,32,grid,10.0,0.3433496875730229,False,-1,9,22143369836.16569,True,599.5183547612182,1456.1996177782264,16185.031352010114,52796.700668784906,22143369836.16569
20261233,3,0.9,32,32,grid,11.0,0.524098988797363,True,1351,9,1000000000000.0,True,25328.789226565226,31291.94689167947,298492055.2010337,1000000000000.0,1000000000000.0
20261233,3,0.9,32,32,grid,12.0,0.8,True,928,9,1000000000000.0,True,5860.562518476867,8353928.0667150915,1000000000000.0,1000000000000.0,1000000000000.0
20261234,4,0.0,16,8,joint_aware,,0.4363488632302189,False,-1,2,0.41484752848133677,True,0.037734214049043785,0.21422250552707817,0.16263776414079784,0.04801255918968754,0.41484752848133677
20261234,4,0.0,16,8,correlation_blind,,0.4363488632302189,False,-1,2,0.41484752848133677,True,0.037734214049043785,0.21422250552707817,0.16263776414079784,0.04801255918968754,0.41484752848133677
20261234,4,0.0,16,8,delay_blind,,0.4373927810905379,False,-1,2,0.4156476409645926,True,0.037951337175243495,0.21517860418440174,0.16305128746899428,0.04813571254943003,0.4156476409645926
20261234,4,0.0,16,8,mean_only,,4.115057114511728,True,130,-1,1000000000000.0,True,1000000000000.0,1000000000000.0,1000000000000.0,1000000000000.0,1000000000000.0
20261234,4,0.0,16,8,worstcase_correlation,,0.062108907189348216,False,-1,22,0.08406884816914624,True,0.018164324407633017,0.0011469454612117458,0.019630670434738567,0.007156519905372741,0.08406884816914624
20261234,4,0.0,16,8,grid,0.0,0.005,False,-1,271,0.010323717056953981,True,0.5282424773561173,0.31553794681355535,0.14415968754950345,0.04010358448047327,0.010323717056953981
20261234,4,0.0,16,8,grid,1.0,0.007632145998180043,False,-1,178,0.0056184211734198256,True,0.3928938680314633,0.19624589372930987,0.07820091150171238,0.01421117154546829,0.0056184211734198256
20261234,4,0.0,16,8,grid,2.0,0.01164993050750713,False,-1,106,0.006381686784911458,True,0.26268315058445957,0.10643994581244508,0.040107926715419503,0.00391973886875841,0.006381686784911458
20261234,4,0.0,16,8,grid,3.0,0.01778279410038923,False,-1,70,0.011244522584024813,True,0.15684144065494526,0.048955198531479525,0.020891862619263,0.0023101181272110324,0.011244522584024813
20261234,4,0.0,16,8,grid,4.0,0.027144176165949066,False,-1,44,0.02229886288355667,True,0.08449380693483108,0.017536869480579326,0.013644708690581996,0.0036011696275338938,0.02229886288355667
20261234,4,0.0,16,8,grid,5.0,0.04143366309976846,False,-1,30,0.04489333398970256,True,0.04115114417396831,0.003916896999054646,0.014073135198746985,0.005289703398874434,0.04489333398970256
20261234,4,0.0,16,8,grid,6.0,0.0632455532033676,False,-1,22,0.08627256679252096,True,0.01744976154719967,0.001176137634078419,0.019992101452583514,0.0072522075378124475,0.08627256679252096
20261234,4,0.0,16,8,grid,7.0,0.096539859156753,False,-1,17,0.14593698075515338,True,0.006501799408991652,0.004891788357039304,0.031610155342619434,0.009830868810654168,0.14593698075515338
20261234,4,0.0,16,8,grid,8.0,0.1473612599456155,False,-1,9,0.21179916303150556,True,0.0031712295310394353,0.018844191625978474,0.050949361849773514,0.013136282013167916,0.21179916303150556
20261234,4,0.0,16,8,grid,9.0,0.2249365300761397,False,-1,6,0.2754451637425787,True,0.005468157405210769,0.058015627231084166,0.08116400424067496,0.02009830429304381,0.2754451637425787
20261234,4,0.0,16,8,grid,10.0,0.3433496875730229,False,-1,5,0.34986488449849196,True,0.020139725512380528,0.13822404684777898,0.12659765196289147,0.03590214366270601,0.34986488449849196
20261234,4,0.0,16,8,grid,11.0,0.524098988797363,False,-1,2,0.4884138794253446,True,0.05764662273591775,0.3064460267185721,0.19857114611193885,0.05698252106307605,0.4884138794253446
20261234,4,0.0,16,8,grid,12.0,0.8,False,-1,1,0.7965626467019491,True,0.16161494826821207,0.8675647616020871,0.343227694807074,0.06061069772746876,0.7965626467019491
20261234,4,0.0,16,32,joint_aware,,0.3543562147008278,False,-1,5,0.3955668331744565,True,0.09350128810070896,0.16059869087965523,0.24312693417151757,0.10534143353109698,0.3955668331744565
20261234,4,0.0,16,32,correlation_blind,,0.3543562147008278,False,-1,5,0.3955668331744565,True,0.09350128810070896,0.16059869087965523,0.24312693417151757,0.10534143353109698,0.3955668331744565
20261234,4,0.0,16,32,delay_blind,,0.4373927810905379,False,-1,2,0.44802840232001695,True,0.26824269877234636,0.2265883625254079,0.30629916180312283,0.13424975277504958,0.44802840232001695
20261234,4,0.0,16,32,mean_only,,1.2931845703348515,True,2120,1,1000000000000.0,True,111.80130516672016,22083.09220223245,863123.3392743876,144100076819.1629,1000000000000.0
20261234,4,0.0,16,32,worstcase_correlation,,0.06012858486571272,False,-1,22,0.0864295752695324,True,0.018028236967794965,0.0016169790518562553,0.02159495823451532,0.007610929559178876,0.0864295752695324
20261234,4,0.0,16,32,grid,0.0,0.005,False,-1,271,0.010275318661851145,True,0.5264832486810772,0.3139202820562143,0.14336906065372834,0.03989972790665746,0.010275318661851145
20261234,4,0.0,16,32,grid,1.0,0.007632145998180043,False,-1,176,0.005616953750115453,True,0.3903371128197669,0.19456686037411416,0.07761772933272157,0.014125409397397506,0.005616953750115453
20261234,4,0.0,16,32,grid,2.0,0.01164993050750713,False,-1,105,0.0064402827296233004,True,0.2597052108311805,0.10512937397348802,0.039759833910285196,0.00394665287742488,0.0064402827296233004
20261234,4,0.0,16,32,grid,3.0,0.01778279410038923,False,-1,69,0.011462014849550043,True,0.15423279357798272,0.048277564273012344,0.020761168878323095,0.0024450407073173344,0.011462014849550043
20261234,4,0.0,16,32,grid,4.0,0.027144176165949066,False,-1,44,0.023037058857009064,True,0.08272933477441646,0.017478795974350727,0.013847735171409064,0.003807141036306926,0.023037058857009064
20261234,4,0.0,16,32,grid,5.0,0.04143366309976846,False,-1,29,0.04731358156041196,True,0.03983000450755452,0.004311907315894444,0.015056286940176725,0.005591020072809823,0.04731358156041196
20261234,4,0.0,16,32,grid,6.0,0.0632455532033676,False,-1,21,0.09324670043410062,True,0.01594548862627986,0.0016266501421903486,0.022915331642378422,0.007960251025305863,0.09324670043410062
20261234,4,0.0,16,32,grid,7.0,0.096539859156753,False,-1,17,0.16235126486407958,True,0.005238969954279617,0.003757954415261485,0.03959063778977093,0.01215626340616119,0.16235126486407958
20261234,4,0.0,16,32,grid,8.0,0.1473612599456155,False,-1,9,0.2420170790439126,True,0.0038961273178033324,0.014498417484509023,0.07272290829097439,0.02100732428574596,0.2420170790439126
20261234,4,0.0,16,32,grid,9.0,0.2249365300761397,False,-1,6,0.31399195498878313,True,0.007615868514516297,0.0562856457280285,0.1377295807859576,0.045157115136232905,0.31399195498878313
20261234,4,0.0,16,32,grid,10.0,0.3433496875730229,False,-1,5,0.3883378655165323,True,0.07870500138447045,0.15162581046307114,0.23544958793906517,0.10037644188890141,0.3883378655165323
20261234,4,0.0,16,32,grid,11.0,0.524098988797363,False,-1,2,0.48667894625483205,True,0.5976849649372337,0.3128844300049387,0.4203624754258329,0.15670527887733082,0.48667894625483205
20261234,4,0.0,16,32,grid,12.0,0.8,False,-1,1,0.7244172005714882,True,2.1824344767418964,0.6566352995473758,1.056201401297986,0.13553744100785625,0.7244172005714882
20261234,4,0.0,32,8,joint_aware,,0.48450346515727244,False,-1,3,0.11789990002873886,True,0.20392961166345286,0.03226778054618497,0.08685193232281689,0.019401848525253975,0.11789990002873886
20261234,4,0.0,32,8,correlation_blind,,0.48450346515727244,False,-1,3,0.11789990002873886,True,0.20392961166345286,0.03226778054618497,0.08685193232281689,0.019401848525253975,0.11789990002873886
20261234,4,0.0,32,8,delay_blind,,0.5476125865680102,False,-1,3,0.16954506073183118,True,0.24211875178886255,0.04581608469675492,0.09394429723134912,0.024487708116930802,0.16954506073183118
20261234,4,0.0,32,8,mean_only,,2.1034893587976695,True,2660,35,1000000000000.0,True,845.5485661149446,8.248179326088358,192.98311868606933,107675.0584073386,1000000000000.0
20261234,4,0.0,32,8,worstcase_correlation,,0.061225211651951904,False,-1,22,0.007966422109210078,True,0.02460552884692016,0.004384794823758527,0.013459965520639843,0.0009095067325643327,0.007966422109210078
20261234,4,0.0,32,8,grid,0.0,0.005,False,-1,278,0.005268759819745107,True,0.5387228665666512,0.3170739085755575,0.13778613225506595,0.035906569678115466,0.005268759819745107
20261234,4,0.0,32,8,grid,1.0,0.007632145998180043,False,-1,184,0.0010367262210961006,True,0.40432615072766476,0.19414145047549922,0.06728607677058959,0.011376793235362287,0.0010367262210961006
20261234,4,0.0,32,8,grid,2.0,0.01164993050750713,False,-1,114,0.0003775553501613601,True,0.2732485813817311,0.10049430248838674,0.027902944009682854,0.002295938863404514,0.0003775553501613601
20261234,4,0.0,32,8,grid,3.0,0.01778279410038923,False,-1,82,0.0006049020711597755,True,0.16470159525385591,0.04171554386964595,0.010511301743390268,0.0005821356709942284,0.0006049020711597755
20261234,4,0.0,32,8,grid,4.0,0.027144176165949066,False,-1,51,0.0015816962127067817,True,0.08945927136089041,0.013195829371093313,0.0058431151116566,0.0007948259644620288,0.0015816962127067817
20261234,4,0.0,32,8,grid,5.0,0.04143366309976846,False,-1,30,0.004029225105021389,True,0.045255823420269806,0.00459153204630614,0.0077618445646603735,0.0009914088882532358,0.004029225105021389
20261234,4,0.0,32,8,grid,6.0,0.0632455532033676,False,-1,22,0.008337541598028046,True,0.023564366073615135,0.004459836213716664,0.01405028869169023,0.0009061499661243015,0.008337541598028046
20261234,4,0.0,32,8,grid,7.0,0.096539859156753,False,-1,16,0.012678221375403101,True,0.01747434389432702,0.005196868609872341,0.021830307237144127,0.0013770281006701623,0.012678221375403101
20261234,4,0.0,32,8,grid,8.0,0.1473612599456155,False,-1,9,0.015077111977635376,True,0.023097281658470966,0.006087601272494568,0.028301520850297055,0.00310656310204117,0.015077111977635376
20261234,4,0.0,32,8,grid,9.0,0.2249365300761397,False,-1,6,0.02023016717556622,True,0.0460725630592419,0.008800759228779499,0.039487244507541444,0.005550709071505696,0.02023016717556622
20261234,4,0.0,32,8,grid,10.0,0.3433496875730229,False,-1,4,0.04652045700170105,True,0.11018530077545033,0.014854892988023878,0.064773095335195,0.009643873835972597,0.04652045700170105
20261234,4,0.0,32,8,grid,11.0,0.524098988797363,False,-1,3,0.14853580554635937,True,0.22832536491783187,0.040226305122860004,0.0913511131670525,0.022658563043715142,0.14853580554635937
20261234,4,0.0,32,8,grid,12.0,0.8,False,-1,2,0.5776218575063672,True,0.38062292227532124,0.18222817427113747,0.14788952653616988,0.031011846596926136,0.5776218575063672
20261234,4,0.0,32,32,joint_aware,,0.2890855861645199,False,-1,4,0.09603867101545628,True,0.044605971062732716,0.18292095297413463,0.19980896352090513,0.03422708068588571,0.09603867101545628
20261234,4,0.0,32,32,correlation_blind,,0.2890855861645199,False,-1,4,0.09603867101545628,True,0.044605971062732716,0.18292095297413463,0.19980896352090513,0.03422708068588571,0.09603867101545628
20261234,4,0.0,32,32,delay_blind,,0.5476125865680102,False,-1,3,3292.837660311225,True,2.690498141889796,1.5338052366499733,21.17069047558218,198.579920436456,3292.837660311225
20261234,4,0.0,32,32,mean_only,,0.5345835420861842,False,-1,3,433.83272399709466,True,2.7722949239847208,4.200676150121938,8.671278003087352,89.10699465527779,433.83272399709466
20261234,4,0.0,32,32,worstcase_correlation,,0.056406811991134544,False,-1,23,0.008898161861692191,True,0.025692646371392278,0.006039850474856462,0.014477725177796245,0.0010413552945910804,0.008898161861692191
20261234,4,0.0,32,32,grid,0.0,0.005,False,-1,274,0.0051616307994363465,True,0.5342863961976301,0.31294835323113573,0.13582147007766743,0.035379342361006344,0.0051616307994363465
20261234,4,0.0,32,32,grid,1.0,0.007632145998180043,False,-1,180,0.000998777101384796,True,0.3977780551163417,0.1895959090710339,0.0658066544093285,0.011109520482211041,0.000998777101384796
20261234,4,0.0,32,32,grid,2.0,0.01164993050750713,False,-1,111,0.0003703077726652523,True,0.2654289371059645,0.09644423822752395,0.027006362735461836,0.00221141522821937,0.0003703077726652523
20261234,4,0.0,32,32,grid,3.0,0.01778279410038923,False,-1,74,0.0006166364652269298,True,0.15757811126827875,0.03893734335481379,0.010148241728580447,0.0005998080810302783,0.0006166364652269298
20261234,4,0.0,32,32,grid,4.0,0.027144176165949066,False,-1,46,0.001696919514673243,True,0.08453632824881331,0.012119266484551767,0.006074469197664639,0.0008122278051581204,0.001696919514673243
20261234,4,0.0,32,32,grid,5.0,0.04143366309976846,False,-1,29,0.004682230763229072,True,0.042336176805763834,0.005226985696465521,0.008997204976844553,0.0009584140146333817,0.004682230763229072
20261234,4,0.0,32,32,grid,6.0,0.0632455532033676,False,-1,21,0.010993509573167692,True,0.021845191140794223,0.006681841870922511,0.016990854311266734,0.0012411605233732664,0.010993509573167692
20261234,4,0.0,32,32,grid,7.0,0.096539859156753,False,-1,14,0.02195174416677524,True,0.01519794128931773,0.007874681672628525,0.02594720796400537,0.004070996258387223,0.02195174416677524
20261234,4,0.0,32,32,grid,8.0,0.1473612599456155,False,-1,9,0.04149993751676522,True,0.013727378772793805,0.014725705891106703,0.03520425775017789,0.012033055400291932,0.04149993751676522
20261234,4,0.0,32,32,grid,9.0,0.2249365300761397,False,-1,6,0.07328445516754842,True,0.015845615207005795,0.09364140363894968,0.10320771039053027,0.03386956729865615,0.07328445516754842
20261234,4,0.0,32,32,grid,10.0,0.3433496875730229,False,-1,4,0.16631211764948084,True,0.2171383415520673,0.12746812218954293,0.19526304962172591,0.07857894643768276,0.16631211764948084
20261234,4,0.0,32,32,grid,11.0,0.524098988797363,False,-1,3,14.099268215541674,True,2.7196902132131013,6.348353115721109,1.8857892460836105,10.9576754595296,14.099268215541674
20261234,4,0.0,32,32,grid,12.0,0.8,True,1931,2,1000000000000.0,True,65.4887278490005,12044.18611985536,1599822.8998178844,1000000000000.0,1000000000000.0
20261234,4,0.9,16,8,joint_aware,,0.06793567174124356,False,-1,72,1.5210530034456484,True,1.6857822330496721,0.28861998352383733,0.3164933692576762,0.19807793200321855,1.5210530034456484
20261234,4,0.9,16,8,correlation_blind,,0.4363488632302189,False,-1,412,1.8061502995253553,True,5.27109094694282,1.0888220591332016,13.844780549043826,3.0741443274433906,1.8061502995253553
20261234,4,0.9,16,8,delay_blind,,0.0679609250345928,False,-1,72,1.5212272094491746,True,1.6863109137125776,0.2886332183561,0.3166730882282338,0.19818767351706063,1.5212272094491746
20261234,4,0.9,16,8,mean_only,,4.115057114511728,True,38,-1,1000000000000.0,True,1000000000000.0,1000000000000.0,1000000000000.0,1000000000000.0,1000000000000.0
20261234,4,0.9,16,8,worstcase_correlation,,0.062108907189348216,False,-1,72,1.4750954251286088,True,1.5629906566052911,0.2860351851835596,0.276537677095331,0.17451900341585783,1.4750954251286088
20261234,4,0.9,16,8,grid,0.0,0.005,False,-1,316,0.05120059092426611,True,0.5903472922400899,0.387012978256542,0.3042431063172995,0.05977812247284829,0.05120059092426611
20261234,4,0.9,16,8,grid,1.0,0.007632145998180043,False,-1,210,0.15689900241012955,True,0.5237448576688306,0.3157145791426621,0.23709457620569135,0.03185122650332109,0.15689900241012955
20261234,4,0.9,16,8,grid,2.0,0.01164993050750713,False,-1,157,0.3218692595967691,True,0.5094773098722062,0.2767303324780839,0.18377630884984492,0.029145614543834443,0.3218692595967691
20261234,4,0.9,16,8,grid,3.0,0.01778279410038923,False,-1,93,0.5533657448993156,True,0.584098081660655,0.2630035578166735,0.15069884768224862,0.04884835771113369,0.5533657448993156
20261234,4,0.9,16,8,grid,4.0,0.027144176165949066,False,-1,90,0.8565302274334259,True,0.7789464433307635,0.2681167818209538,0.14008736690220305,0.0799070475109358,0.8565302274334259
20261234,4,0.9,16,8,grid,5.0,0.04143366309976846,False,-1,72,1.1955820868858467,True,1.109520439036474,0.2796212184383995,0.16812781213687328,0.11468147297827161,1.1955820868858467
20261234,4,0.9,16,8,grid,6.0,0.0632455532033676,False,-1,72,1.484998341036123,True,1.5870752758060356,0.2864706668719731,0.28408316381657306,0.1788425371574039,1.484998341036123
20261234,4,0.9,16,8,grid,7.0,0.096539859156753,False,-1,44,1.615296903234587,True,2.265625571554924,0.31613642004767933,0.5456225424520038,0.36328133068608826,1.615296903234587
20261234,4,0.9,16,8,grid,8.0,0.1473612599456155,False,-1,43,1.5346903644775003,True,3.173307036161396,0.4025956230221776,1.002495118885886,0.7851014612416145,1.5346903644775003
20261234,4,0.9,16,8,grid,9.0,0.2249365300761397,False,-1,42,1.3903559231059859,True,4.201600416141197,0.5273274930751589,1.6385856806795709,1.4860610950346416,1.3903559231059859
20261234,4,0.9,16,8,grid,10.0,0.3433496875730229,False,-1,71,1.532918187434365,True,4.8859670405208515,0.6499757118697284,2.872748205330978,2.6093776064725556,1.532918187434365
20261234,4,0.9,16,8,grid,11.0,0.524098988797363,False,-1,413,9.044546233924738,True,22.899434071477106,8.438741835407967,1462.6770139575433,2.9185098652549066,9.044546233924738
20261234,4,0.9,16,8,grid,12.0,0.8,True,295,-1,1000000000000.0,True,1654885354.693962,1000000000000.0,1000000000000.0,1000000000000.0,1000000000000.0
20261234,4,0.9,16,32,joint_aware,,0.06557341714513457,False,-1,79,1.5751521479773114,True,1.7940694303558573,0.2717120165335196,0.326476877357666,0.25085898281084246,1.5751521479773114
20261234,4,0.9,16,32,correlation_blind,,0.3543562147008278,False,-1,43,2.7310158423503013,True,15.130278585191336,10.84987010164729,2.181479176317121,3.2897272368296964,2.7310158423503013
20261234,4,0.9,16,32,delay_blind,,0.0679609250345928,False,-1,79,1.5935535393457028,True,1.8502825589615057,0.27489819148056527,0.3451738586915037,0.2685372797388385,1.5935535393457028
20261234,4,0.9,16,32,mean_only,,1.2931845703348515,True,192,-1,1000000000000.0,True,1000000000000.0,1000000000000.0,1000000000000.0,1000000000000.0,1000000000000.0
20261234,4,0.9,16,32,worstcase_correlation,,0.06012858486571272,False,-1,79,1.5251274632623946,True,1.6644129392532023,0.26661493286209637,0.28605423204692637,0.21512918367466766,1.5251274632623946
20261234,4,0.9,16,32,grid,0.0,0.005,False,-1,315,0.05206578061845307,True,0.5883186412040455,0.3847493774618076,0.3032306420781167,0.05941475668425071,0.05206578061845307
20261234,4,0.9,16,32,grid,1.0,0.007632145998180043,False,-1,210,0.1593898461652878,True,0.5224390807242586,0.31385365967653495,0.23641216228914042,0.03187674298987775,0.1593898461652878
20261234,4,0.9,16,32,grid,2.0,0.01164993050750713,False,-1,154,0.327726945323237,True,0.5127953683990574,0.2759753154552823,0.18352557308238354,0.029849962521777754,0.327726945323237
20261234,4,0.9,16,32,grid,3.0,0.01778279410038923,False,-1,93,0.5669423249092903,True,0.6005778214295577,0.262548939348001,0.15146806859409795,0.05118237366000347,0.5669423249092903
20261234,4,0.9,16,32,grid,4.0,0.027144176165949066,False,-1,84,0.8854889810692473,True,0.823366005957966,0.2640137390108382,0.14333717907145108,0.08614807319103787,0.8854889810692473
20261234,4,0.9,16,32,grid,5.0,0.04143366309976846,False,-1,75,1.2463819821108035,True,1.1998468821714723,0.2652144316129047,0.17800384281824064,0.13148492878983434,1.2463819821108035
20261234,4,0.9,16,32,grid,6.0,0.0632455532033676,False,-1,79,1.5551934215111913,True,1.7388861250203815,0.2691752829461543,0.30880232771578064,0.23482232812358245,1.5551934215111913
20261234,4,0.9,16,32,grid,7.0,0.096539859156753,False,-1,44,1.693100167309398,True,2.4822326516789905,0.3625669188397612,0.6047335737381999,0.584300832864993,1.693100167309398
20261234,4,0.9,16,32,grid,8.0,0.1473612599456155,False,-1,44,1.6115771000554215,True,3.382212387267099,0.744271774797351,1.157974725082963,1.5650969150006453,1.6115771000554215
20261234,4,0.9,16,32,grid,9.0,0.2249365300761397,False,-1,44,1.480145097269079,True,5.225871135363932,2.210404910053449,1.9497264339028042,3.2996931382891126,1.480145097269079
20261234,4,0.9,16,32,grid,10.0,0.3433496875730229,False,-1,43,2.495655360693932,True,13.564136494920069,9.532970335329,2.24541226376293,3.339177083051522,2.495655360693932
20261234,4,0.9,16,32,grid,11.0,0.524098988797363,False,-1,-1,89.7497337906282,True,101.88260743866681,4517.759268662952,11086.223388527691,4501.799007974323,89.7497337906282
20261234,4,0.9,16,32,grid,12.0,0.8,True,673,34,1000000000000.0,True,1935512.0326723612,1284229763.0939376,1000000000000.0,1000000000000.0,1000000000000.0
20261234,4,0.9,32,8,joint_aware,,0.06708632967038644,False,-1,72,1.6170525222909944,True,1.8762547394595108,0.26997275715411284,0.3077069767546684,0.22387045984758364,1.6170525222909944
20261234,4,0.9,32,8,correlation_blind,,0.48450346515727244,False,-1,637,7.537847049443583,True,11.403014670584827,170.8237656764532,1.1658800587983489,11.050395080312839,7.537847049443583
20261234,4,0.9,32,8,delay_blind,,0.0681741968826708,False,-1,72,1.6254242156795435,True,1.9023455995118936,0.2707498352038618,0.31492141079782665,0.23019028177240852,1.6254242156795435
20261234,4,0.9,32,8,mean_only,,2.1034893587976695,True,84,-1,1000000000000.0,True,1000000000000.0,1000000000000.0,1000000000000.0,1000000000000.0,1000000000000.0
20261234,4,0.9,32,8,worstcase_correlation,,0.061225211651951904,False,-1,72,1.5643888612172507,True,1.7339383978177043,0.2672759780977384,0.27009330885926375,0.1932213543951134,1.5643888612172507
20261234,4,0.9,32,8,grid,0.0,0.005,False,-1,316,0.053760749904899915,True,0.5950152606614364,0.38742272840058206,0.30389141862083524,0.058488341220479786,0.053760749904899915
20261234,4,0.9,32,8,grid,1.0,0.007632145998180043,False,-1,212,0.16392247922859304,True,0.5317961319500696,0.3163874840933967,0.2372444034518659,0.030250535474746,0.16392247922859304
20261234,4,0.9,32,8,grid,2.0,0.01164993050750713,False,-1,157,0.3369338983897542,True,0.5253725274990454,0.27791397822848063,0.18394707083614054,0.028011504715269725,0.3369338983897542
20261234,4,0.9,32,8,grid,3.0,0.01778279410038923,False,-1,93,0.5816587846022252,True,0.6171640320853423,0.2639700025792589,0.15038420164830965,0.049678288149535926,0.5816587846022252
20261234,4,0.9,32,8,grid,4.0,0.027144176165949066,False,-1,90,0.9045606022185629,True,0.8450748535247599,0.26611896118522493,0.13966426273295343,0.08421254809169117,0.9045606022185629
20261234,4,0.9,32,8,grid,5.0,0.04143366309976846,False,-1,73,1.269059554577324,True,1.2296647823373088,0.26930983997324737,0.1688193022119149,0.12358935261050849,1.269059554577324
20261234,4,0.9,32,8,grid,6.0,0.0632455532033676,False,-1,72,1.5840416500854548,True,1.783326648320627,0.2679352494584445,0.2827974981724843,0.20315334448301683,1.5840416500854548
20261234,4,0.9,32,8,grid,7.0,0.096539859156753,False,-1,44,1.727632021671187,True,2.541427812014052,0.3268260588913251,0.5163247662672237,0.4680326181331126,1.727632021671187
20261234,4,0.9,32,8,grid,8.0,0.1473612599456155,False,-1,43,1.6283456076048757,True,3.5161353492220284,0.6094119255666065,0.8618952808888277,1.1525088638961882,1.6283456076048757
20261234,4,0.9,32,8,grid,9.0,0.2249365300761397,False,-1,43,1.44088933539433,True,5.399398164503081,1.750253955039197,1.1427143510787618,2.211872080799495,1.44088933539433
20261234,4,0.9,32,8,grid,10.0,0.3433496875730229,False,-1,43,1.8219166625913723,True,9.869604564226997,13.12670804795068,1.051350541256748,4.140518706389702,1.8219166625913723
20261234,4,0.9,32,8,grid,11.0,0.524098988797363,False,-1,61,272.44756175902296,True,18.337385105386645,288.3502030615567,0.8397199566613067,14.584182228627808,272.44756175902296
20261234,4,0.9,32,8,grid,12.0,0.8,True,565,-1,1000000000000.0,True,4834277.525732001,245052750966.52774,1000000000000.0,1000000000000.0,1000000000000.0
20261234,4,0.9,32,32,joint_aware,,0.061344496040986844,False,-1,79,1.7960634872206893,True,2.1989878075421787,0.23328666859116542,0.35567628513513155,0.23346810948372532,1.7960634872206893
20261234,4,0.9,32,32,correlation_blind,,0.2890855861645199,False,-1,927,17.20527018570185,True,37.993126851133304,7.107950754117482,4.7102365107071655,16.05493978304586,17.20527018570185
20261234,4,0.9,32,32,delay_blind,,0.0681741968826708,False,-1,79,1.887760978337665,True,2.515889128054971,0.23896502671829933,0.4188876366533628,0.2874424784576929,1.887760978337665
20261234,4,0.9,32,32,mean_only,,0.5345835420861842,True,1327,-1,1000000000000.0,True,1239.6485695270708,79703.26248016697,25215313.995920867,1000000000000.0,1000000000000.0
20261234,4,0.9,32,32,worstcase_correlation,,0.056406811991134544,False,-1,79,1.7170560917733146,True,1.9901656271596364,0.23447357788775927,0.3127844410153622,0.20295968168602604,1.7170560917733146
20261234,4,0.9,32,32,grid,0.0,0.005,False,-1,315,0.055078845687740095,True,0.5910697792821056,0.3838850462081883,0.3023226987605717,0.058018061211524516,0.055078845687740095
20261234,4,0.9,32,32,grid,1.0,0.007632145998180043,False,-1,211,0.16770956824067546,True,0.5290285783824714,0.31359953064526114,0.2359545547408912,0.0302150852825402,0.16770956824067546
20261234,4,0.9,32,32,grid,2.0,0.01164993050750713,False,-1,154,0.3464292555042286,True,0.5304697929187132,0.276359104212983,0.18369804228410425,0.02902621879744004,0.3464292555042286
20261234,4,0.9,32,32,grid,3.0,0.01778279410038923,False,-1,93,0.6063641441072612,True,0.6447167720488235,0.26281794990803325,0.1539782712551356,0.05374364319130499,0.6063641441072612
20261234,4,0.9,32,32,grid,4.0,0.027144176165949066,False,-1,90,0.9655943702162825,True,0.9250115829624962,0.26347336172896196,0.15204552265730717,0.09392064879123656,0.9655943702162825
20261234,4,0.9,32,32,grid,5.0,0.04143366309976846,False,-1,79,1.3996388001254323,True,1.4229865667863864,0.25339346823342246,0.20450864074040054,0.14039941633876335,1.3996388001254323
20261234,4,0.9,32,32,grid,6.0,0.0632455532033676,False,-1,79,1.823534451968882,True,2.283651185586462,0.2339472144453156,0.372853908860005,0.24701823158633981,1.823534451968882
20261234,4,0.9,32,32,grid,7.0,0.096539859156753,False,-1,106,2.113178663312533,True,4.278099718979041,0.3765167218271657,0.7208271747962083,0.7079093779786372,2.113178663312533
20261234,4,0.9,32,32,grid,8.0,0.1473612599456155,False,-1,44,2.2528873039508146,True,8.089932245108646,0.9726267708742042,1.4054509027798012,2.3721238467242234,2.2528873039508146
20261234,4,0.9,32,32,grid,9.0,0.2249365300761397,False,-1,219,2.2247990636745927,True,8.070023847371873,3.1190276001512625,2.8391331986078203,14.737581818234558,2.2247990636745927
20261234,4,0.9,32,32,grid,10.0,0.3433496875730229,False,-1,-1,375.0573514539275,True,298.9654288716094,91.81799630591908,45.6573316571737,4592.862862745357,375.0573514539275
20261234,4,0.9,32,32,grid,11.0,0.524098988797363,True,1331,-1,1000000000000.0,True,1733.1890373288547,133803.65893125886,23708924.234679647,1000000000000.0,1000000000000.0
20261234,4,0.9,32,32,grid,12.0,0.8,True,848,-1,1000000000000.0,True,125283.91234750889,19468225.449581694,1000000000000.0,1000000000000.0,1000000000000.0
20261235,5,0.0,16,8,joint_aware,,0.4363488632302189,False,-1,6,0.3393989469002182,True,0.1723683010013177,0.0906108113139052,0.4668411479145265,0.11236569983216066,0.3393989469002182
20261235,5,0.0,16,8,correlation_blind,,0.4363488632302189,False,-1,6,0.3393989469002182,True,0.1723683010013177,0.0906108113139052,0.4668411479145265,0.11236569983216066,0.3393989469002182
20261235,5,0.0,16,8,delay_blind,,0.4373927810905379,False,-1,6,0.34025462490372566,True,0.17264699832919758,0.09133760526045513,0.467746857060823,0.11298669318478977,0.34025462490372566
20261235,5,0.0,16,8,mean_only,,4.115057114511728,True,109,-1,1000000000000.0,True,1000000000000.0,1000000000000.0,1000000000000.0,1000000000000.0,1000000000000.0
20261235,5,0.0,16,8,worstcase_correlation,,0.062108907189348216,False,-1,22,0.03699284058771747,True,0.033180873945474455,0.006473805273503085,0.02515206236199298,0.03478714821647025,0.03699284058771747
20261235,5,0.0,16,8,grid,0.0,0.005,False,-1,278,0.009074205860630673,True,0.5395837889042923,0.3005688910394994,0.12215503146462088,0.0366406721179463,0.009074205860630673
20261235,5,0.0,16,8,grid,1.0,0.007632145998180043,False,-1,184,0.0038180628246308823,True,0.4072237722207273,0.17970625387204142,0.053028822371280475,0.014956412383059586,0.0038180628246308823
20261235,5,0.0,16,8,grid,2.0,0.01164993050750713,False,-1,129,0.0028558975613158584,True,0.27834095659803976,0.09026691049746308,0.015893014070164833,0.007777775690427984,0.0028558975613158584
20261235,5,0.0,16,8,grid,3.0,0.01778279410038923,False,-1,90,0.0036247677926391567,True,0.17102139396519808,0.03618130018096193,0.002401306009572728,0.008106742702354824,0.0036247677926391567
20261235,5,0.0,16,8,grid,4.0,0.027144176165949066,False,-1,57,0.006601523657885194,True,0.09582614353367844,0.010968447326618643,0.0033192170903950276,0.01333640978168323,0.006601523657885194
20261235,5,0.0,16,8,grid,5.0,0.04143366309976846,False,-1,38,0.01599931641365039,True,0.051943033326509555,0.004621973958410846,0.010972412357508765,0.023265023146047805,0.01599931641365039
20261235,5,0.0,16,8,grid,6.0,0.0632455532033676,False,-1,22,0.03825608706538949,True,0.03280083413220134,0.006586639241629883,0.02606509892337419,0.035274825182536496,0.03825608706538949
20261235,5,0.0,16,8,grid,7.0,0.096539859156753,False,-1,16,0.07437409616367031,True,0.034794013131914894,0.00778959425582348,0.05895849958845071,0.043893699413901886,0.07437409616367031
20261235,5,0.0,16,8,grid,8.0,0.1473612599456155,False,-1,12,0.12033340841627894,True,0.05726880454590606,0.0072696103174740255,0.12431387106371126,0.04509814387518263,0.12033340841627894
20261235,5,0.0,16,8,grid,9.0,0.2249365300761397,False,-1,11,0.17876890343437007,True,0.09685685877712136,0.011615972275730514,0.2315211234414517,0.04504281866445064,0.17876890343437007
20261235,5,0.0,16,8,grid,10.0,0.3433496875730229,False,-1,6,0.2662911784174114,True,0.14439890565252328,0.04018271037198062,0.3761010571660597,0.0685416977440951,0.2662911784174114
20261235,5,0.0,16,8,grid,11.0,0.524098988797363,False,-1,6,0.4156470964055645,True,0.1929337905080477,0.16353137063453635,0.5348258845745529,0.1740798885241622,0.4156470964055645
20261235,5,0.0,16,8,grid,12.0,0.8,False,-1,4,0.7602506754380454,True,0.22564095194895026,0.4675686767756342,0.6659945267269741,0.4727149061418333,0.7602506754380454
20261235,5,0.0,16,32,joint_aware,,0.3543562147008278,False,-1,6,0.3025503864704783,True,0.12975681546696546,0.06153110491616797,0.5473410996294701,0.07290039804377221,0.3025503864704783
20261235,5,0.0,16,32,correlation_blind,,0.3543562147008278,False,-1,6,0.3025503864704783,True,0.12975681546696546,0.06153110491616797,0.5473410996294701,0.07290039804377221,0.3025503864704783
20261235,5,0.0,16,32,delay_blind,,0.4373927810905379,False,-1,6,0.37677106722163467,True,0.14964535294226466,0.11577279241699738,0.7594190517079396,0.10557085869470444,0.37677106722163467
20261235,5,0.0,16,32,mean_only,,1.2931845703348515,True,1773,7,1000000000000.0,True,144.33602790477255,140.33608063454855,656720.8181548425,1000000000000.0,1000000000000.0
20261235,5,0.0,16,32,worstcase_correlation,,0.06012858486571272,False,-1,22,0.03832217895793524,True,0.03161678597174587,0.006469889602095345,0.02535773441055904,0.03503579483657878,0.03832217895793524
20261235,5,0.0,16,32,grid,0.0,0.005,False,-1,276,0.0090504970783067,True,0.5376183275730292,0.2988710485278221,0.12130361725146185,0.036420824949041246,0.0090504970783067
20261235,5,0.0,16,32,grid,1.0,0.007632145998180043,False,-1,184,0.003835093251684184,True,0.4042782089127656,0.17783610283419923,0.05238119093757558,0.014882097564710569,0.003835093251684184
20261235,5,0.0,16,32,grid,2.0,0.01164993050750713,False,-1,127,0.0029226110450427008,True,0.27462681512139375,0.08858157654492471,0.015499491161964411,0.007848843019772699,0.0029226110450427008
20261235,5,0.0,16,32,grid,3.0,0.01778279410038923,False,-1,89,0.0037944751411223823,True,0.16712457089932345,0.03496291425945685,0.0022602559724009207,0.008408048123118161,0.0037944751411223823
20261235,5,0.0,16,32,grid,4.0,0.027144176165949066,False,-1,56,0.007112992917803248,True,0.09229565027579588,0.010336214513988832,0.003425581962074571,0.01406864860468456,0.007112992917803248
20261235,5,0.0,16,32,grid,5.0,0.04143366309976846,False,-1,37,0.01759786452515577,True,0.04898556751234547,0.004559098758059069,0.011444967422007037,0.024544803548176838,0.01759786452515577
20261235,5,0.0,16,32,grid,6.0,0.0632455532033676,False,-1,20,0.04208584302828258,True,0.030581990095411703,0.006791051856989866,0.028173753863057052,0.03627805758709188,0.04208584302828258
20261235,5,0.0,16,32,grid,7.0,0.096539859156753,False,-1,15,0.08084266418345469,True,0.03438305103194906,0.007906478003115074,0.06747003176690272,0.042154778957691215,0.08084266418345469
20261235,5,0.0,16,32,grid,8.0,0.1473612599456155,False,-1,12,0.12851926204111405,True,0.06023723748910427,0.009509779618441948,0.15034353295064087,0.038480809200294154,0.12851926204111405
20261235,5,0.0,16,32,grid,9.0,0.2249365300761397,False,-1,10,0.187592891436038,True,0.1011541695843179,0.021370878317789353,0.2941694842164563,0.039921527770173326,0.187592891436038
20261235,5,0.0,16,32,grid,10.0,0.3433496875730229,False,-1,6,0.29204320420428187,True,0.12832993820373823,0.05674813993646304,0.5235533428321211,0.06944599076871875,0.29204320420428187
20261235,5,0.0,16,32,grid,11.0,0.524098988797363,False,-1,6,0.4466489740370692,True,0.20558440437882539,0.22447949719807464,1.03502290855746,0.16203136086250308,0.4466489740370692
20261235,5,0.0,16,32,grid,12.0,0.8,False,-1,7,0.9415124980138341,True,0.8217049139339208,1.2125674645348523,1.3005062587059002,0.7354843756855867,0.9415124980138341
20261235,5,0.0,32,8,joint_aware,,0.48450346515727244,False,-1,4,0.2093374573291876,True,0.10943823864792424,0.11012220216483232,0.29175674450056377,0.13079025412975293,0.2093374573291876
20261235,5,0.0,32,8,correlation_blind,,0.48450346515727244,False,-1,4,0.2093374573291876,True,0.10943823864792424,0.11012220216483232,0.29175674450056377,0.13079025412975293,0.2093374573291876
20261235,5,0.0,32,8,delay_blind,,0.5476125865680102,False,-1,4,0.24782669958629527,True,0.15676686609627447,0.13802755183587517,0.37093840627399344,0.15234005711384366,0.24782669958629527
20261235,5,0.0,32,8,mean_only,,2.1034893587976695,True,1953,2,1000000000000.0,True,370.48195307722574,184981.0255456417,19172.030084307677,1000000000000.0,1000000000000.0
20261235,5,0.0,32,8,worstcase_correlation,,0.061225211651951904,False,-1,22,0.030396612152726533,True,0.009832664398697379,0.018333120596505825,0.0054725189667697155,0.028460613064800737,0.030396612152726533
20261235,5,0.0,32,8,grid,0.0,0.005,False,-1,276,0.008319540785932484,True,0.5408995340248357,0.31131225493450854,0.12152511382809435,0.029587174508630732,0.008319540785932484
20261235,5,0.0,32,8,grid,1.0,0.007632145998180043,False,-1,186,0.004290777723070608,True,0.40489047584893223,0.18766216793052007,0.04988747744270602,0.008872503516910773,0.004290777723070608
20261235,5,0.0,32,8,grid,2.0,0.01164993050750713,False,-1,126,0.004612406365804017,True,0.2698229756784261,0.09385830319924249,0.012966887636718305,0.003721607192790181,0.004612406365804017
20261235,5,0.0,32,8,grid,3.0,0.01778279410038923,False,-1,85,0.007217336938441668,True,0.15503847868650392,0.03562295630281354,0.0012467538039016718,0.005483420684227169,0.007217336938441668
20261235,5,0.0,32,8,grid,4.0,0.027144176165949066,False,-1,56,0.012048156267281398,True,0.07405448037912406,0.010105841367132665,0.0015757644262593042,0.01123042625692566,0.012048156267281398
20261235,5,0.0,32,8,grid,5.0,0.04143366309976846,False,-1,33,0.01996699178354181,True,0.0283254710089041,0.009322888830655662,0.0034552260733211855,0.02033383914753029,0.01996699178354181
20261235,5,0.0,32,8,grid,6.0,0.0632455532033676,False,-1,21,0.031360648762999,True,0.009020667009509223,0.019107376934029304,0.005756848725993729,0.028984205450942626,0.031360648762999
20261235,5,0.0,32,8,grid,7.0,0.096539859156753,False,-1,14,0.04389845578214968,True,0.005023358553162525,0.026830894349213694,0.012444966244838963,0.032493312207128366,0.04389845578214968
20261235,5,0.0,32,8,grid,8.0,0.1473612599456155,False,-1,10,0.05447433290947361,True,0.008951721469502804,0.031022310306405124,0.026711627480125608,0.03174041542291285,0.05447433290947361
20261235,5,0.0,32,8,grid,9.0,0.2249365300761397,False,-1,7,0.07041131777489874,True,0.020464304880751433,0.03710368333897417,0.056821337455380906,0.04228277176808532,0.07041131777489874
20261235,5,0.0,32,8,grid,10.0,0.3433496875730229,False,-1,5,0.12212796392911056,True,0.04706653947627981,0.059152229689221125,0.1384286892267294,0.08280972813952074,0.12212796392911056
20261235,5,0.0,32,8,grid,11.0,0.524098988797363,False,-1,4,0.23374620588793613,True,0.1373037910176247,0.12751109030220692,0.3410247327376939,0.1440613427935243,0.23374620588793613
20261235,5,0.0,32,8,grid,12.0,0.8,False,-1,4,0.4201655785407553,True,0.5947834822986849,0.2498414522119393,0.6988049904595409,0.27907520422642357,0.4201655785407553
20261235,5,0.0,32,32,joint_aware,,0.2890855861645199,False,-1,6,0.07629333264050216,True,0.10427208674061847,0.04546459368334958,0.04516747798778225,0.12052349516435759,0.07629333264050216
20261235,5,0.0,32,32,correlation_blind,,0.2890855861645199,False,-1,6,0.07629333264050216,True,0.10427208674061847,0.04546459368334958,0.04516747798778225,0.12052349516435759,0.07629333264050216
20261235,5,0.0,32,32,delay_blind,,0.5476125865680102,False,-1,4,191.70377277126997,True,0.8359264253356422,4.686810980737291,17.125001970117427,30.39114712006991,191.70377277126997
20261235,5,0.0,32,32,mean_only,,0.5345835420861842,False,-1,4,618.286744133937,True,0.5777716535994857,1.6318263075667865,4.038931849962986,9.378133995283756,618.286744133937
20261235,5,0.0,32,32,worstcase_correlation,,0.056406811991134544,False,-1,22,0.03495041839149765,True,0.009877801574911128,0.017690861051128808,0.005336711847866621,0.03242575633691485,0.03495041839149765
20261235,5,0.0,32,32,grid,0.0,0.005,False,-1,271,0.008246449440121352,True,0.5363717072388968,0.30741042690737896,0.1194558681019986,0.02907364455223634,0.008246449440121352
20261235,5,0.0,32,32,grid,1.0,0.007632145998180043,False,-1,184,0.004304476041247072,True,0.39802633879470395,0.1834614960427817,0.04834369943706962,0.008714068732693052,0.004304476041247072
20261235,5,0.0,32,32,grid,2.0,0.01164993050750713,False,-1,122,0.004767654164445385,True,0.26111796363732653,0.09020622374632153,0.012158429463536517,0.0038456714885426817,0.004767654164445385
20261235,5,0.0,32,32,grid,3.0,0.01778279410038923,False,-1,80,0.0077137212021992155,True,0.14610541636684848,0.033067174790707234,0.00107250050285311,0.006072339573456935,0.0077137212021992155
20261235,5,0.0,32,32,grid,4.0,0.027144176165949066,False,-1,52,0.013454746389026514,True,0.06685867532631713,0.009160765301030094,0.0016735380352516896,0.013077442178274373,0.013454746389026514
20261235,5,0.0,32,32,grid,5.0,0.04143366309976846,False,-1,31,0.023735000008369943,True,0.02408063592577242,0.010326310213609661,0.003540865008616995,0.024440601619779016,0.023735000008369943
20261235,5,0.0,32,32,grid,6.0,0.0632455532033676,False,-1,20,0.039757707646109364,True,0.007058042586915332,0.020178573207482835,0.00657472578736705,0.034569226569004366,0.039757707646109364
20261235,5,0.0,32,32,grid,7.0,0.096539859156753,False,-1,13,0.05850548395304404,True,0.004375094962421769,0.025310037054856308,0.016003906811748472,0.03536242143697097,0.05850548395304404
20261235,5,0.0,32,32,grid,8.0,0.1473612599456155,False,-1,10,0.07433517440727967,True,0.008833258841789043,0.025241452181433664,0.034487577603407565,0.021387664748533652,0.07433517440727967
20261235,5,0.0,32,32,grid,9.0,0.2249365300761397,False,-1,7,0.0738178151660974,True,0.036855284783668146,0.021366569146499488,0.05163628001265162,0.044648675460457074,0.0738178151660974
20261235,5,0.0,32,32,grid,10.0,0.3433496875730229,False,-1,5,0.09334723198559025,True,0.1468700508283901,0.16845095571472285,0.032209285833531554,0.17518784449658314,0.09334723198559025
20261235,5,0.0,32,32,grid,11.0,0.524098988797363,False,-1,4,35.70586245099104,True,0.39264236279864234,0.7007858607440295,2.8418280686101776,4.3128840124209535,35.70586245099104
20261235,5,0.0,32,32,grid,12.0,0.8,True,1872,4,1000000000000.0,True,93.64122755002651,465.8542549701085,1243576.1399275996,1000000000000.0,1000000000000.0
20261235,5,0.9,16,8,joint_aware,,0.06793567174124356,False,-1,31,0.23042687707764686,True,1.145466756712625,0.3208624984923423,0.5644590406391453,0.12467699836411805,0.23042687707764686
20261235,5,0.9,16,8,correlation_blind,,0.4363488632302189,False,-1,3,5.752146540962025,True,7.213054284206927,2.5156755299752676,3.165355748349275,1.8938536510293398,5.752146540962025
20261235,5,0.9,16,8,delay_blind,,0.0679609250345928,False,-1,31,0.23058544572418016,True,1.1460189231689837,0.32093165115797434,0.5645874723120123,0.12467065984569274,0.23058544572418016
20261235,5,0.9,16,8,mean_only,,4.115057114511728,True,57,-1,1000000000000.0,True,1000000000000.0,1000000000000.0,1000000000000.0,1000000000000.0,1000000000000.0
20261235,5,0.9,16,8,worstcase_correlation,,0.062108907189348216,False,-1,31,0.1955874911200089,True,1.0160944381985226,0.30361417004780256,0.5325570239307548,0.12608617951212087,0.1955874911200089
20261235,5,0.9,16,8,grid,0.0,0.005,False,-1,251,0.06349793346326435,True,0.5001014514003697,0.23400996176077582,0.15307340006062717,0.055634126930732344,0.06349793346326435
20261235,5,0.9,16,8,grid,1.0,0.007632145998180043,False,-1,158,0.06896820403377177,True,0.3611023989102801,0.10346978154931112,0.10802101184657878,0.04154366076420659,0.06896820403377177
20261235,5,0.9,16,8,grid,2.0,0.01164993050750713,False,-1,122,0.08636428221012105,True,0.24469471869757542,0.023866280771938628,0.10417387468541986,0.047574378519445945,0.08636428221012105
20261235,5,0.9,16,8,grid,3.0,0.01778279410038923,False,-1,68,0.10361741365867373,True,0.19881253071773444,0.01892666336065694,0.14133570501334577,0.0719159171696698,0.10361741365867373
20261235,5,0.9,16,8,grid,4.0,0.027144176165949066,False,-1,41,0.1053708673062718,True,0.2803395882628039,0.09207384536916136,0.2300382034067425,0.10232355962283876,0.1053708673062718
20261235,5,0.9,16,8,grid,5.0,0.04143366309976846,False,-1,33,0.11387633287921574,True,0.5484716380440118,0.20680507144746987,0.3752441904067926,0.12341403107457358,0.11387633287921574
20261235,5,0.9,16,8,grid,6.0,0.0632455532033676,False,-1,31,0.20208599389858586,True,1.0416130966827304,0.30720425390086004,0.5391505854724822,0.12583027345125228,0.20208599389858586
20261235,5,0.9,16,8,grid,7.0,0.096539859156753,False,-1,31,0.42796057582301317,True,1.7083731711912211,0.38822368285535114,0.6706616614664691,0.12600188284423547,0.42796057582301317
20261235,5,0.9,16,8,grid,8.0,0.1473612599456155,False,-1,19,0.7328459722011427,True,2.422718614376395,0.5467317680191727,0.759345675411667,0.2195858580001761,0.7328459722011427
20261235,5,0.9,16,8,grid,9.0,0.2249365300761397,False,-1,17,1.2781041010694076,True,3.265894817059717,0.7573140482982244,0.9250591313733945,0.5528540413804556,1.2781041010694076
20261235,5,0.9,16,8,grid,10.0,0.3433496875730229,False,-1,4,3.446271896452301,True,4.848507278314418,0.546468918558688,2.048384285291762,1.1882936786727853,3.446271896452301
20261235,5,0.9,16,8,grid,11.0,0.524098988797363,False,-1,2,7.4700945799776495,True,16.451719536608184,11.338080853869041,52.058677494301904,3.3098021902952013,7.4700945799776495
20261235,5,0.9,16,8,grid,12.0,0.8,True,513,2,1000000000000.0,True,271988.456829988,40473858781.37071,1000000000000.0,1000000000000.0,1000000000000.0
20261235,5,0.9,16,32,joint_aware,,0.06557341714513457,False,-1,31,0.2352852882281862,True,1.2147908644774439,0.3463965566017172,0.6559201676598331,0.14861627622833026,0.2352852882281862
20261235,5,0.9,16,32,correlation_blind,,0.3543562147008278,False,-1,3,8.688572571486839,True,4.911340539400338,8.019637207371954,10.944980336330408,2.3211803932473063,8.688572571486839
20261235,5,0.9,16,32,delay_blind,,0.0679609250345928,False,-1,31,0.25942365947275886,True,1.2718598568493371,0.35344288901742943,0.6741009241559769,0.1480773612501072,0.25942365947275886
20261235,5,0.9,16,32,mean_only,,1.2931845703348515,True,243,1,1000000000000.0,True,1000000000000.0,1000000000000.0,1000000000000.0,1000000000000.0,1000000000000.0
20261235,5,0.9,16,32,worstcase_correlation,,0.06012858486571272,False,-1,31,0.18613798974380552,True,1.0814318789756903,0.3283264933198468,0.6116355827071538,0.1493739703199849,0.18613798974380552
20261235,5,0.9,16,32,grid,0.0,0.005,False,-1,248,0.0635946388624246,True,0.4970655815976753,0.23021214371530802,0.1508285310315001,0.0558514031957882,0.0635946388624246
20261235,5,0.9,16,32,grid,1.0,0.007632145998180043,False,-1,156,0.06876752612076988,True,0.35689616509394184,0.09895361127539735,0.10625316373828857,0.042717971722831136,0.06876752612076988
20261235,5,0.9,16,32,grid,2.0,0.01164993050750713,False,-1,120,0.08477238903982934,True,0.24141975854366876,0.02020453277550886,0.1039961474816797,0.050464732345499794,0.08477238903982934
20261235,5,0.9,16,32,grid,3.0,0.01778279410038923,False,-1,66,0.0972104800139641,True,0.20300725413237852,0.01951044346855729,0.14565736391232714,0.07792123332331541,0.0972104800139641
20261235,5,0.9,16,32,grid,4.0,0.027144176165949066,False,-1,39,0.08858457326463037,True,0.30487861288345963,0.10213889613077375,0.2475393058418259,0.11319512856918568,0.08858457326463037
20261235,5,0.9,16,32,grid,5.0,0.04143366309976846,False,-1,32,0.08891454578730179,True,0.611563021954959,0.22983888641830627,0.42286492183305663,0.14100446562868296,0.08891454578730179
20261235,5,0.9,16,32,grid,6.0,0.0632455532033676,False,-1,31,0.21323693132226473,True,1.1582804848586798,0.33905420052120977,0.6374913858341539,0.14903805874659426,0.21323693132226473
20261235,5,0.9,16,32,grid,7.0,0.096539859156753,False,-1,31,0.6373033110850455,True,1.8687126506953338,0.43114022419316916,0.8515360092293607,0.14796460948533274,0.6373033110850455
20261235,5,0.9,16,32,grid,8.0,0.1473612599456155,False,-1,31,1.3774321406087442,True,2.5461865742348935,0.7806841221792702,1.023919864062293,0.2943845436330764,1.3774321406087442
20261235,5,0.9,16,32,grid,9.0,0.2249365300761397,False,-1,392,1.6586236048598055,True,3.053943219695396,2.5740710833782763,1.0962943870423534,1.0201607516506284,1.6586236048598055
20261235,5,0.9,16,32,grid,10.0,0.3433496875730229,False,-1,3,6.2936434533052585,True,4.539162346548886,7.5336060610587925,8.628622176639414,1.7960044074167638,6.2936434533052585
20261235,5,0.9,16,32,grid,11.0,0.524098988797363,False,-1,2,2669.383536901749,True,447.50799259914,153.94264192578956,4991.223282582505,17070.671744592677,2669.383536901749
20261235,5,0.9,16,32,grid,12.0,0.8,True,591,2,1000000000000.0,True,5054837.748981806,71021679938.41432,1000000000000.0,1000000000000.0,1000000000000.0
20261235,5,0.9,32,8,joint_aware,,0.06708632967038644,False,-1,31,0.23451600595753935,True,1.1313034448313035,0.29192484397218327,0.5746950931006204,0.1293718815006036,0.23451600595753935
20261235,5,0.9,32,8,correlation_blind,,0.48450346515727244,False,-1,3,14.004901249775244,True,166.10759826172773,20.93467114979611,23.984987591083474,31.253923455716063,14.004901249775244
20261235,5,0.9,32,8,delay_blind,,0.0681741968826708,False,-1,31,0.24347562742027687,True,1.1553705357155089,0.29450331470749697,0.5803947996912181,0.12941781068322164,0.24347562742027687
20261235,5,0.9,32,8,mean_only,,2.1034893587976695,True,99,-1,1000000000000.0,True,1000000000000.0,1000000000000.0,1000000000000.0,1000000000000.0,1000000000000.0
20261235,5,0.9,32,8,worstcase_correlation,,0.061225211651951904,False,-1,31,0.18966582948920668,True,0.9991640041970155,0.27652602344253335,0.5410034133786048,0.12909632082686756,0.18966582948920668
20261235,5,0.9,32,8,grid,0.0,0.005,False,-1,260,0.06085628397444959,True,0.5026484481521862,0.23600017505191048,0.15262721301679832,0.055914978353116186,0.06085628397444959
20261235,5,0.9,32,8,grid,1.0,0.007632145998180043,False,-1,158,0.06458784483268053,True,0.36190139523241793,0.10419621012099828,0.10706635571177335,0.04123747825904335,0.06458784483268053
20261235,5,0.9,32,8,grid,2.0,0.01164993050750713,False,-1,122,0.07843484264719507,True,0.2424001117396822,0.022168427758096014,0.10315594060567554,0.047028707665052544,0.07843484264719507
20261235,5,0.9,32,8,grid,3.0,0.01778279410038923,False,-1,68,0.09015174731470821,True,0.1932987956843293,0.013225406231286254,0.141127063790387,0.07099961431956042,0.09015174731470821
20261235,5,0.9,32,8,grid,4.0,0.027144176165949066,False,-1,40,0.0860309002211529,True,0.2738724025882455,0.08130778329264975,0.23245526789918686,0.10049465370697207,0.0860309002211529
20261235,5,0.9,32,8,grid,5.0,0.04143366309976846,False,-1,33,0.09397665531691243,True,0.5452226027013829,0.19044774396637404,0.38325047452130195,0.12196587669735437,0.09397665531691243
20261235,5,0.9,32,8,grid,6.0,0.0632455532033676,False,-1,31,0.20443370298470154,True,1.0451406437619515,0.28216202183725003,0.5532080579280376,0.12921273269846023,0.20443370298470154
20261235,5,0.9,32,8,grid,7.0,0.096539859156753,False,-1,31,0.5168734657775198,True,1.7143059359570127,0.35645109596753427,0.6820608619841482,0.14172814045930385,0.5168734657775198
20261235,5,0.9,32,8,grid,8.0,0.1473612599456155,False,-1,31,0.947715085491682,True,2.397168850730685,0.5879644622507819,0.7073009594277629,0.3101235297277076,0.947715085491682
20261235,5,0.9,32,8,grid,9.0,0.2249365300761397,False,-1,43,1.090826673059952,True,3.1730908834331486,1.2903909224327919,0.6281696757592069,1.0749925450293516,1.090826673059952
20261235,5,0.9,32,8,grid,10.0,0.3433496875730229,False,-1,4,2.2396488872950626,True,5.388366165262326,1.6573731813703962,2.3900317919436174,3.1945703658435836,2.2396488872950626
20261235,5,0.9,32,8,grid,11.0,0.524098988797363,False,-1,3,17.865385969125615,True,585.5826379689229,143.5568221414057,164.64702237801694,52.387198484214736,17.865385969125615
20261235,5,0.9,32,8,grid,12.0,0.8,True,650,2,1000000000000.0,True,216031.89275829392,124860961.36535358,1000000000000.0,1000000000000.0,1000000000000.0
20261235,5,0.9,32,32,joint_aware,,0.061344496040986844,False,-1,31,0.24468806247986605,True,1.3259715720606047,0.3160298235655747,0.6969690085659852,0.14231163844580064,0.24468806247986605
20261235,5,0.9,32,32,correlation_blind,,0.2890855861645199,False,-1,4,54.85340673086536,True,8.443177272229759,5.674630081915103,518.7294213066677,0.9199907898375166,54.85340673086536
20261235,5,0.9,32,32,delay_blind,,0.0681741968826708,False,-1,31,0.3515427912032748,True,1.540309904887456,0.3221685114278826,0.7697949357489412,0.14623376666371138,0.3515427912032748
20261235,5,0.9,32,32,mean_only,,0.5345835420861842,True,1227,3,1000000000000.0,True,95.27379743729065,110853.72268401245,2726727868.722322,1000000000000.0,1000000000000.0
20261235,5,0.9,32,32,worstcase_correlation,,0.056406811991134544,False,-1,31,0.18492357788917807,True,1.1675254229872265,0.30471174347958335,0.64233712520038,0.1405799981221226,0.18492357788917807
20261235,5,0.9,32,32,grid,0.0,0.005,False,-1,248,0.061317285913961385,True,0.4981049966488366,0.23054105314086548,0.14960990303402022,0.056169013958108194,0.061317285913961385
20261235,5,0.9,32,32,grid,1.0,0.007632145998180043,False,-1,156,0.06556460020833488,True,0.3560773119203109,0.09815024478212327,0.10508369119177224,0.04271168363193548,0.06556460020833488
20261235,5,0.9,32,32,grid,2.0,0.01164993050750713,False,-1,119,0.08009587598412853,True,0.23955616042701153,0.017779256493422577,0.10399521739338506,0.05112904831173007,0.08009587598412853
20261235,5,0.9,32,32,grid,3.0,0.01778279410038923,False,-1,66,0.08998973901934688,True,0.2059028355584718,0.01521571894151846,0.14936979522112606,0.07922246062588345,0.08998973901934688
20261235,5,0.9,32,32,grid,4.0,0.027144176165949066,False,-1,39,0.07783118875620619,True,0.32854458925738006,0.0979137466800004,0.2614130257024032,0.11209614636367245,0.07783118875620619
20261235,5,0.9,32,32,grid,5.0,0.04143366309976846,False,-1,32,0.0830094993665714,True,0.6957418137802561,0.22825779688893616,0.4585161455449048,0.13376250531435488,0.0830094993665714
20261235,5,0.9,32,32,grid,6.0,0.0632455532033676,False,-1,31,0.2715048387821087,True,1.3863569167620313,0.3187763142458815,0.7174875932662371,0.14315547095083464,0.2715048387821087
20261235,5,0.9,32,32,grid,7.0,0.096539859156753,False,-1,33,1.1704453414611156,True,2.3155459919495835,0.28341704070826373,1.0773744725938583,0.24016587358718544,1.1704453414611156
20261235,5,0.9,32,32,grid,8.0,0.1473612599456155,False,-1,335,4.752343330994489,True,3.4176612145407677,0.558218721908271,1.893853325236817,0.866990443145579,4.752343330994489
20261235,5,0.9,32,32,grid,9.0,0.2249365300761397,False,-1,891,22.107419929006138,True,5.74272056364595,3.4835580432420947,3.219887328748195,0.47722747679076816,22.107419929006138
20261235,5,0.9,32,32,grid,10.0,0.3433496875730229,False,-1,4,20985.817102331155,True,20.644462716725723,249.25012280680676,39013.85065655143,9271.230935599595,20985.817102331155
20261235,5,0.9,32,32,grid,11.0,0.524098988797363,True,1253,3,1000000000000.0,True,94.83415655023896,105447.87672241528,2285616054.589163,1000000000000.0,1000000000000.0
20261235,5,0.9,32,32,grid,12.0,0.8,True,841,2,1000000000000.0,True,3399.2782652559144,21823800.320370995,1000000000000.0,1000000000000.0,1000000000000.0
20261236,6,0.0,16,8,joint_aware,,0.4363488632302189,False,-1,3,0.14278435922782362,True,0.11390079953431458,0.1449997940310491,0.1715618077460225,0.0884812254671467,0.14278435922782362
20261236,6,0.0,16,8,correlation_blind,,0.4363488632302189,False,-1,3,0.14278435922782362,True,0.11390079953431458,0.1449997940310491,0.1715618077460225,0.0884812254671467,0.14278435922782362
20261236,6,0.0,16,8,delay_blind,,0.4373927810905379,False,-1,3,0.14315608573266084,True,0.11402913580926849,0.14573331069132203,0.1719071273850675,0.0887098744004155,0.14315608573266084
20261236,6,0.0,16,8,mean_only,,4.115057114511728,True,99,1,1000000000000.0,True,1000000000000.0,1000000000000.0,1000000000000.0,1000000000000.0,1000000000000.0
20261236,6,0.0,16,8,worstcase_correlation,,0.062108907189348216,False,-1,22,0.007447532233518322,True,0.03310938336330565,0.021216743616000223,0.06645295989463565,0.011504419916891329,0.007447532233518322
20261236,6,0.0,16,8,grid,0.0,0.005,False,-1,270,0.008319459258384081,True,0.5277122165423526,0.32119535826418605,0.13547154592395275,0.035290866598818756,0.008319459258384081
20261236,6,0.0,16,8,grid,1.0,0.007632145998180043,False,-1,179,0.0038105582090399233,True,0.387733749963199,0.2015896266907242,0.0712526162286024,0.010291182863980699,0.0038105582090399233
20261236,6,0.0,16,8,grid,2.0,0.01164993050750713,False,-1,116,0.0035454306054937415,True,0.2495049140981641,0.1139309294787505,0.0348446002204727,0.0018535018529887881,0.0035454306054937415
20261236,6,0.0,16,8,grid,3.0,0.01778279410038923,False,-1,83,0.0047802063635615545,True,0.13521840903243848,0.06347379868929655,0.019613955560555903,0.001221557413942298,0.0047802063635615545
20261236,6,0.0,16,8,grid,4.0,0.027144176165949066,False,-1,52,0.005846812491892871,True,0.06258125568422512,0.04018015351000618,0.023367452808231076,0.0027165721149266762,0.005846812491892871
20261236,6,0.0,16,8,grid,5.0,0.04143366309976846,False,-1,33,0.006436672979790664,True,0.034039600725558776,0.02846592283123825,0.041347515125281536,0.006237506197446414,0.006436672979790664
20261236,6,0.0,16,8,grid,6.0,0.0632455532033676,False,-1,22,0.007520962450764856,True,0.03336037636100457,0.020966564292474156,0.06767118118768506,0.01174582807395509,0.007520962450764856
20261236,6,0.0,16,8,grid,7.0,0.096539859156753,False,-1,12,0.010561439896629105,True,0.04248199011274642,0.017165429094208286,0.09475699363229007,0.01657570948907914,0.010561439896629105
20261236,6,0.0,16,8,grid,8.0,0.1473612599456155,False,-1,8,0.019313791034094408,True,0.059131697176687405,0.019544441231879362,0.11246296855557891,0.02110858350624665,0.019313791034094408
20261236,6,0.0,16,8,grid,9.0,0.2249365300761397,False,-1,4,0.04589571751880055,True,0.08238606896453995,0.03601245761252037,0.12234526017412921,0.03409294817445336,0.04589571751880055
20261236,6,0.0,16,8,grid,10.0,0.3433496875730229,False,-1,4,0.10380534469390866,True,0.10296199239414684,0.08662800024983836,0.14399008207299324,0.06543851667174894,0.10380534469390866
20261236,6,0.0,16,8,grid,11.0,0.524098988797363,False,-1,3,0.16983139455216878,True,0.12677053866840882,0.21219802994980574,0.2022159972110832,0.10496730327557162,0.16983139455216878
20261236,6,0.0,16,8,grid,12.0,0.8,False,-1,3,0.2588608649368703,True,0.22425047256288827,0.4910856277480745,0.32850082379261375,0.12076173571911417,0.2588608649368703
20261236,6,0.0,16,32,joint_aware,,0.3543562147008278,False,-1,4,0.29499588137975363,True,0.17112750466451632,0.1624484579121242,0.23496297340636335,0.18987022781417578,0.29499588137975363
20261236,6,0.0,16,32,correlation_blind,,0.3543562147008278,False,-1,4,0.29499588137975363,True,0.17112750466451632,0.1624484579121242,0.23496297340636335,0.18987022781417578,0.29499588137975363
20261236,6,0.0,16,32,delay_blind,,0.4373927810905379,False,-1,3,0.5534227352736482,True,0.21252285281346414,0.36042335756191335,0.44561471478358905,0.2509702296220825,0.5534227352736482
20261236,6,0.0,16,32,mean_only,,1.2931845703348515,True,1738,2,1000000000000.0,True,90.72362100178923,243.99502572276836,2091453.836406515,1000000000000.0,1000000000000.0
20261236,6,0.0,16,32,worstcase_correlation,,0.06012858486571272,False,-1,22,0.007945910339067939,True,0.033913236715184945,0.019067485610105864,0.07270246380417375,0.012663880799155912,0.007945910339067939
20261236,6,0.0,16,32,grid,0.0,0.005,False,-1,268,0.008287289632868617,True,0.5259613336091684,0.3195575643436699,0.13472913135540565,0.035066240740222965,0.008287289632868617
20261236,6,0.0,16,32,grid,1.0,0.007632145998180043,False,-1,178,0.0038198222875513044,True,0.3850401821373519,0.19972597286854082,0.07074882616341434,0.010185358406275569,0.0038198222875513044
20261236,6,0.0,16,32,grid,2.0,0.01164993050750713,False,-1,116,0.0036007450598355426,True,0.245970853144801,0.11218379419307659,0.03459152791880736,0.0018503325235582826,0.0036007450598355426
20261236,6,0.0,16,32,grid,3.0,0.01778279410038923,False,-1,82,0.004888172707494712,True,0.1314051246155128,0.06207787805236967,0.019884127020269003,0.0012885840986658621,0.004888172707494712
20261236,6,0.0,16,32,grid,4.0,0.027144176165949066,False,-1,51,0.006004099061998737,True,0.05955965488267592,0.038858207283316945,0.0249853692494703,0.0029282602060504014,0.006004099061998737
20261236,6,0.0,16,32,grid,5.0,0.04143366309976846,False,-1,32,0.006724497305366441,True,0.033122800595509067,0.026562978745619293,0.04562012237042477,0.006949430218004718,0.006724497305366441
20261236,6,0.0,16,32,grid,6.0,0.0632455532033676,False,-1,20,0.008212765919854897,True,0.03483050806745945,0.018266398164430358,0.07679597496391233,0.013508679215693582,0.008212765919854897
20261236,6,0.0,16,32,grid,7.0,0.096539859156753,False,-1,11,0.01225032479091315,True,0.04680739772870574,0.01398737288186732,0.11024294130800402,0.02082972294946678,0.01225032479091315
20261236,6,0.0,16,32,grid,8.0,0.1473612599456155,False,-1,8,0.023808549720705,True,0.07249539058142729,0.01677044323211412,0.13287362202077926,0.03282274995982007,0.023808549720705
20261236,6,0.0,16,32,grid,9.0,0.2249365300761397,False,-1,4,0.07057418087995046,True,0.11237571288286183,0.03581709035749891,0.14864310394520677,0.07324089015859735,0.07057418087995046
20261236,6,0.0,16,32,grid,10.0,0.3433496875730229,False,-1,4,0.2680483865847907,True,0.1661371983840816,0.14400579570426597,0.21997359227674398,0.18005780509013697,0.2680483865847907
20261236,6,0.0,16,32,grid,11.0,0.524098988797363,False,-1,3,0.9731289261526447,True,0.2751266610648195,0.6593390142321214,0.9254786060079148,0.2950892976659769,0.9731289261526447
20261236,6,0.0,16,32,grid,12.0,0.8,False,-1,2,7.4509581560603015,True,0.8679778801559155,0.8222092811881047,3.716275893972573,0.3468770829282704,7.4509581560603015
20261236,6,0.0,32,8,joint_aware,,0.48450346515727244,False,-1,3,0.06625198201584757,True,0.05140183731234181,0.16284797913971993,0.6339356093253699,0.17459535594611666,0.06625198201584757
20261236,6,0.0,32,8,correlation_blind,,0.48450346515727244,False,-1,3,0.06625198201584757,True,0.05140183731234181,0.16284797913971993,0.6339356093253699,0.17459535594611666,0.06625198201584757
20261236,6,0.0,32,8,delay_blind,,0.5476125865680102,False,-1,3,0.06758959448844651,True,0.07348976990107117,0.19717067775345337,0.7692829510881745,0.22476222102406634,0.06758959448844651
20261236,6,0.0,32,8,mean_only,,2.1034893587976695,True,1576,1,1000000000000.0,True,2345.504559064913,29.664142331565877,35512655.99023588,1000000000000.0,1000000000000.0
20261236,6,0.0,32,8,worstcase_correlation,,0.061225211651951904,False,-1,22,0.012449801614618373,True,0.013806478371831965,0.010565595295305256,0.05321474613244201,0.01698501420768482,0.012449801614618373
20261236,6,0.0,32,8,grid,0.0,0.005,False,-1,283,0.008482639605696035,True,0.5358769023068284,0.3145967864071942,0.127419990673076,0.03429124181525109,0.008482639605696035
20261236,6,0.0,32,8,grid,1.0,0.007632145998180043,False,-1,181,0.004006071867090616,True,0.39742020965194563,0.18800761899887108,0.057581965278774946,0.011517170182307404,0.004006071867090616
20261236,6,0.0,32,8,grid,2.0,0.01164993050750713,False,-1,116,0.003748631047383023,True,0.25946185645919934,0.09213378203436166,0.020597961596298394,0.004010708291793183,0.003748631047383023
20261236,6,0.0,32,8,grid,3.0,0.01778279410038923,False,-1,83,0.005162787345061992,True,0.14254421051333144,0.035254861778586784,0.009520833376947362,0.0037634499729006132,0.005162787345061992
20261236,6,0.0,32,8,grid,4.0,0.027144176165949066,False,-1,54,0.0070023964517620715,True,0.0626847279039872,0.012225890682392437,0.016499775553611103,0.006770578959346216,0.0070023964517620715
20261236,6,0.0,32,8,grid,5.0,0.04143366309976846,False,-1,36,0.009133950549969091,True,0.023435119592181013,0.00846280124627785,0.03282237759830297,0.012021716526295011,0.009133950549969091
20261236,6,0.0,32,8,grid,6.0,0.0632455532033676,False,-1,21,0.012839736641622593,True,0.013691738486352715,0.010813669833547857,0.05516525967684478,0.01732350272658566,0.012839736641622593
20261236,6,0.0,32,8,grid,7.0,0.096539859156753,False,-1,12,0.020489925871724875,True,0.015791754231313692,0.01531616647927738,0.08467105474205983,0.0200511592955461,0.020489925871724875
20261236,6,0.0,32,8,grid,8.0,0.1473612599456155,False,-1,9,0.034375668821984125,True,0.018917914957485297,0.025211254734428194,0.12438338174977648,0.021537764875130094,0.034375668821984125
20261236,6,0.0,32,8,grid,9.0,0.2249365300761397,False,-1,5,0.05290783891532119,True,0.021345071066469504,0.04397108841883379,0.18957015988934048,0.03374057548859619,0.05290783891532119
20261236,6,0.0,32,8,grid,10.0,0.3433496875730229,False,-1,4,0.0650410178892627,True,0.026780125697179226,0.0881525389579142,0.34262685815893157,0.0830389624912272,0.0650410178892627
20261236,6,0.0,32,8,grid,11.0,0.524098988797363,False,-1,3,0.06687125576073602,True,0.06432808838202034,0.184236577526828,0.7209089564317746,0.2053890951162839,0.06687125576073602
20261236,6,0.0,32,8,grid,12.0,0.8,False,-1,3,0.09528620516266316,True,0.21641429488945665,0.4214743743769331,0.9439910749944621,0.5001794776036391,0.09528620516266316
20261236,6,0.0,32,32,joint_aware,,0.2890855861645199,False,-1,4,0.2679667538452413,True,0.014593148658226031,0.09140048150825215,0.4732020918161738,0.06922658458590436,0.2679667538452413
20261236,6,0.0,32,32,correlation_blind,,0.2890855861645199,False,-1,4,0.2679667538452413,True,0.014593148658226031,0.09140048150825215,0.4732020918161738,0.06922658458590436,0.2679667538452413
20261236,6,0.0,32,32,delay_blind,,0.5476125865680102,False,-1,3,336.26860125371365,True,2.97200229551078,18.493261685200345,45.15388037649453,35.16613606377303,336.26860125371365
20261236,6,0.0,32,32,mean_only,,0.5345835420861842,False,-1,3,11.922462286233461,True,2.8369209851683284,12.73019745341371,9.126742504337036,3.28354152743209,11.922462286233461
20261236,6,0.0,32,32,worstcase_correlation,,0.056406811991134544,False,-1,22,0.01336271145280258,True,0.014719247607621761,0.00942654120863773,0.05756548515837696,0.01721187178453302,0.01336271145280258
20261236,6,0.0,32,32,grid,0.0,0.005,False,-1,278,0.008384766597176326,True,0.5314302672743331,0.3104901917793938,0.12544492204400096,0.033737425918974884,0.008384766597176326
20261236,6,0.0,32,32,grid,1.0,0.007632145998180043,False,-1,179,0.003989577656374169,True,0.3906376748833893,0.18333975783634737,0.056176111548795905,0.01124853021377758,0.003989577656374169
20261236,6,0.0,32,32,grid,2.0,0.01164993050750713,False,-1,113,0.003810902976082918,True,0.2507502123290881,0.08789884170193787,0.019947066800670297,0.004010009511954055,0.003810902976082918
20261236,6,0.0,32,32,grid,3.0,0.01778279410038923,False,-1,80,0.005311797243036214,True,0.13342177976132583,0.03248853529521029,0.010030034398272367,0.004089846172423832,0.005311797243036214
20261236,6,0.0,32,32,grid,4.0,0.027144176165949066,False,-1,51,0.0072570044084312845,True,0.0553923030365802,0.011256410380032198,0.018877964484850702,0.007572247926226206,0.0072570044084312845
20261236,6,0.0,32,32,grid,5.0,0.04143366309976846,False,-1,31,0.009812029593670033,True,0.020294681087177625,0.008221780096912087,0.03813750223382344,0.013276700962805886,0.009812029593670033
20261236,6,0.0,32,32,grid,6.0,0.0632455532033676,False,-1,19,0.015413137959164514,True,0.014944369954598398,0.010077719420490763,0.06611241723577047,0.01826565086532009,0.015413137959164514
20261236,6,0.0,32,32,grid,7.0,0.096539859156753,False,-1,11,0.028644288726839287,True,0.017796212470663982,0.014677127221049354,0.10369724381737526,0.019050502938274518,0.028644288726839287
20261236,6,0.0,32,32,grid,8.0,0.1473612599456155,False,-1,8,0.05999801822263711,True,0.027410147636791362,0.03339340945912307,0.15451777057045923,0.015150053640447138,0.05999801822263711
20261236,6,0.0,32,32,grid,9.0,0.2249365300761397,False,-1,5,0.1423387028650838,True,0.04144353108702602,0.06891267983570284,0.282483567557422,0.019113339235592126,0.1423387028650838
20261236,6,0.0,32,32,grid,10.0,0.3433496875730229,False,-1,4,0.4456397479181536,True,0.01969565410391566,0.10587516115703555,0.6253744934115546,0.1854573433789483,0.4456397479181536
20261236,6,0.0,32,32,grid,11.0,0.524098988797363,False,-1,3,3.2448789829294515,True,2.7123128942151915,8.822902620939955,1.838727465620097,1.2418594359160209,3.2448789829294515
20261236,6,0.0,32,32,grid,12.0,0.8,True,2181,3,1000000000000.0,True,7.136946757840195,167.8246649169073,266710.76849026437,96162001101.99966,1000000000000.0
20261236,6,0.9,16,8,joint_aware,,0.06793567174124356,False,-1,31,0.5168586980050563,True,0.8626155513244748,0.27246151051783296,0.26965040311889377,0.047044313886261825,0.5168586980050563
20261236,6,0.9,16,8,correlation_blind,,0.4363488632302189,False,-1,8,10.167114075655114,True,6.817619624500533,4.702404081371047,2.389767042528855,1.5234688423795855,10.167114075655114
20261236,6,0.9,16,8,delay_blind,,0.0679609250345928,False,-1,31,0.517310774557738,True,0.8629682857441849,0.2724077627824173,0.26979154100935165,0.04703178883704473,0.517310774557738
20261236,6,0.9,16,8,mean_only,,4.115057114511728,True,43,-1,1000000000000.0,True,1000000000000.0,1000000000000.0,1000000000000.0,1000000000000.0,1000000000000.0
20261236,6,0.9,16,8,worstcase_correlation,,0.062108907189348216,False,-1,33,0.4186712020331621,True,0.7828150405974013,0.2852461363796285,0.23701568476186916,0.05021538086965027,0.4186712020331621
20261236,6,0.9,16,8,grid,0.0,0.005,False,-1,387,0.00419643085895469,True,0.6305677034084854,0.4346604552444048,0.1723251628465328,0.02035298803028086,0.00419643085895469
20261236,6,0.9,16,8,grid,1.0,0.007632145998180043,False,-1,314,0.014516998649144687,True,0.533059219324413,0.37675446793680134,0.11164821884120214,0.003915778032511643,0.014516998649144687
20261236,6,0.9,16,8,grid,2.0,0.01164993050750713,False,-1,141,0.0388937922151908,True,0.45103766361909575,0.35697192342603534,0.07702042073453698,0.011937888238333985,0.0388937922151908
20261236,6,0.9,16,8,grid,3.0,0.01778279410038923,False,-1,95,0.07098101169104286,True,0.40884852917642434,0.35945118112754604,0.0608789891572957,0.03425548896379177,0.07098101169104286
20261236,6,0.9,16,8,grid,4.0,0.027144176165949066,False,-1,91,0.10614068835141152,True,0.4290577672433593,0.35781596201291205,0.06949630868713949,0.05290251422782398,0.10614068835141152
20261236,6,0.9,16,8,grid,5.0,0.04143366309976846,False,-1,88,0.17933140932041247,True,0.5392843140182473,0.3331115875183174,0.12524014931275068,0.0590651374085218,0.17933140932041247
20261236,6,0.9,16,8,grid,6.0,0.0632455532033676,False,-1,32,0.4368428844454266,True,0.7981090208571296,0.2826967603609079,0.24338809602037198,0.049563588655796256,0.4368428844454266
20261236,6,0.9,16,8,grid,7.0,0.096539859156753,False,-1,14,1.1460265584916711,True,1.274436506094041,0.22437018912396386,0.42630695311303346,0.04768434472441817,1.1460265584916711
20261236,6,0.9,16,8,grid,8.0,0.1473612599456155,False,-1,9,2.5603182785527534,True,1.9025383954880162,0.23002705885437535,0.7059392769173256,0.12744431747196883,2.5603182785527534
20261236,6,0.9,16,8,grid,9.0,0.2249365300761397,False,-1,8,4.7444055989433584,True,2.65179692746048,0.6646509207393996,1.152116163700293,0.28029396815427904,4.7444055989433584
20261236,6,0.9,16,8,grid,10.0,0.3433496875730229,False,-1,8,8.01034152240121,True,3.961813112896585,2.8922392872051566,1.79151993858907,0.682106495358914,8.01034152240121
20261236,6,0.9,16,8,grid,11.0,0.524098988797363,False,-1,9,9.780025410764598,True,21.939381772754732,3.3523413417149754,2.2983260875625766,1.7834383823705264,9.780025410764598
20261236,6,0.9,16,8,grid,12.0,0.8,True,747,-1,1000000000000.0,True,1035.1783466043025,173485678.37089866,1000000000000.0,1000000000000.0,1000000000000.0
20261236,6,0.9,16,32,joint_aware,,0.06557341714513457,False,-1,32,0.5495924764342094,True,1.037653292864166,0.31131866997123875,0.2356082572407383,0.07167084338537255,0.5495924764342094
20261236,6,0.9,16,32,correlation_blind,,0.3543562147008278,False,-1,13,25.160838940473166,True,6.891421415168389,4.01602058750587,1.6572897996769904,0.7939972545279526,25.160838940473166
20261236,6,0.9,16,32,delay_blind,,0.0679609250345928,False,-1,31,0.5992928091011078,True,1.0898993008562319,0.30608645316449,0.24652641295937652,0.0725555904356484,0.5992928091011078
20261236,6,0.9,16,32,mean_only,,1.2931845703348515,True,397,-1,1000000000000.0,True,44995580.90154169,1000000000000.0,1000000000000.0,1000000000000.0,1000000000000.0
20261236,6,0.9,16,32,worstcase_correlation,,0.06012858486571272,False,-1,33,0.4457731520885985,True,0.9234626568177623,0.32353337044826375,0.20992906283619578,0.07045993074302759,0.4457731520885985
20261236,6,0.9,16,32,grid,0.0,0.005,False,-1,385,0.004224408909237407,True,0.6278467249503304,0.43293902054664013,0.17069515873660274,0.01958048484540671,0.004224408909237407
20261236,6,0.9,16,32,grid,1.0,0.007632145998180043,False,-1,313,0.015012502790500147,True,0.5292141144466962,0.37696965475310457,0.11024830854653482,0.0033910944557521416,0.015012502790500147
20261236,6,0.9,16,32,grid,2.0,0.01164993050750713,False,-1,140,0.04037892093476861,True,0.44749552923141755,0.3622075124955556,0.0754115006498667,0.011937410359219431,0.04037892093476861
20261236,6,0.9,16,32,grid,3.0,0.01778279410038923,False,-1,95,0.07437193812755982,True,0.4101861637205648,0.3728728824854895,0.058004573793796865,0.03513851456945616,0.07437193812755982
20261236,6,0.9,16,32,grid,4.0,0.027144176165949066,False,-1,91,0.11334714902620233,True,0.4461882526639635,0.38092651675327605,0.06499854996438709,0.05544496621775203,0.11334714902620233
20261236,6,0.9,16,32,grid,5.0,0.04143366309976846,False,-1,88,0.19867011755821162,True,0.6008787628079699,0.3641208110438411,0.11863146126505197,0.06710749373159464,0.19867011755821162
20261236,6,0.9,16,32,grid,6.0,0.0632455532033676,False,-1,32,0.5035508748509563,True,0.9879317024005518,0.3165014984433095,0.22475485027358655,0.07103737300132754,0.5035508748509563
20261236,6,0.9,16,32,grid,7.0,0.096539859156753,False,-1,14,1.359037896477064,True,1.761934896419605,0.25421912165491517,0.3599716927893163,0.11651442584353562,1.359037896477064
20261236,6,0.9,16,32,grid,8.0,0.1473612599456155,False,-1,9,3.244183967022268,True,2.784929946557609,0.22642102710017037,0.5230232002960712,0.43322556514854504,3.244183967022268
20261236,6,0.9,16,32,grid,9.0,0.2249365300761397,False,-1,9,7.702905375490305,True,3.8546170196432787,0.432879350019709,0.7764200336658659,1.1957602963582161,7.702905375490305
20261236,6,0.9,16,32,grid,10.0,0.3433496875730229,False,-1,9,23.14601156939356,True,6.3904715479649346,3.0448189653786173,1.518374979214189,0.8663734156317293,23.14601156939356
20261236,6,0.9,16,32,grid,11.0,0.524098988797363,False,-1,-1,63716.874632952284,True,15.113191930850915,468.52537509967965,761.9447982705558,13.7475804586719,63716.874632952284
20261236,6,0.9,16,32,grid,12.0,0.8,True,837,-1,1000000000000.0,True,2090.5852166727623,27304191.023531314,1000000000000.0,1000000000000.0,1000000000000.0
20261236,6,0.9,32,8,joint_aware,,0.06708632967038644,False,-1,31,0.5942097732731402,True,0.9037211523244424,0.30837790801880155,0.31126519540815867,0.07295651230751693,0.5942097732731402
20261236,6,0.9,32,8,correlation_blind,,0.48450346515727244,False,-1,719,122.57802765354594,True,9.307706705560376,109.2338002104829,2.1942423896163374,3.314772372673053,122.57802765354594
20261236,6,0.9,32,8,delay_blind,,0.0681741968826708,False,-1,31,0.6186917283923422,True,0.9225156092672033,0.3064032622230765,0.31837712419657704,0.07322241150033056,0.6186917283923422
20261236,6,0.9,32,8,mean_only,,2.1034893587976695,True,103,-1,1000000000000.0,True,1000000000000.0,1000000000000.0,1000000000000.0,1000000000000.0,1000000000000.0
20261236,6,0.9,32,8,worstcase_correlation,,0.061225211651951904,False,-1,32,0.4722869997864006,True,0.8057101839121484,0.31936392561484234,0.27263349587909286,0.07210737085249891,0.4722869997864006
20261236,6,0.9,32,8,grid,0.0,0.005,False,-1,366,0.00397444704400164,True,0.6267826393924417,0.4290950927358245,0.16631790990890305,0.019094349505582017,0.00397444704400164
20261236,6,0.9,32,8,grid,1.0,0.007632145998180043,False,-1,285,0.015484226968405094,True,0.526199419152863,0.3711863664952366,0.10333306258843188,0.003514135665353319,0.015484226968405094
20261236,6,0.9,32,8,grid,2.0,0.01164993050750713,False,-1,138,0.04169301042913907,True,0.43989064375494114,0.354437035584701,0.06753575677235361,0.011748220445011268,0.04169301042913907
20261236,6,0.9,32,8,grid,3.0,0.01778279410038923,False,-1,95,0.07578340673759354,True,0.39315174685178156,0.363730667573052,0.05373262850340391,0.03386715272051811,0.07578340673759354
20261236,6,0.9,32,8,grid,4.0,0.027144176165949066,False,-1,91,0.11234192164216213,True,0.41160093667627523,0.3715267913022745,0.07107732534767375,0.054299756189875446,0.11234192164216213
20261236,6,0.9,32,8,grid,5.0,0.04143366309976846,False,-1,88,0.19525368032104737,True,0.5319371727471545,0.35668051528076944,0.14369000946106592,0.0680211368163455,0.19525368032104737
20261236,6,0.9,32,8,grid,6.0,0.0632455532033676,False,-1,32,0.5123712645911782,True,0.8388249629907767,0.3155186786472747,0.2860014028012077,0.0723120966526139,0.5123712645911782
20261236,6,0.9,32,8,grid,7.0,0.096539859156753,False,-1,14,1.4270381039566795,True,1.4407012923146043,0.2657456815257629,0.4947331963052422,0.10552882704156703,1.4270381039566795
20261236,6,0.9,32,8,grid,8.0,0.1473612599456155,False,-1,9,3.3592001359527517,True,2.2430190266682613,0.2597713001033782,0.775063931607924,0.31434123520667434,3.3592001359527517
20261236,6,0.9,32,8,grid,9.0,0.2249365300761397,False,-1,9,6.431773187914612,True,3.1213575090075922,0.6131505993080619,1.1327040141730151,0.6369155396884435,6.431773187914612
20261236,6,0.9,32,8,grid,10.0,0.3433496875730229,False,-1,9,10.366768553378947,True,4.4378565299010715,6.978445092134948,1.4162385674675728,0.7597936735002512,10.366768553378947
20261236,6,0.9,32,8,grid,11.0,0.524098988797363,False,-1,-1,526.0896628865071,True,11.239106061841028,455.62941811699073,94.42386422890782,9.891786674923548,526.0896628865071
20261236,6,0.9,32,8,grid,12.0,0.8,True,916,-1,1000000000000.0,True,2314.901810434886,394124.96196485136,1000000000000.0,1000000000000.0,1000000000000.0
20261236,6,0.9,32,32,joint_aware,,0.061344496040986844,False,-1,33,0.5826575355602056,True,1.1397241512162914,0.2821254297004565,0.300823403298864,0.10557648231590948,0.5826575355602056
20261236,6,0.9,32,32,correlation_blind,,0.2890855861645199,False,-1,9,93.28648794871704,True,6.067795677418539,6.153072938876602,0.8286332524351625,17.381840345008754,93.28648794871704
20261236,6,0.9,32,32,delay_blind,,0.0681741968826708,False,-1,31,0.7736750032465808,True,1.38222050395813,0.2572427726764888,0.34799933190351423,0.10859094215226793,0.7736750032465808
20261236,6,0.9,32,32,mean_only,,0.5345835420861842,True,2008,-1,1000000000000.0,True,111.83023683435422,6948.563812131651,8093189.714361541,869497280608.1777,1000000000000.0
20261236,6,0.9,32,32,worstcase_correlation,,0.056406811991134544,False,-1,34,0.46519278542933223,True,0.9845897743157442,0.3008983979547483,0.26454777278558017,0.10300857429711391,0.46519278542933223
20261236,6,0.9,32,32,grid,0.0,0.005,False,-1,364,0.003894736623573072,True,0.6213317592864073,0.4251566876357719,0.1635110829759482,0.01812758636200784,0.003894736623573072
20261236,6,0.9,32,32,grid,1.0,0.007632145998180043,False,-1,278,0.01608751402638061,True,0.5182067297608315,0.36912846297972574,0.10082486527343931,0.0029424020046610916,0.01608751402638061
20261236,6,0.9,32,32,grid,2.0,0.01164993050750713,False,-1,135,0.043867763796822556,True,0.43142320180255345,0.35714860810348503,0.06468579067639242,0.012053462976598628,0.043867763796822556
20261236,6,0.9,32,32,grid,3.0,0.01778279410038923,False,-1,95,0.08037760018322992,True,0.3910778478712007,0.3721145846454687,0.04967177869798415,0.03603426176424137,0.08037760018322992
20261236,6,0.9,32,32,grid,4.0,0.027144176165949066,False,-1,91,0.12024703425319351,True,0.43226921416686764,0.38152292845020014,0.06888156309417826,0.06144004631309667,0.12024703425319351
20261236,6,0.9,32,32,grid,5.0,0.04143366309976846,False,-1,88,0.21987977993178007,True,0.6257469810843477,0.35419336586869127,0.15316872488645367,0.08827396907526372,0.21987977993178007
20261236,6,0.9,32,32,grid,6.0,0.0632455532033676,False,-1,32,0.632569239976455,True,1.2041112064651325,0.2750198939324084,0.3143783652556993,0.1064376114176266,0.632569239976455
20261236,6,0.9,32,32,grid,7.0,0.096539859156753,False,-1,14,1.8739200996454686,True,2.586554057189967,0.19159728332730072,0.47030053909298414,0.13951365559784906,1.8739200996454686
20261236,6,0.9,32,32,grid,8.0,0.1473612599456155,False,-1,9,4.648269701922191,True,4.142440411102333,0.31419573193730155,0.518078485250194,0.8984806157063809,4.648269701922191
20261236,6,0.9,32,32,grid,9.0,0.2249365300761397,False,-1,9,17.666054696934093,True,5.033802771460862,1.9246584452770432,1.7740539916830944,7.607802327894736,17.666054696934093
20261236,6,0.9,32,32,grid,10.0,0.3433496875730229,False,-1,13,240.2001672360916,True,14.657124823877297,13.902178411630093,542.7057354444948,78.80270233914383,240.2001672360916
20261236,6,0.9,32,32,grid,11.0,0.524098988797363,True,2108,-1,1000000000000.0,True,93.33103847120357,7074.083035995268,1661219.208691938,111756691244.11378,1000000000000.0
20261236,6,0.9,32,32,grid,12.0,0.8,True,873,-1,1000000000000.0,True,2555.1515079299515,11056602.113413412,1000000000000.0,1000000000000.0,1000000000000.0
20261237,7,0.0,16,8,joint_aware,,0.4363488632302189,False,-1,3,0.576067708871914,True,0.15692671596164243,0.23459098018077257,0.448574020254386,0.06788083329397274,0.576067708871914
20261237,7,0.0,16,8,correlation_blind,,0.4363488632302189,False,-1,3,0.576067708871914,True,0.15692671596164243,0.23459098018077257,0.448574020254386,0.06788083329397274,0.576067708871914
20261237,7,0.0,16,8,delay_blind,,0.4373927810905379,False,-1,3,0.5768870288491666,True,0.15758755470670244,0.23486074128994475,0.4508430511706848,0.06800763732016112,0.5768870288491666
20261237,7,0.0,16,8,mean_only,,4.115057114511728,True,93,-1,1000000000000.0,True,1000000000000.0,1000000000000.0,1000000000000.0,1000000000000.0,1000000000000.0
20261237,7,0.0,16,8,worstcase_correlation,,0.062108907189348216,False,-1,25,0.056986328265390435,True,0.030141984287531922,0.05242822853879905,0.004748707540792692,0.005224303422619899,0.056986328265390435
20261237,7,0.0,16,8,grid,0.0,0.005,False,-1,292,0.00653376744109173,True,0.5473494109199251,0.33256689526535904,0.15060060867998173,0.04901390801617564,0.00653376744109173
20261237,7,0.0,16,8,grid,1.0,0.007632145998180043,False,-1,178,0.0025220550456823186,True,0.41605178744399085,0.21839513421444687,0.08543698943362481,0.02055278094886047,0.0025220550456823186
20261237,7,0.0,16,8,grid,2.0,0.01164993050750713,False,-1,110,0.0029586591064754792,True,0.28682049753915345,0.13367300389209036,0.047333215829712845,0.007798842069521863,0.0029586591064754792
20261237,7,0.0,16,8,grid,3.0,0.01778279410038923,False,-1,72,0.005426502881325969,True,0.17746054527141544,0.08096536012007707,0.02535982297854199,0.0042425494725019264,0.005426502881325969
20261237,7,0.0,16,8,grid,4.0,0.027144176165949066,False,-1,50,0.011709995321377368,True,0.09919784733945435,0.05369430827479506,0.012138953567964777,0.004214883038134228,0.011709995321377368
20261237,7,0.0,16,8,grid,5.0,0.04143366309976846,False,-1,31,0.026762642149875036,True,0.05198786756589701,0.04523769618846438,0.005215134443873414,0.0046900677213862745,0.026762642149875036
20261237,7,0.0,16,8,grid,6.0,0.0632455532033676,False,-1,25,0.05886154959554664,True,0.029613527080673926,0.053079705829485846,0.004890311829065903,0.005277932541934315,0.05886154959554664
20261237,7,0.0,16,8,grid,7.0,0.096539859156753,False,-1,19,0.11983019825745522,True,0.026361622019731117,0.07597298225180123,0.012773596500651579,0.008526391543121648,0.11983019825745522
20261237,7,0.0,16,8,grid,8.0,0.1473612599456155,False,-1,13,0.21981490759551142,True,0.03713153539186698,0.11348556495209186,0.03360795063381789,0.017872156135789432,0.21981490759551142
20261237,7,0.0,16,8,grid,9.0,0.2249365300761397,False,-1,13,0.3519402265383355,True,0.06074755048841134,0.1620870671911733,0.09223475214575164,0.033851050754901614,0.3519402265383355
20261237,7,0.0,16,8,grid,10.0,0.3433496875730229,False,-1,3,0.4940468271065499,True,0.10628791943205365,0.20952452930535595,0.26164813324813585,0.05477992768249495,0.4940468271065499
20261237,7,0.0,16,8,grid,11.0,0.524098988797363,False,-1,3,0.6375752750754403,True,0.2195924727591443,0.25895293493195987,0.6459234465737949,0.07674526090324768,0.6375752750754403
20261237,7,0.0,16,8,grid,12.0,0.8,False,-1,2,0.7267032181479556,True,0.4820551742734298,0.38494307336337424,1.2260102815355944,0.08472699478336712,0.7267032181479556
20261237,7,0.0,16,32,joint_aware,,0.3543562147008278,False,-1,3,0.520492810437659,True,0.11928101670608478,0.3205398725683677,0.4161465215745902,0.06432745616230216,0.520492810437659
20261237,7,0.0,16,32,correlation_blind,,0.3543562147008278,False,-1,3,0.520492810437659,True,0.11928101670608478,0.3205398725683677,0.4161465215745902,0.06432745616230216,0.520492810437659
20261237,7,0.0,16,32,delay_blind,,0.4373927810905379,False,-1,3,0.6191001141549237,True,0.15844169588825294,0.4440610380270971,0.7129156554052923,0.08865576382321111,0.6191001141549237
20261237,7,0.0,16,32,mean_only,,1.2931845703348515,True,3608,2,1000000000000.0,True,119.42462427105218,11387.326198947207,12200.844070831195,365035340.0884692,1000000000000.0
20261237,7,0.0,16,32,worstcase_correlation,,0.06012858486571272,False,-1,24,0.05806698773714168,True,0.030642424631575283,0.05319631768466383,0.0054369514983191244,0.004695004773809967,0.05806698773714168
20261237,7,0.0,16,32,grid,0.0,0.005,False,-1,292,0.006499177862622195,True,0.5454263110823762,0.3309403472360979,0.14968180306882142,0.04866096769975557,0.006499177862622195
20261237,7,0.0,16,32,grid,1.0,0.007632145998180043,False,-1,177,0.0025401836077637453,True,0.41318536545511453,0.21671331764636892,0.08469886389476303,0.020284458183832916,0.0025401836077637453
20261237,7,0.0,16,32,grid,2.0,0.01164993050750713,False,-1,108,0.003028948807141426,True,0.28326463275492375,0.13235119911363968,0.04677272849972839,0.007621428724711158,0.003028948807141426
20261237,7,0.0,16,32,grid,3.0,0.01778279410038923,False,-1,70,0.005612875114574198,True,0.17396028054346077,0.08023165063750398,0.02484010060759164,0.004144203154621951,0.005612875114574198
20261237,7,0.0,16,32,grid,4.0,0.027144176165949066,False,-1,49,0.012299626844381024,True,0.0966067948229629,0.05353429067286508,0.011611724544038526,0.004101910443120432,0.012299626844381024
20261237,7,0.0,16,32,grid,5.0,0.04143366309976846,False,-1,29,0.028590131720321838,True,0.050594363776408,0.04586255203299976,0.0049917823971501974,0.004389457594664473,0.028590131720321838
20261237,7,0.0,16,32,grid,6.0,0.0632455532033676,False,-1,23,0.06363048550353133,True,0.029188967336282727,0.05515156121902465,0.006055476903067654,0.004843260225715406,0.06363048550353133
20261237,7,0.0,16,32,grid,7.0,0.096539859156753,False,-1,18,0.1296853175093564,True,0.026911011173611873,0.08019134140131866,0.01770795318584403,0.008887199215141736,0.1296853175093564
20261237,7,0.0,16,32,grid,8.0,0.1473612599456155,False,-1,14,0.23592636847851445,True,0.04030203438269035,0.12195673323089602,0.04711141372527237,0.020211417869749143,0.23592636847851445
20261237,7,0.0,16,32,grid,9.0,0.2249365300761397,False,-1,18,0.37112453719094807,True,0.0711917055730659,0.18531301617913315,0.12667934303679368,0.03576511723415665,0.37112453719094807
20261237,7,0.0,16,32,grid,10.0,0.3433496875730229,False,-1,3,0.5090437298313858,True,0.11535500265532775,0.3062043842632551,0.38265153588670237,0.06123196468539382,0.5090437298313858
20261237,7,0.0,16,32,grid,11.0,0.524098988797363,False,-1,3,0.7931031374849156,True,0.2501665904598148,0.5494174584109391,1.0716759795382984,0.11112040279988453,0.7931031374849156
20261237,7,0.0,16,32,grid,12.0,0.8,False,-1,2,2.5532571750316913,True,6.1664194846448055,0.2978147039774766,1.9411132290263198,0.4309113746647856,2.5532571750316913
20261237,7,0.0,32,8,joint_aware,,0.48450346515727244,False,-1,3,0.1556521288842946,True,0.13845466558641442,0.0807787464311909,0.2950519157870403,0.1299762483544578,0.1556521288842946
20261237,7,0.0,32,8,correlation_blind,,0.48450346515727244,False,-1,3,0.1556521288842946,True,0.13845466558641442,0.0807787464311909,0.2950519157870403,0.1299762483544578,0.1556521288842946
20261237,7,0.0,32,8,delay_blind,,0.5476125865680102,False,-1,2,0.1618753217738754,True,0.1589909853233767,0.09925634379849539,0.371183400380566,0.16215095496674342,0.1618753217738754
20261237,7,0.0,32,8,mean_only,,2.1034893587976695,True,1276,1,1000000000000.0,True,218.08835890956814,9428.586374083781,96779278.3476243,1000000000000.0,1000000000000.0
20261237,7,0.0,32,8,worstcase_correlation,,0.061225211651951904,False,-1,30,0.018879762673295452,True,0.01818196453661959,0.009559477704454747,0.0009159490825591196,0.002652038203765559,0.018879762673295452
20261237,7,0.0,32,8,grid,0.0,0.005,False,-1,289,0.005470056087818142,True,0.5398520659353938,0.3192805323919605,0.139221937611069,0.04858321713890261,0.005470056087818142
20261237,7,0.0,32,8,grid,1.0,0.007632145998180043,False,-1,183,0.0008990621176613886,True,0.4076750272396455,0.20104635409028643,0.0717932728794073,0.020836570447922777,0.0008990621176613886
20261237,7,0.0,32,8,grid,2.0,0.01164993050750713,False,-1,119,0.0007478446367421396,True,0.2789648261540422,0.11293119335235652,0.033671140444195356,0.007804720641190663,0.0007478446367421396
20261237,7,0.0,32,8,grid,3.0,0.01778279410038923,False,-1,79,0.0018187120484257442,True,0.1714246068003553,0.05827107293489337,0.014138380732700021,0.003351649278253146,0.0018187120484257442
20261237,7,0.0,32,8,grid,4.0,0.027144176165949066,False,-1,59,0.004349570458111189,True,0.09435034892519463,0.029175152558712166,0.005017696890888607,0.002309402702259588,0.004349570458111189
20261237,7,0.0,32,8,grid,5.0,0.04143366309976846,False,-1,42,0.009788202934548518,True,0.04493107180161507,0.01506733886830403,0.001464850060412923,0.002214619195056177,0.009788202934548518
20261237,7,0.0,32,8,grid,6.0,0.0632455532033676,False,-1,29,0.01987275897091915,True,0.016712418305915213,0.009311215796566227,0.000987234530681417,0.0027210174234958357,0.01987275897091915
20261237,7,0.0,32,8,grid,7.0,0.096539859156753,False,-1,16,0.037998832865638744,True,0.008152513819210413,0.008136100864027128,0.004607409704196243,0.004341833046601959,0.037998832865638744
20261237,7,0.0,32,8,grid,8.0,0.1473612599456155,False,-1,8,0.07091955913677628,True,0.01697464500249462,0.011884899607808226,0.018538846732441,0.00929875059340231,0.07091955913677628
20261237,7,0.0,32,8,grid,9.0,0.2249365300761397,False,-1,5,0.11564401322350129,True,0.04125288619963639,0.024323461861530532,0.05666073375286555,0.02537383419826582,0.11564401322350129
20261237,7,0.0,32,8,grid,10.0,0.3433496875730229,False,-1,3,0.14573553327022165,True,0.08626374630083153,0.04845769709183853,0.14732463834089557,0.0656537157166235,0.14573553327022165
20261237,7,0.0,32,8,grid,11.0,0.524098988797363,False,-1,2,0.15929066543245415,True,0.15139536408942872,0.09181648716160161,0.34220394250032626,0.15002134379099463,0.15929066543245415
20261237,7,0.0,32,8,grid,12.0,0.8,False,-1,2,0.18690939613195906,True,0.285564946985002,0.24311486899061674,0.6954548499589632,0.3035481916541571,0.18690939613195906
20261237,7,0.0,32,32,joint_aware,,0.2890855861645199,False,-1,4,0.24434645381752926,True,0.06230021906378504,0.10783852938015837,0.12754346171070685,0.06559923423928019,0.24434645381752926
20261237,7,0.0,32,32,correlation_blind,,0.2890855861645199,False,-1,4,0.24434645381752926,True,0.06230021906378504,0.10783852938015837,0.12754346171070685,0.06559923423928019,0.24434645381752926
20261237,7,0.0,32,32,delay_blind,,0.5476125865680102,False,-1,2,88.5512370281252,True,4.8710912964546464,5.560184016642668,8.878805184359,1.2171390387158285,88.5512370281252
20261237,7,0.0,32,32,mean_only,,0.5345835420861842,False,-1,2,4.357848895881031,True,3.5645822721236327,5.363205522498218,8.670908858639201,10.628698130023512,4.357848895881031
20261237,7,0.0,32,32,worstcase_correlation,,0.056406811991134544,False,-1,28,0.02299276594973811,True,0.019227382687014096,0.010795541720445796,0.0007330399755166782,0.0026008059710474923,0.02299276594973811
20261237,7,0.0,32,32,grid,0.0,0.005,False,-1,284,0.005359675011250696,True,0.5351521664594495,0.3153121831819262,0.1372475987186052,0.047971322424053636,0.005359675011250696
20261237,7,0.0,32,32,grid,1.0,0.007632145998180043,False,-1,178,0.0008895463748906176,True,0.4007098218588056,0.19685083699680736,0.0703639786149511,0.020423029591660584,0.0008895463748906176
20261237,7,0.0,32,32,grid,2.0,0.01164993050750713,False,-1,114,0.0008247500705557367,True,0.2704637634476984,0.10954582919651824,0.03282935798048712,0.0075646745118576565,0.0008247500705557367
20261237,7,0.0,32,32,grid,3.0,0.01778279410038923,False,-1,75,0.002096382671170544,True,0.1632518886177853,0.05646372498657416,0.013563051376401904,0.00327772098271113,0.002096382671170544
20261237,7,0.0,32,32,grid,4.0,0.027144176165949066,False,-1,56,0.005358731848579874,True,0.08826086383006276,0.028777062290199707,0.004520228197549501,0.002345343715773956,0.005358731848579874
20261237,7,0.0,32,32,grid,5.0,0.04143366309976846,False,-1,38,0.01297701037908588,True,0.04089026475958091,0.015269319006116798,0.0011100352435121613,0.002315166295030403,0.01297701037908588
20261237,7,0.0,32,32,grid,6.0,0.0632455532033676,False,-1,27,0.027933961942640993,True,0.013973000803854517,0.00992360394476894,0.001054776208174617,0.0027736291081375975,0.027933961942640993
20261237,7,0.0,32,32,grid,7.0,0.096539859156753,False,-1,14,0.054189256910888904,True,0.008792940445338925,0.009917905553939229,0.006059433995878184,0.0034781645783584364,0.054189256910888904
20261237,7,0.0,32,32,grid,8.0,0.1473612599456155,False,-1,8,0.10434937835609928,True,0.024218534535785683,0.022397677733529076,0.03014422616380528,0.0072496690893797035,0.10434937835609928
20261237,7,0.0,32,32,grid,9.0,0.2249365300761397,False,-1,5,0.19784904679991852,True,0.05491114981713087,0.056547603625888475,0.0780688279727613,0.03885164054464479,0.19784904679991852
20261237,7,0.0,32,32,grid,10.0,0.3433496875730229,False,-1,3,0.26579145446989055,True,0.07114764805371927,0.20559065070361404,0.12924896403662534,0.16192875690860103,0.26579145446989055
20261237,7,0.0,32,32,grid,11.0,0.524098988797363,False,-1,2,5.636863219073714,True,2.6775862056241246,4.908800109898444,7.910190358852174,3.0503055061973976,5.636863219073714
20261237,7,0.0,32,32,grid,12.0,0.8,True,2309,2,1000000000000.0,True,32.70931564627067,101.41981926219235,79282.88449098959,46692694946.111115,1000000000000.0
20261237,7,0.9,16,8,joint_aware,,0.06793567174124356,False,-1,142,0.9457682232910146,True,0.27490343106176646,0.7339291068154072,1.3051630424533274,0.12425188461888942,0.9457682232910146
20261237,7,0.9,16,8,correlation_blind,,0.4363488632302189,False,-1,242,1.2510646387041433,True,1.4476788526263025,1.354774057313559,7.999659564617129,1.9662248507375506,1.2510646387041433
20261237,7,0.9,16,8,delay_blind,,0.0679609250345928,False,-1,142,0.9459402402489278,True,0.27484868794163503,0.7340138727457756,1.3056299598655325,0.12434499926482541,0.9459402402489278
20261237,7,0.9,16,8,mean_only,,4.115057114511728,True,46,-1,1000000000000.0,True,1000000000000.0,1000000000000.0,1000000000000.0,1000000000000.0,1000000000000.0
20261237,7,0.9,16,8,worstcase_correlation,,0.062108907189348216,False,-1,142,0.9025011117741064,True,0.2903627458670463,0.7131739554352601,1.1949373332477506,0.10405133803270859,0.9025011117741064
20261237,7,0.9,16,8,grid,0.0,0.005,False,-1,392,0.011664696883887328,True,0.615555452984166,0.4175441595077148,0.17338732038061846,0.062335042319050876,0.011664696883887328
20261237,7,0.9,16,8,grid,1.0,0.007632145998180043,False,-1,301,0.012993121359943276,True,0.5328240577146796,0.36368814081802797,0.10077275071081263,0.02519246674248259,0.012993121359943276
20261237,7,0.9,16,8,grid,2.0,0.01164993050750713,False,-1,237,0.04213953171766533,True,0.4764218284743677,0.35586459562601014,0.07749948518711575,0.011596506888143437,0.04213953171766533
20261237,7,0.9,16,8,grid,3.0,0.01778279410038923,False,-1,235,0.14027722934136908,True,0.45407291609147704,0.40189249587192927,0.15701166131888655,0.01693485550699779,0.14027722934136908
20261237,7,0.9,16,8,grid,4.0,0.027144176165949066,False,-1,235,0.35469658920198727,True,0.4387336948881187,0.4971543872640586,0.3848925012375471,0.030906991251563605,0.35469658920198727
20261237,7,0.9,16,8,grid,5.0,0.04143366309976846,False,-1,233,0.6542705582928176,True,0.38083474494550007,0.6117262289547633,0.7502262874870618,0.05257464048178273,0.6542705582928176
20261237,7,0.9,16,8,grid,6.0,0.0632455532033676,False,-1,142,0.9115533078692135,True,0.28690969151232376,0.7174202996414565,1.2168510604363754,0.10779073600386341,0.9115533078692135
20261237,7,0.9,16,8,grid,7.0,0.096539859156753,False,-1,19,1.0911538845270154,True,0.27581892553358345,0.8094701610821801,1.7934543201460342,0.2590734156322701,1.0911538845270154
20261237,7,0.9,16,8,grid,8.0,0.1473612599456155,False,-1,18,1.1816135478906222,True,0.4471403694582871,0.8960334498838198,2.5666288277078095,0.612923063335391,1.1816135478906222
20261237,7,0.9,16,8,grid,9.0,0.2249365300761397,False,-1,117,0.9425172435761356,True,0.6873586707355748,0.953516920809144,3.6739204184118646,1.178182033171622,0.9425172435761356
20261237,7,0.9,16,8,grid,10.0,0.3433496875730229,False,-1,242,0.6333095278946224,True,0.9511714907493254,0.3505641212604972,5.68998011540484,1.4850504908791373,0.6333095278946224
20261237,7,0.9,16,8,grid,11.0,0.524098988797363,False,-1,264,89.45333092618577,True,4.740721676618878,16.832558498031332,10.866388026232224,1.1470321132867802,89.45333092618577
20261237,7,0.9,16,8,grid,12.0,0.8,True,544,-1,1000000000000.0,True,1735662.1103683694,42563304272.150734,1000000000000.0,1000000000000.0,1000000000000.0
20261237,7,0.9,16,32,joint_aware,,0.06557341714513457,False,-1,231,0.9925213065692247,True,0.3083675494211896,0.7183302315748608,1.3437220734696387,0.09611928709160002,0.9925213065692247
20261237,7,0.9,16,32,correlation_blind,,0.3543562147008278,False,-1,409,0.7844122693366533,True,14.702747998660227,13.162386528212433,9.496889091082629,19.986630957929126,0.7844122693366533
20261237,7,0.9,16,32,delay_blind,,0.0679609250345928,False,-1,231,1.0115795665568372,True,0.30585662973805805,0.7253986918079829,1.391076822575576,0.10536898800561885,1.0115795665568372
20261237,7,0.9,16,32,mean_only,,1.2931845703348515,True,290,-1,1000000000000.0,True,1993859197.4630756,1000000000000.0,1000000000000.0,1000000000000.0,1000000000000.0
20261237,7,0.9,16,32,worstcase_correlation,,0.06012858486571272,False,-1,231,0.9459706252953501,True,0.31934537143814157,0.7006433691786226,1.2325769083595923,0.07760256905469855,0.9459706252953501
20261237,7,0.9,16,32,grid,0.0,0.005,False,-1,332,0.01150408775151536,True,0.6133313777573081,0.4154159134247948,0.17213467002373323,0.06176078007200368,0.01150408775151536
20261237,7,0.9,16,32,grid,1.0,0.007632145998180043,False,-1,301,0.013325318399694168,True,0.5302654979718131,0.3619072901051073,0.10002294390885443,0.024801349090400077,0.013325318399694168
20261237,7,0.9,16,32,grid,2.0,0.01164993050750713,False,-1,237,0.04459169935141419,True,0.47555209073276433,0.3552923103253125,0.07919286543400222,0.011234524128926188,0.04459169935141419
20261237,7,0.9,16,32,grid,3.0,0.01778279410038923,False,-1,236,0.15047393778245513,True,0.4586354290693455,0.4037528899304905,0.16751859348094034,0.015388480889752712,0.15047393778245513
20261237,7,0.9,16,32,grid,4.0,0.027144176165949066,False,-1,238,0.3840896497926835,True,0.45104217631384697,0.5019862231346601,0.4136663259501556,0.024822700650417473,0.3840896497926835
20261237,7,0.9,16,32,grid,5.0,0.04143366309976846,False,-1,233,0.7065201641705202,True,0.39725151242847834,0.6149702587612208,0.8032816647100903,0.03809993239065986,0.7065201641705202
20261237,7,0.9,16,32,grid,6.0,0.0632455532033676,False,-1,231,0.9732553957554493,True,0.3121903866430874,0.7110509780318767,1.2967774481580936,0.08777222415227302,0.9732553957554493
20261237,7,0.9,16,32,grid,7.0,0.096539859156753,False,-1,142,1.2389521642243515,True,0.39054120999630526,0.7877759075131151,1.9203378876737203,0.2759532562281066,1.2389521642243515
20261237,7,0.9,16,32,grid,8.0,0.1473612599456155,False,-1,101,1.70121697855733,True,0.9551265179907642,0.88641882147544,2.822343890518668,0.9046643464822723,1.70121697855733
20261237,7,0.9,16,32,grid,9.0,0.2249365300761397,False,-1,179,2.089501946602936,True,1.8423327425834848,2.0297201406602157,4.342476205681482,3.3921970389098575,2.089501946602936
20261237,7,0.9,16,32,grid,10.0,0.3433496875730229,False,-1,382,0.8902823442681558,True,11.090060447648055,11.190396304926264,8.890416156882939,17.99856784463774,0.8902823442681558
20261237,7,0.9,16,32,grid,11.0,0.524098988797363,False,-1,-1,19409.160018482846,True,1668.9799008379032,557.3322231568961,392.7029256627543,64353586.53232717,19409.160018482846
20261237,7,0.9,16,32,grid,12.0,0.8,True,606,-1,1000000000000.0,True,96177.66189603339,196941816729.84528,1000000000000.0,1000000000000.0,1000000000000.0
20261237,7,0.9,32,8,joint_aware,,0.06708632967038644,False,-1,143,0.9141515114411329,True,0.29078422972519563,0.7612122104523336,1.3542516682324754,0.10734058361364082,0.9141515114411329
20261237,7,0.9,32,8,correlation_blind,,0.48450346515727244,False,-1,242,5.540663872652368,True,2.476039236986167,49.42652409099037,18.719965984297737,27.752302953936645,5.540663872652368
20261237,7,0.9,32,8,delay_blind,,0.0681741968826708,False,-1,142,0.9218353547978454,True,0.29032935984637503,0.7654599753199893,1.3768142314279248,0.11196118628597065,0.9218353547978454
20261237,7,0.9,32,8,mean_only,,2.1034893587976695,True,123,-1,1000000000000.0,True,1000000000000.0,1000000000000.0,1000000000000.0,1000000000000.0,1000000000000.0
20261237,7,0.9,32,8,worstcase_correlation,,0.061225211651951904,False,-1,143,0.8698707684815322,True,0.297957463341907,0.7368405807988705,1.2305147263416414,0.08498363153557215,0.8698707684815322
20261237,7,0.9,32,8,grid,0.0,0.005,False,-1,392,0.010897970516000265,True,0.6144009084645983,0.418016860373571,0.1744500052644864,0.06631560693365587,0.010897970516000265
20261237,7,0.9,32,8,grid,1.0,0.007632145998180043,False,-1,301,0.013075848254801565,True,0.5298375714785718,0.36435765599027575,0.10095211425257503,0.02771835482941029,0.013075848254801565
20261237,7,0.9,32,8,grid,2.0,0.01164993050750713,False,-1,236,0.042724700735726345,True,0.47080573002728426,0.35700210406847405,0.07690814344699473,0.011338176453421292,0.042724700735726345
20261237,7,0.9,32,8,grid,3.0,0.01778279410038923,False,-1,233,0.14073914873668955,True,0.44539515965839543,0.4046338175315953,0.15785135241794096,0.01282653308148487,0.14073914873668955
20261237,7,0.9,32,8,grid,4.0,0.027144176165949066,False,-1,233,0.35324483587732025,True,0.42718218871312297,0.50450198654975,0.39198898738154153,0.021885929552741344,0.35324483587732025
20261237,7,0.9,32,8,grid,5.0,0.04143366309976846,False,-1,231,0.6433117399319965,True,0.3696476248169175,0.6275820067566307,0.7719600241423508,0.03758501033355113,0.6433117399319965
20261237,7,0.9,32,8,grid,6.0,0.0632455532033676,False,-1,143,0.8857734378562887,True,0.2945975755777727,0.745542191980299,1.2736174141457117,0.09221534543539431,0.8857734378562887
20261237,7,0.9,32,8,grid,7.0,0.096539859156753,False,-1,141,1.100825211507704,True,0.3729514363717499,0.8562816968758081,1.94164267895469,0.29071491808187677,1.100825211507704
20261237,7,0.9,32,8,grid,8.0,0.1473612599456155,False,-1,101,1.3054984097832962,True,0.8242319884560372,1.0215935062367647,2.9437039962198837,0.9674984340387598,1.3054984097832962
20261237,7,0.9,32,8,grid,9.0,0.2249365300761397,False,-1,179,1.0787533370276519,True,1.4832168478804704,1.873946274915244,4.580093578425023,3.486209854667218,1.0787533370276519
20261237,7,0.9,32,8,grid,10.0,0.3433496875730229,False,-1,216,1.130183959056298,True,2.0169100100913084,7.241612193715326,8.344647686417662,11.4590093180664,1.130183959056298
20261237,7,0.9,32,8,grid,11.0,0.524098988797363,False,-1,940,38.86750281808763,True,48.799024889191855,294.31612302932126,21.304063748903705,38.279430818458245,38.86750281808763
20261237,7,0.9,32,8,grid,12.0,0.8,True,457,-1,1000000000000.0,True,4568107.585170103,1000000000000.0,1000000000000.0,1000000000000.0,1000000000000.0
20261237,7,0.9,32,32,joint_aware,,0.061344496040986844,False,-1,231,0.8424491926861832,True,0.39507706209634585,0.7325864426891782,1.3804769010632454,0.06543993924343344,0.8424491926861832
20261237,7,0.9,32,32,correlation_blind,,0.2890855861645199,False,-1,1720,15.018731851269305,True,22.358632582101734,4.988263085260866,11.692294618425002,2.227947723665947,15.018731851269305
20261237,7,0.9,32,32,delay_blind,,0.0681741968826708,False,-1,230,0.8483722555028848,True,0.41922039421793766,0.7632661085695953,1.5297755232147392,0.09024309161966754,0.8483722555028848
20261237,7,0.9,32,32,mean_only,,0.5345835420861842,True,1265,-1,1000000000000.0,True,15478.491472373891,491490.05696806556,12702016150.830978,1000000000000.0,1000000000000.0
20261237,7,0.9,32,32,worstcase_correlation,,0.056406811991134544,False,-1,231,0.8324456783041378,True,0.3895040376811525,0.7090747399847227,1.2671026960085168,0.050931279410942935,0.8324456783041378
20261237,7,0.9,32,32,grid,0.0,0.005,False,-1,331,0.010711709011912913,True,0.6118160327922691,0.4148192920827237,0.1735406496369234,0.06504860428350973,0.010711709011912913
20261237,7,0.9,32,32,grid,1.0,0.007632145998180043,False,-1,301,0.0135725740930909,True,0.5283633714171426,0.3619494151490308,0.10180151008421705,0.026460206575849358,0.0135725740930909
20261237,7,0.9,32,32,grid,2.0,0.01164993050750713,False,-1,237,0.046967589525372985,True,0.47555823103036654,0.35582839476059663,0.08386577058744889,0.010585076147037704,0.046967589525372985
20261237,7,0.9,32,32,grid,3.0,0.01778279410038923,False,-1,236,0.15947234172994804,True,0.4644717513589894,0.4052140758646488,0.1842691194561006,0.012050540635514738,0.15947234172994804
20261237,7,0.9,32,32,grid,4.0,0.027144176165949066,False,-1,241,0.4063238375876583,True,0.4644282788066667,0.5067513227901517,0.4561619921759306,0.017040207772271065,0.4063238375876583
20261237,7,0.9,32,32,grid,5.0,0.04143366309976846,False,-1,233,0.7141392808934202,True,0.4211494741631803,0.6252746677442551,0.8842112643837388,0.024136517604408755,0.7141392808934202
20261237,7,0.9,32,32,grid,6.0,0.0632455532033676,False,-1,230,0.8446157314859599,True,0.39984708117033513,0.7413096509044018,1.4228298383654083,0.07178723157299045,0.8446157314859599
20261237,7,0.9,32,32,grid,7.0,0.096539859156753,False,-1,230,0.921629809682419,True,0.7191386996684126,0.8947155123147382,2.092567185444001,0.2610979316464014,0.921629809682419
20261237,7,0.9,32,32,grid,8.0,0.1473612599456155,False,-1,265,1.1685689103371482,True,2.1890593894725856,1.5403738451819962,3.0968505261944377,0.851988400832214,1.1685689103371482
20261237,7,0.9,32,32,grid,9.0,0.2249365300761397,False,-1,101,2.6779554849042175,True,10.55310389325511,1.9437856203589499,6.005971117725082,3.126401443394883,2.6779554849042175
20261237,7,0.9,32,32,grid,10.0,0.3433496875730229,False,-1,-1,139.76234306758388,True,40.2340905825726,114.40459751348678,606.9483266854766,107.04320967986813,139.76234306758388
20261237,7,0.9,32,32,grid,11.0,0.524098988797363,True,1271,-1,1000000000000.0,True,10125.111421268834,311594.539918336,7187958090.10796,1000000000000.0,1000000000000.0
20261237,7,0.9,32,32,grid,12.0,0.8,True,773,-1,1000000000000.0,True,6004452.657026456,555341522.55575,1000000000000.0,1000000000000.0,1000000000000.0
20261238,8,0.0,16,8,joint_aware,,0.4363488632302189,False,-1,4,0.12658046437944476,True,0.02049055069615769,0.3699149975362742,0.010460473618446292,0.3333412604879478,0.12658046437944476
20261238,8,0.0,16,8,correlation_blind,,0.4363488632302189,False,-1,4,0.12658046437944476,True,0.02049055069615769,0.3699149975362742,0.010460473618446292,0.3333412604879478,0.12658046437944476
20261238,8,0.0,16,8,delay_blind,,0.4373927810905379,False,-1,4,0.12698182543301756,True,0.020636209206883527,0.37140874320481265,0.010592936648318256,0.33419470751797414,0.12698182543301756
20261238,8,0.0,16,8,mean_only,,4.115057114511728,True,77,-1,1000000000000.0,True,1000000000000.0,1000000000000.0,1000000000000.0,1000000000000.0,1000000000000.0
20261238,8,0.0,16,8,worstcase_correlation,,0.062108907189348216,False,-1,17,0.029710029330821494,True,0.023531470671499896,0.018607470267893483,0.011237917010855792,0.06981875615287718,0.029710029330821494
20261238,8,0.0,16,8,grid,0.0,0.005,False,-1,290,0.005430402064026938,True,0.5514916891808078,0.3027653040454424,0.13808347452793154,0.02803524696279102,0.005430402064026938
20261238,8,0.0,16,8,grid,1.0,0.007632145998180043,False,-1,185,0.002007308882250402,True,0.41913940813424644,0.1769306883755863,0.06816941173420271,0.005067801270248529,0.002007308882250402
20261238,8,0.0,16,8,grid,2.0,0.01164993050750713,False,-1,122,0.0027444068196662446,True,0.28806618811149387,0.08261466950037874,0.028465339334608313,0.0016163273588665798,0.0027444068196662446
20261238,8,0.0,16,8,grid,3.0,0.01778279410038923,False,-1,78,0.005517604748561259,True,0.17676170531599414,0.026138818401326997,0.011392691733023874,0.009023883123021983,0.005517604748561259
20261238,8,0.0,16,8,grid,4.0,0.027144176165949066,False,-1,45,0.010587999364758861,True,0.09685270601541343,0.0032190768587999135,0.008515951741012214,0.022832854896297487,0.010587999364758861
20261238,8,0.0,16,8,grid,5.0,0.04143366309976846,False,-1,25,0.018599614712112078,True,0.047872666013313414,0.004701546171383481,0.01019266780454572,0.043970669817501626,0.018599614712112078
20261238,8,0.0,16,8,grid,6.0,0.0632455532033676,False,-1,17,0.03028092758744812,True,0.022863734979578384,0.0193611506789961,0.011263795269035003,0.07102008299269492,0.03028092758744812
20261238,8,0.0,16,8,grid,7.0,0.096539859156753,False,-1,14,0.04442240918885918,True,0.015459501100785098,0.03858586594721857,0.011657126440585426,0.0977181222956334,0.04442240918885918
20261238,8,0.0,16,8,grid,8.0,0.1473612599456155,False,-1,10,0.05796812767801473,True,0.018287129590184765,0.06533746451915266,0.010372983753999327,0.12323127401212142,0.05796812767801473
20261238,8,0.0,16,8,grid,9.0,0.2249365300761397,False,-1,9,0.07196469415276754,True,0.02133788581300504,0.119770877649929,0.004974355334795011,0.1664174587428461,0.07196469415276754
20261238,8,0.0,16,8,grid,10.0,0.3433496875730229,False,-1,4,0.09696991527037366,True,0.016567107153650715,0.24492320520900746,0.0029272420998725105,0.25667606086588535,0.09696991527037366
20261238,8,0.0,16,8,grid,11.0,0.524098988797363,False,-1,3,0.1667328110746906,True,0.04351170680722188,0.5000590899054045,0.0253269181070255,0.403556986239487,0.1667328110746906
20261238,8,0.0,16,8,grid,12.0,0.8,False,-1,2,0.3911406464224284,True,0.2829394918235272,0.9324538204978728,0.11803294156948131,0.5977132422523399,0.3911406464224284
20261238,8,0.0,16,32,joint_aware,,0.3543562147008278,False,-1,4,0.07269041620325853,True,0.05572564397001214,0.3939304596396696,0.014560848784887951,0.47552396418722426,0.07269041620325853
20261238,8,0.0,16,32,correlation_blind,,0.3543562147008278,False,-1,4,0.07269041620325853,True,0.05572564397001214,0.3939304596396696,0.014560848784887951,0.47552396418722426,0.07269041620325853
20261238,8,0.0,16,32,delay_blind,,0.4373927810905379,False,-1,3,0.08095308402563246,True,0.07331907633057054,0.691684457752381,0.03815916663990885,0.6642100605982054,0.08095308402563246
20261238,8,0.0,16,32,mean_only,,1.2931845703348515,True,2280,4,1000000000000.0,True,295.0256701388021,10675.133752323574,7681326.543729384,7648488592.984602,1000000000000.0
20261238,8,0.0,16,32,worstcase_correlation,,0.06012858486571272,False,-1,16,0.02982292188525598,True,0.023949290278990776,0.016875343202941113,0.010969560718796593,0.07094074789558599,0.02982292188525598
20261238,8,0.0,16,32,grid,0.0,0.005,False,-1,287,0.005414231028213586,True,0.5496705007677872,0.30106936605964085,0.1373307177158875,0.027793999735948108,0.005414231028213586
20261238,8,0.0,16,32,grid,1.0,0.007632145998180043,False,-1,184,0.0020253720337342082,True,0.4163816355061896,0.17511904343349566,0.06767480432922215,0.004962678884073159,0.0020253720337342082
20261238,8,0.0,16,32,grid,2.0,0.01164993050750713,False,-1,122,0.0027935233630799064,True,0.2845786346672633,0.08116423002850597,0.02825572280120423,0.001632805331154709,0.0027935233630799064
20261238,8,0.0,16,32,grid,3.0,0.01778279410038923,False,-1,77,0.005634820557793299,True,0.1732241063758188,0.02538267570034266,0.011448364214424864,0.009172162582189844,0.005634820557793299
20261238,8,0.0,16,32,grid,4.0,0.027144176165949066,False,-1,43,0.01082140509229951,True,0.09402455688574204,0.003115885419592582,0.008735912500511726,0.02338471937612574,0.01082140509229951
20261238,8,0.0,16,32,grid,5.0,0.04143366309976846,False,-1,25,0.01908922452132789,True,0.04604657550621241,0.004805480113710457,0.01027632393646535,0.04559770867245811,0.01908922452132789
20261238,8,0.0,16,32,grid,6.0,0.0632455532033676,False,-1,15,0.03153300642789515,True,0.022162677624215334,0.018830793605603958,0.011000778778039682,0.07457497724396271,0.03153300642789515
20261238,8,0.0,16,32,grid,7.0,0.096539859156753,False,-1,13,0.04714091297484887,True,0.016486864203694256,0.03663122326729957,0.011199998477311469,0.10465401568106142,0.04714091297484887
20261238,8,0.0,16,32,grid,8.0,0.1473612599456155,False,-1,9,0.060648782179181494,True,0.023052689057784397,0.06342255056529962,0.009983037463172131,0.13919680270737128,0.060648782179181494
20261238,8,0.0,16,32,grid,9.0,0.2249365300761397,False,-1,6,0.06782018469397375,True,0.03769009326292415,0.13554665068687521,0.005083421952630259,0.22310479904527436,0.06782018469397375
20261238,8,0.0,16,32,grid,10.0,0.3433496875730229,False,-1,4,0.07207263312028779,True,0.05438490516165053,0.36360339969776345,0.012504451675022258,0.4509813805001875,0.07207263312028779
20261238,8,0.0,16,32,grid,11.0,0.524098988797363,False,-1,3,0.09445204768273514,True,0.12250430009098241,1.1413390274100377,0.08249637683537912,0.8612339353452652,0.09445204768273514
20261238,8,0.0,16,32,grid,12.0,0.8,False,-1,2,0.13365024549988294,True,1.0791574405540667,2.7316018056706026,0.26375884915396536,1.5341699841983847,0.13365024549988294
20261238,8,0.0,32,8,joint_aware,,0.48450346515727244,False,-1,2,0.06951216696650583,True,0.05522384112935747,0.1432743342876559,0.1445692760990674,0.21969797662686918,0.06951216696650583
20261238,8,0.0,32,8,correlation_blind,,0.48450346515727244,False,-1,2,0.06951216696650583,True,0.05522384112935747,0.1432743342876559,0.1445692760990674,0.21969797662686918,0.06951216696650583
20261238,8,0.0,32,8,delay_blind,,0.5476125865680102,False,-1,2,0.07257817107639739,True,0.10385229054843512,0.1518328794454763,0.16744125276864785,0.23224447455126238,0.07257817107639739
20261238,8,0.0,32,8,mean_only,,2.1034893587976695,True,1872,1,1000000000000.0,True,66.67295723000362,310591.791192305,8618072.893216541,1000000000000.0,1000000000000.0
20261238,8,0.0,32,8,worstcase_correlation,,0.061225211651951904,False,-1,19,0.015642692364909814,True,0.015332462956359157,0.0035762386408856343,0.010427443372482024,0.03645482223837731,0.015642692364909814
20261238,8,0.0,32,8,grid,0.0,0.005,False,-1,282,0.003629727880662451,True,0.5427995155242243,0.3090689271298618,0.13340295649209064,0.030060637208899083,0.003629727880662451
20261238,8,0.0,32,8,grid,1.0,0.007632145998180043,False,-1,182,0.0014134374102861295,True,0.4073666761560067,0.18530325939905343,0.06516834302091695,0.007151912716720664,0.0014134374102861295
20261238,8,0.0,32,8,grid,2.0,0.01164993050750713,False,-1,120,0.0025316138494158123,True,0.273295355638733,0.0926822679940219,0.02713594313912296,0.0025190279610284084,0.0025316138494158123
20261238,8,0.0,32,8,grid,3.0,0.01778279410038923,False,-1,70,0.004353324434362765,True,0.16007635762602962,0.035989789737623304,0.010141643919743669,0.007091201039297116,0.004353324434362765
20261238,8,0.0,32,8,grid,4.0,0.027144176165949066,False,-1,43,0.006920585924868395,True,0.08055742524601275,0.008819400419970305,0.006008030221689036,0.01461841758739851,0.006920585924868395
20261238,8,0.0,32,8,grid,5.0,0.04143366309976846,False,-1,27,0.010658686513049093,True,0.03487280967494787,0.001141553502227463,0.007636345473768139,0.024482026948096466,0.010658686513049093
20261238,8,0.0,32,8,grid,6.0,0.0632455532033676,False,-1,18,0.016122111308454035,True,0.014436375220779833,0.004010428306004225,0.010687638019818953,0.03757927511915771,0.016122111308454035
20261238,8,0.0,32,8,grid,7.0,0.096539859156753,False,-1,12,0.022718483104891152,True,0.009819508842817647,0.01195103770897035,0.015600249206384345,0.054120065923916584,0.022718483104891152
20261238,8,0.0,32,8,grid,8.0,0.1473612599456155,False,-1,8,0.028599881060573117,True,0.012592504945077104,0.02575207439917868,0.02791681764830662,0.07603659162809416,0.028599881060573117
20261238,8,0.0,32,8,grid,9.0,0.2249365300761397,False,-1,4,0.03524947177195367,True,0.014159384128897577,0.05255338361377243,0.0530985357398261,0.11140804269758599,0.03524947177195367
20261238,8,0.0,32,8,grid,10.0,0.3433496875730229,False,-1,3,0.05093046204768453,True,0.01061519766587434,0.10009744209081074,0.09520135364750015,0.17036459858817826,0.05093046204768453
20261238,8,0.0,32,8,grid,11.0,0.524098988797363,False,-1,2,0.07193653159947352,True,0.08374560125696448,0.14955439679992338,0.15876947447402542,0.22807758287875182,0.07193653159947352
20261238,8,0.0,32,8,grid,12.0,0.8,False,-1,2,0.04887797245863535,True,0.39452996583233746,0.1258193884845899,0.2734591368004958,0.26282701525611807,0.04887797245863535
20261238,8,0.0,32,32,joint_aware,,0.2890855861645199,False,-1,3,0.03692820420943081,True,0.14116067670215973,0.22292347092613013,0.12175011525571645,0.19061316209465645,0.03692820420943081
20261238,8,0.0,32,32,correlation_blind,,0.2890855861645199,False,-1,3,0.03692820420943081,True,0.14116067670215973,0.22292347092613013,0.12175011525571645,0.19061316209465645,0.03692820420943081
20261238,8,0.0,32,32,delay_blind,,0.5476125865680102,False,-1,2,24241.717380820646,True,8.051894600230785,33.11265843403842,64.61066922346552,143.2576999076958,24241.717380820646
20261238,8,0.0,32,32,mean_only,,0.5345835420861842,False,-1,2,10.376217176585815,True,5.975440860273441,31.492863061569118,9.881069652870382,6.817079089814482,10.376217176585815
20261238,8,0.0,32,32,worstcase_correlation,,0.056406811991134544,False,-1,19,0.01754184601856006,True,0.015722874325836564,0.004326977059983016,0.011301675566789819,0.03643265102316401,0.01754184601856006
20261238,8,0.0,32,32,grid,0.0,0.005,False,-1,277,0.003558646610988117,True,0.5382376629463855,0.3048741904052449,0.1313479388053418,0.02947880964740501,0.003558646610988117
20261238,8,0.0,32,32,grid,1.0,0.007632145998180043,False,-1,179,0.0014465497409606332,True,0.4004442312092884,0.18074131288030007,0.06368192168406141,0.006884309734183971,0.0014465497409606332
20261238,8,0.0,32,32,grid,2.0,0.01164993050750713,False,-1,117,0.002647116309337144,True,0.26457316078629933,0.0887696507448642,0.026277328989890252,0.0025921560516767687,0.002647116309337144
20261238,8,0.0,32,32,grid,3.0,0.01778279410038923,False,-1,67,0.00461310801681658,True,0.15134720505193353,0.03333902034475227,0.009880870562076356,0.00741449190586798,0.00461310801681658
20261238,8,0.0,32,32,grid,4.0,0.027144176165949066,False,-1,40,0.007523017077729102,True,0.07381480895445784,0.0074640263694931465,0.006462546676499935,0.015207336592316205,0.007523017077729102
20261238,8,0.0,32,32,grid,5.0,0.04143366309976846,False,-1,25,0.01225441002570036,True,0.030834916805900253,0.0012725815818693685,0.008789784547184468,0.02585181992937517,0.01225441002570036
20261238,8,0.0,32,32,grid,6.0,0.0632455532033676,False,-1,15,0.019876456093131847,True,0.012816651336101322,0.00649701376568998,0.012201445893139404,0.041137084488640265,0.019876456093131847
20261238,8,0.0,32,32,grid,7.0,0.096539859156753,False,-1,11,0.02921017022580747,True,0.012313135805626802,0.01863562210097625,0.016791744979112913,0.06353837620889267,0.02921017022580747
20261238,8,0.0,32,32,grid,8.0,0.1473612599456155,False,-1,7,0.036051324176847706,True,0.027798218366733577,0.042261539097275494,0.030119481092885175,0.09864842056675657,0.036051324176847706
20261238,8,0.0,32,32,grid,9.0,0.2249365300761397,False,-1,4,0.028892420894842032,True,0.06951131386719493,0.11292251642691908,0.05544295462657202,0.1455503882675432,0.028892420894842032
20261238,8,0.0,32,32,grid,10.0,0.3433496875730229,False,-1,3,0.10182464823703155,True,0.28413018293899883,0.35151034962591615,0.2005950936190969,0.2624818499084329,0.10182464823703155
20261238,8,0.0,32,32,grid,11.0,0.524098988797363,False,-1,2,1.5997156207373517,True,4.585673094981994,25.9800331008963,3.2572749857365504,31.268569553790343,1.5997156207373517
20261238,8,0.0,32,32,grid,12.0,0.8,True,2146,2,1000000000000.0,True,2.8858447107063103,395.28905513466054,501078.87631785474,98544657603.67142,1000000000000.0
20261238,8,0.9,16,8,joint_aware,,0.06793567174124356,False,-1,10,0.08802644295241095,True,0.27689625497339787,0.9720757955931966,0.3807527192096349,0.49396228698254346,0.08802644295241095
20261238,8,0.9,16,8,correlation_blind,,0.4363488632302189,False,-1,169,0.9920007432989255,True,21.098794618654743,10.451024048885996,2.5140280187359196,4.5549728325187315,0.9920007432989255
20261238,8,0.9,16,8,delay_blind,,0.0679609250345928,False,-1,10,0.08807588108893169,True,0.2770915633842007,0.9725920990165182,0.38087453019211365,0.4942250586102105,0.08807588108893169
20261238,8,0.9,16,8,mean_only,,4.115057114511728,True,33,-1,1000000000000.0,True,1000000000000.0,1000000000000.0,1000000000000.0,1000000000000.0,1000000000000.0
20261238,8,0.9,16,8,worstcase_correlation,,0.062108907189348216,False,-1,13,0.07723493489863818,True,0.23421289348506774,0.8536859134352587,0.35134325250305287,0.4341441032456378,0.07723493489863818
20261238,8,0.9,16,8,grid,0.0,0.005,False,-1,190,0.020400743891282352,True,0.48209168161449145,0.3380634815474451,0.14193996545540902,0.01684583654664682,0.020400743891282352
20261238,8,0.9,16,8,grid,1.0,0.007632145998180043,False,-1,116,0.02532694669007906,True,0.34681036408714916,0.24339360489897452,0.07487305822197601,0.005713462680058124,0.02532694669007906
20261238,8,0.9,16,8,grid,2.0,0.01164993050750713,False,-1,77,0.03426598474797349,True,0.22720619036262768,0.18889158386800076,0.04997190753182453,0.024319570002270106,0.03426598474797349
20261238,8,0.9,16,8,grid,3.0,0.01778279410038923,False,-1,56,0.04125145550573406,True,0.1436549454782741,0.18563329592207264,0.06774892621613798,0.06199100098914044,0.04125145550573406
20261238,8,0.9,16,8,grid,4.0,0.027144176165949066,False,-1,45,0.043727344182031946,True,0.10628066254587919,0.2584978575161081,0.12687665512584603,0.12389756320578649,0.043727344182031946
20261238,8,0.9,16,8,grid,5.0,0.04143366309976846,False,-1,30,0.0503813020168693,True,0.1261569657181688,0.46327035841340664,0.22632872932634518,0.2374561247710283,0.0503813020168693
20261238,8,0.9,16,8,grid,6.0,0.0632455532033676,False,-1,12,0.07924120974677405,True,0.24216081222699087,0.8766403843641638,0.3572855386090493,0.44568524653944397,0.07924120974677405
20261238,8,0.9,16,8,grid,7.0,0.096539859156753,False,-1,8,0.15625734192092328,True,0.5508911936830856,1.553546080360164,0.49089984966348443,0.8122911826956924,0.15625734192092328
20261238,8,0.9,16,8,grid,8.0,0.1473612599456155,False,-1,8,0.322522044664939,True,1.2864839507489392,2.457051513038511,0.6108878508538871,1.4591681163125074,0.322522044664939
20261238,8,0.9,16,8,grid,9.0,0.2249365300761397,False,-1,8,0.6384433393049136,True,3.0403655293640477,3.6055259290288677,0.8751197023959905,2.33145716863367,0.6384433393049136
20261238,8,0.9,16,8,grid,10.0,0.3433496875730229,False,-1,21,0.980226233471398,True,9.259947302750202,6.600260371446633,1.6547732818054204,3.2382348868979034,0.980226233471398
20261238,8,0.9,16,8,grid,11.0,0.524098988797363,False,-1,350,2.6037448489293253,True,23.46516879807907,14.761597382684117,5.442869384991644,6.9021566171137465,2.6037448489293253
20261238,8,0.9,16,8,grid,12.0,0.8,True,679,-1,1000000000000.0,True,4673.873481898737,3826349687.00124,1000000000000.0,1000000000000.0,1000000000000.0
20261238,8,0.9,16,32,joint_aware,,0.06557341714513457,False,-1,9,0.0745158341462504,True,0.28077717847566525,1.070647195185131,0.3921700151918244,0.5969745183721448,0.0745158341462504
20261238,8,0.9,16,32,correlation_blind,,0.3543562147008278,False,-1,85,11.087685056916243,True,14.944567480830095,5.102542686347453,0.5629512901301958,11.14372212467982,11.087685056916243
20261238,8,0.9,16,32,delay_blind,,0.0679609250345928,False,-1,9,0.07949699758517287,True,0.30292032298270505,1.1342341056638967,0.4043247729193133,0.6303527303260775,0.07949699758517287
20261238,8,0.9,16,32,mean_only,,1.2931845703348515,True,270,-1,1000000000000.0,True,96193842382.14313,1000000000000.0,1000000000000.0,1000000000000.0,1000000000000.0
20261238,8,0.9,16,32,worstcase_correlation,,0.06012858486571272,False,-1,12,0.06423935583040793,True,0.2341195284861097,0.9295717149435524,0.36238459022380864,0.522422175857489,0.06423935583040793
20261238,8,0.9,16,32,grid,0.0,0.005,False,-1,190,0.019722527534219395,True,0.47780116895215097,0.3341830395852019,0.13942872847980964,0.016111607158972405,0.019722527534219395
20261238,8,0.9,16,32,grid,1.0,0.007632145998180043,False,-1,114,0.02436306026364981,True,0.34001627865051687,0.23853396631827273,0.07272706450775339,0.006125665114122523,0.02436306026364981
20261238,8,0.9,16,32,grid,2.0,0.01164993050750713,False,-1,74,0.03245448904071441,True,0.21795434366809768,0.18392994104981952,0.04922504008827173,0.026796497137038505,0.03245448904071441
20261238,8,0.9,16,32,grid,3.0,0.01778279410038923,False,-1,53,0.037547017593685006,True,0.13287069413803132,0.18273724377171868,0.06979598748248868,0.06877890253626448,0.037547017593685006
20261238,8,0.9,16,32,grid,4.0,0.027144176165949066,False,-1,45,0.037101415982971245,True,0.0954663336210553,0.26481509458764513,0.13351316070814306,0.14223382209530344,0.037101415982971245
20261238,8,0.9,16,32,grid,5.0,0.04143366309976846,False,-1,30,0.0411408592871306,True,0.1201737509292839,0.5011986967887877,0.24017396145585018,0.2868713739346699,0.0411408592871306
20261238,8,0.9,16,32,grid,6.0,0.0632455532033676,False,-1,10,0.06993613890775717,True,0.26016247994317093,1.009627771900821,0.3797841267213674,0.5648353164154253,0.06993613890775717
20261238,8,0.9,16,32,grid,7.0,0.096539859156753,False,-1,8,0.16116450761156315,True,0.6383977013591878,1.9490233677098876,0.5064656674963298,1.0752818775062076,0.16116450761156315
20261238,8,0.9,16,32,grid,8.0,0.1473612599456155,False,-1,8,0.4341504396430438,True,1.50848459327525,3.4093198484869602,0.5381309565322019,2.1723846398458444,0.4341504396430438
20261238,8,0.9,16,32,grid,9.0,0.2249365300761397,False,-1,7,0.8492388919283811,True,3.3459668492716435,4.968985745322474,0.5413543211768167,4.0718749552035005,0.8492388919283811
20261238,8,0.9,16,32,grid,10.0,0.3433496875730229,False,-1,85,8.566845537701003,True,12.416632618655784,5.345627367939721,0.5586513263584986,9.888860552141272,8.566845537701003
20261238,8,0.9,16,32,grid,11.0,0.524098988797363,False,-1,85,134558992.76740295,True,307.8435262917386,23987.849942205732,8255.561143020503,504.668431060806,134558992.76740295
20261238,8,0.9,16,32,grid,12.0,0.8,True,525,-1,1000000000000.0,True,5552.896080515092,117301278426.50122,1000000000000.0,1000000000000.0,1000000000000.0
20261238,8,0.9,32,8,joint_aware,,0.06708632967038644,False,-1,10,0.0706335390788835,True,0.29079494441257364,1.0775460878245504,0.40991312277834163,0.6018754033878441,0.0706335390788835
20261238,8,0.9,32,8,correlation_blind,,0.48450346515727244,False,-1,1776,8.222443444332784,True,48.527933416984915,10.297670051148827,3.7978847089197005,14.347904573644529,8.222443444332784
20261238,8,0.9,32,8,delay_blind,,0.0681741968826708,False,-1,9,0.07266025238796144,True,0.3007941222458604,1.1031071607332696,0.41554441337601955,0.6161884107972468,0.07266025238796144
20261238,8,0.9,32,8,mean_only,,2.1034893587976695,True,115,-1,1000000000000.0,True,1000000000000.0,1000000000000.0,1000000000000.0,1000000000000.0,1000000000000.0
20261238,8,0.9,32,8,worstcase_correlation,,0.061225211651951904,False,-1,21,0.06055454299699061,True,0.24053719683857536,0.9409820496566969,0.3776434973328693,0.5261793590078248,0.06055454299699061
20261238,8,0.9,32,8,grid,0.0,0.005,False,-1,190,0.018934803868003156,True,0.4784283581288062,0.3394215346115928,0.13965028437355168,0.017057903770324942,0.018934803868003156
20261238,8,0.9,32,8,grid,1.0,0.007632145998180043,False,-1,116,0.023718597389581687,True,0.3415980279539848,0.24525825019294611,0.0732689572954519,0.00883324116148411,0.023718597389581687
20261238,8,0.9,32,8,grid,2.0,0.01164993050750713,False,-1,77,0.03093576735487362,True,0.22058938495805638,0.19244589829381825,0.04976130178442893,0.03266210509920317,0.03093576735487362
20261238,8,0.9,32,8,grid,3.0,0.01778279410038923,False,-1,56,0.03499492872857982,True,0.13616976250381918,0.19387269385352793,0.07053698636194507,0.07793301263809585,0.03499492872857982
20261238,8,0.9,32,8,grid,4.0,0.027144176165949066,False,-1,45,0.034305437137575036,True,0.09861648331693304,0.2791350267243002,0.13581920485868776,0.15217837718597868,0.034305437137575036
20261238,8,0.9,32,8,grid,5.0,0.04143366309976846,False,-1,30,0.038075991177642994,True,0.1216807914369616,0.5137313333133628,0.24570699584336328,0.29118941996633574,0.038075991177642994
20261238,8,0.9,32,8,grid,6.0,0.0632455532033676,False,-1,12,0.06386583209374755,True,0.2571585931721648,0.9877907323846015,0.38913478636485366,0.5520028282828622,0.06386583209374755
20261238,8,0.9,32,8,grid,7.0,0.096539859156753,False,-1,8,0.1411075032024834,True,0.6270888311694225,1.7642375947271822,0.5251083357617087,1.0252256639107276,0.1411075032024834
20261238,8,0.9,32,8,grid,8.0,0.1473612599456155,False,-1,8,0.3302593286508789,True,1.473704397898016,2.71752129145866,0.6025138929221047,1.9709275976838518,0.3302593286508789
20261238,8,0.9,32,8,grid,9.0,0.2249365300761397,False,-1,8,0.5925786161173038,True,3.6110132031987723,3.2873078628499437,0.7448759986317344,3.6585877424964117,0.5925786161173038
20261238,8,0.9,32,8,grid,10.0,0.3433496875730229,False,-1,24,0.7371571131305525,True,15.140696230314596,3.232393974019386,2.7812557473506274,7.322559649737172,0.7371571131305525
20261238,8,0.9,32,8,grid,11.0,0.524098988797363,False,-1,475,32.981627504178896,True,70.7961520137918,8.922906394329935,21495.811601836627,57.9755320881161,32.981627504178896
20261238,8,0.9,32,8,grid,12.0,0.8,True,669,-1,1000000000000.0,True,10203.4802859665,21295544.09181068,1000000000000.0,1000000000000.0,1000000000000.0
20261238,8,0.9,32,32,joint_aware,,0.061344496040986844,False,-1,11,0.073025506800401,True,0.3070199874874839,1.1234295871886657,0.4167548986675343,0.7485000965617827,0.073025506800401
20261238,8,0.9,32,32,correlation_blind,,0.2890855861645199,False,-1,24,5.673325023867838,True,19.480995935534928,26.87473319409485,0.890173804658343,33.00640480641712,5.673325023867838
20261238,8,0.9,32,32,delay_blind,,0.0681741968826708,False,-1,9,0.09017845860109093,True,0.39132381226652435,1.3421085898257545,0.4641899232428895,0.9052302998859907,0.09017845860109093
20261238,8,0.9,32,32,mean_only,,0.5345835420861842,True,1559,83,1000000000000.0,True,508.11901532932666,35082.07317359502,912292152.1320424,1000000000000.0,1000000000000.0
20261238,8,0.9,32,32,worstcase_correlation,,0.056406811991134544,False,-1,21,0.06215487169749802,True,0.2538088597703092,0.9743954594245268,0.38048928186803904,0.6424096876203944,0.06215487169749802
20261238,8,0.9,32,32,grid,0.0,0.005,False,-1,190,0.018888877101566153,True,0.4718889636030509,0.3347180654635562,0.1362197444795494,0.016170707607450825,0.018888877101566153
20261238,8,0.9,32,32,grid,1.0,0.007632145998180043,False,-1,113,0.023742028409891248,True,0.33198385779533757,0.24054368238946983,0.070213752777549,0.009263534882460683,0.023742028409891248
20261238,8,0.9,32,32,grid,2.0,0.01164993050750713,False,-1,73,0.03065215068171684,True,0.20920800786929047,0.18933654459286234,0.047808277378585895,0.035054119054961926,0.03065215068171684
20261238,8,0.9,32,32,grid,3.0,0.01778279410038923,False,-1,52,0.033585595298167,True,0.1260603225269442,0.19525913836434172,0.07073414499829211,0.08428187303847105,0.033585595298167
20261238,8,0.9,32,32,grid,4.0,0.027144176165949066,False,-1,44,0.0316760351381966,True,0.09408343101743506,0.2950634404754193,0.14051603979588764,0.17257857473110394,0.0316760351381966
20261238,8,0.9,32,32,grid,5.0,0.04143366309976846,False,-1,30,0.038618179844770464,True,0.13551736385561566,0.5753619319170301,0.2612718247869033,0.3641988433284967,0.038618179844770464
20261238,8,0.9,32,32,grid,6.0,0.0632455532033676,False,-1,10,0.0775702937438612,True,0.3292585422510228,1.1828650159738758,0.4302835079584445,0.7909797025484883,0.0775702937438612
20261238,8,0.9,32,32,grid,7.0,0.096539859156753,False,-1,8,0.1731754519650625,True,0.8697474955601378,2.402749237409639,0.6175453317209758,1.7212058493904359,0.1731754519650625
20261238,8,0.9,32,32,grid,8.0,0.1473612599456155,False,-1,8,0.2675826392336544,True,2.4715681885131304,5.032542567745717,0.6183928860650122,4.642821341715692,0.2675826392336544
20261238,8,0.9,32,32,grid,9.0,0.2249365300761397,False,-1,10,1.742984368690953,True,9.027717438572967,12.213204888179563,0.6610638337062409,11.82569424499347,1.742984368690953
20261238,8,0.9,32,32,grid,10.0,0.3433496875730229,False,-1,25,8596.657721798514,True,28.97799817633359,49.36921504420596,41.748530168892195,333.40906365961314,8596.657721798514
20261238,8,0.9,32,32,grid,11.0,0.524098988797363,True,1658,83,1000000000000.0,True,468.8031259970669,24591.128929346127,371401820.0064165,1000000000000.0,1000000000000.0
20261238,8,0.9,32,32,grid,12.0,0.8,True,1084,-1,1000000000000.0,True,42318.80838100153,737491.9471573617,287293516014.38916,1000000000000.0,1000000000000.0
20261239,9,0.0,16,8,joint_aware,,0.4363488632302189,False,-1,3,0.3897263766102406,True,0.0849517071775959,0.2852922619458152,0.400958848412224,0.11910585650514588,0.3897263766102406
20261239,9,0.0,16,8,correlation_blind,,0.4363488632302189,False,-1,3,0.3897263766102406,True,0.0849517071775959,0.2852922619458152,0.400958848412224,0.11910585650514588,0.3897263766102406
20261239,9,0.0,16,8,delay_blind,,0.4373927810905379,False,-1,3,0.39058433833664685,True,0.08527631966870866,0.28586697188362203,0.4024359885364003,0.11976728388762706,0.39058433833664685
20261239,9,0.0,16,8,mean_only,,4.115057114511728,True,121,-1,1000000000000.0,True,1000000000000.0,1000000000000.0,1000000000000.0,1000000000000.0,1000000000000.0
20261239,9,0.0,16,8,worstcase_correlation,,0.062108907189348216,False,-1,24,0.022133542287672357,True,0.02771761766984129,0.050756181122665625,0.009501107055285308,0.002446076179472129,0.022133542287672357
20261239,9,0.0,16,8,grid,0.0,0.005,False,-1,289,0.00314401284961252,True,0.5340790131018417,0.33446830279231393,0.13034500372169722,0.05218025119635951,0.00314401284961252
20261239,9,0.0,16,8,grid,1.0,0.007632145998180043,False,-1,173,0.0014252858218494957,True,0.39950586267460614,0.21615573456493864,0.06065276335126373,0.02447130249992045,0.0014252858218494957
20261239,9,0.0,16,8,grid,2.0,0.01164993050750713,False,-1,108,0.00271184454932774,True,0.26793358097980535,0.1266814466014744,0.0217150146183408,0.010722308567696967,0.00271184454932774
20261239,9,0.0,16,8,grid,3.0,0.01778279410038923,False,-1,74,0.003987050221638404,True,0.15865657319431947,0.07125283461454696,0.006047541544961191,0.004770580709986565,0.003987050221638404
20261239,9,0.0,16,8,grid,4.0,0.027144176165949066,False,-1,51,0.006075755817953116,True,0.08462900881543486,0.04488480328482807,0.00456260712529357,0.001851381629594073,0.006075755817953116
20261239,9,0.0,16,8,grid,5.0,0.04143366309976846,False,-1,31,0.011174067470617863,True,0.045044908442372245,0.039720439239565954,0.007399848798282389,0.0006537878754652613,0.011174067470617863
20261239,9,0.0,16,8,grid,6.0,0.0632455532033676,False,-1,24,0.022835786724496633,True,0.02722065278160154,0.05158719192049172,0.009599179225745873,0.0026047629895486844,0.022835786724496633
20261239,9,0.0,16,8,grid,7.0,0.096539859156753,False,-1,19,0.046949893287122985,True,0.020335042007660856,0.07830465104575873,0.015152461148770219,0.0078768028606384,0.046949893287122985
20261239,9,0.0,16,8,grid,8.0,0.1473612599456155,False,-1,13,0.09336772941687305,True,0.0224452006412128,0.11775251545119808,0.039989163413040554,0.01628675216322873,0.09336772941687305
20261239,9,0.0,16,8,grid,9.0,0.2249365300761397,False,-1,6,0.17575559304796132,True,0.034725398814126084,0.16913938881335036,0.11273016933212363,0.03207208901768677,0.17575559304796132
20261239,9,0.0,16,8,grid,10.0,0.3433496875730229,False,-1,5,0.30374583124385757,True,0.05961970428882581,0.23526158400751457,0.2683630778514868,0.07051065060050046,0.30374583124385757
20261239,9,0.0,16,8,grid,11.0,0.524098988797363,False,-1,3,0.4525996060237315,True,0.1161648021988778,0.3362214989057926,0.5220299137121879,0.18523174522021776,0.4525996060237315
20261239,9,0.0,16,8,grid,12.0,0.8,False,-1,1,0.5251652547105268,True,0.28419915973868165,0.596532909220661,0.8477626047564463,0.5459877110908076,0.5251652547105268
20261239,9,0.0,16,32,joint_aware,,0.3543562147008278,False,-1,5,0.4030503757764675,True,0.09727704487996082,0.28971666201793317,0.707109541687862,0.06977016470682942,0.4030503757764675
20261239,9,0.0,16,32,correlation_blind,,0.3543562147008278,False,-1,5,0.4030503757764675,True,0.09727704487996082,0.28971666201793317,0.707109541687862,0.06977016470682942,0.4030503757764675
20261239,9,0.0,16,32,delay_blind,,0.4373927810905379,False,-1,3,0.49884482936498514,True,0.1307668383239668,0.3703667518072886,1.1711509815553913,0.14078666894721872,0.49884482936498514
20261239,9,0.0,16,32,mean_only,,1.2931845703348515,True,2685,1,1000000000000.0,True,171.82120901516907,15.439995312453519,309996.4155736051,43114173.56570627,1000000000000.0
20261239,9,0.0,16,32,worstcase_correlation,,0.06012858486571272,False,-1,24,0.021454577735203095,True,0.02745168118850123,0.05093539004355858,0.010282284515460503,0.0026760500544722654,0.021454577735203095
20261239,9,0.0,16,32,grid,0.0,0.005,False,-1,288,0.003101444627375681,True,0.5320340404299063,0.33268141715605437,0.12938105370623426,0.051873216676364034,0.003101444627375681
20261239,9,0.0,16,32,grid,1.0,0.007632145998180043,False,-1,172,0.0014336346068153432,True,0.39640196502923564,0.2141425382702203,0.05987091500869352,0.024234578377516493,0.0014336346068153432
20261239,9,0.0,16,32,grid,2.0,0.01164993050750713,False,-1,107,0.002740580737647316,True,0.2639392128346001,0.12485455952617115,0.021184625531193504,0.010555050411198912,0.002740580737647316
20261239,9,0.0,16,32,grid,3.0,0.01778279410038923,False,-1,73,0.004019091701879844,True,0.15443255938637643,0.0699833875909403,0.005852254838937514,0.004676758017837646,0.004019091701879844
20261239,9,0.0,16,32,grid,4.0,0.027144176165949066,False,-1,50,0.006096808606392453,True,0.08113172538189858,0.044361307317073974,0.004760732409311271,0.0018273178225217098,0.006096808606392453
20261239,9,0.0,16,32,grid,5.0,0.04143366309976846,False,-1,30,0.01122681765958498,True,0.04288908911685919,0.040161786738453394,0.007924254446233002,0.0007991510403206727,0.01122681765958498
20261239,9,0.0,16,32,grid,6.0,0.0632455532033676,False,-1,23,0.023509743019899422,True,0.026131947180834742,0.053345903472730195,0.010659655288761033,0.0031655886104545493,0.023509743019899422
20261239,9,0.0,16,32,grid,7.0,0.096539859156753,False,-1,18,0.05094937628113384,True,0.020747176276263508,0.08140365042582284,0.019301893267326134,0.008963408809018058,0.05094937628113384
20261239,9,0.0,16,32,grid,8.0,0.1473612599456155,False,-1,12,0.1081555888120608,True,0.026850698647534865,0.12399515710277433,0.06016299365969514,0.01688015662035879,0.1081555888120608
20261239,9,0.0,16,32,grid,9.0,0.2249365300761397,False,-1,6,0.21580770393298626,True,0.046361945982437244,0.18496110925650466,0.20475693238427836,0.02844011123223499,0.21580770393298626
20261239,9,0.0,16,32,grid,10.0,0.3433496875730229,False,-1,5,0.38848150834239986,True,0.09189489627177877,0.27984032479080145,0.652426323900322,0.06393537906589726,0.38848150834239986
20261239,9,0.0,16,32,grid,11.0,0.524098988797363,False,-1,3,0.6029645472751526,True,0.13608818664441283,0.45602029656280285,1.7268687518916157,0.28817561359972854,0.6029645472751526
20261239,9,0.0,16,32,grid,12.0,0.8,False,-1,1,0.6308833527291333,True,0.2582490380236393,0.47662900674087366,5.393216314991616,0.4625890340306126,0.6308833527291333
20261239,9,0.0,32,8,joint_aware,,0.48450346515727244,False,-1,3,0.11421798298605404,True,0.17267594992135613,0.022388668414405927,0.3417389968177141,0.12034149522712534,0.11421798298605404
20261239,9,0.0,32,8,correlation_blind,,0.48450346515727244,False,-1,3,0.11421798298605404,True,0.17267594992135613,0.022388668414405927,0.3417389968177141,0.12034149522712534,0.11421798298605404
20261239,9,0.0,32,8,delay_blind,,0.5476125865680102,False,-1,3,0.11275663720114251,True,0.2127002000935741,0.021638766464428662,0.4611032629540346,0.16383084205366852,0.11275663720114251
20261239,9,0.0,32,8,mean_only,,2.1034893587976695,True,2844,1,1000000000000.0,True,75.78952343311421,75.85527846472807,18003.958967421233,229690261.45841533,1000000000000.0
20261239,9,0.0,32,8,worstcase_correlation,,0.061225211651951904,False,-1,25,0.0269822549568132,True,0.017482006288902247,0.010448631370719684,0.007589109215988346,0.0039517285978873315,0.0269822549568132
20261239,9,0.0,32,8,grid,0.0,0.005,False,-1,265,0.004774366548564188,True,0.5190994382106097,0.32337282595968164,0.13031951112243242,0.04589229735879446,0.004774366548564188
20261239,9,0.0,32,8,grid,1.0,0.007632145998180043,False,-1,167,0.0018897286957767622,True,0.3820888647315201,0.20724072117549294,0.05883910573696341,0.020609783754382438,0.0018897286957767622
20261239,9,0.0,32,8,grid,2.0,0.01164993050750713,False,-1,108,0.0027103846745910997,True,0.25044631001787826,0.12024865804589455,0.018998549807073356,0.009355477714708882,0.0027103846745910997
20261239,9,0.0,32,8,grid,3.0,0.01778279410038923,False,-1,73,0.004922887340835515,True,0.14409628300542587,0.06430127493206021,0.004938983157975013,0.005057554651033833,0.004922887340835515
20261239,9,0.0,32,8,grid,4.0,0.027144176165949066,False,-1,50,0.009076666093535472,True,0.07404138908121675,0.032528782706769656,0.005990423734101849,0.002779577294306227,0.009076666093535472
20261239,9,0.0,32,8,grid,5.0,0.04143366309976846,False,-1,30,0.01643577050056748,True,0.03594709664775155,0.016798425325084458,0.008701412305277737,0.0014238171911401267,0.01643577050056748
20261239,9,0.0,32,8,grid,6.0,0.0632455532033676,False,-1,25,0.028038285258271116,True,0.016399527524614734,0.0101396939886686,0.007401784608495466,0.004437402245908039,0.028038285258271116
20261239,9,0.0,32,8,grid,7.0,0.096539859156753,False,-1,19,0.044612440491711945,True,0.007837443894990548,0.00857942783252689,0.006395004607186416,0.014918860788833704,0.044612440491711945
20261239,9,0.0,32,8,grid,8.0,0.1473612599456155,False,-1,11,0.06732315414538448,True,0.01039416981471477,0.01210266842154445,0.016109769658591424,0.03039717502032304,0.06732315414538448
20261239,9,0.0,32,8,grid,9.0,0.2249365300761397,False,-1,7,0.09352940844954899,True,0.02985740227609093,0.019940489029789718,0.05335171851359899,0.04447954030189632,0.09352940844954899
20261239,9,0.0,32,8,grid,10.0,0.3433496875730229,False,-1,4,0.11125800814005027,True,0.08539007376253241,0.02326875453898858,0.14925225889369875,0.06288113179561312,0.11125800814005027
20261239,9,0.0,32,8,grid,11.0,0.524098988797363,False,-1,3,0.11345679324881264,True,0.19783714275183237,0.021982714850556275,0.41459592400207407,0.14622486310551572,0.11345679324881264
20261239,9,0.0,32,8,grid,12.0,0.8,False,-1,2,0.09408256126762256,True,0.41811586480565605,0.0696591022762267,0.9321059571399976,0.48137652346014836,0.09408256126762256
20261239,9,0.0,32,32,joint_aware,,0.2890855861645199,False,-1,5,0.4125257995622771,True,0.04464774688731498,0.11648808729317098,0.16533642917720087,0.1495765298036832,0.4125257995622771
20261239,9,0.0,32,32,correlation_blind,,0.2890855861645199,False,-1,5,0.4125257995622771,True,0.04464774688731498,0.11648808729317098,0.16533642917720087,0.1495765298036832,0.4125257995622771
20261239,9,0.0,32,32,delay_blind,,0.5476125865680102,False,-1,3,175.25702654746874,True,0.5774256522802284,8.829698102839675,4.317388063628829,8.541998943869269,175.25702654746874
20261239,9,0.0,32,32,mean_only,,0.5345835420861842,False,-1,3,19.02140679010089,True,0.6022867393175374,5.808235767676096,3.4099603230240856,9.45363107223504,19.02140679010089
20261239,9,0.0,32,32,worstcase_correlation,,0.056406811991134544,False,-1,25,0.024382985938263848,True,0.018780277309382084,0.010788804529759813,0.007790782519746725,0.004003918178237569,0.024382985938263848
20261239,9,0.0,32,32,grid,0.0,0.005,False,-1,260,0.004701321203715762,True,0.5146210715118347,0.31955171673194815,0.12837731881318593,0.04538902164570164,0.004701321203715762
20261239,9,0.0,32,32,grid,1.0,0.007632145998180043,False,-1,165,0.0019154299410551077,True,0.3755151613313528,0.203305313392139,0.05733308952210086,0.02033238256713436,0.0019154299410551077
20261239,9,0.0,32,32,grid,2.0,0.01164993050750713,False,-1,106,0.0028190719979832987,True,0.24252683681434847,0.11709633558323916,0.0180645637080802,0.00923096486674997,0.0028190719979832987
20261239,9,0.0,32,32,grid,3.0,0.01778279410038923,False,-1,71,0.005118824062773272,True,0.1365933828231997,0.062271597549883304,0.004800412573967347,0.005019437001586848,0.005118824062773272
20261239,9,0.0,32,32,grid,4.0,0.027144176165949066,False,-1,47,0.009269969075480075,True,0.06871626174128168,0.03136171501340315,0.006520504454013221,0.0027000386760809253,0.009269969075480075
20261239,9,0.0,32,32,grid,5.0,0.04143366309976846,False,-1,29,0.016442141946325935,True,0.033246301973967024,0.01615155880838027,0.00906982773218907,0.0014984544952594873,0.016442141946325935
20261239,9,0.0,32,32,grid,6.0,0.0632455532033676,False,-1,24,0.02808517441301656,True,0.014867533342081827,0.00957659422864596,0.006874544091790981,0.006295665851564678,0.02808517441301656
20261239,9,0.0,32,32,grid,7.0,0.096539859156753,False,-1,17,0.0479229746640725,True,0.006939436625016864,0.009068003748792651,0.005334332674175254,0.023922147245076644,0.0479229746640725
20261239,9,0.0,32,32,grid,8.0,0.1473612599456155,False,-1,9,0.09472981850836891,True,0.009378843353891523,0.023702297253395344,0.019047951225953808,0.06075430502948982,0.09472981850836891
20261239,9,0.0,32,32,grid,9.0,0.2249365300761397,False,-1,6,0.2281283841291788,True,0.021509200109149723,0.07677900484245939,0.06657652583386994,0.11550266410229308,0.2281283841291788
20261239,9,0.0,32,32,grid,10.0,0.3433496875730229,False,-1,4,0.6095857254113246,True,0.0840265672257943,0.19859541696508914,0.4152342276579429,0.20275475209699792,0.6095857254113246
20261239,9,0.0,32,32,grid,11.0,0.524098988797363,False,-1,3,0.6343807920569002,True,0.6436213782813716,4.014293610686918,3.654252786810504,5.884084711960147,0.6343807920569002
20261239,9,0.0,32,32,grid,12.0,0.8,True,2385,2,1000000000000.0,True,9.399938238559605,69.53192925643795,131881.5888026962,3292950917.8014784,1000000000000.0
20261239,9,0.9,16,8,joint_aware,,0.06793567174124356,False,-1,7,0.896697688472496,True,0.3252156251197209,0.33338802333471135,0.7990393010946083,0.2893540304810438,0.896697688472496
20261239,9,0.9,16,8,correlation_blind,,0.4363488632302189,False,-1,3,0.8569731029906344,True,4.2090007423999864,0.7252651110066514,5.4159038072992995,1.4798378676298376,0.8569731029906344
20261239,9,0.9,16,8,delay_blind,,0.0679609250345928,False,-1,7,0.8967770241658283,True,0.32540377236730955,0.3333950302903604,0.7993471532746972,0.28949538065942454,0.8967770241658283
20261239,9,0.9,16,8,mean_only,,4.115057114511728,True,42,-1,1000000000000.0,True,1000000000000.0,1000000000000.0,1000000000000.0,1000000000000.0,1000000000000.0
20261239,9,0.9,16,8,worstcase_correlation,,0.062108907189348216,False,-1,8,0.8755397320393746,True,0.28291546525193517,0.32897494747097517,0.7247203162271996,0.2565489289305933,0.8755397320393746
20261239,9,0.9,16,8,grid,0.0,0.005,False,-1,268,0.07106763580968381,True,0.5368055957791006,0.3153143904143597,0.10801797000400644,0.05916975683071814,0.07106763580968381
20261239,9,0.9,16,8,grid,1.0,0.007632145998180043,False,-1,209,0.16159995292629023,True,0.39488046369177027,0.19140196805799012,0.03291075736255201,0.04087107366535832,0.16159995292629023
20261239,9,0.9,16,8,grid,2.0,0.01164993050750713,False,-1,129,0.2826932473475395,True,0.25561947460771284,0.11134194352095861,0.01424645900850937,0.04535315819718359,0.2826932473475395
20261239,9,0.9,16,8,grid,3.0,0.01778279410038923,False,-1,30,0.42841371930411287,True,0.15027043857008374,0.09824021025129098,0.058603262472102534,0.061093297492535836,0.42841371930411287
20261239,9,0.9,16,8,grid,4.0,0.027144176165949066,False,-1,21,0.5875695640988077,True,0.11093102903063469,0.15784017029597106,0.18313647524558163,0.08850174321836499,0.5875695640988077
20261239,9,0.9,16,8,grid,5.0,0.04143366309976846,False,-1,14,0.7460961759606496,True,0.15499133978839935,0.2587506898505201,0.41420008677357595,0.14618664541726456,0.7460961759606496
20261239,9,0.9,16,8,grid,6.0,0.0632455532033676,False,-1,8,0.8801259470655891,True,0.2909897228991702,0.33029147708036,0.7397273439125959,0.2629643505307661,0.8801259470655891
20261239,9,0.9,16,8,grid,7.0,0.096539859156753,False,-1,7,0.9312935053914652,True,0.5618092908849894,0.29483758125813236,1.0685596028110755,0.4332105463972498,0.9312935053914652
20261239,9,0.9,16,8,grid,8.0,0.1473612599456155,False,-1,5,0.8319043041813601,True,1.0476054231819403,0.17486690979630978,1.2441109597554527,0.5473483972879118,0.8319043041813601
20261239,9,0.9,16,8,grid,9.0,0.2249365300761397,False,-1,4,0.5331866356109961,True,1.6247601553589797,0.1914775458665733,1.3743129735955804,0.3911577216313333,0.5331866356109961
20261239,9,0.9,16,8,grid,10.0,0.3433496875730229,False,-1,4,0.3768794195038385,True,1.5408004318728155,0.5518369299235875,2.1080797619334826,0.7248963702899959,0.3768794195038385
20261239,9,0.9,16,8,grid,11.0,0.524098988797363,False,-1,4,4.540439808524037,True,28.65343345350508,1.0288250651963806,26.113270451445835,17.669789416749694,4.540439808524037
20261239,9,0.9,16,8,grid,12.0,0.8,True,351,-1,1000000000000.0,True,623198814126.4971,1000000000000.0,1000000000000.0,1000000000000.0,1000000000000.0
20261239,9,0.9,16,32,joint_aware,,0.06557341714513457,False,-1,7,0.9096877789109745,True,0.3310404578539728,0.3534856548518951,0.8505194992940254,0.3487254831090573,0.9096877789109745
20261239,9,0.9,16,32,correlation_blind,,0.3543562147008278,False,-1,4,60.9623928261671,True,3.4798306518614592,1.2581643142448473,16.341083245327418,0.8011022569967765,60.9623928261671
20261239,9,0.9,16,32,delay_blind,,0.0679609250345928,False,-1,7,0.9188926618372216,True,0.35155918688941645,0.35487600064224817,0.8827371071052283,0.36998309422123266,0.9188926618372216
20261239,9,0.9,16,32,mean_only,,1.2931845703348515,True,310,-1,1000000000000.0,True,24506193614.504906,1000000000000.0,1000000000000.0,1000000000000.0,1000000000000.0
20261239,9,0.9,16,32,worstcase_correlation,,0.06012858486571272,False,-1,7,0.8855958665367851,True,0.28626937019251425,0.3461772661250736,0.771959145919597,0.30150686217472955,0.8855958665367851
20261239,9,0.9,16,32,grid,0.0,0.005,False,-1,262,0.0729163424229583,True,0.5335608664487104,0.31204417894101155,0.1055799516131732,0.05793394193401655,0.0729163424229583
20261239,9,0.9,16,32,grid,1.0,0.007632145998180043,False,-1,198,0.16549208195361664,True,0.38933769425235465,0.1871089293384903,0.030990756931191098,0.03985435226300643,0.16549208195361664
20261239,9,0.9,16,32,grid,2.0,0.01164993050750713,False,-1,127,0.2893579191315993,True,0.24739839829556945,0.1070613602320928,0.014579474768412239,0.04450566381374721,0.2893579191315993
20261239,9,0.9,16,32,grid,3.0,0.01778279410038923,False,-1,29,0.4384375014214713,True,0.1405053635355377,0.09650130198517098,0.06443617980558283,0.06040127430016937,0.4384375014214713
20261239,9,0.9,16,32,grid,4.0,0.027144176165949066,False,-1,21,0.6007174528074328,True,0.10344198837444381,0.1621897338202191,0.20159835165837953,0.09003923024676581,0.6007174528074328
20261239,9,0.9,16,32,grid,5.0,0.04143366309976846,False,-1,14,0.7612977070443518,True,0.15614219834557264,0.27129613734045077,0.45757306168168416,0.16144094490968502,0.7612977070443518
20261239,9,0.9,16,32,grid,6.0,0.0632455532033676,False,-1,7,0.8999352891194101,True,0.3115547938907471,0.3510858593192105,0.8177784648523284,0.32830203606290176,0.8999352891194101
20261239,9,0.9,16,32,grid,7.0,0.096539859156753,False,-1,7,0.9815052683497053,True,0.6394568251553778,0.3096345612277754,1.1488323005076124,0.6382729651067465,0.9815052683497053
20261239,9,0.9,16,32,grid,8.0,0.1473612599456155,False,-1,5,1.0080928314039062,True,1.3176581064910156,0.2101253589377117,1.069902204504689,1.1812394403253836,1.0080928314039062
20261239,9,0.9,16,32,grid,9.0,0.2249365300761397,False,-1,4,0.993906677856341,True,2.5291473225293175,0.48854332418776575,0.7157377744648283,2.0637254803887384,0.993906677856341
20261239,9,0.9,16,32,grid,10.0,0.3433496875730229,False,-1,4,33.04135482621557,True,3.5500394992181423,1.1037875726840842,13.083836682555072,0.9344945296811709,33.04135482621557
20261239,9,0.9,16,32,grid,11.0,0.524098988797363,False,-1,3,21002.22114951898,True,512.4920409982601,83.70635133758013,1647.7561318702162,79142.83770593483,21002.22114951898
20261239,9,0.9,16,32,grid,12.0,0.8,True,691,3,1000000000000.0,True,271806.04223503,44856135.94103935,1000000000000.0,1000000000000.0,1000000000000.0
20261239,9,0.9,32,8,joint_aware,,0.06708632967038644,False,-1,7,0.933693069537129,True,0.2740403386801783,0.3543560784908662,0.8645044619404408,0.3204131561052567,0.933693069537129
20261239,9,0.9,32,8,correlation_blind,,0.48450346515727244,False,-1,3,35.28762352543286,True,8.547038420833397,12.839786223434512,459.0385492089816,3.173578879322018,35.28762352543286
20261239,9,0.9,32,8,delay_blind,,0.0681741968826708,False,-1,7,0.9376873454705651,True,0.28111835520710043,0.3554483384633748,0.8788863977828815,0.3286282503814683,0.9376873454705651
20261239,9,0.9,32,8,mean_only,,2.1034893587976695,True,91,-1,1000000000000.0,True,1000000000000.0,1000000000000.0,1000000000000.0,1000000000000.0,1000000000000.0
20261239,9,0.9,32,8,worstcase_correlation,,0.061225211651951904,False,-1,8,0.9088190253812362,True,0.23706188067660525,0.34504723003956156,0.7828039528872895,0.27662131200760043,0.9088190253812362
20261239,9,0.9,32,8,grid,0.0,0.005,False,-1,267,0.0697688939983781,True,0.5354384639442333,0.31205702481170533,0.10356323597869904,0.05735463930171525,0.0697688939983781
20261239,9,0.9,32,8,grid,1.0,0.007632145998180043,False,-1,199,0.15999774035853018,True,0.3913588340498003,0.18808492844853453,0.029673955633440177,0.03754255400437974,0.15999774035853018
20261239,9,0.9,32,8,grid,2.0,0.01164993050750713,False,-1,141,0.2827831208190806,True,0.24870754094168604,0.10860103333339542,0.015265477382254089,0.039467607191876114,0.2827831208190806
20261239,9,0.9,32,8,grid,3.0,0.01778279410038923,False,-1,30,0.4338411339412377,True,0.13887817670949537,0.09669419626077294,0.06838887603106758,0.05250435617888674,0.4338411339412377
20261239,9,0.9,32,8,grid,4.0,0.027144176165949066,False,-1,21,0.6026227215928257,True,0.0940859472814791,0.15839889261434112,0.2077048640886508,0.07934919056183412,0.6026227215928257
20261239,9,0.9,32,8,grid,5.0,0.04143366309976846,False,-1,15,0.772878068903235,True,0.13008292289316564,0.26421431862869676,0.4600783268400094,0.14470619363858717,0.772878068903235
20261239,9,0.9,32,8,grid,6.0,0.0632455532033676,False,-1,8,0.9180567292551689,True,0.24958544928195325,0.34893073849292316,0.811761356399197,0.2916024191353591,0.9180567292551689
20261239,9,0.9,32,8,grid,7.0,0.096539859156753,False,-1,7,0.9897924539529442,True,0.48897774593819787,0.3331537162873961,1.1646188159427002,0.5389806089256343,0.9897924539529442
20261239,9,0.9,32,8,grid,8.0,0.1473612599456155,False,-1,6,0.9630262683779687,True,0.9679371546989173,0.24703846195283696,1.2847793207114009,0.8387031662838554,0.9630262683779687
20261239,9,0.9,32,8,grid,9.0,0.2249365300761397,False,-1,4,0.8715799491152776,True,1.7589090951784654,0.40508760375510905,1.0990757924099712,0.8978724480783375,0.8715799491152776
20261239,9,0.9,32,8,grid,10.0,0.3433496875730229,False,-1,4,1.9730865309914858,True,2.037360251359254,1.6790850584810386,7.866792459460775,0.3775029242023583,1.9730865309914858
20261239,9,0.9,32,8,grid,11.0,0.524098988797363,False,-1,3,102.6996224160163,True,18.95368047273641,26.742399855674893,932.9536192965251,6.273803010256886,102.6996224160163
20261239,9,0.9,32,8,grid,12.0,0.8,True,831,74,1000000000000.0,True,4485.705061484601,3095518.2070523095,1000000000000.0,1000000000000.0,1000000000000.0
20261239,9,0.9,32,32,joint_aware,,0.061344496040986844,False,-1,8,0.9981582542126194,True,0.3043409109177682,0.516390323930004,1.0014340007446612,0.4595047496363887,0.9981582542126194
20261239,9,0.9,32,32,correlation_blind,,0.2890855861645199,False,-1,4,15.487832228608525,True,19.439366040573965,3.202597361489299,64.21779024757937,10.793933782563883,15.487832228608525
20261239,9,0.9,32,32,delay_blind,,0.0681741968826708,False,-1,7,1.0461526904542304,True,0.37779759119525813,0.5656118635828071,1.1319828952467448,0.5818406602460485,1.0461526904542304
20261239,9,0.9,32,32,mean_only,,0.5345835420861842,True,1657,3,1000000000000.0,True,75.00689291170553,4484.882575552486,947984553.8103136,1000000000000.0,1000000000000.0
20261239,9,0.9,32,32,worstcase_correlation,,0.056406811991134544,False,-1,9,0.9585728007325189,True,0.2578499584761787,0.4771657190089259,0.901003455808205,0.3792714184474889,0.9585728007325189
20261239,9,0.9,32,32,grid,0.0,0.005,False,-1,260,0.07220355993467573,True,0.5295869975035244,0.30636759512651957,0.09971470691010333,0.056096635623036566,0.07220355993467573
20261239,9,0.9,32,32,grid,1.0,0.007632145998180043,False,-1,192,0.16457056670208298,True,0.38157831743141224,0.18167864229611902,0.026830389364793986,0.03704649802700466,0.16457056670208298
20261239,9,0.9,32,32,grid,2.0,0.01164993050750713,False,-1,127,0.2899412480335061,True,0.23472624054882074,0.10486328163685549,0.01620609468162965,0.03976635556504123,0.2899412480335061
20261239,9,0.9,32,32,grid,3.0,0.01778279410038923,False,-1,28,0.44435352240758486,True,0.12357254296500418,0.10348599750758598,0.0798566655510103,0.053846301123364984,0.44435352240758486
20261239,9,0.9,32,32,grid,4.0,0.027144176165949066,False,-1,21,0.6198556627709311,True,0.08585895230899687,0.18981718541428305,0.24895188616969366,0.0867037294876295,0.6198556627709311
20261239,9,0.9,32,32,grid,5.0,0.04143366309976846,False,-1,14,0.8116810291085241,True,0.1439029955162378,0.3420763260223673,0.5700104462144389,0.18868993751719326,0.8116810291085241
20261239,9,0.9,32,32,grid,6.0,0.0632455532033676,False,-1,7,1.0123127719820684,True,0.3236358012293393,0.5307197465268046,1.0387518142246521,0.4923374602226179,1.0123127719820684
20261239,9,0.9,32,32,grid,7.0,0.096539859156753,False,-1,7,1.1573419517057395,True,0.8509148674226583,0.6811369249846636,1.5778779248079657,1.1577395527680143,1.1573419517057395
20261239,9,0.9,32,32,grid,8.0,0.1473612599456155,False,-1,5,1.493395609640523,True,2.5120370216697205,0.5693324734227531,1.7747621380338598,1.956998009343767,1.493395609640523
20261239,9,0.9,32,32,grid,9.0,0.2249365300761397,False,-1,4,3.015334940788581,True,8.9732419391779,0.6709771540237147,0.476171121831228,3.6453887913923246,3.015334940788581
20261239,9,0.9,32,32,grid,10.0,0.3433496875730229,False,-1,4,212.01450911659663,True,26.768293007725074,7.284584064469607,461.7692872093055,17.93869333966308,212.01450911659663
20261239,9,0.9,32,32,grid,11.0,0.524098988797363,True,1708,3,1000000000000.0,True,48.6892097357392,4034.23941911315,653159204.7157271,1000000000000.0,1000000000000.0
20261239,9,0.9,32,32,grid,12.0,0.8,True,899,3,1000000000000.0,True,16056.258867489167,28318265.8915081,1000000000000.0,1000000000000.0,1000000000000.0
20261240,10,0.0,16,8,joint_aware,,0.4363488632302189,False,-1,6,0.03614889735453376,True,0.3547311982879011,0.1224525349618708,0.02562001604264737,0.15110595743378497,0.03614889735453376
20261240,10,0.0,16,8,correlation_blind,,0.4363488632302189,False,-1,6,0.03614889735453376,True,0.3547311982879011,0.1224525349618708,0.02562001604264737,0.15110595743378497,0.03614889735453376
20261240,10,0.0,16,8,delay_blind,,0.4373927810905379,False,-1,6,0.036210780011391046,True,0.35606864773618396,0.12312379602118051,0.025532423163472023,0.15090988610862127,0.036210780011391046
20261240,10,0.0,16,8,mean_only,,4.115057114511728,True,101,-1,1000000000000.0,True,1000000000000.0,1000000000000.0,1000000000000.0,1000000000000.0,1000000000000.0
20261240,10,0.0,16,8,worstcase_correlation,,0.062108907189348216,False,-1,30,0.013353215391257615,True,0.007976890220323747,0.005539888259631056,0.020186503481284174,0.0770200938173423,0.013353215391257615
20261240,10,0.0,16,8,grid,0.0,0.005,False,-1,286,0.0033349338186241793,True,0.5381211559237976,0.3074482153767394,0.1377223891702036,0.02543897300432555,0.0033349338186241793
20261240,10,0.0,16,8,grid,1.0,0.007632145998180043,False,-1,186,0.0016808380397205754,True,0.3981049908598577,0.17896294587214234,0.06800984632789563,0.008125810968529356,0.0016808380397205754
20261240,10,0.0,16,8,grid,2.0,0.01164993050750713,False,-1,132,0.0021459738936234454,True,0.25718598405392673,0.08241479125032751,0.030017612767178386,0.01398316349621059,0.0021459738936234454
20261240,10,0.0,16,8,grid,3.0,0.01778279410038923,False,-1,88,0.0034002332568044647,True,0.13648191083997474,0.025888631696866934,0.013757595207007046,0.029307340575899267,0.0034002332568044647
20261240,10,0.0,16,8,grid,4.0,0.027144176165949066,False,-1,55,0.005174633771593489,True,0.05302221346501038,0.0036267604876634623,0.010120451803943822,0.04484422997897847,0.005174633771593489
20261240,10,0.0,16,8,grid,5.0,0.04143366309976846,False,-1,37,0.008015471049368854,True,0.012050265144851972,0.0018683787362636685,0.013165713163305533,0.06003119274812942,0.008015471049368854
20261240,10,0.0,16,8,grid,6.0,0.0632455532033676,False,-1,30,0.013667141306207838,True,0.008470076016888255,0.0056645609292635775,0.020567495668594088,0.07788946333461852,0.013667141306207838
20261240,10,0.0,16,8,grid,7.0,0.096539859156753,False,-1,17,0.02228296632916143,True,0.03207270696997578,0.007124307160485903,0.029628190594343483,0.10198938123007958,0.02228296632916143
20261240,10,0.0,16,8,grid,8.0,0.1473612599456155,False,-1,10,0.030026944004577196,True,0.07139648357680077,0.01112017642520988,0.035742897889221144,0.1341261854731548,0.030026944004577196
20261240,10,0.0,16,8,grid,9.0,0.2249365300761397,False,-1,9,0.03278861635482499,True,0.13080029373438654,0.02733402503438848,0.036399276896999365,0.16498533338665616,0.03278861635482499
20261240,10,0.0,16,8,grid,10.0,0.3433496875730229,False,-1,8,0.03300433894408826,True,0.243582344763723,0.07013131221588981,0.03193034659629845,0.16733004221997416,0.03300433894408826
20261240,10,0.0,16,8,grid,11.0,0.524098988797363,False,-1,6,0.043958039667561004,True,0.471773366719476,0.18276153212732033,0.017262930570970562,0.13661722437190854,0.043958039667561004
20261240,10,0.0,16,8,grid,12.0,0.8,False,-1,8,0.11459665533746848,True,0.8628203085562417,0.34920254449704613,0.011431170909404945,0.12533705925381108,0.11459665533746848
20261240,10,0.0,16,32,joint_aware,,0.3543562147008278,False,-1,6,0.03880105758040783,True,0.18969750924322873,0.13592509294034072,0.08289014534021762,0.22686458117650607,0.03880105758040783
20261240,10,0.0,16,32,correlation_blind,,0.3543562147008278,False,-1,6,0.03880105758040783,True,0.18969750924322873,0.13592509294034072,0.08289014534021762,0.22686458117650607,0.03880105758040783
20261240,10,0.0,16,32,delay_blind,,0.4373927810905379,False,-1,4,0.046904293928945656,True,0.2037280567057121,0.24753505800343328,0.11229982089397757,0.20458751104266995,0.046904293928945656
20261240,10,0.0,16,32,mean_only,,1.2931845703348515,True,2547,8,1000000000000.0,True,10.359492305549821,81.82724251068532,8115.438583008461,41736318.952720396,1000000000000.0
20261240,10,0.0,16,32,worstcase_correlation,,0.06012858486571272,False,-1,30,0.014380933222893959,True,0.007282395571721407,0.005496320152552137,0.0205041954605654,0.07850081175084887,0.014380933222893959
20261240,10,0.0,16,32,grid,0.0,0.005,False,-1,285,0.003304002441285837,True,0.5363649866565305,0.30572017128620255,0.13687257702253106,0.0252094725470958,0.003304002441285837
20261240,10,0.0,16,32,grid,1.0,0.007632145998180043,False,-1,185,0.0016676688375899403,True,0.39538465009004603,0.17697568475005349,0.06738630391734922,0.008110821818189016,0.0016676688375899403
20261240,10,0.0,16,32,grid,2.0,0.01164993050750713,False,-1,130,0.002123217618788885,True,0.25360797778933597,0.08061692220754718,0.02968471646449683,0.01423316298879716,0.002123217618788885
20261240,10,0.0,16,32,grid,3.0,0.01778279410038923,False,-1,88,0.0033673893899864513,True,0.1326354348834164,0.024726456290712365,0.013684715527026187,0.029827378604938087,0.0033673893899864513
20261240,10,0.0,16,32,grid,4.0,0.027144176165949066,False,-1,54,0.005198718314245425,True,0.04982004843767523,0.0032355521436159738,0.01030234237606427,0.045736130821372074,0.005198718314245425
20261240,10,0.0,16,32,grid,5.0,0.04143366309976846,False,-1,37,0.008480871828582981,True,0.010323985892745663,0.001960561788236818,0.013685021885528151,0.06162206521400759,0.008480871828582981
20261240,10,0.0,16,32,grid,6.0,0.0632455532033676,False,-1,29,0.015462938414581937,True,0.00879016467361949,0.005890582355713525,0.02162845712884572,0.08120921636161889,0.015462938414581937
20261240,10,0.0,16,32,grid,7.0,0.096539859156753,False,-1,15,0.026683417319008793,True,0.0340607536245363,0.009093062373676682,0.03129250410925116,0.11042146708875647,0.026683417319008793
20261240,10,0.0,16,32,grid,8.0,0.1473612599456155,False,-1,10,0.037500191487215895,True,0.07235522571044556,0.02220657551956839,0.03911297883517554,0.1570206493538315,0.037500191487215895
20261240,10,0.0,16,32,grid,9.0,0.2249365300761397,False,-1,8,0.042119579103900476,True,0.12708075346031758,0.05908273688197484,0.048802910555692,0.21341569297699603,0.042119579103900476
20261240,10,0.0,16,32,grid,10.0,0.3433496875730229,False,-1,6,0.03880604664129448,True,0.18713428686277475,0.1264523206427935,0.07891544747318004,0.22890462162939368,0.03880604664129448
20261240,10,0.0,16,32,grid,11.0,0.524098988797363,False,-1,4,0.07037612677151489,True,0.23842543900098895,0.450799663755431,0.12659216131329926,0.1916765117824723,0.07037612677151489
20261240,10,0.0,16,32,grid,12.0,0.8,False,-1,8,0.17534566512043423,True,2.02375661139932,1.3366990114684967,0.18156559505124314,0.5576677514123953,0.17534566512043423
20261240,10,0.0,32,8,joint_aware,,0.48450346515727244,False,-1,3,0.17312385761045215,True,0.20806787473375743,0.38276335293330116,0.07685957480479218,0.07520047077420569,0.17312385761045215
20261240,10,0.0,32,8,correlation_blind,,0.48450346515727244,False,-1,3,0.17312385761045215,True,0.20806787473375743,0.38276335293330116,0.07685957480479218,0.07520047077420569,0.17312385761045215
20261240,10,0.0,32,8,delay_blind,,0.5476125865680102,False,-1,3,0.1700370441702838,True,0.2302869784733157,0.4940386675637056,0.10559791573472015,0.07697200958090046,0.1700370441702838
20261240,10,0.0,32,8,mean_only,,2.1034893587976695,True,2027,1,1000000000000.0,True,781.3779154477778,23.41982124894409,147892.81265247354,68592430200.94855,1000000000000.0
20261240,10,0.0,32,8,worstcase_correlation,,0.061225211651951904,False,-1,23,0.017462364893454516,True,0.026615273381097572,0.008743849764134322,0.001812671818901892,0.013880384564693557,0.017462364893454516
20261240,10,0.0,32,8,grid,0.0,0.005,False,-1,291,0.004258638077092996,True,0.5476246357559484,0.31323385317527935,0.14394979374414035,0.03403574893157856,0.004258638077092996
20261240,10,0.0,32,8,grid,1.0,0.007632145998180043,False,-1,187,0.0013752788365878428,True,0.41196360396487475,0.18963313084940672,0.07295325833615134,0.00988909672587877,0.0013752788365878428
20261240,10,0.0,32,8,grid,2.0,0.01164993050750713,False,-1,127,0.0021872197079535133,True,0.27551163818167324,0.09743304642432196,0.03153178981718018,0.003065714850022201,0.0021872197079535133
20261240,10,0.0,32,8,grid,3.0,0.01778279410038923,False,-1,82,0.003980690658558621,True,0.15747302005059843,0.04177397625273748,0.01128921891190095,0.003744045945737168,0.003980690658558621
20261240,10,0.0,32,8,grid,4.0,0.027144176165949066,False,-1,50,0.006384733723277352,True,0.0738506788352608,0.015308056145554484,0.0038894120932552946,0.005841406539675508,0.006384733723277352
20261240,10,0.0,32,8,grid,5.0,0.04143366309976846,False,-1,33,0.01038654188886362,True,0.031811000552575845,0.0071118797248047455,0.0021299650721396174,0.009066160758967708,0.01038654188886362
20261240,10,0.0,32,8,grid,6.0,0.0632455532033676,False,-1,23,0.01828618580824485,True,0.027342403958278347,0.009140013810642415,0.0017894863853578507,0.014358336108149954,0.01828618580824485
20261240,10,0.0,32,8,grid,7.0,0.096539859156753,False,-1,15,0.03474739562478227,True,0.04771261927113422,0.01800315743057705,0.0013195591277444867,0.021505535505745334,0.03474739562478227
20261240,10,0.0,32,8,grid,8.0,0.1473612599456155,False,-1,10,0.06791285181601392,True,0.0807775175576288,0.038489426473153274,0.0017119619060244817,0.03148228231326281,0.06791285181601392
20261240,10,0.0,32,8,grid,9.0,0.2249365300761397,False,-1,6,0.11750077325693858,True,0.12119202235161214,0.08344867364475024,0.008197763141822294,0.04721612326012647,0.11750077325693858
20261240,10,0.0,32,8,grid,10.0,0.3433496875730229,False,-1,4,0.1618144243777129,True,0.16406312697805098,0.186410925838966,0.031273948763112375,0.06608546270739822,0.1618144243777129
20261240,10,0.0,32,8,grid,11.0,0.524098988797363,False,-1,3,0.1715228534694644,True,0.22175643604452616,0.45112233710417043,0.09413991852095165,0.07634078627649447,0.1715228534694644
20261240,10,0.0,32,8,grid,12.0,0.8,False,-1,2,0.15980661980939015,True,0.3372502542806943,1.0628085096197044,0.29965734105468,0.09351950125870191,0.15980661980939015
20261240,10,0.0,32,32,joint_aware,,0.2890855861645199,False,-1,4,0.35190574548787656,True,0.19299767393517386,0.24221415356506382,0.12096244467183143,0.13996838878990683,0.35190574548787656
20261240,10,0.0,32,32,correlation_blind,,0.2890855861645199,False,-1,4,0.35190574548787656,True,0.19299767393517386,0.24221415356506382,0.12096244467183143,0.13996838878990683,0.35190574548787656
20261240,10,0.0,32,32,delay_blind,,0.5476125865680102,False,-1,3,32.954179998946564,True,4.964305474336419,2.332252861523193,2.8456888225196884,3.725682318725007,32.954179998946564
20261240,10,0.0,32,32,mean_only,,0.5345835420861842,False,-1,3,0.6973921762087729,True,3.8690273849445798,1.9762959680609147,0.6961891935469193,1.3396944867630605,0.6973921762087729
20261240,10,0.0,32,32,worstcase_correlation,,0.056406811991134544,False,-1,23,0.015541977302362385,True,0.02575275274943508,0.008020630586734972,0.002280570569763965,0.014118987922386505,0.015541977302362385
20261240,10,0.0,32,32,grid,0.0,0.005,False,-1,288,0.004180676238322468,True,0.5430656481649249,0.30919360432940957,0.14196139242066827,0.033446966225474294,0.004180676238322468
20261240,10,0.0,32,32,grid,1.0,0.007632145998180043,False,-1,185,0.001396888024331979,True,0.4049611255503375,0.18530503029607212,0.07139784924787891,0.009613886072891778,0.001396888024331979
20261240,10,0.0,32,32,grid,2.0,0.01164993050750713,False,-1,121,0.0022741540714897156,True,0.26639180443509825,0.09387849418473243,0.03045826817371294,0.0031184230520139257,0.0022741540714897156
20261240,10,0.0,32,32,grid,3.0,0.01778279410038923,False,-1,77,0.004084026991176683,True,0.14765493867753554,0.03959477546776107,0.010658995115636982,0.004097758738865065,0.004084026991176683
20261240,10,0.0,32,32,grid,4.0,0.027144176165949066,False,-1,48,0.006392709301257838,True,0.06555364581117828,0.014209597318026984,0.0036642530222595897,0.006522577056405058,0.006392709301257838
20261240,10,0.0,32,32,grid,5.0,0.04143366309976846,False,-1,31,0.010287190712202429,True,0.027777508577450566,0.006698343155235932,0.0022270322430343395,0.010120613165783247,0.010287190712202429
20261240,10,0.0,32,32,grid,6.0,0.0632455532033676,False,-1,21,0.01839161273124286,True,0.029226975896896105,0.00947321181532555,0.0023591575231967153,0.01594818720891833,0.01839161273124286
20261240,10,0.0,32,32,grid,7.0,0.096539859156753,False,-1,12,0.03871131773671502,True,0.055265793153674164,0.019790650742762657,0.0024176252551604926,0.02510674961067078,0.03871131773671502
20261240,10,0.0,32,32,grid,8.0,0.1473612599456155,False,-1,9,0.09596064317236805,True,0.10349389330153949,0.044330938903192285,0.00364056126431254,0.04732378671201687,0.09596064317236805
20261240,10,0.0,32,32,grid,9.0,0.2249365300761397,False,-1,6,0.2106818189527931,True,0.14229943166464915,0.11950066955654415,0.029367158402954542,0.11112314080622432,0.2106818189527931
20261240,10,0.0,32,32,grid,10.0,0.3433496875730229,False,-1,4,0.5058674480949642,True,0.24869821805610032,0.27687575305640877,0.2167513434442259,0.14609638874433412,0.5058674480949642
20261240,10,0.0,32,32,grid,11.0,0.524098988797363,False,-1,3,0.9057226029058142,True,3.109698028048053,1.685046946175521,0.20785247823639763,1.5802158872167966,0.9057226029058142
20261240,10,0.0,32,32,grid,12.0,0.8,True,2099,2,1000000000000.0,True,41.29143749057427,1383.2557140925426,505463.65893544455,390130778715.5365,1000000000000.0
20261240,10,0.9,16,8,joint_aware,,0.06793567174124356,False,-1,65,0.4074678521380851,True,0.28706634858936875,0.4948687627564433,0.23436570095168294,0.14335924758345772,0.4074678521380851
20261240,10,0.9,16,8,correlation_blind,,0.4363488632302189,False,-1,21,0.9645811322746516,True,2.9184120703963568,15.680434630619562,3.6950717157286355,1.4167315271076522,0.9645811322746516
20261240,10,0.9,16,8,delay_blind,,0.0679609250345928,False,-1,65,0.40766417028749624,True,0.28723959017536177,0.49510683615436846,0.23454357823179342,0.14339309697457686,0.40766417028749624
20261240,10,0.9,16,8,mean_only,,4.115057114511728,True,38,4,1000000000000.0,True,1000000000000.0,1000000000000.0,1000000000000.0,1000000000000.0,1000000000000.0
20261240,10,0.9,16,8,worstcase_correlation,,0.062108907189348216,False,-1,65,0.3620945980175839,True,0.24948359209680243,0.4419899514169785,0.19550090905259226,0.1352288594115579,0.3620945980175839
20261240,10,0.9,16,8,grid,0.0,0.005,False,-1,330,0.02046104283098475,True,0.5855830797711653,0.3497188359429505,0.16741395601053316,0.06542161791172096,0.02046104283098475
20261240,10,0.9,16,8,grid,1.0,0.007632145998180043,False,-1,192,0.021842750793833975,True,0.4666738854588688,0.24617933437489253,0.09827699484993284,0.04892430334172483,0.021842750793833975
20261240,10,0.9,16,8,grid,2.0,0.01164993050750713,False,-1,146,0.03360969115033872,True,0.3469642429071409,0.1783155244150963,0.06144257667158995,0.049464122867801975,0.03360969115033872
20261240,10,0.9,16,8,grid,3.0,0.01778279410038923,False,-1,127,0.0552863739887638,True,0.23978990843834874,0.16298712874281057,0.04793722010921206,0.061502433923462566,0.0552863739887638
20261240,10,0.9,16,8,grid,4.0,0.027144176165949066,False,-1,123,0.10438738099202245,True,0.16542572185164608,0.20363351854438227,0.054536102832906386,0.08023894671259904,0.10438738099202245
20261240,10,0.9,16,8,grid,5.0,0.04143366309976846,False,-1,67,0.20330462598305826,True,0.15897530540605664,0.2883048051833433,0.09280008277969404,0.10368603575001305,0.20330462598305826
20261240,10,0.9,16,8,grid,6.0,0.0632455532033676,False,-1,65,0.37095276801648236,True,0.2564414340720511,0.4519778046733263,0.20274079915730242,0.13686105576686028,0.37095276801648236
20261240,10,0.9,16,8,grid,7.0,0.096539859156753,False,-1,26,0.6235338018478217,True,0.5426774330716384,0.8057250437917799,0.4841474832806839,0.1720471089977555,0.6235338018478217
20261240,10,0.9,16,8,grid,8.0,0.1473612599456155,False,-1,23,0.9481190813045328,True,1.2574468794828766,1.5162344060308166,1.068947632842022,0.1947638991445543,0.9481190813045328
20261240,10,0.9,16,8,grid,9.0,0.2249365300761397,False,-1,26,1.2772745318747643,True,2.436015697049224,3.056695762917479,1.8810141295304525,0.3000689707074552,1.2772745318747643
20261240,10,0.9,16,8,grid,10.0,0.3433496875730229,False,-1,21,1.459598333469931,True,3.143209088825073,7.456049040452654,2.812470068276013,0.8561354658209734,1.459598333469931
20261240,10,0.9,16,8,grid,11.0,0.524098988797363,False,-1,190,1.2428555885763417,True,2.79700206546551,33.73250297884439,4.460006542432478,3.895176880643163,1.2428555885763417
20261240,10,0.9,16,8,grid,12.0,0.8,True,341,-1,1000000000000.0,True,1486139076.1202354,1000000000000.0,1000000000000.0,1000000000000.0,1000000000000.0
20261240,10,0.9,16,32,joint_aware,,0.06557341714513457,False,-1,27,0.44264201140466225,True,0.2369745185820084,0.5152804024436253,0.24855951597517348,0.19616556643208152,0.44264201140466225
20261240,10,0.9,16,32,correlation_blind,,0.3543562147008278,False,-1,29,2.8926597938679928,True,20.643660657630633,17.38693413269385,4.000664744422795,4.916726646229341,2.8926597938679928
20261240,10,0.9,16,32,delay_blind,,0.0679609250345928,False,-1,27,0.46563454132049464,True,0.25272597563028365,0.5439684506678936,0.26952236416887576,0.20205815810464184,0.46563454132049464
20261240,10,0.9,16,32,mean_only,,1.2931845703348515,True,253,-1,1000000000000.0,True,173593566733.05414,1000000000000.0,1000000000000.0,1000000000000.0,1000000000000.0
20261240,10,0.9,16,32,worstcase_correlation,,0.06012858486571272,False,-1,27,0.3905272368943882,True,0.20525838501503701,0.4540169738970715,0.20528212911932153,0.18192513813268532,0.3905272368943882
20261240,10,0.9,16,32,grid,0.0,0.005,False,-1,329,0.020626520500324815,True,0.5822255843751247,0.3466530064684635,0.1653966553735226,0.06516582040647437,0.020626520500324815
20261240,10,0.9,16,32,grid,1.0,0.007632145998180043,False,-1,191,0.02224585251757111,True,0.46129414472715924,0.24238290456850825,0.09640320231941518,0.049641879613086894,0.02224585251757111
20261240,10,0.9,16,32,grid,2.0,0.01164993050750713,False,-1,145,0.03412601800778248,True,0.339242211257984,0.17406734632828444,0.06000714845967905,0.052114068263817606,0.03412601800778248
20261240,10,0.9,16,32,grid,3.0,0.01778279410038923,False,-1,127,0.056093132785038524,True,0.22931826105098077,0.15886977148291237,0.047046431786731,0.06807861285028013,0.056093132785038524
20261240,10,0.9,16,32,grid,4.0,0.027144176165949066,False,-1,77,0.1084359006590486,True,0.15092941570402968,0.20053368782862774,0.055123543142415105,0.09397310943272362,0.1084359006590486
20261240,10,0.9,16,32,grid,5.0,0.04143366309976846,False,-1,67,0.2198265164663092,True,0.1374341117946058,0.29014712925379305,0.09857277206479767,0.13081320764582144,0.2198265164663092
20261240,10,0.9,16,32,grid,6.0,0.0632455532033676,False,-1,27,0.4202933529486462,True,0.22272309070063986,0.48836238197514514,0.22930459451504187,0.1901967959483123,0.4202933529486462
20261240,10,0.9,16,32,grid,7.0,0.096539859156753,False,-1,26,0.736043741201001,True,0.5541343915163176,0.9568475498058724,0.6285905897082473,0.24790067321137285,0.736043741201001
20261240,10,0.9,16,32,grid,8.0,0.1473612599456155,False,-1,23,1.1244184427524473,True,1.8348257326892188,1.933328607772401,1.762048924206785,0.28992893199096104,1.1244184427524473
20261240,10,0.9,16,32,grid,9.0,0.2249365300761397,False,-1,23,1.4148490055826353,True,6.066830992163277,4.2384903889274295,3.7028302074330703,0.7025770685041208,1.4148490055826353
20261240,10,0.9,16,32,grid,10.0,0.3433496875730229,False,-1,29,2.264404124964923,True,18.20269233207464,16.633636912816804,4.029698434864392,4.119952697223052,2.264404124964923
20261240,10,0.9,16,32,grid,11.0,0.524098988797363,False,-1,-1,4118000.5613496373,True,70.77243297868935,4613.348679575438,6.412410909184755,770.0115069410408,4118000.5613496373
20261240,10,0.9,16,32,grid,12.0,0.8,True,779,-1,1000000000000.0,True,138839.8322063954,45023749172.02036,1000000000000.0,1000000000000.0,1000000000000.0
20261240,10,0.9,32,8,joint_aware,,0.06708632967038644,False,-1,27,0.4955755613662912,True,0.2860216657697373,0.517083609114599,0.2005156467349743,0.1532650642464877,0.4955755613662912
20261240,10,0.9,32,8,correlation_blind,,0.48450346515727244,False,-1,1146,15.125713391084462,True,15.137328968026116,327.92000704790996,22.035875904555137,11.498575656220781,15.125713391084462
20261240,10,0.9,32,8,delay_blind,,0.0681741968826708,False,-1,27,0.5069396761214017,True,0.29528568177801034,0.5295618063450108,0.20745003104158272,0.15478473893084316,0.5069396761214017
20261240,10,0.9,32,8,mean_only,,2.1034893587976695,True,76,-1,1000000000000.0,True,1000000000000.0,1000000000000.0,1000000000000.0,1000000000000.0,1000000000000.0
20261240,10,0.9,32,8,worstcase_correlation,,0.061225211651951904,False,-1,27,0.43474196976803064,True,0.2408091760263178,0.4530426187298107,0.16603181574888937,0.14452923391092587,0.43474196976803064
20261240,10,0.9,32,8,grid,0.0,0.005,False,-1,308,0.02051759735998106,True,0.5778342004698981,0.34538213289796443,0.16403644964446218,0.06775467032870178,0.02051759735998106
20261240,10,0.9,32,8,grid,1.0,0.007632145998180043,False,-1,190,0.02312442915370148,True,0.45664790114479603,0.2404455287156721,0.09499120058866962,0.052869986419526,0.02312442915370148
20261240,10,0.9,32,8,grid,2.0,0.01164993050750713,False,-1,144,0.037041294570084295,True,0.3345895918893673,0.17050512298491904,0.058349034383094245,0.05507364645131387,0.037041294570084295
20261240,10,0.9,32,8,grid,3.0,0.01778279410038923,False,-1,126,0.062365267244454396,True,0.22489828747086452,0.15254672208784972,0.04463009936076417,0.06864427550191812,0.062365267244454396
20261240,10,0.9,32,8,grid,4.0,0.027144176165949066,False,-1,77,0.1199313255231925,True,0.14833334081318722,0.1910525666528805,0.049584370329113496,0.08819581107900745,0.1199313255231925
20261240,10,0.9,32,8,grid,5.0,0.04143366309976846,False,-1,66,0.2398171615695696,True,0.14312538413848108,0.28042516354034686,0.08201415702564174,0.11213626572013141,0.2398171615695696
20261240,10,0.9,32,8,grid,6.0,0.0632455532033676,False,-1,27,0.4556213617444931,True,0.25552415759264,0.4744922154346371,0.17738002954299023,0.14763534539175524,0.4556213617444931
20261240,10,0.9,32,8,grid,7.0,0.096539859156753,False,-1,26,0.8002637236998963,True,0.6560092111689884,0.9075312315991263,0.4520187316849673,0.1806877497367451,0.8002637236998963
20261240,10,0.9,32,8,grid,8.0,0.1473612599456155,False,-1,23,1.2281332312034074,True,2.0526192346802863,1.7859495746930516,1.1600269961429484,0.2161077114994042,1.2281332312034074
20261240,10,0.9,32,8,grid,9.0,0.2249365300761397,False,-1,23,1.4853595005278526,True,5.77285877417736,3.8646504153031853,2.3451514279704635,0.47672931179675315,1.4853595005278526
20261240,10,0.9,32,8,grid,10.0,0.3433496875730229,False,-1,191,1.2602845863222552,True,10.969433070052027,8.370180380301852,3.7335298557050978,1.7939892644663582,1.2602845863222552
20261240,10,0.9,32,8,grid,11.0,0.524098988797363,False,-1,21,43.223021122939464,True,10.50416849420084,2309.307263815855,36.23483595904949,27.659007648614892,43.223021122939464
20261240,10,0.9,32,8,grid,12.0,0.8,True,669,-1,1000000000000.0,True,35197.82892173613,69044022359.64133,1000000000000.0,1000000000000.0,1000000000000.0
20261240,10,0.9,32,32,joint_aware,,0.061344496040986844,False,-1,45,0.49170335594728126,True,0.144888441999731,0.5039564682444464,0.17822851948957863,0.30368091503708655,0.49170335594728126
20261240,10,0.9,32,32,correlation_blind,,0.2890855861645199,False,-1,26,3.368043276339813,True,3.903377438103953,10.248805096366587,59.982358987400744,39.07080908188859,3.368043276339813
20261240,10,0.9,32,32,delay_blind,,0.0681741968826708,False,-1,27,0.580417011242011,True,0.1624088064389992,0.615542160222484,0.21821187902037298,0.37104043567558054,0.580417011242011
20261240,10,0.9,32,32,mean_only,,0.5345835420861842,True,1789,-1,1000000000000.0,True,26139.951063830464,109163.10619417345,2299137.3989940537,1000000000000.0,1000000000000.0
20261240,10,0.9,32,32,worstcase_correlation,,0.056406811991134544,False,-1,65,0.43098745057942905,True,0.13391710287139058,0.43388037436902577,0.15285049388449398,0.2589879790228395,0.43098745057942905
20261240,10,0.9,32,32,grid,0.0,0.005,False,-1,304,0.020660440999670585,True,0.5722833554274299,0.340073208531474,0.16074847096004405,0.06710611567203081,0.020660440999670585
20261240,10,0.9,32,32,grid,1.0,0.007632145998180043,False,-1,180,0.023911355105710106,True,0.4480606144518334,0.23439505092911073,0.09214322400987832,0.05282278531896795,0.023911355105710106
20261240,10,0.9,32,32,grid,2.0,0.01164993050750713,False,-1,144,0.03831699308683123,True,0.3227071483978947,0.1642831964042235,0.05623651654612095,0.05620482956729361,0.03831699308683123
20261240,10,0.9,32,32,grid,3.0,0.01778279410038923,False,-1,126,0.06458362852162415,True,0.20881940447355327,0.1469525944800615,0.04321097088299674,0.07246136190416332,0.06458362852162415
20261240,10,0.9,32,32,grid,4.0,0.027144176165949066,False,-1,77,0.1279777314255968,True,0.12555897545910394,0.18602146380430085,0.05054520951425489,0.09959288051174613,0.1279777314255968
20261240,10,0.9,32,32,grid,5.0,0.04143366309976846,False,-1,67,0.26313974228816983,True,0.10708314831474217,0.2779511313388446,0.08969138143850133,0.15538136288056303,0.26313974228816983
20261240,10,0.9,32,32,grid,6.0,0.0632455532033676,False,-1,45,0.5158414426739792,True,0.14941581560196066,0.5333726975178609,0.18873517747021665,0.3219133443571972,0.5158414426739792
20261240,10,0.9,32,32,grid,7.0,0.096539859156753,False,-1,26,0.9972688091208556,True,0.3144967623121467,1.2147554404746335,0.4866384405989749,0.631433296151415,0.9972688091208556
20261240,10,0.9,32,32,grid,8.0,0.1473612599456155,False,-1,26,1.788616026496549,True,1.0022836417298107,2.627635203508303,1.811975203290261,0.6561413361924077,1.788616026496549
20261240,10,0.9,32,32,grid,9.0,0.2249365300761397,False,-1,26,2.2416741486225646,True,2.7574594680392437,4.3700629763549115,12.153972853433746,1.7213701248946363,2.2416741486225646
20261240,10,0.9,32,32,grid,10.0,0.3433496875730229,False,-1,-1,233778.93685044345,True,24.917482317937754,62.79674966348319,39.92282820340166,1090.1515196123491,233778.93685044345
20261240,10,0.9,32,32,grid,11.0,0.524098988797363,True,1753,-1,1000000000000.0,True,20879.65593659605,113946.19588740535,10185955.646420699,1000000000000.0,1000000000000.0
20261240,10,0.9,32,32,grid,12.0,0.8,True,907,-1,1000000000000.0,True,104202.343268689,366121914.99084634,1000000000000.0,1000000000000.0,1000000000000.0
20261241,11,0.0,16,8,joint_aware,,0.4363488632302189,False,-1,3,0.20466012169818026,True,0.1136341038000596,0.03352024565306357,0.13102172109956378,0.2355271236660899,0.20466012169818026
20261241,11,0.0,16,8,correlation_blind,,0.4363488632302189,False,-1,3,0.20466012169818026,True,0.1136341038000596,0.03352024565306357,0.13102172109956378,0.2355271236660899,0.20466012169818026
20261241,11,0.0,16,8,delay_blind,,0.4373927810905379,False,-1,3,0.20496587052735527,True,0.11369908343612027,0.033606970878165505,0.13122466643293454,0.2361085495062995,0.20496587052735527
20261241,11,0.0,16,8,mean_only,,4.115057114511728,True,76,-1,1000000000000.0,True,1000000000000.0,1000000000000.0,1000000000000.0,1000000000000.0,1000000000000.0
20261241,11,0.0,16,8,worstcase_correlation,,0.062108907189348216,False,-1,26,0.029275026351092557,True,0.015483631263428494,0.03610549587612121,0.03485645089387918,0.021634861635524437,0.029275026351092557
20261241,11,0.0,16,8,grid,0.0,0.005,False,-1,274,0.003795598394703334,True,0.5159760075450492,0.299658292341378,0.1270155284789396,0.03469501909525285,0.003795598394703334
20261241,11,0.0,16,8,grid,1.0,0.007632145998180043,False,-1,173,0.0027479203047753625,True,0.37075615177965454,0.17918642535213106,0.059471003728338585,0.01196473034190053,0.0027479203047753625
20261241,11,0.0,16,8,grid,2.0,0.01164993050750713,False,-1,117,0.005121697671054064,True,0.22713633664345428,0.09410556226595054,0.023237190939697897,0.00489197146333181,0.005121697671054064
20261241,11,0.0,16,8,grid,3.0,0.01778279410038923,False,-1,86,0.008694451344770126,True,0.10872334113875569,0.04899762419497138,0.009353925494719112,0.00533135310274587,0.008694451344770126
20261241,11,0.0,16,8,grid,4.0,0.027144176165949066,False,-1,53,0.014054466266315346,True,0.03386474347858073,0.033442524774834746,0.010937801978693484,0.008129270815451246,0.014054466266315346
20261241,11,0.0,16,8,grid,5.0,0.04143366309976846,False,-1,34,0.021323856679976598,True,0.006689209149189638,0.03193016132589198,0.021535904893951432,0.012468299215058584,0.021323856679976598
20261241,11,0.0,16,8,grid,6.0,0.0632455532033676,False,-1,25,0.029649094606266878,True,0.0164021809571861,0.03637464652788133,0.03545596442228467,0.022256427441988205,0.029649094606266878
20261241,11,0.0,16,8,grid,7.0,0.096539859156753,False,-1,17,0.04048925163927644,True,0.042643698043317524,0.042036419464990885,0.047479530183248596,0.04430721505978588,0.04048925163927644
20261241,11,0.0,16,8,grid,8.0,0.1473612599456155,False,-1,8,0.06306826948650877,True,0.06653082575859043,0.03860965227176432,0.05447255158886194,0.08320126874779694,0.06306826948650877
20261241,11,0.0,16,8,grid,9.0,0.2249365300761397,False,-1,6,0.10791496343701328,True,0.08593972896679887,0.027824177919409943,0.06651849330663796,0.134014033313822,0.10791496343701328
20261241,11,0.0,16,8,grid,10.0,0.3433496875730229,False,-1,4,0.17099182720275594,True,0.10547625501676886,0.027113223950153698,0.10439480395722736,0.18986047528363686,0.17099182720275594
20261241,11,0.0,16,8,grid,11.0,0.524098988797363,False,-1,3,0.22681177072144146,True,0.11797046528159928,0.04157541717490391,0.13815182921356767,0.2925230448874114,0.22681177072144146
20261241,11,0.0,16,8,grid,12.0,0.8,False,-1,3,0.30319971973588034,True,0.12883139708221764,0.0899599750380414,0.06758736655232844,0.6538164361434005,0.30319971973588034
20261241,11,0.0,16,32,joint_aware,,0.3543562147008278,False,-1,4,0.3926355650899877,True,0.1456382717334065,0.05142969399751929,0.2213258902447153,0.17081821701295263,0.3926355650899877
20261241,11,0.0,16,32,correlation_blind,,0.3543562147008278,False,-1,4,0.3926355650899877,True,0.1456382717334065,0.05142969399751929,0.2213258902447153,0.17081821701295263,0.3926355650899877
20261241,11,0.0,16,32,delay_blind,,0.4373927810905379,False,-1,3,0.5745947476466887,True,0.19239286680784756,0.08031308745018634,0.49199757560269036,0.13059095621671718,0.5745947476466887
20261241,11,0.0,16,32,mean_only,,1.2931845703348515,True,2787,2,1000000000000.0,True,13.843129383347634,4.076138121145591,4597.306426543581,2040004204.7542164,1000000000000.0
20261241,11,0.0,16,32,worstcase_correlation,,0.06012858486571272,False,-1,25,0.030598319230774614,True,0.01595962314020677,0.03828830688477587,0.03731302761312737,0.02003166401607287,0.030598319230774614
20261241,11,0.0,16,32,grid,0.0,0.005,False,-1,268,0.0037583742223059806,True,0.5139182642574902,0.297922018961412,0.12620494531488963,0.03444045895083733,0.0037583742223059806
20261241,11,0.0,16,32,grid,1.0,0.007632145998180043,False,-1,172,0.0027625291036445856,True,0.3675755520452455,0.17730412001960769,0.05894072077251708,0.011853844196285422,0.0027625291036445856
20261241,11,0.0,16,32,grid,2.0,0.01164993050750713,False,-1,116,0.005186327149526121,True,0.22302313668845164,0.09254716791470462,0.0230598756872534,0.004881900688886446,0.005186327149526121
20261241,11,0.0,16,32,grid,3.0,0.01778279410038923,False,-1,83,0.00888389482036099,True,0.10451442989113562,0.04817449435224685,0.009662704824611032,0.005357329649016343,0.00888389482036099
20261241,11,0.0,16,32,grid,4.0,0.027144176165949066,False,-1,48,0.014557269836094087,True,0.030799167395996804,0.03348674356240044,0.012147660419752451,0.008061951516088248,0.014557269836094087
20261241,11,0.0,16,32,grid,5.0,0.04143366309976846,False,-1,33,0.022463908165082595,True,0.00596076769150995,0.032924440086323684,0.024061810957147333,0.012111447033540647,0.022463908165082595
20261241,11,0.0,16,32,grid,6.0,0.0632455532033676,False,-1,24,0.03178848736260249,True,0.01882887167214282,0.03935785830389641,0.039046172327812885,0.021724961949494255,0.03178848736260249
20261241,11,0.0,16,32,grid,7.0,0.096539859156753,False,-1,15,0.045601280521252556,True,0.04756442296348971,0.048482276135085337,0.04958788452470124,0.045303042646500674,0.045601280521252556
20261241,11,0.0,16,32,grid,8.0,0.1473612599456155,False,-1,8,0.0794736079242147,True,0.07102206529351995,0.04818013861678935,0.05248698991958416,0.09379379469625534,0.0794736079242147
20261241,11,0.0,16,32,grid,9.0,0.2249365300761397,False,-1,6,0.16073235385506468,True,0.09454561869936408,0.04329212825966784,0.07579637919364016,0.1682910962458012,0.16073235385506468
20261241,11,0.0,16,32,grid,10.0,0.3433496875730229,False,-1,4,0.3683654253149595,True,0.14074032665264471,0.04952329099304796,0.20132035241611762,0.17727331056140966,0.3683654253149595
20261241,11,0.0,16,32,grid,11.0,0.524098988797363,False,-1,3,0.6902798515472922,True,0.25663344628329254,0.12632806271971936,1.2805437553301533,0.2753639026541225,0.6902798515472922
20261241,11,0.0,16,32,grid,12.0,0.8,False,-1,3,0.5720563762154378,True,0.27035949417765714,1.3455884566334555,12.065720410718507,2.6486903965183566,0.5720563762154378
20261241,11,0.0,32,8,joint_aware,,0.48450346515727244,False,-1,3,0.30256353116683504,True,0.030864077839478327,0.03413275153408326,0.19126315074731948,0.20941278806695227,0.30256353116683504
20261241,11,0.0,32,8,correlation_blind,,0.48450346515727244,False,-1,3,0.30256353116683504,True,0.030864077839478327,0.03413275153408326,0.19126315074731948,0.20941278806695227,0.30256353116683504
20261241,11,0.0,32,8,delay_blind,,0.5476125865680102,False,-1,3,0.33433827042247105,True,0.0375883487064081,0.042460227086803456,0.20928531461480876,0.26144367817969916,0.33433827042247105
20261241,11,0.0,32,8,mean_only,,2.1034893587976695,True,1491,2,1000000000000.0,True,1178.346981403714,6559.2836862845215,2215415712.239502,1000000000000.0,1000000000000.0
20261241,11,0.0,32,8,worstcase_correlation,,0.061225211651951904,False,-1,25,0.016510244543760638,True,0.010424370435640795,0.010831860640364522,0.015544934240328975,0.003473422555568798,0.016510244543760638
20261241,11,0.0,32,8,grid,0.0,0.005,False,-1,281,0.003088510409510261,True,0.5272056532030245,0.3122692712937809,0.14564051351764112,0.04324001269630743,0.003088510409510261
20261241,11,0.0,32,8,grid,1.0,0.007632145998180043,False,-1,184,0.00024928869760197214,True,0.3865425314752545,0.19223742703680763,0.0768300853087912,0.015560318941081279,0.00024928869760197214
20261241,11,0.0,32,8,grid,2.0,0.01164993050750713,False,-1,120,0.0008969310121526596,True,0.24767473883466404,0.10420729572409361,0.03621889487433672,0.003875031093689611,0.0008969310121526596
20261241,11,0.0,32,8,grid,3.0,0.01778279410038923,False,-1,83,0.0020812008124766832,True,0.13248042963183052,0.05166574632618559,0.01600298244290907,0.0007920997577537062,0.0020812008124766832
20261241,11,0.0,32,8,grid,4.0,0.027144176165949066,False,-1,55,0.0043283136497840975,True,0.05673524393382826,0.025678599527954933,0.01016080277709202,0.0005974265657858293,0.0043283136497840975
20261241,11,0.0,32,8,grid,5.0,0.04143366309976846,False,-1,36,0.008798627839695143,True,0.020785388251415658,0.014461278853202942,0.011805316046418775,0.0012913445127113153,0.008798627839695143
20261241,11,0.0,32,8,grid,6.0,0.0632455532033676,False,-1,25,0.01739569367609119,True,0.010090826411897232,0.010696497166833067,0.01590525922825393,0.0037730204010498042,0.01739569367609119
20261241,11,0.0,32,8,grid,7.0,0.096539859156753,False,-1,16,0.03471904845715812,True,0.008911407201083785,0.009980442960644513,0.022104337875597277,0.010256222511056842,0.03471904845715812
20261241,11,0.0,32,8,grid,8.0,0.1473612599456155,False,-1,8,0.06841997453348365,True,0.010223187653771792,0.010645966927225916,0.03642336614342806,0.023901039287241917,0.06841997453348365
20261241,11,0.0,32,8,grid,9.0,0.2249365300761397,False,-1,6,0.1250493648953603,True,0.0140819668298642,0.012635930229114705,0.06946055306843056,0.051745481576678215,0.1250493648953603
20261241,11,0.0,32,8,grid,10.0,0.3433496875730229,False,-1,4,0.21309179835599248,True,0.02252079736088869,0.018083355618366076,0.13019402953941558,0.11180457563665994,0.21309179835599248
20261241,11,0.0,32,8,grid,11.0,0.524098988797363,False,-1,3,0.32292764737546087,True,0.03459606117672105,0.03928952943781487,0.20321886947821957,0.24165133284590243,0.32292764737546087
20261241,11,0.0,32,8,grid,12.0,0.8,False,-1,2,0.4541624209528832,True,0.14593736637764587,0.08705383688378154,0.2725862595971053,0.4443301713242696,0.4541624209528832
20261241,11,0.0,32,32,joint_aware,,0.2890855861645199,False,-1,4,0.18097670778064362,True,0.07743981279610815,0.08736138693204128,0.16877201448650853,0.05505462831812792,0.18097670778064362
20261241,11,0.0,32,32,correlation_blind,,0.2890855861645199,False,-1,4,0.18097670778064362,True,0.07743981279610815,0.08736138693204128,0.16877201448650853,0.05505462831812792,0.18097670778064362
20261241,11,0.0,32,32,delay_blind,,0.5476125865680102,False,-1,3,119.77167952529265,True,2.96816420273043,1.2831687448055416,62.66027027396469,65.02124453784282,119.77167952529265
20261241,11,0.0,32,32,mean_only,,0.5345835420861842,False,-1,3,1.542450656711566,True,3.0861656775720037,1.2326276310876425,79.5885199299847,12.877058292521182,1.542450656711566
20261241,11,0.0,32,32,worstcase_correlation,,0.056406811991134544,False,-1,25,0.01662157483050915,True,0.012225770395270279,0.013557904537765847,0.019971278387774842,0.002605663778507621,0.01662157483050915
20261241,11,0.0,32,32,grid,0.0,0.005,False,-1,276,0.0029977200000057863,True,0.522431140465759,0.3081736485935732,0.1437797028131569,0.042636266631388774,0.0029977200000057863
20261241,11,0.0,32,32,grid,1.0,0.007632145998180043,False,-1,179,0.0002442941546948299,True,0.3792602942882663,0.18786446425113373,0.07553218533180259,0.015193960276512092,0.0002442941546948299
20261241,11,0.0,32,32,grid,2.0,0.01164993050750713,False,-1,117,0.0009339843093105543,True,0.23844511333552318,0.10059902349281352,0.03548007879930019,0.0037057941173478668,0.0009339843093105543
20261241,11,0.0,32,32,grid,3.0,0.01778279410038923,False,-1,81,0.0022002385484420008,True,0.12328860334859813,0.04953308193148413,0.015932368710395904,0.000735716667012304,0.0022002385484420008
20261241,11,0.0,32,32,grid,4.0,0.027144176165949066,False,-1,53,0.004717786136059656,True,0.05032293337715813,0.025017436136176803,0.011372017158644354,0.0004969611201539519,0.004717786136059656
20261241,11,0.0,32,32,grid,5.0,0.04143366309976846,False,-1,34,0.009868449030013353,True,0.01903987034234099,0.015138967431259186,0.015068084128648388,0.0010533775902432036,0.009868449030013353
20261241,11,0.0,32,32,grid,6.0,0.0632455532033676,False,-1,22,0.020208948501716152,True,0.01111121507513585,0.013930834183015581,0.021970998440784803,0.0036617417531658284,0.020208948501716152
20261241,11,0.0,32,32,grid,7.0,0.096539859156753,False,-1,15,0.04382194817905307,True,0.00932491678557592,0.01977230191388441,0.030296963739355434,0.01132512916758717,0.04382194817905307
20261241,11,0.0,32,32,grid,8.0,0.1473612599456155,False,-1,8,0.09968853089650963,True,0.013134217523421192,0.036164449630553576,0.04804345778173655,0.025784885937847245,0.09968853089650963
20261241,11,0.0,32,32,grid,9.0,0.2249365300761397,False,-1,5,0.17167286685229205,True,0.02662084254760816,0.05908465609135131,0.09956085730902978,0.03824014386114743,0.17167286685229205
20261241,11,0.0,32,32,grid,10.0,0.3433496875730229,False,-1,4,0.16961654329324155,True,0.1544233014601114,0.18242133466234228,0.23138130180140254,0.09344311728364439,0.16961654329324155
20261241,11,0.0,32,32,grid,11.0,0.524098988797363,False,-1,3,1.2251885854265114,True,3.1239518119866654,1.5454545693826285,58.7131682919514,41.12767001356704,1.2251885854265114
20261241,11,0.0,32,32,grid,12.0,0.8,True,1942,2,1000000000000.0,True,4.764825233675484,343.1095157434002,272471.24248251115,1000000000000.0,1000000000000.0
20261241,11,0.9,16,8,joint_aware,,0.06793567174124356,False,-1,30,0.1645225232168902,True,0.5401317091710605,0.5870164268808418,0.11505665201792087,0.7479295638879577,0.1645225232168902
20261241,11,0.9,16,8,correlation_blind,,0.4363488632302189,False,-1,44,9.462370057509894,True,2.855772557723901,1.6558889155137129,4.898184183437375,3.6195175352526783,9.462370057509894
20261241,11,0.9,16,8,delay_blind,,0.0679609250345928,False,-1,30,0.1646391598698558,True,0.5402100244459246,0.587112923479587,0.1150681995746671,0.7482046763198277,0.1646391598698558
20261241,11,0.9,16,8,mean_only,,4.115057114511728,True,40,-1,1000000000000.0,True,1000000000000.0,1000000000000.0,1000000000000.0,1000000000000.0,1000000000000.0
20261241,11,0.9,16,8,worstcase_correlation,,0.062108907189348216,False,-1,30,0.13922107762183633,True,0.5215956587102609,0.5640729303812458,0.11275598183638072,0.6824883266962223,0.13922107762183633
20261241,11,0.9,16,8,grid,0.0,0.005,False,-1,488,0.021191048263225418,True,0.6657675156676814,0.48080869363023615,0.25521204837002065,0.13073029564814637,0.021191048263225418
20261241,11,0.9,16,8,grid,1.0,0.007632145998180043,False,-1,313,0.010830883940529765,True,0.5805420851137205,0.4074596958832426,0.2050149248294686,0.07671252874211107,0.010830883940529765
20261241,11,0.9,16,8,grid,2.0,0.01164993050750713,False,-1,194,0.012668210227493659,True,0.5070579496216989,0.36841952347348805,0.17045924186629402,0.03990747587183542,0.012668210227493659
20261241,11,0.9,16,8,grid,3.0,0.01778279410038923,False,-1,155,0.01971698979448119,True,0.45765767468843943,0.3683500005059214,0.14024995398801426,0.06363606732526175,0.01971698979448119
20261241,11,0.9,16,8,grid,4.0,0.027144176165949066,False,-1,56,0.035241371237734,True,0.4381899229172671,0.4044235733971198,0.11777919741865268,0.184838481194036,0.035241371237734
20261241,11,0.9,16,8,grid,5.0,0.04143366309976846,False,-1,54,0.0700019609862161,True,0.4577449185312145,0.47243595100463304,0.10966908693535296,0.4084104638774058,0.0700019609862161
20261241,11,0.9,16,8,grid,6.0,0.0632455532033676,False,-1,30,0.1439125724396377,True,0.5252735850062944,0.5686548830555365,0.11315099254923537,0.6955805928271142,0.1439125724396377
20261241,11,0.9,16,8,grid,7.0,0.096539859156753,False,-1,29,0.3392380794330557,True,0.6123617014055266,0.6813657059949699,0.1412780567050282,1.0291306041844124,0.3392380794330557
20261241,11,0.9,16,8,grid,8.0,0.1473612599456155,False,-1,29,0.826178651909157,True,0.7026551071609981,0.7940392840316974,0.31059289518764815,1.4419943045908745,0.826178651909157
20261241,11,0.9,16,8,grid,9.0,0.2249365300761397,False,-1,31,1.8922499593859956,True,0.9316588597081842,0.8677877316484489,1.1130468887649545,1.8982994455062498,1.8922499593859956
20261241,11,0.9,16,8,grid,10.0,0.3433496875730229,False,-1,41,5.109193672511445,True,1.4335239700570896,0.9752509792875836,3.0291018627760415,2.6035418841872957,5.109193672511445
20261241,11,0.9,16,8,grid,11.0,0.524098988797363,False,-1,98,16.886690073599713,True,11.359811954477276,3.8036999004843555,14.395132864112648,8.57781963950904,16.886690073599713
20261241,11,0.9,16,8,grid,12.0,0.8,True,707,-1,1000000000000.0,True,2342.439300812075,444043.1216311895,1000000000000.0,1000000000000.0,1000000000000.0
20261241,11,0.9,16,32,joint_aware,,0.06557341714513457,False,-1,29,0.2118127514408366,True,0.528885101733725,0.5998738821147349,0.166647678716793,0.8505362985710296,0.2118127514408366
20261241,11,0.9,16,32,correlation_blind,,0.3543562147008278,False,-1,177,2.7308615753356915,True,8.44850512180362,3.901401340213412,22.907462642449545,14.824201561354661,2.7308615753356915
20261241,11,0.9,16,32,delay_blind,,0.0679609250345928,False,-1,29,0.2277751881383557,True,0.5368392032788595,0.6107668592772298,0.17034406338507135,0.8832671044965463,0.2277751881383557
20261241,11,0.9,16,32,mean_only,,1.2931845703348515,True,294,-1,1000000000000.0,True,274995318246.95593,1000000000000.0,1000000000000.0,1000000000000.0,1000000000000.0
20261241,11,0.9,16,32,worstcase_correlation,,0.06012858486571272,False,-1,30,0.17846388321334775,True,0.5101656482046089,0.5743173183640267,0.15891781391448034,0.7742153000458483,0.17846388321334775
20261241,11,0.9,16,32,grid,0.0,0.005,False,-1,487,0.021429489383004412,True,0.6638450546806149,0.478609207857688,0.2544482715717478,0.13076543153912942,0.021429489383004412
20261241,11,0.9,16,32,grid,1.0,0.007632145998180043,False,-1,293,0.01158617928037596,True,0.577645295429905,0.40506023452502987,0.20549640023564705,0.07677950567571223,0.01158617928037596
20261241,11,0.9,16,32,grid,2.0,0.01164993050750713,False,-1,194,0.014194126063247301,True,0.5033955347281186,0.3666447155292869,0.17306582825263178,0.0414890795571905,0.014194126063247301
20261241,11,0.9,16,32,grid,3.0,0.01778279410038923,False,-1,85,0.022749670641949354,True,0.4535213306845358,0.36816825436300393,0.14654171258499832,0.07297127735671395,0.022749670641949354
20261241,11,0.9,16,32,grid,4.0,0.027144176165949066,False,-1,56,0.04257744942213745,True,0.43288208226539826,0.4068643380633509,0.131643797591415,0.21556314612130725,0.04257744942213745
20261241,11,0.9,16,32,grid,5.0,0.04143366309976846,False,-1,42,0.08979385593782145,True,0.450724639756307,0.48021636766283304,0.13757780692331828,0.4778667771691871,0.08979385593782145
20261241,11,0.9,16,32,grid,6.0,0.0632455532033676,False,-1,29,0.19705216863536573,True,0.5209550864447091,0.5890682135366694,0.16323406355289305,0.818243610967275,0.19705216863536573
20261241,11,0.9,16,32,grid,7.0,0.096539859156753,False,-1,29,0.4909131559869582,True,0.6052592896144465,0.7280468484261591,0.24189920121214725,1.2819331957260252,0.4909131559869582
20261241,11,0.9,16,32,grid,8.0,0.1473612599456155,False,-1,29,1.2112313499447263,True,0.731544092553829,0.9109541930029037,0.6795850634969628,2.2602074306853885,1.2112313499447263
20261241,11,0.9,16,32,grid,9.0,0.2249365300761397,False,-1,29,2.1968377951144276,True,2.710196772948615,1.2018824801856849,3.3965404041236487,4.857303287857767,2.1968377951144276
20261241,11,0.9,16,32,grid,10.0,0.3433496875730229,False,-1,177,2.6969675854720196,True,8.232207011601464,3.25532085679941,20.285275895685743,13.280355285053826,2.6969675854720196
20261241,11,0.9,16,32,grid,11.0,0.524098988797363,True,3100,-1,1000000000000.0,True,9.840943251565678,55.67242889972519,43.824431964959516,377711.11403442884,1000000000000.0
20261241,11,0.9,16,32,grid,12.0,0.8,True,715,-1,1000000000000.0,True,208650.38219561896,472201201.6302634,1000000000000.0,1000000000000.0,1000000000000.0
20261241,11,0.9,32,8,joint_aware,,0.06708632967038644,False,-1,30,0.19347300752007604,True,0.49031999474188015,0.5749028391824687,0.11234164699593178,0.8611001364995114,0.19347300752007604
20261241,11,0.9,32,8,correlation_blind,,0.48450346515727244,False,-1,128,4.176735722163763,True,7.473703157087784,1.7433994833704602,5.424095776155801,14.076234474212617,4.176735722163763
20261241,11,0.9,32,8,delay_blind,,0.0681741968826708,False,-1,30,0.1998199786771948,True,0.49228085960144247,0.5800782617785761,0.11273400793238832,0.8767442340909486,0.1998199786771948
20261241,11,0.9,32,8,mean_only,,2.1034893587976695,True,101,-1,1000000000000.0,True,1000000000000.0,1000000000000.0,1000000000000.0,1000000000000.0,1000000000000.0
20261241,11,0.9,32,8,worstcase_correlation,,0.061225211651951904,False,-1,30,0.16166707915500728,True,0.47888501581235315,0.5467496875601174,0.11054787211283176,0.7755110697592307,0.16166707915500728
20261241,11,0.9,32,8,grid,0.0,0.005,False,-1,488,0.020792566596460067,True,0.6713193823428162,0.48109105222370513,0.25362629995080616,0.13872430291011306,0.020792566596460067
20261241,11,0.9,32,8,grid,1.0,0.007632145998180043,False,-1,315,0.01100392973432225,True,0.5865150444289486,0.405337220536053,0.20157759155936839,0.08716135940557104,0.01100392973432225
20261241,11,0.9,32,8,grid,2.0,0.01164993050750713,False,-1,195,0.01371946173270202,True,0.5120608720436912,0.3619602363970429,0.16531402425671018,0.05123923081306299,0.01371946173270202
20261241,11,0.9,32,8,grid,3.0,0.01778279410038923,False,-1,158,0.021281999536896395,True,0.45915471558323584,0.35569016291685873,0.13397027679231568,0.0771755377974267,0.021281999536896395
20261241,11,0.9,32,8,grid,4.0,0.027144176165949066,False,-1,56,0.0378424659861488,True,0.4323205958412099,0.3851209753330726,0.11203811170364975,0.20815020594065314,0.0378424659861488
20261241,11,0.9,32,8,grid,5.0,0.04143366309976846,False,-1,54,0.07875614506214024,True,0.4389976091632141,0.45016625514993897,0.10664684236652369,0.45877986082954286,0.07875614506214024
20261241,11,0.9,32,8,grid,6.0,0.0632455532033676,False,-1,30,0.17218895397693806,True,0.4829747751814848,0.5565024350785087,0.11111457829658186,0.8052978864727008,0.17218895397693806
20261241,11,0.9,32,8,grid,7.0,0.096539859156753,False,-1,29,0.41995937979017617,True,0.5214061665170171,0.7084453183668556,0.13880567059375779,1.2794206447313043,0.41995937979017617
20261241,11,0.9,32,8,grid,8.0,0.1473612599456155,False,-1,29,1.0344483246679292,True,0.6232147315458584,0.9024044004584187,0.38943025624920924,2.045174458124244,1.0344483246679292
20261241,11,0.9,32,8,grid,9.0,0.2249365300761397,False,-1,29,2.2060365242406847,True,1.7996446262775625,1.0572551712707883,2.0785083726357274,3.2254352137649493,2.2060365242406847
20261241,11,0.9,32,8,grid,10.0,0.3433496875730229,False,-1,128,4.602748105871472,True,3.845207885941136,1.0331570743733758,9.083937305783907,5.854772840677595,4.602748105871472
20261241,11,0.9,32,8,grid,11.0,0.524098988797363,False,-1,3022,2.3230707995673137,True,11.485737900317051,2.8083980730883233,5.851951048450396,37.25960739190498,2.3230707995673137
20261241,11,0.9,32,8,grid,12.0,0.8,True,1042,-1,1000000000000.0,True,4578.193521476247,36867.80401061481,50621405966.18863,1000000000000.0,1000000000000.0
20261241,11,0.9,32,32,joint_aware,,0.061344496040986844,False,-1,30,0.175909571915333,True,0.5873731481440554,0.6536202442690476,0.19220799997049876,0.8184864720375757,0.175909571915333
20261241,11,0.9,32,32,correlation_blind,,0.2890855861645199,False,-1,29,16.314768424930648,True,6.055778860898836,7.655481391264111,7.817016756743188,97.78417501991437,16.314768424930648
20261241,11,0.9,32,32,delay_blind,,0.0681741968826708,False,-1,29,0.21074309371943267,True,0.6533680285737868,0.7077542472748596,0.20960203685083773,0.8978658590421971,0.21074309371943267
20261241,11,0.9,32,32,mean_only,,0.5345835420861842,True,1831,-1,1000000000000.0,True,28.166513392738118,296.7903691733756,1117025.7710603497,1000000000000.0,1000000000000.0
20261241,11,0.9,32,32,worstcase_correlation,,0.056406811991134544,False,-1,30,0.15385515331549032,True,0.5455508245048316,0.6148476960079405,0.1797697072069892,0.7550729614451118,0.15385515331549032
20261241,11,0.9,32,32,grid,0.0,0.005,False,-1,487,0.021336624335124385,True,0.6675302257677957,0.4781425556004207,0.25213408901988466,0.1391447309458223,0.021336624335124385
20261241,11,0.9,32,32,grid,1.0,0.007632145998180043,False,-1,313,0.012207089011650164,True,0.5808710614179207,0.40340108075403386,0.201472488584377,0.08733532195493479,0.012207089011650164
20261241,11,0.9,32,32,grid,2.0,0.01164993050750713,False,-1,194,0.015778670472094098,True,0.5050811381029835,0.3637600969195396,0.16678044515613755,0.05330054515154982,0.015778670472094098
20261241,11,0.9,32,32,grid,3.0,0.01778279410038923,False,-1,85,0.025057224248329294,True,0.451840399640883,0.3654653208725371,0.13801214131484096,0.0884740533202642,0.025057224248329294
20261241,11,0.9,32,32,grid,4.0,0.027144176165949066,False,-1,56,0.046420446346057125,True,0.42678074660531956,0.4095385302891712,0.12498199022002074,0.24135715804948965,0.046420446346057125
20261241,11,0.9,32,32,grid,5.0,0.04143366309976846,False,-1,43,0.09488093674537752,True,0.4538141945673919,0.5027675488001564,0.14440840452321405,0.5186638402776729,0.09488093674537752
20261241,11,0.9,32,32,grid,6.0,0.0632455532033676,False,-1,29,0.18502430195998326,True,0.6048290844584676,0.6686635594514108,0.19703428084197724,0.8414264927040527,0.18502430195998326
20261241,11,0.9,32,32,grid,7.0,0.096539859156753,False,-1,29,0.4456794873204834,True,0.9983622987328549,0.9184844972250867,0.28337024068102,1.1879105619648849,0.4456794873204834
20261241,11,0.9,32,32,grid,8.0,0.1473612599456155,False,-1,29,1.2548487085268514,True,1.564632798521426,1.2898469782755382,0.5245766353453345,1.936815168742734,1.2548487085268514
20261241,11,0.9,32,32,grid,9.0,0.2249365300761397,False,-1,29,3.6682155015221998,True,3.682795455585876,3.794702035026153,1.8335876408784517,12.80557187167084,3.6682155015221998
20261241,11,0.9,32,32,grid,10.0,0.3433496875730229,False,-1,127,572.9812935935958,True,2.780557471939755,7.71536815108886,45.123249948870864,19293.576807271096,572.9812935935958
20261241,11,0.9,32,32,grid,11.0,0.524098988797363,True,2074,-1,1000000000000.0,True,25.13604512192075,231.1754284683851,454162.18989262823,30872252962.094265,1000000000000.0
20261241,11,0.9,32,32,grid,12.0,0.8,True,1051,-1,1000000000000.0,True,34638.67452267746,109953182.88268483,136799871235.18852,1000000000000.0,1000000000000.0
20261242,12,0.0,16,8,joint_aware,,0.4363488632302189,False,-1,4,0.09784106046305573,True,0.5836907072894786,0.5976713003420173,0.40995402871918385,0.21648866953530765,0.09784106046305573
20261242,12,0.0,16,8,correlation_blind,,0.4363488632302189,False,-1,4,0.09784106046305573,True,0.5836907072894786,0.5976713003420173,0.40995402871918385,0.21648866953530765,0.09784106046305573
20261242,12,0.0,16,8,delay_blind,,0.4373927810905379,False,-1,4,0.09854419538357477,True,0.5856477569044215,0.5990045500665566,0.4101878228277142,0.21712225341453675,0.09854419538357477
20261242,12,0.0,16,8,mean_only,,4.115057114511728,True,98,-1,1000000000000.0,True,1000000000000.0,1000000000000.0,1000000000000.0,1000000000000.0,1000000000000.0
20261242,12,0.0,16,8,worstcase_correlation,,0.062108907189348216,False,-1,32,0.005971859367818548,True,0.07086804635175398,0.03990506237555419,0.026146654315023075,0.013938336119567995,0.005971859367818548
20261242,12,0.0,16,8,grid,0.0,0.005,False,-1,290,0.005430500509793814,True,0.5420171704843378,0.3323557484703282,0.14191374178593663,0.03968325473847657,0.005430500509793814
20261242,12,0.0,16,8,grid,1.0,0.007632145998180043,False,-1,189,0.0009960397424338208,True,0.40769754146572945,0.20897755817289085,0.07385807470745641,0.012775131364153884,0.0009960397424338208
20261242,12,0.0,16,8,grid,2.0,0.01164993050750713,False,-1,121,0.0005395875388487659,True,0.27649837308145736,0.11115666459378933,0.036177807686904935,0.003234421844569879,0.0005395875388487659
20261242,12,0.0,16,8,grid,3.0,0.01778279410038923,False,-1,80,0.001258359758509394,True,0.1688458525964194,0.046329175075840945,0.01886674373321128,0.0019876544371416308,0.001258359758509394
20261242,12,0.0,16,8,grid,4.0,0.027144176165949066,False,-1,52,0.002584508301077132,True,0.09837415215414175,0.016168144767487472,0.013263290549352068,0.003220805557215088,0.002584508301077132
20261242,12,0.0,16,8,grid,5.0,0.04143366309976846,False,-1,40,0.004188677919127671,True,0.06725329929533727,0.017353596979436833,0.01562658473348446,0.006496871969115636,0.004188677919127671
20261242,12,0.0,16,8,grid,6.0,0.0632455532033676,False,-1,31,0.0060542821815326425,True,0.07172030255564782,0.04129989956148564,0.02688435909170209,0.01442183515623027,0.0060542821815326425
20261242,12,0.0,16,8,grid,7.0,0.096539859156753,False,-1,13,0.007284433823504129,True,0.10491018503638504,0.08465263267129844,0.05500098838681108,0.030689171175565716,0.007284433823504129
20261242,12,0.0,16,8,grid,8.0,0.1473612599456155,False,-1,10,0.005794335834019887,True,0.15717215629670767,0.16025428722314305,0.11843875040740014,0.058852220357393036,0.005794335834019887
20261242,12,0.0,16,8,grid,9.0,0.2249365300761397,False,-1,7,0.008825471654585627,True,0.24259855339766936,0.2860226359908748,0.23510953048203032,0.10123257878434667,0.008825471654585627
20261242,12,0.0,16,8,grid,10.0,0.3433496875730229,False,-1,5,0.04489673928547993,True,0.4170763625175258,0.47002350921028185,0.367434687950155,0.16351458606101882,0.04489673928547993
20261242,12,0.0,16,8,grid,11.0,0.524098988797363,False,-1,4,0.16490945819925762,True,0.75054000588916,0.7015609386425627,0.41744156828047935,0.2735292077069944,0.16490945819925762
20261242,12,0.0,16,8,grid,12.0,0.8,False,-1,2,0.47359763947820527,True,1.2004516257780447,0.919615092925554,0.41913792789018706,0.5023732183789951,0.47359763947820527
20261242,12,0.0,16,32,joint_aware,,0.3543562147008278,False,-1,5,0.07520013847631908,True,0.5479551860625671,0.5332553867242659,0.8128036170111888,0.20275601792636633,0.07520013847631908
20261242,12,0.0,16,32,correlation_blind,,0.3543562147008278,False,-1,5,0.07520013847631908,True,0.5479551860625671,0.5332553867242659,0.8128036170111888,0.20275601792636633,0.07520013847631908
20261242,12,0.0,16,32,delay_blind,,0.4373927810905379,False,-1,4,0.14177724561537874,True,0.7979314958437184,0.683435513351619,1.0311668946368697,0.25825884314283354,0.14177724561537874
20261242,12,0.0,16,32,mean_only,,1.2931845703348515,True,1805,1,1000000000000.0,True,5.275434296831034,417.830468491559,237994.42101628182,1000000000000.0,1000000000000.0
20261242,12,0.0,16,32,worstcase_correlation,,0.06012858486571272,False,-1,28,0.007373576741631702,True,0.07124449913735978,0.038339098669477906,0.028214168860718432,0.015362539367947256,0.007373576741631702
20261242,12,0.0,16,32,grid,0.0,0.005,False,-1,288,0.005379427053405101,True,0.5403940222152123,0.3308336747615183,0.1411776097132557,0.03938712145596611,0.005379427053405101
20261242,12,0.0,16,32,grid,1.0,0.007632145998180043,False,-1,188,0.0009882140478344656,True,0.4052963269504507,0.20723168028656,0.07339688048114744,0.012592996206482531,0.0009882140478344656
20261242,12,0.0,16,32,grid,2.0,0.01164993050750713,False,-1,119,0.0005779937508145361,True,0.2736044873979797,0.10939588646727204,0.03605954158527588,0.003168899708458247,0.0005779937508145361
20261242,12,0.0,16,32,grid,3.0,0.01778279410038923,False,-1,78,0.001386797195501359,True,0.16617964687856374,0.04476156580403761,0.01903821668502592,0.002020399670451176,0.001386797195501359
20261242,12,0.0,16,32,grid,4.0,0.027144176165949066,False,-1,50,0.00290271359731035,True,0.09664753487607178,0.015192178591689575,0.01378529875573318,0.003402382081624179,0.00290271359731035
20261242,12,0.0,16,32,grid,5.0,0.04143366309976846,False,-1,39,0.004919731327814619,True,0.06690618670598547,0.017413081878695325,0.017008316847357523,0.007203253708289224,0.004919731327814619
20261242,12,0.0,16,32,grid,6.0,0.0632455532033676,False,-1,21,0.007753591099172629,True,0.07389960141390446,0.04222510713298894,0.03063180378919681,0.01703179079439683,0.007753591099172629
20261242,12,0.0,16,32,grid,7.0,0.096539859156753,False,-1,12,0.010051398780182914,True,0.11190425359258573,0.08657387038478281,0.0663220080563751,0.03868056700559843,0.010051398780182914
20261242,12,0.0,16,32,grid,8.0,0.1473612599456155,False,-1,9,0.007695120373403102,True,0.17051222649888237,0.16622696496337963,0.16017859221875305,0.07790365785280326,0.007695120373403102
20261242,12,0.0,16,32,grid,9.0,0.2249365300761397,False,-1,6,0.012396699140456057,True,0.27244253615315744,0.30080892421378275,0.39085475108425183,0.1328212947705637,0.012396699140456057
20261242,12,0.0,16,32,grid,10.0,0.3433496875730229,False,-1,5,0.06792149278660062,True,0.518985580715768,0.5130431289901469,0.7814178511088443,0.19656269451059682,0.06792149278660062
20261242,12,0.0,16,32,grid,11.0,0.524098988797363,False,-1,3,0.25809952844813666,True,1.119508086553037,0.8375555976867949,1.2951944851963453,0.32402179674626963,0.25809952844813666
20261242,12,0.0,16,32,grid,12.0,0.8,False,-1,2,1.4872921704632092,True,2.4910523484329845,1.4390205980041226,2.5033915359585777,1.0852246531360354,1.4872921704632092
20261242,12,0.0,32,8,joint_aware,,0.48450346515727244,False,-1,4,0.09006838996162703,True,0.04353959143257452,0.13529376790217554,0.07025420288214583,0.15284694598029255,0.09006838996162703
20261242,12,0.0,32,8,correlation_blind,,0.48450346515727244,False,-1,4,0.09006838996162703,True,0.04353959143257452,0.13529376790217554,0.07025420288214583,0.15284694598029255,0.09006838996162703
20261242,12,0.0,32,8,delay_blind,,0.5476125865680102,False,-1,4,0.10602503674706495,True,0.05992687710996081,0.14533649823170308,0.06816003098885151,0.18668671012717514,0.10602503674706495
20261242,12,0.0,32,8,mean_only,,2.1034893587976695,True,1597,1,1000000000000.0,True,281.1639310266877,16678.58067667073,67225775.94013737,1000000000000.0,1000000000000.0
20261242,12,0.0,32,8,worstcase_correlation,,0.061225211651951904,False,-1,27,0.023353386977128007,True,0.01657535200808254,0.016508608377346152,0.020654482729731177,0.0011212335843057454,0.023353386977128007
20261242,12,0.0,32,8,grid,0.0,0.005,False,-1,298,0.01603769485886345,True,0.5439679249484918,0.33877368181785933,0.1539201312216676,0.040717269018259394,0.01603769485886345
20261242,12,0.0,32,8,grid,1.0,0.007632145998180043,False,-1,193,0.009069349933780618,True,0.41118998325698747,0.21878702162829025,0.08510148669505753,0.014222331574966857,0.009069349933780618
20261242,12,0.0,32,8,grid,2.0,0.01164993050750713,False,-1,125,0.007793161306328487,True,0.2804872445967793,0.12362630416621473,0.044803612610327476,0.0037708588171178666,0.007793161306328487
20261242,12,0.0,32,8,grid,3.0,0.01778279410038923,False,-1,82,0.00944557077646005,True,0.16936249154746255,0.05836481316710849,0.02411275297416325,0.0011243305212787682,0.00944557077646005
20261242,12,0.0,32,8,grid,4.0,0.027144176165949066,False,-1,54,0.01289911732232185,True,0.08849886277298366,0.022373067536439053,0.016174702322192563,0.0005396474935310029,0.01289911732232185
20261242,12,0.0,32,8,grid,5.0,0.04143366309976846,False,-1,40,0.017933952104740792,True,0.03902260616386294,0.01158466298238758,0.016494343209012594,0.00041350565580506617,0.017933952104740792
20261242,12,0.0,32,8,grid,6.0,0.0632455532033676,False,-1,25,0.023794049518863904,True,0.015498985486212608,0.017310375295728687,0.02109528932796935,0.001242711785076578,0.023794049518863904
20261242,12,0.0,32,8,grid,7.0,0.096539859156753,False,-1,14,0.02865457299487421,True,0.00906458103623246,0.03145210643589651,0.02826747355670207,0.004425337390083507,0.02865457299487421
20261242,12,0.0,32,8,grid,8.0,0.1473612599456155,False,-1,11,0.032242387651828554,True,0.010849155012336104,0.05222876118932776,0.04017783935870072,0.013107330042432004,0.032242387651828554
20261242,12,0.0,32,8,grid,9.0,0.2249365300761397,False,-1,7,0.03989471434628767,True,0.01559734017696619,0.07860457250088662,0.057186376090104636,0.03308189672859512,0.03989471434628767
20261242,12,0.0,32,8,grid,10.0,0.3433496875730229,False,-1,5,0.05896469394888785,True,0.02285734583577667,0.10806685612443374,0.06984439563936186,0.07851266569429079,0.05896469394888785
20261242,12,0.0,32,8,grid,11.0,0.524098988797363,False,-1,4,0.10007267404286263,True,0.053217584205452195,0.14180980525371242,0.06905479024435966,0.1744192622697342,0.10007267404286263
20261242,12,0.0,32,8,grid,12.0,0.8,False,-1,3,0.14208113596646343,True,0.1788884798766331,0.15112173209831606,0.053812538949767105,0.2769853890778686,0.14208113596646343
20261242,12,0.0,32,32,joint_aware,,0.2890855861645199,False,-1,6,0.0730677982978871,True,0.14663873068203925,0.13912606351075169,0.3137750113743502,0.06511394278169415,0.0730677982978871
20261242,12,0.0,32,32,correlation_blind,,0.2890855861645199,False,-1,6,0.0730677982978871,True,0.14663873068203925,0.13912606351075169,0.3137750113743502,0.06511394278169415,0.0730677982978871
20261242,12,0.0,32,32,delay_blind,,0.5476125865680102,False,-1,3,22.522284887972987,True,1.3414109166465678,1.25786383328398,38.743146855026005,18.28324550343862,22.522284887972987
20261242,12,0.0,32,32,mean_only,,0.5345835420861842,False,-1,4,4.252844813952733,True,0.6739034098851705,1.2151699577994513,8.880689273770484,10.33312440412357,4.252844813952733
20261242,12,0.0,32,32,worstcase_correlation,,0.056406811991134544,False,-1,25,0.02492298343606284,True,0.016304994338505085,0.015334965933396977,0.0200918610082892,0.0013329386475417198,0.02492298343606284
20261242,12,0.0,32,32,grid,0.0,0.005,False,-1,290,0.015895646811513328,True,0.5393365801577717,0.3348519321022951,0.15193990441863614,0.04006921386514271,0.015895646811513328
20261242,12,0.0,32,32,grid,1.0,0.007632145998180043,False,-1,190,0.009014676907400763,True,0.4043254144020279,0.21445532268704473,0.08360118580349063,0.013838940355019853,0.009014676907400763
20261242,12,0.0,32,32,grid,2.0,0.01164993050750713,False,-1,121,0.0078903650712133,True,0.27209755366849253,0.11949649205061136,0.043814513839078334,0.0036206727830456046,0.0078903650712133
20261242,12,0.0,32,32,grid,3.0,0.01778279410038923,False,-1,80,0.009863764087654452,True,0.16105448534084468,0.05480561696429371,0.023460385408664665,0.001112958132054056,0.009863764087654452
20261242,12,0.0,32,32,grid,4.0,0.027144176165949066,False,-1,50,0.013946032360497247,True,0.08145964409605282,0.019949433387492194,0.015940076648885675,0.0005608991924284874,0.013946032360497247
20261242,12,0.0,32,32,grid,5.0,0.04143366309976846,False,-1,37,0.01993683599693723,True,0.033774691983650504,0.01101478682611606,0.016766537063965015,0.0005297378647611227,0.01993683599693723
20261242,12,0.0,32,32,grid,6.0,0.0632455532033676,False,-1,21,0.0266509865679961,True,0.012860423710751752,0.018304321392639596,0.021688634490391285,0.0019670050920941244,0.0266509865679961
20261242,12,0.0,32,32,grid,7.0,0.096539859156753,False,-1,14,0.030473777180270677,True,0.01107808506439267,0.03450381665285687,0.03161813025141057,0.00724319534093312,0.030473777180270677
20261242,12,0.0,32,32,grid,8.0,0.1473612599456155,False,-1,10,0.030216969140380183,True,0.026001359230445466,0.06538093040938445,0.06440106461816732,0.017899982689613233,0.030216969140380183
20261242,12,0.0,32,32,grid,9.0,0.2249365300761397,False,-1,7,0.04491316631070802,True,0.07004999931213662,0.10967566240845439,0.16223821821920362,0.03366100093101192,0.04491316631070802
20261242,12,0.0,32,32,grid,10.0,0.3433496875730229,False,-1,5,0.10342398705625422,True,0.2505924118475697,0.1917330252717657,0.4417339724789612,0.024040821471763486,0.10342398705625422
20261242,12,0.0,32,32,grid,11.0,0.524098988797363,False,-1,4,2.716498168159902,True,0.35672711267723595,1.1189264379107673,2.130225793000308,4.1057303393817834,2.716498168159902
20261242,12,0.0,32,32,grid,12.0,0.8,True,1778,3,1000000000000.0,True,26.637128711315142,34.52895484626622,1172644.5497879263,1000000000000.0,1000000000000.0
20261242,12,0.9,16,8,joint_aware,,0.06793567174124356,False,-1,10,0.28287942484881123,True,0.3360803990719834,0.7614433874183034,0.9274507530541869,0.5708941354316609,0.28287942484881123
20261242,12,0.9,16,8,correlation_blind,,0.4363488632302189,False,-1,151,0.24437723186122062,True,4.913521492708112,8.118581447167564,4.875489917131741,2.907644321227041,0.24437723186122062
20261242,12,0.9,16,8,delay_blind,,0.0679609250345928,False,-1,10,0.2829106299576862,True,0.33622978441815965,0.7618749652143469,0.9277093663651699,0.5711408051060046,0.2829106299576862
20261242,12,0.9,16,8,mean_only,,4.115057114511728,True,33,-1,1000000000000.0,True,1000000000000.0,1000000000000.0,1000000000000.0,1000000000000.0,1000000000000.0
20261242,12,0.9,16,8,worstcase_correlation,,0.062108907189348216,False,-1,11,0.27582426747081185,True,0.3027790112185888,0.6600632781271017,0.8649415665712057,0.5135381081529719,0.27582426747081185
20261242,12,0.9,16,8,grid,0.0,0.005,False,-1,376,0.035706194020046864,True,0.594820020715536,0.3484958083106714,0.26825307726677444,0.026925196757527123,0.035706194020046864
20261242,12,0.9,16,8,grid,1.0,0.007632145998180043,False,-1,214,0.07157015203455383,True,0.48263508478542094,0.22477577097543885,0.2263890237496487,0.0016546684689838517,0.07157015203455383
20261242,12,0.9,16,8,grid,2.0,0.01164993050750713,False,-1,105,0.11273039470208185,True,0.3722250481863075,0.12360978619560035,0.22718414398544975,0.010073830154265015,0.11273039470208185
20261242,12,0.9,16,8,grid,3.0,0.01778279410038923,False,-1,76,0.15316827411949477,True,0.2766616374956268,0.06773833843401575,0.2775892321464805,0.058617694010515684,0.15316827411949477
20261242,12,0.9,16,8,grid,4.0,0.027144176165949066,False,-1,37,0.1994320957255031,True,0.21394626637436703,0.10392737794282456,0.3945942733345019,0.1537271460915723,0.1994320957255031
20261242,12,0.9,16,8,grid,5.0,0.04143366309976846,False,-1,16,0.2447092255955851,True,0.21435803220707145,0.29605785587476796,0.5993949997901875,0.30364140021808333,0.2447092255955851
20261242,12,0.9,16,8,grid,6.0,0.0632455532033676,False,-1,11,0.277187019994266,True,0.3090811659460868,0.6800917252135862,0.8775818428985315,0.5247941012598428,0.277187019994266
20261242,12,0.9,16,8,grid,7.0,0.096539859156753,False,-1,10,0.32541947229148105,True,0.525983029885427,1.1886201792391258,1.1591515780892827,0.838168699617083,0.32541947229148105
20261242,12,0.9,16,8,grid,8.0,0.1473612599456155,False,-1,9,0.40115989439777217,True,0.9411625185573477,1.6634241436078248,1.37132977277359,1.2560938813268179,0.40115989439777217
20261242,12,0.9,16,8,grid,9.0,0.2249365300761397,False,-1,9,0.3951278271490085,True,1.7238475635373507,2.3120459463901724,1.5655273417686388,1.836364104805081,0.3951278271490085
20261242,12,0.9,16,8,grid,10.0,0.3433496875730229,False,-1,35,0.19680767696900875,True,3.116267206697656,4.689925705309067,2.409140943543506,2.610769708606491,0.19680767696900875
20261242,12,0.9,16,8,grid,11.0,0.524098988797363,False,-1,1360,10.430340438751516,True,17.11790144088875,14.264872169757654,15.982495439169432,2.942534177061198,10.430340438751516
20261242,12,0.9,16,8,grid,12.0,0.8,True,275,-1,1000000000000.0,True,1695346672.3542051,1000000000000.0,1000000000000.0,1000000000000.0,1000000000000.0
20261242,12,0.9,16,32,joint_aware,,0.06557341714513457,False,-1,11,0.2920528309531918,True,0.3168203224478725,0.8274355389526648,0.9809792624065086,0.5710438834444492,0.2920528309531918
20261242,12,0.9,16,32,correlation_blind,,0.3543562147008278,False,-1,336,0.35962644285693385,True,0.706472742234724,3.8221076973409187,3.3551412346566596,4.248123805272092,0.35962644285693385
20261242,12,0.9,16,32,delay_blind,,0.0679609250345928,False,-1,11,0.2967780080219004,True,0.33049782630551644,0.8788216665376853,1.0106308958283976,0.5951077793089921,0.2967780080219004
20261242,12,0.9,16,32,mean_only,,1.2931845703348515,True,196,-1,1000000000000.0,True,1000000000000.0,1000000000000.0,1000000000000.0,1000000000000.0,1000000000000.0
20261242,12,0.9,16,32,worstcase_correlation,,0.06012858486571272,False,-1,12,0.28246574838531197,True,0.2872083930122357,0.7086943740192722,0.9104375700785252,0.5155656392230337,0.28246574838531197
20261242,12,0.9,16,32,grid,0.0,0.005,False,-1,375,0.036431257555434506,True,0.5925798151639586,0.34657822198901606,0.2675993405214244,0.026438657279531163,0.036431257555434506
20261242,12,0.9,16,32,grid,1.0,0.007632145998180043,False,-1,214,0.07339741345442527,True,0.4794195387398759,0.2229115468985664,0.2266797189177034,0.0016800221489892304,0.07339741345442527
20261242,12,0.9,16,32,grid,2.0,0.01164993050750713,False,-1,105,0.11582754536116328,True,0.3683233238319258,0.1220605495745246,0.22963109917945398,0.011515984712839999,0.11582754536116328
20261242,12,0.9,16,32,grid,3.0,0.01778279410038923,False,-1,75,0.15802500123993332,True,0.2725045856066805,0.06636751770503767,0.2847782049851877,0.06324131283732637,0.15802500123993332
20261242,12,0.9,16,32,grid,4.0,0.027144176165949066,False,-1,37,0.20656288766865907,True,0.20983702964989157,0.10534778220195715,0.41223152851406064,0.16335053153703868,0.20656288766865907
20261242,12,0.9,16,32,grid,5.0,0.04143366309976846,False,-1,16,0.2518764386428396,True,0.21063745591352798,0.3178346911628677,0.6371684129873989,0.3192681729966824,0.2518764386428396
20261242,12,0.9,16,32,grid,6.0,0.0632455532033676,False,-1,11,0.28776875768994126,True,0.30387916380673385,0.7768526903595521,0.9513262857228075,0.5474245122230136,0.28776875768994126
20261242,12,0.9,16,32,grid,7.0,0.096539859156753,False,-1,10,0.3801426682759203,True,0.5225853210639302,1.4054113253720062,1.3180447550842338,0.8692091985417945,0.3801426682759203
20261242,12,0.9,16,32,grid,8.0,0.1473612599456155,False,-1,12,0.5271352290502171,True,0.9786275635179815,1.7651186590869665,1.7753763144025563,1.3219862512272043,0.5271352290502171
20261242,12,0.9,16,32,grid,9.0,0.2249365300761397,False,-1,157,0.5670064168223795,True,1.7902118511142677,1.4738582065603392,2.302294300329796,2.2282662584866397,0.5670064168223795
20261242,12,0.9,16,32,grid,10.0,0.3433496875730229,False,-1,336,0.3556958522279548,True,1.148815400079485,3.1611565047584174,2.828008671354702,4.100512908712731,0.3556958522279548
20261242,12,0.9,16,32,grid,11.0,0.524098988797363,False,-1,2306,137.54211811691482,True,94.88212445689402,1141.187449347491,3158.446866372713,1.8568066610555967,137.54211811691482
20261242,12,0.9,16,32,grid,12.0,0.8,True,458,-1,1000000000000.0,True,36958510.15663056,1000000000000.0,1000000000000.0,1000000000000.0,1000000000000.0
20261242,12,0.9,32,8,joint_aware,,0.06708632967038644,False,-1,11,0.3357577228792116,True,0.32747020626700074,0.7737093214991777,0.9773735228914476,0.49458243018437076,0.3357577228792116
20261242,12,0.9,32,8,correlation_blind,,0.48450346515727244,False,-1,607,8.436461266797982,True,3.1196467048020415,56.861665388577755,9.250973394450906,2.7232382568466464,8.436461266797982
20261242,12,0.9,32,8,delay_blind,,0.0681741968826708,False,-1,11,0.3383971792820219,True,0.33368421118081765,0.7937593862982474,0.9894562415364347,0.5034133044788869,0.3383971792820219
20261242,12,0.9,32,8,mean_only,,2.1034893587976695,True,116,-1,1000000000000.0,True,1000000000000.0,1000000000000.0,1000000000000.0,1000000000000.0,1000000000000.0
20261242,12,0.9,32,8,worstcase_correlation,,0.061225211651951904,False,-1,12,0.3222483815360055,True,0.2955325835220062,0.6637735164067151,0.9089830130242865,0.4462370918808913,0.3222483815360055
20261242,12,0.9,32,8,grid,0.0,0.005,False,-1,376,0.03889634908418523,True,0.5959973974191274,0.3495501918945134,0.269571236082909,0.027468544953666088,0.03889634908418523
20261242,12,0.9,32,8,grid,1.0,0.007632145998180043,False,-1,214,0.07820290015316926,True,0.4842565258603445,0.22630128395405552,0.22872829801189887,0.002376996492027271,0.07820290015316926
20261242,12,0.9,32,8,grid,2.0,0.01164993050750713,False,-1,105,0.12358951168095694,True,0.37470522719151317,0.12574690461150337,0.231291046396784,0.01017531131938628,0.12358951168095694
20261242,12,0.9,32,8,grid,3.0,0.01778279410038923,False,-1,76,0.16925562762464452,True,0.28020133258355706,0.06963301464529681,0.28625647031013207,0.05568879404334487,0.16925562762464452
20261242,12,0.9,32,8,grid,4.0,0.027144176165949066,False,-1,37,0.22233609690628842,True,0.21769700622765947,0.10423555774379388,0.4138162406718531,0.14236204707999114,0.22233609690628842
20261242,12,0.9,32,8,grid,5.0,0.04143366309976846,False,-1,16,0.27653700825136296,True,0.21622481025929088,0.29799801236594947,0.6356863867499914,0.27441167857453974,0.27653700825136296
20261242,12,0.9,32,8,grid,6.0,0.0632455532033676,False,-1,11,0.3267841099979905,True,0.30623321862745245,0.701967525239113,0.93319777867415,0.4630439673600104,0.3267841099979905
20261242,12,0.9,32,8,grid,7.0,0.096539859156753,False,-1,10,0.4241290679123332,True,0.5218624718861118,1.2427210756491136,1.250500616101971,0.7149160675712973,0.4241290679123332
20261242,12,0.9,32,8,grid,8.0,0.1473612599456155,False,-1,10,0.5902858684942192,True,0.9667440625857996,1.6119386700243512,1.6050706756843292,0.9974684958446638,0.5902858684942192
20261242,12,0.9,32,8,grid,9.0,0.2249365300761397,False,-1,13,0.7482496201629574,True,1.7754083656729052,1.7048356126571995,2.2423673295011843,1.3090781118719081,0.7482496201629574
20261242,12,0.9,32,8,grid,10.0,0.3433496875730229,False,-1,244,1.4648007020999039,True,1.073398038447744,3.0649384706187037,4.433120406641497,1.8502511981421332,1.4648007020999039
20261242,12,0.9,32,8,grid,11.0,0.524098988797363,False,-1,2209,54.59273389978157,True,40.32200073785063,240.11750608802964,17.76480454578343,3.0783139333048024,54.59273389978157
20261242,12,0.9,32,8,grid,12.0,0.8,True,446,-1,1000000000000.0,True,140520167.20563716,1000000000000.0,1000000000000.0,1000000000000.0,1000000000000.0
20261242,12,0.9,32,32,joint_aware,,0.061344496040986844,False,-1,12,0.38193461203330387,True,0.2795033904778105,0.8756997610171848,1.1418861656551855,0.4967451846923898,0.38193461203330387
20261242,12,0.9,32,32,correlation_blind,,0.2890855861645199,False,-1,1812,0.1494638892803076,True,10.19236885930326,47.29661614804483,5.44951219456735,1.1362871444390403,0.1494638892803076
20261242,12,0.9,32,32,delay_blind,,0.0681741968826708,False,-1,12,0.41392656112216003,True,0.30851251758918735,1.0801378725112085,1.2652058297540456,0.5619371042615171,0.41392656112216003
20261242,12,0.9,32,32,mean_only,,0.5345835420861842,True,1096,-1,1000000000000.0,True,682.4629841975913,1369737.3711711364,1384671326.7608225,1000000000000.0,1000000000000.0
20261242,12,0.9,32,32,worstcase_correlation,,0.056406811991134544,False,-1,13,0.3648676745087124,True,0.25931711273353975,0.7323787782235168,1.0482105813159914,0.448976700572194,0.3648676745087124
20261242,12,0.9,32,32,grid,0.0,0.005,False,-1,376,0.041212291708607705,True,0.5914442114047476,0.3465260484587541,0.26866901652725206,0.026992026856712648,0.041212291708607705
20261242,12,0.9,32,32,grid,1.0,0.007632145998180043,False,-1,208,0.0839570080699747,True,0.4777858608557667,0.22376252654685946,0.2292862723518959,0.0026130181689821,0.0839570080699747
20261242,12,0.9,32,32,grid,2.0,0.01164993050750713,False,-1,105,0.13495838712839173,True,0.36697964028399194,0.12424428112129633,0.23564417314158506,0.01245952546413306,0.13495838712839173
20261242,12,0.9,32,32,grid,3.0,0.01778279410038923,False,-1,75,0.19088374426628976,True,0.27209984100318396,0.06939219589636314,0.30081277877911183,0.06278444956479332,0.19088374426628976
20261242,12,0.9,32,32,grid,4.0,0.027144176165949066,False,-1,33,0.26004336769049197,True,0.20995897834078714,0.11160914751116746,0.45614365654215844,0.1575218168039855,0.26004336769049197
20261242,12,0.9,32,32,grid,5.0,0.04143366309976846,False,-1,16,0.3246828650485467,True,0.20957269652358568,0.3498428219671912,0.7453946980572514,0.3019877445636446,0.3246828650485467
20261242,12,0.9,32,32,grid,6.0,0.0632455532033676,False,-1,12,0.3897459891502088,True,0.2874805738773575,0.9321164643823223,1.1769466915456623,0.5150119829747617,0.3897459891502088
20261242,12,0.9,32,32,grid,7.0,0.096539859156753,False,-1,12,0.6759710786930251,True,0.4412404050609026,1.8716899944168224,1.724442407299112,0.8060657039641954,0.6759710786930251
20261242,12,0.9,32,32,grid,8.0,0.1473612599456155,False,-1,36,1.212563700752097,True,0.9353021159875488,2.592990110978172,3.2148260048681903,1.0240884982927265,1.212563700752097
20261242,12,0.9,32,32,grid,9.0,0.2249365300761397,False,-1,115,0.9592548929415609,True,4.336247095112643,5.86813562905849,11.355655747774941,1.0863416345880785,0.9592548929415609
20261242,12,0.9,32,32,grid,10.0,0.3433496875730229,False,-1,-1,5.656198168491568,True,18.93165472499269,381.03616908780805,77.20653416603271,88.1217835359105,5.656198168491568
20261242,12,0.9,32,32,grid,11.0,0.524098988797363,True,1197,-1,1000000000000.0,True,536.5800237384175,824054.1653359176,567807269.8741018,1000000000000.0,1000000000000.0
20261242,12,0.9,32,32,grid,12.0,0.8,True,658,-1,1000000000000.0,True,140410.46438304483,9032706160.673834,1000000000000.0,1000000000000.0,1000000000000.0
20261243,13,0.0,16,8,joint_aware,,0.4363488632302189,False,-1,3,0.40050315199253705,True,0.040902730817638566,0.1534703704066135,0.4492960823786695,0.5427622860146687,0.40050315199253705
20261243,13,0.0,16,8,correlation_blind,,0.4363488632302189,False,-1,3,0.40050315199253705,True,0.040902730817638566,0.1534703704066135,0.4492960823786695,0.5427622860146687,0.40050315199253705
20261243,13,0.0,16,8,delay_blind,,0.4373927810905379,False,-1,3,0.4020479833763272,True,0.04124183977901578,0.1539580015750675,0.4507778829294481,0.543893148562303,0.4020479833763272
20261243,13,0.0,16,8,mean_only,,4.115057114511728,True,72,-1,1000000000000.0,True,1000000000000.0,1000000000000.0,1000000000000.0,1000000000000.0,1000000000000.0
20261243,13,0.0,16,8,worstcase_correlation,,0.062108907189348216,False,-1,19,0.019899258044510204,True,0.06641527308745614,0.04989331500200799,0.03209026840344602,0.04977342561204162,0.019899258044510204
20261243,13,0.0,16,8,grid,0.0,0.005,False,-1,300,0.0046587227181160385,True,0.5629686641025854,0.3275542744328269,0.14760217670984727,0.0499094511546889,0.0046587227181160385
20261243,13,0.0,16,8,grid,1.0,0.007632145998180043,False,-1,205,0.0016948701184614332,True,0.4406614712767982,0.2159584798903687,0.0805045370665835,0.022096318107761904,0.0016948701184614332
20261243,13,0.0,16,8,grid,2.0,0.01164993050750713,False,-1,134,0.0022022242136729812,True,0.3228991650061258,0.1356649880054561,0.0436593952470733,0.010129955157035173,0.0022022242136729812
20261243,13,0.0,16,8,grid,3.0,0.01778279410038923,False,-1,94,0.003444930966820428,True,0.22429291968725745,0.08861349752375101,0.028257741666894376,0.00863907930632187,0.003444930966820428
20261243,13,0.0,16,8,grid,4.0,0.027144176165949066,False,-1,58,0.006321066850244909,True,0.15094555483632707,0.06536462268056997,0.025091714841500596,0.014538920213218258,0.006321066850244909
20261243,13,0.0,16,8,grid,5.0,0.04143366309976846,False,-1,33,0.011593174136038368,True,0.09985192428408357,0.05423417804487619,0.02712996543827705,0.027609296789993694,0.011593174136038368
20261243,13,0.0,16,8,grid,6.0,0.0632455532033676,False,-1,19,0.020406780754969343,True,0.06520965878404682,0.04980702309553929,0.032440452890202365,0.05105924448887923,0.020406780754969343
20261243,13,0.0,16,8,grid,7.0,0.096539859156753,False,-1,14,0.03844210805388833,True,0.042903658411624745,0.04925042045481004,0.047815289438929716,0.09042285309897177,0.03844210805388833
20261243,13,0.0,16,8,grid,8.0,0.1473612599456155,False,-1,11,0.07417908971426748,True,0.027382908299240758,0.051119085889992984,0.0887252777511996,0.15623881409531115,0.07417908971426748
20261243,13,0.0,16,8,grid,9.0,0.2249365300761397,False,-1,6,0.13945077416950274,True,0.015111316434573828,0.06436775929883581,0.17317521248307532,0.266631797013878,0.13945077416950274
20261243,13,0.0,16,8,grid,10.0,0.3433496875730229,False,-1,4,0.27114910369478457,True,0.01890826231052644,0.10969030516045103,0.32204946091663644,0.4314948343846673,0.27114910369478457
20261243,13,0.0,16,8,grid,11.0,0.524098988797363,False,-1,3,0.5347817801392243,True,0.0767812730475472,0.19238561156168338,0.5787306315550548,0.6280701274306867,0.5347817801392243
20261243,13,0.0,16,8,grid,12.0,0.8,False,-1,3,0.952435127147878,True,0.321567656025193,0.2765988413081596,1.0765378960844232,0.7944587980775863,0.952435127147878
20261243,13,0.0,16,32,joint_aware,,0.3543562147008278,False,-1,4,0.3408440671185786,True,0.06376166522772173,0.2131248299391833,0.38644697993035526,0.5454588370912483,0.3408440671185786
20261243,13,0.0,16,32,correlation_blind,,0.3543562147008278,False,-1,4,0.3408440671185786,True,0.06376166522772173,0.2131248299391833,0.38644697993035526,0.5454588370912483,0.3408440671185786
20261243,13,0.0,16,32,delay_blind,,0.4373927810905379,False,-1,3,0.5176957043409555,True,0.12818369604071686,0.3339831495462867,0.5877270446419776,0.7110715407533663,0.5176957043409555
20261243,13,0.0,16,32,mean_only,,1.2931845703348515,True,1720,2,1000000000000.0,True,61.582476869360256,338.9185204969842,12138.730476240102,1000000000000.0,1000000000000.0
20261243,13,0.0,16,32,worstcase_correlation,,0.06012858486571272,False,-1,19,0.02149841755584104,True,0.07131319188841631,0.05263122984713999,0.030330185516954298,0.05121110001524093,0.02149841755584104
20261243,13,0.0,16,32,grid,0.0,0.005,False,-1,300,0.004622353094641144,True,0.5612470675970033,0.3260637556894135,0.14686823982636454,0.049699924305603944,0.004622353094641144
20261243,13,0.0,16,32,grid,1.0,0.007632145998180043,False,-1,205,0.0017000490983240634,True,0.43824831072765735,0.21453583405643348,0.0800994481179873,0.022007991108346732,0.0017000490983240634
20261243,13,0.0,16,32,grid,2.0,0.01164993050750713,False,-1,133,0.002242635384352614,True,0.32023203193395583,0.13481321456104137,0.04371860890793491,0.010150772532533079,0.002242635384352614
20261243,13,0.0,16,32,grid,3.0,0.01778279410038923,False,-1,93,0.0035695345832303317,True,0.22218008001242945,0.08872943860661225,0.028658744109602632,0.00888600936798727,0.0035695345832303317
20261243,13,0.0,16,32,grid,4.0,0.027144176165949066,False,-1,57,0.006689773664729551,True,0.15007068044211944,0.066467864055028,0.025392533573373954,0.015254775450668643,0.006689773664729551
20261243,13,0.0,16,32,grid,5.0,0.04143366309976846,False,-1,31,0.012567098938597417,True,0.10062878903505919,0.05603098645786415,0.026780779028264944,0.029323386668634665,0.012567098938597417
20261243,13,0.0,16,32,grid,6.0,0.0632455532033676,False,-1,18,0.023224105509729972,True,0.06821128929989356,0.05251534825747876,0.031173789056533813,0.05508987588588291,0.023224105509729972
20261243,13,0.0,16,32,grid,7.0,0.096539859156753,False,-1,12,0.04635430501733362,True,0.0491191358206947,0.05360390109423192,0.04684964053337,0.09838476468431176,0.04635430501733362
20261243,13,0.0,16,32,grid,8.0,0.1473612599456155,False,-1,11,0.08946805868212902,True,0.036594440721643716,0.059312984737103835,0.09196000804769881,0.17221735325040505,0.08946805868212902
20261243,13,0.0,16,32,grid,9.0,0.2249365300761397,False,-1,5,0.15839950768714403,True,0.02875225808380092,0.08948251005437045,0.1833194113420903,0.3075641327841091,0.15839950768714403
20261243,13,0.0,16,32,grid,10.0,0.3433496875730229,False,-1,4,0.32004108670205855,True,0.05812175116671603,0.1993000614399417,0.36464891849221814,0.5252014158760091,0.32004108670205855
20261243,13,0.0,16,32,grid,11.0,0.524098988797363,False,-1,3,0.6980964728639816,True,0.2573789202498984,0.48185708558039286,0.8451010986507711,0.9078506785011959,0.6980964728639816
20261243,13,0.0,16,32,grid,12.0,0.8,False,-1,3,1.5393847686607347,True,1.3866967731593998,1.1411221652928063,2.3558465654281293,1.1218636610960262,1.5393847686607347
20261243,13,0.0,32,8,joint_aware,,0.48450346515727244,False,-1,3,0.1654585160352826,True,0.09853893047090515,0.21751834715989282,0.13799716476199364,0.031233463851967118,0.1654585160352826
20261243,13,0.0,32,8,correlation_blind,,0.48450346515727244,False,-1,3,0.1654585160352826,True,0.09853893047090515,0.21751834715989282,0.13799716476199364,0.031233463851967118,0.1654585160352826
20261243,13,0.0,32,8,delay_blind,,0.5476125865680102,False,-1,3,0.19681860810684376,True,0.1415847197365515,0.27649417169431095,0.1607483854450054,0.033368442706679116,0.19681860810684376
20261243,13,0.0,32,8,mean_only,,2.1034893587976695,True,1185,1,1000000000000.0,True,80.87541601309499,1581.1322329936447,13219065.748316102,1000000000000.0,1000000000000.0
20261243,13,0.0,32,8,worstcase_correlation,,0.061225211651951904,False,-1,18,0.007804196107272546,True,0.01005039556087193,0.020794562829192963,0.016218629519464775,0.0035665692283967016,0.007804196107272546
20261243,13,0.0,32,8,grid,0.0,0.005,False,-1,281,0.0035183772617566394,True,0.527152522925158,0.30783063057919774,0.131613976404179,0.03787397766870681,0.0035183772617566394
20261243,13,0.0,32,8,grid,1.0,0.007632145998180043,False,-1,176,0.0011572799124072402,True,0.38907081142026784,0.19057457838160247,0.0665259918732996,0.01229474346586747,0.0011572799124072402
20261243,13,0.0,32,8,grid,2.0,0.01164993050750713,False,-1,122,0.001830682997208209,True,0.25456329319992166,0.10656237146096478,0.03199034883551038,0.0028051468292775348,0.001830682997208209
20261243,13,0.0,32,8,grid,3.0,0.01778279410038923,False,-1,85,0.0025614077958341676,True,0.1440069346040018,0.05803320594802866,0.01725067427980114,0.0010275459844075949,0.0025614077958341676
20261243,13,0.0,32,8,grid,4.0,0.027144176165949066,False,-1,56,0.0035508250576430965,True,0.06917391009525888,0.03474681479453302,0.012978566127268387,0.0012783639243323184,0.0035508250576430965
20261243,13,0.0,32,8,grid,5.0,0.04143366309976846,False,-1,29,0.005287622014231563,True,0.02758503791495958,0.024458154082244773,0.013293901862609942,0.0020964719031437602,0.005287622014231563
20261243,13,0.0,32,8,grid,6.0,0.0632455532033676,False,-1,18,0.008074138210654485,True,0.009257111023857054,0.020628343676743457,0.016628335637878827,0.0037406430129755886,0.008074138210654485
20261243,13,0.0,32,8,grid,7.0,0.096539859156753,False,-1,11,0.013333438702908502,True,0.005448409559032908,0.018511815356290172,0.025501385332286814,0.006947741138285193,0.013333438702908502
20261243,13,0.0,32,8,grid,8.0,0.1473612599456155,False,-1,7,0.024758324687857155,True,0.00816228624638191,0.01568707601854362,0.04060787181585157,0.011485465177166176,0.024758324687857155
20261243,13,0.0,32,8,grid,9.0,0.2249365300761397,False,-1,5,0.04929770957223296,True,0.014325604509334466,0.02479858319190381,0.059652829175564304,0.016521802542957258,0.04929770957223296
20261243,13,0.0,32,8,grid,10.0,0.3433496875730229,False,-1,4,0.09842509396440302,True,0.03562701690387105,0.08810683341576178,0.0917328039743904,0.022949879433852523,0.09842509396440302
20261243,13,0.0,32,8,grid,11.0,0.524098988797363,False,-1,3,0.18505441515304383,True,0.12463012156105058,0.25509279942743346,0.15209910628585646,0.03275814254682638,0.18505441515304383
20261243,13,0.0,32,8,grid,12.0,0.8,False,-1,2,0.3446266184936353,True,0.3741853812031907,0.426469937439015,0.26620105985225095,0.03804233445271847,0.3446266184936353
20261243,13,0.0,32,32,joint_aware,,0.2890855861645199,False,-1,5,0.043716873012410666,True,0.02756217682061434,0.03969343761006337,0.08168884245247979,0.03872932290392612,0.043716873012410666
20261243,13,0.0,32,32,correlation_blind,,0.2890855861645199,False,-1,5,0.043716873012410666,True,0.02756217682061434,0.03969343761006337,0.08168884245247979,0.03872932290392612,0.043716873012410666
20261243,13,0.0,32,32,delay_blind,,0.5476125865680102,False,-1,3,13.854051904507552,True,0.2036316187331295,1.159732521710586,0.15458366124991413,9.662722147225416,13.854051904507552
20261243,13,0.0,32,32,mean_only,,0.5345835420861842,False,-1,3,15.48119057930763,True,0.12993373460816943,1.0751936909765847,0.1370981055074071,0.972006214160739,15.48119057930763
20261243,13,0.0,32,32,worstcase_correlation,,0.056406811991134544,False,-1,19,0.007666001422302879,True,0.011956022866056057,0.0239298001229478,0.015622225955385566,0.0037502199960265767,0.007666001422302879
20261243,13,0.0,32,32,grid,0.0,0.005,False,-1,275,0.00345277449380808,True,0.5225478255251892,0.30375798697754214,0.12961635657212908,0.037270622383235565,0.00345277449380808
20261243,13,0.0,32,32,grid,1.0,0.007632145998180043,False,-1,172,0.0011905235685515617,True,0.382205286652662,0.1863519315437211,0.06513985905393255,0.011955977252428846,0.0011905235685515617
20261243,13,0.0,32,32,grid,2.0,0.01164993050750713,False,-1,119,0.0019104277127371513,True,0.2462533491278459,0.10332494377104069,0.0313735917342123,0.002688502615222327,0.0019104277127371513
20261243,13,0.0,32,32,grid,3.0,0.01778279410038923,False,-1,80,0.002708947969795599,True,0.1363829818632736,0.056514232897836365,0.017240078060861256,0.001028101238390637,0.002708947969795599
20261243,13,0.0,32,32,grid,4.0,0.027144176165949066,False,-1,50,0.0038418075908017374,True,0.0641931204184387,0.034816857521282274,0.013202143709678628,0.0013681999277578817,0.0038418075908017374
20261243,13,0.0,32,32,grid,5.0,0.04143366309976846,False,-1,26,0.005722408335733377,True,0.02543549497355575,0.025782895778152428,0.013374752050378243,0.0023844779198278505,0.005722408335733377
20261243,13,0.0,32,32,grid,6.0,0.0632455532033676,False,-1,17,0.008600347475288782,True,0.00941322521575172,0.02385000972160875,0.017392168666930306,0.004493130493419158,0.008600347475288782
20261243,13,0.0,32,32,grid,7.0,0.096539859156753,False,-1,11,0.013907180116170727,True,0.00915817802516367,0.022457303819431732,0.03266275872975947,0.008895493533632792,0.013907180116170727
20261243,13,0.0,32,32,grid,8.0,0.1473612599456155,False,-1,7,0.01911567377368527,True,0.015459890836130717,0.014690447720938186,0.06335397509234422,0.017795211700623193,0.01911567377368527
20261243,13,0.0,32,32,grid,9.0,0.2249365300761397,False,-1,5,0.022791198221219014,True,0.019130713465816518,0.010352765557568151,0.0861896987445717,0.03477150019890877,0.022791198221219014
20261243,13,0.0,32,32,grid,10.0,0.3433496875730229,False,-1,4,0.09541984480531449,True,0.014883999850187249,0.14639731949750892,0.10475385102989028,0.04256123311837014,0.09541984480531449
20261243,13,0.0,32,32,grid,11.0,0.524098988797363,False,-1,3,4.901157585820644,True,0.1936884948306658,1.0474450936717223,0.22006862973862829,0.7929893289125043,4.901157585820644
20261243,13,0.0,32,32,grid,12.0,0.8,True,1774,2,1000000000000.0,True,41.87114580236802,1237.132680441101,1757539.399061505,1000000000000.0,1000000000000.0
20261243,13,0.9,16,8,joint_aware,,0.06793567174124356,False,-1,165,0.521977908447003,True,0.04207243855931955,0.2846598759533361,0.8150779948949602,0.2050346802596636,0.521977908447003
20261243,13,0.9,16,8,correlation_blind,,0.4363488632302189,False,-1,198,4.91185736336736,True,7.367328545192024,2.992519539326137,17.96919824034503,2.7646876565931224,4.91185736336736
20261243,13,0.9,16,8,delay_blind,,0.0679609250345928,False,-1,165,0.5222025272021018,True,0.04205988666809105,0.2848072825284842,0.8153612331026601,0.20510469483797306,0.5222025272021018
20261243,13,0.9,16,8,mean_only,,4.115057114511728,True,31,-1,1000000000000.0,True,1000000000000.0,1000000000000.0,1000000000000.0,1000000000000.0,1000000000000.0
20261243,13,0.9,16,8,worstcase_correlation,,0.062108907189348216,False,-1,165,0.4700314922682144,True,0.0472952748287451,0.251077140873035,0.7478109155136471,0.19138334535633686,0.4700314922682144
20261243,13,0.9,16,8,grid,0.0,0.005,False,-1,344,0.026900218575387342,True,0.6179216379511285,0.43212845347534745,0.17070346468028735,0.039270944911262456,0.026900218575387342
20261243,13,0.9,16,8,grid,1.0,0.007632145998180043,False,-1,256,0.018049595481201917,True,0.5105912426611395,0.31890383753132445,0.1207706061780438,0.05955984654585751,0.018049595481201917
20261243,13,0.9,16,8,grid,2.0,0.01164993050750713,False,-1,204,0.020620001596749434,True,0.4057790660030936,0.22160671677972898,0.10830955141985046,0.10199830634211238,0.020620001596749434
20261243,13,0.9,16,8,grid,3.0,0.01778279410038923,False,-1,196,0.052185668755736436,True,0.309862221154952,0.14864981792820678,0.1450933197870128,0.14830730185608373,0.052185668755736436
20261243,13,0.9,16,8,grid,4.0,0.027144176165949066,False,-1,188,0.13861919102228282,True,0.2142969276025812,0.11564354881028077,0.2627720094284015,0.1766077604405456,0.13861919102228282
20261243,13,0.9,16,8,grid,5.0,0.04143366309976846,False,-1,167,0.2810747757456455,True,0.11397698277041776,0.1468334636291615,0.47523829493952463,0.17825917355440243,0.2810747757456455
20261243,13,0.9,16,8,grid,6.0,0.0632455532033676,False,-1,165,0.4801844630110307,True,0.04589343555348902,0.25755257199385445,0.7612390691956805,0.1936567176160557,0.4801844630110307
20261243,13,0.9,16,8,grid,7.0,0.096539859156753,False,-1,166,0.7721793403993831,True,0.06443865938130425,0.4556288064697054,1.0989048208762346,0.34144788605422083,0.7721793403993831
20261243,13,0.9,16,8,grid,8.0,0.1473612599456155,False,-1,172,1.1782809938375547,True,0.15482226169437485,0.7375407169895212,1.5659688068606477,0.7918785007883814,1.1782809938375547
20261243,13,0.9,16,8,grid,9.0,0.2249365300761397,False,-1,110,1.7547073512642688,True,0.30445891020759946,1.0671168381654805,2.941046643981954,1.6464434353404525,1.7547073512642688
20261243,13,0.9,16,8,grid,10.0,0.3433496875730229,False,-1,196,2.9815162427893704,True,1.6499053021222303,1.6853147469488399,8.282943708922085,2.5844157091222244,2.9815162427893704
20261243,13,0.9,16,8,grid,11.0,0.524098988797363,False,-1,1781,21.335579832351314,True,34.67756639855816,7.236277744990832,141.79153167561233,5.685813861434747,21.335579832351314
20261243,13,0.9,16,8,grid,12.0,0.8,True,426,-1,1000000000000.0,True,3739611020.727221,1000000000000.0,1000000000000.0,1000000000000.0,1000000000000.0
20261243,13,0.9,16,32,joint_aware,,0.06557341714513457,False,-1,164,0.5637359177184624,True,0.051539323010169065,0.31388287180414753,0.9065235504237634,0.28918839964782317,0.5637359177184624
20261243,13,0.9,16,32,correlation_blind,,0.3543562147008278,False,-1,97,7.734914028471071,True,0.8942466495466624,10.27335459705188,8.609235984997056,10.360470950510413,7.734914028471071
20261243,13,0.9,16,32,delay_blind,,0.0679609250345928,False,-1,164,0.5923036614106802,True,0.054817522742268025,0.3340871787851228,0.9372214745893372,0.30198990695441974,0.5923036614106802
20261243,13,0.9,16,32,mean_only,,1.2931845703348515,True,305,-1,1000000000000.0,True,12609420272.811846,1000000000000.0,1000000000000.0,1000000000000.0,1000000000000.0
20261243,13,0.9,16,32,worstcase_correlation,,0.06012858486571272,False,-1,165,0.5001341701958494,True,0.04866859038757405,0.2698739846400516,0.832346368387266,0.26465414291928413,0.5001341701958494
20261243,13,0.9,16,32,grid,0.0,0.005,False,-1,343,0.026663898085596795,True,0.615579986412181,0.4294841086966804,0.16974163306442358,0.04111762420882974,0.026663898085596795
20261243,13,0.9,16,32,grid,1.0,0.007632145998180043,False,-1,255,0.01760949691522072,True,0.507013412264932,0.3151361778231356,0.12099693752292323,0.06448586608789171,0.01760949691522072
20261243,13,0.9,16,32,grid,2.0,0.01164993050750713,False,-1,203,0.020092461309850256,True,0.40105346766717187,0.2163883201834273,0.11125307994752072,0.11175356232826203,0.020092461309850256
20261243,13,0.9,16,32,grid,3.0,0.01778279410038923,False,-1,196,0.052917470171161086,True,0.30374853765135135,0.141434864603134,0.1552768756241467,0.16524252979471532,0.052917470171161086
20261243,13,0.9,16,32,grid,4.0,0.027144176165949066,False,-1,170,0.14358757003972,True,0.20415582623622172,0.10781695046182173,0.29125778271991243,0.20434416737211053,0.14358757003972
20261243,13,0.9,16,32,grid,5.0,0.04143366309976846,False,-1,166,0.2961386061013474,True,0.09855759221512138,0.14729896044013507,0.5390347804821561,0.22277117708001898,0.2961386061013474
20261243,13,0.9,16,32,grid,6.0,0.0632455532033676,False,-1,165,0.5362774274801129,True,0.04949160575515512,0.29470267412240403,0.8755046166317707,0.27791248150687375,0.5362774274801129
20261243,13,0.9,16,32,grid,7.0,0.096539859156753,False,-1,164,0.9590533200924724,True,0.155909389062161,0.6070826110308172,1.2096425737816925,0.5476145622601454,0.9590533200924724
20261243,13,0.9,16,32,grid,8.0,0.1473612599456155,False,-1,137,1.6529973680804377,True,0.38363475738444364,1.0500041833388714,1.3724959209872079,1.2674542457310192,1.6529973680804377
20261243,13,0.9,16,32,grid,9.0,0.2249365300761397,False,-1,101,2.76425762347061,True,0.5083045054707771,1.4841770939524166,2.3549065845461516,2.7015064123653105,2.76425762347061
20261243,13,0.9,16,32,grid,10.0,0.3433496875730229,False,-1,97,6.624990220984805,True,0.784725664910706,9.605919069115714,7.946521097885039,8.821021151872836,6.624990220984805
20261243,13,0.9,16,32,grid,11.0,0.524098988797363,False,-1,-1,115832.857060676,True,10.639550137404116,13.961536842912377,207.4923038446767,8379.259025805593,115832.857060676
20261243,13,0.9,16,32,grid,12.0,0.8,True,628,-1,1000000000000.0,True,6776.576166003502,20438213.79087547,1000000000000.0,1000000000000.0,1000000000000.0
20261243,13,0.9,32,8,joint_aware,,0.06708632967038644,False,-1,165,0.6039473996192121,True,0.047422295663833096,0.281137068379819,0.8174984649432959,0.3156778415688908,0.6039473996192121
20261243,13,0.9,32,8,correlation_blind,,0.48450346515727244,False,-1,1282,24.079928802588075,True,3.0466606914255627,6.1845096152090395,34.5983367365074,67425.52996287418,24.079928802588075
20261243,13,0.9,32,8,delay_blind,,0.0681741968826708,False,-1,165,0.6161423436885058,True,0.047716534731240864,0.2881832928451116,0.830031963455572,0.3208049318130948,0.6161423436885058
20261243,13,0.9,32,8,mean_only,,2.1034893587976695,True,118,-1,1000000000000.0,True,1000000000000.0,1000000000000.0,1000000000000.0,1000000000000.0,1000000000000.0
20261243,13,0.9,32,8,worstcase_correlation,,0.061225211651951904,False,-1,166,0.5389340335987748,True,0.04930305594304902,0.24434524313553802,0.7471542726212757,0.2916547251033833,0.5389340335987748
20261243,13,0.9,32,8,grid,0.0,0.005,False,-1,343,0.025001485064510498,True,0.6184452409302177,0.4319988565454557,0.1684492658067261,0.043336818583067246,0.025001485064510498
20261243,13,0.9,32,8,grid,1.0,0.007632145998180043,False,-1,255,0.017931146397005215,True,0.5109044498186728,0.3189686298416098,0.11721528894737686,0.06695411649798669,0.017931146397005215
20261243,13,0.9,32,8,grid,2.0,0.01164993050750713,False,-1,204,0.024068159703150044,True,0.40594150188567607,0.22144558259284747,0.10298952038036085,0.11661329436293986,0.024068159703150044
20261243,13,0.9,32,8,grid,3.0,0.01778279410038923,False,-1,196,0.06341376495165138,True,0.3098592418911484,0.1469882137098783,0.13819191395789054,0.1752636598690353,0.06341376495165138
20261243,13,0.9,32,8,grid,4.0,0.027144176165949066,False,-1,188,0.16336897650208834,True,0.2128810692823626,0.11151661873364482,0.25669227304465303,0.22185496354590684,0.16336897650208834
20261243,13,0.9,32,8,grid,5.0,0.04143366309976846,False,-1,167,0.3247681183424781,True,0.10977302268619457,0.14121891851572893,0.4750690610109104,0.2478312306673887,0.3247681183424781
20261243,13,0.9,32,8,grid,6.0,0.0632455532033676,False,-1,165,0.5612139898074258,True,0.04796025275990766,0.25679257844311026,0.771938884657818,0.29925766447793367,0.5612139898074258
20261243,13,0.9,32,8,grid,7.0,0.096539859156753,False,-1,165,0.945790016229471,True,0.10136339669235794,0.48816141241798927,1.1012527189669694,0.526247776203087,0.945790016229471
20261243,13,0.9,32,8,grid,8.0,0.1473612599456155,False,-1,173,1.5619684701847398,True,0.23452218203805847,0.8234451305875611,1.4399873599100126,1.1311358896352868,1.5619684701847398
20261243,13,0.9,32,8,grid,9.0,0.2249365300761397,False,-1,102,2.5395485377382863,True,0.30547645486670577,1.1194197872940665,2.576858203694969,2.2425794852612237,2.5395485377382863
20261243,13,0.9,32,8,grid,10.0,0.3433496875730229,False,-1,98,4.824859199046158,True,0.6123912028496424,3.294018915400409,7.9277819579230755,4.882772207958009,4.824859199046158
20261243,13,0.9,32,8,grid,11.0,0.524098988797363,False,-1,662,202.1415968827579,True,3.4267572541710276,17.422216362879198,73.79635033232749,42509389.971308336,202.1415968827579
20261243,13,0.9,32,8,grid,12.0,0.8,True,543,-1,1000000000000.0,True,229909.57927414926,5341941103.133095,1000000000000.0,1000000000000.0,1000000000000.0
20261243,13,0.9,32,32,joint_aware,,0.061344496040986844,False,-1,164,0.7107106453886968,True,0.0739849372280081,0.30412795641663093,0.9184692201160235,0.3728922825999421,0.7107106453886968
20261243,13,0.9,32,32,correlation_blind,,0.2890855861645199,False,-1,234,5.177112478353912,True,2.1595313487766887,6.32105038800654,27.045369211492325,8.40465541163603,5.177112478353912
20261243,13,0.9,32,32,delay_blind,,0.0681741968826708,False,-1,164,0.8277050298143046,True,0.10115309079042259,0.3806695081535968,1.0354909917709996,0.4292506214719918,0.8277050298143046
20261243,13,0.9,32,32,mean_only,,0.5345835420861842,True,1649,-1,1000000000000.0,True,413.43523570474184,10183.554652560812,7763015.425230961,1000000000000.0,1000000000000.0
20261243,13,0.9,32,32,worstcase_correlation,,0.056406811991134544,False,-1,165,0.6305171647379798,True,0.06443034302357867,0.2549700836020585,0.8303738191463388,0.3437802527088992,0.6305171647379798
20261243,13,0.9,32,32,grid,0.0,0.005,False,-1,341,0.02435271788028045,True,0.613886427939023,0.427189276135079,0.16678162094718213,0.045642904491070904,0.02435271788028045
20261243,13,0.9,32,32,grid,1.0,0.007632145998180043,False,-1,254,0.01752495181530743,True,0.5041691019182504,0.31226543587633865,0.11722586730655597,0.07287139002232954,0.01752495181530743
20261243,13,0.9,32,32,grid,2.0,0.01164993050750713,False,-1,203,0.025874066814927724,True,0.3978022720415434,0.21220480487641935,0.10609794547820701,0.12849624095259402,0.025874066814927724
20261243,13,0.9,32,32,grid,3.0,0.01778279410038923,False,-1,196,0.07471411465727695,True,0.30119433934318474,0.1335823256154393,0.1498288263510507,0.19662929253898298,0.07471411465727695
20261243,13,0.9,32,32,grid,4.0,0.027144176165949066,False,-1,188,0.19972760791126404,True,0.2005987933862134,0.09553987297371647,0.29150304311455233,0.2566010033990719,0.19972760791126404
20261243,13,0.9,32,32,grid,5.0,0.04143366309976846,False,-1,167,0.4064576534883648,True,0.0941193075283054,0.13969866911362666,0.5558771385352367,0.2958519689853005,0.4064576534883648
20261243,13,0.9,32,32,grid,6.0,0.0632455532033676,False,-1,164,0.7425808030121634,True,0.07999533552528632,0.3244369973733677,0.951748146063683,0.38658695068314697,0.7425808030121634
20261243,13,0.9,32,32,grid,7.0,0.096539859156753,False,-1,140,1.3559402691183418,True,0.33789185246482834,0.8089474838886732,1.3580701558240842,0.90237513390772,1.3559402691183418
20261243,13,0.9,32,32,grid,8.0,0.1473612599456155,False,-1,136,2.2219966069227697,True,0.9007826779310384,1.8750567382078458,1.5847833454655347,2.508357614022926,2.2219966069227697
20261243,13,0.9,32,32,grid,9.0,0.2249365300761397,False,-1,321,4.843910905820592,True,1.413591648990441,4.14394915796888,4.902721592901333,5.124025945321313,4.843910905820592
20261243,13,0.9,32,32,grid,10.0,0.3433496875730229,False,-1,287,155.79352642214943,True,3.506739959901489,16.811533454415695,1497.1649983001396,54.571215830352244,155.79352642214943
20261243,13,0.9,32,32,grid,11.0,0.524098988797363,True,1728,-1,1000000000000.0,True,389.6561076545015,10486.115149020965,3812854.818136098,1000000000000.0,1000000000000.0
20261243,13,0.9,32,32,grid,12.0,0.8,True,657,-1,1000000000000.0,True,15420.053300342897,13542933421.379093,1000000000000.0,1000000000000.0,1000000000000.0
20261244,14,0.0,16,8,joint_aware,,0.4363488632302189,False,-1,3,0.006438482904044046,True,0.04634309802310597,0.041545210910769056,0.23523608002262386,0.19755288341438093,0.006438482904044046
20261244,14,0.0,16,8,correlation_blind,,0.4363488632302189,False,-1,3,0.006438482904044046,True,0.04634309802310597,0.041545210910769056,0.23523608002262386,0.19755288341438093,0.006438482904044046
20261244,14,0.0,16,8,delay_blind,,0.4373927810905379,False,-1,3,0.00646959344448682,True,0.04648786518203475,0.04208658678311896,0.2354971691136694,0.19806230455262536,0.00646959344448682
20261244,14,0.0,16,8,mean_only,,4.115057114511728,True,99,-1,1000000000000.0,True,1000000000000.0,1000000000000.0,1000000000000.0,1000000000000.0,1000000000000.0
20261244,14,0.0,16,8,worstcase_correlation,,0.062108907189348216,False,-1,19,0.004297119505871203,True,0.01806657455801142,0.023919132538704268,0.06219484945420946,0.04125660986373648,0.004297119505871203
20261244,14,0.0,16,8,grid,0.0,0.005,False,-1,276,0.006244852352042901,True,0.5368278985303376,0.3159458722563378,0.10854037828053135,0.02292498883421568,0.006244852352042901
20261244,14,0.0,16,8,grid,1.0,0.007632145998180043,False,-1,184,0.00293482455056783,True,0.40265266283378315,0.19224739922235579,0.03778311717495954,0.007134610017187421,0.00293482455056783
20261244,14,0.0,16,8,grid,2.0,0.01164993050750713,False,-1,112,0.0025710860675937524,True,0.27023586430264035,0.09822224415206683,0.006461039464265681,0.010329004007153132,0.0025710860675937524
20261244,14,0.0,16,8,grid,3.0,0.01778279410038923,False,-1,67,0.002747673115853973,True,0.15767925141119607,0.04065307329307291,0.007102763538644198,0.017613796950083953,0.002747673115853973
20261244,14,0.0,16,8,grid,4.0,0.027144176165949066,False,-1,44,0.00253203861555919,True,0.07813010560513965,0.015492347914193582,0.025624270039953125,0.023228603185512044,0.00253203861555919
20261244,14,0.0,16,8,grid,5.0,0.04143366309976846,False,-1,30,0.0026450710373267182,True,0.03438000202513761,0.013419262035025312,0.04639270198957902,0.030372812282983858,0.0026450710373267182
20261244,14,0.0,16,8,grid,6.0,0.0632455532033676,False,-1,18,0.0044069537244656645,True,0.017719046291957415,0.024530526763574926,0.06285122693900169,0.04183040944178597,0.0044069537244656645
20261244,14,0.0,16,8,grid,7.0,0.096539859156753,False,-1,12,0.007351695628665557,True,0.014410539650228442,0.038623150471035136,0.08037127380454835,0.056454384368189316,0.007351695628665557
20261244,14,0.0,16,8,grid,8.0,0.1473612599456155,False,-1,7,0.010367014695056374,True,0.015777204608598796,0.04365714248594075,0.11118869960749142,0.07396784309513729,0.010367014695056374
20261244,14,0.0,16,8,grid,9.0,0.2249365300761397,False,-1,5,0.011807549037775956,True,0.021512286567353135,0.028860944385000253,0.15965829567044662,0.10223811970703348,0.011807549037775956
20261244,14,0.0,16,8,grid,10.0,0.3433496875730229,False,-1,3,0.007729981976765103,True,0.03435759222100145,0.014843532312801637,0.20971594628779425,0.1535591974883658,0.007729981976765103
20261244,14,0.0,16,8,grid,11.0,0.524098988797363,False,-1,3,0.01457731907349285,True,0.05963794189163472,0.10765815567764679,0.25744871539100056,0.24205499210204268,0.01457731907349285
20261244,14,0.0,16,8,grid,12.0,0.8,False,-1,2,0.13368838731338073,True,0.12528546579898756,0.6183047842078434,0.3662117191436513,0.4240028321164957,0.13368838731338073
20261244,14,0.0,16,32,joint_aware,,0.3543562147008278,False,-1,3,0.06764118913205569,True,0.06941918394607652,0.050784635488308,0.2016142675817444,0.17514210889826914,0.06764118913205569
20261244,14,0.0,16,32,correlation_blind,,0.3543562147008278,False,-1,3,0.06764118913205569,True,0.06941918394607652,0.050784635488308,0.2016142675817444,0.17514210889826914,0.06764118913205569
20261244,14,0.0,16,32,delay_blind,,0.4373927810905379,False,-1,3,0.08709444013745471,True,0.14850958297195876,0.09040430405732074,0.18941777803215892,0.2173828074669718,0.08709444013745471
20261244,14,0.0,16,32,mean_only,,1.2931845703348515,True,2917,2,1000000000000.0,True,131.7967118680019,3.6803951912484587,5580.063858286836,161535.01695610923,1000000000000.0
20261244,14,0.0,16,32,worstcase_correlation,,0.06012858486571272,False,-1,18,0.004806183780900633,True,0.016764640439114475,0.02753170503525957,0.062291424904904295,0.04010135486788472,0.004806183780900633
20261244,14,0.0,16,32,grid,0.0,0.005,False,-1,276,0.006175668326132609,True,0.5348642465381406,0.3142094429550977,0.1075624352363267,0.02263438496429652,0.006175668326132609
20261244,14,0.0,16,32,grid,1.0,0.007632145998180043,False,-1,183,0.0028922210297940517,True,0.3997027761926037,0.19032621827338184,0.037034291415392766,0.007038728347499947,0.0028922210297940517
20261244,14,0.0,16,32,grid,2.0,0.01164993050750713,False,-1,111,0.002532624041101023,True,0.2664686753233757,0.09655339753848524,0.006116755627629964,0.010360032673025878,0.002532624041101023
20261244,14,0.0,16,32,grid,3.0,0.01778279410038923,False,-1,64,0.0027030626284789373,True,0.1536399853048615,0.03965613105309931,0.007286800665457437,0.01760074578789075,0.0027030626284789373
20261244,14,0.0,16,32,grid,4.0,0.027144176165949066,False,-1,43,0.002513606910157525,True,0.07453427851919306,0.015479234940722692,0.02629568169513994,0.023104656625188832,0.002513606910157525
20261244,14,0.0,16,32,grid,5.0,0.04143366309976846,False,-1,27,0.0028615209711451038,True,0.031783375123224024,0.015090499059507339,0.04735163548955808,0.030210435656316863,0.0028615209711451038
20261244,14,0.0,16,32,grid,6.0,0.0632455532033676,False,-1,17,0.005184292834691889,True,0.01574257292535097,0.029792904682388096,0.06420415463282414,0.04169002703568738,0.005184292834691889
20261244,14,0.0,16,32,grid,7.0,0.096539859156753,False,-1,11,0.00897281732189286,True,0.011501637045092012,0.050378531811077105,0.08387322203473423,0.05657653023248268,0.00897281732189286
20261244,14,0.0,16,32,grid,8.0,0.1473612599456155,False,-1,7,0.014849210344127757,True,0.011090804519348768,0.06312222926037593,0.12271000312545528,0.07679892813065858,0.014849210344127757
20261244,14,0.0,16,32,grid,9.0,0.2249365300761397,False,-1,4,0.027691730273287425,True,0.01964986625140129,0.05384803119149628,0.17653317733718799,0.11326968718414063,0.027691730273287425
20261244,14,0.0,16,32,grid,10.0,0.3433496875730229,False,-1,3,0.06391258772418801,True,0.0625933764209621,0.04837797523626874,0.2018174735654079,0.170273628525338,0.06391258772418801
20261244,14,0.0,16,32,grid,11.0,0.524098988797363,False,-1,2,0.10489323410412747,True,0.31487094974552815,0.17766494090411597,0.15978446735732277,0.29358156000868635,0.10489323410412747
20261244,14,0.0,16,32,grid,12.0,0.8,False,-1,2,0.7719373917228589,True,1.1399819016276795,0.7625870298109744,0.9659710164580403,1.8674891947676495,0.7719373917228589
20261244,14,0.0,32,8,joint_aware,,0.48450346515727244,False,-1,2,0.05661579771067278,True,0.05360680541756019,0.12238080918774322,0.09106759651295956,0.12974263447533924,0.05661579771067278
20261244,14,0.0,32,8,correlation_blind,,0.48450346515727244,False,-1,2,0.05661579771067278,True,0.05360680541756019,0.12238080918774322,0.09106759651295956,0.12974263447533924,0.05661579771067278
20261244,14,0.0,32,8,delay_blind,,0.5476125865680102,False,-1,2,0.0804796574657047,True,0.06664471126302854,0.18081875684032186,0.08305518628726069,0.14621087491730134,0.0804796574657047
20261244,14,0.0,32,8,mean_only,,2.1034893587976695,True,2018,1,1000000000000.0,True,694.218969869184,15808.813039582912,9777495.34051347,137089845467.92038,1000000000000.0
20261244,14,0.0,32,8,worstcase_correlation,,0.061225211651951904,False,-1,18,0.0041630708601342326,True,0.013800949024014146,0.005429996939171861,0.04179759617790078,0.01730326813561162,0.0041630708601342326
20261244,14,0.0,32,8,grid,0.0,0.005,False,-1,290,0.007225617726950917,True,0.5451741039906811,0.3159889814645649,0.1084001933910785,0.02834674110299475,0.007225617726950917
20261244,14,0.0,32,8,grid,1.0,0.007632145998180043,False,-1,187,0.0027993343037824546,True,0.4114041842985761,0.19066969120375313,0.03912460034777906,0.006804109824744804,0.0027993343037824546
20261244,14,0.0,32,8,grid,2.0,0.01164993050750713,False,-1,118,0.001780889062722918,True,0.2783176470740991,0.09515179085644813,0.007248891044006984,0.0016386532587786473,0.001780889062722918
20261244,14,0.0,32,8,grid,3.0,0.01778279410038923,False,-1,73,0.001411082879574182,True,0.16387951395421155,0.036347584887194306,0.0030878642025470625,0.0024722676000351117,0.001411082879574182
20261244,14,0.0,32,8,grid,4.0,0.027144176165949066,False,-1,44,0.0009930924191855408,True,0.08108561568207288,0.009368534049678627,0.013816186266483819,0.004698802085008922,0.0009930924191855408
20261244,14,0.0,32,8,grid,5.0,0.04143366309976846,False,-1,28,0.001546834684816176,True,0.03317323534256876,0.0027805509950008084,0.028366508413986864,0.009150406677056638,0.001546834684816176
20261244,14,0.0,32,8,grid,6.0,0.0632455532033676,False,-1,17,0.004477059457401863,True,0.012932900183840034,0.005836627091608492,0.04296085143218179,0.018196660238645357,0.004477059457401863
20261244,14,0.0,32,8,grid,7.0,0.096539859156753,False,-1,11,0.009447379415870932,True,0.0071510321067445705,0.012798287401991498,0.06010903223161976,0.031934839818626215,0.009447379415870932
20261244,14,0.0,32,8,grid,8.0,0.1473612599456155,False,-1,7,0.015248004252557689,True,0.006532207557599857,0.02246001970590844,0.08200599223898472,0.04604151918533437,0.015248004252557689
20261244,14,0.0,32,8,grid,9.0,0.2249365300761397,False,-1,5,0.02111972643597012,True,0.010123236247267024,0.03301424280898088,0.10215605420464752,0.06136268443274972,0.02111972643597012
20261244,14,0.0,32,8,grid,10.0,0.3433496875730229,False,-1,4,0.030324533242651965,True,0.022788279391461806,0.051773575219487215,0.10540351094871775,0.08996167673795852,0.030324533242651965
20261244,14,0.0,32,8,grid,11.0,0.524098988797363,False,-1,2,0.07031357139235589,True,0.06205115989836158,0.15704477601391476,0.08607001429268009,0.14028353491954598,0.07031357139235589
20261244,14,0.0,32,8,grid,12.0,0.8,False,-1,2,0.3604492377386661,True,0.14865412840575687,0.5242523652957373,0.052832427391996735,0.2010307976691521,0.3604492377386661
20261244,14,0.0,32,32,joint_aware,,0.2890855861645199,False,-1,4,0.12929670110274577,True,0.030601073156395556,0.0641675058647983,0.1633542508339835,0.03182882939042487,0.12929670110274577
20261244,14,0.0,32,32,correlation_blind,,0.2890855861645199,False,-1,4,0.12929670110274577,True,0.030601073156395556,0.0641675058647983,0.1633542508339835,0.03182882939042487,0.12929670110274577
20261244,14,0.0,32,32,delay_blind,,0.5476125865680102,False,-1,2,1.0462157602342679,True,4.313516800828241,2.7129640905817576,2.405768192373935,6.272311472771493,1.0462157602342679
20261244,14,0.0,32,32,mean_only,,0.5345835420861842,False,-1,2,35.80760725512464,True,3.4955442391326916,3.262176387734089,5.9759108350272605,3.3021422204779944,35.80760725512464
20261244,14,0.0,32,32,worstcase_correlation,,0.056406811991134544,False,-1,18,0.004659731820232948,True,0.014398058097626853,0.006629442134900298,0.04284464638313061,0.01816759587131349,0.004659731820232948
20261244,14,0.0,32,32,grid,0.0,0.005,False,-1,286,0.0071349201640388115,True,0.5407993065198474,0.31216177052015737,0.10644259585625397,0.027791741626594736,0.0071349201640388115
20261244,14,0.0,32,32,grid,1.0,0.007632145998180043,False,-1,180,0.002770473219938072,True,0.4048646831137203,0.18652872088720815,0.03779307085128991,0.00657194533537876,0.002770473219938072
20261244,14,0.0,32,32,grid,2.0,0.01164993050750713,False,-1,115,0.0017802867250936852,True,0.27014180207969013,0.09162540370978466,0.006799853883821436,0.0016412359016995692,0.0017802867250936852
20261244,14,0.0,32,32,grid,3.0,0.01778279410038923,False,-1,66,0.0014019439676650383,True,0.15549339160978015,0.034116473829109255,0.0036280549490847,0.0025911733599676447,0.0014019439676650383
20261244,14,0.0,32,32,grid,4.0,0.027144176165949066,False,-1,43,0.0010065760600977988,True,0.07409160971777025,0.008535700543641774,0.015405767199607076,0.005058646285437538,0.0010065760600977988
20261244,14,0.0,32,32,grid,5.0,0.04143366309976846,False,-1,26,0.001976803881987115,True,0.028899224317976334,0.0033118920220657883,0.031145131835402785,0.010430321315686008,0.001976803881987115
20261244,14,0.0,32,32,grid,6.0,0.0632455532033676,False,-1,16,0.006062034657856579,True,0.011655840413939321,0.00888468303636272,0.04744435777815748,0.022076756215345692,0.006062034657856579
20261244,14,0.0,32,32,grid,7.0,0.096539859156753,False,-1,11,0.012395031935478744,True,0.0062070182329534585,0.02279679092562935,0.06878815622684605,0.038910824731001756,0.012395031935478744
20261244,14,0.0,32,32,grid,8.0,0.1473612599456155,False,-1,7,0.026263858983581433,True,0.003082384086430717,0.04673074377683266,0.10899439200009203,0.04964231670866307,0.026263858983581433
20261244,14,0.0,32,32,grid,9.0,0.2249365300761397,False,-1,5,0.08485486128714068,True,0.018617712480593178,0.05299277018454345,0.1610851014685341,0.05446395627594364,0.08485486128714068
20261244,14,0.0,32,32,grid,10.0,0.3433496875730229,False,-1,4,0.10771815175775244,True,0.04385609330061644,0.07413011411066965,0.19702146930997366,0.04855997962078187,0.10771815175775244
20261244,14,0.0,32,32,grid,11.0,0.524098988797363,False,-1,2,20.168786163125596,True,2.8771640246683114,3.316290547794906,4.394240488874834,5.4398240405130895,20.168786163125596
20261244,14,0.0,32,32,grid,12.0,0.8,True,2122,2,1000000000000.0,True,7.056923707233924,117.55786992272971,570142.7586388416,30274204954.88228,1000000000000.0
20261244,14,0.9,16,8,joint_aware,,0.06793567174124356,False,-1,34,0.4016297786708052,True,0.3145360238812983,0.2603486813309334,0.30721038766349457,0.15740787737320333,0.4016297786708052
20261244,14,0.9,16,8,correlation_blind,,0.4363488632302189,False,-1,57,0.3066981085206991,True,4.764614316595568,1.5727677728259528,7.426681658259601,11.01767159534914,0.3066981085206991
20261244,14,0.9,16,8,delay_blind,,0.0679609250345928,False,-1,34,0.40180472459836175,True,0.31466868179157464,0.2604618282943283,0.30740469470114246,0.1574762385853358,0.40180472459836175
20261244,14,0.9,16,8,mean_only,,4.115057114511728,True,38,-1,1000000000000.0,True,1000000000000.0,1000000000000.0,1000000000000.0,1000000000000.0,1000000000000.0
20261244,14,0.9,16,8,worstcase_correlation,,0.062108907189348216,False,-1,34,0.3611054443235048,True,0.2840048221082514,0.23460496592014088,0.2645677015248799,0.1429620316841303,0.3611054443235048
20261244,14,0.9,16,8,grid,0.0,0.005,False,-1,247,0.0052850486156792035,True,0.49687397271788236,0.31462438899420997,0.15233562721073257,0.02284133527640249,0.0052850486156792035
20261244,14,0.9,16,8,grid,1.0,0.007632145998180043,False,-1,179,0.014992637866316902,True,0.3521236294899903,0.20932502381448975,0.10189436355753524,0.014396587244805938,0.014992637866316902
20261244,14,0.9,16,8,grid,2.0,0.01164993050750713,False,-1,97,0.033241751204490286,True,0.21974966756102668,0.13958502300361594,0.08273446816721704,0.0298263277262299,0.033241751204490286
20261244,14,0.9,16,8,grid,3.0,0.01778279410038923,False,-1,65,0.06425037723731811,True,0.13361559635010858,0.1111309091520075,0.08472113000268654,0.05765132571532418,0.06425037723731811
20261244,14,0.9,16,8,grid,4.0,0.027144176165949066,False,-1,43,0.12105255052403052,True,0.11955638049164247,0.11884334827172922,0.10434562284180607,0.08314283926920829,0.12105255052403052
20261244,14,0.9,16,8,grid,5.0,0.04143366309976846,False,-1,36,0.21770291266165545,True,0.17711805687897636,0.1557754640421195,0.15117332828354632,0.10611935793895358,0.21770291266165545
20261244,14,0.9,16,8,grid,6.0,0.0632455532033676,False,-1,34,0.3690269795662523,True,0.2899502865898,0.23955832321581189,0.2725353093547322,0.1455841508016359,0.3690269795662523
20261244,14,0.9,16,8,grid,7.0,0.096539859156753,False,-1,33,0.5826307125302335,True,0.4682150060322287,0.3871613591311657,0.5668873619596451,0.27771369196177415,0.5826307125302335
20261244,14,0.9,16,8,grid,8.0,0.1473612599456155,False,-1,32,0.7005539143848296,True,0.7591405697189484,0.5746499751247154,1.059873182200802,0.7624860303695185,0.7005539143848296
20261244,14,0.9,16,8,grid,9.0,0.2249365300761397,False,-1,42,0.5269293090311279,True,1.2492864490993723,0.8535517182933094,1.5514507871011474,2.0535133137015893,0.5269293090311279
20261244,14,0.9,16,8,grid,10.0,0.3433496875730229,False,-1,59,0.2514101049160491,True,2.5287735231266986,1.4163315269246501,2.3163145027494174,4.797814657087739,0.2514101049160491
20261244,14,0.9,16,8,grid,11.0,0.524098988797363,False,-1,24,1.942045040619118,True,9.424536195866352,1.4620523676694253,10.62290116249603,16.993051857926957,1.942045040619118
20261244,14,0.9,16,8,grid,12.0,0.8,True,424,-1,1000000000000.0,True,13280089.991347104,1000000000000.0,1000000000000.0,1000000000000.0,1000000000000.0
20261244,14,0.9,16,32,joint_aware,,0.06557341714513457,False,-1,35,0.37364216007730944,True,0.4095368019600055,0.2652265178758878,0.44545167034407523,0.1945184157047986,0.37364216007730944
20261244,14,0.9,16,32,correlation_blind,,0.3543562147008278,False,-1,741,1.4168126819515958,True,4.593878378556063,2.216449429040858,4.92283749834647,17.457846371260477,1.4168126819515958
20261244,14,0.9,16,32,delay_blind,,0.0679609250345928,False,-1,34,0.3924259717340977,True,0.43015370324935615,0.27875498807477495,0.48055162684025327,0.20621721718579322,0.3924259717340977
20261244,14,0.9,16,32,mean_only,,1.2931845703348515,True,255,-1,1000000000000.0,True,887065905013.5862,1000000000000.0,1000000000000.0,1000000000000.0,1000000000000.0
20261244,14,0.9,16,32,worstcase_correlation,,0.06012858486571272,False,-1,35,0.33228561663357103,True,0.36408579906258676,0.23534241138071346,0.3730809404455538,0.17123693245482494,0.33228561663357103
20261244,14,0.9,16,32,grid,0.0,0.005,False,-1,247,0.005590544853173923,True,0.4945401709663106,0.311848362645205,0.15085713008254217,0.021850921544683925,0.005590544853173923
20261244,14,0.9,16,32,grid,1.0,0.007632145998180043,False,-1,179,0.01536901455221183,True,0.34886449515885076,0.2060827592015019,0.1015419069786339,0.013386148586780996,0.01536901455221183
20261244,14,0.9,16,32,grid,2.0,0.01164993050750713,False,-1,93,0.033149146367102485,True,0.2170199771498931,0.13627635154883985,0.08478995856159599,0.02895074094845125,0.033149146367102485
20261244,14,0.9,16,32,grid,3.0,0.01778279410038923,False,-1,65,0.06257958417417753,True,0.13600433365549314,0.10780445659732507,0.09149615406435344,0.05747991559919385,0.06257958417417753
20261244,14,0.9,16,32,grid,4.0,0.027144176165949066,False,-1,40,0.11557790564904001,True,0.13609573297404162,0.11476575838787798,0.12181887712223874,0.08528581676415921,0.11557790564904001
20261244,14,0.9,16,32,grid,5.0,0.04143366309976846,False,-1,36,0.20476456384417316,True,0.2213840271139536,0.1521855583664445,0.1973871170383455,0.11630833983332825,0.20476456384417316
20261244,14,0.9,16,32,grid,6.0,0.0632455532033676,False,-1,35,0.35570105415933834,True,0.3898496325776374,0.252256566068069,0.41322358414971677,0.18401860075818027,0.35570105415933834
20261244,14,0.9,16,32,grid,7.0,0.096539859156753,False,-1,33,0.6244050830101663,True,0.7178277014599277,0.44003364743185525,1.0699217572328752,0.4442391930982515,0.6244050830101663
20261244,14,0.9,16,32,grid,8.0,0.1473612599456155,False,-1,32,0.7327002408024894,True,1.4396279299787051,0.676463405098362,2.74851784802202,1.4899707666541882,0.7327002408024894
20261244,14,0.9,16,32,grid,9.0,0.2249365300761397,False,-1,58,0.6765501977651145,True,2.892504378433203,1.0028357687128837,4.732827705619905,5.046854848871175,0.6765501977651145
20261244,14,0.9,16,32,grid,10.0,0.3433496875730229,False,-1,741,1.1033930862384738,True,4.5889801108024315,2.012787899084654,4.851643843916389,16.059189808424883,1.1033930862384738
20261244,14,0.9,16,32,grid,11.0,0.524098988797363,False,-1,-1,46.26756847191917,True,3.4459968415870215,9.537734488854033,45.14521179367334,681746.1827662769,46.26756847191917
20261244,14,0.9,16,32,grid,12.0,0.8,True,932,-1,1000000000000.0,True,2628.9002000406945,295157.3744633397,1000000000000.0,1000000000000.0,1000000000000.0
20261244,14,0.9,32,8,joint_aware,,0.06708632967038644,False,-1,35,0.3943093367597826,True,0.34717327948769944,0.25020681095991104,0.4505804874939611,0.18435611857603246,0.3943093367597826
20261244,14,0.9,32,8,correlation_blind,,0.48450346515727244,False,-1,223,1.6368630074565915,True,11.43631821852234,2.498145566626061,8.349054890920447,14.489622174033814,1.6368630074565915
20261244,14,0.9,32,8,delay_blind,,0.0681741968826708,False,-1,35,0.40285259282625335,True,0.35419888175493985,0.25552986318699583,0.4645318139669163,0.18944029762194253,0.40285259282625335
20261244,14,0.9,32,8,mean_only,,2.1034893587976695,True,68,-1,1000000000000.0,True,1000000000000.0,1000000000000.0,1000000000000.0,1000000000000.0,1000000000000.0
20261244,14,0.9,32,8,worstcase_correlation,,0.061225211651951904,False,-1,35,0.34895347220621803,True,0.30990536009688496,0.22224432459145768,0.3808424493607976,0.1596635957606886,0.34895347220621803
20261244,14,0.9,32,8,grid,0.0,0.005,False,-1,247,0.007206980399528087,True,0.49642239119307313,0.31593828323677053,0.15821811681241318,0.026168353422383616,0.007206980399528087
20261244,14,0.9,32,8,grid,1.0,0.007632145998180043,False,-1,179,0.016325138533627482,True,0.35093439931801246,0.21027684486863715,0.1106524402931517,0.013986299270711105,0.016325138533627482
20261244,14,0.9,32,8,grid,2.0,0.01164993050750713,False,-1,97,0.03364996097716797,True,0.2179774530346943,0.13939997579081476,0.09554164064983983,0.023367821364995975,0.03364996097716797
20261244,14,0.9,32,8,grid,3.0,0.01778279410038923,False,-1,65,0.06214148074734114,True,0.132640017519357,0.10862269724699063,0.10402103110520988,0.045535758564779934,0.06214148074734114
20261244,14,0.9,32,8,grid,4.0,0.027144176165949066,False,-1,43,0.11442140661110708,True,0.12283093730252219,0.11244334009518428,0.13597121033674298,0.06968355143515709,0.11442140661110708
20261244,14,0.9,32,8,grid,5.0,0.04143366309976846,False,-1,36,0.20680405782985015,True,0.19015293931456195,0.1450594519333589,0.20965702687405294,0.10066343683196492,0.20680405782985015
20261244,14,0.9,32,8,grid,6.0,0.0632455532033676,False,-1,35,0.36444347461505217,True,0.32264646885225323,0.2317221773923589,0.40384942913391475,0.1676872231832187,0.36444347461505217
20261244,14,0.9,32,8,grid,7.0,0.096539859156753,False,-1,34,0.6182214925047738,True,0.5525185512275653,0.39451895655197305,0.9340308313667711,0.39497585935357415,0.6182214925047738
20261244,14,0.9,32,8,grid,8.0,0.1473612599456155,False,-1,35,0.732807374127086,True,0.9762238223238163,0.5945215682021467,2.075826739164534,1.213095063644699,0.732807374127086
20261244,14,0.9,32,8,grid,9.0,0.2249365300761397,False,-1,60,0.43720722944115253,True,1.7255684750575073,0.8281778018346746,3.345060158951273,3.503804615471337,0.43720722944115253
20261244,14,0.9,32,8,grid,10.0,0.3433496875730229,False,-1,216,0.32489605296717794,True,3.628945949273286,1.4723367985011635,4.372961351830983,5.85619947935116,0.32489605296717794
20261244,14,0.9,32,8,grid,11.0,0.524098988797363,False,-1,3773,15.003077029895403,True,18.556888422113246,2.5008981573487428,11.24234199090121,587.4743297962376,15.003077029895403
20261244,14,0.9,32,8,grid,12.0,0.8,True,1564,-1,1000000000000.0,True,12718.515044391512,42018.057189989726,550471740.534388,1000000000000.0,1000000000000.0
20261244,14,0.9,32,32,joint_aware,,0.061344496040986844,False,-1,37,0.33521392213410717,True,0.32951986502771263,0.34347454572839353,0.4863772842115894,0.17699861052936589,0.33521392213410717
20261244,14,0.9,32,32,correlation_blind,,0.2890855861645199,False,-1,58,2.1777909233802397,True,8.39456769514368,5.958570787264275,83.5362375981521,3.237726220104394,2.1777909233802397
20261244,14,0.9,32,32,delay_blind,,0.0681741968826708,False,-1,37,0.40628782278048825,True,0.36961333368689037,0.43307220449763256,0.595734271912613,0.2045885580107556,0.40628782278048825
20261244,14,0.9,32,32,mean_only,,0.5345835420861842,True,1430,-1,1000000000000.0,True,87.1272309967,13682.748506549266,149450731.60632384,1000000000000.0,1000000000000.0
20261244,14,0.9,32,32,worstcase_correlation,,0.056406811991134544,False,-1,36,0.2917426194876765,True,0.3011493913186065,0.2849196580468143,0.41697217727294444,0.15967700795386167,0.2917426194876765
20261244,14,0.9,32,32,grid,0.0,0.005,False,-1,247,0.007318074701135323,True,0.4920016235601832,0.3109465807639644,0.15613054101029533,0.02534080752990243,0.007318074701135323
20261244,14,0.9,32,32,grid,1.0,0.007632145998180043,False,-1,164,0.016465933655255994,True,0.3444712930714178,0.20511731240187323,0.11047653011737898,0.01367811981358056,0.016465933655255994
20261244,14,0.9,32,32,grid,2.0,0.01164993050750713,False,-1,93,0.03309783924345931,True,0.21117789180386878,0.13529708961359702,0.09865250651447516,0.02436016832859529,0.03309783924345931
20261244,14,0.9,32,32,grid,3.0,0.01778279410038923,False,-1,65,0.05919972964774546,True,0.1307480731512631,0.10662946981601407,0.11265532506242153,0.04875141879243408,0.05919972964774546
20261244,14,0.9,32,32,grid,4.0,0.027144176165949066,False,-1,43,0.10562192918775522,True,0.1333991956432229,0.11313136321325917,0.15521925101397702,0.07585757651427785,0.10562192918775522
20261244,14,0.9,32,32,grid,5.0,0.04143366309976846,False,-1,37,0.18710842063889185,True,0.21308603392885522,0.1610817192456658,0.25395582064356886,0.11377126392939874,0.18710842063889185
20261244,14,0.9,32,32,grid,6.0,0.0632455532033676,False,-1,37,0.3536233987465173,True,0.340533956636152,0.36766642137107547,0.5152521029411832,0.1841799970119333,0.3536233987465173
20261244,14,0.9,32,32,grid,7.0,0.096539859156753,False,-1,49,0.8595320811993217,True,0.5697778697463398,0.7668001281469665,1.217101717120869,0.4146619093798588,0.8595320811993217
20261244,14,0.9,32,32,grid,8.0,0.1473612599456155,False,-1,49,1.6705643387317872,True,1.1806356553982935,1.0880175676034822,3.110627469741791,1.7112403387892594,1.6705643387317872
20261244,14,0.9,32,32,grid,9.0,0.2249365300761397,False,-1,58,5.503676086664546,True,3.454654508609309,2.2321596243386734,16.44939554153854,10.736544468320165,5.503676086664546
20261244,14,0.9,32,32,grid,10.0,0.3433496875730229,False,-1,-1,38.812543043255104,True,17.3812898477698,11.770874726667532,180.65152321697136,520.5162782339264,38.812543043255104
20261244,14,0.9,32,32,grid,11.0,0.524098988797363,True,1451,-1,1000000000000.0,True,87.49113559915101,14450.818739568418,74365603.72785011,1000000000000.0,1000000000000.0
20261244,14,0.9,32,32,grid,12.0,0.8,True,704,-1,1000000000000.0,True,67107.32739420288,183472456.48948523,1000000000000.0,1000000000000.0,1000000000000.0
20261245,15,0.0,16,8,joint_aware,,0.4363488632302189,False,-1,3,0.0318445186536544,True,0.3835706037074084,0.37106100788133334,0.15621321359713225,0.14079157986361532,0.0318445186536544
20261245,15,0.0,16,8,correlation_blind,,0.4363488632302189,False,-1,3,0.0318445186536544,True,0.3835706037074084,0.37106100788133334,0.15621321359713225,0.14079157986361532,0.0318445186536544
20261245,15,0.0,16,8,delay_blind,,0.4373927810905379,False,-1,3,0.03200000427785649,True,0.38395487302701586,0.3722387028870764,0.15677720108323517,0.14113892012335702,0.03200000427785649
20261245,15,0.0,16,8,mean_only,,4.115057114511728,True,95,-1,1000000000000.0,True,1000000000000.0,1000000000000.0,1000000000000.0,1000000000000.0,1000000000000.0
20261245,15,0.0,16,8,worstcase_correlation,,0.062108907189348216,False,-1,33,0.00969990268161338,True,0.03626472017212924,0.01876568271044389,0.02711644786022141,0.025005030261104882,0.00969990268161338
20261245,15,0.0,16,8,grid,0.0,0.005,False,-1,278,0.002328745135297378,True,0.5381890538573526,0.2906584118575858,0.14133886506254317,0.05082898092947776,0.002328745135297378
20261245,15,0.0,16,8,grid,1.0,0.007632145998180043,False,-1,184,0.01343197951451241,True,0.40121076589954785,0.16691071857580445,0.07366634578843728,0.02610615902727898,0.01343197951451241
20261245,15,0.0,16,8,grid,2.0,0.01164993050750713,False,-1,127,0.024422153642341626,True,0.2643568068518122,0.07852339605520965,0.03520981895445787,0.013838163477597675,0.024422153642341626
20261245,15,0.0,16,8,grid,3.0,0.01778279410038923,False,-1,85,0.027531884233897366,True,0.1467471732988318,0.029700987786540605,0.01725343467361984,0.009590156571230465,0.027531884233897366
20261245,15,0.0,16,8,grid,4.0,0.027144176165949066,False,-1,60,0.022933645086482442,True,0.06389527093448397,0.010200578362650812,0.01249383747295886,0.010384904754732218,0.022933645086482442
20261245,15,0.0,16,8,grid,5.0,0.04143366309976846,False,-1,46,0.015269128157602502,True,0.025341429513664207,0.008351753692861941,0.016591946032261988,0.01543033797617098,0.015269128157602502
20261245,15,0.0,16,8,grid,6.0,0.0632455532033676,False,-1,33,0.009528444549444057,True,0.03790130494929526,0.01948822099371443,0.027689896845454632,0.025552005114699947,0.009528444549444057
20261245,15,0.0,16,8,grid,7.0,0.096539859156753,False,-1,27,0.007420999084489033,True,0.10050818783552666,0.04336089157794873,0.04153267394973214,0.040737328875321846,0.007420999084489033
20261245,15,0.0,16,8,grid,8.0,0.1473612599456155,False,-1,19,0.008687557301261552,True,0.1905485222067245,0.08573637750827956,0.05529026644709139,0.0586162867835845,0.008687557301261552
20261245,15,0.0,16,8,grid,9.0,0.2249365300761397,False,-1,7,0.01270682431403935,True,0.2769224342889032,0.15665588590664062,0.07424689868100189,0.08000729442221617,0.01270682431403935
20261245,15,0.0,16,8,grid,10.0,0.3433496875730229,False,-1,5,0.02058103901011866,True,0.34689701553716074,0.2714451781975737,0.11249199800782567,0.11223361303032253,0.02058103901011866
20261245,15,0.0,16,8,grid,11.0,0.524098988797363,False,-1,3,0.04669547982506256,True,0.41612858415540066,0.4740611387141854,0.2082655268580991,0.17278280821037956,0.04669547982506256
20261245,15,0.0,16,8,grid,12.0,0.8,False,-1,3,0.1034205300700444,True,0.5543851287984867,0.8203293204435249,0.38233218610805086,0.3315052896936244,0.1034205300700444
20261245,15,0.0,16,32,joint_aware,,0.3543562147008278,False,-1,5,0.08551684921380337,True,0.4011938795592963,0.22688692205094793,0.029448537053386986,0.1359221633349898,0.08551684921380337
20261245,15,0.0,16,32,correlation_blind,,0.3543562147008278,False,-1,5,0.08551684921380337,True,0.4011938795592963,0.22688692205094793,0.029448537053386986,0.1359221633349898,0.08551684921380337
20261245,15,0.0,16,32,delay_blind,,0.4373927810905379,False,-1,3,0.19523503108311896,True,0.44042637785425937,0.25979956096743406,0.03426534715274601,0.14770736381550265,0.19523503108311896
20261245,15,0.0,16,32,mean_only,,1.2931845703348515,True,2174,2,1000000000000.0,True,369.39790060386673,409419.26154903724,2490266.571225848,1809387258.6310167,1000000000000.0
20261245,15,0.0,16,32,worstcase_correlation,,0.06012858486571272,False,-1,33,0.0102751061707863,True,0.034583246082110816,0.018411631819366444,0.02596502045430606,0.02622735308373267,0.0102751061707863
20261245,15,0.0,16,32,grid,0.0,0.005,False,-1,277,0.002343484013227609,True,0.5363197978973853,0.28904621492606225,0.14058465798099712,0.05067308695688209,0.002343484013227609
20261245,15,0.0,16,32,grid,1.0,0.007632145998180043,False,-1,182,0.013490084445646158,True,0.39834440776995145,0.16526413037595988,0.07311792310399179,0.026035825040701944,0.013490084445646158
20261245,15,0.0,16,32,grid,2.0,0.01164993050750713,False,-1,125,0.02443885779253808,True,0.2606048556459613,0.07738728222274754,0.03487821093674468,0.013824129748168658,0.02443885779253808
20261245,15,0.0,16,32,grid,3.0,0.01778279410038923,False,-1,85,0.027439190058555694,True,0.14262388919984698,0.029439051640540885,0.017086772523078945,0.009692047158362496,0.027439190058555694
20261245,15,0.0,16,32,grid,4.0,0.027144176165949066,False,-1,59,0.02273071345428458,True,0.06016134671887115,0.01061723373837864,0.012479056767804914,0.010752249439010958,0.02273071345428458
20261245,15,0.0,16,32,grid,5.0,0.04143366309976846,False,-1,46,0.015125610681513696,True,0.023137440306303814,0.009027386767577826,0.01667821778428553,0.016440533766428136,0.015125610681513696
20261245,15,0.0,16,32,grid,6.0,0.0632455532033676,False,-1,32,0.009863665225108065,True,0.039525377168589906,0.020415422195457236,0.02744950547228442,0.027945752878158453,0.009863665225108065
20261245,15,0.0,16,32,grid,7.0,0.096539859156753,False,-1,27,0.008888125842227597,True,0.10879463037315218,0.044995857136918165,0.03906726877397174,0.045626472268580534,0.008888125842227597
20261245,15,0.0,16,32,grid,8.0,0.1473612599456155,False,-1,19,0.013298315787377557,True,0.20662914826351844,0.08723263910750667,0.046812947033680136,0.06817092831814273,0.013298315787377557
20261245,15,0.0,16,32,grid,9.0,0.2249365300761397,False,-1,6,0.025261809634762676,True,0.3051745145007376,0.1495027739341542,0.0478481864619058,0.10131825091497938,0.025261809634762676
20261245,15,0.0,16,32,grid,10.0,0.3433496875730229,False,-1,5,0.07599029870372168,True,0.3950980907129771,0.22194142733593789,0.030677821623971337,0.13415022956023345,0.07599029870372168
20261245,15,0.0,16,32,grid,11.0,0.524098988797363,False,-1,3,0.3661196258509533,True,0.4800475017531314,0.3166912686790553,0.07639585131807464,0.1612923411389969,0.3661196258509533
20261245,15,0.0,16,32,grid,12.0,0.8,False,-1,3,0.30716670963492837,True,1.6244834012166018,0.9637736518498194,0.3009909906567026,0.8452393766762873,0.30716670963492837
20261245,15,0.0,32,8,joint_aware,,0.48450346515727244,False,-1,3,0.13518536519804814,True,0.1875115616416299,0.3414185781239288,0.06572574930208758,0.1405141030318113,0.13518536519804814
20261245,15,0.0,32,8,correlation_blind,,0.48450346515727244,False,-1,3,0.13518536519804814,True,0.1875115616416299,0.3414185781239288,0.06572574930208758,0.1405141030318113,0.13518536519804814
20261245,15,0.0,32,8,delay_blind,,0.5476125865680102,False,-1,2,0.15433204077681237,True,0.2302709624846387,0.40401754445210897,0.07784384253370064,0.1563327885998499,0.15433204077681237
20261245,15,0.0,32,8,mean_only,,2.1034893587976695,True,1422,1,1000000000000.0,True,75.31139950013086,9237.936494386948,4273770.413121332,1000000000000.0,1000000000000.0
20261245,15,0.0,32,8,worstcase_correlation,,0.061225211651951904,False,-1,25,0.004847798301955873,True,0.010064564014864082,0.010811721664330164,0.002124936650336463,0.01219604056882135,0.004847798301955873
20261245,15,0.0,32,8,grid,0.0,0.005,False,-1,277,0.0006259152638733603,True,0.5360417310640222,0.30293992246499657,0.1312573481291511,0.037551288521370935,0.0006259152638733603
20261245,15,0.0,32,8,grid,1.0,0.007632145998180043,False,-1,182,0.0016512173587920852,True,0.40105209888452087,0.18213387771994693,0.06295002883220965,0.01412801010420097,0.0016512173587920852
20261245,15,0.0,32,8,grid,2.0,0.01164993050750713,False,-1,128,0.004298331063826905,True,0.26858571996091957,0.09312653976536904,0.024299987801432724,0.004881671928011222,0.004298331063826905
20261245,15,0.0,32,8,grid,3.0,0.01778279410038923,False,-1,85,0.004967117634722708,True,0.1568328245600262,0.03852476630060911,0.006822446021448955,0.002981106846908944,0.004967117634722708
20261245,15,0.0,32,8,grid,4.0,0.027144176165949066,False,-1,55,0.004165936819911419,True,0.07637088987184942,0.010919335127923067,0.002059455273761048,0.004175364487026751,0.004165936819911419
20261245,15,0.0,32,8,grid,5.0,0.04143366309976846,False,-1,33,0.003598476151880788,True,0.02783064199771069,0.003449007256141187,0.0017281474810899183,0.007238506450817564,0.003598476151880788
20261245,15,0.0,32,8,grid,6.0,0.0632455532033676,False,-1,25,0.005065576137419771,True,0.009753055168499253,0.011911993453234373,0.002186782971872385,0.012738243050172252,0.005065576137419771
20261245,15,0.0,32,8,grid,7.0,0.096539859156753,False,-1,14,0.01049235215895498,True,0.019687683459731303,0.03201057091533061,0.0038913347225671673,0.022198614459968357,0.01049235215895498
20261245,15,0.0,32,8,grid,8.0,0.1473612599456155,False,-1,7,0.025171738345661186,True,0.04381871309197597,0.06538777034412412,0.009295841595916284,0.037254590201253934,0.025171738345661186
20261245,15,0.0,32,8,grid,9.0,0.2249365300761397,False,-1,5,0.05444886793472978,True,0.07081934488155524,0.1226208417369179,0.02118948943192458,0.06289583836158616,0.05444886793472978
20261245,15,0.0,32,8,grid,10.0,0.3433496875730229,False,-1,3,0.09488627123561626,True,0.11398211936600475,0.2172836869328639,0.03971188274839877,0.1032377811382926,0.09488627123561626
20261245,15,0.0,32,8,grid,11.0,0.524098988797363,False,-1,3,0.14680209910194983,True,0.21360983567404404,0.3802118261577184,0.07348688267619988,0.15021988452754872,0.14680209910194983
20261245,15,0.0,32,8,grid,12.0,0.8,False,-1,2,0.3325529420189417,True,0.47631953351419204,0.6638149776017415,0.07605643034614724,0.2706105106350825,0.3325529420189417
20261245,15,0.0,32,32,joint_aware,,0.2890855861645199,False,-1,3,0.15745501148848956,True,0.23392947393320113,0.2143215844622715,0.10077650622663306,0.15612193991965725,0.15745501148848956
20261245,15,0.0,32,32,correlation_blind,,0.2890855861645199,False,-1,3,0.15745501148848956,True,0.23392947393320113,0.2143215844622715,0.10077650622663306,0.15612193991965725,0.15745501148848956
20261245,15,0.0,32,32,delay_blind,,0.5476125865680102,False,-1,2,166.7774247450001,True,1.9040475949287332,4.251652975398661,5.093979406459274,145.13101802201518,166.7774247450001
20261245,15,0.0,32,32,mean_only,,0.5345835420861842,False,-1,2,33.183026571087865,True,1.7937720766143497,2.795376992805992,1.2604913079481592,10.487937838634005,33.183026571087865
20261245,15,0.0,32,32,worstcase_correlation,,0.056406811991134544,False,-1,26,0.0048733672446286715,True,0.013360357160764846,0.011833192613405985,0.0036948193957653313,0.012974808685053227,0.0048733672446286715
20261245,15,0.0,32,32,grid,0.0,0.005,False,-1,274,0.0005964650179359252,True,0.531457779373401,0.2988418843287265,0.12945312779103452,0.037039444156130634,0.0005964650179359252
20261245,15,0.0,32,32,grid,1.0,0.007632145998180043,False,-1,179,0.0017108176686044258,True,0.3942640411070434,0.1779084295237985,0.06167735499242442,0.01385392863364989,0.0017108176686044258
20261245,15,0.0,32,32,grid,2.0,0.01164993050750713,False,-1,124,0.004352884382473132,True,0.26034950165785936,0.08983974464859702,0.02353373192879002,0.004760540135272129,0.004352884382473132
20261245,15,0.0,32,32,grid,3.0,0.01778279410038923,False,-1,83,0.004965518949730228,True,0.1489407343280053,0.03663523226124925,0.0064772573329604346,0.003040628729559111,0.004965518949730228
20261245,15,0.0,32,32,grid,4.0,0.027144176165949066,False,-1,50,0.004124284381221498,True,0.0702793610826502,0.010280760438178636,0.002155567923135549,0.0045329836546884736,0.004124284381221498
20261245,15,0.0,32,32,grid,5.0,0.04143366309976846,False,-1,32,0.003688612568186406,True,0.02453428870044179,0.004669361289053147,0.0023829148610639206,0.008215012995189577,0.003688612568186406
20261245,15,0.0,32,32,grid,6.0,0.0632455532033676,False,-1,23,0.005827791268599463,True,0.014830769928266218,0.016427552314676915,0.004540198731008,0.015494445131016627,0.005827791268599463
20261245,15,0.0,32,32,grid,7.0,0.096539859156753,False,-1,12,0.01418371251522136,True,0.04574251726623316,0.040909378351606865,0.010139314624263776,0.02971459398552666,0.01418371251522136
20261245,15,0.0,32,32,grid,8.0,0.1473612599456155,False,-1,7,0.042979234011007394,True,0.09705391208007318,0.0778556370185768,0.021706282453247648,0.05063875847009766,0.042979234011007394
20261245,15,0.0,32,32,grid,9.0,0.2249365300761397,False,-1,5,0.11289548016324698,True,0.14953890288615035,0.13253716826377654,0.05479616388222824,0.1016328883512603,0.11289548016324698
20261245,15,0.0,32,32,grid,10.0,0.3433496875730229,False,-1,3,0.20480365052142468,True,0.43642039937145355,0.281657436567315,0.13556607687272096,0.21785612731784684,0.20480365052142468
20261245,15,0.0,32,32,grid,11.0,0.524098988797363,False,-1,2,1.9468304286752796,True,1.705439150587018,1.9469759119083434,0.4743896299884493,4.143688960106065,1.9468304286752796
20261245,15,0.0,32,32,grid,12.0,0.8,True,1914,2,1000000000000.0,True,12.89420147332328,944.9736197001006,620845.4858470894,1000000000000.0,1000000000000.0
20261245,15,0.9,16,8,joint_aware,,0.06793567174124356,False,-1,33,0.9430088124349623,True,0.5188832730554664,0.3679096845622312,0.1616135996190815,0.7524763558033665,0.9430088124349623
20261245,15,0.9,16,8,correlation_blind,,0.4363488632302189,False,-1,71,3.014646905812898,True,4.203244528461172,3.327741710788163,14.0807007445953,6.030755993824923,3.014646905812898
20261245,15,0.9,16,8,delay_blind,,0.0679609250345928,False,-1,33,0.9434904136909673,True,0.5189787808404048,0.3680119801980286,0.16175512591131952,0.752935269299599,0.9434904136909673
20261245,15,0.9,16,8,mean_only,,4.115057114511728,True,21,-1,1000000000000.0,True,1000000000000.0,1000000000000.0,1000000000000.0,1000000000000.0,1000000000000.0
20261245,15,0.9,16,8,worstcase_correlation,,0.062108907189348216,False,-1,33,0.8327035938072122,True,0.49514600554856236,0.34491678903914713,0.13110741537751094,0.6470806943312992,0.8327035938072122
20261245,15,0.9,16,8,grid,0.0,0.005,False,-1,229,0.018580396721391036,True,0.447453816809081,0.30135778734590024,0.1254905079726895,0.0686305941735228,0.018580396721391036
20261245,15,0.9,16,8,grid,1.0,0.007632145998180043,False,-1,136,0.015557832555850304,True,0.3080738393056547,0.21693940749087356,0.058696186988036025,0.04416296302597202,0.015557832555850304
20261245,15,0.9,16,8,grid,2.0,0.01164993050750713,False,-1,79,0.03083385063317559,True,0.20127807691006608,0.18194318086482583,0.024838855589170664,0.03930838863255256,0.03083385063317559
20261245,15,0.9,16,8,grid,3.0,0.01778279410038923,False,-1,59,0.08726296521523297,True,0.1694615442243378,0.19229949585665518,0.01606741139564261,0.05888209724833179,0.08726296521523297
20261245,15,0.9,16,8,grid,4.0,0.027144176165949066,False,-1,41,0.2185192336286418,True,0.2358800731226166,0.22636348404756734,0.025762949448012516,0.12497054237588387,0.2185192336286418
20261245,15,0.9,16,8,grid,5.0,0.04143366309976846,False,-1,37,0.45745609493801304,True,0.36962819328740265,0.27246976916562177,0.05516797150213672,0.29976781787791223,0.45745609493801304
20261245,15,0.9,16,8,grid,6.0,0.0632455532033676,False,-1,33,0.8540864891686986,True,0.5000627428195046,0.3493078875013348,0.13672391239092943,0.6675409863217697,0.8540864891686986
20261245,15,0.9,16,8,grid,7.0,0.096539859156753,False,-1,16,1.4979680205433255,True,0.6017341106783878,0.5005554804470043,0.3726467031033977,1.2695783495565438,1.4979680205433255
20261245,15,0.9,16,8,grid,8.0,0.1473612599456155,False,-1,15,2.430304578933537,True,0.7310039646918286,0.8385621394232161,0.9835031541501408,2.1720288101728187,2.430304578933537
20261245,15,0.9,16,8,grid,9.0,0.2249365300761397,False,-1,15,3.6407143660905095,True,1.389846740535155,1.5662447647128572,2.6935601952767745,3.6815851640305666,3.6407143660905095
20261245,15,0.9,16,8,grid,10.0,0.3433496875730229,False,-1,57,4.510202911985765,True,3.542603501005967,2.7711949899083406,8.123243429450403,5.783661263595477,4.510202911985765
20261245,15,0.9,16,8,grid,11.0,0.524098988797363,False,-1,79,10.658802901421858,True,2.6982435518634107,5.706122700818378,27.31880045919646,11.95441379946136,10.658802901421858
20261245,15,0.9,16,8,grid,12.0,0.8,True,360,-1,1000000000000.0,True,107287834.82071117,1000000000000.0,1000000000000.0,1000000000000.0,1000000000000.0
20261245,15,0.9,16,32,joint_aware,,0.06557341714513457,False,-1,20,0.9212082130537077,True,0.6840785069933946,0.38543339891287604,0.15826476555138674,0.7907049751206902,0.9212082130537077
20261245,15,0.9,16,32,correlation_blind,,0.3543562147008278,False,-1,57,6.244596279551496,True,8.579651805939866,26.35335823971587,9.591880433241666,5.790412270896952,6.244596279551496
20261245,15,0.9,16,32,delay_blind,,0.0679609250345928,False,-1,20,0.9692903680830054,True,0.7024770823494221,0.3975665635627854,0.17326464381502837,0.8407317356707418,0.9692903680830054
20261245,15,0.9,16,32,mean_only,,1.2931845703348515,True,277,-1,1000000000000.0,True,81329190004.83679,1000000000000.0,1000000000000.0,1000000000000.0,1000000000000.0
20261245,15,0.9,16,32,worstcase_correlation,,0.06012858486571272,False,-1,33,0.8134530002843212,True,0.6397732321283405,0.35945094867257243,0.12769833790142968,0.6776901268906782,0.8134530002843212
20261245,15,0.9,16,32,grid,0.0,0.005,False,-1,229,0.018706928858146718,True,0.44466806742456333,0.2988074955295223,0.12361450134452458,0.06783425518512734,0.018706928858146718
20261245,15,0.9,16,32,grid,1.0,0.007632145998180043,False,-1,135,0.015812680048887123,True,0.30454866611895454,0.2147337950000584,0.05675465383860141,0.043428736514951695,0.015812680048887123
20261245,15,0.9,16,32,grid,2.0,0.01164993050750713,False,-1,79,0.03139769683421128,True,0.19953699204103317,0.18185508128529101,0.022854892895828902,0.038575392385010454,0.03139769683421128
20261245,15,0.9,16,32,grid,3.0,0.01778279410038923,False,-1,58,0.08878852875705232,True,0.17705049892030003,0.19628884047449452,0.014441291013681192,0.058423101496706285,0.08878852875705232
20261245,15,0.9,16,32,grid,4.0,0.027144176165949066,False,-1,40,0.22182508193429842,True,0.26877062261842294,0.2345793761747052,0.0253828001714403,0.12787588328732907,0.22182508193429842
20261245,15,0.9,16,32,grid,5.0,0.04143366309976846,False,-1,36,0.4644892631305817,True,0.45265721968765305,0.2846104546095996,0.05620745733590206,0.32145341162839897,0.4644892631305817
20261245,15,0.9,16,32,grid,6.0,0.0632455532033676,False,-1,32,0.874808570303516,True,0.6655568237163065,0.37405058476342845,0.1445861920086953,0.7421611388568096,0.874808570303516
20261245,15,0.9,16,32,grid,7.0,0.096539859156753,False,-1,16,1.5698103448806202,True,0.8810762287635958,0.5951895098994008,0.4305386823795086,1.4362768502190877,1.5698103448806202
20261245,15,0.9,16,32,grid,8.0,0.1473612599456155,False,-1,15,2.5011751472009456,True,1.0220215367444239,1.3948190362987996,1.1881895735241246,2.4327397190567432,2.5011751472009456
20261245,15,0.9,16,32,grid,9.0,0.2249365300761397,False,-1,15,3.3573320404197045,True,1.6038133880915217,4.461086120186482,3.0021781682801376,3.7144427783525096,3.3573320404197045
20261245,15,0.9,16,32,grid,10.0,0.3433496875730229,False,-1,57,5.565918315487263,True,7.320648834994305,22.817041897988425,8.70725548394839,5.509200657622942,5.565918315487263
20261245,15,0.9,16,32,grid,11.0,0.524098988797363,True,3358,-1,1000000000000.0,True,130.46856169351858,141280.20914601604,790627.2922472398,7363281941.968029,1000000000000.0
20261245,15,0.9,16,32,grid,12.0,0.8,True,561,-1,1000000000000.0,True,580.0686382332777,1107496509.5026438,1000000000000.0,1000000000000.0,1000000000000.0
20261245,15,0.9,32,8,joint_aware,,0.06708632967038644,False,-1,32,0.882300539241118,True,0.6501541082778722,0.3902354525531061,0.15105697976228902,0.8054258145770712,0.882300539241118
20261245,15,0.9,32,8,correlation_blind,,0.48450346515727244,False,-1,448,54.63475152851693,True,89.98822962336499,9.193588088859428,21.167576001634522,9.51469772203384,54.63475152851693
20261245,15,0.9,32,8,delay_blind,,0.0681741968826708,False,-1,20,0.9018118962791551,True,0.6575832628268959,0.39568027606761313,0.15741449890870823,0.8274003517370214,0.9018118962791551
20261245,15,0.9,32,8,mean_only,,2.1034893587976695,True,98,-1,1000000000000.0,True,1000000000000.0,1000000000000.0,1000000000000.0,1000000000000.0,1000000000000.0
20261245,15,0.9,32,8,worstcase_correlation,,0.061225211651951904,False,-1,32,0.7781172924105738,True,0.6084559373438889,0.36221399981991015,0.11978054730390073,0.6876595671036669,0.7781172924105738
20261245,15,0.9,32,8,grid,0.0,0.005,False,-1,229,0.01815686793440247,True,0.44632543279775583,0.2999456788865325,0.12403645359621869,0.06749853231504442,0.01815686793440247
20261245,15,0.9,32,8,grid,1.0,0.007632145998180043,False,-1,135,0.014529174924300857,True,0.30738460946697294,0.21598340055430995,0.05711296351050926,0.042279645735219584,0.014529174924300857
20261245,15,0.9,32,8,grid,2.0,0.01164993050750713,False,-1,79,0.02840526741266431,True,0.203306929275581,0.18174812245116873,0.02272835018960262,0.03633545287765228,0.02840526741266431
20261245,15,0.9,32,8,grid,3.0,0.01778279410038923,False,-1,59,0.08246937230457738,True,0.17977012282700328,0.19355356651601968,0.012478934459651172,0.055261557049639656,0.08246937230457738
20261245,15,0.9,32,8,grid,4.0,0.027144176165949066,False,-1,40,0.20992217014634157,True,0.2650562967968078,0.23032551014258903,0.020148684040531908,0.12523124886070391,0.20992217014634157
20261245,15,0.9,32,8,grid,5.0,0.04143366309976846,False,-1,36,0.4394056041734899,True,0.43350224866928505,0.2814646854974989,0.04785726200800805,0.3183535051225394,0.4394056041734899
20261245,15,0.9,32,8,grid,6.0,0.0632455532033676,False,-1,32,0.8138416115130298,True,0.6231770530611693,0.3716315171015603,0.1299993647478362,0.7280933011837307,0.8138416115130298
20261245,15,0.9,32,8,grid,7.0,0.096539859156753,False,-1,16,1.4173038657083576,True,0.829123807386068,0.5739956629918479,0.3836226390664946,1.3940642036277586,1.4173038657083576
20261245,15,0.9,32,8,grid,8.0,0.1473612599456155,False,-1,15,2.201010407227344,True,1.1007279728016175,1.1782592865498112,1.0366410279516323,2.3555348099458078,2.201010407227344
20261245,15,0.9,32,8,grid,9.0,0.2249365300761397,False,-1,15,2.953964429141726,True,2.298638999647136,3.031914969671323,2.697674111408773,3.9211357035646555,2.953964429141726
20261245,15,0.9,32,8,grid,10.0,0.3433496875730229,False,-1,20,4.6818183475226975,True,12.297162719428174,7.700364785773615,9.075172740274969,7.347403564205547,4.6818183475226975
20261245,15,0.9,32,8,grid,11.0,0.524098988797363,False,-1,1066,89.73310328301957,True,154.30845195462948,4.668908879633329,47.24442333563951,964616.7226962812,89.73310328301957
20261245,15,0.9,32,8,grid,12.0,0.8,True,527,-1,1000000000000.0,True,162315315.2669099,118118399802.48668,1000000000000.0,1000000000000.0,1000000000000.0
20261245,15,0.9,32,32,joint_aware,,0.061344496040986844,False,-1,28,0.960784398929482,True,0.9073858436192347,0.4156693664296253,0.11765273307634053,0.8814616849529913,0.960784398929482
20261245,15,0.9,32,32,correlation_blind,,0.2890855861645199,False,-1,56,9.518485070342033,True,4.306272747324568,30.497317973775473,75.3861320289256,11.248888702832069,9.518485070342033
20261245,15,0.9,32,32,delay_blind,,0.0681741968826708,False,-1,20,1.1292386556967375,True,1.030722940361596,0.46358020762844143,0.15510942880540968,1.0730741872030107,1.1292386556967375
20261245,15,0.9,32,32,mean_only,,0.5345835420861842,True,1202,-1,1000000000000.0,True,537.2781279706045,1397089.2792865864,8576675332.538214,1000000000000.0,1000000000000.0
20261245,15,0.9,32,32,worstcase_correlation,,0.056406811991134544,False,-1,32,0.8451405852591075,True,0.8233232676444299,0.3848157725508578,0.09591663983977687,0.7480139402385689,0.8451405852591075
20261245,15,0.9,32,32,grid,0.0,0.005,False,-1,227,0.017956728728956803,True,0.44241955186677623,0.29649855048739465,0.12172656957224064,0.06634254212586482,0.017956728728956803
20261245,15,0.9,32,32,grid,1.0,0.007632145998180043,False,-1,134,0.01436445955931607,True,0.30313512100339773,0.2134140479871674,0.05489453915518184,0.04145249093908597,0.01436445955931607
20261245,15,0.9,32,32,grid,2.0,0.01164993050750713,False,-1,79,0.029337811390722095,True,0.2032627101160201,0.182420841501871,0.020726618741928236,0.03644193052027249,0.029337811390722095
20261245,15,0.9,32,32,grid,3.0,0.01778279410038923,False,-1,58,0.08998721019083811,True,0.19588027608813888,0.2007257118644719,0.011438021471490452,0.058970451673958195,0.08998721019083811
20261245,15,0.9,32,32,grid,4.0,0.027144176165949066,False,-1,40,0.2388663768178708,True,0.3221541382697744,0.2457000714414481,0.021361498471919777,0.14241178445603966,0.2388663768178708
20261245,15,0.9,32,32,grid,5.0,0.04143366309976846,False,-1,35,0.5193149997243015,True,0.5739096375129711,0.3070169967050293,0.04958242726442476,0.3855848539271078,0.5193149997243015
20261245,15,0.9,32,32,grid,6.0,0.0632455532033676,False,-1,20,1.0066336193331415,True,0.9407560999355906,0.4283473685375302,0.12715459531967865,0.9340804938260702,1.0066336193331415
20261245,15,0.9,32,32,grid,7.0,0.096539859156753,False,-1,16,1.9609322551721544,True,1.665689878462727,0.7887432203769633,0.4366342216161721,1.9013862512288966,1.9609322551721544
20261245,15,0.9,32,32,grid,8.0,0.1473612599456155,False,-1,15,4.299473663799365,True,2.807571029028714,2.566249616356233,1.8996316369838249,3.235297741977268,4.299473663799365
20261245,15,0.9,32,32,grid,9.0,0.2249365300761397,False,-1,18,7.984191213167337,True,3.3088483490745637,7.588552839975046,17.225963454494703,7.243676224920076,7.984191213167337
20261245,15,0.9,32,32,grid,10.0,0.3433496875730229,False,-1,701,9.804696780567124,True,6.5328207557007305,85.48896797022066,39.60082178673215,26391.75083803493,9.804696780567124
20261245,15,0.9,32,32,grid,11.0,0.524098988797363,True,1224,-1,1000000000000.0,True,472.7963231549021,685502.8903907109,4284957904.63426,1000000000000.0,1000000000000.0
20261245,15,0.9,32,32,grid,12.0,0.8,True,585,-1,1000000000000.0,True,250763.42708046723,106196035621.67625,1000000000000.0,1000000000000.0,1000000000000.0
20261246,16,0.0,16,8,joint_aware,,0.4363488632302189,False,-1,6,0.42201817945752257,True,0.061923368230417566,0.13089267292515017,0.25899415852491364,0.3997076486322227,0.42201817945752257
20261246,16,0.0,16,8,correlation_blind,,0.4363488632302189,False,-1,6,0.42201817945752257,True,0.061923368230417566,0.13089267292515017,0.25899415852491364,0.3997076486322227,0.42201817945752257
20261246,16,0.0,16,8,delay_blind,,0.4373927810905379,False,-1,6,0.42293371004406355,True,0.06210807469328651,0.13116391431754085,0.25957944600442723,0.4008146525617504,0.42293371004406355
20261246,16,0.0,16,8,mean_only,,4.115057114511728,True,66,-1,1000000000000.0,True,1000000000000.0,1000000000000.0,1000000000000.0,1000000000000.0,1000000000000.0
20261246,16,0.0,16,8,worstcase_correlation,,0.062108907189348216,False,-1,25,0.03561233907349088,True,0.005928337608600126,0.03939841212050511,0.02710337498858321,0.015242795479043263,0.03561233907349088
20261246,16,0.0,16,8,grid,0.0,0.005,False,-1,311,0.005006365119876507,True,0.5696286511139522,0.3081925589938794,0.14402802093181477,0.046276448221040975,0.005006365119876507
20261246,16,0.0,16,8,grid,1.0,0.007632145998180043,False,-1,211,0.0009586953920708624,True,0.4355525789499288,0.18428639784011722,0.07724278181666536,0.018816359400997542,0.0009586953920708624
20261246,16,0.0,16,8,grid,2.0,0.01164993050750713,False,-1,137,0.0004907189201706223,True,0.29697591854902566,0.0955058023338102,0.04050399127134656,0.006735420832198615,0.0004907189201706223
20261246,16,0.0,16,8,grid,3.0,0.01778279410038923,False,-1,95,0.0011650586298095605,True,0.17261086030442258,0.04848916341859291,0.02275815867910093,0.00396744643534163,0.0011650586298095605
20261246,16,0.0,16,8,grid,4.0,0.027144176165949066,False,-1,56,0.004559519972919861,True,0.07942581312755832,0.0337390519462858,0.01618800220726679,0.0047999189780459,0.004559519972919861
20261246,16,0.0,16,8,grid,5.0,0.04143366309976846,False,-1,35,0.014783651300625018,True,0.025402542970858363,0.03414374831555906,0.017908964495215868,0.007687927064987837,0.014783651300625018
20261246,16,0.0,16,8,grid,6.0,0.0632455532033676,False,-1,25,0.036863762861642356,True,0.005607811275912108,0.03973514443706747,0.027715336188354082,0.015780925304544762,0.036863762861642356
20261246,16,0.0,16,8,grid,7.0,0.096539859156753,False,-1,20,0.07571378152587195,True,0.006403413575066115,0.05138750962438737,0.04829557141252355,0.0362707131575125,0.07571378152587195
20261246,16,0.0,16,8,grid,8.0,0.1473612599456155,False,-1,10,0.13685496466477579,True,0.01565667712532419,0.07085555758326317,0.08378529867057495,0.07913691359720253,0.13685496466477579
20261246,16,0.0,16,8,grid,9.0,0.2249365300761397,False,-1,8,0.22274693338897347,True,0.027913777020913196,0.0931279415355214,0.13587109187971966,0.1590466280369655,0.22274693338897347
20261246,16,0.0,16,8,grid,10.0,0.3433496875730229,False,-1,6,0.33837099701626394,True,0.04606803153064232,0.11264938027585245,0.20639612584729156,0.2962950950409238,0.33837099701626394
20261246,16,0.0,16,8,grid,11.0,0.524098988797363,False,-1,4,0.49797406203408195,True,0.0778643014757551,0.1607133024423844,0.30741184374287034,0.48860838019652664,0.49797406203408195
20261246,16,0.0,16,8,grid,12.0,0.8,False,-1,3,0.7362057052255604,True,0.14072885479489022,0.3435715525794768,0.43731080839598624,0.7267260787804729,0.7362057052255604
20261246,16,0.0,16,32,joint_aware,,0.3543562147008278,False,-1,6,0.4732789749403732,True,0.10374084947138976,0.11286392866246672,0.3516489601018852,0.5036799121855026,0.4732789749403732
20261246,16,0.0,16,32,correlation_blind,,0.3543562147008278,False,-1,6,0.4732789749403732,True,0.10374084947138976,0.11286392866246672,0.3516489601018852,0.5036799121855026,0.4732789749403732
20261246,16,0.0,16,32,delay_blind,,0.4373927810905379,False,-1,5,0.5886226962694532,True,0.13679401613088693,0.13415946017939703,0.41591128727666915,0.7361139738458318,0.5886226962694532
20261246,16,0.0,16,32,mean_only,,1.2931845703348515,True,2662,7,1000000000000.0,True,1180.041171524767,1946.209322530174,11558349.033536851,33920968.10186467,1000000000000.0
20261246,16,0.0,16,32,worstcase_correlation,,0.06012858486571272,False,-1,25,0.03584584426846983,True,0.006480043771183289,0.03960108459462024,0.02953722037669348,0.01659068149471106,0.03584584426846983
20261246,16,0.0,16,32,grid,0.0,0.005,False,-1,311,0.004973349593949703,True,0.5678865230785931,0.30649711879474034,0.14318491569980313,0.04604056960258349,0.004973349593949703
20261246,16,0.0,16,32,grid,1.0,0.007632145998180043,False,-1,210,0.0009621881769448354,True,0.43283173944081765,0.1825348648514821,0.07665868494426545,0.01865937017693203,0.0009621881769448354
20261246,16,0.0,16,32,grid,2.0,0.01164993050750713,False,-1,134,0.0005085393111329171,True,0.2933478532538322,0.0943228300729657,0.0402334083003075,0.0066739970146384294,0.0005085393111329171
20261246,16,0.0,16,32,grid,3.0,0.01778279410038923,False,-1,94,0.001195863125470052,True,0.16859957490551505,0.04838634199684656,0.022715227805193274,0.004038453072345878,0.001195863125470052
20261246,16,0.0,16,32,grid,4.0,0.027144176165949066,False,-1,55,0.004698745090108317,True,0.07591033272818712,0.03462622715045215,0.01646578037731569,0.005058290391597247,0.004698745090108317
20261246,16,0.0,16,32,grid,5.0,0.04143366309976846,False,-1,34,0.015485159508376443,True,0.023379256512783858,0.03523674143154006,0.019132115135428535,0.008466009433492683,0.015485159508376443
20261246,16,0.0,16,32,grid,6.0,0.0632455532033676,False,-1,23,0.03967978771049903,True,0.005777292487592603,0.040472632292105265,0.0316968387226212,0.018388044031267484,0.03967978771049903
20261246,16,0.0,16,32,grid,7.0,0.096539859156753,False,-1,18,0.08605193051915652,True,0.009459074966783197,0.0522539755363511,0.05988581608677151,0.04448490135511203,0.08605193051915652
20261246,16,0.0,16,32,grid,8.0,0.1473612599456155,False,-1,10,0.1652718521313722,True,0.022433165304041065,0.07316922328962605,0.11426537066880209,0.10057970586298594,0.1652718521313722
20261246,16,0.0,16,32,grid,9.0,0.2249365300761397,False,-1,8,0.27856446994045236,True,0.041113720991779575,0.09583102040619865,0.2091420066046532,0.21452762444339848,0.27856446994045236
20261246,16,0.0,16,32,grid,10.0,0.3433496875730229,False,-1,6,0.4560900977298812,True,0.09774410396974101,0.11116634496506433,0.3418542346997758,0.47540145066867096,0.4560900977298812
20261246,16,0.0,16,32,grid,11.0,0.524098988797363,False,-1,4,0.6392676362849595,True,0.18203662888805894,0.17464355813113308,0.498981413360972,1.0332710521492114,0.6392676362849595
20261246,16,0.0,16,32,grid,12.0,0.8,False,-1,4,0.5623714217136806,True,0.6554845400121474,0.5752063184749368,1.094526819449826,1.3369261802382546,0.5623714217136806
20261246,16,0.0,32,8,joint_aware,,0.48450346515727244,False,-1,7,0.2609715277852725,True,0.07169421561577581,0.13102446255351202,0.05106913970923901,0.2671741560933628,0.2609715277852725
20261246,16,0.0,32,8,correlation_blind,,0.48450346515727244,False,-1,7,0.2609715277852725,True,0.07169421561577581,0.13102446255351202,0.05106913970923901,0.2671741560933628,0.2609715277852725
20261246,16,0.0,32,8,delay_blind,,0.5476125865680102,False,-1,7,0.29898844151745524,True,0.08753978208148655,0.14222599837492905,0.05051797917232313,0.3243323995133656,0.29898844151745524
20261246,16,0.0,32,8,mean_only,,2.1034893587976695,True,1367,-1,1000000000000.0,True,9360.69474011288,4738544.920037145,1211581571.6292467,1000000000000.0,1000000000000.0
20261246,16,0.0,32,8,worstcase_correlation,,0.061225211651951904,False,-1,22,0.013756456027733701,True,0.010350878677502761,0.016369468959223258,0.015248458434342393,0.013055904164489256,0.013756456027733701
20261246,16,0.0,32,8,grid,0.0,0.005,False,-1,293,0.0090229080089816,True,0.5442522930123198,0.31457444576743354,0.1445745673489035,0.04414012797736927,0.0090229080089816
20261246,16,0.0,32,8,grid,1.0,0.007632145998180043,False,-1,194,0.003619450333791503,True,0.4080779031764684,0.19481367573097264,0.07453255505447301,0.016352119071787935,0.003619450333791503
20261246,16,0.0,32,8,grid,2.0,0.01164993050750713,False,-1,128,0.0026668949642887937,True,0.2720764106674514,0.10657135237209442,0.0343524750716266,0.004818279473127393,0.0026668949642887937
20261246,16,0.0,32,8,grid,3.0,0.01778279410038923,False,-1,90,0.0032527606913850663,True,0.15581349365945574,0.05370247256635801,0.015044636959727551,0.002566263521612617,0.0032527606913850663
20261246,16,0.0,32,8,grid,4.0,0.027144176165949066,False,-1,54,0.004753280049962889,True,0.07374879466580254,0.02826180047517891,0.008225826721586036,0.003817465061344762,0.004753280049962889
20261246,16,0.0,32,8,grid,5.0,0.04143366309976846,False,-1,35,0.007844799897305724,True,0.02823180829969783,0.01833305945238314,0.008864080505009175,0.0068523867641436705,0.007844799897305724
20261246,16,0.0,32,8,grid,6.0,0.0632455532033676,False,-1,21,0.01445714828905178,True,0.009556852132296251,0.01645630106221163,0.016060416692208083,0.013827963446247335,0.01445714828905178
20261246,16,0.0,32,8,grid,7.0,0.096539859156753,False,-1,16,0.028068522274371455,True,0.0050374534982952236,0.02151514032071598,0.0307138930321005,0.029230592002002693,0.028068522274371455
20261246,16,0.0,32,8,grid,8.0,0.1473612599456155,False,-1,10,0.05324098170641623,True,0.006970942128593413,0.03500198516437361,0.050036718341896866,0.05663899347663818,0.05324098170641623
20261246,16,0.0,32,8,grid,9.0,0.2249365300761397,False,-1,8,0.0968935895950898,True,0.014024193337372119,0.05874010918422386,0.06344787083443963,0.09893401420795138,0.0968935895950898
20261246,16,0.0,32,8,grid,10.0,0.3433496875730229,False,-1,7,0.1719474934140216,True,0.036150837039572295,0.09729716646987874,0.059969746257568665,0.16853049549027194,0.1719474934140216
20261246,16,0.0,32,8,grid,11.0,0.524098988797363,False,-1,7,0.2849013699001073,True,0.08162624309347633,0.1380444730785818,0.05041610476294084,0.3016080089534661,0.2849013699001073
20261246,16,0.0,32,8,grid,12.0,0.8,False,-1,9,0.4531214259763367,True,0.17696651994448734,0.23365576084230327,0.06651490607583214,0.6894903651365877,0.4531214259763367
20261246,16,0.0,32,32,joint_aware,,0.2890855861645199,False,-1,7,0.19042388612671285,True,0.03284487365732778,0.1706462745280622,0.2689795895053351,0.3152746431503042,0.19042388612671285
20261246,16,0.0,32,32,correlation_blind,,0.2890855861645199,False,-1,7,0.19042388612671285,True,0.03284487365732778,0.1706462745280622,0.2689795895053351,0.3152746431503042,0.19042388612671285
20261246,16,0.0,32,32,delay_blind,,0.5476125865680102,False,-1,26,5132.294183884193,True,1.082736384267149,4.1476964518045,4.068998284769231,169.55224468310752,5132.294183884193
20261246,16,0.0,32,32,mean_only,,0.5345835420861842,False,-1,26,708.1922627740917,True,1.1994103242620318,3.692001558712587,1.4343425672683217,61.03276271091244,708.1922627740917
20261246,16,0.0,32,32,worstcase_correlation,,0.056406811991134544,False,-1,22,0.014561385174607606,True,0.012906205651456948,0.017264059707921876,0.015395215291343965,0.014509679458931845,0.014561385174607606
20261246,16,0.0,32,32,grid,0.0,0.005,False,-1,288,0.008916113962547266,True,0.5398054672962841,0.31049583938187264,0.14253833056607415,0.04347966625966898,0.008916113962547266
20261246,16,0.0,32,32,grid,1.0,0.007632145998180043,False,-1,191,0.0035955500827466458,True,0.4013862686573127,0.19055647457714064,0.07297027489537894,0.01590812022142957,0.0035955500827466458
20261246,16,0.0,32,32,grid,2.0,0.01164993050750713,False,-1,126,0.0026998492036231954,True,0.26374699470734886,0.10321241102746603,0.03337093003837131,0.004615833008354114,0.0026998492036231954
20261246,16,0.0,32,32,grid,3.0,0.01778279410038923,False,-1,88,0.0033409126103222282,True,0.1476319960660549,0.05192724810702346,0.014497838643756525,0.002587016816084477,0.0033409126103222282
20261246,16,0.0,32,32,grid,4.0,0.027144176165949066,False,-1,53,0.004995713918680322,True,0.06783874613695794,0.028014614246773224,0.00805086742578598,0.003992324000489586,0.004995713918680322
20261246,16,0.0,32,32,grid,5.0,0.04143366309976846,False,-1,33,0.0087099428343109,True,0.026009022696050328,0.018837600879689973,0.00946045629019025,0.0077481684004194135,0.0087099428343109
20261246,16,0.0,32,32,grid,6.0,0.0632455532033676,False,-1,20,0.018056603354669208,True,0.010312142257699055,0.01785207561338133,0.018913441643549397,0.01866087525528485,0.018056603354669208
20261246,16,0.0,32,32,grid,7.0,0.096539859156753,False,-1,13,0.04377283127573853,True,0.007953435023498287,0.029883890724057255,0.03985318266448177,0.04613174733093318,0.04377283127573853
20261246,16,0.0,32,32,grid,8.0,0.1473612599456155,False,-1,10,0.10605052512093421,True,0.017038667866032163,0.0784522257287723,0.07736696573976864,0.09866463921813966,0.10605052512093421
20261246,16,0.0,32,32,grid,9.0,0.2249365300761397,False,-1,8,0.17884500833717917,True,0.026304487118544207,0.17024077615989527,0.1609874008746511,0.18387299744321314,0.17884500833717917
20261246,16,0.0,32,32,grid,10.0,0.3433496875730229,False,-1,7,0.18611066957901748,True,0.01083568193660812,0.34245751179754697,0.37899405553523136,0.3804176628655701,0.18611066957901748
20261246,16,0.0,32,32,grid,11.0,0.524098988797363,False,-1,26,2195.5395664572084,True,1.2804352600974211,3.197889172345424,1.4988133519146187,16.76301709907079,2195.5395664572084
20261246,16,0.0,32,32,grid,12.0,0.8,True,1988,23,1000000000000.0,True,11.947015729210772,1451.5224549879792,294945.8122624806,1000000000000.0,1000000000000.0
20261246,16,0.9,16,8,joint_aware,,0.06793567174124356,False,-1,79,0.18047595438293723,True,0.4506961004206208,0.3249036576063187,0.14580329696128036,0.0852997569459192,0.18047595438293723
20261246,16,0.9,16,8,correlation_blind,,0.4363488632302189,False,-1,230,12.775975378330973,True,3.3740756832290857,4.638963139598332,6.863613698851221,11.603708990330572,12.775975378330973
20261246,16,0.9,16,8,delay_blind,,0.0679609250345928,False,-1,79,0.18060189376184632,True,0.45087405969046807,0.324989901292053,0.14585930697131017,0.08537577227998247,0.18060189376184632
20261246,16,0.9,16,8,mean_only,,4.115057114511728,True,42,-1,1000000000000.0,True,1000000000000.0,1000000000000.0,1000000000000.0,1000000000000.0,1000000000000.0
20261246,16,0.9,16,8,worstcase_correlation,,0.062108907189348216,False,-1,79,0.1531786777914884,True,0.4090623246617614,0.3042749125342613,0.13365823575903674,0.06848159665972421,0.1531786777914884
20261246,16,0.9,16,8,grid,0.0,0.005,False,-1,295,0.030241358813785053,True,0.5870175684640032,0.4049347839766576,0.19888860321099136,0.06880015976857495,0.030241358813785053
20261246,16,0.9,16,8,grid,1.0,0.007632145998180043,False,-1,219,0.022928124817126604,True,0.46220477559419015,0.29457324444837507,0.14850019417192659,0.03194005623511566,0.022928124817126604
20261246,16,0.9,16,8,grid,2.0,0.01164993050750713,False,-1,178,0.030275203536099075,True,0.3367096931211437,0.20984468293340156,0.12449209887677809,0.010639866699895957,0.030275203536099075
20261246,16,0.9,16,8,grid,3.0,0.01778279410038923,False,-1,122,0.045525321836541593,True,0.2358271510688821,0.16638163854400395,0.11428393341636162,0.001738808289938765,0.045525321836541593
20261246,16,0.9,16,8,grid,4.0,0.027144176165949066,False,-1,86,0.060995559425711034,True,0.19778731080806156,0.17264989124034436,0.10661149240922897,0.004554482145966766,0.060995559425711034
20261246,16,0.9,16,8,grid,5.0,0.04143366309976846,False,-1,79,0.08519842623181302,True,0.2597042090942101,0.22351070240643675,0.10643857575393709,0.022768709489568245,0.08519842623181302
20261246,16,0.9,16,8,grid,6.0,0.0632455532033676,False,-1,79,0.15822649412109818,True,0.4172708587023692,0.3084072536805127,0.1359007885347464,0.07164365743953156,0.15822649412109818
20261246,16,0.9,16,8,grid,7.0,0.096539859156753,False,-1,78,0.3633187477288876,True,0.6409107023071114,0.40084178457433395,0.22378209447595473,0.1812825612363525,0.3633187477288876
20261246,16,0.9,16,8,grid,8.0,0.1473612599456155,False,-1,78,0.8654201337983787,True,0.9659078094026667,0.4430693961569129,0.40749587333091064,0.3371224166628253,0.8654201337983787
20261246,16,0.9,16,8,grid,9.0,0.2249365300761397,False,-1,85,1.9802803753487588,True,1.5366953487411306,0.5443125324878993,0.7668866171856724,0.4002406864873684,1.9802803753487588
20261246,16,0.9,16,8,grid,10.0,0.3433496875730229,False,-1,231,4.81757882111212,True,2.632995751711139,1.4577809385434612,2.640536517663638,1.515745155178276,4.81757882111212
20261246,16,0.9,16,8,grid,11.0,0.524098988797363,False,-1,271,100.74556278100555,True,4.953393983554561,14.882265267592638,8.75039665542582,24.16145864246074,100.74556278100555
20261246,16,0.9,16,8,grid,12.0,0.8,True,413,-1,1000000000000.0,True,781930172.0696614,1000000000000.0,1000000000000.0,1000000000000.0,1000000000000.0
20261246,16,0.9,16,32,joint_aware,,0.06557341714513457,False,-1,79,0.18818956792283845,True,0.46719873614716834,0.33552906447211883,0.1063517174009545,0.11157451691755241,0.18818956792283845
20261246,16,0.9,16,32,correlation_blind,,0.3543562147008278,False,-1,263,9.190779445714846,True,1.8432828757237658,3.647273613341904,5.516903890708378,21.922439727803916,9.190779445714846
20261246,16,0.9,16,32,delay_blind,,0.0679609250345928,False,-1,79,0.20354279543649084,True,0.48599661624476564,0.34640287245808954,0.10932870990691837,0.1227257625110271,0.20354279543649084
20261246,16,0.9,16,32,mean_only,,1.2931845703348515,True,326,-1,1000000000000.0,True,1473805669.2526646,1000000000000.0,1000000000000.0,1000000000000.0,1000000000000.0
20261246,16,0.9,16,32,worstcase_correlation,,0.06012858486571272,False,-1,79,0.15663147521585316,True,0.4229790955451749,0.3100330768952957,0.10047454123502945,0.08819331438730156,0.15663147521585316
20261246,16,0.9,16,32,grid,0.0,0.005,False,-1,294,0.029992425594029426,True,0.5841937790220397,0.40155643753590226,0.19689079520794175,0.06795010401030936,0.029992425594029426
20261246,16,0.9,16,32,grid,1.0,0.007632145998180043,False,-1,219,0.02257648760789695,True,0.4573874617910667,0.28959874211747516,0.14656055522819156,0.03133363362652049,0.02257648760789695
20261246,16,0.9,16,32,grid,2.0,0.01164993050750713,False,-1,177,0.02954582849414734,True,0.32919377193461574,0.2031207430692257,0.12262871499347586,0.010489626436453271,0.02954582849414734
20261246,16,0.9,16,32,grid,3.0,0.01778279410038923,False,-1,121,0.04375225483039134,True,0.22571617199535163,0.15859630050024587,0.11163746370764942,0.002464386750106718,0.04375225483039134
20261246,16,0.9,16,32,grid,4.0,0.027144176165949066,False,-1,86,0.05772756349215836,True,0.18942720371152622,0.16575075390685898,0.10057207661992139,0.007182621236139629,0.05772756349215836
20261246,16,0.9,16,32,grid,5.0,0.04143366309976846,False,-1,79,0.08338358481931744,True,0.26580241696719853,0.22170521961292608,0.09188936652041724,0.030541830244440033,0.08338358481931744
20261246,16,0.9,16,32,grid,6.0,0.0632455532033676,False,-1,79,0.17411283913384318,True,0.4485162823232369,0.3247274228703082,0.10368069216472557,0.10122327464917157,0.17411283913384318
20261246,16,0.9,16,32,grid,7.0,0.096539859156753,False,-1,79,0.4634707605701193,True,0.6844627674450621,0.4446736837364301,0.16458106144596463,0.29369526357023085,0.4634707605701193
20261246,16,0.9,16,32,grid,8.0,0.1473612599456155,False,-1,96,1.3139797801434008,True,0.9323040901915116,0.4170294970872156,0.4144689402081104,0.8143645467997429,1.3139797801434008
20261246,16,0.9,16,32,grid,9.0,0.2249365300761397,False,-1,135,3.4629838718868795,True,1.0715776374272328,0.35761966369901343,1.6826096346695454,3.2918472998967547,3.4629838718868795
20261246,16,0.9,16,32,grid,10.0,0.3433496875730229,False,-1,135,8.618906872530811,True,1.6918084720860846,2.6526504676964877,5.188373158765628,19.094770445037128,8.618906872530811
20261246,16,0.9,16,32,grid,11.0,0.524098988797363,False,-1,301,9.864141850095605,True,9.951122012347012,4.021801240130902,11432.139906283943,18605.049412586835,9.864141850095605
20261246,16,0.9,16,32,grid,12.0,0.8,True,701,-1,1000000000000.0,True,6141.153392648734,811899840.6842186,1000000000000.0,1000000000000.0,1000000000000.0
20261246,16,0.9,32,8,joint_aware,,0.06708632967038644,False,-1,79,0.18173362078332306,True,0.46861067041555,0.3528448861375891,0.10749471153269072,0.07165826227003542,0.18173362078332306
20261246,16,0.9,32,8,correlation_blind,,0.48450346515727244,False,-1,3388,12.901729812528341,True,6.200109496526391,3.8403196385815583,335.293784541679,33.494959394702136,12.901729812528341
20261246,16,0.9,32,8,delay_blind,,0.0681741968826708,False,-1,79,0.18771074487278142,True,0.47666838841605885,0.3573208864039512,0.1088430507302902,0.07492921569556499,0.18771074487278142
20261246,16,0.9,32,8,mean_only,,2.1034893587976695,True,99,-1,1000000000000.0,True,1000000000000.0,1000000000000.0,1000000000000.0,1000000000000.0,1000000000000.0
20261246,16,0.9,32,8,worstcase_correlation,,0.061225211651951904,False,-1,79,0.1519882063372253,True,0.4238398272598619,0.32773761563168713,0.1010802825059148,0.0554516552218173,0.1519882063372253
20261246,16,0.9,32,8,grid,0.0,0.005,False,-1,294,0.028466120364171787,True,0.583989126380115,0.40255071715627744,0.19774308350779618,0.06616469597396443,0.028466120364171787
20261246,16,0.9,32,8,grid,1.0,0.007632145998180043,False,-1,219,0.02156063090509941,True,0.457394097354346,0.29183802911315965,0.14871200217000674,0.029486140214009835,0.02156063090509941
20261246,16,0.9,32,8,grid,2.0,0.01164993050750713,False,-1,178,0.028735063425129728,True,0.32961958633158406,0.20760895128023288,0.12608343512627218,0.009065282074000546,0.028735063425129728
20261246,16,0.9,32,8,grid,3.0,0.01778279410038923,False,-1,122,0.043395824535326664,True,0.22701618298259313,0.1663941825935715,0.11537949216675338,0.0012889692061820671,0.043395824535326664
20261246,16,0.9,32,8,grid,4.0,0.027144176165949066,False,-1,86,0.058114706995163246,True,0.19138978992410113,0.1774627214435306,0.10312478831110633,0.004008297010140308,0.058114706995163246
20261246,16,0.9,32,8,grid,5.0,0.04143366309976846,False,-1,79,0.08255066295585842,True,0.26498704519469857,0.2365963622511207,0.09264141611200781,0.018236672921824508,0.08255066295585842
20261246,16,0.9,32,8,grid,6.0,0.0632455532033676,False,-1,79,0.1617710753278097,True,0.4395238197781724,0.3365650884421619,0.10312432996146381,0.06076463349198018,0.1617710753278097
20261246,16,0.9,32,8,grid,7.0,0.096539859156753,False,-1,79,0.392459625915262,True,0.6597871446096412,0.44384650437258133,0.15999733950942482,0.1853975652627411,0.392459625915262
20261246,16,0.9,32,8,grid,8.0,0.1473612599456155,False,-1,79,0.9675760695683484,True,0.8839786687727397,0.44645425293631325,0.34582836763429925,0.494677249200538,0.9675760695683484
20261246,16,0.9,32,8,grid,9.0,0.2249365300761397,False,-1,105,2.077656388482823,True,1.0696113707126875,0.444311821778914,0.9298306787763406,1.5974603660496707,2.077656388482823
20261246,16,0.9,32,8,grid,10.0,0.3433496875730229,False,-1,105,3.513683940829492,True,2.0463167799597852,1.0117803944281618,2.57682823584768,8.522578026575642,3.513683940829492
20261246,16,0.9,32,8,grid,11.0,0.524098988797363,False,-1,-1,40.891290837839286,True,5.188037733705528,6.923586143184563,1329.922051243298,36.21145744813042,40.891290837839286
20261246,16,0.9,32,8,grid,12.0,0.8,True,797,-1,1000000000000.0,True,6696.557634830612,113611605.20541346,1000000000000.0,1000000000000.0,1000000000000.0
20261246,16,0.9,32,32,joint_aware,,0.061344496040986844,False,-1,79,0.16904153218257004,True,0.4698410712353053,0.4486585155046273,0.09530629184440507,0.07243789526040315,0.16904153218257004
20261246,16,0.9,32,32,correlation_blind,,0.2890855861645199,False,-1,138,7.499734477469217,True,8.38147658488526,2.0872052685406537,13.53101172223169,12.308941317820176,7.499734477469217
20261246,16,0.9,32,32,delay_blind,,0.0681741968826708,False,-1,79,0.2143957745967681,True,0.5276969613593134,0.5314680797753514,0.1000535344083601,0.09530590587674567,0.2143957745967681
20261246,16,0.9,32,32,mean_only,,0.5345835420861842,True,1594,-1,1000000000000.0,True,264.2177651354291,3317.122635048557,41766794.86851927,1000000000000.0,1000000000000.0
20261246,16,0.9,32,32,worstcase_correlation,,0.056406811991134544,False,-1,79,0.14125197287766417,True,0.4260806647273676,0.39532487208444483,0.09212270015157892,0.057845662224992246,0.14125197287766417
20261246,16,0.9,32,32,grid,0.0,0.005,False,-1,290,0.028176096078072296,True,0.579228269290844,0.39754715703742344,0.19408083102267548,0.06473077875764587,0.028176096078072296
20261246,16,0.9,32,32,grid,1.0,0.007632145998180043,False,-1,219,0.021313420907797913,True,0.44986062599844456,0.2853204241732134,0.1446821064549704,0.028168341750772347,0.021313420907797913
20261246,16,0.9,32,32,grid,2.0,0.01164993050750713,False,-1,176,0.028458919099028982,True,0.31918963728543714,0.20006777330628725,0.12171640618637673,0.008230510653528126,0.028458919099028982
20261246,16,0.9,32,32,grid,3.0,0.01778279410038923,False,-1,121,0.04253151104536467,True,0.21535593219380075,0.16027400523521923,0.11083203255426648,0.001622604380689323,0.04253151104536467
20261246,16,0.9,32,32,grid,4.0,0.027144176165949066,False,-1,86,0.055961028069725346,True,0.18668742479661252,0.1793021227856863,0.09842945258455198,0.007406107680820611,0.055961028069725346
20261246,16,0.9,32,32,grid,5.0,0.04143366309976846,False,-1,79,0.08228305027347181,True,0.28481311261888304,0.26467169012340774,0.08810344550514584,0.02605198188052576,0.08228305027347181
20261246,16,0.9,32,32,grid,6.0,0.0632455532033676,False,-1,79,0.18085896183660358,True,0.48620377162174044,0.47064690068743564,0.0966184351830203,0.07853426114353648,0.18085896183660358
20261246,16,0.9,32,32,grid,7.0,0.096539859156753,False,-1,79,0.4961023799607415,True,0.7920965555446386,0.9812269858909595,0.11152313478209915,0.19642347230550145,0.4961023799607415
20261246,16,0.9,32,32,grid,8.0,0.1473612599456155,False,-1,96,1.5475752954657491,True,2.169555188737655,1.98829760368203,0.1258497816917712,0.414881949335973,1.5475752954657491
20261246,16,0.9,32,32,grid,9.0,0.2249365300761397,False,-1,137,4.6440424295815905,True,6.945907983447706,2.016317839520488,0.6561438423231295,1.9160184643879645,4.6440424295815905
20261246,16,0.9,32,32,grid,10.0,0.3433496875730229,False,-1,566,18.047615783194182,True,4.404836281022082,4.393900089562245,273.184329954714,1149.3987447247896,18.047615783194182
20261246,16,0.9,32,32,grid,11.0,0.524098988797363,True,1647,-1,1000000000000.0,True,212.12782315699803,4253.180429463801,34578448.571967065,1000000000000.0,1000000000000.0
20261246,16,0.9,32,32,grid,12.0,0.8,True,816,-1,1000000000000.0,True,895.4597109982585,522079.79936361755,1000000000000.0,1000000000000.0,1000000000000.0
20261247,17,0.0,16,8,joint_aware,,0.4363488632302189,False,-1,10,0.10933651106823343,True,0.17802199161601281,0.017023829456351267,0.0960526685170467,0.20486353822195802,0.10933651106823343
20261247,17,0.0,16,8,correlation_blind,,0.4363488632302189,False,-1,10,0.10933651106823343,True,0.17802199161601281,0.017023829456351267,0.0960526685170467,0.20486353822195802,0.10933651106823343
20261247,17,0.0,16,8,delay_blind,,0.4373927810905379,False,-1,10,0.10947633931051438,True,0.17893667347162423,0.017230077623399245,0.09644721521852513,0.20528984157729224,0.10947633931051438
20261247,17,0.0,16,8,mean_only,,4.115057114511728,True,98,-1,1000000000000.0,True,1000000000000.0,1000000000000.0,1000000000000.0,1000000000000.0,1000000000000.0
20261247,17,0.0,16,8,worstcase_correlation,,0.062108907189348216,False,-1,23,0.004881663223349118,True,0.06842231104213016,0.007720982348191242,0.014714755621008593,0.006901720862136683,0.004881663223349118
20261247,17,0.0,16,8,grid,0.0,0.005,False,-1,314,0.004221586471610214,True,0.5668156452006554,0.35329076933836906,0.14304737040780052,0.04761784889842525,0.004221586471610214
20261247,17,0.0,16,8,grid,1.0,0.007632145998180043,False,-1,192,0.000303586642384245,True,0.4438273657150279,0.23468419436570237,0.07225294438924075,0.024397958346354144,0.000303586642384245
20261247,17,0.0,16,8,grid,2.0,0.01164993050750713,False,-1,120,0.0013091756886748059,True,0.32376655484679184,0.14027464443342072,0.032993019168693974,0.013327023466385651,0.0013091756886748059
20261247,17,0.0,16,8,grid,3.0,0.01778279410038923,False,-1,85,0.0033723868119573024,True,0.22169968697411166,0.07422209525618201,0.016279859900101872,0.008460991894030444,0.0033723868119573024
20261247,17,0.0,16,8,grid,4.0,0.027144176165949066,False,-1,57,0.004930048247127429,True,0.14611222327796072,0.03386480004705946,0.012202266846349842,0.0064849964584522265,0.004930048247127429
20261247,17,0.0,16,8,grid,5.0,0.04143366309976846,False,-1,35,0.005173544665190119,True,0.09660267224261546,0.013925732702426722,0.013401146064449834,0.005797516472335726,0.005173544665190119
20261247,17,0.0,16,8,grid,6.0,0.0632455532033676,False,-1,23,0.004896940786508983,True,0.0675198102913753,0.00763775050428662,0.01473005496199877,0.007029593193838096,0.004896940786508983
20261247,17,0.0,16,8,grid,7.0,0.096539859156753,False,-1,15,0.007883965777637739,True,0.053658107369659196,0.008363166565888579,0.014202099963867143,0.013887974937450163,0.007883965777637739
20261247,17,0.0,16,8,grid,8.0,0.1473612599456155,False,-1,11,0.02130993012137664,True,0.051087346573773756,0.010223038086846752,0.01621505868981571,0.03544681135907704,0.02130993012137664
20261247,17,0.0,16,8,grid,9.0,0.2249365300761397,False,-1,10,0.0506213025487624,True,0.062091828791844335,0.007940347810984207,0.029366566122543302,0.08445059772517023,0.0506213025487624
20261247,17,0.0,16,8,grid,10.0,0.3433496875730229,False,-1,10,0.09062852697640503,True,0.10970420956421659,0.006297344954059979,0.06301582757353852,0.16000205691343952,0.09062852697640503
20261247,17,0.0,16,8,grid,11.0,0.524098988797363,False,-1,10,0.11668111013789012,True,0.26446109605477536,0.04244398488102145,0.13102252649534096,0.23606379455765622,0.11668111013789012
20261247,17,0.0,16,8,grid,12.0,0.8,False,-1,10,0.13382709641589366,True,0.6006257655636119,0.25475842651971814,0.28496957727430816,0.3241770042615067,0.13382709641589366
20261247,17,0.0,16,32,joint_aware,,0.3543562147008278,False,-1,19,0.30913237846015307,True,0.10406398169948644,0.021596822816504553,0.14730291148871816,0.6150538792403543,0.30913237846015307
20261247,17,0.0,16,32,correlation_blind,,0.3543562147008278,False,-1,19,0.30913237846015307,True,0.10406398169948644,0.021596822816504553,0.14730291148871816,0.6150538792403543,0.30913237846015307
20261247,17,0.0,16,32,delay_blind,,0.4373927810905379,False,-1,19,0.5774577180564914,True,0.1959726622216114,0.03214097799654515,0.2639166725518982,1.0497202010073876,0.5774577180564914
20261247,17,0.0,16,32,mean_only,,1.2931845703348515,True,2054,393,1000000000000.0,True,41.22659071637012,10.14152364499299,420.9494613977284,32829173628.385536,1000000000000.0
20261247,17,0.0,16,32,worstcase_correlation,,0.06012858486571272,False,-1,23,0.004485004825359186,True,0.06812055346008164,0.008255952925958389,0.01427939656139892,0.007066740876767254,0.004485004825359186
20261247,17,0.0,16,32,grid,0.0,0.005,False,-1,310,0.004166592448657312,True,0.56498337276295,0.35169105915630516,0.14204805440435517,0.04732980979923553,0.004166592448657312
20261247,17,0.0,16,32,grid,1.0,0.007632145998180043,False,-1,191,0.0002966518115383414,True,0.4411222292514533,0.23287524336106924,0.07141246921862128,0.02419692927939464,0.0002966518115383414
20261247,17,0.0,16,32,grid,2.0,0.01164993050750713,False,-1,117,0.00132674568791358,True,0.3204015630225523,0.13854350429649084,0.03242715031605303,0.013133256495683757,0.00132674568791358
20261247,17,0.0,16,32,grid,3.0,0.01778279410038923,False,-1,84,0.003377891090784783,True,0.21817805618656144,0.07278801759752372,0.01599086514981535,0.00821993839803729,0.003377891090784783
20261247,17,0.0,16,32,grid,4.0,0.027144176165949066,False,-1,56,0.004855501980275251,True,0.14291817387938466,0.0329467869242783,0.012160101047464837,0.006162923657347393,0.004855501980275251
20261247,17,0.0,16,32,grid,5.0,0.04143366309976846,False,-1,32,0.004919974636004764,True,0.09401308130798981,0.01369840701508088,0.013482921034081328,0.005520810574068964,0.004919974636004764
20261247,17,0.0,16,32,grid,6.0,0.0632455532033676,False,-1,22,0.004525918122982996,True,0.06563106641341275,0.00806926464687234,0.014198786626756051,0.007597114513458439,0.004525918122982996
20261247,17,0.0,16,32,grid,7.0,0.096539859156753,False,-1,14,0.008863998284591525,True,0.05271534042032994,0.009583963119909928,0.012234545579419259,0.018865324217536998,0.008863998284591525
20261247,17,0.0,16,32,grid,8.0,0.1473612599456155,False,-1,11,0.031671482200873693,True,0.05101029006302962,0.012456264206341282,0.01547384421261753,0.05962978676372263,0.031671482200873693
20261247,17,0.0,16,32,grid,9.0,0.2249365300761397,False,-1,11,0.09898163826272961,True,0.05978307262286946,0.012309285663707814,0.04260598927840666,0.18564999488012507,0.09898163826272961
20261247,17,0.0,16,32,grid,10.0,0.3433496875730229,False,-1,19,0.28425850310104284,True,0.09670266452762726,0.02016243904957999,0.13509716691636064,0.5669346469052876,0.28425850310104284
20261247,17,0.0,16,32,grid,11.0,0.524098988797363,False,-1,19,1.1221967556887456,True,0.32454361766150386,0.04077614690800548,0.42174965845944895,1.673000079275253,1.1221967556887456
20261247,17,0.0,16,32,grid,12.0,0.8,False,-1,19,7.758761857756129,True,0.6586421499601753,0.39436926049211807,0.8361127044398617,2.412400143440699,7.758761857756129
20261247,17,0.0,32,8,joint_aware,,0.48450346515727244,False,-1,3,0.05233005458454951,True,0.2244421139789969,0.06333053105694506,0.05423122150564447,0.17825370022184406,0.05233005458454951
20261247,17,0.0,32,8,correlation_blind,,0.48450346515727244,False,-1,3,0.05233005458454951,True,0.2244421139789969,0.06333053105694506,0.05423122150564447,0.17825370022184406,0.05233005458454951
20261247,17,0.0,32,8,delay_blind,,0.5476125865680102,False,-1,3,0.06159139482179223,True,0.31193968829642027,0.08355078776053206,0.07565358850089589,0.19459270282558577,0.06159139482179223
20261247,17,0.0,32,8,mean_only,,2.1034893587976695,True,2131,-1,1000000000000.0,True,41.354867612728654,391.9484309574477,43814653.747632,14618785358.001087,1000000000000.0
20261247,17,0.0,32,8,worstcase_correlation,,0.061225211651951904,False,-1,22,0.0024819228223096003,True,0.042176876557582024,0.011298423944772438,0.0060869389318894945,0.00372401098638718,0.0024819228223096003
20261247,17,0.0,32,8,grid,0.0,0.005,False,-1,288,0.007472273197657356,True,0.5506535627894981,0.34261407917186576,0.1454476441278995,0.039002824250949586,0.007472273197657356
20261247,17,0.0,32,8,grid,1.0,0.007632145998180043,False,-1,189,0.0028729861495314177,True,0.4231520660855882,0.22605900377010468,0.07126938072477591,0.013611696090122421,0.0028729861495314177
20261247,17,0.0,32,8,grid,2.0,0.01164993050750713,False,-1,121,0.0020498962988198333,True,0.2996510650793361,0.13605791654296262,0.028120948294555456,0.003500210464954089,0.0020498962988198333
20261247,17,0.0,32,8,grid,3.0,0.01778279410038923,False,-1,85,0.001838647194389818,True,0.19634793515570198,0.07520483164014831,0.008952610013259005,0.0010692446684844833,0.001838647194389818
20261247,17,0.0,32,8,grid,4.0,0.027144176165949066,False,-1,63,0.0015887031154333154,True,0.12120551649907746,0.037993590927213966,0.004605830797722304,0.0010034326381168828,0.0015887031154333154
20261247,17,0.0,32,8,grid,5.0,0.04143366309976846,False,-1,35,0.0016593942091549729,True,0.07156405060111666,0.018301772258179156,0.005692037618821488,0.0017431354096772143,0.0016593942091549729
20261247,17,0.0,32,8,grid,6.0,0.0632455532033676,False,-1,22,0.002593296624508626,True,0.04031906953282167,0.011057246058798105,0.006021680027598785,0.003986135636705452,0.002593296624508626
20261247,17,0.0,32,8,grid,7.0,0.096539859156753,False,-1,14,0.004863889291560605,True,0.023750189887894048,0.011003636181964035,0.00375440562890258,0.009758298859800075,0.004863889291560605
20261247,17,0.0,32,8,grid,8.0,0.1473612599456155,False,-1,10,0.01026650841682738,True,0.020172969938709293,0.015162279879761771,0.0008473969003596883,0.023355977617357013,0.01026650841682738
20261247,17,0.0,32,8,grid,9.0,0.2249365300761397,False,-1,9,0.020816386869398462,True,0.031775492288080985,0.024463144886787996,0.0032300651624998914,0.054062827868700376,0.020816386869398462
20261247,17,0.0,32,8,grid,10.0,0.3433496875730229,False,-1,7,0.03556527967365692,True,0.08518831731652876,0.040311302025505105,0.019284360726196336,0.11570838488516672,0.03556527967365692
20261247,17,0.0,32,8,grid,11.0,0.524098988797363,False,-1,3,0.05795152821341843,True,0.2777198396866027,0.07483562357037386,0.06730608932127347,0.18931653888665761,0.05795152821341843
20261247,17,0.0,32,8,grid,12.0,0.8,False,-1,2,0.1003237844464715,True,0.7646093726130246,0.35046751219986927,0.16099603931727616,0.244116331963871,0.1003237844464715
20261247,17,0.0,32,32,joint_aware,,0.2890855861645199,False,-1,9,0.09496468234755984,True,0.04885592071790261,0.056230359204682674,0.0247661869304254,0.13172823821466112,0.09496468234755984
20261247,17,0.0,32,32,correlation_blind,,0.2890855861645199,False,-1,9,0.09496468234755984,True,0.04885592071790261,0.056230359204682674,0.0247661869304254,0.13172823821466112,0.09496468234755984
20261247,17,0.0,32,32,delay_blind,,0.5476125865680102,False,-1,3,2178.603732008282,True,1.2138650194350915,4.4873151787157095,8.73272751299115,73.91639082341166,2178.603732008282
20261247,17,0.0,32,32,mean_only,,0.5345835420861842,False,-1,3,89.21467088602806,True,0.6438723426230973,1.68544813459388,0.9281263156339609,18.502184872668074,89.21467088602806
20261247,17,0.0,32,32,worstcase_correlation,,0.056406811991134544,False,-1,22,0.0024371079473295264,True,0.04465061838430305,0.012966321492671785,0.007177887221437857,0.0057836133629048945,0.0024371079473295264
20261247,17,0.0,32,32,grid,0.0,0.005,False,-1,284,0.0073970380445871975,True,0.5461975933013898,0.33868461611163536,0.14325471237162216,0.038461369499415504,0.0073970380445871975
20261247,17,0.0,32,32,grid,1.0,0.007632145998180043,False,-1,183,0.002871492656270008,True,0.416681109923544,0.2218047083069219,0.06949023581980425,0.013318363368694672,0.002871492656270008
20261247,17,0.0,32,32,grid,2.0,0.01164993050750713,False,-1,119,0.0020757747805321717,True,0.29197996889624717,0.13229894695798544,0.02698038332956995,0.003389125692865396,0.0020757747805321717
20261247,17,0.0,32,32,grid,3.0,0.01778279410038923,False,-1,84,0.0018443275143468535,True,0.18913929453750786,0.07239004907453914,0.008508983759661835,0.001094364562028288,0.0018443275143468535
20261247,17,0.0,32,32,grid,4.0,0.027144176165949066,False,-1,55,0.0016179853191586886,True,0.11574687688248088,0.036207791671503196,0.004794259074267303,0.001185843872997372,0.0016179853191586886
20261247,17,0.0,32,32,grid,5.0,0.04143366309976846,False,-1,32,0.0018365695199652982,True,0.06801080078273805,0.017845534830308877,0.0064097121052006795,0.0025991355825955033,0.0018365695199652982
20261247,17,0.0,32,32,grid,6.0,0.0632455532033676,False,-1,20,0.0027372602037324823,True,0.03808559217041197,0.012523009163011767,0.0070748213025978585,0.007947213144133308,0.0027372602037324823
20261247,17,0.0,32,32,grid,7.0,0.096539859156753,False,-1,13,0.005585168040077405,True,0.0237099794095194,0.015366806604052395,0.004557436572055807,0.024898131288340182,0.005585168040077405
20261247,17,0.0,32,32,grid,8.0,0.1473612599456155,False,-1,10,0.02122655792812356,True,0.0212394151650489,0.021616046293768967,0.0020401950565402797,0.06339921242868735,0.02122655792812356
20261247,17,0.0,32,32,grid,9.0,0.2249365300761397,False,-1,9,0.052769158103369435,True,0.03558788887510039,0.03800631615124071,0.011273792528447995,0.12565232580687566,0.052769158103369435
20261247,17,0.0,32,32,grid,10.0,0.3433496875730229,False,-1,9,0.11678485424769945,True,0.08525483302445443,0.11222143725317654,0.05056576089704248,0.1504072118904492,0.11678485424769945
20261247,17,0.0,32,32,grid,11.0,0.524098988797363,False,-1,3,46.697307864362,True,0.38985599799489457,0.48131377928439867,1.230892598282459,14.783170647093835,46.697307864362
20261247,17,0.0,32,32,grid,12.0,0.8,True,1728,2,1000000000000.0,True,16.64269922175297,901.4952846635617,8239370.212069768,1000000000000.0,1000000000000.0
20261247,17,0.9,16,8,joint_aware,,0.06793567174124356,False,-1,25,0.253843049085503,True,0.12402154812855298,0.6485652176472628,0.31728338527709954,0.05674324203497901,0.253843049085503
20261247,17,0.9,16,8,correlation_blind,,0.4363488632302189,False,-1,29,10.725194853843702,True,1.6214976136064803,3.108025645207884,60.59554867008191,7.0161225408550125,10.725194853843702
20261247,17,0.9,16,8,delay_blind,,0.0679609250345928,False,-1,25,0.25396802319255773,True,0.12402809616911993,0.6488198960409333,0.31746125177357354,0.05677351130449726,0.25396802319255773
20261247,17,0.9,16,8,mean_only,,4.115057114511728,True,30,-1,1000000000000.0,True,1000000000000.0,1000000000000.0,1000000000000.0,1000000000000.0,1000000000000.0
20261247,17,0.9,16,8,worstcase_correlation,,0.062108907189348216,False,-1,26,0.22547172800327053,True,0.12207809644476116,0.5870863854251351,0.2769381049190193,0.05022851175574594,0.22547172800327053
20261247,17,0.9,16,8,grid,0.0,0.005,False,-1,193,0.02757413434960705,True,0.4575744246582393,0.28337243630812137,0.10180950094697516,0.01619635488356202,0.02757413434960705
20261247,17,0.9,16,8,grid,1.0,0.007632145998180043,False,-1,112,0.03735125695210424,True,0.3206936239428182,0.15667787972500324,0.034199961406852566,0.024965661041947113,0.03735125695210424
20261247,17,0.9,16,8,grid,2.0,0.01164993050750713,False,-1,83,0.04436023310260874,True,0.2052143728999307,0.07349858035647693,0.015422787596018459,0.04107169426257091,0.04436023310260874
20261247,17,0.9,16,8,grid,3.0,0.01778279410038923,False,-1,72,0.05345805495450738,True,0.13302057094507502,0.05912290954086551,0.03431377564756387,0.04472055703246259,0.05345805495450738
20261247,17,0.9,16,8,grid,4.0,0.027144176165949066,False,-1,46,0.07786077244914953,True,0.10688212725384741,0.13901464744359782,0.07586781963898143,0.038255923418213225,0.07786077244914953
20261247,17,0.9,16,8,grid,5.0,0.04143366309976846,False,-1,42,0.1323605782957876,True,0.11012381893097813,0.32805206861346914,0.1482150302172277,0.03588616197849199,0.1323605782957876
20261247,17,0.9,16,8,grid,6.0,0.0632455532033676,False,-1,26,0.23093329694316436,True,0.1225234128395247,0.5995068431899901,0.2846943936029906,0.05142595203075058,0.23093329694316436
20261247,17,0.9,16,8,grid,7.0,0.096539859156753,False,-1,24,0.4054412268930764,True,0.12127132311460892,0.8802471249805532,0.5300246050687186,0.10481310123222995,0.4054412268930764
20261247,17,0.9,16,8,grid,8.0,0.1473612599456155,False,-1,13,0.7089709433949352,True,0.09346451861596383,1.130968008222864,0.9066802751884286,0.3245001580512465,0.7089709433949352
20261247,17,0.9,16,8,grid,9.0,0.2249365300761397,False,-1,12,1.281462700150588,True,0.08557431614718503,1.5063499105332234,1.1194453751218747,1.2951674344810518,1.281462700150588
20261247,17,0.9,16,8,grid,10.0,0.3433496875730229,False,-1,30,3.6223965875908934,True,0.20861099013019405,2.392097583125756,2.289400210213906,4.36759484905471,3.6223965875908934
20261247,17,0.9,16,8,grid,11.0,0.524098988797363,False,-1,29,31.233418028387728,True,5.135471999700479,3.0710048832440555,779.5574365518148,5.355569653833746,31.233418028387728
20261247,17,0.9,16,8,grid,12.0,0.8,True,502,-1,1000000000000.0,True,2137.2832059661073,535341871741.6477,1000000000000.0,1000000000000.0,1000000000000.0
20261247,17,0.9,16,32,joint_aware,,0.06557341714513457,False,-1,25,0.3011135794238848,True,0.144524172026343,0.667371841167982,0.3105536978342556,0.05023516676981952,0.3011135794238848
20261247,17,0.9,16,32,correlation_blind,,0.3543562147008278,False,-1,327,3.603092236203623,True,2.4467083119785307,7.3225003107846,9.50796379355389,8.512252207910281,3.603092236203623
20261247,17,0.9,16,32,delay_blind,,0.0679609250345928,False,-1,25,0.3175145522293425,True,0.14597309874811074,0.6914340912233715,0.32808558492437323,0.052455270235460975,0.3175145522293425
20261247,17,0.9,16,32,mean_only,,1.2931845703348515,True,229,-1,1000000000000.0,True,1000000000000.0,1000000000000.0,1000000000000.0,1000000000000.0,1000000000000.0
20261247,17,0.9,16,32,worstcase_correlation,,0.06012858486571272,False,-1,26,0.265111186259139,True,0.14035492962207666,0.6075918601568009,0.2714824476096188,0.04564497558300379,0.265111186259139
20261247,17,0.9,16,32,grid,0.0,0.005,False,-1,192,0.02793215032542114,True,0.45391014963103304,0.27998852079099906,0.09949217356901537,0.015951592892955162,0.02793215032542114
20261247,17,0.9,16,32,grid,1.0,0.007632145998180043,False,-1,111,0.03791177731718413,True,0.31507026536599964,0.15236349550509692,0.03206159980320312,0.02568284850419965,0.03791177731718413
20261247,17,0.9,16,32,grid,2.0,0.01164993050750713,False,-1,83,0.04535890040856354,True,0.19819966338308997,0.06949286232784153,0.014072329026306557,0.04244902605417004,0.04535890040856354
20261247,17,0.9,16,32,grid,3.0,0.01778279410038923,False,-1,70,0.05602714910896829,True,0.12691319489007527,0.05850709278835997,0.033560429927456704,0.04620465901476886,0.05602714910896829
20261247,17,0.9,16,32,grid,4.0,0.027144176165949066,False,-1,45,0.08574587476289132,True,0.10577106176440068,0.1480269283737187,0.07519733217261182,0.03950537859356566,0.08574587476289132
20261247,17,0.9,16,32,grid,5.0,0.04143366309976846,False,-1,40,0.15456231769648932,True,0.11877996806466351,0.35551203078248733,0.1499841709178084,0.03611401165488,0.15456231769648932
20261247,17,0.9,16,32,grid,6.0,0.0632455532033676,False,-1,25,0.28548895705484073,True,0.1428874345998239,0.6426497162365451,0.29368792483901757,0.04819169492427673,0.28548895705484073
20261247,17,0.9,16,32,grid,7.0,0.096539859156753,False,-1,24,0.5495737685474243,True,0.14724406963774067,0.8911965728930235,0.5551477653058251,0.09172920197511607,0.5495737685474243
20261247,17,0.9,16,32,grid,8.0,0.1473612599456155,False,-1,13,1.2701890897435753,True,0.14925309041920493,1.0794813847726143,1.1427836402312144,0.3348198512694612,1.2701890897435753
20261247,17,0.9,16,32,grid,9.0,0.2249365300761397,False,-1,13,3.8039243342729865,True,0.691176718909881,1.3795515282735535,3.4078234014095456,1.9479769314997604,3.8039243342729865
20261247,17,0.9,16,32,grid,10.0,0.3433496875730229,False,-1,328,3.338233411149688,True,2.3423852667402256,6.139178386617691,8.798542413573779,7.823192315883655,3.338233411149688
20261247,17,0.9,16,32,grid,11.0,0.524098988797363,False,-1,-1,7344.1666951204425,True,7.5156804737625755,240.17326817343243,46.257033537985635,19580.09903760981,7344.1666951204425
20261247,17,0.9,16,32,grid,12.0,0.8,True,557,-1,1000000000000.0,True,12447909.176045327,43452278767.223625,1000000000000.0,1000000000000.0,1000000000000.0
20261247,17,0.9,32,8,joint_aware,,0.06708632967038644,False,-1,25,0.3275940119531558,True,0.12078348091107778,0.6371701968784024,0.2969437155292109,0.050163416244345053,0.3275940119531558
20261247,17,0.9,32,8,correlation_blind,,0.48450346515727244,False,-1,841,232.87852973493995,True,12.959990479432472,7.386111022578722,1256.8920385981291,15.900988783816103,232.87852973493995
20261247,17,0.9,32,8,delay_blind,,0.0681741968826708,False,-1,25,0.3358614125608968,True,0.12104776663696337,0.6472215505086678,0.30436873380599544,0.05091945025581723,0.3358614125608968
20261247,17,0.9,32,8,mean_only,,2.1034893587976695,True,88,-1,1000000000000.0,True,1000000000000.0,1000000000000.0,1000000000000.0,1000000000000.0,1000000000000.0
20261247,17,0.9,32,8,worstcase_correlation,,0.061225211651951904,False,-1,26,0.28465453261869206,True,0.11876689941331434,0.5790630259623667,0.2579133285460296,0.04645095695731522,0.28465453261869206
20261247,17,0.9,32,8,grid,0.0,0.005,False,-1,193,0.02815526689224821,True,0.4569776594559905,0.28324419603264156,0.10396322946747193,0.014799657421749692,0.02815526689224821
20261247,17,0.9,32,8,grid,1.0,0.007632145998180043,False,-1,112,0.038272055866705,True,0.3183030773786202,0.15472264582213985,0.03483492747761061,0.024408792668383573,0.038272055866705
20261247,17,0.9,32,8,grid,2.0,0.01164993050750713,False,-1,83,0.046379292654574245,True,0.2004546485200077,0.06978806886981555,0.015157181748354918,0.04216518843520624,0.046379292654574245
20261247,17,0.9,32,8,grid,3.0,0.01778279410038923,False,-1,71,0.05789862384305106,True,0.12636999647389735,0.05576017675264088,0.03335574531275191,0.0476610820151321,0.05789862384305106
20261247,17,0.9,32,8,grid,4.0,0.027144176165949066,False,-1,46,0.08829372761576953,True,0.10029556527424023,0.14004810148776622,0.07275946988858231,0.0427073392863888,0.08829372761576953
20261247,17,0.9,32,8,grid,5.0,0.04143366309976846,False,-1,40,0.15881744173706008,True,0.10573500764878146,0.33484779649161106,0.14067881412390326,0.03938834154621521,0.15881744173706008
20261247,17,0.9,32,8,grid,6.0,0.0632455532033676,False,-1,26,0.2991529617612618,True,0.11957525148167295,0.5998559511230411,0.2711763150386953,0.047661720583682655,0.2991529617612618
20261247,17,0.9,32,8,grid,7.0,0.096539859156753,False,-1,24,0.5862649089924418,True,0.11810437381436159,0.8420802430952251,0.5160296631298441,0.08033454237507623,0.5862649089924418
20261247,17,0.9,32,8,grid,8.0,0.1473612599456155,False,-1,13,1.239384412118171,True,0.11803365514021616,1.0329782152851275,0.9986476137527451,0.2549692259337187,1.239384412118171
20261247,17,0.9,32,8,grid,9.0,0.2249365300761397,False,-1,13,2.6548596197645904,True,0.3356448020298997,1.3674167966603048,1.8369068342908985,1.2691270321048855,2.6548596197645904
20261247,17,0.9,32,8,grid,10.0,0.3433496875730229,False,-1,165,12.027659547907746,True,0.9937938132569071,3.4116656315095035,4.160974229733925,5.480873001631038,12.027659547907746
20261247,17,0.9,32,8,grid,11.0,0.524098988797363,False,-1,3038,660.7950264726273,True,33.95080396290854,9.609919583312537,6338.224634663965,14.309806527354871,660.7950264726273
20261247,17,0.9,32,8,grid,12.0,0.8,True,892,-1,1000000000000.0,True,938649.8460378831,7033.128962808311,1000000000000.0,1000000000000.0,1000000000000.0
20261247,17,0.9,32,32,joint_aware,,0.061344496040986844,False,-1,25,0.41033078640115495,True,0.16489673144944414,0.7399835471330598,0.28727532757827623,0.03789468887130424,0.41033078640115495
20261247,17,0.9,32,32,correlation_blind,,0.2890855861645199,False,-1,24,32.117862090886184,True,16.989318300480978,12.106917585309397,11.965298405009284,12.46162260324077,32.117862090886184
20261247,17,0.9,32,32,delay_blind,,0.0681741968826708,False,-1,24,0.5021695371113882,True,0.17226957651168162,0.8409588890534793,0.3316906634227499,0.04508045515964535,0.5021695371113882
20261247,17,0.9,32,32,mean_only,,0.5345835420861842,True,1503,-1,1000000000000.0,True,764.5672466548007,160123.1830841645,33932898.00769869,1000000000000.0,1000000000000.0
20261247,17,0.9,32,32,worstcase_correlation,,0.056406811991134544,False,-1,25,0.3513671163868316,True,0.1574604934388544,0.661505265019373,0.2551985439556913,0.03371443075976775,0.3513671163868316
20261247,17,0.9,32,32,grid,0.0,0.005,False,-1,188,0.028814972029305184,True,0.45100954758780964,0.2784828640973594,0.10075025075108109,0.014537810247348603,0.028814972029305184
20261247,17,0.9,32,32,grid,1.0,0.007632145998180043,False,-1,111,0.03948047776330677,True,0.30998548905003687,0.1491253402778401,0.03218146171326685,0.02510255629349943,0.03948047776330677
20261247,17,0.9,32,32,grid,2.0,0.01164993050750713,False,-1,81,0.04869445632779724,True,0.19189658678893656,0.06501787597284721,0.014120545894297698,0.042676711168081256,0.04869445632779724
20261247,17,0.9,32,32,grid,3.0,0.01778279410038923,False,-1,68,0.06296440102520534,True,0.12205765367868598,0.05635507627152774,0.03455879994660436,0.045832379253738814,0.06296440102520534
20261247,17,0.9,32,32,grid,4.0,0.027144176165949066,False,-1,44,0.10291734793659169,True,0.10557056044692048,0.15894037521276608,0.0786978250294147,0.03644388410132611,0.10291734793659169
20261247,17,0.9,32,32,grid,5.0,0.04143366309976846,False,-1,39,0.20419843823405007,True,0.12801971173778387,0.4021827842008684,0.15945135360193474,0.028368550646762837,0.20419843823405007
20261247,17,0.9,32,32,grid,6.0,0.0632455532033676,False,-1,24,0.4346404398108408,True,0.16729789951085638,0.7689969630668585,0.2996270597044998,0.039747783604291945,0.4346404398108408
20261247,17,0.9,32,32,grid,7.0,0.096539859156753,False,-1,24,1.0422968987770735,True,0.17892433254440518,1.1693774637876118,0.5244199663390731,0.08235180721775187,1.0422968987770735
20261247,17,0.9,32,32,grid,8.0,0.1473612599456155,False,-1,24,2.3586870244749605,True,0.24062198904242826,1.5415773585149366,0.8451623659245423,0.17069688102226602,2.3586870244749605
20261247,17,0.9,32,32,grid,9.0,0.2249365300761397,False,-1,24,1.8851533569285661,True,1.0477705168289275,2.8072175088374913,0.9737482311567637,2.3906263577710325,1.8851533569285661
20261247,17,0.9,32,32,grid,10.0,0.3433496875730229,False,-1,718,44.37294713570108,True,61.85572768270224,236.63271520452383,501.1153493137383,17.758357453220118,44.37294713570108
20261247,17,0.9,32,32,grid,11.0,0.524098988797363,True,1366,-1,1000000000000.0,True,483.488678440925,188358.6759085576,123094982.7893587,1000000000000.0,1000000000000.0
20261247,17,0.9,32,32,grid,12.0,0.8,True,792,-1,1000000000000.0,True,59858.44283779881,309253861.4243715,1000000000000.0,1000000000000.0,1000000000000.0
20261248,18,0.0,16,8,joint_aware,,0.4363488632302189,False,-1,3,0.09288246972852002,True,0.08978649076209388,0.0809241888330318,0.05936679352178718,0.5225831580778332,0.09288246972852002
20261248,18,0.0,16,8,correlation_blind,,0.4363488632302189,False,-1,3,0.09288246972852002,True,0.08978649076209388,0.0809241888330318,0.05936679352178718,0.5225831580778332,0.09288246972852002
20261248,18,0.0,16,8,delay_blind,,0.4373927810905379,False,-1,3,0.09360708934769134,True,0.08986315628888791,0.08085952072906986,0.05934399662646418,0.5242979905665884,0.09360708934769134
20261248,18,0.0,16,8,mean_only,,4.115057114511728,True,111,-1,1000000000000.0,True,1000000000000.0,1000000000000.0,1000000000000.0,1000000000000.0,1000000000000.0
20261248,18,0.0,16,8,worstcase_correlation,,0.062108907189348216,False,-1,16,0.013557157208979112,True,0.0035829492408321934,0.06165124050657786,0.033407310347927224,0.015442947548252893,0.013557157208979112
20261248,18,0.0,16,8,grid,0.0,0.005,False,-1,287,0.00525668235830817,True,0.543929594830593,0.3292831653577831,0.1318920579425846,0.039950014455695675,0.00525668235830817
20261248,18,0.0,16,8,grid,1.0,0.007632145998180043,False,-1,176,0.0018606838074507418,True,0.41028557375438396,0.20259770139136282,0.05812309272186718,0.013773351415074683,0.0018606838074507418
20261248,18,0.0,16,8,grid,2.0,0.01164993050750713,False,-1,120,0.0025110082014895957,True,0.27747571540981786,0.10127696470693993,0.018615737566252413,0.005177205233352092,0.0025110082014895957
20261248,18,0.0,16,8,grid,3.0,0.01778279410038923,False,-1,82,0.00413719913566149,True,0.16227427820456697,0.03650430523807856,0.004948486817282582,0.004430601480223146,0.00413719913566149
20261248,18,0.0,16,8,grid,4.0,0.027144176165949066,False,-1,47,0.006550772070886092,True,0.07572586055171832,0.014505847636086665,0.006336924252338967,0.005503555415123185,0.006550772070886092
20261248,18,0.0,16,8,grid,5.0,0.04143366309976846,False,-1,29,0.009927504906331345,True,0.02254188743952723,0.029993644975123565,0.01611276009455987,0.007892644324000143,0.009927504906331345
20261248,18,0.0,16,8,grid,6.0,0.0632455532033676,False,-1,16,0.013716862584957256,True,0.0034015448557032472,0.06314542856378655,0.03440258535338921,0.016042728437414278,0.013716862584957256
20261248,18,0.0,16,8,grid,7.0,0.096539859156753,False,-1,9,0.016980001425825574,True,0.01106477130838046,0.0948804382768664,0.061500780278950506,0.042021554379452285,0.016980001425825574
20261248,18,0.0,16,8,grid,8.0,0.1473612599456155,False,-1,6,0.018267870491218433,True,0.031681113291840104,0.11358710867518683,0.08452559657383758,0.10221344330712333,0.018267870491218433
20261248,18,0.0,16,8,grid,9.0,0.2249365300761397,False,-1,4,0.019877776441298962,True,0.05723929203654031,0.11184613498941749,0.0847386267053857,0.20656363633283262,0.019877776441298962
20261248,18,0.0,16,8,grid,10.0,0.3433496875730229,False,-1,3,0.04392740262036153,True,0.08107866008872272,0.09164962237355864,0.06628425903199955,0.3758428834567376,0.04392740262036153
20261248,18,0.0,16,8,grid,11.0,0.524098988797363,False,-1,2,0.16833502286627977,True,0.0970902669008266,0.08067815258462802,0.06129860718416481,0.6709460834372585,0.16833502286627977
20261248,18,0.0,16,8,grid,12.0,0.8,False,-1,2,0.608603804851079,True,0.19722744664623815,0.17554399857387384,0.09618918668418242,1.1695926683906364,0.608603804851079
20261248,18,0.0,16,32,joint_aware,,0.3543562147008278,False,-1,3,0.03783512441558509,True,0.11840614688138651,0.08536618558138917,0.084525500976244,0.42347075428440506,0.03783512441558509
20261248,18,0.0,16,32,correlation_blind,,0.3543562147008278,False,-1,3,0.03783512441558509,True,0.11840614688138651,0.08536618558138917,0.084525500976244,0.42347075428440506,0.03783512441558509
20261248,18,0.0,16,32,delay_blind,,0.4373927810905379,False,-1,3,0.11128658516655711,True,0.13701104708991865,0.07293755688271245,0.09856249693152729,0.621819545592259,0.11128658516655711
20261248,18,0.0,16,32,mean_only,,1.2931845703348515,True,1800,2,1000000000000.0,True,367.3578225903484,58253.91170718963,156765198.4991323,1000000000000.0,1000000000000.0
20261248,18,0.0,16,32,worstcase_correlation,,0.06012858486571272,False,-1,16,0.013942230514279702,True,0.003994492174673162,0.062253300932099714,0.03500123247498856,0.015326330347983084,0.013942230514279702
20261248,18,0.0,16,32,grid,0.0,0.005,False,-1,286,0.00522754398479066,True,0.5423106655155855,0.32772778589543694,0.13109698694037367,0.03966782310626992,0.00522754398479066
20261248,18,0.0,16,32,grid,1.0,0.007632145998180043,False,-1,175,0.0018756309034318119,True,0.40792397955406706,0.20077715475185093,0.05755983136821085,0.013614500965217189,0.0018756309034318119
20261248,18,0.0,16,32,grid,2.0,0.01164993050750713,False,-1,118,0.0025523152693359293,True,0.2746243962438535,0.0994195749838301,0.018393104267668672,0.005147172422105932,0.0025523152693359293
20261248,18,0.0,16,32,grid,3.0,0.01778279410038923,False,-1,81,0.004210417089760024,True,0.15940425324202126,0.03496541930059079,0.005010593046972888,0.004516445783230138,0.004210417089760024
20261248,18,0.0,16,32,grid,4.0,0.027144176165949066,False,-1,46,0.006717906417283285,True,0.07309961236946795,0.01400176982063425,0.006637870399338515,0.005695703458081407,0.006717906417283285
20261248,18,0.0,16,32,grid,5.0,0.04143366309976846,False,-1,27,0.010304508634576184,True,0.02059868540878322,0.031260545175328856,0.017137658641521804,0.008237163594789598,0.010304508634576184
20261248,18,0.0,16,32,grid,6.0,0.0632455532033676,False,-1,15,0.014441846782853126,True,0.003751496040258169,0.06676588137186461,0.03826097343745133,0.017074122204658954,0.014441846782853126
20261248,18,0.0,16,32,grid,7.0,0.096539859156753,False,-1,9,0.01834330752595722,True,0.015715475642169994,0.10233722816722542,0.07253533354216544,0.045665083957425814,0.01834330752595722
20261248,18,0.0,16,32,grid,8.0,0.1473612599456155,False,-1,6,0.020190169444066517,True,0.04203991711193297,0.12577144489723635,0.10480434021978757,0.10997017528876665,0.020190169444066517
20261248,18,0.0,16,32,grid,9.0,0.2249365300761397,False,-1,3,0.01701194009775647,True,0.07794551170766881,0.12472636347232637,0.10371844737840324,0.21409690245442511,0.01701194009775647
20261248,18,0.0,16,32,grid,10.0,0.3433496875730229,False,-1,3,0.03245211875227262,True,0.11612753201057738,0.08800284715101962,0.08457212773006424,0.40166788508117995,0.03245211875227262
20261248,18,0.0,16,32,grid,11.0,0.524098988797363,False,-1,2,0.23530006622719185,True,0.17283149756036897,0.07542406417307483,0.15732924753035527,0.8937398613247993,0.23530006622719185
20261248,18,0.0,16,32,grid,12.0,0.8,False,-1,2,0.5048742539363421,True,0.1643209938772033,0.5080571408918985,1.3329824113988278,1.7269485523927028,0.5048742539363421
20261248,18,0.0,32,8,joint_aware,,0.48450346515727244,False,-1,3,0.05851823078976827,True,0.15289134492016315,0.013785285727298773,0.09738906652544423,0.2721586874473808,0.05851823078976827
20261248,18,0.0,32,8,correlation_blind,,0.48450346515727244,False,-1,3,0.05851823078976827,True,0.15289134492016315,0.013785285727298773,0.09738906652544423,0.2721586874473808,0.05851823078976827
20261248,18,0.0,32,8,delay_blind,,0.5476125865680102,False,-1,3,0.06527892090699816,True,0.15651195220051223,0.014464598193611957,0.10976930806411545,0.3401113178203887,0.06527892090699816
20261248,18,0.0,32,8,mean_only,,2.1034893587976695,True,2629,2,1000000000000.0,True,7.08264908364557,97.09113739734977,596165.4616678711,480608723.68122053,1000000000000.0
20261248,18,0.0,32,8,worstcase_correlation,,0.061225211651951904,False,-1,21,0.007330643559835837,True,0.009495034053867028,0.016035272700972873,0.020867130806854248,0.006571630166289753,0.007330643559835837
20261248,18,0.0,32,8,grid,0.0,0.005,False,-1,287,0.002682715225139243,True,0.5464301179918559,0.32988633405898304,0.13326707780656072,0.037098286144129376,0.002682715225139243
20261248,18,0.0,32,8,grid,1.0,0.007632145998180043,False,-1,182,0.0019385817071645663,True,0.41167936554083734,0.2058211280716534,0.060250134276023784,0.01167566738304213,0.0019385817071645663
20261248,18,0.0,32,8,grid,2.0,0.01164993050750713,False,-1,126,0.003927597945859862,True,0.27724033609165727,0.10822043495985008,0.0196459164999944,0.002952437221811635,0.003927597945859862
20261248,18,0.0,32,8,grid,3.0,0.01778279410038923,False,-1,82,0.005524625407773708,True,0.16154643389596351,0.044325973884741285,0.0036918821669375754,0.0014706569589374276,0.005524625407773708
20261248,18,0.0,32,8,grid,4.0,0.027144176165949066,False,-1,50,0.006718701454023252,True,0.07760291917946842,0.013975829105284271,0.0027856955939554234,0.00150181945987962,0.006718701454023252
20261248,18,0.0,32,8,grid,5.0,0.04143366309976846,False,-1,32,0.007420775015565703,True,0.02838908870492745,0.009800223700299532,0.009630494831145194,0.0025249138613448905,0.007420775015565703
20261248,18,0.0,32,8,grid,6.0,0.0632455532033676,False,-1,21,0.007290785970960596,True,0.008878173387465663,0.016587965067513893,0.02204450359673727,0.007171688919325257,0.007290785970960596
20261248,18,0.0,32,8,grid,7.0,0.096539859156753,False,-1,13,0.006594521426297705,True,0.011540623828107385,0.021647065331406486,0.04116429835033297,0.0216109154956693,0.006594521426297705
20261248,18,0.0,32,8,grid,8.0,0.1473612599456155,False,-1,8,0.007782332796398523,True,0.03111815245387043,0.02209247044723363,0.06501607082250327,0.05340872287089017,0.007782332796398523
20261248,18,0.0,32,8,grid,9.0,0.2249365300761397,False,-1,5,0.0174034847682752,True,0.0711462600675812,0.018532146176147575,0.0847615455611313,0.10164651765126684,0.0174034847682752
20261248,18,0.0,32,8,grid,10.0,0.3433496875730229,False,-1,3,0.038620121234520306,True,0.12645009883151942,0.014208918363879188,0.09149161381825012,0.1661172462602277,0.038620121234520306
20261248,18,0.0,32,8,grid,11.0,0.524098988797363,False,-1,3,0.06279980580616265,True,0.15535038994808448,0.01417215227725652,0.10394361170072716,0.31309871295888086,0.06279980580616265
20261248,18,0.0,32,8,grid,12.0,0.8,False,-1,3,0.11817605949530582,True,0.1851139275575043,0.014963158564086506,0.3375573326921983,0.7560377377714298,0.11817605949530582
20261248,18,0.0,32,32,joint_aware,,0.2890855861645199,False,-1,4,0.14226502976478747,True,0.2294322224505403,0.06226625105826124,0.15003341467512313,0.28184524267136335,0.14226502976478747
20261248,18,0.0,32,32,correlation_blind,,0.2890855861645199,False,-1,4,0.14226502976478747,True,0.2294322224505403,0.06226625105826124,0.15003341467512313,0.28184524267136335,0.14226502976478747
20261248,18,0.0,32,32,delay_blind,,0.5476125865680102,False,-1,3,208.32643152638457,True,3.5549346827046584,2.4967471474170435,1.7906173807095045,3.4196789058480697,208.32643152638457
20261248,18,0.0,32,32,mean_only,,0.5345835420861842,False,-1,3,107.28082637651086,True,3.076298338828176,1.8527895126083151,1.3541141366137102,1.8696731569483904,107.28082637651086
20261248,18,0.0,32,32,worstcase_correlation,,0.056406811991134544,False,-1,22,0.007867258032294506,True,0.010255433266242708,0.017960058553217563,0.01933564966425247,0.005847034468433269,0.007867258032294506
20261248,18,0.0,32,32,grid,0.0,0.005,False,-1,283,0.0026401816436272653,True,0.5423753587614316,0.3260704977151931,0.1312462638073498,0.03646866503624531,0.0026401816436272653
20261248,18,0.0,32,32,grid,1.0,0.007632145998180043,False,-1,177,0.002014125711280311,True,0.4056755026875347,0.20155413229340424,0.058705268951904,0.011337873443834209,0.002014125711280311
20261248,18,0.0,32,32,grid,2.0,0.01164993050750713,False,-1,121,0.004052212516210971,True,0.26991768867765986,0.10417280055930456,0.018768802511352514,0.0028646048129720198,0.004052212516210971
20261248,18,0.0,32,32,grid,3.0,0.01778279410038923,False,-1,79,0.005690627432797184,True,0.1543867169825321,0.041096603141932544,0.003467288147068401,0.0015184238953878453,0.005690627432797184
20261248,18,0.0,32,32,grid,4.0,0.027144176165949066,False,-1,48,0.006971492544577375,True,0.0719364068095303,0.012517317850969281,0.003079101606857611,0.0015905963383741624,0.006971492544577375
20261248,18,0.0,32,32,grid,5.0,0.04143366309976846,False,-1,30,0.007771044468690746,True,0.02496708096528928,0.011132318402569617,0.01044693418732746,0.002701551639690698,0.007771044468690746
20261248,18,0.0,32,32,grid,6.0,0.0632455532033676,False,-1,19,0.007819790979619557,True,0.008428528775089136,0.020782907386078298,0.023446063584369462,0.008100964398865634,0.007819790979619557
20261248,18,0.0,32,32,grid,7.0,0.096539859156753,False,-1,12,0.008051617608182548,True,0.015299425017141186,0.030833082692173476,0.04269137514330829,0.027316416720666387,0.008051617608182548
20261248,18,0.0,32,32,grid,8.0,0.1473612599456155,False,-1,8,0.019139272065717694,True,0.0334815178504423,0.03671415085424371,0.07220195778047443,0.08030733654935546,0.019139272065717694
20261248,18,0.0,32,32,grid,9.0,0.2249365300761397,False,-1,5,0.06142911336225,True,0.07379079288929483,0.04415811494175437,0.121334524716875,0.17837648905706516,0.06142911336225
20261248,18,0.0,32,32,grid,10.0,0.3433496875730229,False,-1,3,0.21459547454188432,True,0.5781645903288457,0.06189946574487465,0.17257118368736002,0.33562386699360314,0.21459547454188432
20261248,18,0.0,32,32,grid,11.0,0.524098988797363,False,-1,3,7.580185769921392,True,2.704867164494302,1.4263245475371877,0.9340104110185046,0.4799149486418516,7.580185769921392
20261248,18,0.0,32,32,grid,12.0,0.8,True,1935,3,1000000000000.0,True,28.95274882812017,532.7725244933143,1305833.0831486331,1000000000000.0,1000000000000.0
20261248,18,0.9,16,8,joint_aware,,0.06793567174124356,False,-1,88,0.567493661822842,True,0.46396799684559736,0.423325159298391,0.07007827363865698,0.3037891674297965,0.567493661822842
20261248,18,0.9,16,8,correlation_blind,,0.4363488632302189,False,-1,47,5.7725260628827115,True,4.698537139941239,1.963077212209784,0.31136080545941225,3.279849760122861,5.7725260628827115
20261248,18,0.9,16,8,delay_blind,,0.0679609250345928,False,-1,88,0.5675561185959523,True,0.464085642078144,0.42359080905836166,0.07012479254830974,0.3038147343404194,0.5675561185959523
20261248,18,0.9,16,8,mean_only,,4.115057114511728,True,36,-1,1000000000000.0,True,1000000000000.0,1000000000000.0,1000000000000.0,1000000000000.0,1000000000000.0
20261248,18,0.9,16,8,worstcase_correlation,,0.062108907189348216,False,-1,87,0.5527405384190619,True,0.4369575922601681,0.3626020692196412,0.059337548561211345,0.2967751934427302,0.5527405384190619
20261248,18,0.9,16,8,grid,0.0,0.005,False,-1,388,0.07508576618730892,True,0.646828565344927,0.38334594612443323,0.11863152299082091,0.024394035989575177,0.07508576618730892
20261248,18,0.9,16,8,grid,1.0,0.007632145998180043,False,-1,313,0.1577572068412793,True,0.5396699628808596,0.25678948144689345,0.04771449880329448,0.03543531506780509,0.1577572068412793
20261248,18,0.9,16,8,grid,2.0,0.01164993050750713,False,-1,196,0.251854783960449,True,0.4357223296078927,0.15668788126257135,0.012245515514329931,0.07244908765146173,0.251854783960449
20261248,18,0.9,16,8,grid,3.0,0.01778279410038923,False,-1,146,0.34712145124226684,True,0.3571184836194054,0.09698956026274756,0.0010383800493161664,0.12265484511768034,0.34712145124226684
20261248,18,0.9,16,8,grid,4.0,0.027144176165949066,False,-1,88,0.4315681083602835,True,0.3245366869239477,0.09231888982107311,0.003762332315420157,0.1804963699418877,0.4315681083602835
20261248,18,0.9,16,8,grid,5.0,0.04143366309976846,False,-1,86,0.49466646787561735,True,0.3509294186854616,0.17106311748129427,0.022125214882191567,0.2458492173314421,0.49466646787561735
20261248,18,0.9,16,8,grid,6.0,0.0632455532033676,False,-1,87,0.5556691695588908,True,0.4421970452695989,0.3743375509836684,0.06143428979150556,0.29833271633489516,0.5556691695588908
20261248,18,0.9,16,8,grid,7.0,0.096539859156753,False,-1,51,0.6281825560437571,True,0.5954479884478382,0.720868416016645,0.12326854640352461,0.32100284465832446,0.6281825560437571
20261248,18,0.9,16,8,grid,8.0,0.1473612599456155,False,-1,8,0.7011571342030202,True,0.8341599105428001,1.1626795415225297,0.21017126527830848,0.38672885404139196,0.7011571342030202
20261248,18,0.9,16,8,grid,9.0,0.2249365300761397,False,-1,7,0.8105269062929628,True,1.4174943289183437,1.7082956338128643,0.2900938456785593,0.5736713542849912,0.8105269062929628
20261248,18,0.9,16,8,grid,10.0,0.3433496875730229,False,-1,7,1.6874318900418452,True,3.0483610612882486,2.345676782040714,0.3906205780270222,1.051536744094702,1.6874318900418452
20261248,18,0.9,16,8,grid,11.0,0.524098988797363,False,-1,749,20.759320334871564,True,6.919713179191882,1.3908224256549708,1.4614267369653016,9.80211121082325,20.759320334871564
20261248,18,0.9,16,8,grid,12.0,0.8,True,520,14,1000000000000.0,True,209034.15346001135,12004584741.935553,1000000000000.0,1000000000000.0,1000000000000.0
20261248,18,0.9,16,32,joint_aware,,0.06557341714513457,False,-1,90,0.60241620634096,True,0.5821260385133775,0.40841445973208557,0.06156355867077361,0.36547614286449126,0.60241620634096
20261248,18,0.9,16,32,correlation_blind,,0.3543562147008278,False,-1,7,7.64249748715904,True,12.447659410539849,2.1687972775986593,2.5942619217329277,2.3024312347532003,7.64249748715904
20261248,18,0.9,16,32,delay_blind,,0.0679609250345928,False,-1,137,0.6145770736699279,True,0.6039160607499106,0.43447553858094484,0.06638882038049052,0.36994431702647207,0.6145770736699279
20261248,18,0.9,16,32,mean_only,,1.2931845703348515,True,246,-1,1000000000000.0,True,1000000000000.0,1000000000000.0,1000000000000.0,1000000000000.0,1000000000000.0
20261248,18,0.9,16,32,worstcase_correlation,,0.06012858486571272,False,-1,88,0.5756788894852509,True,0.533844072588213,0.34996140803858905,0.05102434830870747,0.3530566943706509,0.5756788894852509
20261248,18,0.9,16,32,grid,0.0,0.005,False,-1,387,0.0759435447335848,True,0.6440684790372223,0.38012464327136186,0.11687555377794899,0.02521408790100647,0.0759435447335848
20261248,18,0.9,16,32,grid,1.0,0.007632145998180043,False,-1,312,0.15915487883598986,True,0.5352297394415945,0.2527811832370719,0.04677943624497495,0.037631040548810266,0.15915487883598986
20261248,18,0.9,16,32,grid,2.0,0.01164993050750713,False,-1,195,0.2536301069280193,True,0.4301314541912343,0.15294940132887033,0.012539546791896974,0.07639701005383388,0.2536301069280193
20261248,18,0.9,16,32,grid,3.0,0.01778279410038923,False,-1,144,0.34885014877794057,True,0.3537057903454249,0.09480890048656851,0.0017367916936311758,0.12967853165131554,0.34885014877794057
20261248,18,0.9,16,32,grid,4.0,0.027144176165949066,False,-1,88,0.4317575313671019,True,0.3325526984088381,0.09227408077763506,0.0028409611066235853,0.19581448602674534,0.4317575313671019
20261248,18,0.9,16,32,grid,5.0,0.04143366309976846,False,-1,86,0.4966760575819376,True,0.39149784120689624,0.1733893350548054,0.01865268890867054,0.28094457646928683,0.4966760575819376
20261248,18,0.9,16,32,grid,6.0,0.0632455532033676,False,-1,89,0.5908042757403231,True,0.5612261568128626,0.3832220671539894,0.05698575593561818,0.3605680723645013,0.5908042757403231
20261248,18,0.9,16,32,grid,7.0,0.096539859156753,False,-1,48,0.7759952362086917,True,0.8839943403768091,0.7396462188763111,0.13930298527307433,0.4010283855755855,0.7759952362086917
20261248,18,0.9,16,32,grid,8.0,0.1473612599456155,False,-1,8,1.1997262684082952,True,1.4827339669552928,1.114109276616407,0.3035959972678529,0.5922403922779924,1.1997262684082952
20261248,18,0.9,16,32,grid,9.0,0.2249365300761397,False,-1,7,2.307780405884738,True,3.2785642302120026,1.3112890948828293,0.3518369111849443,1.5441544854706688,2.307780405884738
20261248,18,0.9,16,32,grid,10.0,0.3433496875730229,False,-1,7,6.655114374796895,True,11.269452262863467,1.9319396984381392,2.234853407818674,2.153731071033657,6.655114374796895
20261248,18,0.9,16,32,grid,11.0,0.524098988797363,False,-1,6,119.1567909285798,True,52.70002947038499,22.283034879143344,93.78418448584426,10817.68053761352,119.1567909285798
20261248,18,0.9,16,32,grid,12.0,0.8,True,773,-1,1000000000000.0,True,922492.3108564593,35372969398.82429,1000000000000.0,1000000000000.0,1000000000000.0
20261248,18,0.9,32,8,joint_aware,,0.06708632967038644,False,-1,89,0.5977661573614846,True,0.5707378267975294,0.42409803811110974,0.04816856441341015,0.3605663250614954,0.5977661573614846
20261248,18,0.9,32,8,correlation_blind,,0.48450346515727244,False,-1,6,2.9592083228485775,True,15.30468642537808,4.626055496941244,3.2258722134237945,27.548671440602384,2.9592083228485775
20261248,18,0.9,32,8,delay_blind,,0.0681741968826708,False,-1,89,0.6019073900014175,True,0.5794782309199474,0.43525915600604215,0.04984164597268659,0.3619661660152864,0.6019073900014175
20261248,18,0.9,32,8,mean_only,,2.1034893587976695,True,122,-1,1000000000000.0,True,1000000000000.0,1000000000000.0,1000000000000.0,1000000000000.0,1000000000000.0
20261248,18,0.9,32,8,worstcase_correlation,,0.061225211651951904,False,-1,87,0.5754389250650968,True,0.5246824922715323,0.3645991088358176,0.03944652162108352,0.35101010582281145,0.5754389250650968
20261248,18,0.9,32,8,grid,0.0,0.005,False,-1,388,0.07773100239187111,True,0.6447806365309549,0.3797551225148313,0.11537182836765254,0.025461954923751993,0.07773100239187111
20261248,18,0.9,32,8,grid,1.0,0.007632145998180043,False,-1,314,0.16175253359974473,True,0.5372123839937472,0.2546620870393494,0.0448937204282014,0.03901436536210016,0.16175253359974473
20261248,18,0.9,32,8,grid,2.0,0.01164993050750713,False,-1,194,0.25622335347226705,True,0.4339236436048084,0.15832547458736318,0.010991668393820014,0.07994408559261562,0.25622335347226705
20261248,18,0.9,32,8,grid,3.0,0.01778279410038923,False,-1,144,0.35118975659657153,True,0.3591145113299019,0.10428149292793282,0.0010010066550768827,0.13615410906696904,0.35118975659657153
20261248,18,0.9,32,8,grid,4.0,0.027144176165949066,False,-1,88,0.43538535769686715,True,0.3375185288535576,0.10479681565754981,0.0016889001980314976,0.20402345023308194,0.43538535769686715
20261248,18,0.9,32,8,grid,5.0,0.04143366309976846,False,-1,86,0.5020991049231591,True,0.39011050283092535,0.1851829652826331,0.013262374614157371,0.2857550698224075,0.5020991049231591
20261248,18,0.9,32,8,grid,6.0,0.0632455532033676,False,-1,88,0.5831270998226327,True,0.5403449682497442,0.3849553798828882,0.042401537268727724,0.35471444351672377,0.5831270998226327
20261248,18,0.9,32,8,grid,7.0,0.096539859156753,False,-1,142,0.7044254623069652,True,0.821528482471539,0.7199361681148153,0.10185633064645819,0.37779562737889827,0.7044254623069652
20261248,18,0.9,32,8,grid,8.0,0.1473612599456155,False,-1,8,0.8781665499962327,True,1.335074600520543,1.1180146348316486,0.21149777828412403,0.4688965061461524,0.8781665499962327
20261248,18,0.9,32,8,grid,9.0,0.2249365300761397,False,-1,7,1.1915125237101019,True,2.749046533880402,1.5956099897127958,0.3160504426928505,0.8522943171154415,1.1915125237101019
20261248,18,0.9,32,8,grid,10.0,0.3433496875730229,False,-1,6,1.9285317275736036,True,8.060267945902984,2.643457044090816,0.9092031647520452,2.6579494871035125,1.9285317275736036
20261248,18,0.9,32,8,grid,11.0,0.524098988797363,False,-1,461,2.9498796120549278,True,19.700253658603778,4.359350367042197,4.245212844477487,28.692952629117126,2.9498796120549278
20261248,18,0.9,32,8,grid,12.0,0.8,True,555,-1,1000000000000.0,True,121435.4572816366,1088276594.8539705,1000000000000.0,1000000000000.0,1000000000000.0
20261248,18,0.9,32,32,joint_aware,,0.061344496040986844,False,-1,115,0.6000699893970726,True,0.6475398307879584,0.5161678326138325,0.05197690909391253,0.44283560893068274,0.6000699893970726
20261248,18,0.9,32,32,correlation_blind,,0.2890855861645199,False,-1,8,5.941581046069535,True,2.8249537414510852,3.788724945123303,7.8116083811829515,7.161930760661315,5.941581046069535
20261248,18,0.9,32,32,delay_blind,,0.0681741968826708,False,-1,136,0.6479092910004706,True,0.7354272379120741,0.6365344175115514,0.06408354833855166,0.46128829655813264,0.6479092910004706
20261248,18,0.9,32,32,mean_only,,0.5345835420861842,True,1611,96,1000000000000.0,True,83.98773201708097,872.1834519933582,68381906.8609716,1000000000000.0,1000000000000.0
20261248,18,0.9,32,32,worstcase_correlation,,0.056406811991134544,False,-1,114,0.5682757656382713,True,0.5873945301169562,0.4360918902352407,0.04390386073639637,0.42428319899789324,0.5682757656382713
20261248,18,0.9,32,32,grid,0.0,0.005,False,-1,386,0.07914543883157746,True,0.6399048380369999,0.3743171566992721,0.11262024459496983,0.026437914625222214,0.07914543883157746
20261248,18,0.9,32,32,grid,1.0,0.007632145998180043,False,-1,312,0.16404186682722569,True,0.529365863435341,0.2484761310742181,0.04309097110141103,0.04172335261673337,0.16404186682722569
20261248,18,0.9,32,32,grid,2.0,0.01164993050750713,False,-1,186,0.2587982171962979,True,0.4237677757743191,0.15389874658063646,0.010478564076547285,0.08509643314940402,0.2587982171962979
20261248,18,0.9,32,32,grid,3.0,0.01778279410038923,False,-1,142,0.3528636089751698,True,0.35095064073908655,0.10565759566492508,0.0011894957195560845,0.14586077185121488,0.3528636089751698
20261248,18,0.9,32,32,grid,4.0,0.027144176165949066,False,-1,88,0.43240974903264984,True,0.34204936582786016,0.119822444867721,0.002126464572409513,0.22667321299713133,0.43240974903264984
20261248,18,0.9,32,32,grid,5.0,0.04143366309976846,False,-1,87,0.49364868044813953,True,0.4309591100617136,0.23606292632892964,0.018891374992910888,0.3395758331337392,0.49364868044813953
20261248,18,0.9,32,32,grid,6.0,0.0632455532033676,False,-1,115,0.6130313640733994,True,0.6715120022640637,0.5486150796636795,0.0551726816388912,0.4487942642328755,0.6130313640733994
20261248,18,0.9,32,32,grid,7.0,0.096539859156753,False,-1,48,0.8440040880689038,True,1.1398476900320285,1.214899787484552,0.1748044171794574,0.45413727212108135,0.8440040880689038
20261248,18,0.9,32,32,grid,8.0,0.1473612599456155,False,-1,8,1.2163267178587434,True,2.142531784510031,2.309557404165193,0.7117017436967218,0.35458073856471317,1.2163267178587434
20261248,18,0.9,32,32,grid,9.0,0.2249365300761397,False,-1,8,2.76026826125266,True,3.4122218710582937,3.460167194641855,1.2685706226888573,9.409786620746749,2.76026826125266
20261248,18,0.9,32,32,grid,10.0,0.3433496875730229,False,-1,8,89.88218185462199,True,3.4722641586771816,3.7982232979008055,110.49325211297864,811.4763370690249,89.88218185462199
20261248,18,0.9,32,32,grid,11.0,0.524098988797363,True,1672,95,1000000000000.0,True,66.97448396869116,613.565143539646,46145956.2783356,1000000000000.0,1000000000000.0
20261248,18,0.9,32,32,grid,12.0,0.8,True,1035,-1,1000000000000.0,True,2507.8522972121336,1465078.6009373525,333660626127.9772,1000000000000.0,1000000000000.0
20261249,19,0.0,16,8,joint_aware,,0.4363488632302189,False,-1,3,0.0672476231456506,True,0.23549773883910188,0.59398266517729,0.11862763068767895,0.12515732676863184,0.0672476231456506
20261249,19,0.0,16,8,correlation_blind,,0.4363488632302189,False,-1,3,0.0672476231456506,True,0.23549773883910188,0.59398266517729,0.11862763068767895,0.12515732676863184,0.0672476231456506
20261249,19,0.0,16,8,delay_blind,,0.4373927810905379,False,-1,3,0.06753511192061336,True,0.2357213661672441,0.5959632936482695,0.11906818050046977,0.1257225620029003,0.06753511192061336
20261249,19,0.0,16,8,mean_only,,4.115057114511728,True,76,-1,1000000000000.0,True,1000000000000.0,1000000000000.0,1000000000000.0,1000000000000.0,1000000000000.0
20261249,19,0.0,16,8,worstcase_correlation,,0.062108907189348216,False,-1,24,0.0022852805653079075,True,0.038996685361475075,0.06508299774941902,0.020303291545030196,0.007895458461029964,0.0022852805653079075
20261249,19,0.0,16,8,grid,0.0,0.005,False,-1,273,0.005628284442576442,True,0.5220379476749034,0.2821518483575063,0.1384264834053441,0.03972150269777259,0.005628284442576442
20261249,19,0.0,16,8,grid,1.0,0.007632145998180043,False,-1,174,0.0016599264513182295,True,0.37982953259467156,0.1521157825199471,0.07106474555276572,0.013730797595049136,0.0016599264513182295
20261249,19,0.0,16,8,grid,2.0,0.01164993050750713,False,-1,112,0.0011749218372505363,True,0.2394518533198589,0.05852783993667246,0.035011780713655266,0.004297934448111178,0.0011749218372505363
20261249,19,0.0,16,8,grid,3.0,0.01778279410038923,False,-1,74,0.0008476942483939552,True,0.12372131832726689,0.011133729763451741,0.019626854801086377,0.003208762716601374,0.0008476942483939552
20261249,19,0.0,16,8,grid,4.0,0.027144176165949066,False,-1,54,0.0006627679676645035,True,0.05067303405546891,0.006275974448144964,0.015263253590525303,0.004460894773535297,0.0006627679676645035
20261249,19,0.0,16,8,grid,5.0,0.04143366309976846,False,-1,38,0.0012029983792181606,True,0.02531714473448246,0.0310997916998043,0.016418753702316505,0.006151680483014094,0.0012029983792181606
20261249,19,0.0,16,8,grid,6.0,0.0632455532033676,False,-1,24,0.002333800784978026,True,0.04028829973141203,0.06660494085216107,0.020488186325596826,0.007981629119495575,0.002333800784978026
20261249,19,0.0,16,8,grid,7.0,0.096539859156753,False,-1,19,0.003495203107378353,True,0.08059729659115497,0.10262087610286075,0.024315176108265592,0.01079871515855279,0.003495203107378353
20261249,19,0.0,16,8,grid,8.0,0.1473612599456155,False,-1,11,0.007131229278366036,True,0.12750083600402182,0.15364526259461897,0.02994551583345475,0.017685409257102554,0.007131229278366036
20261249,19,0.0,16,8,grid,9.0,0.2249365300761397,False,-1,4,0.01841356884135477,True,0.17057155349827524,0.24897084443173195,0.04612928130384612,0.03558052924889228,0.01841356884135477
20261249,19,0.0,16,8,grid,10.0,0.3433496875730229,False,-1,3,0.04305307333118509,True,0.21227052110261596,0.428604613979716,0.08306254665312032,0.07902618275908915,0.04305307333118509
20261249,19,0.0,16,8,grid,11.0,0.524098988797363,False,-1,3,0.09183319600297928,True,0.25186719397245994,0.7708954613228971,0.1595025066867407,0.17511379549886608,0.09183319600297928
20261249,19,0.0,16,8,grid,12.0,0.8,False,-1,1,0.16297571552265905,True,0.2832959490125667,1.4935585514382435,0.3253871715142946,0.33238525322650014,0.16297571552265905
20261249,19,0.0,16,32,joint_aware,,0.3543562147008278,False,-1,3,0.07856080706940395,True,0.2543555335522067,0.6149705259033049,0.10432604416237395,0.20681115933674069,0.07856080706940395
20261249,19,0.0,16,32,correlation_blind,,0.3543562147008278,False,-1,3,0.07856080706940395,True,0.2543555335522067,0.6149705259033049,0.10432604416237395,0.20681115933674069,0.07856080706940395
20261249,19,0.0,16,32,delay_blind,,0.4373927810905379,False,-1,3,0.12715571868548348,True,0.29372717364967826,0.9084530078342735,0.1324917265863143,0.33340146907597346,0.12715571868548348
20261249,19,0.0,16,32,mean_only,,1.2931845703348515,True,2121,1,1000000000000.0,True,215.4322183446547,82732.41403174259,12410.129511555846,2304711052.2782803,1000000000000.0
20261249,19,0.0,16,32,worstcase_correlation,,0.06012858486571272,False,-1,24,0.0023555038386995422,True,0.037791507999947016,0.06531308119274015,0.019199150224593835,0.008346393145046644,0.0023555038386995422
20261249,19,0.0,16,32,grid,0.0,0.005,False,-1,269,0.0055839516118548795,True,0.5200654317400175,0.28040578779618164,0.13762574937459035,0.03946407311171485,0.0055839516118548795
20261249,19,0.0,16,32,grid,1.0,0.007632145998180043,False,-1,171,0.0016553850674680683,True,0.37681376963430013,0.1502029403688554,0.07051174014003289,0.013589883350919338,0.0016553850674680683
20261249,19,0.0,16,32,grid,2.0,0.01164993050750713,False,-1,111,0.0011774794026917846,True,0.2355846989194152,0.05695858727726491,0.03472930144042682,0.004291889493287463,0.0011774794026917846
20261249,19,0.0,16,32,grid,3.0,0.01778279410038923,False,-1,72,0.0008485855959934267,True,0.11976746252245683,0.010377119811490953,0.019541580194588175,0.0033249159399040655,0.0008485855959934267
20261249,19,0.0,16,32,grid,4.0,0.027144176165949066,False,-1,52,0.0006929184103983913,True,0.047730901682154804,0.006644622193826832,0.01526372329499,0.00466008071112715,0.0006929184103983913
20261249,19,0.0,16,32,grid,5.0,0.04143366309976846,False,-1,37,0.0013094160912337346,True,0.02429093544469476,0.03284706463760815,0.016250301536037473,0.006448426749846005,0.0013094160912337346
20261249,19,0.0,16,32,grid,6.0,0.0632455532033676,False,-1,23,0.0024975248580947785,True,0.04153070125304915,0.06974345263504385,0.01958994506625877,0.008672694999181194,0.0024975248580947785
20261249,19,0.0,16,32,grid,7.0,0.096539859156753,False,-1,16,0.004046226732055993,True,0.08330773138572563,0.10857234024396506,0.022047534984117666,0.013531307531696849,0.004046226732055993
20261249,19,0.0,16,32,grid,8.0,0.1473612599456155,False,-1,7,0.011043455069290737,True,0.1302818689748699,0.16881071385687496,0.02604135614390052,0.02874453318862127,0.011043455069290737
20261249,19,0.0,16,32,grid,9.0,0.2249365300761397,False,-1,4,0.033152947881793876,True,0.17895361575847588,0.29351903105093696,0.044082621908318353,0.07156412386838057,0.033152947881793876
20261249,19,0.0,16,32,grid,10.0,0.3433496875730229,False,-1,3,0.0740597548546476,True,0.24831546817567413,0.5812920870740389,0.0995245879960196,0.19157248722898473,0.0740597548546476
20261249,19,0.0,16,32,grid,11.0,0.524098988797363,False,-1,3,0.22665020357872925,True,0.3244921743845637,1.2994621701347178,0.17059676507383081,0.46881582650465714,0.22665020357872925
20261249,19,0.0,16,32,grid,12.0,0.8,False,-1,1,1.3509664307603866,True,0.8353954036598743,5.265870643574299,0.6605379315109536,1.9649401397361292,1.3509664307603866
20261249,19,0.0,32,8,joint_aware,,0.48450346515727244,False,-1,3,0.08702565336590784,True,0.10970458076915623,0.19048269519701178,0.018449540720759168,0.11200367495013314,0.08702565336590784
20261249,19,0.0,32,8,correlation_blind,,0.48450346515727244,False,-1,3,0.08702565336590784,True,0.10970458076915623,0.19048269519701178,0.018449540720759168,0.11200367495013314,0.08702565336590784
20261249,19,0.0,32,8,delay_blind,,0.5476125865680102,False,-1,3,0.10591914581798029,True,0.11542234382942163,0.21972876731368762,0.01688921130391483,0.12848936159528962,0.10591914581798029
20261249,19,0.0,32,8,mean_only,,2.1034893587976695,True,1605,1,1000000000000.0,True,97.69735223244099,19.67374933611702,9333231.250615362,1000000000000.0,1000000000000.0
20261249,19,0.0,32,8,worstcase_correlation,,0.061225211651951904,False,-1,21,0.007102104551645118,True,0.01985759038968096,0.010071341150004277,0.002556199208146646,0.004808885281803109,0.007102104551645118
20261249,19,0.0,32,8,grid,0.0,0.005,False,-1,279,0.006720145266463249,True,0.5325904609449387,0.29998097984977207,0.1396165760170187,0.04285687751579821,0.006720145266463249
20261249,19,0.0,32,8,grid,1.0,0.007632145998180043,False,-1,180,0.0018794067832098393,True,0.39829410837374835,0.17747261412887733,0.06801222906395141,0.016059989121886255,0.0018794067832098393
20261249,19,0.0,32,8,grid,2.0,0.01164993050750713,False,-1,116,0.0010689838950265615,True,0.26799576353209814,0.08653286252586803,0.026693387872529825,0.005286841226777359,0.0010689838950265615
20261249,19,0.0,32,8,grid,3.0,0.01778279410038923,False,-1,74,0.001554266534481052,True,0.1598864033899302,0.031064297177761754,0.008033921727543546,0.0026756444670914775,0.001554266534481052
20261249,19,0.0,32,8,grid,4.0,0.027144176165949066,False,-1,53,0.002828320677897375,True,0.08370577731002007,0.005312749500090364,0.002838222917049416,0.0025664728380066413,0.002828320677897375
20261249,19,0.0,32,8,grid,5.0,0.04143366309976846,False,-1,35,0.004803955653273224,True,0.03852663332603984,0.0014799985544413747,0.002347987464172371,0.0032155341259117566,0.004803955653273224
20261249,19,0.0,32,8,grid,6.0,0.0632455532033676,False,-1,21,0.007303432883092882,True,0.019150173055016678,0.011078690201973634,0.002579623568059126,0.005017161610836836,0.007303432883092882
20261249,19,0.0,32,8,grid,7.0,0.096539859156753,False,-1,15,0.010021372534429402,True,0.018735378961435456,0.02669265649670723,0.003262679781988564,0.009750650848132602,0.010021372534429402
20261249,19,0.0,32,8,grid,8.0,0.1473612599456155,False,-1,10,0.013972167439398157,True,0.029411107099881876,0.047833924345066614,0.006733271095890739,0.02150752671579717,0.013972167439398157
20261249,19,0.0,32,8,grid,9.0,0.2249365300761397,False,-1,5,0.023385545590237644,True,0.051410223532335375,0.07874691560595896,0.015584759062255704,0.04456772269492209,0.023385545590237644
20261249,19,0.0,32,8,grid,10.0,0.3433496875730229,False,-1,4,0.04694095415149258,True,0.08454568634384821,0.1279637517491508,0.0222332920135809,0.07874150026157933,0.04694095415149258
20261249,19,0.0,32,8,grid,11.0,0.524098988797363,False,-1,3,0.09900280108502052,True,0.11367160671071205,0.20872850985849978,0.017386121847092314,0.12185018015779542,0.09900280108502052
20261249,19,0.0,32,8,grid,12.0,0.8,False,-1,2,0.16207984473694573,True,0.11495356929590327,0.34265189447012917,0.011878950763122207,0.2702353264642517,0.16207984473694573
20261249,19,0.0,32,32,joint_aware,,0.2890855861645199,False,-1,4,0.05601781297180282,True,0.27525890166738276,0.1499668917107038,0.18441047685740747,0.16560991141754247,0.05601781297180282
20261249,19,0.0,32,32,correlation_blind,,0.2890855861645199,False,-1,4,0.05601781297180282,True,0.27525890166738276,0.1499668917107038,0.18441047685740747,0.16560991141754247,0.05601781297180282
20261249,19,0.0,32,32,delay_blind,,0.5476125865680102,False,-1,3,32416.067156757053,True,0.6655505264632476,1.1646903194953695,25.735937971803338,178.35949673990947,32416.067156757053
20261249,19,0.0,32,32,mean_only,,0.5345835420861842,False,-1,3,75992.34818385824,True,0.6321370101492102,0.9563143006140754,10.38714679693593,327.60591578425164,75992.34818385824
20261249,19,0.0,32,32,worstcase_correlation,,0.056406811991134544,False,-1,21,0.007806515528440816,True,0.020482248425558177,0.009466550000949389,0.002453973289417154,0.005125533140571937,0.007806515528440816
20261249,19,0.0,32,32,grid,0.0,0.005,False,-1,276,0.006610223210549029,True,0.5278752305079413,0.29586366667485486,0.13751266048595515,0.04225715849194663,0.006610223210549029
20261249,19,0.0,32,32,grid,1.0,0.007632145998180043,False,-1,174,0.0018461768001494276,True,0.39131148725029963,0.1731141414507373,0.06637308624420823,0.01571253277412142,0.0018461768001494276
20261249,19,0.0,32,32,grid,2.0,0.01164993050750713,False,-1,113,0.0010902074463115944,True,0.2595125988164665,0.08294924361355165,0.025618978419860616,0.0051763003298009105,0.0010902074463115944
20261249,19,0.0,32,32,grid,3.0,0.01778279410038923,False,-1,71,0.0016582523433139082,True,0.15165826109911634,0.028800500628164992,0.007500497412171151,0.002741850240128462,0.0016582523433139082
20261249,19,0.0,32,32,grid,4.0,0.027144176165949066,False,-1,49,0.0031200226427701844,True,0.0770468016054421,0.004383437335507857,0.002703320226736835,0.002739528794624146,0.0031200226427701844
20261249,19,0.0,32,32,grid,5.0,0.04143366309976846,False,-1,30,0.0055165433937559875,True,0.0341165696148407,0.002072751773838484,0.0023351705334896974,0.003575726252521526,0.0055165433937559875
20261249,19,0.0,32,32,grid,6.0,0.0632455532033676,False,-1,20,0.00873120159984452,True,0.018733195728134824,0.013329645260573649,0.0024497360428649244,0.006094353836013614,0.00873120159984452
20261249,19,0.0,32,32,grid,7.0,0.096539859156753,False,-1,15,0.012350335505228393,True,0.021705198069721085,0.03182233085770739,0.0023834234124517984,0.013862927517324068,0.012350335505228393
20261249,19,0.0,32,32,grid,8.0,0.1473612599456155,False,-1,8,0.015847699514418088,True,0.032248436206042466,0.057598717140775864,0.009077709456883848,0.045182275732106814,0.015847699514418088
20261249,19,0.0,32,32,grid,9.0,0.2249365300761397,False,-1,5,0.028647410075328072,True,0.0904351573739222,0.0954553939649039,0.06419660285004344,0.14557410977054897,0.028647410075328072
20261249,19,0.0,32,32,grid,10.0,0.3433496875730229,False,-1,4,0.06658824144198784,True,0.5544131551695801,0.24526490966919626,0.42903693284597094,0.14467901138254763,0.06658824144198784
20261249,19,0.0,32,32,grid,11.0,0.524098988797363,False,-1,3,6777.557339300704,True,0.6095809831098118,0.7801432355045076,4.339477112609142,54.556028413315055,6777.557339300704
20261249,19,0.0,32,32,grid,12.0,0.8,True,1844,2,1000000000000.0,True,42.105677646413056,2143.069532041751,1004848.8826355451,1000000000000.0,1000000000000.0
20261249,19,0.9,16,8,joint_aware,,0.06793567174124356,False,-1,50,0.33840760194686537,True,0.1120851171206929,0.4542381516609152,0.7976139356279127,0.5608100775522499,0.33840760194686537
20261249,19,0.9,16,8,correlation_blind,,0.4363488632302189,False,-1,241,1.4122722698155057,True,1.735931576572816,5.234435371682106,8.339374205211895,21.857045190099125,1.4122722698155057
20261249,19,0.9,16,8,delay_blind,,0.0679609250345928,False,-1,50,0.33864214490347777,True,0.11213582222855552,0.45436517461207776,0.7978929856873166,0.5609775596561799,0.33864214490347777
20261249,19,0.9,16,8,mean_only,,4.115057114511728,True,27,-1,1000000000000.0,True,1000000000000.0,1000000000000.0,1000000000000.0,1000000000000.0,1000000000000.0
20261249,19,0.9,16,8,worstcase_correlation,,0.062108907189348216,False,-1,50,0.28412293282493284,True,0.10081722322332444,0.42427023060675106,0.7334917549202836,0.5205300591268548,0.28412293282493284
20261249,19,0.9,16,8,grid,0.0,0.005,False,-1,284,0.05430150403869305,True,0.5541278494677795,0.3800135775394883,0.21168408578485165,0.03549448219346305,0.05430150403869305
20261249,19,0.9,16,8,grid,1.0,0.007632145998180043,False,-1,202,0.05447332365444638,True,0.4198995560364964,0.26127359309469783,0.1526874740938423,0.022043893523696484,0.05447332365444638
20261249,19,0.9,16,8,grid,2.0,0.01164993050750713,False,-1,172,0.05193133961582484,True,0.28567200834747225,0.17821953635452273,0.14744791883002908,0.04940760137757722,0.05193133961582484
20261249,19,0.9,16,8,grid,3.0,0.01778279410038923,False,-1,69,0.03745490321110371,True,0.17259435445528915,0.1522053095021979,0.20333825292124685,0.11083191367999841,0.03745490321110371
20261249,19,0.9,16,8,grid,4.0,0.027144176165949066,False,-1,61,0.03484560061464732,True,0.09939917383069073,0.19574678611007623,0.3226327050034686,0.20772266097661254,0.03484560061464732
20261249,19,0.9,16,8,grid,5.0,0.04143366309976846,False,-1,51,0.1051972189589235,True,0.07596565946880687,0.2992030114666932,0.5007666943525575,0.3491600956553825,0.1051972189589235
20261249,19,0.9,16,8,grid,6.0,0.0632455532033676,False,-1,50,0.29471966576773645,True,0.10293862458142992,0.430233022436629,0.7459739696447433,0.5286485162347316,0.29471966576773645
20261249,19,0.9,16,8,grid,7.0,0.096539859156753,False,-1,21,0.588189461157119,True,0.17333860818413685,0.5934286597803323,1.1336980177493885,0.7165049988645767,0.588189461157119
20261249,19,0.9,16,8,grid,8.0,0.1473612599456155,False,-1,21,0.9387175655468663,True,0.2651344280172302,0.863370310941435,1.89825899095621,0.878239046684601,0.9387175655468663
20261249,19,0.9,16,8,grid,9.0,0.2249365300761397,False,-1,86,1.330682925178428,True,0.32150838718534036,1.3924546826981101,3.3756313233409747,1.2330493818974229,1.330682925178428
20261249,19,0.9,16,8,grid,10.0,0.3433496875730229,False,-1,27,1.530063612813561,True,0.9336841447205121,2.9044745497316917,5.000544679853592,5.263289286579315,1.530063612813561
20261249,19,0.9,16,8,grid,11.0,0.524098988797363,False,-1,455,1.655207824026877,True,284.2282767379047,8.358255369464175,423.9569345169655,82.10193939429402,1.655207824026877
20261249,19,0.9,16,8,grid,12.0,0.8,True,420,-1,1000000000000.0,True,897117533.6162816,1000000000000.0,1000000000000.0,1000000000000.0,1000000000000.0
20261249,19,0.9,16,32,joint_aware,,0.06557341714513457,False,-1,22,0.40366856998748385,True,0.10841874711145891,0.4648911295734234,0.8273596885542893,0.6138743873562662,0.40366856998748385
20261249,19,0.9,16,32,correlation_blind,,0.3543562147008278,False,-1,111,7.925940793220859,True,0.7769959537291882,3.277114976490296,5.241552451090538,2.052296816037109,7.925940793220859
20261249,19,0.9,16,32,delay_blind,,0.0679609250345928,False,-1,22,0.4321524401625293,True,0.11406087708022,0.4787735223290865,0.8573767112365879,0.6353437870868561,0.4321524401625293
20261249,19,0.9,16,32,mean_only,,1.2931845703348515,True,193,1,1000000000000.0,True,1000000000000.0,1000000000000.0,1000000000000.0,1000000000000.0,1000000000000.0
20261249,19,0.9,16,32,worstcase_correlation,,0.06012858486571272,False,-1,50,0.3389260517259571,True,0.09634309629821104,0.43297380061294205,0.7596083759000545,0.5631018227415635,0.3389260517259571
20261249,19,0.9,16,32,grid,0.0,0.005,False,-1,281,0.05357528171530159,True,0.5513165356963664,0.3770786504457759,0.20990566123934376,0.03409567094138419,0.05357528171530159
20261249,19,0.9,16,32,grid,1.0,0.007632145998180043,False,-1,201,0.05366854998736384,True,0.4151845371914233,0.25752274746317555,0.1516682174448482,0.020827104931883993,0.05366854998736384
20261249,19,0.9,16,32,grid,2.0,0.01164993050750713,False,-1,171,0.050897178231268915,True,0.2787220156682198,0.17467204944199022,0.14857918678411983,0.048272389520377025,0.050897178231268915
20261249,19,0.9,16,32,grid,3.0,0.01778279410038923,False,-1,69,0.03669135990684294,True,0.16389548382677147,0.15089712891638096,0.20884243242838763,0.11017924715177105,0.03669135990684294
20261249,19,0.9,16,32,grid,4.0,0.027144176165949066,False,-1,59,0.04021954261492072,True,0.09061341763947214,0.19956313533000977,0.3356508606971568,0.21146256378772765,0.04021954261492072
20261249,19,0.9,16,32,grid,5.0,0.04143366309976846,False,-1,50,0.13418355738651744,True,0.06977335232688354,0.3103082581311537,0.5264774950327267,0.3703756811927156,0.13418355738651744
20261249,19,0.9,16,32,grid,6.0,0.0632455532033676,False,-1,50,0.37592659761594155,True,0.10311100368508422,0.4513177802614524,0.7982948505727695,0.592474593502299,0.37592659761594155
20261249,19,0.9,16,32,grid,7.0,0.096539859156753,False,-1,21,0.7697180503121007,True,0.1932895873619505,0.6592839707282085,1.2492595451701123,0.8520719645244871,0.7697180503121007
20261249,19,0.9,16,32,grid,8.0,0.1473612599456155,False,-1,21,1.4272306856789894,True,0.33173192898067155,1.0996189026103047,2.1755098971673723,1.015920111506007,1.4272306856789894
20261249,19,0.9,16,32,grid,9.0,0.2249365300761397,False,-1,21,2.94978030502687,True,0.2249947696410125,1.7124219440538253,3.5986607995735027,0.7503688356816671,2.94978030502687
20261249,19,0.9,16,32,grid,10.0,0.3433496875730229,False,-1,111,7.507084379938323,True,0.5581106201196234,3.1659952611069633,5.037713344296637,1.4972565231924981,7.507084379938323
20261249,19,0.9,16,32,grid,11.0,0.524098988797363,False,-1,-1,7014849.610241268,True,286.31617549381554,317.03005094345224,514.9104049529096,16366.410810699004,7014849.610241268
20261249,19,0.9,16,32,grid,12.0,0.8,True,767,-1,1000000000000.0,True,2076649.6866466207,49530744.82421681,1000000000000.0,1000000000000.0,1000000000000.0
20261249,19,0.9,32,8,joint_aware,,0.06708632967038644,False,-1,22,0.3524501557837454,True,0.1152326259738475,0.44813903740693056,0.8512370957811248,0.5535613193127118,0.3524501557837454
20261249,19,0.9,32,8,correlation_blind,,0.48450346515727244,False,-1,257,7.80468830262738,True,1.7955656449477115,8.993093885516894,12.633197919024326,13.029180586866165,7.80468830262738
20261249,19,0.9,32,8,delay_blind,,0.0681741968826708,False,-1,22,0.36367522032708793,True,0.1177767868704835,0.45357987750793194,0.8635761895386757,0.5609073629828901,0.36367522032708793
20261249,19,0.9,32,8,mean_only,,2.1034893587976695,True,90,1,1000000000000.0,True,1000000000000.0,1000000000000.0,1000000000000.0,1000000000000.0,1000000000000.0
20261249,19,0.9,32,8,worstcase_correlation,,0.061225211651951904,False,-1,50,0.2926226076561577,True,0.10216580226957356,0.4180433101427186,0.7845470953470792,0.511859220495477,0.2926226076561577
20261249,19,0.9,32,8,grid,0.0,0.005,False,-1,281,0.0529652659992546,True,0.551343259780515,0.37395672326477786,0.20455022539826626,0.03413113693800306,0.0529652659992546
20261249,19,0.9,32,8,grid,1.0,0.007632145998180043,False,-1,201,0.05378207285709582,True,0.4158252969672281,0.2540811807359739,0.14735173891281067,0.020762321767723822,0.05378207285709582
20261249,19,0.9,32,8,grid,2.0,0.01164993050750713,False,-1,171,0.052249503212798074,True,0.2802874244218535,0.17068920878204927,0.14689496788702555,0.04670332172722098,0.052249503212798074
20261249,19,0.9,32,8,grid,3.0,0.01778279410038923,False,-1,69,0.03904232497854928,True,0.16646995905665746,0.1456629495662038,0.21253895081073734,0.10541753475656282,0.03904232497854928
20261249,19,0.9,32,8,grid,4.0,0.027144176165949066,False,-1,61,0.03809438817392026,True,0.09391410247119651,0.19167789148326284,0.34798938452141837,0.200581635246938,0.03809438817392026
20261249,19,0.9,32,8,grid,5.0,0.04143366309976846,False,-1,50,0.11182386914100986,True,0.07339883904389848,0.29770687994240497,0.5462144197588409,0.34350576256702925,0.11182386914100986
20261249,19,0.9,32,8,grid,6.0,0.0632455532033676,False,-1,50,0.3130989066717979,True,0.10653585773119877,0.4285905336021701,0.8076032506655825,0.5266432600639748,0.3130989066717979
20261249,19,0.9,32,8,grid,7.0,0.096539859156753,False,-1,21,0.6617237381679527,True,0.19240527017173012,0.5924445441393039,1.1993369434463177,0.7107557409734657,0.6617237381679527
20261249,19,0.9,32,8,grid,8.0,0.1473612599456155,False,-1,21,1.236698081161974,True,0.3335218520285208,0.8634280480969683,1.9567004647242106,0.7734335894184763,1.236698081161974
20261249,19,0.9,32,8,grid,9.0,0.2249365300761397,False,-1,21,2.3634926668440053,True,0.37304689654196477,1.2656196935774222,3.317437119291343,0.47293273731904945,2.3634926668440053
20261249,19,0.9,32,8,grid,10.0,0.3433496875730229,False,-1,47,4.341463286531838,True,0.7808709802352868,1.9471049269791767,6.349558480221065,0.6275744909657766,4.341463286531838
20261249,19,0.9,32,8,grid,11.0,0.524098988797363,False,-1,759,9.024260110511433,True,4.577167972151326,17.146606351071043,12.211459737044796,72.0317149350268,9.024260110511433
20261249,19,0.9,32,8,grid,12.0,0.8,True,1013,6,1000000000000.0,True,1416.9141016190486,29430.278763193106,133270399929.3858,1000000000000.0,1000000000000.0
20261249,19,0.9,32,32,joint_aware,,0.061344496040986844,False,-1,22,0.4491167262704112,True,0.08747315597541953,0.4589980077909038,0.8907980071998884,0.7075359702026691,0.4491167262704112
20261249,19,0.9,32,32,correlation_blind,,0.2890855861645199,False,-1,21,96.08241237902593,True,45.040653174734715,6.679509811229899,19.490936581689027,19.95353326228293,96.08241237902593
20261249,19,0.9,32,32,delay_blind,,0.0681741968826708,False,-1,21,0.5502626814370059,True,0.10277391496280298,0.4895325138239965,0.994028514051836,0.8117345582622902,0.5502626814370059
20261249,19,0.9,32,32,mean_only,,0.5345835420861842,True,1331,-1,1000000000000.0,True,4379.405467382187,19364.482699631782,643305404.9984806,1000000000000.0,1000000000000.0
20261249,19,0.9,32,32,worstcase_correlation,,0.056406811991134544,False,-1,50,0.37438023783537133,True,0.07772524890362412,0.43441244880556046,0.8170626627913408,0.6353965575891772,0.37438023783537133
20261249,19,0.9,32,32,grid,0.0,0.005,False,-1,279,0.05263617134881064,True,0.5465099814464924,0.3698094348812064,0.20212638957227896,0.032832841025907764,0.05263617134881064
20261249,19,0.9,32,32,grid,1.0,0.007632145998180043,False,-1,200,0.053728209347096434,True,0.4082125718730279,0.24952114870285333,0.14628460129713844,0.020541363085285196,0.053728209347096434
20261249,19,0.9,32,32,grid,2.0,0.01164993050750713,False,-1,169,0.05191589274326103,True,0.27001835962183607,0.16813964007633303,0.14900850738619406,0.0486967066642638,0.05191589274326103
20261249,19,0.9,32,32,grid,3.0,0.01778279410038923,False,-1,69,0.03834935083615594,True,0.15474258891648643,0.15021231986274824,0.22105599249650604,0.11351610955552291,0.03834935083615594
20261249,19,0.9,32,32,grid,4.0,0.027144176165949066,False,-1,58,0.04553648244350123,True,0.08176352639012935,0.21168048334563083,0.36900004561455735,0.2274843956978769,0.04553648244350123
20261249,19,0.9,32,32,grid,5.0,0.04143366309976846,False,-1,50,0.1644203429727613,True,0.059918076697766616,0.3371026559776482,0.5933224930154507,0.42300586077385044,0.1644203429727613
20261249,19,0.9,32,32,grid,6.0,0.0632455532033676,False,-1,22,0.4776835721477053,True,0.09153933177453452,0.4678199716107617,0.9193550418176674,0.735937897966282,0.4776835721477053
20261249,19,0.9,32,32,grid,7.0,0.096539859156753,False,-1,21,0.893904258587713,True,0.18952522848390385,0.6128943338431833,1.4659322771302166,1.3282005805170507,0.893904258587713
20261249,19,0.9,32,32,grid,8.0,0.1473612599456155,False,-1,21,1.4998511347774695,True,0.45667364871708105,1.0203192540686787,3.038406553900772,2.4858617839000687,1.4998511347774695
20261249,19,0.9,32,32,grid,9.0,0.2249365300761397,False,-1,21,3.647291658716537,True,2.254123653250951,3.9571957841408087,12.965924220449779,4.253654927692682,3.647291658716537
20261249,19,0.9,32,32,grid,10.0,0.3433496875730229,False,-1,21,9288075.586527973,True,172.112685914647,63.559323233793094,150.1665076385462,5.977339069425618,9288075.586527973
20261249,19,0.9,32,32,grid,11.0,0.524098988797363,True,1333,-1,1000000000000.0,True,3975.682772137874,19403.497303462056,679443125.6044611,1000000000000.0,1000000000000.0
20261249,19,0.9,32,32,grid,12.0,0.8,True,840,-1,1000000000000.0,True,7778.1038232616975,20397879.411033034,1000000000000.0,1000000000000.0,1000000000000.0
20261250,20,0.0,16,8,joint_aware,,0.4363488632302189,False,-1,12,0.11806086789014374,True,0.18724803468369447,0.22827401244320053,0.33697699016315336,0.8678501316997665,0.11806086789014374
20261250,20,0.0,16,8,correlation_blind,,0.4363488632302189,False,-1,12,0.11806086789014374,True,0.18724803468369447,0.22827401244320053,0.33697699016315336,0.8678501316997665,0.11806086789014374
20261250,20,0.0,16,8,delay_blind,,0.4373927810905379,False,-1,12,0.11819077667875635,True,0.18735636649917356,0.22873746131919093,0.3377851038288098,0.8704914309683742,0.11819077667875635
20261250,20,0.0,16,8,mean_only,,4.115057114511728,True,87,-1,1000000000000.0,True,1000000000000.0,1000000000000.0,1000000000000.0,1000000000000.0,1000000000000.0
20261250,20,0.0,16,8,worstcase_correlation,,0.062108907189348216,False,-1,22,0.014960850739195952,True,0.04183244295296985,0.013468760754585026,0.030753056322874204,0.04441533188281682,0.014960850739195952
20261250,20,0.0,16,8,grid,0.0,0.005,False,-1,277,0.006007574383603731,True,0.5310274922554741,0.30859658759206166,0.1259898168564077,0.04439665801334996,0.006007574383603731
20261250,20,0.0,16,8,grid,1.0,0.007632145998180043,False,-1,190,0.001610536721372251,True,0.3932764131177069,0.18882600684658088,0.06098745623114042,0.02206600943112026,0.001610536721372251
20261250,20,0.0,16,8,grid,2.0,0.01164993050750713,False,-1,122,0.000970994737271564,True,0.25776036330713553,0.10131836267001176,0.027168789148828754,0.013311496612643314,0.000970994737271564
20261250,20,0.0,16,8,grid,3.0,0.01778279410038923,False,-1,85,0.0012663703510320098,True,0.14525870103175545,0.04882872145917036,0.01314833867426395,0.012219252339148012,0.0012663703510320098
20261250,20,0.0,16,8,grid,4.0,0.027144176165949066,False,-1,59,0.002941604268658455,True,0.07136181108930896,0.021912351191342255,0.010503445741434034,0.016838070710561606,0.002941604268658455
20261250,20,0.0,16,8,grid,5.0,0.04143366309976846,False,-1,33,0.007312006498966667,True,0.03969455896229746,0.011119267301895521,0.016166660002940033,0.0271088190806867,0.007312006498966667
20261250,20,0.0,16,8,grid,6.0,0.0632455532033676,False,-1,22,0.0154103345120362,True,0.042505623081889585,0.013855587391352592,0.03166972346279576,0.04546435316693117,0.0154103345120362
20261250,20,0.0,16,8,grid,7.0,0.096539859156753,False,-1,14,0.029552290432658883,True,0.06856319595460672,0.02921733157105628,0.06077859591162682,0.08252642326519632,0.029552290432658883
20261250,20,0.0,16,8,grid,8.0,0.1473612599456155,False,-1,12,0.05117707233173853,True,0.1073440640248078,0.057866936880512095,0.10698237295688227,0.1658054111048876,0.05117707233173853
20261250,20,0.0,16,8,grid,9.0,0.2249365300761397,False,-1,12,0.07679336992131315,True,0.1471527715173703,0.10780113574645347,0.1729155889546543,0.33802825607613735,0.07679336992131315
20261250,20,0.0,16,8,grid,10.0,0.3433496875730229,False,-1,12,0.1033754618964639,True,0.17621075740546582,0.18153915267766735,0.265492341270429,0.6334954341920894,0.1033754618964639
20261250,20,0.0,16,8,grid,11.0,0.524098988797363,False,-1,12,0.12608873780836383,True,0.19690492837912604,0.26283473286518266,0.40553051839583804,1.092922051680799,0.12608873780836383
20261250,20,0.0,16,8,grid,12.0,0.8,False,-1,22,0.13169835261986104,True,0.24159054183051193,0.32460311405287845,0.607113754170225,1.9256892217868005,0.13169835261986104
20261250,20,0.0,16,32,joint_aware,,0.3543562147008278,False,-1,23,0.11020284334516062,True,0.23339607182281283,0.28583529885198156,0.32215199996144517,0.742811285228194,0.11020284334516062
20261250,20,0.0,16,32,correlation_blind,,0.3543562147008278,False,-1,23,0.11020284334516062,True,0.23339607182281283,0.28583529885198156,0.32215199996144517,0.742811285228194,0.11020284334516062
20261250,20,0.0,16,32,delay_blind,,0.4373927810905379,False,-1,25,0.23544164121956762,True,0.23154220401155354,0.3871878292487328,0.4197733677472952,1.0811061551812424,0.23544164121956762
20261250,20,0.0,16,32,mean_only,,1.2931845703348515,True,2355,89,1000000000000.0,True,2.516233169920959,13432.675482376417,2196843.9945929903,11059748731.54838,1000000000000.0
20261250,20,0.0,16,32,worstcase_correlation,,0.06012858486571272,False,-1,19,0.016468849701302975,True,0.04559368245525762,0.013692948139377506,0.03279220541086335,0.04430661291443412,0.016468849701302975
20261250,20,0.0,16,32,grid,0.0,0.005,False,-1,277,0.005955190694313558,True,0.529233389575908,0.3069488533787948,0.1251933609723937,0.044153099377812456,0.005955190694313558
20261250,20,0.0,16,32,grid,1.0,0.007632145998180043,False,-1,189,0.0015815394173901375,True,0.39060064877474354,0.18706956587106097,0.06046340460663379,0.02195957013628941,0.0015815394173901375
20261250,20,0.0,16,32,grid,2.0,0.01164993050750713,False,-1,115,0.0009387107260753919,True,0.2544787539694355,0.0998566679436134,0.026968452713702396,0.013303879350458184,0.0009387107260753919
20261250,20,0.0,16,32,grid,3.0,0.01778279410038923,False,-1,85,0.00126780305040423,True,0.1422068546561264,0.04782051013320014,0.013210975206484132,0.01234843453451185,0.00126780305040423
20261250,20,0.0,16,32,grid,4.0,0.027144176165949066,False,-1,57,0.0031838796156062805,True,0.0697638617185429,0.021148887939331167,0.010954027290111629,0.017264743594742997,0.0031838796156062805
20261250,20,0.0,16,32,grid,5.0,0.04143366309976846,False,-1,32,0.008244568667422698,True,0.040871905076673605,0.010744008018772398,0.017656706854540623,0.028083065783333586,0.008244568667422698
20261250,20,0.0,16,32,grid,6.0,0.0632455532033676,False,-1,18,0.017978052180652203,True,0.04800446785432569,0.014955736024044871,0.03569364712549957,0.047272170091494224,0.017978052180652203
20261250,20,0.0,16,32,grid,7.0,0.096539859156753,False,-1,14,0.03571435798411546,True,0.08199821301892679,0.03272039486226486,0.06945622605972764,0.08590397337199798,0.03571435798411546
20261250,20,0.0,16,32,grid,8.0,0.1473612599456155,False,-1,13,0.060076342932002105,True,0.13400628188799282,0.06671735173056226,0.12220435930476214,0.17406728044044786,0.060076342932002105
20261250,20,0.0,16,32,grid,9.0,0.2249365300761397,False,-1,14,0.07438293920167781,True,0.19088274597405375,0.1380307988648913,0.1963404147223169,0.3604141900467772,0.07438293920167781
20261250,20,0.0,16,32,grid,10.0,0.3433496875730229,False,-1,23,0.10160947195948801,True,0.23236905551803766,0.272364660068123,0.3105813263402517,0.7054463570566449,0.10160947195948801
20261250,20,0.0,16,32,grid,11.0,0.524098988797363,False,-1,25,0.47274003499804085,True,0.2476134663108841,0.47861862176004016,0.561858279135122,1.5115052869355041,0.47274003499804085
20261250,20,0.0,16,32,grid,12.0,0.8,False,-1,25,1.215516242989837,True,1.9124460602829918,0.848903166307777,1.1849362909191359,4.808251037864233,1.215516242989837
20261250,20,0.0,32,8,joint_aware,,0.48450346515727244,False,-1,4,0.17313977897005678,True,0.09402438819347722,0.21993147457688278,0.5431885771972261,0.3350745279065566,0.17313977897005678
20261250,20,0.0,32,8,correlation_blind,,0.48450346515727244,False,-1,4,0.17313977897005678,True,0.09402438819347722,0.21993147457688278,0.5431885771972261,0.3350745279065566,0.17313977897005678
20261250,20,0.0,32,8,delay_blind,,0.5476125865680102,False,-1,4,0.19347872080354334,True,0.11719226703763233,0.2686821216324621,0.6285808939037253,0.3625418571439423,0.19347872080354334
20261250,20,0.0,32,8,mean_only,,2.1034893587976695,True,1112,1,1000000000000.0,True,122.3927551549476,7468.7171111828175,2128699313.8608325,1000000000000.0,1000000000000.0
20261250,20,0.0,32,8,worstcase_correlation,,0.061225211651951904,False,-1,19,0.002841524935602916,True,0.02437847263078561,0.019932768204773785,0.04169985723095467,0.0463206389460583,0.002841524935602916
20261250,20,0.0,32,8,grid,0.0,0.005,False,-1,276,0.00820402781143269,True,0.5267137870093008,0.3108294268409398,0.14163901073293764,0.05921885310752659,0.00820402781143269
20261250,20,0.0,32,8,grid,1.0,0.007632145998180043,False,-1,185,0.002195928920648641,True,0.3861601754142886,0.1932339672803777,0.07567497543563044,0.03382544605733323,0.002195928920648641
20261250,20,0.0,32,8,grid,2.0,0.01164993050750713,False,-1,122,0.0008621858717301496,True,0.2472151137887824,0.10874150243495186,0.0395643700302591,0.021986253158797108,0.0008621858717301496
20261250,20,0.0,32,8,grid,3.0,0.01778279410038923,False,-1,79,0.0007923210495956866,True,0.13160586850893652,0.05970353952268373,0.02293795229933434,0.019612602306129014,0.0007923210495956866
20261250,20,0.0,32,8,grid,4.0,0.027144176165949066,False,-1,46,0.0011658934875410929,True,0.0562186636321636,0.035475414909701554,0.018577057129450958,0.024204835452461694,0.0011658934875410929
20261250,20,0.0,32,8,grid,5.0,0.04143366309976846,False,-1,31,0.001965132511730529,True,0.024687764201119282,0.02381867672187977,0.024861919950081142,0.033617596099387546,0.001965132511730529
20261250,20,0.0,32,8,grid,6.0,0.0632455532033676,False,-1,18,0.002911293255219622,True,0.02511317103442394,0.019867504372238255,0.0437059114117715,0.047613690832220966,0.002911293255219622
20261250,20,0.0,32,8,grid,7.0,0.096539859156753,False,-1,13,0.004236770786241874,True,0.03923038358532583,0.022039152909195482,0.08175505494511703,0.06972668070619024,0.004236770786241874
20261250,20,0.0,32,8,grid,8.0,0.1473612599456155,False,-1,9,0.01063822762339698,True,0.05372402881131709,0.03074056550739514,0.14863677014579493,0.10686760067303447,0.01063822762339698
20261250,20,0.0,32,8,grid,9.0,0.2249365300761397,False,-1,6,0.036769903858779304,True,0.06137539493859834,0.05542438322785483,0.24608247185974444,0.1674604015700762,0.036769903858779304
20261250,20,0.0,32,8,grid,10.0,0.3433496875730229,False,-1,5,0.10236769678432892,True,0.06702282955652024,0.12005574943598583,0.377618344048793,0.25445326995150924,0.10236769678432892
20261250,20,0.0,32,8,grid,11.0,0.524098988797363,False,-1,4,0.1867698916592566,True,0.10767450421192283,0.25003016331906125,0.5957394857457458,0.35290824838387547,0.1867698916592566
20261250,20,0.0,32,8,grid,12.0,0.8,False,-1,4,0.22454112901845358,True,0.2921275444691909,0.5887687894966809,1.0603210260539564,0.46066846291876345,0.22454112901845358
20261250,20,0.0,32,32,joint_aware,,0.2890855861645199,False,-1,5,0.08145413694114005,True,0.13956493737656803,0.1992654443579867,0.4975834796118367,0.34683233323138846,0.08145413694114005
20261250,20,0.0,32,32,correlation_blind,,0.2890855861645199,False,-1,5,0.08145413694114005,True,0.13956493737656803,0.1992654443579867,0.4975834796118367,0.34683233323138846,0.08145413694114005
20261250,20,0.0,32,32,delay_blind,,0.5476125865680102,False,-1,4,198.07642810259603,True,1.4283797243033265,1.4189727039869715,1.662657337667403,55.702664407446775,198.07642810259603
20261250,20,0.0,32,32,mean_only,,0.5345835420861842,False,-1,4,48.75097059821404,True,1.1532577465698035,1.2505126562146454,2.6491412204974503,28.094443970784646,48.75097059821404
20261250,20,0.0,32,32,worstcase_correlation,,0.056406811991134544,False,-1,20,0.0027396788958878935,True,0.030504866151741184,0.020223431740730564,0.042520543626284706,0.046359202918708854,0.0027396788958878935
20261250,20,0.0,32,32,grid,0.0,0.005,False,-1,268,0.008058468442739945,True,0.5222333050361725,0.3068280502401519,0.1396204010814485,0.05863118649164331,0.008058468442739945
20261250,20,0.0,32,32,grid,1.0,0.007632145998180043,False,-1,182,0.0021358863275043787,True,0.3793850737759205,0.18905096108918792,0.07421363772569732,0.03343611657876224,0.0021358863275043787
20261250,20,0.0,32,32,grid,2.0,0.01164993050750713,False,-1,119,0.0008538808747876117,True,0.23873325244995416,0.10540364204241301,0.03875731500094703,0.02173434106269801,0.0008538808747876117
20261250,20,0.0,32,32,grid,3.0,0.01778279410038923,False,-1,73,0.0008316724099271413,True,0.12335712182627954,0.05772946939074052,0.022606595759943636,0.019645669474250192,0.0008316724099271413
20261250,20,0.0,32,32,grid,4.0,0.027144176165949066,False,-1,42,0.0013148217658349927,True,0.05115240789844761,0.0344444926926708,0.018962443400547233,0.024797996146821263,0.0013148217658349927
20261250,20,0.0,32,32,grid,5.0,0.04143366309976846,False,-1,29,0.0022283546183138833,True,0.02617036488770863,0.023163380579095758,0.02724882394708335,0.03524192562801129,0.0022283546183138833
20261250,20,0.0,32,32,grid,6.0,0.0632455532033676,False,-1,17,0.002782864163057273,True,0.03510026634470789,0.02019333320245001,0.050887380118887125,0.051605787665928424,0.002782864163057273
20261250,20,0.0,32,32,grid,7.0,0.096539859156753,False,-1,12,0.002484822641842935,True,0.06048774187455464,0.0240876380300375,0.10250112379182308,0.08080248141258724,0.002484822641842935
20261250,20,0.0,32,32,grid,8.0,0.1473612599456155,False,-1,9,0.00550567347472117,True,0.0941385852927512,0.03835088095655807,0.20510367676365865,0.14143325317431873,0.00550567347472117
20261250,20,0.0,32,32,grid,9.0,0.2249365300761397,False,-1,6,0.0192651234307057,True,0.13897003382451625,0.09172406122773424,0.36264766188304826,0.2448683692734572,0.0192651234307057
20261250,20,0.0,32,32,grid,10.0,0.3433496875730229,False,-1,5,0.2353021651983101,True,0.10355955299841706,0.3536943015344873,0.5794256899642922,0.42075544657038444,0.2353021651983101
20261250,20,0.0,32,32,grid,11.0,0.524098988797363,False,-1,4,8.092430178667586,True,0.9676084249403473,1.1238452327360382,2.9338523859448626,7.266867313165613,8.092430178667586
20261250,20,0.0,32,32,grid,12.0,0.8,True,1571,3,1000000000000.0,True,124.32987800414537,3391.5525120508114,5484124.7836610265,1000000000000.0,1000000000000.0
20261250,20,0.9,16,8,joint_aware,,0.06793567174124356,False,-1,77,0.23949487917622647,True,0.24354747722683495,0.7612408647413759,0.11963858260236032,0.2306437887118991,0.23949487917622647
20261250,20,0.9,16,8,correlation_blind,,0.4363488632302189,False,-1,344,7.610552108353854,True,3.5867456382520415,1.2975091106424101,3.2862857357466164,1.2542872619966723,7.610552108353854
20261250,20,0.9,16,8,delay_blind,,0.0679609250345928,False,-1,77,0.23968047424911143,True,0.24383801004532074,0.761438287372884,0.1196867953006633,0.23068828920932227,0.23968047424911143
20261250,20,0.9,16,8,mean_only,,4.115057114511728,True,22,-1,1000000000000.0,True,1000000000000.0,1000000000000.0,1000000000000.0,1000000000000.0,1000000000000.0
20261250,20,0.9,16,8,worstcase_correlation,,0.062108907189348216,False,-1,74,0.1981766466879822,True,0.17933829865400136,0.7101872340953667,0.10927683777961303,0.21882355264731287,0.1981766466879822
20261250,20,0.9,16,8,grid,0.0,0.005,False,-1,299,0.03136151966094035,True,0.5367844435254978,0.29948982733351,0.08628835832049535,0.02670412962047575,0.03136151966094035
20261250,20,0.9,16,8,grid,1.0,0.007632145998180043,False,-1,179,0.028843133526740256,True,0.39249195778718704,0.1671357686829796,0.03916339492748462,0.02300970971041437,0.028843133526740256
20261250,20,0.9,16,8,grid,2.0,0.01164993050750713,False,-1,136,0.02994335203199247,True,0.24439136311918158,0.0796841113992634,0.038168679157847996,0.03574908982373734,0.02994335203199247
20261250,20,0.9,16,8,grid,3.0,0.01778279410038923,False,-1,94,0.03219619487679241,True,0.1144619573969278,0.07160570759597178,0.059303865860386155,0.05427877427273993,0.03219619487679241
20261250,20,0.9,16,8,grid,4.0,0.027144176165949066,False,-1,79,0.04239993497309366,True,0.027250962137409088,0.18443150280945717,0.07684966098633227,0.08848661778170322,0.04239993497309366
20261250,20,0.9,16,8,grid,5.0,0.04143366309976846,False,-1,74,0.08374538754160323,True,0.024011613200495406,0.43258387217703004,0.08581791104574468,0.15045555640136019,0.08374538754160323
20261250,20,0.9,16,8,grid,6.0,0.0632455532033676,False,-1,74,0.20598726635531364,True,0.19137966164239126,0.7210316979014695,0.11117646781818136,0.22137923537793278,0.20598726635531364
20261250,20,0.9,16,8,grid,7.0,0.096539859156753,False,-1,86,0.4706270719618058,True,0.6028016521666315,0.8830679909988148,0.19045877927832586,0.2543331768043546,0.4706270719618058
20261250,20,0.9,16,8,grid,8.0,0.1473612599456155,False,-1,88,0.8449813897188532,True,1.2014700757348586,0.8490780288840759,0.382863782343985,0.2722083841515226,0.8449813897188532
20261250,20,0.9,16,8,grid,9.0,0.2249365300761397,False,-1,89,1.0937123836484959,True,2.07971205739148,0.6875236416145148,0.7433114004171609,0.49782530523707974,1.0937123836484959
20261250,20,0.9,16,8,grid,10.0,0.3433496875730229,False,-1,434,2.618226753017892,True,3.57589834716422,0.7387229775200619,1.455153521089014,1.3818798400068908,2.618226753017892
20261250,20,0.9,16,8,grid,11.0,0.524098988797363,False,-1,166,25.364325984910074,True,4.129714207683716,4.064428579501812,8.151084806391363,0.9129951456074222,25.364325984910074
20261250,20,0.9,16,8,grid,12.0,0.8,True,462,-1,1000000000000.0,True,42473.00557985082,1000000000000.0,1000000000000.0,1000000000000.0,1000000000000.0
20261250,20,0.9,16,32,joint_aware,,0.06557341714513457,False,-1,74,0.3369628907816575,True,0.3063486848123675,0.880299432518373,0.1315140972700165,0.18651684853520703,0.3369628907816575
20261250,20,0.9,16,32,correlation_blind,,0.3543562147008278,False,-1,798,5.5945821967916425,True,12.977913621997416,2.743010400148981,5.800407587449027,0.5437133468495323,5.5945821967916425
20261250,20,0.9,16,32,delay_blind,,0.0679609250345928,False,-1,77,0.3688116203045364,True,0.3453944823821648,0.9067971657018628,0.13819919522504245,0.18771766404205847,0.3688116203045364
20261250,20,0.9,16,32,mean_only,,1.2931845703348515,True,293,-1,1000000000000.0,True,19412509705.479584,1000000000000.0,1000000000000.0,1000000000000.0,1000000000000.0
20261250,20,0.9,16,32,worstcase_correlation,,0.06012858486571272,False,-1,74,0.2700871274485217,True,0.22393032997263823,0.8125174447135679,0.1178116624456223,0.18124090788920888,0.2700871274485217
20261250,20,0.9,16,32,grid,0.0,0.005,False,-1,298,0.031280936737152404,True,0.5341380172805844,0.29678878132456277,0.08534589448097825,0.026099524853923563,0.031280936737152404
20261250,20,0.9,16,32,grid,1.0,0.007632145998180043,False,-1,171,0.028818254172604474,True,0.38831921482303783,0.1642140483888687,0.03988968754579289,0.022483164634135282,0.028818254172604474
20261250,20,0.9,16,32,grid,2.0,0.01164993050750713,False,-1,135,0.02986348321998473,True,0.23895335283753402,0.07826516398621042,0.04128273920057416,0.03440905235364639,0.02986348321998473
20261250,20,0.9,16,32,grid,3.0,0.01778279410038923,False,-1,90,0.032368754066191906,True,0.10917241001945756,0.07582904951206863,0.06383584899954245,0.05059911814244571,0.032368754066191906
20261250,20,0.9,16,32,grid,4.0,0.027144176165949066,False,-1,78,0.04565453021377132,True,0.02492079945449002,0.20593643867106104,0.08019706530978002,0.08047947482137487,0.04565453021377132
20261250,20,0.9,16,32,grid,5.0,0.04143366309976846,False,-1,73,0.1048708066891664,True,0.0354720450024929,0.4959891761396141,0.08858290996577238,0.13469304823148215,0.1048708066891664
20261250,20,0.9,16,32,grid,6.0,0.0632455532033676,False,-1,74,0.3073795634663836,True,0.2699147901655918,0.8526089539813247,0.1253888988099405,0.18470601397518543,0.3073795634663836
20261250,20,0.9,16,32,grid,7.0,0.096539859156753,False,-1,86,0.8590986801231038,True,0.8931557205091409,1.112165512645685,0.2495987527403068,0.16580002251015122,0.8590986801231038
20261250,20,0.9,16,32,grid,8.0,0.1473612599456155,False,-1,88,2.1824148915544295,True,1.9145245171793173,1.3193229138768467,0.6488990371171446,0.11096232391315186,2.1824148915544295
20261250,20,0.9,16,32,grid,9.0,0.2249365300761397,False,-1,88,5.176323063620163,True,3.453666167681532,1.9042040961934963,1.8869132149115804,0.2111044565843519,5.176323063620163
20261250,20,0.9,16,32,grid,10.0,0.3433496875730229,False,-1,799,5.657772880699693,True,11.454451372160172,2.5544996430488602,5.0939289043175835,0.4638489736434578,5.657772880699693
20261250,20,0.9,16,32,grid,11.0,0.524098988797363,False,-1,-1,15.258326221662035,True,39.169427796441106,1043.3378633207292,140.41453385761392,172.5092884297466,15.258326221662035
20261250,20,0.9,16,32,grid,12.0,0.8,True,757,-1,1000000000000.0,True,91808.67973713765,669712827.8176559,1000000000000.0,1000000000000.0,1000000000000.0
20261250,20,0.9,32,8,joint_aware,,0.06708632967038644,False,-1,73,0.3436940765726734,True,0.3189304146112156,0.8597116611412686,0.14181452913530268,0.2008239776157422,0.3436940765726734
20261250,20,0.9,32,8,correlation_blind,,0.48450346515727244,False,-1,1629,35.04936850959853,True,3.905375391023768,18.120981962149614,1.893714763944671,188.41767081236574,35.04936850959853
20261250,20,0.9,32,8,delay_blind,,0.0681741968826708,False,-1,73,0.3564486550951901,True,0.3354847184811135,0.8702719909418898,0.14466439720041757,0.201545647362893,0.3564486550951901
20261250,20,0.9,32,8,mean_only,,2.1034893587976695,True,115,-1,1000000000000.0,True,1000000000000.0,1000000000000.0,1000000000000.0,1000000000000.0,1000000000000.0
20261250,20,0.9,32,8,worstcase_correlation,,0.061225211651951904,False,-1,73,0.27858772798379544,True,0.23460818892323745,0.795739448137007,0.12785252123523283,0.19476529184433358,0.27858772798379544
20261250,20,0.9,32,8,grid,0.0,0.005,False,-1,297,0.03082815427707454,True,0.5290539756767579,0.29234681702121074,0.08358019552152,0.025052216791298095,0.03082815427707454
20261250,20,0.9,32,8,grid,1.0,0.007632145998180043,False,-1,171,0.02904025449979579,True,0.382164741229078,0.15990808718711813,0.03833270082082241,0.022702405433697705,0.02904025449979579
20261250,20,0.9,32,8,grid,2.0,0.01164993050750713,False,-1,134,0.031181358032927188,True,0.23211404547846073,0.07529233931501539,0.040920070412224646,0.03613781743175089,0.031181358032927188
20261250,20,0.9,32,8,grid,3.0,0.01778279410038923,False,-1,90,0.035266365135532794,True,0.1028172035174747,0.0750926456159796,0.06616892223598649,0.05403205958144685,0.035266365135532794
20261250,20,0.9,32,8,grid,4.0,0.027144176165949066,False,-1,77,0.0508318257470895,True,0.02185072697007945,0.204668614085101,0.08672950117646752,0.0865898265399115,0.0508318257470895
20261250,20,0.9,32,8,grid,5.0,0.04143366309976846,False,-1,71,0.1120910240943509,True,0.03780331395641701,0.48454384590357874,0.09824223148104835,0.1439238708851039,0.1120910240943509
20261250,20,0.9,32,8,grid,6.0,0.0632455532033676,False,-1,73,0.30031765259416326,True,0.2626741112147989,0.8191786994656528,0.1323983479331016,0.19728431392566012,0.30031765259416326
20261250,20,0.9,32,8,grid,7.0,0.096539859156753,False,-1,77,0.7454398945374845,True,0.8194252545531803,1.0349167139160984,0.2472027729811718,0.19089305035798604,0.7454398945374845
20261250,20,0.9,32,8,grid,8.0,0.1473612599456155,False,-1,87,1.5408851254449951,True,1.6550505074996058,1.0965274882561002,0.5692088141923682,0.15518976995093395,1.5408851254449951
20261250,20,0.9,32,8,grid,9.0,0.2249365300761397,False,-1,89,2.18143724456242,True,2.658288811906265,1.1661752682991962,1.148538215445527,0.265870216000158,2.18143724456242
20261250,20,0.9,32,8,grid,10.0,0.3433496875730229,False,-1,95,2.8221591113204907,True,4.181068374883539,1.2196635686591606,0.7700415359927001,0.930263539593186,2.8221591113204907
20261250,20,0.9,32,8,grid,11.0,0.524098988797363,False,-1,272,125.10055543117481,True,4.445846397182313,74.9697353315832,4.79119771811581,1473.4292500136482,125.10055543117481
20261250,20,0.9,32,8,grid,12.0,0.8,True,897,-1,1000000000000.0,True,1480.0962791087222,236516.7790282757,1000000000000.0,1000000000000.0,1000000000000.0
20261250,20,0.9,32,32,joint_aware,,0.061344496040986844,False,-1,73,0.4363912301513375,True,0.2988315031220962,0.9299604153409881,0.15120062692739528,0.24161985197167135,0.4363912301513375
20261250,20,0.9,32,32,correlation_blind,,0.2890855861645199,False,-1,88,21.149834419753983,True,3.0368591742110067,1.6966343242645736,4.006785707758567,60.98355321377366,21.149834419753983
20261250,20,0.9,32,32,delay_blind,,0.0681741968826708,False,-1,74,0.5921702236173497,True,0.4359256866774547,1.0110159381219876,0.1766196850309567,0.24677142386107945,0.5921702236173497
20261250,20,0.9,32,32,mean_only,,0.5345835420861842,True,2090,-1,1000000000000.0,True,9.267904724134453,669.9077872231551,90248.09098808884,834463559940.2584,1000000000000.0
20261250,20,0.9,32,32,worstcase_correlation,,0.056406811991134544,False,-1,73,0.34156053931823743,True,0.21384156558977716,0.8558143158118974,0.13480859184155386,0.231978014649441,0.34156053931823743
20261250,20,0.9,32,32,grid,0.0,0.005,False,-1,288,0.030941042348498277,True,0.5249892166166807,0.28840638871179886,0.08241819115163115,0.024790885092667372,0.030941042348498277
20261250,20,0.9,32,32,grid,1.0,0.007632145998180043,False,-1,170,0.029345292440093644,True,0.37607568079720044,0.15566071683434224,0.03937441131245205,0.023354037467910073,0.029345292440093644
20261250,20,0.9,32,32,grid,2.0,0.01164993050750713,False,-1,133,0.03134279206398553,True,0.2248878608009773,0.07252818072015797,0.04434935335718846,0.037097502584685645,0.03134279206398553
20261250,20,0.9,32,32,grid,3.0,0.01778279410038923,False,-1,86,0.03491967430263561,True,0.09691142308689175,0.07763846279149912,0.06975089193754067,0.055833860352061046,0.03491967430263561
20261250,20,0.9,32,32,grid,4.0,0.027144176165949066,False,-1,75,0.052670220004111694,True,0.019080519061935648,0.22586282502582974,0.08695505316984051,0.09497544721179013,0.052670220004111694
20261250,20,0.9,32,32,grid,5.0,0.04143366309976846,False,-1,71,0.1397439714365145,True,0.04306701530636271,0.5565440296850616,0.10011928968264291,0.17249763068445254,0.1397439714365145
20261250,20,0.9,32,32,grid,6.0,0.0632455532033676,False,-1,74,0.4768395198322259,True,0.33484645102572724,0.9550127978805553,0.1580019636036286,0.24397332213406428,0.4768395198322259
20261250,20,0.9,32,32,grid,7.0,0.096539859156753,False,-1,86,1.5559971070628587,True,1.1661431312302415,1.1131020129362004,0.28837170182670124,0.19697385576844756,1.5559971070628587
20261250,20,0.9,32,32,grid,8.0,0.1473612599456155,False,-1,88,4.290406650272604,True,2.691660203286316,0.9776401455279464,0.3922860445532243,0.06687716626839597,4.290406650272604
20261250,20,0.9,32,32,grid,9.0,0.2249365300761397,False,-1,88,11.689676780002085,True,3.318235498534479,2.5427542142404267,1.0837832082470176,2.465331354969458,11.689676780002085
20261250,20,0.9,32,32,grid,10.0,0.3433496875730229,False,-1,88,2750.948301896339,True,43.760308311910016,41.395049029035825,14.780402134502854,8737.364709691521,2750.948301896339
20261250,20,0.9,32,32,grid,11.0,0.524098988797363,True,2165,-1,1000000000000.0,True,21.141767709497135,424.7396782288193,5477.937685873356,227107354508.19507,1000000000000.0
20261250,20,0.9,32,32,grid,12.0,0.8,True,703,-1,1000000000000.0,True,9320.056185447202,184594742.6375023,1000000000000.0,1000000000000.0,1000000000000.0
20261251,21,0.0,16,8,joint_aware,,0.4363488632302189,False,-1,4,0.04877524680300643,True,0.346798681139989,0.13855775963619052,0.21882745413043087,0.15247043888311249,0.04877524680300643
20261251,21,0.0,16,8,correlation_blind,,0.4363488632302189,False,-1,4,0.04877524680300643,True,0.346798681139989,0.13855775963619052,0.21882745413043087,0.15247043888311249,0.04877524680300643
20261251,21,0.0,16,8,delay_blind,,0.4373927810905379,False,-1,4,0.0489486134892568,True,0.3477931523298302,0.13893421102564696,0.21916817178653944,0.15300477552696173,0.0489486134892568
20261251,21,0.0,16,8,mean_only,,4.115057114511728,True,96,-1,1000000000000.0,True,1000000000000.0,1000000000000.0,1000000000000.0,1000000000000.0,1000000000000.0
20261251,21,0.0,16,8,worstcase_correlation,,0.062108907189348216,False,-1,26,0.012553605766010877,True,0.029915505887176754,0.008781102955495192,0.035877307993086395,0.012468295313449484,0.012553605766010877
20261251,21,0.0,16,8,grid,0.0,0.005,False,-1,280,0.017451151674052357,True,0.5414024564451019,0.33062237797820104,0.15916160595513631,0.04840508729728269,0.017451151674052357
20261251,21,0.0,16,8,grid,1.0,0.007632145998180043,False,-1,183,0.010184591258427302,True,0.40992851758769555,0.21200381214020236,0.08604796658436308,0.023294603253958372,0.010184591258427302
20261251,21,0.0,16,8,grid,2.0,0.01164993050750713,False,-1,118,0.008496861304401405,True,0.28247552399820924,0.12081158762818382,0.042504104179837965,0.01258189936890944,0.008496861304401405
20261251,21,0.0,16,8,grid,3.0,0.01778279410038923,False,-1,84,0.00913285013634003,True,0.17624466013479506,0.060537212437122,0.022505131133417896,0.009794503643351528,0.00913285013634003
20261251,21,0.0,16,8,grid,4.0,0.027144176165949066,False,-1,58,0.010098809949654158,True,0.09934153711907233,0.02680464490479271,0.019188301479718013,0.010473522297481733,0.010098809949654158
20261251,21,0.0,16,8,grid,5.0,0.04143366309976846,False,-1,40,0.010911267602725618,True,0.05049518871393383,0.012147024637897743,0.02543647028555305,0.011795382444883868,0.010911267602725618
20261251,21,0.0,16,8,grid,6.0,0.0632455532033676,False,-1,26,0.012670014847228211,True,0.02966071942642081,0.008802983451842186,0.036425055842917095,0.012472759287811951,0.012670014847228211
20261251,21,0.0,16,8,grid,7.0,0.096539859156753,False,-1,15,0.016094672458764062,True,0.041384467956319275,0.013956157851288675,0.05204822482808062,0.01203243876873624,0.016094672458764062
20261251,21,0.0,16,8,grid,8.0,0.1473612599456155,False,-1,11,0.018215699308388365,True,0.0850089763156893,0.03134810240259705,0.077857183660261,0.01525718717533125,0.018215699308388365
20261251,21,0.0,16,8,grid,9.0,0.2249365300761397,False,-1,8,0.02036973332256661,True,0.15572343522990337,0.06287775439888602,0.12182495714254647,0.03989963884492892,0.02036973332256661
20261251,21,0.0,16,8,grid,10.0,0.3433496875730229,False,-1,6,0.033787722796113785,True,0.2607722156221983,0.10616192843331076,0.1829832282739988,0.10273984959547905,0.033787722796113785
20261251,21,0.0,16,8,grid,11.0,0.524098988797363,False,-1,4,0.06314548692545315,True,0.4326817135863177,0.17259975721585974,0.24347650990545067,0.19628334423576682,0.06314548692545315
20261251,21,0.0,16,8,grid,12.0,0.8,False,-1,4,0.1063603806967446,True,0.7234299757012369,0.3533455438348808,0.29307178617386553,0.36500478052611546,0.1063603806967446
20261251,21,0.0,16,32,joint_aware,,0.3543562147008278,False,-1,6,0.03864397276329756,True,0.29603028169317736,0.17204144719598055,0.3079133266421945,0.11067969487210068,0.03864397276329756
20261251,21,0.0,16,32,correlation_blind,,0.3543562147008278,False,-1,6,0.03864397276329756,True,0.29603028169317736,0.17204144719598055,0.3079133266421945,0.11067969487210068,0.03864397276329756
20261251,21,0.0,16,32,delay_blind,,0.4373927810905379,False,-1,4,0.06641340048898478,True,0.42317423656115005,0.23217082404888859,0.38149024821148597,0.1371878406398835,0.06641340048898478
20261251,21,0.0,16,32,mean_only,,1.2931845703348515,True,2186,4,1000000000000.0,True,208.43552278506377,9686.462763723874,1213729.006197572,126116326750.89775,1000000000000.0
20261251,21,0.0,16,32,worstcase_correlation,,0.06012858486571272,False,-1,26,0.013279162650413803,True,0.030287768232388577,0.00822723876146258,0.03444845583010615,0.012724618728908718,0.013279162650413803
20261251,21,0.0,16,32,grid,0.0,0.005,False,-1,280,0.01737546843827221,True,0.5395810593093224,0.32902971764698946,0.1582574467169383,0.048160576089361536,0.01737546843827221
20261251,21,0.0,16,32,grid,1.0,0.007632145998180043,False,-1,182,0.010137687581898622,True,0.40725586756012233,0.21025154340031746,0.08525678158877922,0.02316126279270213,0.010137687581898622
20261251,21,0.0,16,32,grid,2.0,0.01164993050750713,False,-1,116,0.00848112222697191,True,0.2792695740847437,0.1191845286193858,0.041909940031602026,0.01251853885904199,0.00848112222697191
20261251,21,0.0,16,32,grid,3.0,0.01778279410038923,False,-1,83,0.009147321072257075,True,0.17317168040708147,0.05917274059494388,0.022197810309864827,0.009793377816823998,0.009147321072257075
20261251,21,0.0,16,32,grid,4.0,0.027144176165949066,False,-1,58,0.010161221045806986,True,0.09676760942148932,0.02575593012276482,0.01921408739423986,0.010522850566406384,0.010161221045806986
20261251,21,0.0,16,32,grid,5.0,0.04143366309976846,False,-1,39,0.01118969949992992,True,0.04848519452650001,0.011412723915145494,0.02545865859289065,0.011917133967989985,0.01118969949992992
20261251,21,0.0,16,32,grid,6.0,0.0632455532033676,False,-1,24,0.013728573738742866,True,0.029892291685233593,0.00828857268136667,0.03588050499767097,0.012765446148390858,0.013728573738742866
20261251,21,0.0,16,32,grid,7.0,0.096539859156753,False,-1,15,0.018324985435610223,True,0.04857719567855011,0.014599552536992333,0.05215980923641084,0.012247081888496925,0.018324985435610223
20261251,21,0.0,16,32,grid,8.0,0.1473612599456155,False,-1,11,0.019650782398742187,True,0.10327475222692399,0.03744502517928815,0.08922270214248854,0.013998105454132681,0.019650782398742187
20261251,21,0.0,16,32,grid,9.0,0.2249365300761397,False,-1,7,0.02005272994033767,True,0.1799125908558122,0.08346465525915492,0.17265930116664432,0.03743754060187405,0.02005272994033767
20261251,21,0.0,16,32,grid,10.0,0.3433496875730229,False,-1,6,0.03632514993962203,True,0.284146322485905,0.1639708141799667,0.296921994078378,0.10496495829681868,0.03632514993962203
20261251,21,0.0,16,32,grid,11.0,0.524098988797363,False,-1,4,0.14936622777854563,True,0.6600946812744343,0.29508740068557265,0.3841954145516886,0.13646707952613485,0.14936622777854563
20261251,21,0.0,16,32,grid,12.0,0.8,False,-1,4,2.7659344176972622,True,1.1127141531446072,0.37724141700380204,0.33480818197719536,0.22250963797564854,2.7659344176972622
20261251,21,0.0,32,8,joint_aware,,0.48450346515727244,False,-1,2,0.028386237154222817,True,0.3430470628890175,0.08652175161373968,0.0654475930402128,0.04584228681405762,0.028386237154222817
20261251,21,0.0,32,8,correlation_blind,,0.48450346515727244,False,-1,2,0.028386237154222817,True,0.3430470628890175,0.08652175161373968,0.0654475930402128,0.04584228681405762,0.028386237154222817
20261251,21,0.0,32,8,delay_blind,,0.5476125865680102,False,-1,2,0.032328997565815844,True,0.37851601063021173,0.10128009512536029,0.07188301186605114,0.06049529837850036,0.032328997565815844
20261251,21,0.0,32,8,mean_only,,2.1034893587976695,True,1855,1,1000000000000.0,True,715.2637422737912,17256.128728807173,3303207.744388127,1000000000000.0,1000000000000.0
20261251,21,0.0,32,8,worstcase_correlation,,0.061225211651951904,False,-1,21,0.006450769363255925,True,0.003897441702560432,0.005655890500912417,0.01795859169896383,0.021732596023768657,0.006450769363255925
20261251,21,0.0,32,8,grid,0.0,0.005,False,-1,277,0.011624057731163696,True,0.5330088466279542,0.3213264779077458,0.15830358544097697,0.04652293823496785,0.011624057731163696
20261251,21,0.0,32,8,grid,1.0,0.007632145998180043,False,-1,178,0.004742381809724241,True,0.39392177783975907,0.2008702790461575,0.08623431077682348,0.020944878173934797,0.004742381809724241
20261251,21,0.0,32,8,grid,2.0,0.01164993050750713,False,-1,120,0.0028173472211317813,True,0.25601593109813153,0.11102221399324419,0.04250577160355242,0.010218678361296644,0.0028173472211317813
20261251,21,0.0,32,8,grid,3.0,0.01778279410038923,False,-1,85,0.002662206263183132,True,0.13972041483907444,0.05478036661955698,0.020358923772062436,0.007798305951976132,0.002662206263183132
20261251,21,0.0,32,8,grid,4.0,0.027144176165949066,False,-1,54,0.0032917724750721853,True,0.05890521858902909,0.024189522146610982,0.013057060823903361,0.009823840344845809,0.0032917724750721853
20261251,21,0.0,32,8,grid,5.0,0.04143366309976846,False,-1,37,0.004641291066965589,True,0.015202898521170388,0.009924738116295956,0.014060852817685099,0.014851670095987559,0.004641291066965589
20261251,21,0.0,32,8,grid,6.0,0.0632455532033676,False,-1,20,0.006624113797752498,True,0.00412010987511063,0.005568549334865861,0.01831554065823185,0.02237984358657006,0.006624113797752498
20261251,21,0.0,32,8,grid,7.0,0.096539859156753,False,-1,12,0.009232971987701217,True,0.021482922992225147,0.007572464999947955,0.022829722065171833,0.03101226057615632,0.009232971987701217
20261251,21,0.0,32,8,grid,8.0,0.1473612599456155,False,-1,7,0.01270424457901621,True,0.060242090888428766,0.015183149629540005,0.02804715041579485,0.0371689172302494,0.01270424457901621
20261251,21,0.0,32,8,grid,9.0,0.2249365300761397,False,-1,4,0.01823863861021403,True,0.12340085328747864,0.02760652714994169,0.036904844990529845,0.036303753721852336,0.01823863861021403
20261251,21,0.0,32,8,grid,10.0,0.3433496875730229,False,-1,3,0.023991380412147958,True,0.2298606053798512,0.05062652696626046,0.051042136845511066,0.031520421511392706,0.023991380412147958
20261251,21,0.0,32,8,grid,11.0,0.524098988797363,False,-1,2,0.03067577040199066,True,0.3665849158372673,0.09604263305544754,0.06939107631433121,0.05454340044107507,0.03067577040199066
20261251,21,0.0,32,8,grid,12.0,0.8,False,-1,2,0.039987868130796474,True,0.4563716590586753,0.1599183426869554,0.1468539064312976,0.1530566507850892,0.039987868130796474
20261251,21,0.0,32,32,joint_aware,,0.2890855861645199,False,-1,4,0.10218592495131108,True,0.2595343127323389,0.08983092039437635,0.04485137882577792,0.05885067197127008,0.10218592495131108
20261251,21,0.0,32,32,correlation_blind,,0.2890855861645199,False,-1,4,0.10218592495131108,True,0.2595343127323389,0.08983092039437635,0.04485137882577792,0.05885067197127008,0.10218592495131108
20261251,21,0.0,32,32,delay_blind,,0.5476125865680102,False,-1,2,637.075568917104,True,0.6976259441772208,0.8457948267202966,0.7497443569372115,28.763796461614916,637.075568917104
20261251,21,0.0,32,32,mean_only,,0.5345835420861842,False,-1,2,1.1461137745207186,True,0.8077037114914617,0.44498874227130514,0.3638590977251428,0.12736875511602924,1.1461137745207186
20261251,21,0.0,32,32,worstcase_correlation,,0.056406811991134544,False,-1,21,0.006782420963329324,True,0.0028707892729828224,0.006275412159149958,0.020916890235955943,0.02292380914865816,0.006782420963329324
20261251,21,0.0,32,32,grid,0.0,0.005,False,-1,273,0.01149639233959438,True,0.5285489985171823,0.3175889647003047,0.15635505903311872,0.04598408442019469,0.01149639233959438
20261251,21,0.0,32,32,grid,1.0,0.007632145998180043,False,-1,175,0.004681971239506903,True,0.387150913382295,0.1969373382127912,0.08466420744140689,0.020660277110039295,0.004681971239506903
20261251,21,0.0,32,32,grid,2.0,0.01164993050750713,False,-1,115,0.002801721311190066,True,0.24748986614784838,0.10781993608449211,0.04143582909685186,0.010116710311304827,0.002801721311190066
20261251,21,0.0,32,32,grid,3.0,0.01778279410038923,False,-1,82,0.0026798647065734934,True,0.13120982883303786,0.05267674728813916,0.019987829574214817,0.007897894524418627,0.0026798647065734934
20261251,21,0.0,32,32,grid,4.0,0.027144176165949066,False,-1,52,0.003429626075221376,True,0.05234866956349053,0.022864268605205424,0.01387281537203284,0.010318450373271625,0.003429626075221376
20261251,21,0.0,32,32,grid,5.0,0.04143366309976846,False,-1,34,0.005089639988010916,True,0.011443751234410533,0.0092869837176482,0.016612659013652012,0.016278323628309208,0.005089639988010916
20261251,21,0.0,32,32,grid,6.0,0.0632455532033676,False,-1,18,0.007481756030829299,True,0.004162536149380602,0.006328798810088319,0.02247245075815486,0.025876585053612077,0.007481756030829299
20261251,21,0.0,32,32,grid,7.0,0.096539859156753,False,-1,11,0.009982226428653547,True,0.027253139314913823,0.013956581590670323,0.025713944766860553,0.03838934029354839,0.009982226428653547
20261251,21,0.0,32,32,grid,8.0,0.1473612599456155,False,-1,7,0.01216248226245348,True,0.06705494669862369,0.04851286135119639,0.026949323472649448,0.05371859445784798,0.01216248226245348
20261251,21,0.0,32,32,grid,9.0,0.2249365300761397,False,-1,4,0.02743410968670363,True,0.14581604543873472,0.09791249226748286,0.03832291849949632,0.07247570708195068,0.02743410968670363
20261251,21,0.0,32,32,grid,10.0,0.3433496875730229,False,-1,3,0.2356915520196063,True,0.4104691255969506,0.0603681864867428,0.08716592135546748,0.041224123160635326,0.2356915520196063
20261251,21,0.0,32,32,grid,11.0,0.524098988797363,False,-1,2,1.94291031933789,True,0.9800578535331991,0.5195521017015111,0.3432387539997499,0.257366659962744,1.94291031933789
20261251,21,0.0,32,32,grid,12.0,0.8,True,1930,2,1000000000000.0,True,38.3941081315667,587.4545699379883,121897.62856975516,1000000000000.0,1000000000000.0
20261251,21,0.9,16,8,joint_aware,,0.06793567174124356,False,-1,43,0.5632242567599346,True,0.10438784744202921,0.1368881828927103,0.14316355761871943,0.2161912810836121,0.5632242567599346
20261251,21,0.9,16,8,correlation_blind,,0.4363488632302189,False,-1,80,15.207054475221202,True,1.7060532105018504,0.2518127762256876,6.772064645022329,6.453832622447568,15.207054475221202
20261251,21,0.9,16,8,delay_blind,,0.0679609250345928,False,-1,43,0.5635099587076479,True,0.10442781879022014,0.1368862851069529,0.14326577937303075,0.21632960818856478,0.5635099587076479
20261251,21,0.9,16,8,mean_only,,4.115057114511728,True,36,-1,1000000000000.0,True,1000000000000.0,1000000000000.0,1000000000000.0,1000000000000.0,1000000000000.0
20261251,21,0.9,16,8,worstcase_correlation,,0.062108907189348216,False,-1,44,0.4989074303875567,True,0.09448530097198858,0.13703431909668418,0.12095254391127593,0.18497394222495386,0.4989074303875567
20261251,21,0.9,16,8,grid,0.0,0.005,False,-1,258,0.0035654754024292902,True,0.5149096568154603,0.31457426102331365,0.1402324929382127,0.06667704585442892,0.0035654754024292902
20261251,21,0.9,16,8,grid,1.0,0.007632145998180043,False,-1,160,0.023780983572309226,True,0.3730838486226514,0.184549248241537,0.0681037491770156,0.047566395170456216,0.023780983572309226
20261251,21,0.9,16,8,grid,2.0,0.01164993050750713,False,-1,111,0.06122339762876143,True,0.23279864089695196,0.09568067270109616,0.03832316630546735,0.039838799102384324,0.06122339762876143
20261251,21,0.9,16,8,grid,3.0,0.01778279410038923,False,-1,86,0.11208970264628654,True,0.11842467858173335,0.06404536377134609,0.03755716657000991,0.039992070665132294,0.11208970264628654
20261251,21,0.9,16,8,grid,4.0,0.027144176165949066,False,-1,60,0.18109569159616612,True,0.05526717196016758,0.0828537425321283,0.04689343960186961,0.05068662239353872,0.18109569159616612
20261251,21,0.9,16,8,grid,5.0,0.04143366309976846,False,-1,52,0.29673888252982994,True,0.0547851173930773,0.12131393151874693,0.0656392593127725,0.09038575220027223,0.29673888252982994
20261251,21,0.9,16,8,grid,6.0,0.0632455532033676,False,-1,44,0.5112009408390931,True,0.09652002190676653,0.13706738084670655,0.125067101477125,0.1909482938536661,0.5112009408390931
20261251,21,0.9,16,8,grid,7.0,0.096539859156753,False,-1,39,0.9189951748346833,True,0.134568352505364,0.13843330335617138,0.2887200611256052,0.385494893143762,0.9189951748346833
20261251,21,0.9,16,8,grid,8.0,0.1473612599456155,False,-1,37,1.6263749040863198,True,0.1525775088234403,0.17890871587177726,0.6943223927163786,0.7526750387920647,1.6263749040863198
20261251,21,0.9,16,8,grid,9.0,0.2249365300761397,False,-1,42,3.043950740868792,True,0.1870361815401362,0.23970239911970495,1.9310048406835878,1.711928780373449,3.043950740868792
20261251,21,0.9,16,8,grid,10.0,0.3433496875730229,False,-1,80,9.000286317195062,True,0.49646806278181604,0.18777980491471333,6.061160712470099,4.678526859727053,9.000286317195062
20261251,21,0.9,16,8,grid,11.0,0.524098988797363,False,-1,306,2.6895274987618283,True,5.696224520996546,3.7146779076542424,6.090692681618012,22.3646684042443,2.6895274987618283
20261251,21,0.9,16,8,grid,12.0,0.8,True,360,-1,1000000000000.0,True,60696387.06698315,1000000000000.0,1000000000000.0,1000000000000.0,1000000000000.0
20261251,21,0.9,16,32,joint_aware,,0.06557341714513457,False,-1,40,0.6223527291210699,True,0.10017024430749454,0.10827182709263675,0.12644139329343643,0.2131416528730792,0.6223527291210699
20261251,21,0.9,16,32,correlation_blind,,0.3543562147008278,False,-1,81,6.411744228208357,True,0.7557977564040517,2.1886817023264165,5.379219656510323,4.5056172858854575,6.411744228208357
20261251,21,0.9,16,32,delay_blind,,0.0679609250345928,False,-1,39,0.66237779952475,True,0.10222235593879041,0.10680036806915819,0.13604369762009125,0.22594620489679146,0.66237779952475
20261251,21,0.9,16,32,mean_only,,1.2931845703348515,True,259,-1,1000000000000.0,True,380195226898.4383,1000000000000.0,1000000000000.0,1000000000000.0,1000000000000.0
20261251,21,0.9,16,32,worstcase_correlation,,0.06012858486571272,False,-1,41,0.5371729108149064,True,0.09368378347124104,0.11195456685541937,0.10624972736917045,0.18451543605367784,0.5371729108149064
20261251,21,0.9,16,32,grid,0.0,0.005,False,-1,257,0.003474935390389933,True,0.5116850060931893,0.31164025818928914,0.13830469605343637,0.06691706201421878,0.003474935390389933
20261251,21,0.9,16,32,grid,1.0,0.007632145998180043,False,-1,146,0.024083389065826372,True,0.36797435141942875,0.18073127022669613,0.06620692459625843,0.04860444197557858,0.024083389065826372
20261251,21,0.9,16,32,grid,2.0,0.01164993050750713,False,-1,108,0.06166499497040306,True,0.22585101201647695,0.09173231017652743,0.03636706484643952,0.041737610621844626,0.06166499497040306
20261251,21,0.9,16,32,grid,3.0,0.01778279410038923,False,-1,85,0.11178975553809012,True,0.11103993966962203,0.06068967193105376,0.03451911709007648,0.04282924918063533,0.11178975553809012
20261251,21,0.9,16,32,grid,4.0,0.027144176165949066,False,-1,59,0.1801472184097408,True,0.05107102352360049,0.079365988041781,0.04119777500724457,0.05490052812776084,0.1801472184097408
20261251,21,0.9,16,32,grid,5.0,0.04143366309976846,False,-1,49,0.3053659615430616,True,0.05769445203558257,0.11206953132203229,0.05747492332937287,0.09757759461263037,0.3053659615430616
20261251,21,0.9,16,32,grid,6.0,0.0632455532033676,False,-1,40,0.5848963842762722,True,0.09770506442467954,0.10982740964814366,0.11750956078834436,0.20079324010653443,0.5848963842762722
20261251,21,0.9,16,32,grid,7.0,0.096539859156753,False,-1,37,1.2466901319283568,True,0.0987424829275923,0.11577948305844077,0.2784066610815653,0.3819715718202079,1.2466901319283568
20261251,21,0.9,16,32,grid,8.0,0.1473612599456155,False,-1,37,2.3387148015762573,True,0.061023904071160644,0.27796299007759634,0.6234468879797433,0.6450119640509648,2.3387148015762573
20261251,21,0.9,16,32,grid,9.0,0.2249365300761397,False,-1,37,3.6869499663509666,True,0.15261612859168483,0.9899725677312352,1.5878125652408837,1.5298201845450723,3.6869499663509666
20261251,21,0.9,16,32,grid,10.0,0.3433496875730229,False,-1,81,6.117333903490115,True,0.7608473908235651,2.2329587857185818,4.972011331411281,4.618711494701181,6.117333903490115
20261251,21,0.9,16,32,grid,11.0,0.524098988797363,False,-1,-1,10716317.445822543,True,6.384243989366184,10015.80327576456,8160.010771569288,82744.98912243852,10716317.445822543
20261251,21,0.9,16,32,grid,12.0,0.8,True,475,-1,1000000000000.0,True,14860.27378008612,1000000000000.0,1000000000000.0,1000000000000.0,1000000000000.0
20261251,21,0.9,32,8,joint_aware,,0.06708632967038644,False,-1,41,0.5468976158044794,True,0.08358885726478646,0.12766650622287024,0.12164274718308864,0.17559524610128827,0.5468976158044794
20261251,21,0.9,32,8,correlation_blind,,0.48450346515727244,False,-1,79,237.2549907252353,True,2.6323682388082585,68.9226300693118,38.0586793918958,82.55869798405458,237.2549907252353
20261251,21,0.9,32,8,delay_blind,,0.0681741968826708,False,-1,41,0.5613194809761386,True,0.08485418682767056,0.12755455842907648,0.12568162470075378,0.18011455895550715,0.5613194809761386
20261251,21,0.9,32,8,mean_only,,2.1034893587976695,True,124,-1,1000000000000.0,True,1000000000000.0,1000000000000.0,1000000000000.0,1000000000000.0,1000000000000.0
20261251,21,0.9,32,8,worstcase_correlation,,0.061225211651951904,False,-1,42,0.4734649934283317,True,0.07571642044492036,0.1283220338003482,0.1014645812381276,0.15196304703621866,0.4734649934283317
20261251,21,0.9,32,8,grid,0.0,0.005,False,-1,257,0.0038734121443817745,True,0.5125300383886208,0.3125784272497287,0.14009900263099115,0.07350403120325236,0.0038734121443817745
20261251,21,0.9,32,8,grid,1.0,0.007632145998180043,False,-1,160,0.02569459311151602,True,0.36811938650559656,0.18131066848017166,0.06806141128577703,0.055165367179996996,0.02569459311151602
20261251,21,0.9,32,8,grid,2.0,0.01164993050750713,False,-1,111,0.06523526819511567,True,0.22422121931034095,0.0913902880119253,0.03776321379782657,0.047880193466429175,0.06523526819511567
20261251,21,0.9,32,8,grid,3.0,0.01778279410038923,False,-1,86,0.11531248950528497,True,0.10629881480298516,0.05966271375370043,0.03531468000652114,0.047959107889110196,0.11531248950528497
20261251,21,0.9,32,8,grid,4.0,0.027144176165949066,False,-1,59,0.17620021975735647,True,0.041539710133634944,0.07939345698560996,0.04120231371091141,0.05575450026168349,0.17620021975735647
20261251,21,0.9,32,8,grid,5.0,0.04143366309976846,False,-1,52,0.27732249039674506,True,0.04126451046228958,0.11716308740161642,0.05503498560961019,0.08462291129498878,0.27732249039674506
20261251,21,0.9,32,8,grid,6.0,0.0632455532033676,False,-1,42,0.49795840399579666,True,0.07862953711361556,0.12811730128931226,0.10811174353044584,0.15996554977365568,0.49795840399579666
20261251,21,0.9,32,8,grid,7.0,0.096539859156753,False,-1,37,1.0107961271052752,True,0.10004082935467977,0.13984113021406222,0.2588462762628525,0.3091151418323373,1.0107961271052752
20261251,21,0.9,32,8,grid,8.0,0.1473612599456155,False,-1,37,1.9752352279481569,True,0.0897225458972224,0.2603511577229733,0.6262317064576811,0.6104711896895384,1.9752352279481569
20261251,21,0.9,32,8,grid,9.0,0.2249365300761397,False,-1,37,3.90024609751311,True,0.0910409316535338,0.5741761568302558,1.7882262815411567,1.7079896146945037,3.90024609751311
20261251,21,0.9,32,8,grid,10.0,0.3433496875730229,False,-1,80,9.344109759795685,True,0.21354894541998864,0.6707242012369506,7.816083196834704,5.93297216662459,9.344109759795685
20261251,21,0.9,32,8,grid,11.0,0.524098988797363,False,-1,77,82.7830817365083,True,6.844112579282454,314.25090582352186,37.02172521076512,335.59106815196424,82.7830817365083
20261251,21,0.9,32,8,grid,12.0,0.8,True,394,-1,1000000000000.0,True,73577674.36451533,1000000000000.0,1000000000000.0,1000000000000.0,1000000000000.0
20261251,21,0.9,32,32,joint_aware,,0.061344496040986844,False,-1,43,0.5230585960064625,True,0.11534899870563908,0.10830482848944203,0.12361684874250817,0.2074555630437177,0.5230585960064625
20261251,21,0.9,32,32,correlation_blind,,0.2890855861645199,False,-1,38,5.429642722055413,True,5.53041248749688,63.90410379496596,9.317775830874671,4.173697808491112,5.429642722055413
20261251,21,0.9,32,32,delay_blind,,0.0681741968826708,False,-1,42,0.6599033205085585,True,0.1218123466845658,0.09502668333750432,0.1603012875286737,0.26636272066620137,0.6599033205085585
20261251,21,0.9,32,32,mean_only,,0.5345835420861842,True,1451,28,1000000000000.0,True,24.178604602897806,18803.972992196697,2725953.989040571,1000000000000.0,1000000000000.0
20261251,21,0.9,32,32,worstcase_correlation,,0.056406811991134544,False,-1,44,0.44335494546854815,True,0.10594646360773172,0.11879835694019422,0.10121364386125992,0.17133158236618162,0.44335494546854815
20261251,21,0.9,32,32,grid,0.0,0.005,False,-1,256,0.0038492476631799975,True,0.507880906183733,0.30787292885352957,0.13685615657111785,0.07381219193646811,0.0038492476631799975
20261251,21,0.9,32,32,grid,1.0,0.007632145998180043,False,-1,146,0.02632222670225953,True,0.36117251724707267,0.17558539132886666,0.065105918163156,0.05617560650712503,0.02632222670225953
20261251,21,0.9,32,32,grid,2.0,0.01164993050750713,False,-1,107,0.06645068887685208,True,0.21547480590591306,0.08637414258818843,0.0351963408667076,0.04942504628946821,0.06645068887685208
20261251,21,0.9,32,32,grid,3.0,0.01778279410038923,False,-1,84,0.11562433848956907,True,0.09826363962336698,0.057890768027281526,0.032127467404612,0.04974141224021137,0.11562433848956907
20261251,21,0.9,32,32,grid,4.0,0.027144176165949066,False,-1,58,0.17284236871505035,True,0.041218494860598635,0.0851342194478157,0.03648535406227676,0.05758060230976903,0.17284236871505035
20261251,21,0.9,32,32,grid,5.0,0.04143366309976846,False,-1,48,0.2739249374632009,True,0.06167399997475673,0.12894654735440508,0.05433287323819387,0.09308111393400223,0.2739249374632009
20261251,21,0.9,32,32,grid,6.0,0.0632455532033676,False,-1,42,0.5578497542630636,True,0.11791948848920977,0.10426769854464818,0.13316767640798802,0.22279938903804908,0.5578497542630636
20261251,21,0.9,32,32,grid,7.0,0.096539859156753,False,-1,39,1.6352530906527418,True,0.11523156927042953,0.1320898521579659,0.37418502770783924,0.6274502957961497,1.6352530906527418
20261251,21,0.9,32,32,grid,8.0,0.1473612599456155,False,-1,38,4.461004564173385,True,0.9629644051250236,0.845129725066487,0.8710605371651658,1.6300968197879062,4.461004564173385
20261251,21,0.9,32,32,grid,9.0,0.2249365300761397,False,-1,38,4.050174013744712,True,2.198684435782962,6.864895757586892,3.0099366787993564,1.2626952480338645,4.050174013744712
20261251,21,0.9,32,32,grid,10.0,0.3433496875730229,False,-1,-1,16622.284953895418,True,23.172135096403828,722.9669836652665,17.077467764662607,37.63580106130997,16622.284953895418
20261251,21,0.9,32,32,grid,11.0,0.524098988797363,True,1602,29,1000000000000.0,True,33.18019094073117,1592.6150814154025,234608.75795533106,1000000000000.0,1000000000000.0
20261251,21,0.9,32,32,grid,12.0,0.8,True,867,-1,1000000000000.0,True,5730.576702133733,7107469.257803689,1000000000000.0,1000000000000.0,1000000000000.0
20261252,22,0.0,16,8,joint_aware,,0.4363488632302189,False,-1,3,0.09436568543524756,True,0.23387104913733625,0.17408037620499303,0.2266074535442918,0.3007403520096193,0.09436568543524756
20261252,22,0.0,16,8,correlation_blind,,0.4363488632302189,False,-1,3,0.09436568543524756,True,0.23387104913733625,0.17408037620499303,0.2266074535442918,0.3007403520096193,0.09436568543524756
20261252,22,0.0,16,8,delay_blind,,0.4373927810905379,False,-1,3,0.09481514169245832,True,0.2351170417704226,0.17469428968825632,0.22748660976241386,0.30118272161794096,0.09481514169245832
20261252,22,0.0,16,8,mean_only,,4.115057114511728,True,124,2,1000000000000.0,True,1000000000000.0,1000000000000.0,1000000000000.0,1000000000000.0,1000000000000.0
20261252,22,0.0,16,8,worstcase_correlation,,0.062108907189348216,False,-1,23,0.01063184430735323,True,0.018453811155680597,0.023439091574332112,0.027714252166848904,0.07784795292459515,0.01063184430735323
20261252,22,0.0,16,8,grid,0.0,0.005,False,-1,278,0.008076954408470668,True,0.5247531720276487,0.3262696972989515,0.1554571626489589,0.03689750533195249,0.008076954408470668
20261252,22,0.0,16,8,grid,1.0,0.007632145998180043,False,-1,180,0.0033649804602726915,True,0.3866548225691589,0.20887823589354976,0.08427897909221554,0.010944333833326776,0.0033649804602726915
20261252,22,0.0,16,8,grid,2.0,0.01164993050750713,False,-1,121,0.0029065723616284508,True,0.253053216528787,0.12097206697285214,0.042267012090334545,0.00472658787073382,0.0029065723616284508
20261252,22,0.0,16,8,grid,3.0,0.01778279410038923,False,-1,85,0.004491782969613829,True,0.1445466523174838,0.06531262918560238,0.021894009612491633,0.011248226298473418,0.004491782969613829
20261252,22,0.0,16,8,grid,4.0,0.027144176165949066,False,-1,57,0.0069531119356457775,True,0.07237505234258206,0.03482113908498824,0.015400989801493943,0.026113398210011254,0.0069531119356457775
20261252,22,0.0,16,8,grid,5.0,0.04143366309976846,False,-1,37,0.008977254420525035,True,0.03354336272363562,0.0220374512511586,0.01776570640259395,0.049123795877410656,0.008977254420525035
20261252,22,0.0,16,8,grid,6.0,0.0632455532033676,False,-1,23,0.010729956280520389,True,0.018145140308974413,0.023765100031451967,0.02833397832779371,0.07922613397456037,0.010729956280520389
20261252,22,0.0,16,8,grid,7.0,0.096539859156753,False,-1,16,0.014401743774716756,True,0.017145978046015125,0.03572244487851604,0.04574078694907208,0.11178352022939958,0.014401743774716756
20261252,22,0.0,16,8,grid,8.0,0.1473612599456155,False,-1,13,0.020784744985457897,True,0.02566924859883273,0.05215160197612594,0.06558926832117468,0.14571828330222653,0.020784744985457897
20261252,22,0.0,16,8,grid,9.0,0.2249365300761397,False,-1,10,0.032785119130175504,True,0.05325776232236632,0.07498365904585183,0.09338204013241629,0.18999242799609162,0.032785119130175504
20261252,22,0.0,16,8,grid,10.0,0.3433496875730229,False,-1,4,0.06101866979119824,True,0.13614211174244617,0.12391000957292092,0.15687216465919415,0.25592325032805047,0.06101866979119824
20261252,22,0.0,16,8,grid,11.0,0.524098988797363,False,-1,3,0.13879576139548008,True,0.3488363777167554,0.22982726865205755,0.3081192982125316,0.33243373466356735,0.13879576139548008
20261252,22,0.0,16,8,grid,12.0,0.8,False,-1,2,0.3628412400099286,True,0.7680864948931482,0.46310081690931326,0.6788979435210558,0.37551713987340535,0.3628412400099286
20261252,22,0.0,16,32,joint_aware,,0.3543562147008278,False,-1,4,0.11724294177638507,True,0.16443443446562225,0.17929729030628166,0.1518064033240218,0.40588971762818443,0.11724294177638507
20261252,22,0.0,16,32,correlation_blind,,0.3543562147008278,False,-1,4,0.11724294177638507,True,0.16443443446562225,0.17929729030628166,0.1518064033240218,0.40588971762818443,0.11724294177638507
20261252,22,0.0,16,32,delay_blind,,0.4373927810905379,False,-1,3,0.16749870389274357,True,0.24142502134961047,0.28107582563218975,0.2066833614330714,0.5437818381958068,0.16749870389274357
20261252,22,0.0,16,32,mean_only,,1.2931845703348515,True,1547,1,1000000000000.0,True,51.60282049501626,1258.4687254703522,1017686.8928450379,1000000000000.0,1000000000000.0
20261252,22,0.0,16,32,worstcase_correlation,,0.06012858486571272,False,-1,23,0.009542708520208451,True,0.020620912411675945,0.023068482354662658,0.027760200142871366,0.0767109058016048,0.009542708520208451
20261252,22,0.0,16,32,grid,0.0,0.005,False,-1,277,0.00804250434139617,True,0.5229484505167981,0.32470855191763226,0.15455588701232587,0.03660290024042484,0.00804250434139617
20261252,22,0.0,16,32,grid,1.0,0.007632145998180043,False,-1,179,0.003359242251769395,True,0.3840663920615734,0.20720007440072288,0.08349936746052616,0.010790867420994728,0.003359242251769395
20261252,22,0.0,16,32,grid,2.0,0.01164993050750713,False,-1,119,0.0029200955364443847,True,0.2501693553227611,0.11949809756493154,0.04166505083407471,0.004781132110580903,0.0029200955364443847
20261252,22,0.0,16,32,grid,3.0,0.01778279410038923,False,-1,83,0.004508743787194201,True,0.14240555609248706,0.06418454184409629,0.0214717756771355,0.011613240555763881,0.004508743787194201
20261252,22,0.0,16,32,grid,4.0,0.027144176165949066,False,-1,56,0.006883682701125792,True,0.0717761486592944,0.03394687850001959,0.015182176691765137,0.026969680054330203,0.006883682701125792
20261252,22,0.0,16,32,grid,5.0,0.04143366309976846,False,-1,34,0.008582105563066218,True,0.034323531870384526,0.02150200711405914,0.018007866495982468,0.050505783030042224,0.008582105563066218
20261252,22,0.0,16,32,grid,6.0,0.0632455532033676,False,-1,21,0.009728180937420085,True,0.019791392076869956,0.024042552333619755,0.029585569724173602,0.08047903416962504,0.009728180937420085
20261252,22,0.0,16,32,grid,7.0,0.096539859156753,False,-1,15,0.012833155297476775,True,0.020101555383048687,0.03692938127986404,0.04712436244531797,0.11306473562445767,0.012833155297476775
20261252,22,0.0,16,32,grid,8.0,0.1473612599456155,False,-1,12,0.020104710570428827,True,0.032207823853023974,0.05398393633122166,0.0626029444107802,0.15396554997613643,0.020104710570428827
20261252,22,0.0,16,32,grid,9.0,0.2249365300761397,False,-1,7,0.04411895954074534,True,0.06759812317924171,0.07998269456024201,0.08451696368329197,0.22694881417046966,0.04411895954074534
20261252,22,0.0,16,32,grid,10.0,0.3433496875730229,False,-1,4,0.1102388692175593,True,0.15527695915861123,0.16716908230045027,0.14520791121750626,0.3882359661482961,0.1102388692175593
20261252,22,0.0,16,32,grid,11.0,0.524098988797363,False,-1,3,0.20698744363162042,True,0.39269096030124256,0.37009584864237977,0.28144496288333937,0.6918647173258513,0.20698744363162042
20261252,22,0.0,16,32,grid,12.0,0.8,False,-1,2,0.4965960564850129,True,1.1235191541877105,0.5447841479049663,1.1807190168693065,1.4286952379932938,0.4965960564850129
20261252,22,0.0,32,8,joint_aware,,0.48450346515727244,False,-1,2,0.17778949158290727,True,0.18648537800215137,0.1511592760167849,0.05501878015424394,0.2797968423568633,0.17778949158290727
20261252,22,0.0,32,8,correlation_blind,,0.48450346515727244,False,-1,2,0.17778949158290727,True,0.18648537800215137,0.1511592760167849,0.05501878015424394,0.2797968423568633,0.17778949158290727
20261252,22,0.0,32,8,delay_blind,,0.5476125865680102,False,-1,2,0.2107489703800689,True,0.20217034862629196,0.18992499419515213,0.06302740204122168,0.3174487446542713,0.2107489703800689
20261252,22,0.0,32,8,mean_only,,2.1034893587976695,True,1873,1,1000000000000.0,True,10.216110184320767,75035.11976656958,88872.80460727453,1000000000000.0,1000000000000.0
20261252,22,0.0,32,8,worstcase_correlation,,0.061225211651951904,False,-1,22,0.011986541870586747,True,0.016687712461001158,0.010086197164208659,0.0066140700090781355,0.06085631182612733,0.011986541870586747
20261252,22,0.0,32,8,grid,0.0,0.005,False,-1,277,0.004681631897224501,True,0.5278356978601868,0.32103065512187917,0.1439560672084751,0.03182779958998814,0.004681631897224501
20261252,22,0.0,32,8,grid,1.0,0.007632145998180043,False,-1,184,0.0011725012879068015,True,0.3894223046851204,0.20137887498440385,0.07281685607796012,0.007289678968440473,0.0011725012879068015
20261252,22,0.0,32,8,grid,2.0,0.01164993050750713,False,-1,122,0.0010175433349287795,True,0.25452709027730674,0.11156779726194291,0.03170054060923398,0.0028747729781691644,0.0010175433349287795
20261252,22,0.0,32,8,grid,3.0,0.01778279410038923,False,-1,77,0.0024827247251295163,True,0.1440066379180238,0.054968479215396944,0.012252312156706075,0.010169695617347705,0.0024827247251295163
20261252,22,0.0,32,8,grid,4.0,0.027144176165949066,False,-1,56,0.005404542205470557,True,0.07031921043445141,0.024920493238042598,0.005627351831488833,0.02334395817839191,0.005404542205470557
20261252,22,0.0,32,8,grid,5.0,0.04143366309976846,False,-1,36,0.008909304513613018,True,0.031334496816182195,0.01244503820495711,0.004815440414651434,0.041622333477119626,0.008909304513613018
20261252,22,0.0,32,8,grid,6.0,0.0632455532033676,False,-1,22,0.012241356471646682,True,0.016120253672229364,0.01013357347646188,0.006844926806111526,0.06239039314048943,0.012241356471646682
20261252,22,0.0,32,8,grid,7.0,0.096539859156753,False,-1,15,0.01614743517233145,True,0.015957405827570235,0.01359840802802757,0.01045004890957685,0.0797278655395451,0.01614743517233145
20261252,22,0.0,32,8,grid,8.0,0.1473612599456155,False,-1,9,0.023504681530281717,True,0.03083698739156939,0.024048860719012605,0.014505321881203851,0.09637391314088666,0.023504681530281717
20261252,22,0.0,32,8,grid,9.0,0.2249365300761397,False,-1,5,0.04380477988337155,True,0.0701277028287561,0.04475686464373919,0.02146844367773275,0.129421835603201,0.04380477988337155
20261252,22,0.0,32,8,grid,10.0,0.3433496875730229,False,-1,3,0.0979775297635257,True,0.13476675377985647,0.08425292600875701,0.036296859059185026,0.19649645339762853,0.0979775297635257
20261252,22,0.0,32,8,grid,11.0,0.524098988797363,False,-1,2,0.1988938251653754,True,0.1965931829077543,0.17486506601572394,0.06012722073660118,0.30309899325361217,0.1988938251653754
20261252,22,0.0,32,8,grid,12.0,0.8,False,-1,2,0.33957083872166094,True,0.28843552287536667,0.39456351631834896,0.07727787110329333,0.5893866543189308,0.33957083872166094
20261252,22,0.0,32,32,joint_aware,,0.2890855861645199,False,-1,3,0.0889068451100603,True,0.31322556004882224,0.088142384443041,0.08384223027288876,0.23414024769920483,0.0889068451100603
20261252,22,0.0,32,32,correlation_blind,,0.2890855861645199,False,-1,3,0.0889068451100603,True,0.31322556004882224,0.088142384443041,0.08384223027288876,0.23414024769920483,0.0889068451100603
20261252,22,0.0,32,32,delay_blind,,0.5476125865680102,False,-1,2,26.30400087105066,True,2.4295876473446407,24.946207069985405,4.33308789972744,18.408022167791344,26.30400087105066
20261252,22,0.0,32,32,mean_only,,0.5345835420861842,False,-1,2,1.4932074351824451,True,2.6822672382819253,13.127280477346762,3.2524648866464694,10.373611471320448,1.4932074351824451
20261252,22,0.0,32,32,worstcase_correlation,,0.056406811991134544,False,-1,23,0.011651965708667129,True,0.019749022803639854,0.01070487772826265,0.007272541305189715,0.05935481808653407,0.011651965708667129
20261252,22,0.0,32,32,grid,0.0,0.005,False,-1,273,0.0045890602899862085,True,0.5234761151730819,0.3171614520437016,0.14191259078111074,0.03121054050495195,0.0045890602899862085
20261252,22,0.0,32,32,grid,1.0,0.007632145998180043,False,-1,180,0.0011442796021090631,True,0.38303076147662546,0.19724912811226178,0.07124651624307125,0.007003052077520735,0.0011442796021090631
20261252,22,0.0,32,32,grid,2.0,0.01164993050750713,False,-1,119,0.0010291826677034275,True,0.24706602382713136,0.10804383332310048,0.030721005376024794,0.003024044103579008,0.0010291826677034275
20261252,22,0.0,32,32,grid,3.0,0.01778279410038923,False,-1,75,0.002555465255058947,True,0.1377143643576989,0.05252730748481948,0.011788189090033716,0.010801588705399047,0.002555465255058947
20261252,22,0.0,32,32,grid,4.0,0.027144176165949066,False,-1,54,0.005540864460159376,True,0.06711634169260933,0.023596533696933538,0.005564762163935373,0.02466028312275665,0.005540864460159376
20261252,22,0.0,32,32,grid,5.0,0.04143366309976846,False,-1,33,0.009101025163164021,True,0.03127659098227873,0.012339562883292307,0.005252229017538758,0.04395948312680269,0.009101025163164021
20261252,22,0.0,32,32,grid,6.0,0.0632455532033676,False,-1,21,0.012624639454881651,True,0.017591957390674044,0.010787836516164788,0.008418123277806114,0.06450170513752829,0.012624639454881651
20261252,22,0.0,32,32,grid,7.0,0.096539859156753,False,-1,14,0.016492849513834798,True,0.01948616466261747,0.013977755095559293,0.013174920836025634,0.07816933455755036,0.016492849513834798
20261252,22,0.0,32,32,grid,8.0,0.1473612599456155,False,-1,9,0.01711953726276792,True,0.04782179754596184,0.02810305427787591,0.015973080433399206,0.09452674536285366,0.01711953726276792
20261252,22,0.0,32,32,grid,9.0,0.2249365300761397,False,-1,5,0.030502234113439244,True,0.13138494365208303,0.06247090636297176,0.03466293830268093,0.15398781051079105,0.030502234113439244
20261252,22,0.0,32,32,grid,10.0,0.3433496875730229,False,-1,3,0.1906557994947518,True,0.609767563053356,0.12616577651866087,0.10262879883617641,0.2765103841048879,0.1906557994947518
20261252,22,0.0,32,32,grid,11.0,0.524098988797363,False,-1,2,2.1123510144942825,True,2.8399185932975097,6.828198030020091,2.510821400538752,1.3678742170502085,2.1123510144942825
20261252,22,0.0,32,32,grid,12.0,0.8,True,1768,2,1000000000000.0,True,42.350388537138095,55279.33666872868,20834146.968675412,1000000000000.0,1000000000000.0
20261252,22,0.9,16,8,joint_aware,,0.06793567174124356,False,-1,25,0.5872874122643283,True,0.4208104108437166,0.8142625140324995,0.3597067166893421,0.05856375995197002,0.5872874122643283
20261252,22,0.9,16,8,correlation_blind,,0.4363488632302189,False,-1,2,6.24418123843727,True,0.6155019321492756,1.6412477308117974,6.005468777908568,2.133486279927891,6.24418123843727
20261252,22,0.9,16,8,delay_blind,,0.0679609250345928,False,-1,25,0.5875474443375763,True,0.42103497735094336,0.814545579012508,0.35993285149694804,0.05860539252332557,0.5875474443375763
20261252,22,0.9,16,8,mean_only,,4.115057114511728,True,25,-1,1000000000000.0,True,1000000000000.0,1000000000000.0,1000000000000.0,1000000000000.0,1000000000000.0
20261252,22,0.9,16,8,worstcase_correlation,,0.062108907189348216,False,-1,25,0.5266301640720714,True,0.3685251519558019,0.7474019724625676,0.3101197324037496,0.05016855886862731,0.5266301640720714
20261252,22,0.9,16,8,grid,0.0,0.005,False,-1,248,0.02161393603036777,True,0.4934367787422398,0.2550462134593317,0.07468312403650879,0.0698732849043481,0.02161393603036777
20261252,22,0.9,16,8,grid,1.0,0.007632145998180043,False,-1,182,0.03214688543826942,True,0.34362530076774245,0.147111015891986,0.01958773752633001,0.056007070334757034,0.03214688543826942
20261252,22,0.9,16,8,grid,2.0,0.01164993050750713,False,-1,99,0.05400277226864117,True,0.2037610729050462,0.10027013435453054,0.014084830831539271,0.05070086016067851,0.05400277226864117
20261252,22,0.9,16,8,grid,3.0,0.01778279410038923,False,-1,72,0.0901164102396453,True,0.1098970117660632,0.13502414070524402,0.045396033566803634,0.04813813053257881,0.0901164102396453
20261252,22,0.9,16,8,grid,4.0,0.027144176165949066,False,-1,46,0.16111283602311796,True,0.09677015364770832,0.26249033523180126,0.09780388466674961,0.04529558214741871,0.16111283602311796
20261252,22,0.9,16,8,grid,5.0,0.04143366309976846,False,-1,29,0.304003956746375,True,0.1854631448887133,0.47819283154648096,0.17225479293012935,0.03984545957056342,0.304003956746375
20261252,22,0.9,16,8,grid,6.0,0.0632455532033676,False,-1,25,0.5385652984994894,True,0.3787877501048619,0.7606989660259136,0.31938989148168,0.051615300594203946,0.5385652984994894
20261252,22,0.9,16,8,grid,7.0,0.096539859156753,False,-1,14,0.8688179302003596,True,0.6575813445772967,1.1079691758120465,0.6755709688949797,0.13209214597074748,0.8688179302003596
20261252,22,0.9,16,8,grid,8.0,0.1473612599456155,False,-1,8,1.3561000690089764,True,0.9835500558811283,1.5275062997088693,1.4434320224224888,0.35881296364251875,1.3561000690089764
20261252,22,0.9,16,8,grid,9.0,0.2249365300761397,False,-1,7,2.1286099445121796,True,1.2956213066728068,1.8167629637904543,2.719370701759561,0.8357811297348293,2.1286099445121796
20261252,22,0.9,16,8,grid,10.0,0.3433496875730229,False,-1,2,3.2112930791986303,True,1.206882249646992,1.7248854544252024,4.424318607213802,1.874141664481468,3.2112930791986303
20261252,22,0.9,16,8,grid,11.0,0.524098988797363,False,-1,2,26.954515465560892,True,2.39927331062235,1.4028515667383499,15.24401133725213,1.9747759638822535,26.954515465560892
20261252,22,0.9,16,8,grid,12.0,0.8,True,436,5,1000000000000.0,True,37324232.53370166,1000000000000.0,1000000000000.0,1000000000000.0,1000000000000.0
20261252,22,0.9,16,32,joint_aware,,0.06557341714513457,False,-1,25,0.6144999976036345,True,0.4897164617197404,0.818565373686406,0.40488165011493205,0.07203265865363756,0.6144999976036345
20261252,22,0.9,16,32,correlation_blind,,0.3543562147008278,False,-1,2,7.946641194298446,True,4.107460703242051,4.103024008498419,3.6038714807518213,3.3532972456916417,7.946641194298446
20261252,22,0.9,16,32,delay_blind,,0.0679609250345928,False,-1,18,0.6415749438425614,True,0.5185734647461954,0.8479758110231006,0.4299767433620685,0.07702960987463535,0.6415749438425614
20261252,22,0.9,16,32,mean_only,,1.2931845703348515,True,391,1,1000000000000.0,True,301138042.61638236,1000000000000.0,1000000000000.0,1000000000000.0,1000000000000.0
20261252,22,0.9,16,32,worstcase_correlation,,0.06012858486571272,False,-1,25,0.5514876200164748,True,0.4242235125163655,0.7502662209692237,0.3517739439978145,0.06233862111746735,0.5514876200164748
20261252,22,0.9,16,32,grid,0.0,0.005,False,-1,247,0.02213553550309454,True,0.4903332996809905,0.25127006076324276,0.07287494736006071,0.07015088287530366,0.02213553550309454
20261252,22,0.9,16,32,grid,1.0,0.007632145998180043,False,-1,182,0.033245564959452245,True,0.338597027555215,0.14259926630095235,0.01905979394490733,0.05718557687143629,0.033245564959452245
20261252,22,0.9,16,32,grid,2.0,0.01164993050750713,False,-1,99,0.05598267472441813,True,0.19715967046325975,0.09630526605564167,0.01667968179947257,0.05268194565180769,0.05598267472441813
20261252,22,0.9,16,32,grid,3.0,0.01778279410038923,False,-1,72,0.09357229041512494,True,0.10445050949744189,0.1337820314145808,0.05391586454089073,0.051125370478337144,0.09357229041512494
20261252,22,0.9,16,32,grid,4.0,0.027144176165949066,False,-1,46,0.16946239472071398,True,0.09972996455524212,0.2673108355499434,0.11622861734219346,0.049924521744532,0.16946239472071398
20261252,22,0.9,16,32,grid,5.0,0.04143366309976846,False,-1,29,0.327069707980416,True,0.21238492455191785,0.49257038426982946,0.20625481010733981,0.04747143329122253,0.327069707980416
20261252,22,0.9,16,32,grid,6.0,0.0632455532033676,False,-1,25,0.5877688441831603,True,0.4616446281539587,0.7896034263975701,0.3814885084955111,0.06759384514906779,0.5877688441831603
20261252,22,0.9,16,32,grid,7.0,0.096539859156753,False,-1,14,0.9398828196238669,True,0.8606611275977142,1.1968767156082085,0.8221253919116285,0.16586681937528824,0.9398828196238669
20261252,22,0.9,16,32,grid,8.0,0.1473612599456155,False,-1,8,1.45638663623237,True,1.433808785079354,1.9051263056379468,1.880874572840532,0.4137340154977761,1.45638663623237
20261252,22,0.9,16,32,grid,9.0,0.2249365300761397,False,-1,7,2.9245272569727843,True,2.3867871005119903,3.2322002192508275,3.685502106716883,1.3348024683746014,2.9245272569727843
20261252,22,0.9,16,32,grid,10.0,0.3433496875730229,False,-1,2,7.6173738312354375,True,3.9819174776785555,4.198155588762776,3.8294502735424647,3.0184705117434945,7.6173738312354375
20261252,22,0.9,16,32,grid,11.0,0.524098988797363,False,-1,2,60.43183368262581,True,4.018891407676986,11.71483769505824,9.401816602262135,37.2932811412117,60.43183368262581
20261252,22,0.9,16,32,grid,12.0,0.8,True,635,5,1000000000000.0,True,497597.7971905162,7658184618.150272,1000000000000.0,1000000000000.0,1000000000000.0
20261252,22,0.9,32,8,joint_aware,,0.06708632967038644,False,-1,25,0.5801009424260488,True,0.48177382399968655,0.86272119622026,0.3938171031056654,0.07237903096245522,0.5801009424260488
20261252,22,0.9,32,8,correlation_blind,,0.48450346515727244,False,-1,2,3.927964006063925,True,1.8924981863531958,14.940595855045082,2.6354775887490622,8.465156437196754,3.927964006063925
20261252,22,0.9,32,8,delay_blind,,0.0681741968826708,False,-1,25,0.5921028315301508,True,0.49399278400725444,0.8754408105438471,0.40481816139702514,0.0745748183643644,0.5921028315301508
20261252,22,0.9,32,8,mean_only,,2.1034893587976695,True,108,1,1000000000000.0,True,1000000000000.0,1000000000000.0,1000000000000.0,1000000000000.0,1000000000000.0
20261252,22,0.9,32,8,worstcase_correlation,,0.061225211651951904,False,-1,25,0.5148266206822886,True,0.4161067583485046,0.7922624662497887,0.3385651884189744,0.06197055713716421,0.5148266206822886
20261252,22,0.9,32,8,grid,0.0,0.005,False,-1,250,0.018061838403647723,True,0.49832241831140944,0.2541439740244495,0.07120383804615914,0.0663916713163681,0.018061838403647723
20261252,22,0.9,32,8,grid,1.0,0.007632145998180043,False,-1,183,0.027893922279063635,True,0.3481003663415655,0.14610867628100455,0.017209745212415254,0.05275936921000275,0.027893922279063635
20261252,22,0.9,32,8,grid,2.0,0.01164993050750713,False,-1,99,0.04763231596873803,True,0.20704158466620012,0.10171478667990856,0.015320809230075135,0.04805040203787687,0.04763231596873803
20261252,22,0.9,32,8,grid,3.0,0.01778279410038923,False,-1,72,0.08041911487207098,True,0.11261133282174417,0.14394014090912918,0.052981346728975975,0.04634146792142243,0.08041911487207098
20261252,22,0.9,32,8,grid,4.0,0.027144176165949066,False,-1,46,0.14792518604221377,True,0.10318016364055554,0.2855870026268349,0.11307057042902044,0.04569439047975148,0.14792518604221377
20261252,22,0.9,32,8,grid,5.0,0.04143366309976846,False,-1,29,0.29148591705641164,True,0.20657399656535164,0.5196257380760376,0.19510723259242407,0.045014518396361634,0.29148591705641164
20261252,22,0.9,32,8,grid,6.0,0.0632455532033676,False,-1,25,0.5374390990352632,True,0.43869330327306166,0.8169476330613643,0.3568568652361362,0.0652835186071764,0.5374390990352632
20261252,22,0.9,32,8,grid,7.0,0.096539859156753,False,-1,14,0.8945704258763549,True,0.8082133816873944,1.18615508937735,0.7763783938787795,0.15740528873083945,0.8945704258763549
20261252,22,0.9,32,8,grid,8.0,0.1473612599456155,False,-1,8,1.472096285448122,True,1.3371604312342762,1.7190347921580038,1.7573459580032347,0.40658913339508007,1.472096285448122
20261252,22,0.9,32,8,grid,9.0,0.2249365300761397,False,-1,6,2.6971928511493872,True,2.102316490627042,2.2360189615982495,3.291750669769128,0.9802606821310722,2.6971928511493872
20261252,22,0.9,32,8,grid,10.0,0.3433496875730229,False,-1,2,3.5539279562458876,True,2.709760128378813,1.6665195433063036,3.5605904046742465,2.0997283412864496,3.5539279562458876
20261252,22,0.9,32,8,grid,11.0,0.524098988797363,False,-1,2,5.464978365896544,True,7.625588313165747,31.319938166267185,7.7093576718016825,10.97264826958771,5.464978365896544
20261252,22,0.9,32,8,grid,12.0,0.8,True,1317,5,1000000000000.0,True,5.168686671705064,93433.49126072347,28077.75112348835,1000000000000.0,1000000000000.0
20261252,22,0.9,32,32,joint_aware,,0.061344496040986844,False,-1,25,0.6059649781631227,True,0.5810488601876279,0.8923745448168591,0.48518703492223425,0.12100350973560381,0.6059649781631227
20261252,22,0.9,32,32,correlation_blind,,0.2890855861645199,False,-1,2,4.818461098455085,True,3.311658740639752,29.246120723030927,12.374374032523573,5.280320831316938,4.818461098455085
20261252,22,0.9,32,32,delay_blind,,0.0681741968826708,False,-1,18,0.7009721490544806,True,0.7019472840084322,0.9887263094304434,0.5865359805879111,0.15467931702017695,0.7009721490544806
20261252,22,0.9,32,32,mean_only,,0.5345835420861842,True,2374,2,1000000000000.0,True,750.7694336099432,15392.615569995723,356543.27328614984,1802747202.9620292,1000000000000.0
20261252,22,0.9,32,32,worstcase_correlation,,0.056406811991134544,False,-1,25,0.5366301507335195,True,0.49696437510748903,0.8201162514811102,0.42164008366787636,0.10308704198312697,0.5366301507335195
20261252,22,0.9,32,32,grid,0.0,0.005,False,-1,248,0.01854368288055315,True,0.49240038628602795,0.24710206431669626,0.06813232631113757,0.06690902717861445,0.01854368288055315
20261252,22,0.9,32,32,grid,1.0,0.007632145998180043,False,-1,181,0.029405274036920163,True,0.338747078893013,0.13849964099027143,0.01628731403184662,0.05476936977811797,0.029405274036920163
20261252,22,0.9,32,32,grid,2.0,0.01164993050750713,False,-1,98,0.050832168382345444,True,0.1954361614893727,0.0967417052176332,0.01920960538480231,0.05192880016652466,0.050832168382345444
20261252,22,0.9,32,32,grid,3.0,0.01778279410038923,False,-1,53,0.0861741844006681,True,0.10476897131174755,0.14710690895356854,0.06665453173692462,0.05407861425486371,0.0861741844006681
20261252,22,0.9,32,32,grid,4.0,0.027144176165949066,False,-1,45,0.16161576006096687,True,0.11360216578764307,0.30750474156350255,0.14623720828885844,0.061103206339824745,0.16161576006096687
20261252,22,0.9,32,32,grid,5.0,0.04143366309976846,False,-1,28,0.33029300739249223,True,0.2661820254498874,0.5759937278534675,0.26645098003044,0.07276840575984747,0.33029300739249223
20261252,22,0.9,32,32,grid,6.0,0.0632455532033676,False,-1,25,0.6325618009283523,True,0.6141935689664485,0.9194987898719508,0.5117429808072748,0.12927126202797176,0.6325618009283523
20261252,22,0.9,32,32,grid,7.0,0.096539859156753,False,-1,14,1.0639357018378643,True,1.2551970841209896,1.4165481267260607,1.201378441306512,0.43786749270194714,1.0639357018378643
20261252,22,0.9,32,32,grid,8.0,0.1473612599456155,False,-1,8,1.72784622727609,True,2.3169323227412133,2.6969593464236317,2.8510143841401816,1.479378278108289,1.72784622727609
20261252,22,0.9,32,32,grid,9.0,0.2249365300761397,False,-1,6,3.8936197699224966,True,3.011077537559569,7.370366501308137,5.481852556162835,4.547114449110838,3.8936197699224966
20261252,22,0.9,32,32,grid,10.0,0.3433496875730229,False,-1,2,26.141916599152985,True,8.193036909734474,82.51957702114584,37.15456650463156,29.603363019613187,26.141916599152985
20261252,22,0.9,32,32,grid,11.0,0.524098988797363,True,2445,2,1000000000000.0,True,662.9557244807719,11631.443216570002,324425.1175679827,1708890485.0272217,1000000000000.0
20261252,22,0.9,32,32,grid,12.0,0.8,True,924,5,1000000000000.0,True,38158.44909574174,71582212.8448909,1000000000000.0,1000000000000.0,1000000000000.0
20261253,23,0.0,16,8,joint_aware,,0.4363488632302189,False,-1,3,0.27979024616017334,True,0.4303172501688427,0.14022083069795638,0.19253658566291681,0.08973391150650349,0.27979024616017334
20261253,23,0.0,16,8,correlation_blind,,0.4363488632302189,False,-1,3,0.27979024616017334,True,0.4303172501688427,0.14022083069795638,0.19253658566291681,0.08973391150650349,0.27979024616017334
20261253,23,0.0,16,8,delay_blind,,0.4373927810905379,False,-1,3,0.2802835517370962,True,0.43080431613078196,0.1406105993338686,0.19292270984084678,0.08984449165832308,0.2802835517370962
20261253,23,0.0,16,8,mean_only,,4.115057114511728,True,78,1,1000000000000.0,True,1000000000000.0,1000000000000.0,1000000000000.0,1000000000000.0,1000000000000.0
20261253,23,0.0,16,8,worstcase_correlation,,0.062108907189348216,False,-1,23,0.024744771426362704,True,0.030845642860206354,0.018653127671144097,0.037422355682877426,0.01737520931379458,0.024744771426362704
20261253,23,0.0,16,8,grid,0.0,0.005,False,-1,272,0.010535667345183776,True,0.5263553190619162,0.3146443125801305,0.13091331534852782,0.03045639880734867,0.010535667345183776
20261253,23,0.0,16,8,grid,1.0,0.007632145998180043,False,-1,180,0.005945798834855526,True,0.38506164250089786,0.19313979619461055,0.07104589005071779,0.008723940919480163,0.005945798834855526
20261253,23,0.0,16,8,grid,2.0,0.01164993050750713,False,-1,120,0.005983852162130439,True,0.24418156139310906,0.10231021765407544,0.04308327928790754,0.002942280714363321,0.005983852162130439
20261253,23,0.0,16,8,grid,3.0,0.01778279410038923,False,-1,71,0.008213208338871528,True,0.12481775747629334,0.0471807548748584,0.032355798172339634,0.005855324578266718,0.008213208338871528
20261253,23,0.0,16,8,grid,4.0,0.027144176165949066,False,-1,48,0.011943589934272527,True,0.04480574448692985,0.02134296974483834,0.02884139444567257,0.011055712344095251,0.011943589934272527
20261253,23,0.0,16,8,grid,5.0,0.04143366309976846,False,-1,32,0.017451162616616788,True,0.01369320007999594,0.013997539774982196,0.030294792606973524,0.014970856703902101,0.017451162616616788
20261253,23,0.0,16,8,grid,6.0,0.0632455532033676,False,-1,23,0.025142788554547463,True,0.03262588495656925,0.019125664321919457,0.037915040029935294,0.01749692678581964,0.025142788554547463
20261253,23,0.0,16,8,grid,7.0,0.096539859156753,False,-1,18,0.03891514844972936,True,0.0951538432951951,0.03703671007918533,0.0546393658250011,0.022982275154482836,0.03891514844972936
20261253,23,0.0,16,8,grid,8.0,0.1473612599456155,False,-1,14,0.06999156593914918,True,0.18722989132480022,0.06386269791759808,0.08072404874908695,0.03750979060167501,0.06999156593914918
20261253,23,0.0,16,8,grid,9.0,0.2249365300761397,False,-1,4,0.13031067993291978,True,0.28878990962215534,0.08731244589182621,0.11360510166725789,0.0594427767252059,0.13031067993291978
20261253,23,0.0,16,8,grid,10.0,0.3433496875730229,False,-1,3,0.22412669258687196,True,0.38149611456259613,0.11153786212895164,0.15833743048267634,0.07964247155471456,0.22412669258687196
20261253,23,0.0,16,8,grid,11.0,0.524098988797363,False,-1,3,0.31067712180586526,True,0.46850882529109067,0.17793046959430397,0.22581049881501075,0.10045652064144323,0.31067712180586526
20261253,23,0.0,16,8,grid,12.0,0.8,False,-1,2,0.31263663339615,True,0.5798724217843164,0.3559828184752849,0.35128459054549827,0.1866105088323904,0.31263663339615
20261253,23,0.0,16,32,joint_aware,,0.3543562147008278,False,-1,3,0.3930754820246628,True,0.4347625337446758,0.14627247186348424,0.23144073921140126,0.0990568844090637,0.3930754820246628
20261253,23,0.0,16,32,correlation_blind,,0.3543562147008278,False,-1,3,0.3930754820246628,True,0.4347625337446758,0.14627247186348424,0.23144073921140126,0.0990568844090637,0.3930754820246628
20261253,23,0.0,16,32,delay_blind,,0.4373927810905379,False,-1,3,0.540746585938868,True,0.49425221848412415,0.27827835129136935,0.292311795392558,0.12835560029074625,0.540746585938868
20261253,23,0.0,16,32,mean_only,,1.2931845703348515,True,2003,2,1000000000000.0,True,78254.7955779071,58626.44656159281,2521147.32594381,415614232489.6139,1000000000000.0
20261253,23,0.0,16,32,worstcase_correlation,,0.06012858486571272,False,-1,23,0.02518163561888813,True,0.029794191618537906,0.018739368488497887,0.040705437597543144,0.01794996893910546,0.02518163561888813
20261253,23,0.0,16,32,grid,0.0,0.005,False,-1,271,0.0104780412225728,True,0.5243726227316152,0.31289185761268146,0.1300947441366807,0.03027318874608701,0.0104780412225728
20261253,23,0.0,16,32,grid,1.0,0.007632145998180043,False,-1,176,0.005917413123178012,True,0.382021741256005,0.19121162279871026,0.07057432869032876,0.00867115140948424,0.005917413123178012
20261253,23,0.0,16,32,grid,2.0,0.01164993050750713,False,-1,118,0.00597614958559757,True,0.24023634972758806,0.10062782864985106,0.0430582146910359,0.002996555320417478,0.00597614958559757
20261253,23,0.0,16,32,grid,3.0,0.01778279410038923,False,-1,70,0.008235200100297092,True,0.12061649300584601,0.046072756385864326,0.032697243790596534,0.005979967183930221,0.008235200100297092
20261253,23,0.0,16,32,grid,4.0,0.027144176165949066,False,-1,48,0.012071116694726984,True,0.0413444508845792,0.020881242418357333,0.02961739785496685,0.011161283507678367,0.012071116694726984
20261253,23,0.0,16,32,grid,5.0,0.04143366309976846,False,-1,30,0.01790651844039312,True,0.012280463687813775,0.014133953644149547,0.03211723295537122,0.015099567814178228,0.01790651844039312
20261253,23,0.0,16,32,grid,6.0,0.0632455532033676,False,-1,22,0.026425948094910168,True,0.03515275802373096,0.0201281282479677,0.04251474686396231,0.018473658256512787,0.026425948094910168
20261253,23,0.0,16,32,grid,7.0,0.096539859156753,False,-1,16,0.04331443733071958,True,0.10490857663929289,0.039377964522101086,0.06513464885209783,0.027162928240902044,0.04331443733071958
20261253,23,0.0,16,32,grid,8.0,0.1473612599456155,False,-1,12,0.08429789549932018,True,0.21124967662328045,0.06665697089355013,0.0982066647449676,0.0469809533852521,0.08429789549932018
20261253,23,0.0,16,32,grid,9.0,0.2249365300761397,False,-1,4,0.17743704376328848,True,0.3313860286978671,0.08872923119103157,0.1394798367535821,0.07179952438508716,0.17743704376328848
20261253,23,0.0,16,32,grid,10.0,0.3433496875730229,False,-1,3,0.37349542775567995,True,0.42793812716114743,0.1364665436289332,0.22282864209551353,0.09648171882997564,0.37349542775567995
20261253,23,0.0,16,32,grid,11.0,0.524098988797363,False,-1,3,0.6960608208696385,True,0.6013837434634381,0.5741138831006682,0.33197726538783434,0.19866162977219787,0.6960608208696385
20261253,23,0.0,16,32,grid,12.0,0.8,False,-1,2,0.9455746949249504,True,1.3459734531543486,1.3056375651103933,0.2970708072316562,0.8301708634183631,0.9455746949249504
20261253,23,0.0,32,8,joint_aware,,0.48450346515727244,False,-1,2,0.3042048239595853,True,0.06410902425441059,0.09701249177573328,0.11206930666637391,0.15731135774630553,0.3042048239595853
20261253,23,0.0,32,8,correlation_blind,,0.48450346515727244,False,-1,2,0.3042048239595853,True,0.06410902425441059,0.09701249177573328,0.11206930666637391,0.15731135774630553,0.3042048239595853
20261253,23,0.0,32,8,delay_blind,,0.5476125865680102,False,-1,2,0.3272858453842526,True,0.057876746223483204,0.15171371406828948,0.1282712400629343,0.17949122848513893,0.3272858453842526
20261253,23,0.0,32,8,mean_only,,2.1034893587976695,False,-1,2,950873479.747678,True,1202.019471461862,10025.532821375724,1312.0251319097329,767.0456924048551,950873479.747678
20261253,23,0.0,32,8,worstcase_correlation,,0.061225211651951904,False,-1,22,0.014432483581964379,True,0.01487362764603287,0.0057872014827645086,0.009822038997913968,0.008007388243963267,0.014432483581964379
20261253,23,0.0,32,8,grid,0.0,0.005,False,-1,280,0.005592340264711135,True,0.5336637670761369,0.31629800957869036,0.13089864643160004,0.035241928925713595,0.005592340264711135
20261253,23,0.0,32,8,grid,1.0,0.007632145998180043,False,-1,181,0.0019177653699763806,True,0.3941496644990534,0.19354322309972852,0.06733888067918466,0.010370188394193186,0.0019177653699763806
20261253,23,0.0,32,8,grid,2.0,0.01164993050750713,False,-1,124,0.001975953246261739,True,0.2546567418603474,0.1012356032841801,0.03416184369599845,0.0015520515583861123,0.001975953246261739
20261253,23,0.0,32,8,grid,3.0,0.01778279410038923,False,-1,76,0.002877698777479203,True,0.13538097403189103,0.04466133836156365,0.018155645525769287,0.0014112271307067169,0.002877698777479203
20261253,23,0.0,32,8,grid,4.0,0.027144176165949066,False,-1,49,0.004420280382222592,True,0.05242987744643145,0.017072244562156565,0.010527814793896362,0.00376180185182672,0.004420280382222592
20261253,23,0.0,32,8,grid,5.0,0.04143366309976846,False,-1,30,0.007676612245626005,True,0.013143491187249735,0.006996567354381272,0.008059989299052625,0.006117364433889821,0.007676612245626005
20261253,23,0.0,32,8,grid,6.0,0.0632455532033676,False,-1,21,0.015292258061932533,True,0.016449582307513328,0.005895853000360741,0.010183048977305459,0.008162290548782715,0.015292258061932533
20261253,23,0.0,32,8,grid,7.0,0.096539859156753,False,-1,15,0.0340198791226923,True,0.049724184580322774,0.00860132330977441,0.018781945595055232,0.010809849447791016,0.0340198791226923
20261253,23,0.0,32,8,grid,8.0,0.1473612599456155,False,-1,9,0.07310509383005687,True,0.0860127164886918,0.009259496938087895,0.03547321092451968,0.018259383957836994,0.07310509383005687
20261253,23,0.0,32,8,grid,9.0,0.2249365300761397,False,-1,5,0.13877088205607258,True,0.10017127787954025,0.00601309446291171,0.05943727625152486,0.041051956459942585,0.13877088205607258
20261253,23,0.0,32,8,grid,10.0,0.3433496875730229,False,-1,3,0.22950110988854838,True,0.08666953015939685,0.02103242300812924,0.08631713131619223,0.09372416651497933,0.22950110988854838
20261253,23,0.0,32,8,grid,11.0,0.524098988797363,False,-1,2,0.31914538466852993,True,0.05961317607256767,0.12987602363134104,0.12162045637229657,0.17179388416832211,0.31914538466852993
20261253,23,0.0,32,8,grid,12.0,0.8,False,-1,2,0.4454466479366023,True,0.1413232995332054,0.5062392219448189,0.22775483066117908,0.23011553668327894,0.4454466479366023
20261253,23,0.0,32,32,joint_aware,,0.2890855861645199,False,-1,4,0.2737179077596303,True,0.24677312225515607,0.04368631901354894,0.17322118320569824,0.09327193879793733,0.2737179077596303
20261253,23,0.0,32,32,correlation_blind,,0.2890855861645199,False,-1,4,0.2737179077596303,True,0.24677312225515607,0.04368631901354894,0.17322118320569824,0.09327193879793733,0.2737179077596303
20261253,23,0.0,32,32,delay_blind,,0.5476125865680102,False,-1,2,12.53511438688053,True,1.667453752811399,5.234647817276746,3.1862385436066054,10.513322350575661,12.53511438688053
20261253,23,0.0,32,32,mean_only,,0.5345835420861842,False,-1,2,3.605551407853764,True,0.9007167194291545,3.5516153687649092,2.9244674469216316,1.977620148220257,3.605551407853764
20261253,23,0.0,32,32,worstcase_correlation,,0.056406811991134544,False,-1,22,0.01348948191734043,True,0.013605348426896138,0.007150552510061869,0.011094517230759313,0.009293044182379282,0.01348948191734043
20261253,23,0.0,32,32,grid,0.0,0.005,False,-1,277,0.005507825239393466,True,0.5292345277901364,0.31251408194689967,0.12907593295335315,0.03474679116369792,0.005507825239393466
20261253,23,0.0,32,32,grid,1.0,0.007632145998180043,False,-1,179,0.0019160592134325669,True,0.3874283947432401,0.18950638310664342,0.06621387629636438,0.010089372095997313,0.0019160592134325669
20261253,23,0.0,32,32,grid,2.0,0.01164993050750713,False,-1,120,0.0020164671150078,True,0.2461098353806979,0.0978631234892355,0.03374861199458326,0.0014799051996920347,0.0020164671150078
20261253,23,0.0,32,32,grid,3.0,0.01778279410038923,False,-1,71,0.002963249516202685,True,0.12651755027503908,0.042550937233035394,0.01803826434490428,0.0015218524722923964,0.002963249516202685
20261253,23,0.0,32,32,grid,4.0,0.027144176165949066,False,-1,46,0.0046780398530668985,True,0.04513131519314161,0.016172895466007704,0.010535423455918397,0.004012396559012609,0.0046780398530668985
20261253,23,0.0,32,32,grid,5.0,0.04143366309976846,False,-1,28,0.008316113954167289,True,0.009709919161399086,0.007175826076257174,0.008632297930530969,0.006778754036280368,0.008316113954167289
20261253,23,0.0,32,32,grid,6.0,0.0632455532033676,False,-1,21,0.016518020258012647,True,0.020900010732936555,0.008170520030449773,0.013223582102271831,0.010543154438672268,0.016518020258012647
20261253,23,0.0,32,32,grid,7.0,0.096539859156753,False,-1,12,0.03889021772760078,True,0.06434946175360265,0.014884435882873234,0.029535398510554735,0.018636309116884058,0.03889021772760078
20261253,23,0.0,32,32,grid,8.0,0.1473612599456155,False,-1,9,0.08549692407538188,True,0.10649796639723456,0.017438744281012455,0.06139499194217114,0.03851687878071839,0.08549692407538188
20261253,23,0.0,32,32,grid,9.0,0.2249365300761397,False,-1,5,0.17470364917694858,True,0.1442825517077958,0.016517580591631782,0.11705545207290406,0.08332413114037507,0.17470364917694858
20261253,23,0.0,32,32,grid,10.0,0.3433496875730229,False,-1,3,0.44997502316242804,True,0.22993703858854558,0.0718966491460738,0.2023285713449044,0.07851226352670834,0.44997502316242804
20261253,23,0.0,32,32,grid,11.0,0.524098988797363,False,-1,2,2.0245299307693587,True,0.5432636664140139,1.9411938178476695,1.6686041781402734,1.1946504013652406,2.0245299307693587
20261253,23,0.0,32,32,grid,12.0,0.8,True,2543,2,1000000000000.0,True,1.3411681380328924,58.34148197973822,42543.27429434934,1619086970.8725438,1000000000000.0
20261253,23,0.9,16,8,joint_aware,,0.06793567174124356,False,-1,18,0.6308175504148801,True,0.2781587264079758,0.5469841012159478,0.48625856369815434,0.13749121943980863,0.6308175504148801
20261253,23,0.9,16,8,correlation_blind,,0.4363488632302189,False,-1,8,8.00936331430114,True,1.6993408328466613,11.507035505052459,13.445224701766499,6.204500838597818,8.00936331430114
20261253,23,0.9,16,8,delay_blind,,0.0679609250345928,False,-1,18,0.6309736793192041,True,0.27831440649954703,0.547264023885342,0.48629532115952745,0.13756415278729622,0.6309736793192041
20261253,23,0.9,16,8,mean_only,,4.115057114511728,True,59,-1,1000000000000.0,True,1000000000000.0,1000000000000.0,1000000000000.0,1000000000000.0,1000000000000.0
20261253,23,0.9,16,8,worstcase_correlation,,0.062108907189348216,False,-1,19,0.5915124617381188,True,0.24288352535714763,0.48228335335222927,0.47721568248092805,0.12136863843204543,0.5915124617381188
20261253,23,0.9,16,8,grid,0.0,0.005,False,-1,292,0.02648886171499893,True,0.5680532101824731,0.2975296909132262,0.13891578622635845,0.0734263061020411,0.02648886171499893
20261253,23,0.9,16,8,grid,1.0,0.007632145998180043,False,-1,152,0.03541043742799583,True,0.4359521462236059,0.16950973784494539,0.11247181837584372,0.05658295093622186,0.03541043742799583
20261253,23,0.9,16,8,grid,2.0,0.01164993050750713,False,-1,104,0.0627907963011027,True,0.30235983842627356,0.08296984434757824,0.13991098100746135,0.05602961860814475,0.0627907963011027
20261253,23,0.9,16,8,grid,3.0,0.01778279410038923,False,-1,70,0.12158398301138308,True,0.19067400821648264,0.05847211035866824,0.21390187330280802,0.05475653226317108,0.12158398301138308
20261253,23,0.9,16,8,grid,4.0,0.027144176165949066,False,-1,45,0.22937718149291844,True,0.12839541378191774,0.11077341928512308,0.3184283654729908,0.054078906362754545,0.22937718149291844
20261253,23,0.9,16,8,grid,5.0,0.04143366309976846,False,-1,22,0.3981528971977544,True,0.14132714333258156,0.2527008771279327,0.41841231063263407,0.07366395650109211,0.3981528971977544
20261253,23,0.9,16,8,grid,6.0,0.0632455532033676,False,-1,18,0.5997020763994304,True,0.24964684816643085,0.4949238871909775,0.4790905943315641,0.1244075068706438,0.5997020763994304
20261253,23,0.9,16,8,grid,7.0,0.096539859156753,False,-1,16,0.7441918837258212,True,0.456465131678876,0.8667607361964647,0.5310745292858493,0.23935763012392178,0.7441918837258212
20261253,23,0.9,16,8,grid,8.0,0.1473612599456155,False,-1,11,0.7996094433953498,True,0.7293141855138521,1.562813976481908,0.6847302347616104,0.501288201952598,0.7996094433953498
20261253,23,0.9,16,8,grid,9.0,0.2249365300761397,False,-1,9,0.9507785538626261,True,1.130329158988713,3.4901111823548816,1.2161809362522922,1.1316346912892248,0.9507785538626261
20261253,23,0.9,16,8,grid,10.0,0.3433496875730229,False,-1,8,2.7577561934227193,True,2.2520234157361294,8.146144729660728,4.50451814400453,3.08567454574802,2.7577561934227193
20261253,23,0.9,16,8,grid,11.0,0.524098988797363,False,-1,7,72.00577674432053,True,11.20646093200035,15.343462811427306,6.54996201357622,11.398037949106378,72.00577674432053
20261253,23,0.9,16,8,grid,12.0,0.8,True,497,6,1000000000000.0,True,202025.3773340361,1000000000000.0,1000000000000.0,1000000000000.0,1000000000000.0
20261253,23,0.9,16,32,joint_aware,,0.06557341714513457,False,-1,18,0.8468962763935076,True,0.2750520558358685,0.5256630136033027,0.4221155179960966,0.18607075366754117,0.8468962763935076
20261253,23,0.9,16,32,correlation_blind,,0.3543562147008278,False,-1,843,13.145964124974922,True,1.6508777623688033,6.0772215600005195,21.084525062096258,6.794579266311947,13.145964124974922
20261253,23,0.9,16,32,delay_blind,,0.0679609250345928,False,-1,18,0.8787139939851234,True,0.29124686000137906,0.5486864647335068,0.4227408140572546,0.19842112009058305,0.8787139939851234
20261253,23,0.9,16,32,mean_only,,1.2931845703348515,True,213,-1,1000000000000.0,True,1000000000000.0,1000000000000.0,1000000000000.0,1000000000000.0,1000000000000.0
20261253,23,0.9,16,32,worstcase_correlation,,0.06012858486571272,False,-1,18,0.7714125117604526,True,0.23911692841964366,0.47079175676285256,0.4206371642304443,0.16042049004083703,0.7714125117604526
20261253,23,0.9,16,32,grid,0.0,0.005,False,-1,291,0.02649766102195123,True,0.5647721669890204,0.2935165721905724,0.13715354856932122,0.07289012318172612,0.02649766102195123
20261253,23,0.9,16,32,grid,1.0,0.007632145998180043,False,-1,150,0.03599237058950761,True,0.4304630909330495,0.1642408213698845,0.1113769488369154,0.05676935588335208,0.03599237058950761
20261253,23,0.9,16,32,grid,2.0,0.01164993050750713,False,-1,104,0.0654409940739068,True,0.2942676777238047,0.07759521048505383,0.13973154601428486,0.057000993686825235,0.0654409940739068
20261253,23,0.9,16,32,grid,3.0,0.01778279410038923,False,-1,67,0.13095742723994322,True,0.1806392059519022,0.05550859644046689,0.21379996456567052,0.05646360088557277,0.13095742723994322
20261253,23,0.9,16,32,grid,4.0,0.027144176165949066,False,-1,39,0.2590854516316527,True,0.11913444029967499,0.11397721023337701,0.3139481082541383,0.05961983426551494,0.2590854516316527
20261253,23,0.9,16,32,grid,5.0,0.04143366309976846,False,-1,22,0.4843146587294187,True,0.1380776688181155,0.2648070162030259,0.3958458847466671,0.09198939048835608,0.4843146587294187
20261253,23,0.9,16,32,grid,6.0,0.0632455532033676,False,-1,18,0.815128831641028,True,0.2594937441542129,0.5025925029383718,0.4215312113662889,0.17469663353658804,0.815128831641028
20261253,23,0.9,16,32,grid,7.0,0.096539859156753,False,-1,16,1.2180474233292555,True,0.4888368035077631,0.7704490488494078,0.44892317053867886,0.40863120139543374,1.2180474233292555
20261253,23,0.9,16,32,grid,8.0,0.1473612599456155,False,-1,12,1.9257878648790854,True,0.7988673178128111,1.0132206304464988,0.6187828732249969,0.9809249072158486,1.9257878648790854
20261253,23,0.9,16,32,grid,9.0,0.2249365300761397,False,-1,11,4.5302906460929275,True,1.3328063418813128,1.710822186486423,1.6946352473191082,2.0796823924741172,4.5302906460929275
20261253,23,0.9,16,32,grid,10.0,0.3433496875730229,False,-1,849,10.153774453737672,True,1.6824677953071727,5.363834249869373,17.420784908686276,6.0980544471677245,10.153774453737672
20261253,23,0.9,16,32,grid,11.0,0.524098988797363,False,-1,187,95461.13816952417,True,2.5089514217124194,247.27389904631528,294.56826817058436,22.523802890261578,95461.13816952417
20261253,23,0.9,16,32,grid,12.0,0.8,True,390,-1,1000000000000.0,True,13158302.03056553,1000000000000.0,1000000000000.0,1000000000000.0,1000000000000.0
20261253,23,0.9,32,8,joint_aware,,0.06708632967038644,False,-1,18,0.7627918176288857,True,0.24517488198513143,0.546344803266574,0.482996688407575,0.1574069882009976,0.7627918176288857
20261253,23,0.9,32,8,correlation_blind,,0.48450346515727244,False,-1,1096,36.93711529463194,True,31.52783581271979,66.13785281476918,7.2825558286458065,11.387244988166993,36.93711529463194
20261253,23,0.9,32,8,delay_blind,,0.0681741968826708,False,-1,18,0.7742375273427852,True,0.2516578037925008,0.5574127981522062,0.4842559125250297,0.16156763793576762,0.7742375273427852
20261253,23,0.9,32,8,mean_only,,2.1034893587976695,True,87,5,1000000000000.0,True,1000000000000.0,1000000000000.0,1000000000000.0,1000000000000.0,1000000000000.0
20261253,23,0.9,32,8,worstcase_correlation,,0.061225211651951904,False,-1,18,0.6979348547906442,True,0.21133215318212512,0.4850416235185175,0.47589036232791515,0.13641544877161088,0.6979348547906442
20261253,23,0.9,32,8,grid,0.0,0.005,False,-1,293,0.025712030083419914,True,0.569678242604182,0.29585506476848716,0.13695335256078434,0.07135187148315042,0.025712030083419914
20261253,23,0.9,32,8,grid,1.0,0.007632145998180043,False,-1,152,0.03435491636688542,True,0.4365189242469408,0.16590088092914101,0.11151982224093442,0.054095164889259854,0.03435491636688542
20261253,23,0.9,32,8,grid,2.0,0.01164993050750713,False,-1,104,0.0612425911137414,True,0.30076700827886127,0.07784104390477406,0.1419090555857478,0.053263604369190455,0.0612425911137414
20261253,23,0.9,32,8,grid,3.0,0.01778279410038923,False,-1,70,0.12165129784790742,True,0.18554075410289841,0.053827808157380135,0.22076083151882253,0.05187280075178002,0.12165129784790742
20261253,23,0.9,32,8,grid,4.0,0.027144176165949066,False,-1,39,0.23931371268462326,True,0.11784886898992208,0.11084908895923837,0.33016928585989513,0.05315501455667721,0.23931371268462326
20261253,23,0.9,32,8,grid,5.0,0.04143366309976846,False,-1,22,0.44075113687762874,True,0.12294790078028008,0.2624879848438034,0.42847334042141716,0.07912378771962665,0.44075113687762874
20261253,23,0.9,32,8,grid,6.0,0.0632455532033676,False,-1,18,0.7209100010548197,True,0.22276464436323148,0.5064859981932455,0.478439974360923,0.1433918966090301,0.7209100010548197
20261253,23,0.9,32,8,grid,7.0,0.096539859156753,False,-1,16,1.0242311397066164,True,0.42806249410617464,0.8137253211700504,0.5275391277419925,0.3033111943319682,1.0242311397066164
20261253,23,0.9,32,8,grid,8.0,0.1473612599456155,False,-1,11,1.454850431105137,True,0.7189980681554354,1.2356303328572702,0.684081740828105,0.667381961385986,1.454850431105137
20261253,23,0.9,32,8,grid,9.0,0.2249365300761397,False,-1,10,2.4596043639062364,True,1.195605905867134,2.5844874543576353,1.0802781369488133,1.4848370571514469,2.4596043639062364
20261253,23,0.9,32,8,grid,10.0,0.3433496875730229,False,-1,15,5.472215597843356,True,3.7894364411276023,10.087422308632735,2.164231785110708,3.8797327835223205,5.472215597843356
20261253,23,0.9,32,8,grid,11.0,0.524098988797363,False,-1,1052,157963.1502795219,True,1333.4162842804494,132.30551097367683,15.39035131038405,15.839200052093625,157963.1502795219
20261253,23,0.9,32,8,grid,12.0,0.8,True,912,-1,1000000000000.0,True,19146690.815007344,89593520889.22025,1000000000000.0,1000000000000.0,1000000000000.0
20261253,23,0.9,32,32,joint_aware,,0.061344496040986844,False,-1,18,0.9929013855066917,True,0.29210088259276895,0.6003151163135805,0.4592179467217428,0.23562593249320546,0.9929013855066917
20261253,23,0.9,32,32,correlation_blind,,0.2890855861645199,False,-1,16,162.0433758224873,True,15.54295159143361,69.80017510578942,23.8683236210512,226.74489340390605,162.0433758224873
20261253,23,0.9,32,32,delay_blind,,0.0681741968826708,False,-1,17,1.1328999546025895,True,0.3601470357866014,0.6938833301039407,0.4602862013813392,0.28011990084982996,1.1328999546025895
20261253,23,0.9,32,32,mean_only,,0.5345835420861842,True,1267,-1,1000000000000.0,True,687.03265851394,109827.16929753302,143279261.62216148,1000000000000.0,1000000000000.0
20261253,23,0.9,32,32,worstcase_correlation,,0.056406811991134544,False,-1,19,0.8860534857850453,True,0.24705735253154051,0.5296152905282887,0.45855759438167315,0.2074230997571762,0.8860534857850453
20261253,23,0.9,32,32,grid,0.0,0.005,False,-1,291,0.02591003691696047,True,0.5637211918388427,0.29000877234065986,0.13488057812398424,0.071832564690535,0.02591003691696047
20261253,23,0.9,32,32,grid,1.0,0.007632145998180043,False,-1,146,0.03523355687330872,True,0.4267882899900273,0.1589726779230915,0.11161697050975777,0.05685434148951732,0.03523355687330872
20261253,23,0.9,32,32,grid,2.0,0.01164993050750713,False,-1,101,0.06417686183932322,True,0.28700418738922956,0.07202769617208682,0.14570443985388484,0.0586287422785595,0.06417686183932322
20261253,23,0.9,32,32,grid,3.0,0.01778279410038923,False,-1,58,0.13124383442424398,True,0.16997501400206383,0.053420494322494766,0.23000178571783053,0.05963029287714004,0.13124383442424398
20261253,23,0.9,32,32,grid,4.0,0.027144176165949066,False,-1,38,0.2726373234857367,True,0.10846063428860767,0.12476563753640992,0.3449115437874479,0.07134853269875066,0.2726373234857367
20261253,23,0.9,32,32,grid,5.0,0.04143366309976846,False,-1,21,0.5543489689269755,True,0.13973516292296034,0.3109310999593156,0.437212794776276,0.13006375430187914,0.5543489689269755
20261253,23,0.9,32,32,grid,6.0,0.0632455532033676,False,-1,18,1.0329189964147651,True,0.31041419719612257,0.6269388713866453,0.459368788209317,0.24724217378556412,1.0329189964147651
20261253,23,0.9,32,32,grid,7.0,0.096539859156753,False,-1,16,1.562758623953956,True,0.6999788330379297,0.9835386001636742,0.5051647715226717,0.6202087123030274,1.562758623953956
20261253,23,0.9,32,32,grid,8.0,0.1473612599456155,False,-1,11,2.0444177093051996,True,1.518905734265752,1.0526685905952926,0.17931138928959228,2.432915931283966,2.0444177093051996
20261253,23,0.9,32,32,grid,9.0,0.2249365300761397,False,-1,11,3.0938477599571432,True,3.789690295328801,5.205574906014455,11.400931123453752,25.803362473844146,3.0938477599571432
20261253,23,0.9,32,32,grid,10.0,0.3433496875730229,False,-1,-1,36819.617324772335,True,50.441517131078925,20.967990166679556,13.119708815628336,922.0605500346771,36819.617324772335
20261253,23,0.9,32,32,grid,11.0,0.524098988797363,True,1314,-1,1000000000000.0,True,612.479274939702,72591.1242152457,226247680.73266643,1000000000000.0,1000000000000.0
20261253,23,0.9,32,32,grid,12.0,0.8,True,798,-1,1000000000000.0,True,25402.90134924923,223769770.82884318,1000000000000.0,1000000000000.0,1000000000000.0
20261254,24,0.0,16,8,joint_aware,,0.4363488632302189,False,-1,2,0.18168952015363668,True,0.19683193815541314,0.30852999177760637,0.12363914335205843,0.11382999583856747,0.18168952015363668
20261254,24,0.0,16,8,correlation_blind,,0.4363488632302189,False,-1,2,0.18168952015363668,True,0.19683193815541314,0.30852999177760637,0.12363914335205843,0.11382999583856747,0.18168952015363668
20261254,24,0.0,16,8,delay_blind,,0.4373927810905379,False,-1,2,0.1823191126078353,True,0.1974249758626501,0.3094743814588306,0.1238816158544661,0.11410990401915255,0.1823191126078353
20261254,24,0.0,16,8,mean_only,,4.115057114511728,True,108,-1,1000000000000.0,True,1000000000000.0,1000000000000.0,1000000000000.0,1000000000000.0,1000000000000.0
20261254,24,0.0,16,8,worstcase_correlation,,0.062108907189348216,False,-1,21,0.02279144014363774,True,0.01765840514198204,0.007563441218112222,0.01381549306761384,0.01886650552110402,0.02279144014363774
20261254,24,0.0,16,8,grid,0.0,0.005,False,-1,280,0.004530047592712517,True,0.538115896949117,0.3107638976571686,0.10680133292653401,0.02655533905737799,0.004530047592712517
20261254,24,0.0,16,8,grid,1.0,0.007632145998180043,False,-1,183,0.001966540971568486,True,0.4011760700245298,0.182625649863668,0.041021279072760285,0.0057881315850754865,0.001966540971568486
20261254,24,0.0,16,8,grid,2.0,0.01164993050750713,False,-1,114,0.002584580115221226,True,0.2643160406943428,0.08518194706231416,0.010696187385136913,0.0016721258112660196,0.002584580115221226
20261254,24,0.0,16,8,grid,3.0,0.01778279410038923,False,-1,71,0.00480236125092544,True,0.1468524147291549,0.027473219542514877,0.0028180270227618136,0.003910906199043716,0.00480236125092544
20261254,24,0.0,16,8,grid,4.0,0.027144176165949066,False,-1,46,0.008581712516593353,True,0.06450051172260299,0.005128344539338224,0.0042973627047245885,0.007386341744791974,0.008581712516593353
20261254,24,0.0,16,8,grid,5.0,0.04143366309976846,False,-1,32,0.014455327340645106,True,0.02353079474083768,0.0036584033833171065,0.007942760484621343,0.012139387801774114,0.014455327340645106
20261254,24,0.0,16,8,grid,6.0,0.0632455532033676,False,-1,20,0.02323318666419712,True,0.017951198492169404,0.007729708602326661,0.014200231548874311,0.01923408900220784,0.02323318666419712
20261254,24,0.0,16,8,grid,7.0,0.096539859156753,False,-1,14,0.03516512756940805,True,0.03220638146430798,0.012422818525871345,0.02750374462518374,0.029987071892645868,0.03516512756940805
20261254,24,0.0,16,8,grid,8.0,0.1473612599456155,False,-1,10,0.05010463909903702,True,0.05403411949620822,0.02916605738878744,0.04752166029986385,0.04566535155521653,0.05010463909903702
20261254,24,0.0,16,8,grid,9.0,0.2249365300761397,False,-1,6,0.07204278118900077,True,0.08689289009878269,0.08601781284331977,0.07012657138514403,0.06476258865549689,0.07204278118900077
20261254,24,0.0,16,8,grid,10.0,0.3433496875730229,False,-1,4,0.12592840510857645,True,0.14553028878627688,0.21332284381848501,0.10081144030632046,0.0903832426020132,0.12592840510857645
20261254,24,0.0,16,8,grid,11.0,0.524098988797363,False,-1,2,0.23109730017430052,True,0.24778095775831951,0.37515960220484207,0.14279900069567503,0.13801001924188014,0.23109730017430052
20261254,24,0.0,16,8,grid,12.0,0.8,False,-1,2,0.30483881708803523,True,0.4143820615356107,0.4227774476255201,0.1903567880935611,0.20390695442763984,0.30483881708803523
20261254,24,0.0,16,32,joint_aware,,0.3543562147008278,False,-1,4,0.16951838551800877,True,0.20790719478041256,0.5492329707161229,0.25133088988726104,0.10775949659768835,0.16951838551800877
20261254,24,0.0,16,32,correlation_blind,,0.3543562147008278,False,-1,4,0.16951838551800877,True,0.20790719478041256,0.5492329707161229,0.25133088988726104,0.10775949659768835,0.16951838551800877
20261254,24,0.0,16,32,delay_blind,,0.4373927810905379,False,-1,2,0.3065382410416857,True,0.2708489219821209,0.8849269929791304,0.41003228704748446,0.16223148004832438,0.3065382410416857
20261254,24,0.0,16,32,mean_only,,1.2931845703348515,True,2181,1,1000000000000.0,True,2749.8803303554196,5415.669994021962,1418270.0594197405,49543347016.11151,1000000000000.0
20261254,24,0.0,16,32,worstcase_correlation,,0.06012858486571272,False,-1,20,0.023730659590658752,True,0.01722609660432393,0.008009005587125279,0.01621172683853084,0.01840347670715463,0.023730659590658752
20261254,24,0.0,16,32,grid,0.0,0.005,False,-1,280,0.004511688606107564,True,0.5363268854487127,0.30910325065575817,0.10597176289713649,0.02632459195470031,0.004511688606107564
20261254,24,0.0,16,32,grid,1.0,0.007632145998180043,False,-1,178,0.0019799781188613546,True,0.39847799942648604,0.18077212584334362,0.04051722261528669,0.00568518911696308,0.0019799781188613546
20261254,24,0.0,16,32,grid,2.0,0.01164993050750713,False,-1,113,0.0026385466893680525,True,0.2608680561205199,0.08356390485574498,0.010592878279936595,0.0016683902516055873,0.0026385466893680525
20261254,24,0.0,16,32,grid,3.0,0.01778279410038923,False,-1,69,0.004937504145696577,True,0.1431903491695824,0.026507947649992918,0.0030025794866015325,0.003946679533443635,0.004937504145696577
20261254,24,0.0,16,32,grid,4.0,0.027144176165949066,False,-1,45,0.008887270969779478,True,0.061372668664399666,0.004983620459454623,0.00472859712997034,0.007453613022911487,0.008887270969779478
20261254,24,0.0,16,32,grid,5.0,0.04143366309976846,False,-1,30,0.015191176806890885,True,0.021803848699735673,0.004137179617625957,0.009052917856207293,0.012263577951951782,0.015191176806890885
20261254,24,0.0,16,32,grid,6.0,0.0632455532033676,False,-1,19,0.025160899914260147,True,0.018171889251368215,0.008521918590064872,0.017706056315954365,0.019423908721846198,0.025160899914260147
20261254,24,0.0,16,32,grid,7.0,0.096539859156753,False,-1,12,0.040230350606874174,True,0.033696895675460366,0.0148753333625447,0.037749245968843825,0.03066096866715087,0.040230350606874174
20261254,24,0.0,16,32,grid,8.0,0.1473612599456155,False,-1,9,0.06055322739146405,True,0.05748292334861869,0.04270685997738027,0.0700258783624067,0.04836479721125649,0.06055322739146405
20261254,24,0.0,16,32,grid,9.0,0.2249365300761397,False,-1,6,0.08206185846757136,True,0.10342415077719962,0.15660580481652356,0.11716148676897267,0.06886150218184882,0.08206185846757136
20261254,24,0.0,16,32,grid,10.0,0.3433496875730229,False,-1,4,0.15612268659523382,True,0.1987557331609321,0.5077614903158966,0.235942200895424,0.10288251565590655,0.15612268659523382
20261254,24,0.0,16,32,grid,11.0,0.524098988797363,False,-1,2,0.5017174099246886,True,0.3171142645047564,1.2208962122463114,0.6693596783352419,0.2644873134190024,0.5017174099246886
20261254,24,0.0,16,32,grid,12.0,0.8,False,-1,2,2.980481747815073,True,0.8483026496438543,1.8006977730321172,1.1017325461368601,0.36762272634751225,2.980481747815073
20261254,24,0.0,32,8,joint_aware,,0.48450346515727244,False,-1,4,0.1163798864846598,True,0.2099758113698729,0.23236556594997526,0.19212975561161025,0.11823320404696017,0.1163798864846598
20261254,24,0.0,32,8,correlation_blind,,0.48450346515727244,False,-1,4,0.1163798864846598,True,0.2099758113698729,0.23236556594997526,0.19212975561161025,0.11823320404696017,0.1163798864846598
20261254,24,0.0,32,8,delay_blind,,0.5476125865680102,False,-1,2,0.1239570716403965,True,0.19511578758250825,0.27289279101833547,0.221252388723558,0.15424550081216248,0.1239570716403965
20261254,24,0.0,32,8,mean_only,,2.1034893587976695,True,2123,1,1000000000000.0,True,30.04933148017877,16.41237280342733,2977.1784435695945,901924280.2846102,1000000000000.0
20261254,24,0.0,32,8,worstcase_correlation,,0.061225211651951904,False,-1,21,0.006861569626692578,True,0.013914268540625637,0.009339678521697628,0.005831330124766396,0.018651012102860246,0.006861569626692578
20261254,24,0.0,32,8,grid,0.0,0.005,False,-1,274,0.0016671265555465301,True,0.5333090797565925,0.3020072849453638,0.10204205532748592,0.02629700487863679,0.0016671265555465301
20261254,24,0.0,32,8,grid,1.0,0.007632145998180043,False,-1,185,0.0002806999872022512,True,0.39229371293081944,0.17157755817865034,0.03520605288981953,0.005864716079802671,0.0002806999872022512
20261254,24,0.0,32,8,grid,2.0,0.01164993050750713,False,-1,117,0.0008377750056868909,True,0.25110477030914297,0.07410377516310557,0.006014549078619332,0.0028486928392601365,0.0008377750056868909
20261254,24,0.0,32,8,grid,3.0,0.01778279410038923,False,-1,71,0.0012213568293659707,True,0.13123976797454734,0.019507214047418574,0.0005173923067980136,0.005946541985432457,0.0012213568293659707
20261254,24,0.0,32,8,grid,4.0,0.027144176165949066,False,-1,46,0.001620688224697566,True,0.04990665374837793,0.0024914255169983398,0.0030085972931147525,0.00994293410233241,0.001620688224697566
20261254,24,0.0,32,8,grid,5.0,0.04143366309976846,False,-1,32,0.002881442089694552,True,0.012988501385722228,0.005500625290270034,0.004509905397651583,0.014537470119871084,0.002881442089694552
20261254,24,0.0,32,8,grid,6.0,0.0632455532033676,False,-1,20,0.007416874954056553,True,0.015220707409843756,0.009417349666569257,0.006053169123424276,0.01893227080505393,0.007416874954056553
20261254,24,0.0,32,8,grid,7.0,0.096539859156753,False,-1,14,0.019364214852932063,True,0.04450970073367681,0.008541057093571605,0.01119931371243162,0.021047000395035213,0.019364214852932063
20261254,24,0.0,32,8,grid,8.0,0.1473612599456155,False,-1,9,0.040532054367075375,True,0.09043969390063929,0.0141026143626688,0.020842212198186286,0.021623748900417974,0.040532054367075375
20261254,24,0.0,32,8,grid,9.0,0.2249365300761397,False,-1,6,0.06742935944397907,True,0.1516124296998611,0.04310491918192435,0.042498876649129394,0.02729151841591112,0.06742935944397907
20261254,24,0.0,32,8,grid,10.0,0.3433496875730229,False,-1,5,0.09668626641114447,True,0.20816678298779281,0.12179689308313972,0.103380167091504,0.05542796360114498,0.09668626641114447
20261254,24,0.0,32,8,grid,11.0,0.524098988797363,False,-1,2,0.12092683337510549,True,0.20141125738840807,0.25883852794767254,0.21167390736598335,0.14033355138473058,0.12092683337510549
20261254,24,0.0,32,8,grid,12.0,0.8,False,-1,2,0.25241413856502704,True,0.11277171005182379,0.3409719456633815,0.2533830752858604,0.31369403118852424,0.25241413856502704
20261254,24,0.0,32,32,joint_aware,,0.2890855861645199,False,-1,5,0.1688798523614828,True,0.496561203239704,0.1699231614564682,0.048974763459009106,0.05289350074062424,0.1688798523614828
20261254,24,0.0,32,32,correlation_blind,,0.2890855861645199,False,-1,5,0.1688798523614828,True,0.496561203239704,0.1699231614564682,0.048974763459009106,0.05289350074062424,0.1688798523614828
20261254,24,0.0,32,32,delay_blind,,0.5476125865680102,False,-1,2,854.5854790509838,True,0.7372251929713789,1.6327587041627472,0.19115963832962202,18.784567109497033,854.5854790509838
20261254,24,0.0,32,32,mean_only,,0.5345835420861842,False,-1,2,1444.109097122576,True,0.7533748626732704,1.5798853382620681,0.8504709426594877,55.0689414058386,1444.109097122576
20261254,24,0.0,32,32,worstcase_correlation,,0.056406811991134544,False,-1,21,0.006933160347910497,True,0.011511813146242954,0.010445386950516805,0.0059665871901438605,0.01977082787557745,0.006933160347910497
20261254,24,0.0,32,32,grid,0.0,0.005,False,-1,270,0.0016132608092081935,True,0.529227039717631,0.29810251924281994,0.09998182262685877,0.02569741310284383,0.0016132608092081935
20261254,24,0.0,32,32,grid,1.0,0.007632145998180043,False,-1,182,0.0002961229551265676,True,0.38606369507358684,0.16717891995087397,0.03381655732592603,0.005618034351476391,0.0002961229551265676
20261254,24,0.0,32,32,grid,2.0,0.01164993050750713,False,-1,113,0.0008674709240874409,True,0.243167529963052,0.07024735196498036,0.005491018078075777,0.002929327163116906,0.0008674709240874409
20261254,24,0.0,32,32,grid,3.0,0.01778279410038923,False,-1,69,0.0012406063657431268,True,0.12312397550014469,0.017254250084433778,0.0005732281016915072,0.006254258017805467,0.0012406063657431268
20261254,24,0.0,32,32,grid,4.0,0.027144176165949066,False,-1,44,0.001613690343182051,True,0.043485438150206425,0.0022324214967720606,0.0031584658762013286,0.010636759983536009,0.001613690343182051
20261254,24,0.0,32,32,grid,5.0,0.04143366309976846,False,-1,31,0.00309805535123808,True,0.009794739379113298,0.0066128168112785215,0.004584051090521686,0.015912705091421397,0.00309805535123808
20261254,24,0.0,32,32,grid,6.0,0.0632455532033676,False,-1,19,0.009614376240917988,True,0.016821645753499457,0.010962957119163477,0.007071283149516433,0.02096849766256129,0.009614376240917988
20261254,24,0.0,32,32,grid,7.0,0.096539859156753,False,-1,12,0.030085852374989373,True,0.052003803304043215,0.010696507052873859,0.01428952712017181,0.024486897854423866,0.030085852374989373
20261254,24,0.0,32,32,grid,8.0,0.1473612599456155,False,-1,9,0.06794018436846602,True,0.11599386040641436,0.019686696156670996,0.020464565410834606,0.03692724526777529,0.06794018436846602
20261254,24,0.0,32,32,grid,9.0,0.2249365300761397,False,-1,6,0.10038425456377173,True,0.2996279142582894,0.07554824585188476,0.026787658573734177,0.058683388522998134,0.10038425456377173
20261254,24,0.0,32,32,grid,10.0,0.3433496875730229,False,-1,5,0.32996301685922846,True,0.7322496161021237,0.2307770215340454,0.13753678104612316,0.06535261426974422,0.32996301685922846
20261254,24,0.0,32,32,grid,11.0,0.524098988797363,False,-1,2,222.53831175939263,True,0.8010505996917834,1.6769681423742833,0.9511641848835151,38.99255026961815,222.53831175939263
20261254,24,0.0,32,32,grid,12.0,0.8,True,1991,2,1000000000000.0,True,25.493490276094043,2697.2851874812927,667068.3793202138,1000000000000.0,1000000000000.0
20261254,24,0.9,16,8,joint_aware,,0.06793567174124356,False,-1,33,0.7974280804278175,True,0.9186610056098741,0.5135661869419959,0.07329893308603119,0.6502646006571228,0.7974280804278175
20261254,24,0.9,16,8,correlation_blind,,0.4363488632302189,False,-1,9,5.8803377316582575,True,6.620164399269565,0.5521399508271421,5.311240695473071,1.6050837923408479,5.8803377316582575
20261254,24,0.9,16,8,delay_blind,,0.0679609250345928,False,-1,33,0.7977673677105434,True,0.9188460950510696,0.5136271179028868,0.07339914498869037,0.6504728107004872,0.7977673677105434
20261254,24,0.9,16,8,mean_only,,4.115057114511728,True,31,-1,1000000000000.0,True,1000000000000.0,1000000000000.0,1000000000000.0,1000000000000.0,1000000000000.0
20261254,24,0.9,16,8,worstcase_correlation,,0.062108907189348216,False,-1,33,0.7183009055792815,True,0.8739079701626589,0.4986280759689993,0.051921767737391634,0.6016363641702012,0.7183009055792815
20261254,24,0.9,16,8,grid,0.0,0.005,False,-1,261,0.023116576906168078,True,0.5319648780181166,0.4373375548199045,0.22094754941062905,0.0742929030457321,0.023116576906168078
20261254,24,0.9,16,8,grid,1.0,0.007632145998180043,False,-1,220,0.020735643675763672,True,0.4317502612256658,0.37292548726607677,0.14487556829502465,0.05504738010958316,0.020735643675763672
20261254,24,0.9,16,8,grid,2.0,0.01164993050750713,False,-1,173,0.03920017940142552,True,0.3722222743028442,0.3398005314012861,0.0887495397276563,0.0771240096020203,0.03920017940142552
20261254,24,0.9,16,8,grid,3.0,0.01778279410038923,False,-1,132,0.09910336478397178,True,0.3873670832734297,0.33860547754972725,0.04922165372950941,0.1434085198321927,0.09910336478397178
20261254,24,0.9,16,8,grid,4.0,0.027144176165949066,False,-1,128,0.2242502715708124,True,0.4934334762970578,0.3704115068876813,0.019031586258446802,0.2565785794691415,0.2242502715708124
20261254,24,0.9,16,8,grid,5.0,0.04143366309976846,False,-1,59,0.4289176863451852,True,0.6730629761595036,0.4299652451458996,0.009011447567975395,0.4130618380257681,0.4289176863451852
20261254,24,0.9,16,8,grid,6.0,0.0632455532033676,False,-1,33,0.7338565915109532,True,0.8829751127210653,0.501683155852226,0.055812099270228566,0.6112226334760974,0.7338565915109532
20261254,24,0.9,16,8,grid,7.0,0.096539859156753,False,-1,28,1.1481054119008354,True,1.0973044724090395,0.5660972136966097,0.22226813388677358,0.8776753691978219,1.1481054119008354
20261254,24,0.9,16,8,grid,8.0,0.1473612599456155,False,-1,10,1.5240582879193911,True,1.3893636540937575,0.6320141003740796,0.6103206243873811,1.25413319900697,1.5240582879193911
20261254,24,0.9,16,8,grid,9.0,0.2249365300761397,False,-1,9,1.5864279894899618,True,1.718465047355876,0.8331533049144388,1.3916429411305946,1.7447244308675693,1.5864279894899618
20261254,24,0.9,16,8,grid,10.0,0.3433496875730229,False,-1,8,1.763609974548708,True,2.836832989906816,1.0728473005328667,3.261039077966606,2.03433661813508,1.763609974548708
20261254,24,0.9,16,8,grid,11.0,0.524098988797363,False,-1,29,40.414438479249945,True,15.307504190078957,2.508383466632324,8.049724944353175,38.88030704363664,40.414438479249945
20261254,24,0.9,16,8,grid,12.0,0.8,True,453,-1,1000000000000.0,True,73247.18160531616,1000000000000.0,1000000000000.0,1000000000000.0,1000000000000.0
20261254,24,0.9,16,32,joint_aware,,0.06557341714513457,False,-1,33,0.9134472553310247,True,0.934695522470057,0.5204011588336175,0.0990802987640996,0.6985825371271307,0.9134472553310247
20261254,24,0.9,16,32,correlation_blind,,0.3543562147008278,False,-1,1131,4.898153431965822,True,21.01192149151332,5.991529506025155,10.115413041587404,3.955043864794442,4.898153431965822
20261254,24,0.9,16,32,delay_blind,,0.0679609250345928,False,-1,32,0.9590517940198988,True,0.9460271753819731,0.5260308793979178,0.11329940828262591,0.721688594669757,0.9590517940198988
20261254,24,0.9,16,32,mean_only,,1.2931845703348515,True,297,-1,1000000000000.0,True,3340923147.9945946,1000000000000.0,1000000000000.0,1000000000000.0,1000000000000.0
20261254,24,0.9,16,32,worstcase_correlation,,0.06012858486571272,False,-1,33,0.8104596799474921,True,0.9029600755610306,0.5057791576971892,0.0701370371844126,0.6451054781617822,0.8104596799474921
20261254,24,0.9,16,32,grid,0.0,0.005,False,-1,260,0.022517868235088973,True,0.5289621463394321,0.4351252653508155,0.219076646029306,0.07273495555088463,0.022517868235088973
20261254,24,0.9,16,32,grid,1.0,0.007632145998180043,False,-1,219,0.020411410848526695,True,0.4282913195018891,0.37101853378518235,0.1424977271949496,0.053708672404005495,0.020411410848526695
20261254,24,0.9,16,32,grid,2.0,0.01164993050750713,False,-1,172,0.04001088182149842,True,0.3713389351194093,0.33895179022154925,0.08558882325246611,0.07718599675246486,0.04001088182149842
20261254,24,0.9,16,32,grid,3.0,0.01778279410038923,False,-1,132,0.10399632672587034,True,0.3962470932052872,0.33936886813114936,0.04518026700722383,0.1477382230506742,0.10399632672587034
20261254,24,0.9,16,32,grid,4.0,0.027144176165949066,False,-1,128,0.2405295840756565,True,0.5225173645092125,0.37364232367292305,0.014842070518554204,0.27110529743188616,0.2405295840756565
20261254,24,0.9,16,32,grid,5.0,0.04143366309976846,False,-1,59,0.47558071999989626,True,0.7252792118866355,0.4377604689629275,0.010758947101584738,0.44709666639951995,0.47558071999989626
20261254,24,0.9,16,32,grid,6.0,0.0632455532033676,False,-1,33,0.8692098046684222,True,0.9221537403930019,0.5144540957239019,0.086107751959279,0.6758666641136953,0.8692098046684222
20261254,24,0.9,16,32,grid,7.0,0.096539859156753,False,-1,28,1.491072890136813,True,0.9868189720970206,0.5619677839277921,0.35481587601195486,0.9924697841982109,1.491072890136813
20261254,24,0.9,16,32,grid,8.0,0.1473612599456155,False,-1,10,2.149778151116308,True,0.9248815839901362,0.5815494233460683,1.1643671481496152,1.500286385533933,2.149778151116308
20261254,24,0.9,16,32,grid,9.0,0.2249365300761397,False,-1,9,2.3912141542727134,True,0.6220898162698227,1.0374423083632662,3.6198525267635198,2.311946505521111,2.3912141542727134
20261254,24,0.9,16,32,grid,10.0,0.3433496875730229,False,-1,661,4.220716450034296,True,16.26144186595708,3.146619385999462,9.605691420477838,3.810660638548015,4.220716450034296
20261254,24,0.9,16,32,grid,11.0,0.524098988797363,False,-1,-1,4497302120.622362,True,7846.901334633192,6546.583434665718,11.064628576307236,6659.268708862289,4497302120.622362
20261254,24,0.9,16,32,grid,12.0,0.8,True,393,-1,1000000000000.0,True,169889463.92532974,1000000000000.0,1000000000000.0,1000000000000.0,1000000000000.0
20261254,24,0.9,32,8,joint_aware,,0.06708632967038644,False,-1,33,0.9487639106555781,True,0.8723800278004331,0.4602392393270574,0.08193923008220359,0.6702248120404022,0.9487639106555781
20261254,24,0.9,32,8,correlation_blind,,0.48450346515727244,False,-1,1187,2.6724417453488263,True,52.01702812244223,689.961568311639,19.3205487640525,7.680319833738907,2.6724417453488263
20261254,24,0.9,32,8,delay_blind,,0.0681741968826708,False,-1,33,0.9681744900743812,True,0.878651266375385,0.4620230230823907,0.0873865190333047,0.6795473182528182,0.9681744900743812
20261254,24,0.9,32,8,mean_only,,2.1034893587976695,True,102,-1,1000000000000.0,True,1000000000000.0,1000000000000.0,1000000000000.0,1000000000000.0,1000000000000.0
20261254,24,0.9,32,8,worstcase_correlation,,0.061225211651951904,False,-1,33,0.843928915937843,True,0.834617854758676,0.44907120643920184,0.05576933995867258,0.6191558802415336,0.843928915937843
20261254,24,0.9,32,8,grid,0.0,0.005,False,-1,261,0.022620548329141395,True,0.5307536252689414,0.4315819597599519,0.22072998325017257,0.0705336707197913,0.022620548329141395
20261254,24,0.9,32,8,grid,1.0,0.007632145998180043,False,-1,219,0.021035964484000795,True,0.4285521720376091,0.36219124359638555,0.14336035568126826,0.05088103184852865,0.021035964484000795
20261254,24,0.9,32,8,grid,2.0,0.01164993050750713,False,-1,172,0.04177865640825338,True,0.36576029023420376,0.32311464917833405,0.08709211365762681,0.07387710808055259,0.04177865640825338
20261254,24,0.9,32,8,grid,3.0,0.01778279410038923,False,-1,131,0.10865589207899985,True,0.3764395952253724,0.3158661068796798,0.04878132511699838,0.14322562870171515,0.10865589207899985
20261254,24,0.9,32,8,grid,4.0,0.027144176165949066,False,-1,127,0.2513929399214092,True,0.4779020578574865,0.34116664573155286,0.019432797943510396,0.26266198050766465,0.2513929399214092
20261254,24,0.9,32,8,grid,5.0,0.04143366309976846,False,-1,59,0.4943416212903804,True,0.6535355897145667,0.3929325343318773,0.00902426819643228,0.4288296273343028,0.4943416212903804
20261254,24,0.9,32,8,grid,6.0,0.0632455532033676,False,-1,33,0.8800866162491608,True,0.8484081860677015,0.4532187654844073,0.06418057246033856,0.636936416097167,0.8800866162491608
20261254,24,0.9,32,8,grid,7.0,0.096539859156753,False,-1,12,1.447177194024116,True,0.9770223289881923,0.48073961153460054,0.29268691846051353,0.9140611858838545,1.447177194024116
20261254,24,0.9,32,8,grid,8.0,0.1473612599456155,False,-1,10,2.0475242777383658,True,1.0282826941118595,0.4548955945559823,0.9564165527988187,1.3188141215037807,2.0475242777383658
20261254,24,0.9,32,8,grid,9.0,0.2249365300761397,False,-1,8,2.4111193015553516,True,1.080600730409772,0.5587709944959677,2.6637562616973787,1.8104864855766845,2.4111193015553516
20261254,24,0.9,32,8,grid,10.0,0.3433496875730229,False,-1,9,3.0769946389599916,True,5.450955617584009,1.5333474520555956,7.844855561948015,2.0923117742641337,3.0769946389599916
20261254,24,0.9,32,8,grid,11.0,0.524098988797363,False,-1,1171,7.612457721945203,True,88.42482132149311,13448.837608910153,7.14401524383198,20.986271290859882,7.612457721945203
20261254,24,0.9,32,8,grid,12.0,0.8,True,622,-1,1000000000000.0,True,320385.54533231095,2613684994.8756046,1000000000000.0,1000000000000.0,1000000000000.0
20261254,24,0.9,32,32,joint_aware,,0.061344496040986844,False,-1,32,0.9140685133144898,True,1.2476802473978028,0.5974182910583474,0.11586988057993126,0.8002581774586742,0.9140685133144898
20261254,24,0.9,32,32,correlation_blind,,0.2890855861645199,False,-1,9,6.042458550434994,True,21.16267056499457,199.73033597269531,40.721425475006264,30.667149111183363,6.042458550434994
20261254,24,0.9,32,32,delay_blind,,0.0681741968826708,False,-1,32,1.086334124271233,True,1.3894390786759605,0.6437957013169889,0.1565544996339458,0.8864177529961091,1.086334124271233
20261254,24,0.9,32,32,mean_only,,0.5345835420861842,True,1532,-1,1000000000000.0,True,87.91966272075032,156.52464197775976,19907391.042555254,1000000000000.0,1000000000000.0
20261254,24,0.9,32,32,worstcase_correlation,,0.056406811991134544,False,-1,33,0.7990468023580456,True,1.1468896045126105,0.562586410367248,0.08903539966869196,0.7352166311397125,0.7990468023580456
20261254,24,0.9,32,32,grid,0.0,0.005,False,-1,260,0.02203050309960009,True,0.5251852887905349,0.4280867377948544,0.21847542486720467,0.06934458891585306,0.02203050309960009
20261254,24,0.9,32,32,grid,1.0,0.007632145998180043,False,-1,219,0.020750994312960944,True,0.422666850509707,0.359639665189487,0.14071188639072718,0.05090819207984771,0.020750994312960944
20261254,24,0.9,32,32,grid,2.0,0.01164993050750713,False,-1,172,0.04236071586748797,True,0.3662806399151616,0.32342748926012954,0.08417727276423806,0.07759158569622367,0.04236071586748797
20261254,24,0.9,32,32,grid,3.0,0.01778279410038923,False,-1,131,0.11076314552709349,True,0.3997254349940238,0.3232530888760856,0.04675291977721664,0.15728480581931717,0.11076314552709349
20261254,24,0.9,32,32,grid,4.0,0.027144176165949066,False,-1,127,0.25307122850869496,True,0.5555504678089177,0.3657572805422129,0.0217701401069685,0.30317515365795206,0.25307122850869496
20261254,24,0.9,32,32,grid,5.0,0.04143366309976846,False,-1,59,0.4972504373222941,True,0.8439328745778529,0.4571044845656778,0.03026454398166839,0.5246356375046174,0.4972504373222941
20261254,24,0.9,32,32,grid,6.0,0.0632455532033676,False,-1,32,0.9605217419527218,True,1.286827546943056,0.6105982312505498,0.12685082699317973,0.8247076913507273,0.9605217419527218
20261254,24,0.9,32,32,grid,7.0,0.096539859156753,False,-1,12,1.9166277225040538,True,2.0214222470292675,0.7829884134007397,0.3317822202845415,1.1793441498811916,1.9166277225040538
20261254,24,0.9,32,32,grid,8.0,0.1473612599456155,False,-1,10,3.4695486138720737,True,3.431005672793904,0.9270742629727897,0.7876545885870652,1.5242074016399159,3.4695486138720737
20261254,24,0.9,32,32,grid,9.0,0.2249365300761397,False,-1,9,7.05467546992803,True,7.296866102702072,9.956520518919845,6.045591057422969,2.3062531762637075,7.05467546992803
20261254,24,0.9,32,32,grid,10.0,0.3433496875730229,False,-1,-1,293.29218938014714,True,51.01077175117834,482.73516113944726,2467.5770005245386,210270.56907533665,293.29218938014714
20261254,24,0.9,32,32,grid,11.0,0.524098988797363,True,1667,-1,1000000000000.0,True,108.47715598073574,245.56273760488386,34376053.50523171,1000000000000.0,1000000000000.0
20261254,24,0.9,32,32,grid,12.0,0.8,True,558,-1,1000000000000.0,True,375241.7877330278,11828008908.481897,1000000000000.0,1000000000000.0,1000000000000.0
20261255,25,0.0,16,8,joint_aware,,0.4363488632302189,False,-1,7,0.22124792670315457,True,0.35958213440154885,0.05005383970298851,0.27602857649263723,0.27402097226222055,0.22124792670315457
20261255,25,0.0,16,8,correlation_blind,,0.4363488632302189,False,-1,7,0.22124792670315457,True,0.35958213440154885,0.05005383970298851,0.27602857649263723,0.27402097226222055,0.22124792670315457
20261255,25,0.0,16,8,delay_blind,,0.4373927810905379,False,-1,7,0.222219480401044,True,0.3611393879835018,0.04993834587223675,0.27675943828912153,0.27501835301287825,0.222219480401044
20261255,25,0.0,16,8,mean_only,,4.115057114511728,True,80,-1,1000000000000.0,True,1000000000000.0,1000000000000.0,1000000000000.0,1000000000000.0,1000000000000.0
20261255,25,0.0,16,8,worstcase_correlation,,0.062108907189348216,False,-1,23,0.005369559598927378,True,0.010059654000970997,0.07609944083546848,0.016780338126530896,0.01542692626841003,0.005369559598927378
20261255,25,0.0,16,8,grid,0.0,0.005,False,-1,305,0.004927933780816734,True,0.5551352754141973,0.35274845042417274,0.1575880049097296,0.04977707005624536,0.004927933780816734
20261255,25,0.0,16,8,grid,1.0,0.007632145998180043,False,-1,204,0.0017069465801985981,True,0.42190316784518955,0.23709429141144628,0.08355263894683557,0.021510680608324187,0.0017069465801985981
20261255,25,0.0,16,8,grid,2.0,0.01164993050750713,False,-1,132,0.001865232305671775,True,0.2870477002651917,0.1494635520498713,0.03963328731457176,0.009041711892201359,0.001865232305671775
20261255,25,0.0,16,8,grid,3.0,0.01778279410038923,False,-1,88,0.003121852677583824,True,0.16817153731334047,0.0960644071251794,0.018044625430552425,0.005357603104894118,0.003121852677583824
20261255,25,0.0,16,8,grid,4.0,0.027144176165949066,False,-1,50,0.005098181995482155,True,0.07982571850805899,0.07216193948564412,0.010271762022408813,0.0060775058098029985,0.005098181995482155
20261255,25,0.0,16,8,grid,5.0,0.04143366309976846,False,-1,31,0.005986345147242639,True,0.028432864035599918,0.06790634246393924,0.010389136592572094,0.009652050204584893,0.005986345147242639
20261255,25,0.0,16,8,grid,6.0,0.0632455532033676,False,-1,22,0.005364340112047756,True,0.009792413522270485,0.07667526975341837,0.01723091624400789,0.0157339183073735,0.005364340112047756
20261255,25,0.0,16,8,grid,7.0,0.096539859156753,False,-1,16,0.008268983988983078,True,0.013713235579102373,0.09233802533173699,0.03235779813518544,0.024246212523552448,0.008268983988983078
20261255,25,0.0,16,8,grid,8.0,0.1473612599456155,False,-1,10,0.022397688009851032,True,0.037332308316510895,0.10299149547209403,0.05860135366916055,0.03999619066228801,0.022397688009851032
20261255,25,0.0,16,8,grid,9.0,0.2249365300761397,False,-1,8,0.058970848780261036,True,0.09713936513880728,0.0936915049264448,0.1086899570077324,0.08203646688588224,0.058970848780261036
20261255,25,0.0,16,8,grid,10.0,0.3433496875730229,False,-1,7,0.1402823526026182,True,0.230321977923591,0.06512082744783429,0.20458532408562344,0.18332093694678675,0.1402823526026182
20261255,25,0.0,16,8,grid,11.0,0.524098988797363,False,-1,1,0.305295068971317,True,0.4982501367536571,0.044437545957370754,0.33115060443501854,0.3520986784916984,0.305295068971317
20261255,25,0.0,16,8,grid,12.0,0.8,False,-1,1,0.5315435776580869,True,0.9954643766914909,0.07780324706223865,0.43095017558828685,0.44613379093179856,0.5315435776580869
20261255,25,0.0,16,32,joint_aware,,0.3543562147008278,False,-1,10,0.13784822062316654,True,0.22669892597692956,0.07813173625574751,0.43325549537242425,0.3947897128955998,0.13784822062316654
20261255,25,0.0,16,32,correlation_blind,,0.3543562147008278,False,-1,10,0.13784822062316654,True,0.22669892597692956,0.07813173625574751,0.43325549537242425,0.3947897128955998,0.13784822062316654
20261255,25,0.0,16,32,delay_blind,,0.4373927810905379,False,-1,2,0.16572482109178677,True,0.2943589307568544,0.06844729874209295,0.5890948149349335,0.6672186524978809,0.16572482109178677
20261255,25,0.0,16,32,mean_only,,1.2931845703348515,True,828,1,1000000000000.0,True,57730.93287363641,19304978.845836084,1000000000000.0,1000000000000.0,1000000000000.0
20261255,25,0.0,16,32,worstcase_correlation,,0.06012858486571272,False,-1,22,0.0050741001190089665,True,0.009062736509602558,0.07914103715880202,0.017839544660306978,0.01545415572722122,0.0050741001190089665
20261255,25,0.0,16,32,grid,0.0,0.005,False,-1,301,0.004882122031264407,True,0.5534017399227986,0.35115901911001035,0.15667629031718824,0.04949723320729354,0.004882122031264407
20261255,25,0.0,16,32,grid,1.0,0.007632145998180043,False,-1,203,0.001695766812388656,True,0.41928004022928633,0.23533284216031478,0.08279576654001965,0.02134602131438117,0.001695766812388656
20261255,25,0.0,16,32,grid,2.0,0.01164993050750713,False,-1,129,0.0018717898039049055,True,0.283656372865107,0.14794209449339363,0.039112911805305364,0.008975381955895392,0.0018717898039049055
20261255,25,0.0,16,32,grid,3.0,0.01778279410038923,False,-1,86,0.0031086757627855114,True,0.1644531784275895,0.09533173936559501,0.017760915610972164,0.005389846059404966,0.0031086757627855114
20261255,25,0.0,16,32,grid,4.0,0.027144176165949066,False,-1,49,0.0050014510803631914,True,0.076399005208302,0.07273140636297915,0.01021969350958541,0.006251204903506424,0.0050014510803631914
20261255,25,0.0,16,32,grid,5.0,0.04143366309976846,False,-1,30,0.0057134915810112125,True,0.025941255928590912,0.07015338570858433,0.010835493948805447,0.010048139136207722,0.0057134915810112125
20261255,25,0.0,16,32,grid,6.0,0.0632455532033676,False,-1,22,0.005072313792544593,True,0.008306510520954258,0.08097022457670847,0.019380693251205935,0.01631232947420434,0.005072313792544593
20261255,25,0.0,16,32,grid,7.0,0.096539859156753,False,-1,15,0.008885016500423254,True,0.01254094827735983,0.09939590264153,0.03971221988823621,0.025271090835923316,0.008885016500423254
20261255,25,0.0,16,32,grid,8.0,0.1473612599456155,False,-1,10,0.02655525144460364,True,0.03613516286380351,0.11547222135156986,0.0811063161556147,0.04752100974765841,0.02655525144460364
20261255,25,0.0,16,32,grid,9.0,0.2249365300761397,False,-1,8,0.0696281307371574,True,0.09712254032578735,0.11060794983477759,0.18018936275431605,0.12563068936669247,0.0696281307371574
20261255,25,0.0,16,32,grid,10.0,0.3433496875730229,False,-1,10,0.13331935193365127,True,0.21654419632070213,0.08029073944903431,0.4103680168755393,0.3647900277482448,0.13331935193365127
20261255,25,0.0,16,32,grid,11.0,0.524098988797363,False,-1,1,0.1845621616036878,True,0.3819644732936273,0.06267477272042425,0.6876438957854004,1.056425179267766,0.1845621616036878
20261255,25,0.0,16,32,grid,12.0,0.8,False,-1,1,1.1596318449032155,True,1.5762604220197927,0.41980940685911805,0.6938477205188426,4.63892743874779,1.1596318449032155
20261255,25,0.0,32,8,joint_aware,,0.48450346515727244,False,-1,2,0.3163739265205291,True,0.40878802457606045,0.08294579501025096,0.049688465260060155,0.09077235617962481,0.3163739265205291
20261255,25,0.0,32,8,correlation_blind,,0.48450346515727244,False,-1,2,0.3163739265205291,True,0.40878802457606045,0.08294579501025096,0.049688465260060155,0.09077235617962481,0.3163739265205291
20261255,25,0.0,32,8,delay_blind,,0.5476125865680102,False,-1,2,0.385924900392261,True,0.4998699568534565,0.07984674489152635,0.050965937247565096,0.11275325580797806,0.385924900392261
20261255,25,0.0,32,8,mean_only,,2.1034893587976695,True,1742,1,1000000000000.0,True,21.46275864556469,171.0668867624144,10394.744366648283,1000000000000.0,1000000000000.0
20261255,25,0.0,32,8,worstcase_correlation,,0.061225211651951904,False,-1,25,0.00929557035183116,True,0.011049887140172951,0.00977806570173985,0.011574173900526005,0.03243671205873253,0.00929557035183116
20261255,25,0.0,32,8,grid,0.0,0.005,False,-1,294,0.00271987794854628,True,0.5444021499144768,0.3322706228379632,0.1422306037796593,0.05236573109075851,0.00271987794854628
20261255,25,0.0,32,8,grid,1.0,0.007632145998180043,False,-1,191,5.0410507842606435e-05,True,0.4077291702227521,0.2094884981067069,0.0684882175774135,0.026982088028533656,5.0410507842606435e-05
20261255,25,0.0,32,8,grid,2.0,0.01164993050750713,False,-1,132,0.001149273828510056,True,0.27002350007331366,0.11496423847126538,0.027332415615149902,0.01604889164976935,0.001149273828510056
20261255,25,0.0,32,8,grid,3.0,0.01778279410038923,False,-1,88,0.0022247288025978346,True,0.15025058164980903,0.054943116672606825,0.009752884558050175,0.014112269026837668,0.0022247288025978346
20261255,25,0.0,32,8,grid,4.0,0.027144176165949066,False,-1,54,0.002965383413349164,True,0.06426345713499541,0.02428680650179204,0.005207722200356594,0.018041046244490145,0.002965383413349164
20261255,25,0.0,32,8,grid,5.0,0.04143366309976846,False,-1,34,0.004738501587639072,True,0.019447641630839414,0.012317343557208841,0.006680812219367036,0.02522888768340706,0.004738501587639072
20261255,25,0.0,32,8,grid,6.0,0.0632455532033676,False,-1,23,0.009881814756404816,True,0.011468031071489318,0.009769447757647244,0.012109207793330917,0.03298838208464255,0.009881814756404816
20261255,25,0.0,32,8,grid,7.0,0.096539859156753,False,-1,13,0.022097173401801,True,0.028110386623174197,0.012161650118034894,0.02001613241895927,0.03833025816413644,0.022097173401801
20261255,25,0.0,32,8,grid,8.0,0.1473612599456155,False,-1,8,0.04767875295725071,True,0.06378102101190623,0.022326984403842426,0.028334363533809373,0.0395127573586986,0.04767875295725071
20261255,25,0.0,32,8,grid,9.0,0.2249365300761397,False,-1,5,0.09664199650037315,True,0.12978553713304494,0.04425373210371216,0.037796451505329405,0.04156059411340983,0.09664199650037315
20261255,25,0.0,32,8,grid,10.0,0.3433496875730229,False,-1,5,0.18584161483802553,True,0.24584642660942724,0.0724098659065433,0.04637904884053435,0.05644119398794352,0.18584161483802553
20261255,25,0.0,32,8,grid,11.0,0.524098988797363,False,-1,2,0.3591846727163633,True,0.4640703948561158,0.08145564740558693,0.05043896153827569,0.10394869987819237,0.3591846727163633
20261255,25,0.0,32,8,grid,12.0,0.8,False,-1,1,0.7081635915720673,True,1.1010014282691893,0.053313454133418564,0.0817873231016309,0.29413367402189117,0.7081635915720673
20261255,25,0.0,32,32,joint_aware,,0.2890855861645199,False,-1,5,0.16469066636951046,True,0.44959038816444774,0.12306869868481049,0.22318262083515422,0.06818792257390334,0.16469066636951046
20261255,25,0.0,32,32,correlation_blind,,0.2890855861645199,False,-1,5,0.16469066636951046,True,0.44959038816444774,0.12306869868481049,0.22318262083515422,0.06818792257390334,0.16469066636951046
20261255,25,0.0,32,32,delay_blind,,0.5476125865680102,False,-1,2,2586.2492351874603,True,2.472803905788622,8.944870438818418,6.502817425551222,764.45626913204,2586.2492351874603
20261255,25,0.0,32,32,mean_only,,0.5345835420861842,False,-1,2,10.622097865701374,True,1.672408428216947,7.08078968467724,13.162981998265884,112.81140269434238,10.622097865701374
20261255,25,0.0,32,32,worstcase_correlation,,0.056406811991134544,False,-1,24,0.008483891331924913,True,0.011239186007756226,0.011132673697019741,0.01312051950128513,0.03319256817999098,0.008483891331924913
20261255,25,0.0,32,32,grid,0.0,0.005,False,-1,291,0.00263713110495788,True,0.5399586534822336,0.32833463462601736,0.1400616147866394,0.05180616850058574,0.00263713110495788
20261255,25,0.0,32,32,grid,1.0,0.007632145998180043,False,-1,188,5.687443220746495e-05,True,0.4009944092300533,0.20509275710824101,0.06675009025477854,0.02664727308119811,5.687443220746495e-05
20261255,25,0.0,32,32,grid,2.0,0.01164993050750713,False,-1,129,0.0011953829465910608,True,0.2614268070900746,0.11100497663341094,0.02626154008762318,0.015879075940147654,0.0011953829465910608
20261255,25,0.0,32,32,grid,3.0,0.01778279410038923,False,-1,86,0.002257192218773048,True,0.14119942320958342,0.052216980730042266,0.009353787783564806,0.014177247378209856,0.002257192218773048
20261255,25,0.0,32,32,grid,4.0,0.027144176165949066,False,-1,51,0.0029983478034536367,True,0.05671369862288184,0.023093410517702275,0.00540129737009442,0.01852149654434229,0.0029983478034536367
20261255,25,0.0,32,32,grid,5.0,0.04143366309976846,False,-1,32,0.004917694269134687,True,0.015932261906928903,0.012658865511837198,0.007856225933402794,0.026464162333447776,0.004917694269134687
20261255,25,0.0,32,32,grid,6.0,0.0632455532033676,False,-1,21,0.010566204084030487,True,0.013516315383882344,0.011091409058906598,0.015878206490267388,0.035613797384886806,0.010566204084030487
20261255,25,0.0,32,32,grid,7.0,0.096539859156753,False,-1,13,0.02411027758304909,True,0.0350174310471612,0.013364307904999515,0.029379771737861292,0.04146033506929495,0.02411027758304909
20261255,25,0.0,32,32,grid,8.0,0.1473612599456155,False,-1,8,0.05678844114872838,True,0.08003816351718097,0.028166734109921092,0.04477506360220676,0.040470917974082976,0.05678844114872838
20261255,25,0.0,32,32,grid,9.0,0.2249365300761397,False,-1,5,0.12046623171065785,True,0.2206993848558018,0.05816906309772693,0.08934489411748789,0.047104158937055295,0.12046623171065785
20261255,25,0.0,32,32,grid,10.0,0.3433496875730229,False,-1,4,0.2612018280686102,True,0.4964944484650149,0.2575785922995608,0.3931530232895065,0.10897667692293189,0.2612018280686102
20261255,25,0.0,32,32,grid,11.0,0.524098988797363,False,-1,2,1.3979803841600633,True,1.279960296189022,5.280284828805559,13.806070555936945,0.28284316270879567,1.3979803841600633
20261255,25,0.0,32,32,grid,12.0,0.8,True,2075,1,1000000000000.0,True,73.91822637265523,5663.309728317525,1250915.7185448487,535898500913.9581,1000000000000.0
20261255,25,0.9,16,8,joint_aware,,0.06793567174124356,False,-1,67,0.4824044952741351,True,0.6088665015697807,0.8029437785301073,0.9338710996352194,0.6860446577435085,0.4824044952741351
20261255,25,0.9,16,8,correlation_blind,,0.4363488632302189,False,-1,116,6.527677424521096,True,12.047521733761341,1.2822643782733332,0.4763738248698116,11.446704280905287,6.527677424521096
20261255,25,0.9,16,8,delay_blind,,0.0679609250345928,False,-1,67,0.4827216702571038,True,0.6092223568770941,0.8031896385632311,0.934198889374923,0.6861525397824927,0.4827216702571038
20261255,25,0.9,16,8,mean_only,,4.115057114511728,True,39,-1,1000000000000.0,True,1000000000000.0,1000000000000.0,1000000000000.0,1000000000000.0,1000000000000.0
20261255,25,0.9,16,8,worstcase_correlation,,0.062108907189348216,False,-1,67,0.4131213745497916,True,0.5289290186556794,0.7455492259136738,0.8566126229437196,0.6603187572099287,0.4131213745497916
20261255,25,0.9,16,8,grid,0.0,0.005,False,-1,345,0.019555605980725983,True,0.5691651552197383,0.4348012533892081,0.269358552096049,0.09003404107391187,0.019555605980725983
20261255,25,0.9,16,8,grid,1.0,0.007632145998180043,False,-1,155,0.023260335941106387,True,0.4434236933059478,0.3580427213351801,0.22342137165250528,0.0713058471439522,0.023260335941106387
20261255,25,0.9,16,8,grid,2.0,0.01164993050750713,False,-1,122,0.038247757921796924,True,0.32209447800991364,0.3210720492473128,0.2113685545419121,0.11101011505111788,0.038247757921796924
20261255,25,0.9,16,8,grid,3.0,0.01778279410038923,False,-1,95,0.07084902788754623,True,0.231807175102032,0.33253696748113803,0.24432373090466067,0.21681111548948806,0.07084902788754623
20261255,25,0.9,16,8,grid,4.0,0.027144176165949066,False,-1,87,0.12816450030832247,True,0.20741179495451095,0.39980462605767525,0.34913596207748565,0.37178304014467073,0.12816450030832247
20261255,25,0.9,16,8,grid,5.0,0.04143366309976846,False,-1,70,0.22405317516887593,True,0.292386405934304,0.5359761371479713,0.5577034559469812,0.5343881017821731,0.22405317516887593
20261255,25,0.9,16,8,grid,6.0,0.0632455532033676,False,-1,67,0.4260328709591376,True,0.54416901772756,0.7568447241933871,0.871941211578125,0.6654933077227045,0.4260328709591376
20261255,25,0.9,16,8,grid,7.0,0.096539859156753,False,-1,64,0.9385932279801397,True,1.0542663499247644,1.063677443184953,1.2715521433613917,0.8044379217481539,0.9385932279801397
20261255,25,0.9,16,8,grid,8.0,0.1473612599456155,False,-1,51,2.213358524590119,True,2.0343346694317384,1.456972074599832,1.747333454011985,1.023516901918415,2.213358524590119
20261255,25,0.9,16,8,grid,9.0,0.2249365300761397,False,-1,51,4.855586657360195,True,4.043177143642343,1.9525622200551054,2.2764312397876436,1.3096792450468728,4.855586657360195
20261255,25,0.9,16,8,grid,10.0,0.3433496875730229,False,-1,115,8.46850236451364,True,8.249890637135795,2.462927405689384,2.7292672897655312,1.945016714314511,8.46850236451364
20261255,25,0.9,16,8,grid,11.0,0.524098988797363,False,-1,227,23.35617870502272,True,15.109726440992079,10.50166906368157,236.1181357883083,20.11319313130194,23.35617870502272
20261255,25,0.9,16,8,grid,12.0,0.8,True,489,-1,1000000000000.0,True,612851.696968271,1000000000000.0,1000000000000.0,1000000000000.0,1000000000000.0
20261255,25,0.9,16,32,joint_aware,,0.06557341714513457,False,-1,67,0.5374742410751077,True,0.6083761314912717,0.6927973799381674,0.8176730090920502,0.8531613064506626,0.5374742410751077
20261255,25,0.9,16,32,correlation_blind,,0.3543562147008278,False,-1,1442,20.943801293005972,True,16.133296436663596,4.886086963123783,35.05617261978048,6.034873238294543,20.943801293005972
20261255,25,0.9,16,32,delay_blind,,0.0679609250345928,False,-1,66,0.5730553509568649,True,0.64649082124132,0.7019237876885093,0.840798589922886,0.8762735483171067,0.5730553509568649
20261255,25,0.9,16,32,mean_only,,1.2931845703348515,True,199,-1,1000000000000.0,True,1000000000000.0,1000000000000.0,1000000000000.0,1000000000000.0,1000000000000.0
20261255,25,0.9,16,32,worstcase_correlation,,0.06012858486571272,False,-1,67,0.4625857259704192,True,0.5252775367187718,0.6673405551734286,0.7617101802182596,0.8012052386773819,0.4625857259704192
20261255,25,0.9,16,32,grid,0.0,0.005,False,-1,342,0.020825321735139048,True,0.5660069598543321,0.43196831142478676,0.26795845702242604,0.08966253191224478,0.020825321735139048
20261255,25,0.9,16,32,grid,1.0,0.007632145998180043,False,-1,154,0.025808534616308623,True,0.43806098534458304,0.35535294428493786,0.2226581247858115,0.07230767072675244,0.025808534616308623
20261255,25,0.9,16,32,grid,2.0,0.01164993050750713,False,-1,121,0.04358909857967121,True,0.31399244539520876,0.3204219891455109,0.21106463069198475,0.11637217335695213,0.04358909857967121
20261255,25,0.9,16,32,grid,3.0,0.01778279410038923,False,-1,95,0.0820898742769155,True,0.2213981241087014,0.33637576061334706,0.24273510661076028,0.23262520772686557,0.0820898742769155
20261255,25,0.9,16,32,grid,4.0,0.027144176165949066,False,-1,86,0.1498833923124033,True,0.1975216840127724,0.408221842314006,0.34213430383921944,0.4085809791336683,0.1498833923124033
20261255,25,0.9,16,32,grid,5.0,0.04143366309976846,False,-1,70,0.2632405394662529,True,0.2908489752469987,0.5354913113828166,0.5338581015363904,0.6112483021637156,0.2632405394662529
20261255,25,0.9,16,32,grid,6.0,0.0632455532033676,False,-1,67,0.5044112109897486,True,0.5721771922833284,0.6827021439758633,0.7943111363895442,0.8308568661132192,0.5044112109897486
20261255,25,0.9,16,32,grid,7.0,0.096539859156753,False,-1,64,1.1488951269712715,True,1.1708167122011757,0.7264172622117454,1.0682428574350575,1.184811252207232,1.1488951269712715
20261255,25,0.9,16,32,grid,8.0,0.1473612599456155,False,-1,48,3.1579806958372676,True,2.4367292863323846,0.6319160371616281,1.3558820270780159,1.827011273039989,3.1579806958372676
20261255,25,0.9,16,32,grid,9.0,0.2249365300761397,False,-1,48,9.356313789164792,True,5.536286374158778,0.8181631180402937,1.9606531883981912,2.6288901845425907,9.356313789164792
20261255,25,0.9,16,32,grid,10.0,0.3433496875730229,False,-1,724,20.460385951164444,True,14.849474615971683,3.92594675856228,25.43054190377654,5.449578429934553,20.460385951164444
20261255,25,0.9,16,32,grid,11.0,0.524098988797363,False,-1,-1,97.4251581927547,True,25.12550319409724,21.27758764330501,179.22213968894565,145973.5364634769,97.4251581927547
20261255,25,0.9,16,32,grid,12.0,0.8,True,560,-1,1000000000000.0,True,100347190.82558234,35527153662.18801,1000000000000.0,1000000000000.0,1000000000000.0
20261255,25,0.9,32,8,joint_aware,,0.06708632967038644,False,-1,66,0.5755681613479647,True,0.6140335596509996,0.6443693547836163,1.0102818890026544,0.7862426294554563,0.5755681613479647
20261255,25,0.9,32,8,correlation_blind,,0.48450346515727244,False,-1,361,81.06241273045906,True,16.534638588806327,11.374092554757521,24.854311018434394,310.1682560479053,81.06241273045906
20261255,25,0.9,32,8,delay_blind,,0.0681741968826708,False,-1,66,0.5926203265996883,True,0.630403120355583,0.6475706541887314,1.0246377604228445,0.7934980595112203,0.5926203265996883
20261255,25,0.9,32,8,mean_only,,2.1034893587976695,True,101,-1,1000000000000.0,True,1000000000000.0,1000000000000.0,1000000000000.0,1000000000000.0,1000000000000.0
20261255,25,0.9,32,8,worstcase_correlation,,0.061225211651951904,False,-1,66,0.4899385081623623,True,0.5288972413997999,0.6235195761533301,0.9304814507227603,0.7466489963106787,0.4899385081623623
20261255,25,0.9,32,8,grid,0.0,0.005,False,-1,342,0.021978245677946776,True,0.5664894914659709,0.4308023605834978,0.27239470677351435,0.09106246102587348,0.021978245677946776
20261255,25,0.9,32,8,grid,1.0,0.007632145998180043,False,-1,154,0.026232467090508384,True,0.4393542852802537,0.3549724472540191,0.2324426390890937,0.07200955598159559,0.026232467090508384
20261255,25,0.9,32,8,grid,2.0,0.01164993050750713,False,-1,121,0.04401077587366151,True,0.3166322471816348,0.32033085846670745,0.23010629637878866,0.11244626498009236,0.04401077587366151
20261255,25,0.9,32,8,grid,3.0,0.01778279410038923,False,-1,92,0.08299233974543122,True,0.22558752648873165,0.33413135758549584,0.27677323608276516,0.2241800623909134,0.08299233974543122
20261255,25,0.9,32,8,grid,4.0,0.027144176165949066,False,-1,75,0.15189839800449337,True,0.20196632595082886,0.39846267306776884,0.3997112219734131,0.39461825761711417,0.15189839800449337
20261255,25,0.9,32,8,grid,5.0,0.04143366309976846,False,-1,70,0.2687087578928309,True,0.2912768167725354,0.5092237183040069,0.6292929548755553,0.5845183756565986,0.2687087578928309
20261255,25,0.9,32,8,grid,6.0,0.0632455532033676,False,-1,66,0.5182880877298144,True,0.5576385500341694,0.6314000303467133,0.9584690113798374,0.7604368080699143,0.5182880877298144
20261255,25,0.9,32,8,grid,7.0,0.096539859156753,False,-1,63,1.1808818898628968,True,1.109787912593401,0.6699143051248493,1.359583677201242,0.9913634291066377,1.1808818898628968
20261255,25,0.9,32,8,grid,8.0,0.1473612599456155,False,-1,51,3.0637562173726423,True,2.2211293595174104,0.5987649247736478,1.8464871465951724,1.4196487449398736,3.0637562173726423
20261255,25,0.9,32,8,grid,9.0,0.2249365300761397,False,-1,51,7.92330337407013,True,4.716121350369407,0.6386150821341048,2.4839457141845527,2.3666929835103945,7.92330337407013
20261255,25,0.9,32,8,grid,10.0,0.3433496875730229,False,-1,63,19.43099841529695,True,9.925672475690574,2.012517262450786,4.2032830725068,5.580985046519441,19.43099841529695
20261255,25,0.9,32,8,grid,11.0,0.524098988797363,False,-1,565,106.78232806940422,True,17.31449665112963,17.338343891322545,39.09275721407593,4960.272923233151,106.78232806940422
20261255,25,0.9,32,8,grid,12.0,0.8,True,659,-1,1000000000000.0,True,4686670.856020429,84043195.92446747,1000000000000.0,1000000000000.0,1000000000000.0
20261255,25,0.9,32,32,joint_aware,,0.061344496040986844,False,-1,66,0.5424403818663066,True,0.5143641648886467,0.8102423119163975,0.903240679260554,0.8074584300525105,0.5424403818663066
20261255,25,0.9,32,32,correlation_blind,,0.2890855861645199,False,-1,666,108.57719388085962,True,28.623389534884527,12.524221840532409,1.7062731447099346,7.208533670619295,108.57719388085962
20261255,25,0.9,32,32,delay_blind,,0.0681741968826708,False,-1,66,0.65704371417496,True,0.6209761809871054,0.8475159864034377,0.9636274135300311,0.8940433712227457,0.65704371417496
20261255,25,0.9,32,32,mean_only,,0.5345835420861842,True,1842,-1,1000000000000.0,True,205.80023545851176,322.12718534628704,307922.2019669849,1000000000000.0,1000000000000.0
20261255,25,0.9,32,32,worstcase_correlation,,0.056406811991134544,False,-1,67,0.4692721064116603,True,0.44386309360667286,0.7731093071822513,0.8514922736295181,0.7526623453309069,0.4692721064116603
20261255,25,0.9,32,32,grid,0.0,0.005,False,-1,340,0.023263900475472107,True,0.561100054123825,0.4270081587200523,0.27086315778726194,0.09062827588958765,0.023263900475472107
20261255,25,0.9,32,32,grid,1.0,0.007632145998180043,False,-1,152,0.028994974959060497,True,0.43049740572957945,0.35298499683375395,0.2322330308337916,0.07289360891661545,0.028994974959060497
20261255,25,0.9,32,32,grid,2.0,0.01164993050750713,False,-1,119,0.05007062105240323,True,0.3036389621585627,0.3250034634132799,0.2320619259836635,0.1171116240839922,0.05007062105240323
20261255,25,0.9,32,32,grid,3.0,0.01778279410038923,False,-1,91,0.09498983863804716,True,0.20860348781632215,0.3544619879172342,0.2824474157262643,0.2351200990409946,0.09498983863804716
20261255,25,0.9,32,32,grid,4.0,0.027144176165949066,False,-1,74,0.17151481418134898,True,0.182018538587548,0.4510772823359859,0.4134064215571481,0.4107026971400841,0.17151481418134898
20261255,25,0.9,32,32,grid,5.0,0.04143366309976846,False,-1,69,0.29554216900219465,True,0.2694310650339212,0.6212361209884365,0.6482078298108379,0.6010686317067666,0.29554216900219465
20261255,25,0.9,32,32,grid,6.0,0.0632455532033676,False,-1,66,0.5728174119601662,True,0.5430140762350111,0.8223474167268258,0.9212624023965564,0.8301632861873154,0.5728174119601662
20261255,25,0.9,32,32,grid,7.0,0.096539859156753,False,-1,67,1.2576798905251416,True,1.1563072553362477,0.8018778451756418,1.1554403976887269,1.4314094666329633,1.2576798905251416
20261255,25,0.9,32,32,grid,8.0,0.1473612599456155,False,-1,48,2.3985559909050584,True,2.378269302481371,0.438434598997371,1.824931304295809,3.056811857551681,2.3985559909050584
20261255,25,0.9,32,32,grid,9.0,0.2249365300761397,False,-1,48,13.710189664621717,True,4.937091574311966,0.5400517271069485,2.2691221458166146,5.231552554907656,13.710189664621717
20261255,25,0.9,32,32,grid,10.0,0.3433496875730229,False,-1,1410,643.2693142012006,True,218.26988537455964,107.05191935716512,3.630630935954169,16.27436667071759,643.2693142012006
20261255,25,0.9,32,32,grid,11.0,0.524098988797363,True,1889,-1,1000000000000.0,True,317.35660563180033,434.6161331087238,306286.953587699,1000000000000.0,1000000000000.0
20261255,25,0.9,32,32,grid,12.0,0.8,True,775,-1,1000000000000.0,True,37450.05813674176,99399826.02588941,1000000000000.0,1000000000000.0,1000000000000.0
20261256,26,0.0,16,8,joint_aware,,0.4363488632302189,False,-1,9,0.1286199094856453,True,0.1635770844812031,0.1697614041659715,0.10886030958165091,0.14222840828660416,0.1286199094856453
20261256,26,0.0,16,8,correlation_blind,,0.4363488632302189,False,-1,9,0.1286199094856453,True,0.1635770844812031,0.1697614041659715,0.10886030958165091,0.14222840828660416,0.1286199094856453
20261256,26,0.0,16,8,delay_blind,,0.4373927810905379,False,-1,9,0.1293338687886308,True,0.16422336042055558,0.17040811538370243,0.10901765893008902,0.14263155638291858,0.1293338687886308
20261256,26,0.0,16,8,mean_only,,4.115057114511728,True,110,-1,1000000000000.0,True,1000000000000.0,1000000000000.0,1000000000000.0,1000000000000.0,1000000000000.0
20261256,26,0.0,16,8,worstcase_correlation,,0.062108907189348216,False,-1,18,0.012382793472777745,True,0.008173310460949228,0.026122630805195023,0.007079387463313984,0.014346575755065424,0.012382793472777745
20261256,26,0.0,16,8,grid,0.0,0.005,False,-1,273,0.007950886811902522,True,0.5261834915678606,0.32523988203200993,0.14139119006249487,0.029097763327428305,0.007950886811902522
20261256,26,0.0,16,8,grid,1.0,0.007632145998180043,False,-1,181,0.0037373243456531014,True,0.39087440289582753,0.20269728225513792,0.06532195271607788,0.008161589040186563,0.0037373243456531014
20261256,26,0.0,16,8,grid,2.0,0.01164993050750713,False,-1,113,0.0035011915371668634,True,0.2602316627750906,0.1097209429558959,0.022247005155221482,0.0015858803325258556,0.0035011915371668634
20261256,26,0.0,16,8,grid,3.0,0.01778279410038923,False,-1,65,0.005385056307721372,True,0.15230882127323736,0.05158436162384405,0.005314199273357009,0.0016119128538616989,0.005385056307721372
20261256,26,0.0,16,8,grid,4.0,0.027144176165949066,False,-1,38,0.007934334440320791,True,0.07602447666619451,0.02350279988802282,0.002544872423905766,0.004300131991118689,0.007934334440320791
20261256,26,0.0,16,8,grid,5.0,0.04143366309976846,False,-1,29,0.010057737761866576,True,0.029786670144804482,0.01721888476165601,0.003966334475703775,0.00884560999308269,0.010057737761866576
20261256,26,0.0,16,8,grid,6.0,0.0632455532033676,False,-1,18,0.012513022043367687,True,0.007613186924133921,0.02684006068627676,0.007284212567081616,0.014613681985272537,0.012513022043367687
20261256,26,0.0,16,8,grid,7.0,0.096539859156753,False,-1,13,0.016492283306443006,True,0.0015585524073151598,0.051651011203245015,0.01473905523009906,0.022235889461029446,0.016492283306443006
20261256,26,0.0,16,8,grid,8.0,0.1473612599456155,False,-1,10,0.02349528463034115,True,0.008379815227172165,0.08579573999388578,0.0304040860111787,0.036388720945809236,0.02349528463034115
20261256,26,0.0,16,8,grid,9.0,0.2249365300761397,False,-1,9,0.03834068523410082,True,0.039534873498313104,0.109174311252939,0.05818437673942575,0.06248466862581585,0.03834068523410082
20261256,26,0.0,16,8,grid,10.0,0.3433496875730229,False,-1,9,0.07698634008898472,True,0.10738078861529216,0.1290117278255972,0.0921338337419533,0.1065362151296202,0.07698634008898472
20261256,26,0.0,16,8,grid,11.0,0.524098988797363,False,-1,9,0.20049304826233139,True,0.22094799625607967,0.2398161565774357,0.12140771901594015,0.17696947755245374,0.20049304826233139
20261256,26,0.0,16,8,grid,12.0,0.8,False,-1,10,0.604253537927552,True,0.4863955086741212,0.6336167408022826,0.18002030374346073,0.3312069322425484,0.604253537927552
20261256,26,0.0,16,32,joint_aware,,0.3543562147008278,False,-1,10,0.12411499002547453,True,0.18698792878722928,0.11651105997597098,0.2408673335965899,0.20401691797423,0.12411499002547453
20261256,26,0.0,16,32,correlation_blind,,0.3543562147008278,False,-1,10,0.12411499002547453,True,0.18698792878722928,0.11651105997597098,0.2408673335965899,0.20401691797423,0.12411499002547453
20261256,26,0.0,16,32,delay_blind,,0.4373927810905379,False,-1,11,0.1958606280603687,True,0.267382895249622,0.13909068398742025,0.3859452620114272,0.2780812689395642,0.1958606280603687
20261256,26,0.0,16,32,mean_only,,1.2931845703348515,True,1991,11,1000000000000.0,True,124.82425380074056,1116.9820390958946,273922.449271053,1000000000000.0,1000000000000.0
20261256,26,0.0,16,32,worstcase_correlation,,0.06012858486571272,False,-1,17,0.014276456452068704,True,0.008728938865783844,0.02846888422992575,0.007676536487274274,0.014537730077281728,0.014276456452068704
20261256,26,0.0,16,32,grid,0.0,0.005,False,-1,272,0.007905683743110827,True,0.5243597965330543,0.3236310105787669,0.14045408243817287,0.028881917445434464,0.007905683743110827
20261256,26,0.0,16,32,grid,1.0,0.007632145998180043,False,-1,179,0.0037205838805497945,True,0.3881881940146137,0.20092491354373648,0.06448859516387394,0.008076308313673916,0.0037205838805497945
20261256,26,0.0,16,32,grid,2.0,0.01164993050750713,False,-1,112,0.0035352365207974275,True,0.25699735164939463,0.1081896810619693,0.02164822669570149,0.001572970106276361,0.0035352365207974275
20261256,26,0.0,16,32,grid,3.0,0.01778279410038923,False,-1,64,0.005544697881670766,True,0.1492447473461713,0.05060091931964795,0.00502237818338765,0.001643460772776178,0.005544697881670766
20261256,26,0.0,16,32,grid,4.0,0.027144176165949066,False,-1,37,0.008353487731720538,True,0.07371109586068122,0.023248763257598715,0.00247325833654893,0.004434040201531242,0.008353487731720538
20261256,26,0.0,16,32,grid,5.0,0.04143366309976846,False,-1,28,0.011059422322726411,True,0.02842419933238462,0.018211666834829218,0.004139199235046693,0.009229074589254017,0.011059422322726411
20261256,26,0.0,16,32,grid,6.0,0.0632455532033676,False,-1,17,0.014843827943810412,True,0.007184965463130059,0.030948093743789925,0.008423825861229438,0.015321303170702183,0.014843827943810412
20261256,26,0.0,16,32,grid,7.0,0.096539859156753,False,-1,13,0.021257220243563562,True,0.0015411826846730237,0.06312155829345968,0.019467762751707703,0.024108275487320113,0.021257220243563562
20261256,26,0.0,16,32,grid,8.0,0.1473612599456155,False,-1,10,0.03234549927375747,True,0.011333307505559845,0.10553875483561506,0.0479647987222942,0.044575690061059395,0.03234549927375747
20261256,26,0.0,16,32,grid,9.0,0.2249365300761397,False,-1,9,0.05499616129435045,True,0.06055789484303516,0.12082948287699757,0.1121901624827548,0.09060399408342217,0.05499616129435045
20261256,26,0.0,16,32,grid,10.0,0.3433496875730229,False,-1,10,0.11597865605698014,True,0.17592528387074613,0.11537489747307896,0.22741463531878298,0.19353217110010335,0.11597865605698014
20261256,26,0.0,16,32,grid,11.0,0.524098988797363,False,-1,11,0.2790044415411257,True,0.3587692533528101,0.20114529286446345,0.6003157756345754,0.35497925493953175,0.2790044415411257
20261256,26,0.0,16,32,grid,12.0,0.8,False,-1,11,1.4879200096543435,True,0.9754143652392288,1.2634481134544253,1.748965263425852,0.911892008549055,1.4879200096543435
20261256,26,0.0,32,8,joint_aware,,0.48450346515727244,False,-1,10,0.12647647971676848,True,0.17012853019428112,0.11044639928475941,0.1887485277954521,0.05776457111472108,0.12647647971676848
20261256,26,0.0,32,8,correlation_blind,,0.48450346515727244,False,-1,10,0.12647647971676848,True,0.17012853019428112,0.11044639928475941,0.1887485277954521,0.05776457111472108,0.12647647971676848
20261256,26,0.0,32,8,delay_blind,,0.5476125865680102,False,-1,10,0.16289612114530277,True,0.15683655893671736,0.17132033983622946,0.24412936004649263,0.05689827815212821,0.16289612114530277
20261256,26,0.0,32,8,mean_only,,2.1034893587976695,True,1722,-1,1000000000000.0,True,135.2639371384733,2076.1599039392863,23121830.068857405,1000000000000.0,1000000000000.0
20261256,26,0.0,32,8,worstcase_correlation,,0.061225211651951904,False,-1,22,0.015034849047171044,True,0.016189339619695695,0.0013700817641217646,0.002998093954547312,0.019681542284609412,0.015034849047171044
20261256,26,0.0,32,8,grid,0.0,0.005,False,-1,289,0.005313333027655672,True,0.5474195799246937,0.3191079149956564,0.14231501599572458,0.03013872324617526,0.005313333027655672
20261256,26,0.0,32,8,grid,1.0,0.007632145998180043,False,-1,194,0.0024839857987421065,True,0.4152320650776677,0.19489411425881925,0.06603032415384887,0.007202812430271162,0.0024839857987421065
20261256,26,0.0,32,8,grid,2.0,0.01164993050750713,False,-1,120,0.003105547193249269,True,0.28466518763193327,0.10004470986364217,0.02260121288997125,0.0006991640026824462,0.003105547193249269
20261256,26,0.0,32,8,grid,3.0,0.01778279410038923,False,-1,77,0.005595180138294222,True,0.17286637335594637,0.04053368096425174,0.004994103263407766,0.0026588218974131386,0.005595180138294222
20261256,26,0.0,32,8,grid,4.0,0.027144176165949066,False,-1,47,0.009306265303382227,True,0.09038094820508921,0.011522965957825123,0.0017353635710895556,0.00779962172734695,0.009306265303382227
20261256,26,0.0,32,8,grid,5.0,0.04143366309976846,False,-1,30,0.01278494169716617,True,0.03903579670798323,0.002163918709267773,0.0023650466159035608,0.01412634492916397,0.01278494169716617
20261256,26,0.0,32,8,grid,6.0,0.0632455532033676,False,-1,22,0.015180601573987623,True,0.015198563578020298,0.0014559593548884883,0.0030605656794432997,0.02007918410495629,0.015180601573987623
20261256,26,0.0,32,8,grid,7.0,0.096539859156753,False,-1,14,0.016664772221211235,True,0.013492730347574275,0.004648518168909577,0.004654745872994314,0.024030112490711637,0.016664772221211235
20261256,26,0.0,32,8,grid,8.0,0.1473612599456155,False,-1,11,0.01865311479870344,True,0.035721252576186524,0.012918387294467044,0.010539462838302129,0.026389455591068988,0.01865311479870344
20261256,26,0.0,32,8,grid,9.0,0.2249365300761397,False,-1,9,0.027928848349765653,True,0.09119626904983176,0.022898310919386156,0.0322026425527325,0.030107684115809323,0.027928848349765653
20261256,26,0.0,32,8,grid,10.0,0.3433496875730229,False,-1,9,0.061535872212122415,True,0.1623062023851934,0.04133692989151842,0.09190749496703428,0.04309965118781002,0.061535872212122415
20261256,26,0.0,32,8,grid,11.0,0.524098988797363,False,-1,10,0.14877540233200404,True,0.16211782562516674,0.14603476089883743,0.22226636871368377,0.05783305458905256,0.14877540233200404
20261256,26,0.0,32,8,grid,12.0,0.8,False,-1,10,0.3786500735450229,True,0.1639615553848987,0.6346758527709822,0.5882894722299296,0.04178886477660528,0.3786500735450229
20261256,26,0.0,32,32,joint_aware,,0.2890855861645199,False,-1,10,0.0777068397638897,True,0.28245326154492656,0.11006381681221492,0.15430932422633548,0.15370619421318316,0.0777068397638897
20261256,26,0.0,32,32,correlation_blind,,0.2890855861645199,False,-1,10,0.0777068397638897,True,0.28245326154492656,0.11006381681221492,0.15430932422633548,0.15370619421318316,0.0777068397638897
20261256,26,0.0,32,32,delay_blind,,0.5476125865680102,False,-1,26,12386.94575567469,True,5.257745067582674,10.25578429971118,78.58686859475327,335.3356548147456,12386.94575567469
20261256,26,0.0,32,32,mean_only,,0.5345835420861842,False,-1,26,9250.373927338313,True,4.577754224825786,6.58125356572187,17.661484274004472,36.913760826657736,9250.373927338313
20261256,26,0.0,32,32,worstcase_correlation,,0.056406811991134544,False,-1,22,0.0159068205800421,True,0.016924098423350624,0.0017037626924744937,0.0036165808300026832,0.019937613181573728,0.0159068205800421
20261256,26,0.0,32,32,grid,0.0,0.005,False,-1,285,0.005246393711682923,True,0.5432145623515797,0.3150948727485147,0.14018122979678785,0.029599685059765204,0.005246393711682923
20261256,26,0.0,32,32,grid,1.0,0.007632145998180043,False,-1,191,0.002481320737635649,True,0.40904050794793145,0.19051721253877477,0.06425036846100195,0.0069576391859809735,0.002481320737635649
20261256,26,0.0,32,32,grid,2.0,0.01164993050750713,False,-1,118,0.0031836632700266974,True,0.2771677008330353,0.09622342689640823,0.021453360211036204,0.0007028629036999767,0.0031836632700266974
20261256,26,0.0,32,32,grid,3.0,0.01778279410038923,False,-1,73,0.005838310939009935,True,0.16551870685983536,0.03791603587890559,0.004616893387271516,0.002916539512800785,0.005838310939009935
20261256,26,0.0,32,32,grid,4.0,0.027144176165949066,False,-1,45,0.009795795289601457,True,0.08425158943700346,0.010283740237673186,0.0019428429619285114,0.008338543545223634,0.009795795289601457
20261256,26,0.0,32,32,grid,5.0,0.04143366309976846,False,-1,28,0.013571778609795656,True,0.03481922835686699,0.0020106732416346855,0.0028508170853954553,0.015065820152705947,0.013571778609795656
20261256,26,0.0,32,32,grid,6.0,0.0632455532033676,False,-1,20,0.016749821882481718,True,0.013560427498059904,0.002263140872235367,0.003962220907753806,0.02154541763236661,0.016749821882481718
20261256,26,0.0,32,32,grid,7.0,0.096539859156753,False,-1,13,0.02026488629694489,True,0.015657323357780674,0.01009304513100374,0.00558055208540119,0.026198562908639415,0.02026488629694489
20261256,26,0.0,32,32,grid,8.0,0.1473612599456155,False,-1,11,0.026888114425965098,True,0.05575215683066425,0.03334380098002443,0.0073983306090699245,0.02957058595328274,0.026888114425965098
20261256,26,0.0,32,32,grid,9.0,0.2249365300761397,False,-1,9,0.05259403962391244,True,0.14929968289894946,0.06049513289139215,0.03582681172315913,0.042498832685278265,0.05259403962391244
20261256,26,0.0,32,32,grid,10.0,0.3433496875730229,False,-1,13,0.16050116819351334,True,0.48837254203665914,0.19341139664352278,0.2814020329021375,0.23771867731997637,0.16050116819351334
20261256,26,0.0,32,32,grid,11.0,0.524098988797363,False,-1,26,1174.8100355068332,True,4.183610686104551,4.278673717445639,3.252499539202333,0.73379847197748,1174.8100355068332
20261256,26,0.0,32,32,grid,12.0,0.8,True,1907,-1,1000000000000.0,True,22.475333141996675,3298.1157727330146,4295218.750397106,1000000000000.0,1000000000000.0
20261256,26,0.9,16,8,joint_aware,,0.06793567174124356,False,-1,33,1.119094472156326,True,0.5718737991238644,0.4618627332743471,0.10953416845580828,0.5319437486471024,1.119094472156326
20261256,26,0.9,16,8,correlation_blind,,0.4363488632302189,False,-1,26,12.555294410396789,True,18.719112824962927,3.884037193649281,4.642013521193167,7.897268197451052,12.555294410396789
20261256,26,0.9,16,8,delay_blind,,0.0679609250345928,False,-1,33,1.1195865520802268,True,0.572044774940543,0.4620579390159067,0.10958297294876895,0.5321554241272664,1.1195865520802268
20261256,26,0.9,16,8,mean_only,,4.115057114511728,True,23,-1,1000000000000.0,True,1000000000000.0,1000000000000.0,1000000000000.0,1000000000000.0,1000000000000.0
20261256,26,0.9,16,8,worstcase_correlation,,0.062108907189348216,False,-1,33,1.0073257278706242,True,0.532970707401906,0.41504687796870066,0.09882876922540454,0.4834553055515031,1.0073257278706242
20261256,26,0.9,16,8,grid,0.0,0.005,False,-1,317,0.1667750716835097,True,0.6277350042658716,0.3797245049955769,0.1462149690440065,0.08811212665690892,0.1667750716835097
20261256,26,0.9,16,8,grid,1.0,0.007632145998180043,False,-1,272,0.19591411665472722,True,0.527173553271558,0.25038414975484274,0.08549615900282653,0.06591328294813587,0.19591411665472722
20261256,26,0.9,16,8,grid,2.0,0.01164993050750713,False,-1,114,0.2500815694217022,True,0.43690777870779834,0.14572961697572728,0.05584062886774241,0.06480604285992704,0.2500815694217022
20261256,26,0.9,16,8,grid,3.0,0.01778279410038923,False,-1,94,0.3371611520156153,True,0.37632265222694566,0.0879343199523383,0.04345715242976863,0.09508234352300338,0.3371611520156153
20261256,26,0.9,16,8,grid,4.0,0.027144176165949066,False,-1,43,0.46401700009157687,True,0.36205408148038587,0.10620358101718126,0.044585176956663086,0.17435891517527222,0.46401700009157687
20261256,26,0.9,16,8,grid,5.0,0.04143366309976846,False,-1,37,0.6586652706138095,True,0.4103148452957314,0.22488094273104678,0.0646560295292622,0.30682488468248115,0.6586652706138095
20261256,26,0.9,16,8,grid,6.0,0.0632455532033676,False,-1,33,1.028812044948385,True,0.5404685780474395,0.4244582130277773,0.10083964698926318,0.4928789996789884,1.028812044948385
20261256,26,0.9,16,8,grid,7.0,0.096539859156753,False,-1,33,1.6784049108375978,True,0.7774942351084618,0.6453525229863392,0.18577989390687466,0.8016694004486091,1.6784049108375978
20261256,26,0.9,16,8,grid,8.0,0.1473612599456155,False,-1,14,2.46773498708958,True,1.2360719183305366,0.8314983194876672,0.4428874540090257,1.575399155243657,2.46773498708958
20261256,26,0.9,16,8,grid,9.0,0.2249365300761397,False,-1,45,3.3233368098732363,True,2.3493209065942167,0.9343338007921401,1.0926383347212814,3.3173999538293195,3.3233368098732363
20261256,26,0.9,16,8,grid,10.0,0.3433496875730229,False,-1,47,5.596102338418566,True,6.193549158753294,1.3558851033710806,2.5787840417289862,5.580987544989644,5.596102338418566
20261256,26,0.9,16,8,grid,11.0,0.524098988797363,False,-1,21,46.10441907562188,True,119.22219639191022,27.887556037405226,7.235084903129711,18.37323616967139,46.10441907562188
20261256,26,0.9,16,8,grid,12.0,0.8,True,336,-1,1000000000000.0,True,1445082838.2347517,1000000000000.0,1000000000000.0,1000000000000.0,1000000000000.0
20261256,26,0.9,16,32,joint_aware,,0.06557341714513457,False,-1,33,1.1447009417200988,True,0.6158120088688672,0.4149673977621742,0.12148431527938357,0.48943277349474695,1.1447009417200988
20261256,26,0.9,16,32,correlation_blind,,0.3543562147008278,False,-1,55,10.592480327211216,True,16.318610223569003,5.034923348749036,15.30629957360452,345.44157797578805,10.592480327211216
20261256,26,0.9,16,32,delay_blind,,0.0679609250345928,False,-1,33,1.200962992048196,True,0.6377891873752695,0.43342518178829925,0.12589064355276683,0.506453866238842,1.200962992048196
20261256,26,0.9,16,32,mean_only,,1.2931845703348515,True,382,-1,1000000000000.0,True,3384239533.7766275,1000000000000.0,1000000000000.0,1000000000000.0,1000000000000.0
20261256,26,0.9,16,32,worstcase_correlation,,0.06012858486571272,False,-1,33,1.0216688445111888,True,0.5672671522458532,0.3718996933871227,0.1117704921501418,0.4509478223991169,1.0216688445111888
20261256,26,0.9,16,32,grid,0.0,0.005,False,-1,317,0.16690185853860867,True,0.6257488996501286,0.37655877307197233,0.14484096724551934,0.08772714395448727,0.16690185853860867
20261256,26,0.9,16,32,grid,1.0,0.007632145998180043,False,-1,271,0.19663577168048568,True,0.5241988517782364,0.245758077821241,0.08486678025335574,0.06590016002201814,0.19663577168048568
20261256,26,0.9,16,32,grid,2.0,0.01164993050750713,False,-1,113,0.2525753673648664,True,0.4333300465457717,0.13950388580473072,0.05629302470555497,0.06557932900102645,0.2525753673648664
20261256,26,0.9,16,32,grid,3.0,0.01778279410038923,False,-1,94,0.34320717836406045,True,0.3734749756952383,0.07995563723599243,0.045135788039310454,0.09758857259414536,0.34320717836406045
20261256,26,0.9,16,32,grid,4.0,0.027144176165949066,False,-1,42,0.4739149885481885,True,0.36299992109119206,0.09607909643657386,0.049390294377771864,0.17842389290872182,0.4739149885481885
20261256,26,0.9,16,32,grid,5.0,0.04143366309976846,False,-1,37,0.673531128946774,True,0.424397853535628,0.20954083015228714,0.0763960281456849,0.3075467050665412,0.673531128946774
20261256,26,0.9,16,32,grid,6.0,0.0632455532033676,False,-1,33,1.0911263845425245,True,0.594779154657862,0.3967472673317773,0.11729344051533479,0.4729743934786752,1.0911263845425245
20261256,26,0.9,16,32,grid,7.0,0.096539859156753,False,-1,33,1.9072596358447822,True,0.9332092644045071,0.660498635194747,0.20140398050413583,0.7699628439782072,1.9072596358447822
20261256,26,0.9,16,32,grid,8.0,0.1473612599456155,False,-1,43,2.8334110149945344,True,1.6841720522230332,1.1703618164531833,0.5312261193472982,1.978130440935939,2.8334110149945344
20261256,26,0.9,16,32,grid,9.0,0.2249365300761397,False,-1,47,3.2143332831412543,True,3.9611676369343076,1.6537280049299068,2.0560942169875274,8.698892242288338,3.2143332831412543
20261256,26,0.9,16,32,grid,10.0,0.3433496875730229,False,-1,55,7.988360220318873,True,14.752895594984844,3.800538527057436,12.844485025353864,243.9693086381439,7.988360220318873
20261256,26,0.9,16,32,grid,11.0,0.524098988797363,True,2988,-1,1000000000000.0,True,123.6625734893347,931.9261087371028,10558.200585420382,3026809.9835798256,1000000000000.0
20261256,26,0.9,16,32,grid,12.0,0.8,True,677,-1,1000000000000.0,True,420207.9287584309,1427299793.8737662,1000000000000.0,1000000000000.0,1000000000000.0
20261256,26,0.9,32,8,joint_aware,,0.06708632967038644,False,-1,33,1.131328734749665,True,0.5786623380512474,0.45198120704674183,0.1120565700657259,0.5118801372660748,1.131328734749665
20261256,26,0.9,32,8,correlation_blind,,0.48450346515727244,False,-1,80,26.084100983644266,True,19.975530000974572,13.085432355298169,73.27479927262813,23.76508272032508,26.084100983644266
20261256,26,0.9,32,8,delay_blind,,0.0681741968826708,False,-1,33,1.1557115022632407,True,0.5874538489701061,0.4605091111090882,0.11391364666599905,0.5208011390294138,1.1557115022632407
20261256,26,0.9,32,8,mean_only,,2.1034893587976695,True,95,-1,1000000000000.0,True,1000000000000.0,1000000000000.0,1000000000000.0,1000000000000.0,1000000000000.0
20261256,26,0.9,32,8,worstcase_correlation,,0.061225211651951904,False,-1,33,1.0039034822737867,True,0.532569916515534,0.40440050861698873,0.10265691121599217,0.46470546871644114,1.0039034822737867
20261256,26,0.9,32,8,grid,0.0,0.005,False,-1,317,0.16236520585316844,True,0.6249937856222285,0.37548471287956614,0.1464682892990745,0.0900692565226524,0.16236520585316844
20261256,26,0.9,32,8,grid,1.0,0.007632145998180043,False,-1,271,0.18973033796457628,True,0.5232076145671424,0.24501755920408314,0.0865594593782882,0.06840476309920593,0.18973033796457628
20261256,26,0.9,32,8,grid,2.0,0.01164993050750713,False,-1,113,0.24107652568317145,True,0.4313198860938513,0.13974150301303992,0.05820279851412199,0.0678711186206229,0.24107652568317145
20261256,26,0.9,32,8,grid,3.0,0.01778279410038923,False,-1,95,0.3247051318175517,True,0.3685140084221289,0.08246705860512415,0.04738239313185965,0.09834461535356716,0.3247051318175517
20261256,26,0.9,32,8,grid,4.0,0.027144176165949066,False,-1,43,0.4481643545488471,True,0.35165085249704364,0.10275123017482708,0.05038300647818729,0.1759080955009317,0.4481643545488471
20261256,26,0.9,32,8,grid,5.0,0.04143366309976846,False,-1,38,0.6435725325010834,True,0.4007898819646749,0.22325867683001976,0.07205084604992607,0.30317963728486547,0.6435725325010834
20261256,26,0.9,32,8,grid,6.0,0.0632455532033676,False,-1,33,1.0470007542606523,True,0.5482020835730738,0.42112736032150083,0.10580138787752472,0.4808417022629011,1.0470007542606523
20261256,26,0.9,32,8,grid,7.0,0.096539859156753,False,-1,34,1.8150297576627519,True,0.839028856034441,0.6610612205394302,0.18753024649215383,0.80810453888226,1.8150297576627519
20261256,26,0.9,32,8,grid,8.0,0.1473612599456155,False,-1,43,2.7516152886431273,True,1.4253682888826436,0.9346994954517888,0.5214722490281474,1.9309276524292347,2.7516152886431273
20261256,26,0.9,32,8,grid,9.0,0.2249365300761397,False,-1,46,3.46303823290277,True,2.892650478623011,0.9971808735518124,2.051324018633778,6.397406585706554,3.46303823290277
20261256,26,0.9,32,8,grid,10.0,0.3433496875730229,False,-1,56,4.566853533381017,True,6.998044507597919,2.438601187843243,12.389582058671586,20.169248680888977,4.566853533381017
20261256,26,0.9,32,8,grid,11.0,0.524098988797363,False,-1,302,303.04336244977355,True,48.514177378253294,23.033021404447652,115.67368671516161,20.000856358684445,303.04336244977355
20261256,26,0.9,32,8,grid,12.0,0.8,True,930,26,1000000000000.0,True,53965.27205482584,10950276.145033883,1000000000000.0,1000000000000.0,1000000000000.0
20261256,26,0.9,32,32,joint_aware,,0.061344496040986844,False,-1,33,1.0617720437079161,True,0.6889323964407298,0.38978987712285357,0.12231570884806776,0.448960988347409,1.0617720437079161
20261256,26,0.9,32,32,correlation_blind,,0.2890855861645199,False,-1,55,582.9443183154935,True,5.494478494977249,9.766060535887844,3.2886146051344642,16.413982325765833,582.9443183154935
20261256,26,0.9,32,32,delay_blind,,0.0681741968826708,False,-1,33,1.277090246888554,True,0.7723609789554442,0.42698706306521206,0.13123501248408093,0.4839381963622253,1.277090246888554
20261256,26,0.9,32,32,mean_only,,0.5345835420861842,True,1709,-1,1000000000000.0,True,97.07605060138849,2018.834791486922,142222.19942259643,1000000000000.0,1000000000000.0
20261256,26,0.9,32,32,worstcase_correlation,,0.056406811991134544,False,-1,33,0.9278874277237451,True,0.6280564867458105,0.35795074149506273,0.11556778021539311,0.4217620692090229,0.9278874277237451
20261256,26,0.9,32,32,grid,0.0,0.005,False,-1,316,0.16269686817710918,True,0.6210221300421581,0.3708055869491619,0.1442773715845428,0.08995103812185717,0.16269686817710918
20261256,26,0.9,32,32,grid,1.0,0.007632145998180043,False,-1,266,0.19063069558391138,True,0.5178091479819786,0.23898848344730628,0.08533832221274644,0.06892952785493572,0.19063069558391138
20261256,26,0.9,32,32,grid,2.0,0.01164993050750713,False,-1,112,0.2435759960657205,True,0.42643678588950423,0.1328921498552239,0.05781891838396414,0.06983770312632616,0.2435759960657205
20261256,26,0.9,32,32,grid,3.0,0.01778279410038923,False,-1,83,0.3293139016958536,True,0.3692009755369616,0.0760664537243646,0.047532591036214794,0.10416201606241213,0.3293139016958536
20261256,26,0.9,32,32,grid,4.0,0.027144176165949066,False,-1,42,0.4491355439498264,True,0.3684473218054515,0.10117226507699179,0.05480154210250528,0.1875911441222654,0.4491355439498264
20261256,26,0.9,32,32,grid,5.0,0.04143366309976846,False,-1,37,0.6314253041730502,True,0.46183612236655885,0.2303035921157808,0.08768663835161147,0.3170285565283737,0.6314253041730502
20261256,26,0.9,32,32,grid,6.0,0.0632455532033676,False,-1,33,1.118263843436708,True,0.7123810332693863,0.40081876620595436,0.12478534043453694,0.4588694923835154,1.118263843436708
20261256,26,0.9,32,32,grid,7.0,0.096539859156753,False,-1,43,2.4688598622948166,True,1.0788783106092583,0.5969836823502521,0.20066343767435027,0.6592529007524153,2.4688598622948166
20261256,26,0.9,32,32,grid,8.0,0.1473612599456155,False,-1,61,4.9765413718534,True,1.8086489489230484,1.6360819302683536,0.6594248766429747,0.9103879798628717,4.9765413718534
20261256,26,0.9,32,32,grid,9.0,0.2249365300761397,False,-1,79,6.938153425894614,True,3.8191385064330503,5.451768433251782,1.9673549426132066,3.510239578964846,6.938153425894614
20261256,26,0.9,32,32,grid,10.0,0.3433496875730229,False,-1,55,4021.9951468268246,True,10.127128568538666,19.297058012492837,8.346416687595777,369.21059590220125,4021.9951468268246
20261256,26,0.9,32,32,grid,11.0,0.524098988797363,True,1707,-1,1000000000000.0,True,99.0616861083602,3294.228100241606,367603.47333793296,1000000000000.0,1000000000000.0
20261256,26,0.9,32,32,grid,12.0,0.8,True,899,-1,1000000000000.0,True,9455.257420253496,365337.1653090265,1000000000000.0,1000000000000.0,1000000000000.0
20261257,27,0.0,16,8,joint_aware,,0.4363488632302189,False,-1,4,0.08069792040108827,True,0.21212857159487916,0.3065514355787747,0.42289977906042864,0.049787832979481826,0.08069792040108827
20261257,27,0.0,16,8,correlation_blind,,0.4363488632302189,False,-1,4,0.08069792040108827,True,0.21212857159487916,0.3065514355787747,0.42289977906042864,0.049787832979481826,0.08069792040108827
20261257,27,0.0,16,8,delay_blind,,0.4373927810905379,False,-1,4,0.08082141693149882,True,0.21233739966899948,0.3073474126400729,0.42282986541247314,0.05000409642105751,0.08082141693149882
20261257,27,0.0,16,8,mean_only,,4.115057114511728,True,101,1,1000000000000.0,True,1000000000000.0,1000000000000.0,1000000000000.0,1000000000000.0,1000000000000.0
20261257,27,0.0,16,8,worstcase_correlation,,0.062108907189348216,False,-1,25,0.008923763607247366,True,0.045270598357783465,0.03388900564355984,0.051246218614222946,0.00210395989915503,0.008923763607247366
20261257,27,0.0,16,8,grid,0.0,0.005,False,-1,311,0.0027469942121552036,True,0.5642046131165064,0.3100013237639354,0.1277006072620336,0.029360281670937585,0.0027469942121552036
20261257,27,0.0,16,8,grid,1.0,0.007632145998180043,False,-1,218,0.0003396771448439334,True,0.43524224341799994,0.1848804360516142,0.05933011561858993,0.007351428514710896,0.0003396771448439334
20261257,27,0.0,16,8,grid,2.0,0.01164993050750713,False,-1,151,0.0009397780549231218,True,0.30644344349508407,0.08975818156318088,0.023786993212541477,0.0011517633367653585,0.0009397780549231218
20261257,27,0.0,16,8,grid,3.0,0.01778279410038923,False,-1,92,0.0020777335998266523,True,0.19533267522115136,0.030184446642385322,0.010946966697535213,0.001590936719520702,0.0020777335998266523
20261257,27,0.0,16,8,grid,4.0,0.027144176165949066,False,-1,60,0.0038237197593068315,True,0.11446189534618728,0.004035511535721233,0.011540441145588174,0.002256811574477292,0.0038237197593068315
20261257,27,0.0,16,8,grid,5.0,0.04143366309976846,False,-1,39,0.006150201228789484,True,0.06609375652984756,0.008467538462697868,0.023189369104906717,0.0019360488764088286,0.006150201228789484
20261257,27,0.0,16,8,grid,6.0,0.0632455532033676,False,-1,24,0.009082616038268541,True,0.044849552970573574,0.0352898095934866,0.05305247534071254,0.002154671387311455,0.009082616038268541
20261257,27,0.0,16,8,grid,7.0,0.096539859156753,False,-1,14,0.014783577685006724,True,0.04785246294389487,0.06918697014805668,0.11203863908393244,0.004924465163404677,0.014783577685006724
20261257,27,0.0,16,8,grid,8.0,0.1473612599456155,False,-1,7,0.026004789359842555,True,0.0782168273192337,0.10368913555396563,0.2070716714786269,0.010682778102615892,0.026004789359842555
20261257,27,0.0,16,8,grid,9.0,0.2249365300761397,False,-1,5,0.044169220099150266,True,0.13274994751890326,0.15142066383894898,0.3268591518576131,0.019051878522663226,0.044169220099150266
20261257,27,0.0,16,8,grid,10.0,0.3433496875730229,False,-1,4,0.06770477874873615,True,0.1887412393197568,0.23582014789117722,0.414105601080814,0.03353036600872167,0.06770477874873615
20261257,27,0.0,16,8,grid,11.0,0.524098988797363,False,-1,3,0.08994749348397613,True,0.22851873408090587,0.3727871834009381,0.41158416620998384,0.07103560572210427,0.08994749348397613
20261257,27,0.0,16,8,grid,12.0,0.8,False,-1,2,0.11636614936622759,True,0.3153587402562181,0.5530800916258332,0.43412232900164316,0.18505910623885286,0.11636614936622759
20261257,27,0.0,16,32,joint_aware,,0.3543562147008278,False,-1,4,0.10599738833742578,True,0.33983965435822827,0.2815941848810159,0.4947939831643373,0.04957892667101257,0.10599738833742578
20261257,27,0.0,16,32,correlation_blind,,0.3543562147008278,False,-1,4,0.10599738833742578,True,0.33983965435822827,0.2815941848810159,0.4947939831643373,0.04957892667101257,0.10599738833742578
20261257,27,0.0,16,32,delay_blind,,0.4373927810905379,False,-1,3,0.1369723227121487,True,0.3746375456317305,0.3748158189590414,0.4622975929355637,0.0975886547167179,0.1369723227121487
20261257,27,0.0,16,32,mean_only,,1.2931845703348515,True,1251,2,1000000000000.0,True,732.7689813713482,176668.83061479047,24583703312.030273,1000000000000.0,1000000000000.0
20261257,27,0.0,16,32,worstcase_correlation,,0.06012858486571272,False,-1,24,0.00835085198741935,True,0.0490287000282244,0.03245710754563975,0.05581208920387255,0.0020350366739870433,0.00835085198741935
20261257,27,0.0,16,32,grid,0.0,0.005,False,-1,309,0.0027120916624291656,True,0.5626223036231909,0.3083897662798758,0.1268699996868842,0.02918220167086707,0.0027120916624291656
20261257,27,0.0,16,32,grid,1.0,0.007632145998180043,False,-1,218,0.00034059203500160006,True,0.43289659465563124,0.18315538027247497,0.058772633071069044,0.0072985552623493506,0.00034059203500160006
20261257,27,0.0,16,32,grid,2.0,0.01164993050750713,False,-1,150,0.0009581777039866095,True,0.30357121711255447,0.08834046998982603,0.02360630095013507,0.0011863747510081262,0.0009581777039866095
20261257,27,0.0,16,32,grid,3.0,0.01778279410038923,False,-1,92,0.0021078451150828596,True,0.19262480569043297,0.029332798337207977,0.011104556712154351,0.0016461639997639825,0.0021078451150828596
20261257,27,0.0,16,32,grid,4.0,0.027144176165949066,False,-1,58,0.0038384896923185957,True,0.11291558911400038,0.003820974613074141,0.012192624376148684,0.002251107342805015,0.0038384896923185957
20261257,27,0.0,16,32,grid,5.0,0.04143366309976846,False,-1,38,0.00601228931894826,True,0.06664205994322754,0.009035576506318617,0.02567917248420492,0.001847683612939784,0.00601228931894826
20261257,27,0.0,16,32,grid,6.0,0.0632455532033676,False,-1,22,0.008787171705412157,True,0.04813677613299307,0.036325549407436826,0.061888906445793264,0.0022067350190942757,0.008787171705412157
20261257,27,0.0,16,32,grid,7.0,0.096539859156753,False,-1,12,0.015074588066194869,True,0.057036013704984664,0.06900135383004144,0.1386230144180804,0.005744851541627403,0.015074588066194869
20261257,27,0.0,16,32,grid,8.0,0.1473612599456155,False,-1,7,0.02753439212894927,True,0.1067320251306401,0.1000235385726877,0.27521751535066535,0.012842430126578177,0.02753439212894927
20261257,27,0.0,16,32,grid,9.0,0.2249365300761397,False,-1,5,0.05098085542740115,True,0.21235489596425486,0.15012645466156524,0.4548228271669022,0.02122589843887664,0.05098085542740115
20261257,27,0.0,16,32,grid,10.0,0.3433496875730229,False,-1,4,0.10105827650603731,True,0.3331408358018003,0.2692816478267159,0.5007250558415416,0.04528427809052171,0.10105827650603731
20261257,27,0.0,16,32,grid,11.0,0.524098988797363,False,-1,3,0.13874659077710028,True,0.40153851388259165,0.4927926789230017,0.481717993823349,0.1973944927905414,0.13874659077710028
20261257,27,0.0,16,32,grid,12.0,0.8,False,-1,2,0.2486779401633798,True,0.47534759858473224,3.4549558608949065,6.302562194801212,2.3735222044311954,0.2486779401633798
20261257,27,0.0,32,8,joint_aware,,0.48450346515727244,False,-1,2,0.16050039016875017,True,0.04782326631690448,0.21755094058211233,0.13266249627783933,0.07088015553529128,0.16050039016875017
20261257,27,0.0,32,8,correlation_blind,,0.48450346515727244,False,-1,2,0.16050039016875017,True,0.04782326631690448,0.21755094058211233,0.13266249627783933,0.07088015553529128,0.16050039016875017
20261257,27,0.0,32,8,delay_blind,,0.5476125865680102,False,-1,2,0.20041190545929166,True,0.04708439300548389,0.3073496448009019,0.1529118507170495,0.071096539166615,0.20041190545929166
20261257,27,0.0,32,8,mean_only,,2.1034893587976695,True,1790,1,1000000000000.0,True,1548.3944575385312,79611.01823371995,9148786.09666383,1000000000000.0,1000000000000.0
20261257,27,0.0,32,8,worstcase_correlation,,0.061225211651951904,False,-1,21,0.011737716428571491,True,0.02029172321599757,0.010721692191138502,0.00347748655573648,0.010977882582747296,0.011737716428571491
20261257,27,0.0,32,8,grid,0.0,0.005,False,-1,279,0.0012653276637714943,True,0.53117328735072,0.3117981469590644,0.13008637595061426,0.02904525181088395,0.0012653276637714943
20261257,27,0.0,32,8,grid,1.0,0.007632145998180043,False,-1,190,0.0003442937542423198,True,0.394481583140583,0.1920134642451268,0.05716917102371237,0.006133343216233838,0.0003442937542423198
20261257,27,0.0,32,8,grid,2.0,0.01164993050750713,False,-1,128,0.001714833647505347,True,0.26126285668007593,0.10220111593857056,0.017193758161342686,0.0006446703266146664,0.001714833647505347
20261257,27,0.0,32,8,grid,3.0,0.01778279410038923,False,-1,80,0.002894731450732667,True,0.15168062325804849,0.04445938124347915,0.0023142333957828394,0.002472411485180616,0.002894731450732667
20261257,27,0.0,32,8,grid,4.0,0.027144176165949066,False,-1,50,0.004467302978036649,True,0.07763298719530438,0.013571308300304648,0.0011688333686208465,0.004980515551898302,0.004467302978036649
20261257,27,0.0,32,8,grid,5.0,0.04143366309976846,False,-1,32,0.007352404295749097,True,0.03676065555192553,0.005134030733357912,0.0029055511337721567,0.00750142429803007,0.007352404295749097
20261257,27,0.0,32,8,grid,6.0,0.0632455532033676,False,-1,21,0.01218438801809221,True,0.01967030102549033,0.011440564125324024,0.0035039102424682545,0.011337948301644517,0.01218438801809221
20261257,27,0.0,32,8,grid,7.0,0.096539859156753,False,-1,10,0.019359863851764195,True,0.02123036576470145,0.020632157107587878,0.004517795025413896,0.01715440013706186,0.019359863851764195
20261257,27,0.0,32,8,grid,8.0,0.1473612599456155,False,-1,6,0.030586498301181618,True,0.036964216110743034,0.027907325878657366,0.010879574624019821,0.02579360363787608,0.030586498301181618
20261257,27,0.0,32,8,grid,9.0,0.2249365300761397,False,-1,5,0.05146362519809288,True,0.05362555379577944,0.0403717703055387,0.03364719821598351,0.03964280974231057,0.05146362519809288
20261257,27,0.0,32,8,grid,10.0,0.3433496875730229,False,-1,3,0.09319517206560218,True,0.05557769624241322,0.08858723101334495,0.08221612959091422,0.05915735202864728,0.09319517206560218
20261257,27,0.0,32,8,grid,11.0,0.524098988797363,False,-1,2,0.18453161446897381,True,0.04681940106227418,0.27136958813878637,0.1453085117599205,0.0713075221246277,0.18453161446897381
20261257,27,0.0,32,8,grid,12.0,0.8,False,-1,2,0.5617947826874887,True,0.18321564120780343,0.8496439669646549,0.2546111588709381,0.08850057127034032,0.5617947826874887
20261257,27,0.0,32,32,joint_aware,,0.2890855861645199,False,-1,4,0.059395569452563426,True,0.13824518082407838,0.03881337362389891,0.1298819621526989,0.11936555976219539,0.059395569452563426
20261257,27,0.0,32,32,correlation_blind,,0.2890855861645199,False,-1,4,0.059395569452563426,True,0.13824518082407838,0.03881337362389891,0.1298819621526989,0.11936555976219539,0.059395569452563426
20261257,27,0.0,32,32,delay_blind,,0.5476125865680102,False,-1,2,91.26939166343446,True,0.3389049079691262,0.2167929874895968,4.1280629063420236,0.2073888279034477,91.26939166343446
20261257,27,0.0,32,32,mean_only,,0.5345835420861842,False,-1,2,0.738404303093078,True,0.38016954616116877,0.11171389056408353,1.9491745957037088,8.815626006740327,0.738404303093078
20261257,27,0.0,32,32,worstcase_correlation,,0.056406811991134544,False,-1,21,0.010432418607459231,True,0.022702168693340838,0.012064844147534302,0.0045404935168327715,0.01035273186750832,0.010432418607459231
20261257,27,0.0,32,32,grid,0.0,0.005,False,-1,274,0.0012110400925906442,True,0.5270492239326304,0.3080298499279791,0.1280508431744562,0.028508204242293004,0.0012110400925906442
20261257,27,0.0,32,32,grid,1.0,0.007632145998180043,False,-1,185,0.00036933996939269567,True,0.38842174929015344,0.18814277062177825,0.05559474559819434,0.005885126740790897,0.00036933996939269567
20261257,27,0.0,32,32,grid,2.0,0.01164993050750713,False,-1,125,0.0017564346038660807,True,0.25407824192061745,0.09908353214064694,0.01628608722633618,0.0006358997522520064,0.0017564346038660807
20261257,27,0.0,32,32,grid,3.0,0.01778279410038923,False,-1,74,0.0029332192423152962,True,0.1453378011370271,0.042310436053171065,0.0020668861025300114,0.0025510846486475995,0.0029332192423152962
20261257,27,0.0,32,32,grid,4.0,0.027144176165949066,False,-1,47,0.004499293868504783,True,0.0740032045454574,0.012454353713052847,0.0013586325006970732,0.004994888094364906,0.004499293868504783
20261257,27,0.0,32,32,grid,5.0,0.04143366309976846,False,-1,32,0.007330607184368468,True,0.035956279080415016,0.006149220418954433,0.00342348800065054,0.007515293201869342,0.007330607184368468
20261257,27,0.0,32,32,grid,6.0,0.0632455532033676,False,-1,18,0.011796249895507876,True,0.020425095179555833,0.015173444169641417,0.00498592500930346,0.011726760548541229,0.011796249895507876
20261257,27,0.0,32,32,grid,7.0,0.096539859156753,False,-1,10,0.01785554438963621,True,0.027542263488333642,0.025094239380700573,0.007348363069765559,0.018467944603388103,0.01785554438963621
20261257,27,0.0,32,32,grid,8.0,0.1473612599456155,False,-1,6,0.02562167861591911,True,0.06331872089137987,0.026897828909979098,0.01698943028613445,0.03131151543340367,0.02562167861591911
20261257,27,0.0,32,32,grid,9.0,0.2249365300761397,False,-1,5,0.03828243277343039,True,0.10901828845689851,0.027608496870125787,0.070218765190997,0.0688094284190525,0.03828243277343039
20261257,27,0.0,32,32,grid,10.0,0.3433496875730229,False,-1,3,0.09643692405597279,True,0.19519093506053736,0.049457545395612625,0.19361174369666453,0.19584128844569484,0.09643692405597279
20261257,27,0.0,32,32,grid,11.0,0.524098988797363,False,-1,2,1.6777876809431986,True,0.4098713004861605,0.1276664016072737,1.3355395596238238,11.292184066625174,1.6777876809431986
20261257,27,0.0,32,32,grid,12.0,0.8,True,2439,2,1000000000000.0,True,2.477241143223206,40.01692664136074,45988.12507253408,2022787498.1696913,1000000000000.0
20261257,27,0.9,16,8,joint_aware,,0.06793567174124356,False,-1,88,0.36896945890670807,True,0.19343794031699368,0.9347123207593772,0.5814541292952912,0.13017071120988546,0.36896945890670807
20261257,27,0.9,16,8,correlation_blind,,0.4363488632302189,False,-1,656,7.892932436694673,True,10.888835014826343,16.148091302556082,17.36885463218742,10.108945656914152,7.892932436694673
20261257,27,0.9,16,8,delay_blind,,0.0679609250345928,False,-1,88,0.36919719203613693,True,0.19363436562703965,0.9351999412975316,0.5815472556130762,0.13022348692918287,0.36919719203613693
20261257,27,0.9,16,8,mean_only,,4.115057114511728,True,28,-1,1000000000000.0,True,1000000000000.0,1000000000000.0,1000000000000.0,1000000000000.0,1000000000000.0
20261257,27,0.9,16,8,worstcase_correlation,,0.062108907189348216,False,-1,88,0.31655004173438633,True,0.15213051007052686,0.8225315056481913,0.5600216970019274,0.11800026600712059,0.31655004173438633
20261257,27,0.9,16,8,grid,0.0,0.005,False,-1,317,0.008556126505641564,True,0.5567369183182611,0.40230360212098726,0.19736654400166112,0.0728236197060393,0.008556126505641564
20261257,27,0.9,16,8,grid,1.0,0.007632145998180043,False,-1,196,0.003953168246096013,True,0.41152446509953444,0.2986961570480541,0.17082969461895098,0.05995989494759624,0.003953168246096013
20261257,27,0.9,16,8,grid,2.0,0.01164993050750713,False,-1,151,0.005648121453976306,True,0.2622730678478596,0.23156397999244893,0.20000966803822096,0.05054180538241502,0.005648121453976306
20261257,27,0.9,16,8,grid,3.0,0.01778279410038923,False,-1,117,0.017109393888656454,True,0.13848415216883964,0.2157696703226878,0.27193116327386163,0.04559488714244673,0.017109393888656454
20261257,27,0.9,16,8,grid,4.0,0.027144176165949066,False,-1,106,0.053665647892802155,True,0.06920783872827846,0.2708317422274236,0.3685432142023812,0.05246858545294051,0.053665647892802155
20261257,27,0.9,16,8,grid,5.0,0.04143366309976846,False,-1,90,0.14365384254095928,True,0.06665292508007697,0.45235709488449855,0.47006619728693183,0.07603488409337722,0.14365384254095928
20261257,27,0.9,16,8,grid,6.0,0.0632455532033676,False,-1,88,0.3267389071892455,True,0.15956423369419379,0.8443354259053638,0.5642156666035779,0.12037266300882014,0.3267389071892455
20261257,27,0.9,16,8,grid,7.0,0.096539859156753,False,-1,88,0.6156988084490597,True,0.5080150954001513,1.4743491346819524,0.7075857337846896,0.19073600038859123,0.6156988084490597
20261257,27,0.9,16,8,grid,8.0,0.1473612599456155,False,-1,52,0.9618431375286436,True,1.3551911080275163,2.2859690505432737,1.1803731885112214,0.33842270895909105,0.9618431375286436
20261257,27,0.9,16,8,grid,9.0,0.2249365300761397,False,-1,26,1.4543500709471624,True,2.7532919508133427,3.3250945788780992,3.1867102877743294,1.0245774219602772,1.4543500709471624
20261257,27,0.9,16,8,grid,10.0,0.3433496875730229,False,-1,23,1.7752433310445956,True,5.92890225884734,6.684877471669888,11.005766754717378,5.04656409361849,1.7752433310445956
20261257,27,0.9,16,8,grid,11.0,0.524098988797363,False,-1,701,95.89580893319338,True,21.03757801321645,30.13120688192077,14.107184687817444,14.266290740286543,95.89580893319338
20261257,27,0.9,16,8,grid,12.0,0.8,True,493,-1,1000000000000.0,True,811907.42811052,1000000000000.0,1000000000000.0,1000000000000.0,1000000000000.0
20261257,27,0.9,16,32,joint_aware,,0.06557341714513457,False,-1,88,0.4107101426108847,True,0.17535584026770407,1.0555913180621304,0.6572591335882944,0.13237517467756313,0.4107101426108847
20261257,27,0.9,16,32,correlation_blind,,0.3543562147008278,False,-1,38,3.641730601771911,True,5.934354626747908,20.088033838021932,10.550758983968832,25.510924994310656,3.641730601771911
20261257,27,0.9,16,32,delay_blind,,0.0679609250345928,False,-1,88,0.4348816197002906,True,0.19141900000752152,1.1144802333822912,0.664752519254858,0.13786343765690595,0.4348816197002906
20261257,27,0.9,16,32,mean_only,,1.2931845703348515,True,255,-1,1000000000000.0,True,340965544842.1275,1000000000000.0,1000000000000.0,1000000000000.0,1000000000000.0
20261257,27,0.9,16,32,worstcase_correlation,,0.06012858486571272,False,-1,88,0.3549303878945532,True,0.14372607181843294,0.9229631491413358,0.6386665421531037,0.11978976546998407,0.3549303878945532
20261257,27,0.9,16,32,grid,0.0,0.005,False,-1,316,0.008632602178269003,True,0.5541772161552454,0.40013721525688495,0.19705886953175752,0.07329559125034264,0.008632602178269003
20261257,27,0.9,16,32,grid,1.0,0.007632145998180043,False,-1,195,0.004147953099227481,True,0.4073562594999616,0.29673890575713224,0.1736085490697393,0.06106235272453342,0.004147953099227481
20261257,27,0.9,16,32,grid,2.0,0.01164993050750713,False,-1,150,0.00629933968394656,True,0.25697233021958754,0.2315535321667779,0.2099393671110495,0.0516774607379878,0.00629933968394656
20261257,27,0.9,16,32,grid,3.0,0.01778279410038923,False,-1,114,0.01982491842497246,True,0.13498312260369422,0.22073477773198877,0.29585735775564204,0.04636718165507979,0.01982491842497246
20261257,27,0.9,16,32,grid,4.0,0.027144176165949066,False,-1,106,0.06334055037901978,True,0.07301313847120779,0.2883646570226394,0.4156016556020032,0.05303014885891698,0.06334055037901978
20261257,27,0.9,16,32,grid,5.0,0.04143366309976846,False,-1,90,0.17139732818060627,True,0.07800464337240115,0.5083950175924745,0.5444088721522539,0.07789524298678609,0.17139732818060627
20261257,27,0.9,16,32,grid,6.0,0.0632455532033676,False,-1,88,0.3869342208541468,True,0.1610080967726166,0.9985591126575782,0.6496030262968442,0.1270026482023458,0.3869342208541468
20261257,27,0.9,16,32,grid,7.0,0.096539859156753,False,-1,88,0.6804635861122218,True,0.49999081033453197,1.8309401154683231,0.7512041516049837,0.2011583219502876,0.6804635861122218
20261257,27,0.9,16,32,grid,8.0,0.1473612599456155,False,-1,88,0.8270077571230695,True,1.477505658841664,3.1596442318346765,1.0153695863436571,0.3416285152531626,0.8270077571230695
20261257,27,0.9,16,32,grid,9.0,0.2249365300761397,False,-1,35,0.902538355795305,True,3.264642309956942,6.111785278731099,2.1701515886099627,1.2321847417916238,0.902538355795305
20261257,27,0.9,16,32,grid,10.0,0.3433496875730229,False,-1,38,3.161758806531375,True,5.685753808416476,18.085508414660133,9.776523888315385,20.56516856580579,3.161758806531375
20261257,27,0.9,16,32,grid,11.0,0.524098988797363,False,-1,-1,2056.357852882273,True,18.84265890189165,81.29871487258107,823.9368632402277,666.7405051303089,2056.357852882273
20261257,27,0.9,16,32,grid,12.0,0.8,True,680,-1,1000000000000.0,True,3405.606667094293,1732138946.550599,1000000000000.0,1000000000000.0,1000000000000.0
20261257,27,0.9,32,8,joint_aware,,0.06708632967038644,False,-1,88,0.3751971358832859,True,0.1758581645256044,1.0593898577729055,0.5780405834162502,0.13852901635191323,0.3751971358832859
20261257,27,0.9,32,8,correlation_blind,,0.48450346515727244,False,-1,35,22.139629340030535,True,80.52983565797373,12.616019094760045,37.30049118098261,17.96583436673384,22.139629340030535
20261257,27,0.9,32,8,delay_blind,,0.0681741968826708,False,-1,88,0.38510467202940085,True,0.1830968252734883,1.0856994225339798,0.5827007012356912,0.14058063692275205,0.38510467202940085
20261257,27,0.9,32,8,mean_only,,2.1034893587976695,True,106,-1,1000000000000.0,True,1000000000000.0,1000000000000.0,1000000000000.0,1000000000000.0,1000000000000.0
20261257,27,0.9,32,8,worstcase_correlation,,0.061225211651951904,False,-1,88,0.32154267253405594,True,0.141480507733928,0.9197141471285769,0.5534639649584269,0.12723829913192547,0.32154267253405594
20261257,27,0.9,32,8,grid,0.0,0.005,False,-1,286,0.009150349139531616,True,0.5455889262271982,0.39641532714246547,0.19544175129109595,0.07588242674053132,0.009150349139531616
20261257,27,0.9,32,8,grid,1.0,0.007632145998180043,False,-1,195,0.0043638084395103555,True,0.39811102126281733,0.29382211310277684,0.16725611362430018,0.06367468420183595,0.0043638084395103555
20261257,27,0.9,32,8,grid,2.0,0.01164993050750713,False,-1,149,0.0061161013769006935,True,0.24866839642618532,0.2296644267889249,0.1941409764007876,0.054868896809626456,0.0061161013769006935
20261257,27,0.9,32,8,grid,3.0,0.01778279410038923,False,-1,113,0.01777690075166835,True,0.129126884576641,0.2194784521138332,0.2642854006308546,0.05097744833560503,0.01777690075166835
20261257,27,0.9,32,8,grid,4.0,0.027144176165949066,False,-1,106,0.05544079420974256,True,0.06918236055562159,0.28544610354676125,0.3603986062972483,0.06019471193354962,0.05544079420974256
20261257,27,0.9,32,8,grid,5.0,0.04143366309976846,False,-1,89,0.14973309316941555,True,0.07330727467792378,0.49599917645399677,0.4622762640576695,0.08689809243183508,0.14973309316941555
20261257,27,0.9,32,8,grid,6.0,0.0632455532033676,False,-1,88,0.3400581239683204,True,0.15247262238183285,0.9674232494614342,0.5618685036747241,0.1311756236770947,0.3400581239683204
20261257,27,0.9,32,8,grid,7.0,0.096539859156753,False,-1,88,0.6196458619078937,True,0.47273583239523026,1.7946886224562677,0.7339333965731487,0.19083773709758373,0.6196458619078937
20261257,27,0.9,32,8,grid,8.0,0.1473612599456155,False,-1,88,0.8970394961594857,True,1.349175526391308,3.1200498765578835,1.2315682762724391,0.3096835113652291,0.8970394961594857
20261257,27,0.9,32,8,grid,9.0,0.2249365300761397,False,-1,38,1.5226663346068003,True,2.8841732187866636,5.534095829816965,2.9948118790582745,1.0136088229663696,1.5226663346068003
20261257,27,0.9,32,8,grid,10.0,0.3433496875730229,False,-1,36,5.730279311798757,True,6.6227798899839705,13.543912819676066,9.57224625517235,6.37050282963276,5.730279311798757
20261257,27,0.9,32,8,grid,11.0,0.524098988797363,False,-1,34,20.45681417555218,True,172.51919279971904,104.96140961382702,61.82261629521507,86.49864368016901,20.45681417555218
20261257,27,0.9,32,8,grid,12.0,0.8,True,686,-1,1000000000000.0,True,109385.15433359522,16206663251.29366,1000000000000.0,1000000000000.0,1000000000000.0
20261257,27,0.9,32,32,joint_aware,,0.061344496040986844,False,-1,51,0.54305815799079,True,0.16944803902516012,1.023425708929489,0.720991527432973,0.1535603285019959,0.54305815799079
20261257,27,0.9,32,32,correlation_blind,,0.2890855861645199,False,-1,35,21.48770940202742,True,4.915118142738743,30.809209786158654,5.431886222975746,24.29332309286265,21.48770940202742
20261257,27,0.9,32,32,delay_blind,,0.0681741968826708,False,-1,51,0.6831974108306709,True,0.20860152914107877,1.1997415640113398,0.7522715478695666,0.1752882798208647,0.6831974108306709
20261257,27,0.9,32,32,mean_only,,0.5345835420861842,True,1470,-1,1000000000000.0,True,268.56166895003025,7075.655377789057,6375422687.26654,1000000000000.0,1000000000000.0
20261257,27,0.9,32,32,worstcase_correlation,,0.056406811991134544,False,-1,88,0.4496727097760315,True,0.1479963549137309,0.8965704486878636,0.6933715778884507,0.13765642605117442,0.4496727097760315
20261257,27,0.9,32,32,grid,0.0,0.005,False,-1,285,0.009132508816501737,True,0.541480871530257,0.3921970548580954,0.19512111580735214,0.07569882596207753,0.009132508816501737
20261257,27,0.9,32,32,grid,1.0,0.007632145998180043,False,-1,195,0.004504659207231987,True,0.39159182417560817,0.2891746756407657,0.17136171846142353,0.0632056237423457,0.004504659207231987
20261257,27,0.9,32,32,grid,2.0,0.01164993050750713,False,-1,130,0.006837788897675014,True,0.24081541382657473,0.22611811877491655,0.20785738885478214,0.05302241958223184,0.006837788897675014
20261257,27,0.9,32,32,grid,3.0,0.01778279410038923,False,-1,113,0.02153463320531674,True,0.1252841895681051,0.21915486347154683,0.2966870348291014,0.04780306474305621,0.02153463320531674
20261257,27,0.9,32,32,grid,4.0,0.027144176165949066,False,-1,106,0.07226229851947652,True,0.07974460649742308,0.2940329195896129,0.426456481643843,0.05748508583926512,0.07226229851947652
20261257,27,0.9,32,32,grid,5.0,0.04143366309976846,False,-1,88,0.21623616892314643,True,0.10209112759201136,0.5375486128505164,0.580959779869122,0.09137408155491701,0.21623616892314643
20261257,27,0.9,32,32,grid,6.0,0.0632455532033676,False,-1,51,0.5808797370429285,True,0.17910979927419532,1.0725120418752896,0.7304727949636246,0.15965831765052968,0.5808797370429285
20261257,27,0.9,32,32,grid,7.0,0.096539859156753,False,-1,51,1.318380756192564,True,0.5460865091706006,1.9138243375019843,0.8318612740867801,0.25513139667492124,1.318380756192564
20261257,27,0.9,32,32,grid,8.0,0.1473612599456155,False,-1,88,1.8746246121396222,True,1.7108118440411029,3.198388964201885,1.1284881352917535,0.4828232861066828,1.8746246121396222
20261257,27,0.9,32,32,grid,9.0,0.2249365300761397,False,-1,89,1.3882813550226198,True,2.691067496507766,5.7813900931534725,1.7933795814337548,0.15873007247010731,1.3882813550226198
20261257,27,0.9,32,32,grid,10.0,0.3433496875730229,False,-1,35,1148.7383960629418,True,9.462995547090243,273.9172090372797,3659.538698503468,91402.4906847707,1148.7383960629418
20261257,27,0.9,32,32,grid,11.0,0.524098988797363,True,1936,-1,1000000000000.0,True,184.23718004363582,6542.516783328228,1926726558.2838237,1000000000000.0,1000000000000.0
20261257,27,0.9,32,32,grid,12.0,0.8,True,798,-1,1000000000000.0,True,134056.08908096165,14065625.310965287,1000000000000.0,1000000000000.0,1000000000000.0
20261258,28,0.0,16,8,joint_aware,,0.4363488632302189,False,-1,4,0.42641627164740953,True,0.08693438146191701,0.014912496927007182,0.19879159790960044,1.098824992418191,0.42641627164740953
20261258,28,0.0,16,8,correlation_blind,,0.4363488632302189,False,-1,4,0.42641627164740953,True,0.08693438146191701,0.014912496927007182,0.19879159790960044,1.098824992418191,0.42641627164740953
20261258,28,0.0,16,8,delay_blind,,0.4373927810905379,False,-1,4,0.4270978293129346,True,0.08735516041811753,0.015025983275712739,0.1993060487488066,1.1006123033512636,0.4270978293129346
20261258,28,0.0,16,8,mean_only,,4.115057114511728,True,83,-1,1000000000000.0,True,1000000000000.0,1000000000000.0,1000000000000.0,1000000000000.0,1000000000000.0
20261258,28,0.0,16,8,worstcase_correlation,,0.062108907189348216,False,-1,19,0.04277411910830236,True,0.01754299082554528,0.002567116530101465,0.055580072265813255,0.14470563834222314,0.04277411910830236
20261258,28,0.0,16,8,grid,0.0,0.005,False,-1,276,0.00640201251507998,True,0.5300540202964671,0.3110955162314336,0.1291830494650972,0.05353316757402485,0.00640201251507998
20261258,28,0.0,16,8,grid,1.0,0.007632145998180043,False,-1,171,0.002270348822161662,True,0.39503624421688033,0.18894254408183145,0.05606937520894972,0.029792762519384404,0.002270348822161662
20261258,28,0.0,16,8,grid,2.0,0.01164993050750713,False,-1,109,0.0030359245197713967,True,0.264071496315346,0.09748340727823099,0.016272935848733718,0.022044622206633686,0.0030359245197713967
20261258,28,0.0,16,8,grid,3.0,0.01778279410038923,False,-1,70,0.006450117209160266,True,0.15602150455870917,0.040777659638112376,0.004537782412509854,0.027233374586682586,0.006450117209160266
20261258,28,0.0,16,8,grid,4.0,0.027144176165949066,False,-1,48,0.013050160709715446,True,0.08152898744824513,0.012499022558775465,0.013261591655144393,0.04641528624284985,0.013050160709715446
20261258,28,0.0,16,8,grid,5.0,0.04143366309976846,False,-1,30,0.024717904362407037,True,0.03841791910847138,0.0029386983328317127,0.03259712460824214,0.08388823491458873,0.024717904362407037
20261258,28,0.0,16,8,grid,6.0,0.0632455532033676,False,-1,19,0.043780872381648274,True,0.016935747779573143,0.002632126066860667,0.05668401062692063,0.14819748560641993,0.043780872381648274
20261258,28,0.0,16,8,grid,7.0,0.096539859156753,False,-1,12,0.07442063263476634,True,0.008380712765421018,0.004601344566278118,0.08330503731519733,0.2543095513971684,0.07442063263476634
20261258,28,0.0,16,8,grid,8.0,0.1473612599456155,False,-1,8,0.1299547375307654,True,0.008101272735566344,0.007671641201606523,0.10754245609835009,0.4182166259115355,0.1299547375307654
20261258,28,0.0,16,8,grid,9.0,0.2249365300761397,False,-1,5,0.22916185809401676,True,0.01867587378661451,0.010969221654089414,0.12626503212993326,0.6459223770425891,0.22916185809401676
20261258,28,0.0,16,8,grid,10.0,0.3433496875730229,False,-1,4,0.35731701636049534,True,0.05207145829468471,0.010155438715805853,0.15859118758167873,0.9250660646319268,0.35731701636049534
20261258,28,0.0,16,8,grid,11.0,0.524098988797363,False,-1,4,0.48143950707639976,True,0.12424839161440299,0.0300135321598029,0.24547934437129287,1.2407461861194276,0.48143950707639976
20261258,28,0.0,16,8,grid,12.0,0.8,False,-1,2,0.6957102033859057,True,0.25919536535410664,0.1559338732787579,0.4082252442287944,1.6733001207938514,0.6957102033859057
20261258,28,0.0,16,32,joint_aware,,0.3543562147008278,False,-1,4,0.6072099822628754,True,0.15982989354519977,0.04310775539511162,0.15596966346214322,0.9260209374037364,0.6072099822628754
20261258,28,0.0,16,32,correlation_blind,,0.3543562147008278,False,-1,4,0.6072099822628754,True,0.15982989354519977,0.04310775539511162,0.15596966346214322,0.9260209374037364,0.6072099822628754
20261258,28,0.0,16,32,delay_blind,,0.4373927810905379,False,-1,4,0.6368371893668078,True,0.2525425408582459,0.03141373186281079,0.20185302334331132,1.045363310415247,0.6368371893668078
20261258,28,0.0,16,32,mean_only,,1.2931845703348515,True,3161,2,1000000000000.0,True,215.88991742875749,72.49809817949043,1830.8417671140498,3940.041684045786,1000000000000.0
20261258,28,0.0,16,32,worstcase_correlation,,0.06012858486571272,False,-1,19,0.04325309746223069,True,0.017577508318643978,0.0030351112126306675,0.0589274202382923,0.14693714200896696,0.04325309746223069
20261258,28,0.0,16,32,grid,0.0,0.005,False,-1,275,0.006340029959068184,True,0.5281661982300394,0.30945576001309416,0.12827619192804343,0.053312875184736555,0.006340029959068184
20261258,28,0.0,16,32,grid,1.0,0.007632145998180043,False,-1,170,0.0022563513116474897,True,0.3922169712598048,0.18718309943918948,0.055328841099913886,0.029710100300903073,0.0022563513116474897
20261258,28,0.0,16,32,grid,2.0,0.01164993050750713,False,-1,109,0.003079551270582824,True,0.26056169044800526,0.0960219300496369,0.0158148105375755,0.022189834168485897,0.003079551270582824
20261258,28,0.0,16,32,grid,3.0,0.01778279410038923,False,-1,68,0.0065901027503840175,True,0.15249114035319342,0.03987846459237471,0.004578597454657107,0.027919821222749313,0.0065901027503840175
20261258,28,0.0,16,32,grid,4.0,0.027144176165949066,False,-1,47,0.013429774194100666,True,0.0787181477297848,0.012170035450780613,0.014221069714625749,0.04831940273563582,0.013429774194100666
20261258,28,0.0,16,32,grid,5.0,0.04143366309976846,False,-1,29,0.025731931069048263,True,0.036673479081971654,0.0030972855082528703,0.035205691454487514,0.08826066807966931,0.025731931069048263
20261258,28,0.0,16,32,grid,6.0,0.0632455532033676,False,-1,18,0.046258188412325436,True,0.01587240839119322,0.0032731754942957824,0.06248362476683464,0.15718643683951786,0.046258188412325436
20261258,28,0.0,16,32,grid,7.0,0.096539859156753,False,-1,12,0.08124500119018904,True,0.007628039271688261,0.006431821400540086,0.094270643340909,0.2713128150076098,0.08124500119018904
20261258,28,0.0,16,32,grid,8.0,0.1473612599456155,False,-1,8,0.15708521158795435,True,0.010059970755551836,0.015338107694622927,0.12111737396766287,0.44663904630455253,0.15708521158795435
20261258,28,0.0,16,32,grid,9.0,0.2249365300761397,False,-1,5,0.33665512892889765,True,0.03920295560181756,0.034352964663050295,0.12592633595902952,0.6745754737870344,0.33665512892889765
20261258,28,0.0,16,32,grid,10.0,0.3433496875730229,False,-1,4,0.5941886062757036,True,0.1471816590276498,0.04374219902064093,0.1504172280027075,0.9090857973442767,0.5941886062757036
20261258,28,0.0,16,32,grid,11.0,0.524098988797363,False,-1,4,0.5772061299512186,True,0.3151758950939904,0.013591948295590543,0.2445742214461275,1.2066279487267035,0.5772061299512186
20261258,28,0.0,16,32,grid,12.0,0.8,False,-1,2,0.6078714894647124,True,0.3056976889793945,0.18945600317744626,0.12032093746340158,3.062312434098837,0.6078714894647124
20261258,28,0.0,32,8,joint_aware,,0.48450346515727244,False,-1,3,0.1697032267811746,True,0.06867808114308913,0.23221594455608158,0.052934344329848323,0.5172870236346053,0.1697032267811746
20261258,28,0.0,32,8,correlation_blind,,0.48450346515727244,False,-1,3,0.1697032267811746,True,0.06867808114308913,0.23221594455608158,0.052934344329848323,0.5172870236346053,0.1697032267811746
20261258,28,0.0,32,8,delay_blind,,0.5476125865680102,False,-1,3,0.19169155835067478,True,0.07143180512408803,0.29158423694934094,0.06375493562891488,0.5403554509715863,0.19169155835067478
20261258,28,0.0,32,8,mean_only,,2.1034893587976695,True,969,1,1000000000000.0,True,1700.391192419866,2442619.1390356333,1000000000000.0,1000000000000.0,1000000000000.0
20261258,28,0.0,32,8,worstcase_correlation,,0.061225211651951904,False,-1,23,0.017783315398746186,True,0.03700396506906508,0.013145223676004611,0.0033717331420030847,0.08559388499733443,0.017783315398746186
20261258,28,0.0,32,8,grid,0.0,0.005,False,-1,278,0.01097216171538021,True,0.5326332397304953,0.32339344274057724,0.14069320553501496,0.04859542141145196,0.01097216171538021
20261258,28,0.0,32,8,grid,1.0,0.007632145998180043,False,-1,183,0.005248630752961024,True,0.39942204277264215,0.20417201772331306,0.06813113418419062,0.02392180793263125,0.005248630752961024
20261258,28,0.0,32,8,grid,2.0,0.01164993050750713,False,-1,121,0.0046187914282414,True,0.2713282642244432,0.11386304705973589,0.025609363101561616,0.01479527595224023,0.0046187914282414
20261258,28,0.0,32,8,grid,3.0,0.01778279410038923,False,-1,76,0.006209566345037688,True,0.1672358528416453,0.056325170661330116,0.006110361972652717,0.01627799427110048,0.006209566345037688
20261258,28,0.0,32,8,grid,4.0,0.027144176165949066,False,-1,48,0.009072761093809478,True,0.09708782917109138,0.02599423845406329,0.0016427961074918765,0.02719112226565435,0.009072761093809478
20261258,28,0.0,32,8,grid,5.0,0.04143366309976846,False,-1,32,0.013049644961513528,True,0.05710941238159739,0.01414966433582188,0.0028934021471201934,0.05001210180793303,0.013049644961513528
20261258,28,0.0,32,8,grid,6.0,0.0632455532033676,False,-1,22,0.018252600093829292,True,0.03579814675110485,0.013350760960365495,0.0033138502744271573,0.0893504945452562,0.018252600093829292
20261258,28,0.0,32,8,grid,7.0,0.096539859156753,False,-1,13,0.026857447482119105,True,0.02508054907838027,0.01900690011904408,0.0015858170243882573,0.15218033252380478,0.026857447482119105
20261258,28,0.0,32,8,grid,8.0,0.1473612599456155,False,-1,9,0.04472891421694526,True,0.022967125576706094,0.030799097014721076,0.0015799752418675288,0.24243014018920223,0.04472891421694526
20261258,28,0.0,32,8,grid,9.0,0.2249365300761397,False,-1,5,0.07734065592556327,True,0.028951865604489428,0.05693409628769564,0.010987917517567787,0.3512891571181183,0.07734065592556327
20261258,28,0.0,32,8,grid,10.0,0.3433496875730229,False,-1,4,0.12178581453734216,True,0.04781877663394983,0.12020995660432243,0.03292516589723045,0.4534756612400752,0.12178581453734216
20261258,28,0.0,32,8,grid,11.0,0.524098988797363,False,-1,3,0.1834581321773746,True,0.07086272800855326,0.26892292108339,0.059267541927424894,0.5318666358272462,0.1834581321773746
20261258,28,0.0,32,8,grid,12.0,0.8,False,-1,2,0.28608046843339385,True,0.09390033176621757,0.5824107917369654,0.22208143641594214,0.5834859810096389,0.28608046843339385
20261258,28,0.0,32,32,joint_aware,,0.2890855861645199,False,-1,5,0.3096064235699837,True,0.12138791730785256,0.1644271952795463,0.019149838984464686,0.5160654287371366,0.3096064235699837
20261258,28,0.0,32,32,correlation_blind,,0.2890855861645199,False,-1,5,0.3096064235699837,True,0.12138791730785256,0.1644271952795463,0.019149838984464686,0.5160654287371366,0.3096064235699837
20261258,28,0.0,32,32,delay_blind,,0.5476125865680102,False,-1,3,647.348677490794,True,1.6889680238709122,1.000579390665935,0.36778297791276804,8.313507003118938,647.348677490794
20261258,28,0.0,32,32,mean_only,,0.5345835420861842,False,-1,3,216.6271263881318,True,1.1442789622262344,0.8152246604800337,0.41217926587399445,2.024765637652916,216.6271263881318
20261258,28,0.0,32,32,worstcase_correlation,,0.056406811991134544,False,-1,23,0.01793804330112492,True,0.040759396178302654,0.014811590878189944,0.005197618438403179,0.08473987837808028,0.01793804330112492
20261258,28,0.0,32,32,grid,0.0,0.005,False,-1,272,0.010857260830209159,True,0.5278483971958078,0.31922979705302595,0.13862155563240833,0.04808706420190374,0.010857260830209159
20261258,28,0.0,32,32,grid,1.0,0.007632145998180043,False,-1,179,0.005212453329043034,True,0.3923827248526721,0.19965305290210225,0.06651035803874357,0.023646961269595448,0.005212453329043034
20261258,28,0.0,32,32,grid,2.0,0.01164993050750713,False,-1,115,0.004682154510399125,True,0.26288712326348096,0.10987916303080393,0.024554532518019107,0.014787900352048595,0.004682154510399125
20261258,28,0.0,32,32,grid,3.0,0.01778279410038923,False,-1,72,0.00641459488833045,True,0.15940157277655553,0.05347011787548365,0.005708094385713317,0.016804207287586696,0.00641459488833045
20261258,28,0.0,32,32,grid,4.0,0.027144176165949066,False,-1,45,0.009545853239839438,True,0.09180641554320465,0.024501416406025163,0.0020205668858105153,0.02887186980075095,0.009545853239839438
20261258,28,0.0,32,32,grid,5.0,0.04143366309976846,False,-1,31,0.013969639679875644,True,0.05528164807374472,0.014269362406343916,0.004008163213610659,0.05428601966391644,0.013969639679875644
20261258,28,0.0,32,32,grid,6.0,0.0632455532033676,False,-1,21,0.019698281154378106,True,0.03695979797324834,0.016406565622068048,0.005348541363138249,0.09947237396788976,0.019698281154378106
20261258,28,0.0,32,32,grid,7.0,0.096539859156753,False,-1,13,0.030563813715375837,True,0.029260081605034682,0.027061873101554196,0.005018893442300255,0.17642268465209845,0.030563813715375837
20261258,28,0.0,32,32,grid,8.0,0.1473612599456155,False,-1,8,0.060364689004385255,True,0.03889028323176533,0.04366592898696153,0.00928578375877746,0.2988501827892289,0.060364689004385255
20261258,28,0.0,32,32,grid,9.0,0.2249365300761397,False,-1,5,0.168181279595312,True,0.12836017427649057,0.1093978035719224,0.025570412543487582,0.4364759583129988,0.168181279595312
20261258,28,0.0,32,32,grid,10.0,0.3433496875730229,False,-1,4,0.5194731924973182,True,0.0755988097062323,0.22113617123697343,0.05690082893983288,0.5555426188842362,0.5194731924973182
20261258,28,0.0,32,32,grid,11.0,0.524098988797363,False,-1,3,126.15930997354602,True,0.8069197370636476,0.7165673452546952,0.41038631341496923,2.711957872436813,126.15930997354602
20261258,28,0.0,32,32,grid,12.0,0.8,True,2130,2,1000000000000.0,True,16.759313462223417,385.0910536750843,39021.1001432236,69403592929.07199,1000000000000.0
20261258,28,0.9,16,8,joint_aware,,0.06793567174124356,False,-1,193,0.29398910617143914,True,0.19602974839994292,0.2007606222160856,0.2951168098092184,0.31630179128881697,0.29398910617143914
20261258,28,0.9,16,8,correlation_blind,,0.4363488632302189,False,-1,290,4.1680912992575845,True,2.283689844037079,8.390725956249828,4.33077024079144,12.069670611961318,4.1680912992575845
20261258,28,0.9,16,8,delay_blind,,0.0679609250345928,False,-1,193,0.29418915026284015,True,0.19606859989524128,0.20081900493929417,0.2953062652685472,0.3164163492826159,0.29418915026284015
20261258,28,0.9,16,8,mean_only,,4.115057114511728,True,36,-1,1000000000000.0,True,1000000000000.0,1000000000000.0,1000000000000.0,1000000000000.0,1000000000000.0
20261258,28,0.9,16,8,worstcase_correlation,,0.062108907189348216,False,-1,193,0.25012574071675747,True,0.18907166386022228,0.18698603364046987,0.2511135546557104,0.2902262649173133,0.25012574071675747
20261258,28,0.9,16,8,grid,0.0,0.005,False,-1,307,0.07209101522653989,True,0.6010985657735883,0.29568341524380964,0.10295200442184896,0.026281665430839513,0.07209101522653989
20261258,28,0.9,16,8,grid,1.0,0.007632145998180043,False,-1,250,0.12531823335400968,True,0.4904249468648271,0.17235034383217684,0.053742685145306376,0.011651452738317757,0.12531823335400968
20261258,28,0.9,16,8,grid,2.0,0.01164993050750713,False,-1,225,0.15799564806323152,True,0.38688425988146546,0.09240251319983875,0.034158632174750146,0.0275649217730008,0.15799564806323152
20261258,28,0.9,16,8,grid,3.0,0.01778279410038923,False,-1,178,0.15382931516457532,True,0.30466813728712655,0.06495221869581831,0.02813186654922796,0.06389950198884684,0.15382931516457532
20261258,28,0.9,16,8,grid,4.0,0.027144176165949066,False,-1,149,0.12940838758470763,True,0.244859833846659,0.08100180605511452,0.04121847935596683,0.11867058369889853,0.12940838758470763
20261258,28,0.9,16,8,grid,5.0,0.04143366309976846,False,-1,150,0.14036023976072953,True,0.2003254513063064,0.12811350546290007,0.10540857789943389,0.19532323304868668,0.14036023976072953
20261258,28,0.9,16,8,grid,6.0,0.0632455532033676,False,-1,193,0.25831447945330016,True,0.190106988326253,0.1897316665259782,0.25972180658667826,0.2952708510901487,0.25831447945330016
20261258,28,0.9,16,8,grid,7.0,0.096539859156753,False,-1,180,0.5703561994355426,True,0.27766875348408004,0.27063801235048474,0.48814217781558955,0.4678606768339443,0.5703561994355426
20261258,28,0.9,16,8,grid,8.0,0.1473612599456155,False,-1,179,1.2825287896388173,True,0.5082125809366209,0.466752382607467,0.7309285359408053,0.9352790309223233,1.2825287896388173
20261258,28,0.9,16,8,grid,9.0,0.2249365300761397,False,-1,179,2.6631212916469034,True,0.8488699690696481,0.9174643801019193,1.2612981747531056,2.251807725181723,2.6631212916469034
20261258,28,0.9,16,8,grid,10.0,0.3433496875730229,False,-1,258,4.257913146369219,True,1.3541122112070163,2.4433631063135515,2.8379292589613656,5.768059202086039,4.257913146369219
20261258,28,0.9,16,8,grid,11.0,0.524098988797363,False,-1,344,1.3873645977773403,True,6.348994778720632,47.02294747138456,6.623832603538094,19.77232853805307,1.3873645977773403
20261258,28,0.9,16,8,grid,12.0,0.8,True,419,-1,1000000000000.0,True,31001467.863605645,1000000000000.0,1000000000000.0,1000000000000.0,1000000000000.0
20261258,28,0.9,16,32,joint_aware,,0.06557341714513457,False,-1,193,0.2854507144215254,True,0.22848943952481077,0.2609540900666385,0.438929728982868,0.27977245929412986,0.2854507144215254
20261258,28,0.9,16,32,correlation_blind,,0.3543562147008278,False,-1,1178,9.473421586135386,True,3.9036229554511146,4.888810640682823,9.385003593469996,14.2867602436717,9.473421586135386
20261258,28,0.9,16,32,delay_blind,,0.0679609250345928,False,-1,193,0.30636656260776773,True,0.23519043315891647,0.2718495638501262,0.4722920197773064,0.2886277047405252,0.30636656260776773
20261258,28,0.9,16,32,mean_only,,1.2931845703348515,True,293,-1,1000000000000.0,True,4023224673.3303866,1000000000000.0,1000000000000.0,1000000000000.0,1000000000000.0
20261258,28,0.9,16,32,worstcase_correlation,,0.06012858486571272,False,-1,193,0.2410559320449271,True,0.21669797822856623,0.23705116698212675,0.3640841548828447,0.26004363216796667,0.2410559320449271
20261258,28,0.9,16,32,grid,0.0,0.005,False,-1,304,0.07246109810517895,True,0.5988569461510413,0.29278900431081273,0.10194380466659328,0.02591845480103728,0.07246109810517895
20261258,28,0.9,16,32,grid,1.0,0.007632145998180043,False,-1,250,0.12542371648135908,True,0.4873060286966909,0.16913981783298548,0.05356881122647901,0.011843237978239291,0.12542371648135908
20261258,28,0.9,16,32,grid,2.0,0.01164993050750713,False,-1,225,0.15653389766221165,True,0.38390024136540785,0.09040466004768152,0.03486461888808742,0.028263101444493302,0.15653389766221165
20261258,28,0.9,16,32,grid,3.0,0.01778279410038923,False,-1,178,0.14915886006720638,True,0.3042786894917883,0.06656742518895854,0.03008976461375025,0.064480198969748,0.14915886006720638
20261258,28,0.9,16,32,grid,4.0,0.027144176165949066,False,-1,149,0.12079082950493589,True,0.25014009150563754,0.09030392208346934,0.04957969676155133,0.11773607664066109,0.12079082950493589
20261258,28,0.9,16,32,grid,5.0,0.04143366309976846,False,-1,151,0.1327610315634782,True,0.21402340467632103,0.15438468169652553,0.1448772446473211,0.18806251110902422,0.1327610315634782
20261258,28,0.9,16,32,grid,6.0,0.0632455532033676,False,-1,193,0.26589300541845123,True,0.22284650983212628,0.2506119992789909,0.4066503939290925,0.27128451899928024,0.26589300541845123
20261258,28,0.9,16,32,grid,7.0,0.096539859156753,False,-1,194,0.6202304595333908,True,0.3763981393387419,0.4570428823139963,0.842502042103913,0.42733339486727373,0.6202304595333908
20261258,28,0.9,16,32,grid,8.0,0.1473612599456155,False,-1,185,1.4933225376815615,True,0.7872351221027911,1.214596364278939,1.1912160119806137,1.0546493785411568,1.4933225376815615
20261258,28,0.9,16,32,grid,9.0,0.2249365300761397,False,-1,227,3.758152382856297,True,1.665461315704328,2.936754593447996,1.9827326890721215,4.07263835180012,3.758152382856297
20261258,28,0.9,16,32,grid,10.0,0.3433496875730229,False,-1,1178,9.001869739104288,True,3.7208299165199388,4.73186000601163,8.11843382272902,13.223726856880788,9.001869739104288
20261258,28,0.9,16,32,grid,11.0,0.524098988797363,False,-1,1727,463.7741453238453,True,641.8399247540385,41357.59826805157,1389.4109846996591,60.34886855091234,463.7741453238453
20261258,28,0.9,16,32,grid,12.0,0.8,True,463,-1,1000000000000.0,True,17572549.73294804,1000000000000.0,1000000000000.0,1000000000000.0,1000000000000.0
20261258,28,0.9,32,8,joint_aware,,0.06708632967038644,False,-1,150,0.2966241168636715,True,0.2142571128805138,0.23893475383924015,0.4085763115094582,0.2324955450137729,0.2966241168636715
20261258,28,0.9,32,8,correlation_blind,,0.48450346515727244,False,-1,1663,8.260768503610006,True,27.286827691233405,25.134345197335847,5.876382296385938,15.003668776169201,8.260768503610006
20261258,28,0.9,32,8,delay_blind,,0.0681741968826708,False,-1,150,0.3067332468739694,True,0.217364972257038,0.2429568306001441,0.42037989244897583,0.23608403449924192,0.3067332468739694
20261258,28,0.9,32,8,mean_only,,2.1034893587976695,True,86,-1,1000000000000.0,True,1000000000000.0,1000000000000.0,1000000000000.0,1000000000000.0,1000000000000.0
20261258,28,0.9,32,8,worstcase_correlation,,0.061225211651951904,False,-1,150,0.24529735692035606,True,0.2006653793090094,0.21748603945768386,0.3444471876359037,0.21359238209555112,0.24529735692035606
20261258,28,0.9,32,8,grid,0.0,0.005,False,-1,304,0.06227235284717916,True,0.5976479203787928,0.29179797563303267,0.10452654137234595,0.027125658700105106,0.06227235284717916
20261258,28,0.9,32,8,grid,1.0,0.007632145998180043,False,-1,250,0.10811281715017529,True,0.4852030663490353,0.16705619634378613,0.05635970845873016,0.011177638383078864,0.10811281715017529
20261258,28,0.9,32,8,grid,2.0,0.01164993050750713,False,-1,224,0.13481066196569763,True,0.3797856125664467,0.08583337209844108,0.03775909956485963,0.02299146101697794,0.13481066196569763
20261258,28,0.9,32,8,grid,3.0,0.01778279410038923,False,-1,151,0.12718316149085468,True,0.2963540971250687,0.05878200985548623,0.03314092815974821,0.05134882261319388,0.12718316149085468
20261258,28,0.9,32,8,grid,4.0,0.027144176165949066,False,-1,147,0.1024966080057349,True,0.23703306437441965,0.07999254596923142,0.05322062002338291,0.09283167680099988,0.1024966080057349
20261258,28,0.9,32,8,grid,5.0,0.04143366309976846,False,-1,148,0.12075701843598705,True,0.19699573778378116,0.13996327898406538,0.14436372653152452,0.1487394380450693,0.12075701843598705
20261258,28,0.9,32,8,grid,6.0,0.0632455532033676,False,-1,150,0.26237559319004383,True,0.20473745204888957,0.22486327418797156,0.3665983446964397,0.2200434758559236,0.26237559319004383
20261258,28,0.9,32,8,grid,7.0,0.096539859156753,False,-1,178,0.6286791180766346,True,0.35137634748417335,0.3694476669690864,0.6870673598492264,0.350184124683779,0.6286791180766346
20261258,28,0.9,32,8,grid,8.0,0.1473612599456155,False,-1,177,1.4628843317958944,True,0.7310737594069977,0.7616340096597775,0.944835483372176,0.7501571685524067,1.4628843317958944
20261258,28,0.9,32,8,grid,9.0,0.2249365300761397,False,-1,184,2.988019308831632,True,1.383610449663553,1.5295743673285203,1.5422062995332924,2.059450202096044,2.988019308831632
20261258,28,0.9,32,8,grid,10.0,0.3433496875730229,False,-1,306,3.9825848636289845,True,2.0124078461446597,2.5008938948922523,4.056640805098965,5.102095862923204,3.9825848636289845
20261258,28,0.9,32,8,grid,11.0,0.524098988797363,False,-1,1665,26.292229100482373,True,66.32052792279491,39.684247892474346,82.14366556360764,25.6782578208867,26.292229100482373
20261258,28,0.9,32,8,grid,12.0,0.8,True,616,-1,1000000000000.0,True,2581126.256702477,3432309475.9184923,1000000000000.0,1000000000000.0,1000000000000.0
20261258,28,0.9,32,32,joint_aware,,0.061344496040986844,False,-1,75,0.23814825752161822,True,0.23790646042607017,0.2423107502444794,0.6295264596840425,0.2785988570300525,0.23814825752161822
20261258,28,0.9,32,32,correlation_blind,,0.2890855861645199,False,-1,324,51.346533295544006,True,1.3098625938098247,27.437622208617235,3.482347102704044,5.653192361578226,51.346533295544006
20261258,28,0.9,32,32,delay_blind,,0.0681741968826708,False,-1,75,0.2957823424938311,True,0.27634515228447365,0.25560212539132393,0.8547140893009468,0.3168354270542798,0.2957823424938311
20261258,28,0.9,32,32,mean_only,,0.5345835420861842,True,1870,-1,1000000000000.0,True,296.6932621760981,336060.714918305,105923534.52747901,1000000000000.0,1000000000000.0
20261258,28,0.9,32,32,worstcase_correlation,,0.056406811991134544,False,-1,75,0.19973495684568232,True,0.21912937433112067,0.228635679565504,0.4910049863837742,0.2518670448597756,0.19973495684568232
20261258,28,0.9,32,32,grid,0.0,0.005,False,-1,302,0.06367373627966375,True,0.5931918989842634,0.28657527580402004,0.10295670815875127,0.026767550108647325,0.06367373627966375
20261258,28,0.9,32,32,grid,1.0,0.007632145998180043,False,-1,249,0.11059231842294168,True,0.47905258643073934,0.16176693229156647,0.05575870580261013,0.01169128052710478,0.11059231842294168
20261258,28,0.9,32,32,grid,2.0,0.01164993050750713,False,-1,205,0.13732594028602008,True,0.37373373468885995,0.08327991268917129,0.03706432940761974,0.024696431879610677,0.13732594028602008
20261258,28,0.9,32,32,grid,3.0,0.01778279410038923,False,-1,149,0.12700983454092854,True,0.2938073204259901,0.06169273584771751,0.03141464084294828,0.0550467631248706,0.12700983454092854
20261258,28,0.9,32,32,grid,4.0,0.027144176165949066,False,-1,146,0.09628367708223005,True,0.23969738621107975,0.090778672775042,0.055661640654658624,0.10253393336045505,0.09628367708223005
20261258,28,0.9,32,32,grid,5.0,0.04143366309976846,False,-1,149,0.11151728248849747,True,0.2049719218774133,0.16534378747273232,0.1913856240959654,0.1746789403994958,0.11151728248849747
20261258,28,0.9,32,32,grid,6.0,0.0632455532033676,False,-1,75,0.25372898677742933,True,0.24714836434658494,0.24663493531530245,0.6883076308206306,0.2890941166000541,0.25372898677742933
20261258,28,0.9,32,32,grid,7.0,0.096539859156753,False,-1,161,0.583673976419883,True,0.570724780397931,0.27830206475193664,2.1086304442162067,0.4875023365865401,0.583673976419883
20261258,28,0.9,32,32,grid,8.0,0.1473612599456155,False,-1,160,1.634402989987311,True,1.250509534427223,1.4288402002171023,3.395948261077679,0.8137654471775096,1.634402989987311
20261258,28,0.9,32,32,grid,9.0,0.2249365300761397,False,-1,76,11.16501132468374,True,1.6831235219936886,16.579721716415584,3.2340066977252384,1.7628834646793932,11.16501132468374
20261258,28,0.9,32,32,grid,10.0,0.3433496875730229,False,-1,230,284.43894764719244,True,2.6510879424187808,32.12975250462345,9.151012141560459,15.423826181049975,284.43894764719244
20261258,28,0.9,32,32,grid,11.0,0.524098988797363,True,1991,-1,1000000000000.0,True,201.92478918255097,176688.94561576145,39183241.41280483,1000000000000.0,1000000000000.0
20261258,28,0.9,32,32,grid,12.0,0.8,True,734,-1,1000000000000.0,True,15224.988939935804,11518445.982822292,1000000000000.0,1000000000000.0,1000000000000.0
20261259,29,0.0,16,8,joint_aware,,0.4363488632302189,False,-1,4,0.05991379320103168,True,0.2817784290256937,0.12702756542220422,0.06267980310492283,0.446648018762317,0.05991379320103168
20261259,29,0.0,16,8,correlation_blind,,0.4363488632302189,False,-1,4,0.05991379320103168,True,0.2817784290256937,0.12702756542220422,0.06267980310492283,0.446648018762317,0.05991379320103168
20261259,29,0.0,16,8,delay_blind,,0.4373927810905379,False,-1,4,0.05996740318713803,True,0.281771174097,0.12758411401973696,0.0627262067609341,0.44835104392007546,0.05996740318713803
20261259,29,0.0,16,8,mean_only,,4.115057114511728,True,113,2,1000000000000.0,True,1000000000000.0,1000000000000.0,1000000000000.0,1000000000000.0,1000000000000.0
20261259,29,0.0,16,8,worstcase_correlation,,0.062108907189348216,False,-1,29,0.02342268739498944,True,0.02888015332606761,0.0029481537391008077,0.03169703865210499,0.03926324268129281,0.02342268739498944
20261259,29,0.0,16,8,grid,0.0,0.005,False,-1,278,0.00708978437200162,True,0.5138992475145719,0.30046674990904826,0.13374213045334862,0.022729488747560752,0.00708978437200162
20261259,29,0.0,16,8,grid,1.0,0.007632145998180043,False,-1,179,0.007124167086368026,True,0.37137966676396683,0.1757682073151104,0.06250562023834877,0.0029852905428030107,0.007124167086368026
20261259,29,0.0,16,8,grid,2.0,0.01164993050750713,False,-1,112,0.00860574601910094,True,0.23253230618689746,0.08479342484934474,0.02249567466291709,0.004347380804542755,0.00860574601910094
20261259,29,0.0,16,8,grid,3.0,0.01778279410038923,False,-1,79,0.009265524398602265,True,0.11983771749609419,0.032840615332773535,0.008034850939408502,0.013325467365119942,0.009265524398602265
20261259,29,0.0,16,8,grid,4.0,0.027144176165949066,False,-1,50,0.01031567942011168,True,0.04889122212220905,0.010072724199405678,0.011498323827137856,0.021317472439495902,0.01031567942011168
20261259,29,0.0,16,8,grid,5.0,0.04143366309976846,False,-1,38,0.014195107667970691,True,0.021577040365408286,0.002512558870562688,0.02186384106093893,0.028957905510750462,0.014195107667970691
20261259,29,0.0,16,8,grid,6.0,0.0632455532033676,False,-1,25,0.023989270490293712,True,0.029828297878248342,0.0031074015870499114,0.032107710247572654,0.03983513294088027,0.023989270490293712
20261259,29,0.0,16,8,grid,7.0,0.096539859156753,False,-1,18,0.040461316230979386,True,0.06420609246106412,0.009954111748313454,0.04116839155611944,0.05703140942739369,0.040461316230979386
20261259,29,0.0,16,8,grid,8.0,0.1473612599456155,False,-1,9,0.0581973923388317,True,0.11969313526682412,0.023033656590183044,0.049590993412264875,0.08772852214409739,0.0581973923388317
20261259,29,0.0,16,8,grid,9.0,0.2249365300761397,False,-1,6,0.0647692308353643,True,0.19525487233642086,0.04445441196785096,0.05602757673236755,0.15498896913610105,0.0647692308353643
20261259,29,0.0,16,8,grid,10.0,0.3433496875730229,False,-1,4,0.059320441745303217,True,0.26724389967241413,0.08397228194624491,0.05955512616195154,0.30389974719904195,0.059320441745303217
20261259,29,0.0,16,8,grid,11.0,0.524098988797363,False,-1,3,0.06847806724501297,True,0.2721398921079621,0.1797206258112235,0.06746766637544535,0.598369754885979,0.06847806724501297
20261259,29,0.0,16,8,grid,12.0,0.8,False,-1,2,0.14717980469248457,True,0.21840174827779082,0.41150642654723335,0.0906509962929952,1.2949744015023315,0.14717980469248457
20261259,29,0.0,16,32,joint_aware,,0.3543562147008278,False,-1,4,0.03490129085610198,True,0.435083041526495,0.08757608350987821,0.06579973319533769,0.3995598151225715,0.03490129085610198
20261259,29,0.0,16,32,correlation_blind,,0.3543562147008278,False,-1,4,0.03490129085610198,True,0.435083041526495,0.08757608350987821,0.06579973319533769,0.3995598151225715,0.03490129085610198
20261259,29,0.0,16,32,delay_blind,,0.4373927810905379,False,-1,3,0.035226328350420694,True,0.5474505172390776,0.17133294642617952,0.08034207811622368,0.6761587130171492,0.035226328350420694
20261259,29,0.0,16,32,mean_only,,1.2931845703348515,True,1775,1,1000000000000.0,True,11.95806473827808,566.000032635547,251672.1364473653,1000000000000.0,1000000000000.0
20261259,29,0.0,16,32,worstcase_correlation,,0.06012858486571272,False,-1,25,0.026693381296081835,True,0.03165176063373419,0.002759520395058611,0.031187036958534378,0.036473310452862936,0.026693381296081835
20261259,29,0.0,16,32,grid,0.0,0.005,False,-1,272,0.007108477845274601,True,0.512007350967727,0.2987924093943434,0.13295736744643566,0.022491689975826366,0.007108477845274601
20261259,29,0.0,16,32,grid,1.0,0.007632145998180043,False,-1,176,0.007213159982272509,True,0.36855136633649105,0.17390222690464102,0.06190517806630881,0.0029063538466697725,0.007213159982272509
20261259,29,0.0,16,32,grid,2.0,0.01164993050750713,False,-1,111,0.00874416635487401,True,0.22906329570997086,0.08319633991252529,0.022138914908147997,0.004352323983305574,0.00874416635487401
20261259,29,0.0,16,32,grid,3.0,0.01778279410038923,False,-1,79,0.009482816421205569,True,0.11658715219702827,0.03193691492759571,0.008050302474835989,0.013185338519000401,0.009482816421205569
20261259,29,0.0,16,32,grid,4.0,0.027144176165949066,False,-1,49,0.010831372636606022,True,0.04699283586812188,0.009852328185636588,0.011970396805995029,0.020800474521999842,0.010831372636606022
20261259,29,0.0,16,32,grid,5.0,0.04143366309976846,False,-1,37,0.015881920758735256,True,0.022317283326908754,0.002569423636581799,0.02246723512499699,0.027908694356576953,0.015881920758735256
20261259,29,0.0,16,32,grid,6.0,0.0632455532033676,False,-1,24,0.02871926581278536,True,0.03474049724362547,0.003158395498556642,0.032240740591187145,0.03790139060918287,0.02871926581278536
20261259,29,0.0,16,32,grid,7.0,0.096539859156753,False,-1,14,0.04973031549986257,True,0.07410423145508846,0.009319038952471314,0.039942374671458065,0.05336908729961412,0.04973031549986257
20261259,29,0.0,16,32,grid,8.0,0.1473612599456155,False,-1,8,0.06750570055797375,True,0.137420676906255,0.019726981435826588,0.045749848139059725,0.08191199992409595,0.06750570055797375
20261259,29,0.0,16,32,grid,9.0,0.2249365300761397,False,-1,6,0.0604995180907401,True,0.24295370658653043,0.0354446979394418,0.05132423292483151,0.15658951394382167,0.0604995180907401
20261259,29,0.0,16,32,grid,10.0,0.3433496875730229,False,-1,4,0.03625677553797862,True,0.41918333563479143,0.08028089285525705,0.06453976893327246,0.37214890913183807,0.03625677553797862
20261259,29,0.0,16,32,grid,11.0,0.524098988797363,False,-1,3,0.07246645566120959,True,0.6585501509995674,0.31420092135646804,0.1222070257517468,1.1840703156927879,0.07246645566120959
20261259,29,0.0,16,32,grid,12.0,0.8,False,-1,2,1.0974765462132365,True,0.483161410302821,0.7025963622561651,1.282586013777855,2.6820628126796824,1.0974765462132365
20261259,29,0.0,32,8,joint_aware,,0.48450346515727244,False,-1,4,0.18850433126806374,True,0.24489416298586508,0.06899198947285878,0.05068852029443889,0.1153982089818155,0.18850433126806374
20261259,29,0.0,32,8,correlation_blind,,0.48450346515727244,False,-1,4,0.18850433126806374,True,0.24489416298586508,0.06899198947285878,0.05068852029443889,0.1153982089818155,0.18850433126806374
20261259,29,0.0,32,8,delay_blind,,0.5476125865680102,False,-1,4,0.20884446776665042,True,0.2628565915388197,0.08496557823011046,0.06957747925538728,0.1465952317462228,0.20884446776665042
20261259,29,0.0,32,8,mean_only,,2.1034893587976695,True,2044,1,1000000000000.0,True,362.98086514309483,4819.163322217998,869349.5269431251,228471082479.3604,1000000000000.0
20261259,29,0.0,32,8,worstcase_correlation,,0.061225211651951904,False,-1,26,0.016707412560980697,True,0.0076790933065112345,0.005651838254481019,0.03228020802232224,0.00955925235615644,0.016707412560980697
20261259,29,0.0,32,8,grid,0.0,0.005,False,-1,288,0.003224640045491245,True,0.5247503563577262,0.31183317586037157,0.139696787883993,0.028590402425662756,0.003224640045491245
20261259,29,0.0,32,8,grid,1.0,0.007632145998180043,False,-1,190,0.0030560288373171827,True,0.38602910200206464,0.18904087980257087,0.06916000371800626,0.005501487976776194,0.0030560288373171827
20261259,29,0.0,32,8,grid,2.0,0.01164993050750713,False,-1,124,0.005086074452130489,True,0.250599886282965,0.09712709093960877,0.02898256653635073,0.00010428156220096147,0.005086074452130489
20261259,29,0.0,32,8,grid,3.0,0.01778279410038923,False,-1,81,0.006482137062318396,True,0.13861640163141914,0.0404046182483779,0.013319055314148433,0.0018941248313416367,0.006482137062318396
20261259,29,0.0,32,8,grid,4.0,0.027144176165949066,False,-1,51,0.007738738884965705,True,0.06214138234352772,0.012028527897479343,0.015668875096745204,0.00420252878946689,0.007738738884965705
20261259,29,0.0,32,8,grid,5.0,0.04143366309976846,False,-1,38,0.010590866294737149,True,0.020517368303518396,0.00296460020615088,0.02498500938567537,0.006572373589683244,0.010590866294737149
20261259,29,0.0,32,8,grid,6.0,0.0632455532033676,False,-1,25,0.017421254434952762,True,0.007607470131085462,0.00618145571224219,0.032727701867631985,0.009834460710549567,0.017421254434952762
20261259,29,0.0,32,8,grid,7.0,0.096539859156753,False,-1,13,0.031027503832628048,True,0.019874529130638644,0.015759757780106864,0.035675311417462545,0.013422700096653747,0.031027503832628048
20261259,29,0.0,32,8,grid,8.0,0.1473612599456155,False,-1,10,0.05826837023525813,True,0.054544825489813396,0.029198025011256942,0.033917605848612226,0.017376584932799678,0.05826837023525813
20261259,29,0.0,32,8,grid,9.0,0.2249365300761397,False,-1,7,0.10039314265822016,True,0.10965328205349892,0.04188642165316598,0.03086655436401597,0.027555368095612123,0.10039314265822016
20261259,29,0.0,32,8,grid,10.0,0.3433496875730229,False,-1,5,0.14684816716189877,True,0.18420838589374602,0.05097664717809198,0.030993286596527603,0.058775751108350906,0.14684816716189877
20261259,29,0.0,32,8,grid,11.0,0.524098988797363,False,-1,4,0.20083686170976323,True,0.256597228904371,0.0782111290180332,0.061815716523371894,0.13459458000639915,0.20083686170976323
20261259,29,0.0,32,8,grid,12.0,0.8,False,-1,3,0.33352357781935665,True,0.3256560146610826,0.2517143986584889,0.16496202951232722,0.3087980258835126,0.33352357781935665
20261259,29,0.0,32,32,joint_aware,,0.2890855861645199,False,-1,6,0.21487165753864906,True,0.20681044440217222,0.09378443074155443,0.12021153060247669,0.0867552978791988,0.21487165753864906
20261259,29,0.0,32,32,correlation_blind,,0.2890855861645199,False,-1,6,0.21487165753864906,True,0.20681044440217222,0.09378443074155443,0.12021153060247669,0.0867552978791988,0.21487165753864906
20261259,29,0.0,32,32,delay_blind,,0.5476125865680102,False,-1,4,92.43615819714306,True,2.219620748247144,6.084090936990606,9.553343726757438,35.94515259115512,92.43615819714306
20261259,29,0.0,32,32,mean_only,,0.5345835420861842,False,-1,4,5.2224782322470436,True,1.112499962451337,6.656839917778563,6.007161284286004,5.005079013211776,5.2224782322470436
20261259,29,0.0,32,32,worstcase_correlation,,0.056406811991134544,False,-1,25,0.018530220729098518,True,0.010639139342771966,0.005893887608410936,0.03443359954922539,0.00928344079651242,0.018530220729098518
20261259,29,0.0,32,32,grid,0.0,0.005,False,-1,283,0.003210875234572349,True,0.5200661514313167,0.30783346555835533,0.137826119862077,0.02802171528852934,0.003210875234572349
20261259,29,0.0,32,32,grid,1.0,0.007632145998180043,False,-1,187,0.003165295307837739,True,0.3790892183334322,0.18479716614395436,0.06780565283566861,0.005247416657079112,0.003165295307837739
20261259,29,0.0,32,32,grid,2.0,0.01164993050750713,False,-1,117,0.005278214835136024,True,0.2422507756959007,0.09367560029459027,0.02819350762666974,9.788003603382545e-05,0.005278214835136024
20261259,29,0.0,32,32,grid,3.0,0.01778279410038923,False,-1,77,0.0067472813701755655,True,0.13096084907798564,0.03835035036880246,0.013366720868493746,0.0019683964144001005,0.0067472813701755655
20261259,29,0.0,32,32,grid,4.0,0.027144176165949066,False,-1,49,0.008197245798602227,True,0.057183587763097295,0.011166433064129667,0.017094682793881117,0.004286434559979604,0.008197245798602227
20261259,29,0.0,32,32,grid,5.0,0.04143366309976846,False,-1,36,0.012079036114752622,True,0.01930162968839334,0.0030917458901521325,0.027694781118297727,0.006829271076149897,0.012079036114752622
20261259,29,0.0,32,32,grid,6.0,0.0632455532033676,False,-1,23,0.02194280043144991,True,0.011090858185864617,0.008381202621616849,0.03624452513491664,0.010253694778388722,0.02194280043144991
20261259,29,0.0,32,32,grid,7.0,0.096539859156753,False,-1,13,0.0419916074673497,True,0.028765970812512125,0.024916231170277314,0.03781935088873755,0.01356783828913245,0.0419916074673497
20261259,29,0.0,32,32,grid,8.0,0.1473612599456155,False,-1,10,0.0948282291109357,True,0.06893454773752311,0.0680378574070184,0.03357446918235851,0.019452332829380643,0.0948282291109357
20261259,29,0.0,32,32,grid,9.0,0.2249365300761397,False,-1,7,0.17528883582141624,True,0.14737838072284057,0.10294062527231321,0.05259023651435834,0.04569782088542032,0.17528883582141624
20261259,29,0.0,32,32,grid,10.0,0.3433496875730229,False,-1,5,0.2269684859931666,True,0.2635083679817303,0.08399809091704653,0.22009096971815018,0.09044689669194532,0.2269684859931666
20261259,29,0.0,32,32,grid,11.0,0.524098988797363,False,-1,4,5.278438540949326,True,0.6135557634722194,5.8187594546547245,6.726274999655656,1.3299011939970704,5.278438540949326
20261259,29,0.0,32,32,grid,12.0,0.8,True,2205,3,1000000000000.0,True,168.23808231633188,18863.2095249634,650115.8694950475,104530193463.6323,1000000000000.0
20261259,29,0.9,16,8,joint_aware,,0.06793567174124356,False,-1,38,0.7820367194715727,True,0.0256592715134745,0.42080896055805295,0.5473330998012423,0.14186485662107778,0.7820367194715727
20261259,29,0.9,16,8,correlation_blind,,0.4363488632302189,False,-1,21,2.920591433439985,True,2.00066548357664,5.615766870806426,4.401360817499892,3.768613939671421,2.920591433439985
20261259,29,0.9,16,8,delay_blind,,0.0679609250345928,False,-1,38,0.7823338012042784,True,0.025683952119674416,0.4209606045853955,0.5475496008737237,0.14194277032938685,0.7823338012042784
20261259,29,0.9,16,8,mean_only,,4.115057114511728,True,25,-1,1000000000000.0,True,1000000000000.0,1000000000000.0,1000000000000.0,1000000000000.0,1000000000000.0
20261259,29,0.9,16,8,worstcase_correlation,,0.062108907189348216,False,-1,38,0.7127434655241058,True,0.020401646060437408,0.38539887042352783,0.496064565440512,0.12429465097730166,0.7127434655241058
20261259,29,0.9,16,8,grid,0.0,0.005,False,-1,262,0.054236104742848124,True,0.5414907721379247,0.3466474072214177,0.13590139959531405,0.020165544272185424,0.054236104742848124
20261259,29,0.9,16,8,grid,1.0,0.007632145998180043,False,-1,177,0.07505361068450807,True,0.40020652657009487,0.21913878652866897,0.060370503785971454,0.009768618126331723,0.07505361068450807
20261259,29,0.9,16,8,grid,2.0,0.01164993050750713,False,-1,143,0.12425893932383181,True,0.25641083653755403,0.12829233368724685,0.027580735047104413,0.020826356893320942,0.12425893932383181
20261259,29,0.9,16,8,grid,3.0,0.01778279410038923,False,-1,92,0.20178610433250574,True,0.13239048488696353,0.1018736408735772,0.048497826381686523,0.037769973623755525,0.20178610433250574
20261259,29,0.9,16,8,grid,4.0,0.027144176165949066,False,-1,63,0.30807146833961857,True,0.04900852368214176,0.14776807861920643,0.1345226021510447,0.051587862261787826,0.30807146833961857
20261259,29,0.9,16,8,grid,5.0,0.04143366309976846,False,-1,56,0.46697364378875705,True,0.014736739143363245,0.24948330565838503,0.29047632312245886,0.07293093688348892,0.46697364378875705
20261259,29,0.9,16,8,grid,6.0,0.0632455532033676,False,-1,38,0.726356790125245,True,0.021353963685715724,0.39237913642525146,0.5062787044664837,0.12765115844379288,0.726356790125245
20261259,29,0.9,16,8,grid,7.0,0.096539859156753,False,-1,31,1.0825160348137408,True,0.062375745696448874,0.5897917919796155,0.7704119039025084,0.23360584347485697,1.0825160348137408
20261259,29,0.9,16,8,grid,8.0,0.1473612599456155,False,-1,19,1.3929203349533967,True,0.19464401259344477,0.9331646508468334,1.1619305175505672,0.4073636766039405,1.3929203349533967
20261259,29,0.9,16,8,grid,9.0,0.2249365300761397,False,-1,15,1.7234173561063808,True,0.6268418369116258,1.6738824398414638,2.0888833538695097,0.9120743265530911,1.7234173561063808
20261259,29,0.9,16,8,grid,10.0,0.3433496875730229,False,-1,15,2.5698976908341717,True,1.42809305020862,3.5217131123268826,3.8418935378270436,2.665894421625881,2.5698976908341717
20261259,29,0.9,16,8,grid,11.0,0.524098988797363,False,-1,1398,2.720987871405817,True,6.276116504216162,6.0421741287819195,2065.9813189990764,2.925499365821854,2.720987871405817
20261259,29,0.9,16,8,grid,12.0,0.8,True,631,-1,1000000000000.0,True,727487.8133303641,8579992024.130411,1000000000000.0,1000000000000.0,1000000000000.0
20261259,29,0.9,16,32,joint_aware,,0.06557341714513457,False,-1,38,0.8573558091031069,True,0.05130196553837432,0.4806914061047418,0.5215343291520338,0.16000656839085925,0.8573558091031069
20261259,29,0.9,16,32,correlation_blind,,0.3543562147008278,False,-1,23,1.4957996423612072,True,10.954019244156122,4.393951277672096,4.402541124815596,3.862062623875212,1.4957996423612072
20261259,29,0.9,16,32,delay_blind,,0.0679609250345928,False,-1,38,0.894889566079356,True,0.05479784725839762,0.499447865226459,0.542690022590816,0.1716133245957048,0.894889566079356
20261259,29,0.9,16,32,mean_only,,1.2931845703348515,True,188,-1,1000000000000.0,True,1000000000000.0,1000000000000.0,1000000000000.0,1000000000000.0,1000000000000.0
20261259,29,0.9,16,32,worstcase_correlation,,0.06012858486571272,False,-1,38,0.7717965995649,True,0.0436145891830023,0.43776697827023736,0.4714259323704,0.13540904429095985,0.7717965995649
20261259,29,0.9,16,32,grid,0.0,0.005,False,-1,262,0.05416886621853563,True,0.53857258552885,0.34401725096454483,0.13401502682027966,0.01970141585569676,0.05416886621853563
20261259,29,0.9,16,32,grid,1.0,0.007632145998180043,False,-1,176,0.0752645282541072,True,0.3955414629001205,0.2157448918677157,0.05848546696768602,0.009789107213627347,0.0752645282541072
20261259,29,0.9,16,32,grid,2.0,0.01164993050750713,False,-1,142,0.1251251828992763,True,0.2502632780578142,0.12541957628236644,0.02559351486067505,0.021173332192708123,0.1251251828992763
20261259,29,0.9,16,32,grid,3.0,0.01778279410038923,False,-1,75,0.2042871711505208,True,0.12677721294584404,0.10357868660645896,0.04562964325602415,0.03787314028096222,0.2042871711505208
20261259,29,0.9,16,32,grid,4.0,0.027144176165949066,False,-1,63,0.3161406448172291,True,0.04858503056724145,0.1612951358964806,0.12909751829711916,0.05085237658049721,0.3161406448172291
20261259,29,0.9,16,32,grid,5.0,0.04143366309976846,False,-1,55,0.4956420534665241,True,0.025902854298882495,0.28425528305660963,0.2819548978413137,0.07399628615597695,0.4956420534665241
20261259,29,0.9,16,32,grid,6.0,0.0632455532033676,False,-1,38,0.8207154188688808,True,0.047959073537099356,0.4623794423637733,0.5004227883499737,0.14915849482227006,0.8207154188688808
20261259,29,0.9,16,32,grid,7.0,0.096539859156753,False,-1,31,1.2998506008529254,True,0.10047580287150208,0.7317804641328027,0.7527630584438384,0.3333382801585203,1.2998506008529254
20261259,29,0.9,16,32,grid,8.0,0.1473612599456155,False,-1,23,1.6904594377631188,True,0.25071496927973275,1.1992248331223068,0.9483565967142977,0.6056018205498529,1.6904594377631188
20261259,29,0.9,16,32,grid,9.0,0.2249365300761397,False,-1,21,2.169992208322852,True,0.9745485183892861,1.9962917117242063,1.1847767375926106,1.2880725018077284,2.169992208322852
20261259,29,0.9,16,32,grid,10.0,0.3433496875730229,False,-1,23,2.6181191141102995,True,7.906958988181483,4.071655102591367,3.8970883226994943,2.4130505644352285,2.6181191141102995
20261259,29,0.9,16,32,grid,11.0,0.524098988797363,True,3997,-1,1000000000000.0,True,648.3720126949704,2811.625515527671,65605.28400908913,2478607.8817603984,1000000000000.0
20261259,29,0.9,16,32,grid,12.0,0.8,True,450,-1,1000000000000.0,True,649961491.4345794,1000000000000.0,1000000000000.0,1000000000000.0,1000000000000.0
20261259,29,0.9,32,8,joint_aware,,0.06708632967038644,False,-1,38,0.8903475365802307,True,0.04818801503766647,0.47255072305291024,0.5584707015392466,0.1365033721774334,0.8903475365802307
20261259,29,0.9,32,8,correlation_blind,,0.48450346515727244,False,-1,1080,6.799546117470043,True,9.672583783934716,43.54887994032015,10.757152108314791,6277.368599692816,6.799546117470043
20261259,29,0.9,32,8,delay_blind,,0.0681741968826708,False,-1,38,0.9064799346114605,True,0.04944942947840379,0.4806278567921318,0.5683991763154017,0.1403289978814763,0.9064799346114605
20261259,29,0.9,32,8,mean_only,,2.1034893587976695,True,98,-1,1000000000000.0,True,1000000000000.0,1000000000000.0,1000000000000.0,1000000000000.0,1000000000000.0
20261259,29,0.9,32,8,worstcase_correlation,,0.061225211651951904,False,-1,38,0.8029998692288071,True,0.0418549050761317,0.4285836863282747,0.5031582190441205,0.11687929726386304,0.8029998692288071
20261259,29,0.9,32,8,grid,0.0,0.005,False,-1,263,0.05862487954522553,True,0.5457794589857025,0.34941633122950444,0.13885841445510544,0.02246292903881572,0.05862487954522553
20261259,29,0.9,32,8,grid,1.0,0.007632145998180043,False,-1,200,0.08257498741936084,True,0.40551068579294924,0.22206085773016604,0.06260730330213124,0.010772374922725095,0.08257498741936084
20261259,29,0.9,32,8,grid,2.0,0.01164993050750713,False,-1,143,0.13674924689298432,True,0.2629583302317592,0.13063503520876416,0.029117032054077716,0.020484699514727162,0.13674924689298432
20261259,29,0.9,32,8,grid,3.0,0.01778279410038923,False,-1,93,0.22074796259354693,True,0.140869840665575,0.1043386585740626,0.049657727437236086,0.03598484560717145,0.22074796259354693
20261259,29,0.9,32,8,grid,4.0,0.027144176165949066,False,-1,63,0.3368752547663221,True,0.06080764652245979,0.15515088649349917,0.1358601943192025,0.04791586774740534,0.3368752547663221
20261259,29,0.9,32,8,grid,5.0,0.04143366309976846,False,-1,56,0.5182892041679346,True,0.0315974531779956,0.27179886750367577,0.2950872888149326,0.06683095551014451,0.5182892041679346
20261259,29,0.9,32,8,grid,6.0,0.0632455532033676,False,-1,38,0.8331473901888098,True,0.04394336367993304,0.44383503771830274,0.522571649641242,0.12344265031675247,0.8331473901888098
20261259,29,0.9,32,8,grid,7.0,0.096539859156753,False,-1,31,1.292760420909024,True,0.0914566531891486,0.6894400114318536,0.7923145302467562,0.2502316209240593,1.292760420909024
20261259,29,0.9,32,8,grid,8.0,0.1473612599456155,False,-1,23,1.7905770190638421,True,0.2652390764490586,1.1012130863793612,1.1053869916984136,0.4585406716106214,1.7905770190638421
20261259,29,0.9,32,8,grid,9.0,0.2249365300761397,False,-1,21,2.8072496089957966,True,1.0160389618284242,1.930471723989714,1.8914560132443792,1.1508671732804583,2.8072496089957966
20261259,29,0.9,32,8,grid,10.0,0.3433496875730229,False,-1,23,4.047265706263081,True,2.5651547657426925,4.927204996654944,5.62632451126624,3.723659699734188,4.047265706263081
20261259,29,0.9,32,8,grid,11.0,0.524098988797363,False,-1,2778,12.96303105398186,True,21.733512420628422,28.7041979302579,36.31721029063359,43007.41873440834,12.96303105398186
20261259,29,0.9,32,8,grid,12.0,0.8,True,483,-1,1000000000000.0,True,16774054.992422674,1000000000000.0,1000000000000.0,1000000000000.0,1000000000000.0
20261259,29,0.9,32,32,joint_aware,,0.061344496040986844,False,-1,38,0.9343142340505974,True,0.11417974357154408,0.42616284310375974,0.6418538851240777,0.11348387237722196,0.9343142340505974
20261259,29,0.9,32,32,correlation_blind,,0.2890855861645199,False,-1,23,79.38336141505067,True,2.686492276671693,105.33048282714545,9.223100686492923,8.863021807203856,79.38336141505067
20261259,29,0.9,32,32,delay_blind,,0.0681741968826708,False,-1,38,1.0922883426754075,True,0.14386148848042066,0.4644850925974034,0.751582647739183,0.13294025236792545,1.0922883426754075
20261259,29,0.9,32,32,mean_only,,0.5345835420861842,True,1299,-1,1000000000000.0,True,12004.681154204016,55912040.85476572,3994703658.2111173,1000000000000.0,1000000000000.0
20261259,29,0.9,32,32,worstcase_correlation,,0.056406811991134544,False,-1,38,0.8273105029273282,True,0.09524927344107403,0.39663100352550473,0.5651663617940786,0.10172834333712699,0.8273105029273282
20261259,29,0.9,32,32,grid,0.0,0.005,False,-1,262,0.058272429148951824,True,0.5405520749937087,0.3453285890132043,0.1358632517800364,0.022108091553155636,0.058272429148951824
20261259,29,0.9,32,32,grid,1.0,0.007632145998180043,False,-1,177,0.08272123161182357,True,0.3973866801873749,0.21718077389674775,0.05989555540581747,0.011408975023449713,0.08272123161182357
20261259,29,0.9,32,32,grid,2.0,0.01164993050750713,False,-1,142,0.13784834031488066,True,0.25259207709902254,0.12688053327192853,0.02761028681565712,0.02269527852403943,0.13784834031488066
20261259,29,0.9,32,32,grid,3.0,0.01778279410038923,False,-1,75,0.2233318885364889,True,0.13154267794891267,0.10672149483786537,0.05253943193166984,0.04013324247220825,0.2233318885364889
20261259,29,0.9,32,32,grid,4.0,0.027144176165949066,False,-1,63,0.3442034094638408,True,0.05993461059581034,0.1682763703833702,0.15138420127681515,0.053938971232928304,0.3442034094638408
20261259,29,0.9,32,32,grid,5.0,0.04143366309976846,False,-1,55,0.548930259272889,True,0.05399435705834067,0.29029680632173527,0.34427006207773675,0.07313406800219258,0.548930259272889
20261259,29,0.9,32,32,grid,6.0,0.0632455532033676,False,-1,38,0.9772391505895092,True,0.12204094568972328,0.43704050523300175,0.6719725000930784,0.11846151059807276,0.9772391505895092
20261259,29,0.9,32,32,grid,7.0,0.096539859156753,False,-1,31,1.7666412442643937,True,0.3115898497324924,0.6513456907401168,1.2181740499832816,0.332236260286861,1.7666412442643937
20261259,29,0.9,32,32,grid,8.0,0.1473612599456155,False,-1,25,1.9301277926190914,True,0.7292214307246335,1.5428513512663389,1.6301493592515113,2.822064581781422,1.9301277926190914
20261259,29,0.9,32,32,grid,9.0,0.2249365300761397,False,-1,23,5.190455601907944,True,1.1358912408834672,5.0455628087948465,1.8744127163633524,5.919700160094443,5.190455601907944
20261259,29,0.9,32,32,grid,10.0,0.3433496875730229,False,-1,23,171.12305836826596,True,7.4523740003909085,2904.947210857078,446.8504677509996,2028.677943818959,171.12305836826596
20261259,29,0.9,32,32,grid,11.0,0.524098988797363,True,1299,-1,1000000000000.0,True,9835.263098533535,36827820.54742753,2931446166.1019645,1000000000000.0,1000000000000.0
20261259,29,0.9,32,32,grid,12.0,0.8,True,770,-1,1000000000000.0,True,609448.512311262,21160839816.13549,1000000000000.0,1000000000000.0,1000000000000.0
20261260,30,0.0,16,8,joint_aware,,0.4363488632302189,False,-1,4,0.2963287188083983,True,0.21103053261600996,0.48858641812739767,0.30612635749100897,0.14194205862595893,0.2963287188083983
20261260,30,0.0,16,8,correlation_blind,,0.4363488632302189,False,-1,4,0.2963287188083983,True,0.21103053261600996,0.48858641812739767,0.30612635749100897,0.14194205862595893,0.2963287188083983
20261260,30,0.0,16,8,delay_blind,,0.4373927810905379,False,-1,4,0.29745803580258223,True,0.21133850732808654,0.49030566257830693,0.30691016187627546,0.14185622629217134,0.29745803580258223
20261260,30,0.0,16,8,mean_only,,4.115057114511728,True,81,-1,1000000000000.0,True,1000000000000.0,1000000000000.0,1000000000000.0,1000000000000.0,1000000000000.0
20261260,30,0.0,16,8,worstcase_correlation,,0.062108907189348216,False,-1,25,0.022848432797270387,True,0.028097479221445912,0.01369009603239096,0.03474055896024678,0.021372807156414105,0.022848432797270387
20261260,30,0.0,16,8,grid,0.0,0.005,False,-1,308,0.0015990500383622072,True,0.546646143106779,0.3577923539452228,0.14720594542235454,0.034451367885458155,0.0015990500383622072
20261260,30,0.0,16,8,grid,1.0,0.007632145998180043,False,-1,180,0.001000522731384281,True,0.41355147354987515,0.23859658999781141,0.07312865979283445,0.010215194591016061,0.001000522731384281
20261260,30,0.0,16,8,grid,2.0,0.01164993050750713,False,-1,121,0.0022102522007816827,True,0.2816901800684989,0.14325586592012995,0.031323543601845964,0.0036560266800264906,0.0022102522007816827
20261260,30,0.0,16,8,grid,3.0,0.01778279410038923,False,-1,76,0.0040580494678732,True,0.1690319370420159,0.07697681896952725,0.013432874028089127,0.005191867572686299,0.0040580494678732
20261260,30,0.0,16,8,grid,4.0,0.027144176165949066,False,-1,51,0.008370793421365623,True,0.08773007431492552,0.037166695317870875,0.009986865006930919,0.008534200931754821,0.008370793421365623
20261260,30,0.0,16,8,grid,5.0,0.04143366309976846,False,-1,36,0.015186623289988205,True,0.04122424532178669,0.0176429270271952,0.016270049565145245,0.013052868558604578,0.015186623289988205
20261260,30,0.0,16,8,grid,6.0,0.0632455532033676,False,-1,24,0.023219710332424655,True,0.028177420093754825,0.013848850418910014,0.03595546580980104,0.021916901356124042,0.023219710332424655
20261260,30,0.0,16,8,grid,7.0,0.096539859156753,False,-1,15,0.03372410624594337,True,0.043406810784830524,0.027747936284392608,0.07400143333043988,0.04139892493368799,0.03372410624594337
20261260,30,0.0,16,8,grid,8.0,0.1473612599456155,False,-1,11,0.05199705944419593,True,0.07704667056422353,0.07035867194082027,0.12307221760631347,0.07694052811224526,0.05199705944419593
20261260,30,0.0,16,8,grid,9.0,0.2249365300761397,False,-1,6,0.09372888368789327,True,0.12345968190213398,0.16507446601046735,0.1723921151437142,0.12106663963424476,0.09372888368789327
20261260,30,0.0,16,8,grid,10.0,0.3433496875730229,False,-1,5,0.19761118798636504,True,0.17901439289160925,0.33998920800893007,0.240901831978587,0.14527317681639065,0.19761118798636504
20261260,30,0.0,16,8,grid,11.0,0.524098988797363,False,-1,4,0.3904806250401399,True,0.23341830997608712,0.637197085035154,0.37494109317224,0.13355279526384636,0.3904806250401399
20261260,30,0.0,16,8,grid,12.0,0.8,False,-1,3,0.6538841756122333,True,0.28323830458050875,1.1334324037434713,0.6282548825069052,0.1188504051097641,0.6538841756122333
20261260,30,0.0,16,32,joint_aware,,0.3543562147008278,False,-1,5,0.29341795970866125,True,0.21893988008959503,0.4606741618367167,0.21976215467105376,0.1781825105942593,0.29341795970866125
20261260,30,0.0,16,32,correlation_blind,,0.3543562147008278,False,-1,5,0.29341795970866125,True,0.21893988008959503,0.4606741618367167,0.21976215467105376,0.1781825105942593,0.29341795970866125
20261260,30,0.0,16,32,delay_blind,,0.4373927810905379,False,-1,4,0.4696542898693562,True,0.252373768765629,0.6141030044757536,0.29956690664106517,0.13711409591219811,0.4696542898693562
20261260,30,0.0,16,32,mean_only,,1.2931845703348515,True,1930,3,1000000000000.0,True,27.71189070542096,410.4517959915702,1484591.9167543757,1000000000000.0,1000000000000.0
20261260,30,0.0,16,32,worstcase_correlation,,0.06012858486571272,False,-1,24,0.023198728263935018,True,0.028446373087010358,0.014301684433345493,0.03725556899779277,0.02350706241622078,0.023198728263935018
20261260,30,0.0,16,32,grid,0.0,0.005,False,-1,307,0.001573077664242748,True,0.5447780009071234,0.3562921984824416,0.14633324990108573,0.034223119484520136,0.001573077664242748
20261260,30,0.0,16,32,grid,1.0,0.007632145998180043,False,-1,180,0.0009974762809857385,True,0.4107333027534646,0.2369389999766351,0.07246514223917461,0.010142759208233376,0.0009974762809857385
20261260,30,0.0,16,32,grid,2.0,0.01164993050750713,False,-1,115,0.0022058391977877482,True,0.27811912474409,0.14176863056575334,0.03100555859553116,0.0037072641894224058,0.0022058391977877482
20261260,30,0.0,16,32,grid,3.0,0.01778279410038923,False,-1,75,0.00410529777587816,True,0.16531842483054013,0.07593280815693289,0.013519059650952944,0.005320077324732131,0.00410529777587816
20261260,30,0.0,16,32,grid,4.0,0.027144176165949066,False,-1,51,0.00861130994435564,True,0.08459665683866047,0.03667709216751165,0.010608275944365645,0.008814632273380073,0.00861130994435564
20261260,30,0.0,16,32,grid,5.0,0.04143366309976846,False,-1,34,0.01575163567319169,True,0.039448042444749434,0.01769432229144029,0.01811494279017874,0.014009811867393696,0.01575163567319169
20261260,30,0.0,16,32,grid,6.0,0.0632455532033676,False,-1,21,0.024318892776109474,True,0.02888887256764148,0.01483767383036191,0.04109330490490016,0.025492294696818456,0.024318892776109474
20261260,30,0.0,16,32,grid,7.0,0.096539859156753,False,-1,14,0.03630198828809065,True,0.04699583255600356,0.031463413358579904,0.08405580862688607,0.05350856235778284,0.03630198828809065
20261260,30,0.0,16,32,grid,8.0,0.1473612599456155,False,-1,9,0.056982498133360156,True,0.08396147763436672,0.08266056755240879,0.12925868716301445,0.10898134215216848,0.056982498133360156
20261260,30,0.0,16,32,grid,9.0,0.2249365300761397,False,-1,6,0.10916931509861211,True,0.14351768753918312,0.2057338099769182,0.1515358056998604,0.17774770843795823,0.10916931509861211
20261260,30,0.0,16,32,grid,10.0,0.3433496875730229,False,-1,5,0.27325071415756946,True,0.21415139527268204,0.43866312698696647,0.21052228233193968,0.18248007206972475,0.27325071415756946
20261260,30,0.0,16,32,grid,11.0,0.524098988797363,False,-1,4,0.7102157045768199,True,0.28821711371287634,0.7224790385359056,0.3860106255874993,0.09510614216638806,0.7102157045768199
20261260,30,0.0,16,32,grid,12.0,0.8,False,-1,3,2.45046120309883,True,0.9936572195039424,1.9440568855687395,0.5152303781646772,0.42218507894644397,2.45046120309883
20261260,30,0.0,32,8,joint_aware,,0.48450346515727244,False,-1,3,0.09673753996990056,True,0.07506428170380783,0.21492651759520023,0.3600354834757261,0.21777270212983718,0.09673753996990056
20261260,30,0.0,32,8,correlation_blind,,0.48450346515727244,False,-1,3,0.09673753996990056,True,0.07506428170380783,0.21492651759520023,0.3600354834757261,0.21777270212983718,0.09673753996990056
20261260,30,0.0,32,8,delay_blind,,0.5476125865680102,False,-1,3,0.10945722079753467,True,0.08787156577289985,0.27441310816409237,0.44206729823184016,0.2418074471583315,0.10945722079753467
20261260,30,0.0,32,8,mean_only,,2.1034893587976695,True,1204,2,1000000000000.0,True,388.5745837288075,53362.89764203591,10003539865.927359,1000000000000.0,1000000000000.0
20261260,30,0.0,32,8,worstcase_correlation,,0.061225211651951904,False,-1,23,0.017559410363284688,True,0.03149011692830573,0.008956866436373464,0.015315321729355078,0.023507723089920295,0.017559410363284688
20261260,30,0.0,32,8,grid,0.0,0.005,False,-1,291,0.003864611952727787,True,0.5396131807041744,0.33146974623144204,0.1465818302252424,0.03301834283794373,0.003864611952727787
20261260,30,0.0,32,8,grid,1.0,0.007632145998180043,False,-1,181,0.0028047560057038136,True,0.4053195029875657,0.21349307604411333,0.07572871110012948,0.00842374022234482,0.0028047560057038136
20261260,30,0.0,32,8,grid,2.0,0.01164993050750713,False,-1,121,0.004562101208569414,True,0.27402340351179905,0.12331252309333374,0.034157055542016874,0.0016448969333900236,0.004562101208569414
20261260,30,0.0,32,8,grid,3.0,0.01778279410038923,False,-1,77,0.006508716133274813,True,0.16515885993405074,0.06380584857200057,0.013816890008335959,0.0040299209934493655,0.006508716133274813
20261260,30,0.0,32,8,grid,4.0,0.027144176165949066,False,-1,52,0.008978153084445389,True,0.09057935228501185,0.029528757269839657,0.006948245087153209,0.009187146006301,0.008978153084445389
20261260,30,0.0,32,8,grid,5.0,0.04143366309976846,False,-1,37,0.01250470647720875,True,0.04892296195988417,0.013237422286762696,0.008237700591230825,0.015578302267080468,0.01250470647720875
20261260,30,0.0,32,8,grid,6.0,0.0632455532033676,False,-1,22,0.018095431379385483,True,0.030707197375841273,0.008950690244481403,0.01617001935225471,0.02431974145711023,0.018095431379385483
20261260,30,0.0,32,8,grid,7.0,0.096539859156753,False,-1,16,0.026736677927484683,True,0.02749076915435135,0.012786283376922142,0.03070493833453677,0.039000060216625304,0.026736677927484683
20261260,30,0.0,32,8,grid,8.0,0.1473612599456155,False,-1,9,0.03669374133240848,True,0.03394790654995342,0.023853777558907448,0.05068281923030368,0.06671553964391622,0.03669374133240848
20261260,30,0.0,32,8,grid,9.0,0.2249365300761397,False,-1,6,0.04749412414073341,True,0.045023655482467145,0.049257102156326296,0.08813248222727031,0.11094827673645931,0.04749412414073341
20261260,30,0.0,32,8,grid,10.0,0.3433496875730229,False,-1,4,0.06849921104104287,True,0.05591337632422712,0.11016092371117328,0.18909701336260026,0.16380880444570672,0.06849921104104287
20261260,30,0.0,32,8,grid,11.0,0.524098988797363,False,-1,3,0.10458056176890859,True,0.08270792341289557,0.251349259008505,0.4116122103385584,0.23289363024385712,0.10458056176890859
20261260,30,0.0,32,8,grid,12.0,0.8,False,-1,3,0.20868626681869168,True,0.19794943180516003,0.5188251285319037,0.6789769728169984,0.3334036077002183,0.20868626681869168
20261260,30,0.0,32,32,joint_aware,,0.2890855861645199,False,-1,5,0.06288955780022089,True,0.21781278861095477,0.15902141451698046,0.0975131631024866,0.39882208194619273,0.06288955780022089
20261260,30,0.0,32,32,correlation_blind,,0.2890855861645199,False,-1,5,0.06288955780022089,True,0.21781278861095477,0.15902141451698046,0.0975131631024866,0.39882208194619273,0.06288955780022089
20261260,30,0.0,32,32,delay_blind,,0.5476125865680102,False,-1,3,148.1258678477664,True,0.1637865234251077,3.1618304421840326,97.32368373478769,7.817496666357696,148.1258678477664
20261260,30,0.0,32,32,mean_only,,0.5345835420861842,False,-1,3,24.33201065916596,True,0.1679703916442214,2.0034060778457237,27.622331360352014,12.633709465663113,24.33201065916596
20261260,30,0.0,32,32,worstcase_correlation,,0.056406811991134544,False,-1,23,0.018926349757667847,True,0.035846075888669844,0.00934875417156579,0.017963769065751242,0.02695216117216193,0.018926349757667847
20261260,30,0.0,32,32,grid,0.0,0.005,False,-1,285,0.0038059144134010986,True,0.535034113827772,0.32757344244178704,0.14460231606799578,0.0324763017262124,0.0038059144134010986
20261260,30,0.0,32,32,grid,1.0,0.007632145998180043,False,-1,179,0.002862951944239629,True,0.3983974214590334,0.20930102131343803,0.07418915402876883,0.00818244165210007,0.002862951944239629
20261260,30,0.0,32,32,grid,2.0,0.01164993050750713,False,-1,115,0.0046912073150654765,True,0.26530622153156574,0.11964985997624668,0.03313056422306255,0.001729767649649227,0.0046912073150654765
20261260,30,0.0,32,32,grid,3.0,0.01778279410038923,False,-1,73,0.0067666786393607665,True,0.15636233761183285,0.06113971236768474,0.013230497766925482,0.004538301635521476,0.0067666786393607665
20261260,30,0.0,32,32,grid,4.0,0.027144176165949066,False,-1,50,0.009547709147753682,True,0.08388722478401245,0.02792796580692381,0.0069028757768567015,0.010492712142322651,0.009547709147753682
20261260,30,0.0,32,32,grid,5.0,0.04143366309976846,False,-1,34,0.013770691146316377,True,0.046510294251026686,0.012550920986307295,0.009686009239315188,0.01862556840194982,0.013770691146316377
20261260,30,0.0,32,32,grid,6.0,0.0632455532033676,False,-1,21,0.021644290494985806,True,0.034487806519115344,0.009605861981661289,0.02278941582189463,0.030905487983760426,0.021644290494985806
20261260,30,0.0,32,32,grid,7.0,0.096539859156753,False,-1,15,0.036168476179056615,True,0.03697547181446313,0.01653292672803802,0.04893494864944429,0.053874272543512916,0.036168476179056615
20261260,30,0.0,32,32,grid,8.0,0.1473612599456155,False,-1,9,0.04973717877893581,True,0.046851276064384016,0.03365783890359113,0.07622653513221686,0.1090622166817148,0.04973717877893581
20261260,30,0.0,32,32,grid,9.0,0.2249365300761397,False,-1,6,0.04967976673044594,True,0.08652151665681655,0.06991603216744752,0.08347113448036543,0.2393255422431399,0.04967976673044594
20261260,30,0.0,32,32,grid,10.0,0.3433496875730229,False,-1,4,0.10631767401764312,True,0.44623061576719636,0.3720351273304911,0.10745182983616698,0.5196860163624231,0.10631767401764312
20261260,30,0.0,32,32,grid,11.0,0.524098988797363,False,-1,3,3.3646900586116337,True,0.17739854306094613,1.3080297998172528,8.110574917857647,8.66216129384448,3.3646900586116337
20261260,30,0.0,32,32,grid,12.0,0.8,True,2222,3,1000000000000.0,True,18.488283544540934,329.4964163507328,201706.11348036557,6167616412.047909,1000000000000.0
20261260,30,0.9,16,8,joint_aware,,0.06793567174124356,False,-1,25,0.6267664143454813,True,0.22152195116920756,0.5172798375008546,0.6140735853623369,0.39479491009141815,0.6267664143454813
20261260,30,0.9,16,8,correlation_blind,,0.4363488632302189,False,-1,20,16.815414403871806,True,2.341313420683116,3.47035788159705,7.3727497892447476,9.379864051287809,16.815414403871806
20261260,30,0.9,16,8,delay_blind,,0.0679609250345928,False,-1,25,0.6269835819512054,True,0.22158742690797975,0.5174762376513117,0.6143146191315609,0.3949986717872662,0.6269835819512054
20261260,30,0.9,16,8,mean_only,,4.115057114511728,True,26,-1,1000000000000.0,True,1000000000000.0,1000000000000.0,1000000000000.0,1000000000000.0,1000000000000.0
20261260,30,0.9,16,8,worstcase_correlation,,0.062108907189348216,False,-1,25,0.577974224151171,True,0.20680561778847095,0.47299644069765334,0.5582410071338504,0.3512808722777642,0.577974224151171
20261260,30,0.9,16,8,grid,0.0,0.005,False,-1,364,0.060632301887770475,True,0.5793888019152633,0.3925485862790503,0.2413351540188275,0.24555680610092437,0.060632301887770475
20261260,30,0.9,16,8,grid,1.0,0.007632145998180043,False,-1,178,0.05633912705558756,True,0.45709963387963176,0.29161823785722996,0.19267339038507272,0.24282793384709692,0.05633912705558756
20261260,30,0.9,16,8,grid,2.0,0.01164993050750713,False,-1,117,0.0759330513644519,True,0.33823901144169183,0.2279122991647942,0.17323227596917357,0.24639789549180582,0.0759330513644519
20261260,30,0.9,16,8,grid,3.0,0.01778279410038923,False,-1,66,0.13430369621068694,True,0.24160889849330497,0.2127184071267042,0.18469573344077622,0.24976036878941354,0.13430369621068694
20261260,30,0.9,16,8,grid,4.0,0.027144176165949066,False,-1,31,0.24717794365934043,True,0.18186486104503113,0.24665486999739694,0.24109629338925148,0.2468397439978643,0.24717794365934043
20261260,30,0.9,16,8,grid,5.0,0.04143366309976846,False,-1,26,0.40270816084027444,True,0.16914387958956384,0.33036509722838325,0.36195140952771404,0.2572848370369086,0.40270816084027444
20261260,30,0.9,16,8,grid,6.0,0.0632455532033676,False,-1,25,0.5873224150629097,True,0.2096061288148835,0.48147762330959165,0.5691598958295708,0.359214712361302,0.5873224150629097
20261260,30,0.9,16,8,grid,7.0,0.096539859156753,False,-1,18,0.9367548924374474,True,0.2994587198655896,0.7686488720423836,0.8780517912133867,0.703176094818866,0.9367548924374474
20261260,30,0.9,16,8,grid,8.0,0.1473612599456155,False,-1,17,1.993977542323357,True,0.4474794978561758,1.3897317121942498,1.3243628101462452,1.5986415365879048,1.993977542323357
20261260,30,0.9,16,8,grid,9.0,0.2249365300761397,False,-1,11,4.76617253304676,True,0.7179839355992268,2.6386552081237564,2.138665653818893,3.5833600258495664,4.76617253304676
20261260,30,0.9,16,8,grid,10.0,0.3433496875730229,False,-1,20,10.582794436149994,True,1.3536953363608215,3.5904663892803055,3.986415966046771,6.801753959654533,10.582794436149994
20261260,30,0.9,16,8,grid,11.0,0.524098988797363,False,-1,2031,51.555113623385154,True,30.072559798577828,29.32105836754659,23.512419054137474,25.08546327500666,51.555113623385154
20261260,30,0.9,16,8,grid,12.0,0.8,True,347,-1,1000000000000.0,True,283806252.97543776,1000000000000.0,1000000000000.0,1000000000000.0,1000000000000.0
20261260,30,0.9,16,32,joint_aware,,0.06557341714513457,False,-1,25,0.6451200050611753,True,0.23195600080827244,0.5153909626827033,0.7540584726025804,0.397474999397861,0.6451200050611753
20261260,30,0.9,16,32,correlation_blind,,0.3543562147008278,False,-1,827,27.359598832538495,True,2.2431939736188653,19.493405007441655,6.972397719671429,7.666583208753388,27.359598832538495
20261260,30,0.9,16,32,delay_blind,,0.0679609250345928,False,-1,25,0.662704176407597,True,0.24016473534784671,0.535610988831137,0.7914861641793624,0.42075675708680216,0.662704176407597
20261260,30,0.9,16,32,mean_only,,1.2931845703348515,True,246,-1,1000000000000.0,True,1000000000000.0,1000000000000.0,1000000000000.0,1000000000000.0,1000000000000.0
20261260,30,0.9,16,32,worstcase_correlation,,0.06012858486571272,False,-1,24,0.6051350581791067,True,0.2137161077728205,0.4707324571194665,0.6707732155370701,0.3500614510006822,0.6051350581791067
20261260,30,0.9,16,32,grid,0.0,0.005,False,-1,363,0.06018884963136444,True,0.5757160356508001,0.38904322515859807,0.24017415268914025,0.2454999967005427,0.06018884963136444
20261260,30,0.9,16,32,grid,1.0,0.007632145998180043,False,-1,178,0.056163381884137824,True,0.45105786774078993,0.2870392511198736,0.19241614059174272,0.24271761172997358,0.056163381884137824
20261260,30,0.9,16,32,grid,2.0,0.01164993050750713,False,-1,113,0.07769028165062315,True,0.32956612874124963,0.2227093647687825,0.17472895843250502,0.24557918859224573,0.07769028165062315
20261260,30,0.9,16,32,grid,3.0,0.01778279410038923,False,-1,65,0.14306396143231997,True,0.23102259866143504,0.20754542755192798,0.19019935557317205,0.24691405872529923,0.14306396143231997
20261260,30,0.9,16,32,grid,4.0,0.027144176165949066,False,-1,29,0.27182175523267177,True,0.17167395125818616,0.24278347276974377,0.2579834986323738,0.24037836819893701,0.27182175523267177
20261260,30,0.9,16,32,grid,5.0,0.04143366309976846,False,-1,24,0.44613959531451775,True,0.16555398723529324,0.33162403320019396,0.4130008245884049,0.2511107703706362,0.44613959531451775
20261260,30,0.9,16,32,grid,6.0,0.0632455532033676,False,-1,25,0.6280670304602244,True,0.22405779203925397,0.4960535351652611,0.7180833884965474,0.37622581080460826,0.6280670304602244
20261260,30,0.9,16,32,grid,7.0,0.096539859156753,False,-1,32,0.9279075218935157,True,0.33856950439875344,0.8092684196201545,1.273218558853937,0.8091067339175592,0.9279075218935157
20261260,30,0.9,16,32,grid,8.0,0.1473612599456155,False,-1,87,2.1614108193664627,True,0.5012055967605021,1.482228147052475,2.279197555462971,2.0026142269540843,2.1614108193664627
20261260,30,0.9,16,32,grid,9.0,0.2249365300761397,False,-1,78,8.94574288682251,True,0.7670349280104566,3.771350840538311,3.8206134122698114,5.0919256016492245,8.94574288682251
20261260,30,0.9,16,32,grid,10.0,0.3433496875730229,False,-1,818,25.92006657255157,True,2.1685370240721866,17.196515386347624,6.255593291020042,7.883673978069019,25.92006657255157
20261260,30,0.9,16,32,grid,11.0,0.524098988797363,True,3527,-1,1000000000000.0,True,252.7085030711111,29190.88213976644,56.26053211848874,12976.493652832158,1000000000000.0
20261260,30,0.9,16,32,grid,12.0,0.8,True,457,-1,1000000000000.0,True,19943630.768498614,1000000000000.0,1000000000000.0,1000000000000.0,1000000000000.0
20261260,30,0.9,32,8,joint_aware,,0.06708632967038644,False,-1,25,0.647608201696424,True,0.23390195041411133,0.566961823289204,0.6258684044731854,0.36392355355420747,0.647608201696424
20261260,30,0.9,32,8,correlation_blind,,0.48450346515727244,False,-1,631,42.76827133633031,True,16.354447747357597,102.77064031150624,12.381180922517181,57.301231025134264,42.76827133633031
20261260,30,0.9,32,8,delay_blind,,0.0681741968826708,False,-1,25,0.656839658018771,True,0.23752590769712234,0.5770037887693694,0.6381557065998263,0.37291965520787657,0.656839658018771
20261260,30,0.9,32,8,mean_only,,2.1034893587976695,True,132,-1,1000000000000.0,True,1000000000000.0,1000000000000.0,1000000000000.0,1000000000000.0,1000000000000.0
20261260,30,0.9,32,8,worstcase_correlation,,0.061225211651951904,False,-1,25,0.5991967574673763,True,0.21498172846093688,0.5145251160771628,0.5602024352478288,0.31984551235726144,0.5991967574673763
20261260,30,0.9,32,8,grid,0.0,0.005,False,-1,364,0.060590388184111596,True,0.5789653246988352,0.3949428790276314,0.2365955844493115,0.23994731221920157,0.060590388184111596
20261260,30,0.9,32,8,grid,1.0,0.007632145998180043,False,-1,179,0.056678707923668525,True,0.45561185484286,0.2954492293884517,0.1852211825084009,0.234408325272709,0.056678707923668525
20261260,30,0.9,32,8,grid,2.0,0.01164993050750713,False,-1,117,0.0777017704570657,True,0.33533474661104323,0.23408649965083259,0.16253786137245577,0.23401245668911486,0.0777017704570657
20261260,30,0.9,32,8,grid,3.0,0.01778279410038923,False,-1,66,0.14015567393238954,True,0.23737380784313705,0.22240607483913793,0.1707660668517837,0.23232412142615455,0.14015567393238954
20261260,30,0.9,32,8,grid,4.0,0.027144176165949066,False,-1,30,0.26130367798080334,True,0.17727045940065664,0.26182542201972536,0.22537938880771322,0.2237208238220635,0.26130367798080334
20261260,30,0.9,32,8,grid,5.0,0.04143366309976846,False,-1,25,0.4270758819452604,True,0.1679913826548827,0.3563686971716789,0.35088569551931814,0.23033067702001345,0.4270758819452604
20261260,30,0.9,32,8,grid,6.0,0.0632455532033676,False,-1,25,0.6156979386332038,True,0.2213705494208485,0.5322884650916074,0.5827239989994253,0.3341904171389105,0.6156979386332038
20261260,30,0.9,32,8,grid,7.0,0.096539859156753,False,-1,18,0.9700022786138729,True,0.3362946400320192,0.8776263760765569,0.9650087142638935,0.6905662464833923,0.9700022786138729
20261260,30,0.9,32,8,grid,8.0,0.1473612599456155,False,-1,18,2.267035963302022,True,0.5132841946765766,1.6893952043169773,1.605494726988823,1.6359989132289128,2.267035963302022
20261260,30,0.9,32,8,grid,9.0,0.2249365300761397,False,-1,78,6.769176336517029,True,0.7792502026784389,4.16083943153195,2.847642087037215,3.7355475437382575,6.769176336517029
20261260,30,0.9,32,8,grid,10.0,0.3433496875730229,False,-1,82,16.32776744140101,True,1.3212939974642355,7.0232126829322885,6.015791076107277,8.469968745953853,16.32776744140101
20261260,30,0.9,32,8,grid,11.0,0.524098988797363,False,-1,-1,64.42196434933273,True,93.35359402191335,1005.2086486363346,13.374565831270464,52.95606457057853,64.42196434933273
20261260,30,0.9,32,8,grid,12.0,0.8,True,504,-1,1000000000000.0,True,544460.7368188786,668765675988.6824,1000000000000.0,1000000000000.0,1000000000000.0
20261260,30,0.9,32,32,joint_aware,,0.061344496040986844,False,-1,23,0.5934110401366663,True,0.26546470164699276,0.5893920290999519,0.8643611223571571,0.3482126561120388,0.5934110401366663
20261260,30,0.9,32,32,correlation_blind,,0.2890855861645199,False,-1,877,50.77603493684139,True,4.261044390396415,23.42920461829809,10.77806861768278,9.78392477380576,50.77603493684139
20261260,30,0.9,32,32,delay_blind,,0.0681741968826708,False,-1,24,0.6262206613736554,True,0.2991894814834927,0.6799925674795841,1.0355707864408201,0.4195831904117994,0.6262206613736554
20261260,30,0.9,32,32,mean_only,,0.5345835420861842,True,1050,-1,1000000000000.0,True,1221.3639342449296,3321135.7357651424,65069396061.325264,1000000000000.0,1000000000000.0
20261260,30,0.9,32,32,worstcase_correlation,,0.056406811991134544,False,-1,23,0.5660965926295539,True,0.24173053564143154,0.5318212704464856,0.7507500990714222,0.3063329691970318,0.5660965926295539
20261260,30,0.9,32,32,grid,0.0,0.005,False,-1,358,0.06038892623372671,True,0.5729955541049191,0.3890431416755914,0.2351815014621349,0.2407540221822314,0.06038892623372671
20261260,30,0.9,32,32,grid,1.0,0.007632145998180043,False,-1,177,0.057006631142240256,True,0.4461797643560853,0.28838290004170297,0.18569518586725742,0.23584775087874954,0.057006631142240256
20261260,30,0.9,32,32,grid,2.0,0.01164993050750713,False,-1,110,0.0805311521929139,True,0.32283314473700697,0.22772156343839403,0.16639515014167927,0.2359279468169169,0.0805311521929139
20261260,30,0.9,32,32,grid,3.0,0.01778279410038923,False,-1,63,0.15034397560246698,True,0.22451964761820076,0.219939152709124,0.18303046117174052,0.2338566264513336,0.15034397560246698
20261260,30,0.9,32,32,grid,4.0,0.027144176165949066,False,-1,29,0.2848234161762819,True,0.1702681517778451,0.268665098410388,0.26236634021280497,0.2227999086177951,0.2848234161762819
20261260,30,0.9,32,32,grid,5.0,0.04143366309976846,False,-1,23,0.4544896951899008,True,0.1812619102202489,0.38387160531822184,0.4604433915900472,0.23030438172052267,0.4544896951899008
20261260,30,0.9,32,32,grid,6.0,0.0632455532033676,False,-1,23,0.6030434265017359,True,0.27478526410509513,0.6132188007057439,0.9104018495963216,0.3665337682451621,0.6030434265017359
20261260,30,0.9,32,32,grid,7.0,0.096539859156753,False,-1,164,0.7909400151950111,True,0.44157152269951105,1.2325258306124898,1.896413779971081,0.862482028849759,0.7909400151950111
20261260,30,0.9,32,32,grid,8.0,0.1473612599456155,False,-1,165,2.3979485657671398,True,0.788586060339058,2.713094630315546,3.8780595696634452,2.135624456866855,2.3979485657671398
20261260,30,0.9,32,32,grid,9.0,0.2249365300761397,False,-1,232,3.7215097893113023,True,0.7784811543656011,9.204619669198422,8.382638675419745,5.311482678191062,3.7215097893113023
20261260,30,0.9,32,32,grid,10.0,0.3433496875730229,False,-1,-1,320.1009180892042,True,28.718234044474954,8.197871935300467,15.917020314734167,14.657854617876218,320.1009180892042
20261260,30,0.9,32,32,grid,11.0,0.524098988797363,True,1309,-1,1000000000000.0,True,1021.0600532493042,1926191.4310528513,13096074572.101734,1000000000000.0,1000000000000.0
20261260,30,0.9,32,32,grid,12.0,0.8,True,747,-1,1000000000000.0,True,18974.225977566155,38578232.146293655,1000000000000.0,1000000000000.0,1000000000000.0
20261261,31,0.0,16,8,joint_aware,,0.4363488632302189,False,-1,2,0.3533977899234484,True,0.3006349486578337,0.11336780832657226,0.12637167386787992,0.11330076053810204,0.3533977899234484
20261261,31,0.0,16,8,correlation_blind,,0.4363488632302189,False,-1,2,0.3533977899234484,True,0.3006349486578337,0.11336780832657226,0.12637167386787992,0.11330076053810204,0.3533977899234484
20261261,31,0.0,16,8,delay_blind,,0.4373927810905379,False,-1,2,0.3545951227802552,True,0.30147400819855885,0.11390489247515552,0.12694008015225414,0.11402944168193754,0.3545951227802552
20261261,31,0.0,16,8,mean_only,,4.115057114511728,True,90,-1,1000000000000.0,True,1000000000000.0,1000000000000.0,1000000000000.0,1000000000000.0,1000000000000.0
20261261,31,0.0,16,8,worstcase_correlation,,0.062108907189348216,False,-1,27,0.0184201897137954,True,0.08214942102085178,0.03542682622517519,0.03230986767180992,0.022490865751061802,0.0184201897137954
20261261,31,0.0,16,8,grid,0.0,0.005,False,-1,294,0.013167578944648182,True,0.5523074964969374,0.3406230423900865,0.14396205969548478,0.06717736561222547,0.013167578944648182
20261261,31,0.0,16,8,grid,1.0,0.007632145998180043,False,-1,187,0.0068232165882728514,True,0.42427669720419386,0.2262301471382651,0.08235337497423612,0.04221741392300923,0.0068232165882728514
20261261,31,0.0,16,8,grid,2.0,0.01164993050750713,False,-1,120,0.005230580847782674,True,0.30076046138029155,0.13987995014286483,0.04983787331790086,0.02918883630768575,0.005230580847782674
20261261,31,0.0,16,8,grid,3.0,0.01778279410038923,False,-1,80,0.005560923499589554,True,0.19984666671874177,0.08488593956823116,0.03400075840339836,0.025508288086703725,0.005560923499589554
20261261,31,0.0,16,8,grid,4.0,0.027144176165949066,False,-1,56,0.007437307793679496,True,0.13158265097744845,0.05494462195367121,0.028446001609273346,0.02683306485081742,0.007437307793679496
20261261,31,0.0,16,8,grid,5.0,0.04143366309976846,False,-1,40,0.01147683251700659,True,0.09451028433959004,0.04060701709103836,0.029665033005443715,0.027314601527767744,0.01147683251700659
20261261,31,0.0,16,8,grid,6.0,0.0632455532033676,False,-1,27,0.018838446572147578,True,0.08205483583533667,0.03533848300900414,0.03239577514317229,0.02213695279551443,0.018838446572147578
20261261,31,0.0,16,8,grid,7.0,0.096539859156753,False,-1,15,0.03314900066389623,True,0.09027615525070484,0.03598763398927595,0.032587658689432905,0.012283321838291285,0.03314900066389623
20261261,31,0.0,16,8,grid,8.0,0.1473612599456155,False,-1,5,0.06336222219576947,True,0.1160674976258297,0.04072234875379295,0.03033402974376622,0.006256192272932457,0.06336222219576947
20261261,31,0.0,16,8,grid,9.0,0.2249365300761397,False,-1,4,0.12712228703535233,True,0.15727776174560207,0.05017766209682858,0.03805282312885221,0.016010598480628527,0.12712228703535233
20261261,31,0.0,16,8,grid,10.0,0.3433496875730229,False,-1,3,0.24917553930376252,True,0.23049933475222395,0.07556649027711203,0.07933434991678882,0.058611841540369074,0.24917553930376252
20261261,31,0.0,16,8,grid,11.0,0.524098988797363,False,-1,2,0.4573742560627435,True,0.37392221749140414,0.16785092858792094,0.17550973223949815,0.18382820846462627,0.4573742560627435
20261261,31,0.0,16,8,grid,12.0,0.8,False,-1,2,0.8751160747691147,True,0.6081200022512155,0.45118250997924614,0.3190198257952173,0.5209915732034252,0.8751160747691147
20261261,31,0.0,16,32,joint_aware,,0.3543562147008278,False,-1,3,0.42172874776399205,True,0.17002270640452102,0.07470672879261944,0.14607776595372313,0.08079279901614357,0.42172874776399205
20261261,31,0.0,16,32,correlation_blind,,0.3543562147008278,False,-1,3,0.42172874776399205,True,0.17002270640452102,0.07470672879261944,0.14607776595372313,0.08079279901614357,0.42172874776399205
20261261,31,0.0,16,32,delay_blind,,0.4373927810905379,False,-1,2,0.608700386599582,True,0.20657037112153592,0.10986160679755712,0.2501071982813383,0.10698731801939484,0.608700386599582
20261261,31,0.0,16,32,mean_only,,1.2931845703348515,True,2147,1,1000000000000.0,True,440.1404298785566,275430.04935121594,301434.24526849744,17620027578.685688,1000000000000.0
20261261,31,0.0,16,32,worstcase_correlation,,0.06012858486571272,False,-1,27,0.018210181978266484,True,0.07845610241820782,0.03417232137338712,0.03448678836797985,0.024032363968849623,0.018210181978266484
20261261,31,0.0,16,32,grid,0.0,0.005,False,-1,294,0.013125213090018326,True,0.5504993544602648,0.33896285777831026,0.14316366377102863,0.06706052165281795,0.013125213090018326
20261261,31,0.0,16,32,grid,1.0,0.007632145998180043,False,-1,185,0.00679313144459755,True,0.4215826429374265,0.2243376798771134,0.08189074321229643,0.04218086982637229,0.00679313144459755
20261261,31,0.0,16,32,grid,2.0,0.01164993050750713,False,-1,118,0.005193519776101622,True,0.2974062216981922,0.13801618628633952,0.04976914857332539,0.02927088796140135,0.005193519776101622
20261261,31,0.0,16,32,grid,3.0,0.01778279410038923,False,-1,79,0.005501319146593668,True,0.19636869114536282,0.08320437128139242,0.03428641296745601,0.02586119969781398,0.005501319146593668
20261261,31,0.0,16,32,grid,4.0,0.027144176165949066,False,-1,55,0.007367152950976839,True,0.1282836537832207,0.053419811213192614,0.02928023753770154,0.027570158877297038,0.007367152950976839
20261261,31,0.0,16,32,grid,5.0,0.04143366309976846,False,-1,39,0.011503425833501627,True,0.09110454151509391,0.03910115553199841,0.03127888727170599,0.02832608614202625,0.011503425833501627
20261261,31,0.0,16,32,grid,6.0,0.0632455532033676,False,-1,24,0.019476176042073176,True,0.07799060365721901,0.033937495803676956,0.03483471568748428,0.023046115525847653,0.019476176042073176
20261261,31,0.0,16,32,grid,7.0,0.096539859156753,False,-1,14,0.03620981204160191,True,0.08450113312551466,0.03553918342989477,0.03541122448401927,0.013281795083167484,0.03620981204160191
20261261,31,0.0,16,32,grid,8.0,0.1473612599456155,False,-1,5,0.07523054369494624,True,0.10267916261164027,0.042623759057166005,0.03218357568089764,0.009351763277967459,0.07523054369494624
20261261,31,0.0,16,32,grid,9.0,0.2249365300761397,False,-1,4,0.1709225303540817,True,0.12279564736786942,0.05317862374714274,0.04784358329615447,0.026547930117268543,0.1709225303540817
20261261,31,0.0,16,32,grid,10.0,0.3433496875730229,False,-1,3,0.3973877555027459,True,0.16521294773716724,0.07186208711447256,0.1346273514341039,0.07640652905592596,0.3973877555027459
20261261,31,0.0,16,32,grid,11.0,0.524098988797363,False,-1,2,0.7778396735345746,True,0.24450614847493893,0.21225488871424864,0.3917060985335074,0.1307891157445219,0.7778396735345746
20261261,31,0.0,16,32,grid,12.0,0.8,False,-1,2,0.9866493530132391,True,0.8145903496927516,2.693902396119993,1.0603186341437494,0.40833757071040816,0.9866493530132391
20261261,31,0.0,32,8,joint_aware,,0.48450346515727244,False,-1,3,0.31452632886097737,True,0.08517768420694194,0.12940572356284685,0.05457580695608342,0.0725187594748043,0.31452632886097737
20261261,31,0.0,32,8,correlation_blind,,0.48450346515727244,False,-1,3,0.31452632886097737,True,0.08517768420694194,0.12940572356284685,0.05457580695608342,0.0725187594748043,0.31452632886097737
20261261,31,0.0,32,8,delay_blind,,0.5476125865680102,False,-1,2,0.37601867056387617,True,0.0929488980185811,0.17182564242442733,0.07777178012823127,0.08482331557525759,0.37601867056387617
20261261,31,0.0,32,8,mean_only,,2.1034893587976695,True,1562,1,1000000000000.0,True,2752.323901060728,572477.3094175186,721220.1177122261,1000000000000.0,1000000000000.0
20261261,31,0.0,32,8,worstcase_correlation,,0.061225211651951904,False,-1,29,0.004317379451296998,True,0.026967552466795462,0.024263997742193944,0.010372587038325444,0.019763616967847203,0.004317379451296998
20261261,31,0.0,32,8,grid,0.0,0.005,False,-1,288,0.008613404128162756,True,0.5463283857652312,0.3390936219861494,0.1334967468659389,0.04797267806635789,0.008613404128162756
20261261,31,0.0,32,8,grid,1.0,0.007632145998180043,False,-1,189,0.0035982807100447133,True,0.41479294882043627,0.22226113659530308,0.06418195174787268,0.02157332376427926,0.0035982807100447133
20261261,31,0.0,32,8,grid,2.0,0.01164993050750713,False,-1,123,0.002595060152186725,True,0.28626500705771457,0.1332893374602431,0.024922653244308233,0.011464305061760766,0.002595060152186725
20261261,31,0.0,32,8,grid,3.0,0.01778279410038923,False,-1,80,0.002609603714496719,True,0.17860240285026652,0.07555477451907862,0.006273090620953728,0.010760087732544084,0.002609603714496719
20261261,31,0.0,32,8,grid,4.0,0.027144176165949066,False,-1,55,0.002795292673978774,True,0.10144173263929587,0.042781543733121596,0.0014531835150463687,0.013429639928320861,0.002795292673978774
20261261,31,0.0,32,8,grid,5.0,0.04143366309976846,False,-1,40,0.0032618314755128316,True,0.05270711800909065,0.02710795642414218,0.004587905618151574,0.016787890640936602,0.0032618314755128316
20261261,31,0.0,32,8,grid,6.0,0.0632455532033676,False,-1,29,0.004451814252471717,True,0.025518318089424064,0.024475659442977665,0.010908361045125345,0.020030365168783378,0.004451814252471717
20261261,31,0.0,32,8,grid,7.0,0.096539859156753,False,-1,15,0.007893876348890858,True,0.014713663544160073,0.032469240539427145,0.017664238161055088,0.02463511486752979,0.007893876348890858
20261261,31,0.0,32,8,grid,8.0,0.1473612599456155,False,-1,8,0.020503531710240632,True,0.01541981247396763,0.04595333415827101,0.021455632186243696,0.03208566446873384,0.020503531710240632
20261261,31,0.0,32,8,grid,9.0,0.2249365300761397,False,-1,5,0.06193177990076363,True,0.02620304164680904,0.058538685891821846,0.0211895111539188,0.04269961615187618,0.06193177990076363
20261261,31,0.0,32,8,grid,10.0,0.3433496875730229,False,-1,4,0.1681348424986836,True,0.05416656463020637,0.07627134653210073,0.026070722840681973,0.05648681557774423,0.1681348424986836
20261261,31,0.0,32,8,grid,11.0,0.524098988797363,False,-1,2,0.3535195102514254,True,0.0905120590641335,0.15470083133823956,0.06827742155543307,0.07963736140131503,0.3535195102514254
20261261,31,0.0,32,8,grid,12.0,0.8,False,-1,1,0.6479006305809042,True,0.09781637085724144,0.3341326172895662,0.22139746546963457,0.20598158029564667,0.6479006305809042
20261261,31,0.0,32,32,joint_aware,,0.2890855861645199,False,-1,4,0.08097335536835033,True,0.027017918695595607,0.09983077447779624,0.03921700253671996,0.14716325869343874,0.08097335536835033
20261261,31,0.0,32,32,correlation_blind,,0.2890855861645199,False,-1,4,0.08097335536835033,True,0.027017918695595607,0.09983077447779624,0.03921700253671996,0.14716325869343874,0.08097335536835033
20261261,31,0.0,32,32,delay_blind,,0.5476125865680102,False,-1,2,192.89001195992,True,1.4432821181052584,1.6408958866687562,0.09396468221169806,21.308092897932692,192.89001195992
20261261,31,0.0,32,32,mean_only,,0.5345835420861842,False,-1,2,2.8113094836688584,True,1.1144092866548068,1.1945514144247544,0.11052201389205667,3.8431105839626944,2.8113094836688584
20261261,31,0.0,32,32,worstcase_correlation,,0.056406811991134544,False,-1,27,0.00459297277527361,True,0.02794117892328918,0.026461900474392595,0.011914091752598367,0.021400493672331114,0.00459297277527361
20261261,31,0.0,32,32,grid,0.0,0.005,False,-1,286,0.008529651180228772,True,0.5419480870541984,0.3353768594797847,0.13160470938521485,0.04751658639746306,0.008529651180228772
20261261,31,0.0,32,32,grid,1.0,0.007632145998180043,False,-1,185,0.0035883929150058473,True,0.40829415931933066,0.2182640964771514,0.06286092921286686,0.021338540678211178,0.0035883929150058473
20261261,31,0.0,32,32,grid,2.0,0.01164993050750713,False,-1,120,0.0026219770978630963,True,0.27832910373309205,0.12986866319022305,0.024172427041014733,0.011520988040212942,0.0026219770978630963
20261261,31,0.0,32,32,grid,3.0,0.01778279410038923,False,-1,75,0.0026544359294226995,True,0.17086039830759808,0.07328949030534765,0.0059039188854980214,0.011192662733051239,0.0026544359294226995
20261261,31,0.0,32,32,grid,4.0,0.027144176165949066,False,-1,53,0.0028957668267340256,True,0.09521158758803745,0.041664574133346635,0.0016299359958237168,0.014336878829966902,0.0028957668267340256
20261261,31,0.0,32,32,grid,5.0,0.04143366309976846,False,-1,38,0.0035958372440001597,True,0.04821571813377191,0.02732984835945823,0.005839046884556908,0.018302766658889972,0.0035958372440001597
20261261,31,0.0,32,32,grid,6.0,0.0632455532033676,False,-1,22,0.005035829583436095,True,0.023093606514105892,0.02828392171408985,0.014684162392852687,0.022848902081550295,0.005035829583436095
20261261,31,0.0,32,32,grid,7.0,0.096539859156753,False,-1,13,0.0072990172942528995,True,0.01703897016767357,0.0452089520423878,0.026212623648619704,0.0319100690069906,0.0072990172942528995
20261261,31,0.0,32,32,grid,8.0,0.1473612599456155,False,-1,7,0.014895283127004813,True,0.025439129037893256,0.07277252236672338,0.03663405152977898,0.04497171464324085,0.014895283127004813
20261261,31,0.0,32,32,grid,9.0,0.2249365300761397,False,-1,4,0.047469187069415386,True,0.022129482611957567,0.095940828816225,0.05119421020436511,0.060870699375061205,0.047469187069415386
20261261,31,0.0,32,32,grid,10.0,0.3433496875730229,False,-1,3,0.12518659835703608,True,0.04530789119106318,0.08529715244475039,0.022179828247772287,0.2982240203677831,0.12518659835703608
20261261,31,0.0,32,32,grid,11.0,0.524098988797363,False,-1,2,22.20783870598605,True,0.9056352447603171,0.9666843169984906,0.1618109016200975,0.2457268442891797,22.20783870598605
20261261,31,0.0,32,32,grid,12.0,0.8,True,2367,1,1000000000000.0,True,57.99487658529734,1874.6710199070883,87959.52957985789,26849038413.097008,1000000000000.0
20261261,31,0.9,16,8,joint_aware,,0.06793567174124356,False,-1,27,0.2671253465018709,True,0.024855244763246933,0.034690990436250325,0.378652810344097,0.3985897322508336,0.2671253465018709
20261261,31,0.9,16,8,correlation_blind,,0.4363488632302189,False,-1,112,2.5266371475082927,True,2.5961774918741396,3.0137979790958362,1.0865438582881206,8.86251419853795,2.5266371475082927
20261261,31,0.9,16,8,delay_blind,,0.0679609250345928,False,-1,27,0.26719223469397,True,0.024832257472128614,0.034669883081913336,0.37871651887532465,0.3988492844336645,0.26719223469397
20261261,31,0.9,16,8,mean_only,,4.115057114511728,True,40,-1,1000000000000.0,True,1000000000000.0,1000000000000.0,1000000000000.0,1000000000000.0,1000000000000.0
20261261,31,0.9,16,8,worstcase_correlation,,0.062108907189348216,False,-1,28,0.25173210121878636,True,0.03112255418301918,0.04019360385543851,0.3619951409592533,0.34147614240458557,0.25173210121878636
20261261,31,0.9,16,8,grid,0.0,0.005,False,-1,295,0.022373779832044298,True,0.518495840905574,0.34565612063146933,0.1348790698876034,0.05291646007060824,0.022373779832044298
20261261,31,0.9,16,8,grid,1.0,0.007632145998180043,False,-1,196,0.04897457267693392,True,0.3874869727761865,0.24732131349149056,0.06117077466379488,0.02997180434801265,0.04897457267693392
20261261,31,0.9,16,8,grid,2.0,0.01164993050750713,False,-1,118,0.07208396899373457,True,0.2650943168866417,0.18009821682247656,0.02950932130235355,0.030082688571758075,0.07208396899373457
20261261,31,0.9,16,8,grid,3.0,0.01778279410038923,False,-1,69,0.09925171660660247,True,0.1696115711137398,0.1381623617024877,0.05402387940800177,0.04864868327091407,0.09925171660660247
20261261,31,0.9,16,8,grid,4.0,0.027144176165949066,False,-1,57,0.14016280612348372,True,0.10737706855227011,0.10527594680404555,0.1399341582513787,0.09068584866931645,0.14016280612348372
20261261,31,0.9,16,8,grid,5.0,0.04143366309976846,False,-1,31,0.1930987443530237,True,0.06592131524936981,0.07106990157760583,0.2606033288245428,0.1768213878046599,0.1930987443530237
20261261,31,0.9,16,8,grid,6.0,0.0632455532033676,False,-1,27,0.2547337837661379,True,0.029757018497859507,0.039019653399012394,0.36556746246164135,0.35219320151709016,0.2547337837661379
20261261,31,0.9,16,8,grid,7.0,0.096539859156753,False,-1,24,0.34702134322946204,True,0.032099814138262066,0.024457894155418904,0.418638666944203,0.7638070000611314,0.34702134322946204
20261261,31,0.9,16,8,grid,8.0,0.1473612599456155,False,-1,19,0.5338645157490479,True,0.28113025310472967,0.06215024054757386,0.4252036566554741,1.7041879171904797,0.5338645157490479
20261261,31,0.9,16,8,grid,9.0,0.2249365300761397,False,-1,19,0.9873290552634476,True,0.8006272643230659,0.22412089020817036,0.46909488793072024,3.3676874393153975,0.9873290552634476
20261261,31,0.9,16,8,grid,10.0,0.3433496875730229,False,-1,54,1.8653242931256877,True,0.9349645528522992,0.9553314731460198,0.8026594620041415,5.875669129057381,1.8653242931256877
20261261,31,0.9,16,8,grid,11.0,0.524098988797363,False,-1,1142,3.2942042689300326,True,7.667762159276941,4.893618227291794,2.0243050221357692,16.774529090224508,3.2942042689300326
20261261,31,0.9,16,8,grid,12.0,0.8,True,229,-1,1000000000000.0,True,1000000000000.0,1000000000000.0,1000000000000.0,1000000000000.0,1000000000000.0
20261261,31,0.9,16,32,joint_aware,,0.06557341714513457,False,-1,27,0.2667772129341138,True,0.05967178762328143,0.05807029608476282,0.4248222254558659,0.36032418921114,0.2667772129341138
20261261,31,0.9,16,32,correlation_blind,,0.3543562147008278,False,-1,1980,64.52907946264884,True,52.59452739589345,1.4143803120638456,0.8740436690776088,7.347408847899925,64.52907946264884
20261261,31,0.9,16,32,delay_blind,,0.0679609250345928,False,-1,27,0.27497633005570915,True,0.06015158754594424,0.056018813940853875,0.4331962585554439,0.381274639815145,0.27497633005570915
20261261,31,0.9,16,32,mean_only,,1.2931845703348515,True,280,-1,1000000000000.0,True,17959281818.31964,1000000000000.0,1000000000000.0,1000000000000.0,1000000000000.0
20261261,31,0.9,16,32,worstcase_correlation,,0.06012858486571272,False,-1,28,0.24886288933688797,True,0.06089180535598299,0.06350021982532528,0.40283931767546877,0.31527148765550517,0.24886288933688797
20261261,31,0.9,16,32,grid,0.0,0.005,False,-1,278,0.022373307936102604,True,0.514930473474762,0.3428780944725811,0.13290869581170817,0.05218330022999661,0.022373307936102604
20261261,31,0.9,16,32,grid,1.0,0.007632145998180043,False,-1,196,0.04886202661616214,True,0.38231221386202213,0.24505715839228678,0.05922301830179909,0.029605112311964023,0.04886202661616214
20261261,31,0.9,16,32,grid,2.0,0.01164993050750713,False,-1,117,0.07153446911727464,True,0.25933673925016965,0.1804878306369582,0.028271949586833753,0.03046212298802134,0.07153446911727464
20261261,31,0.9,16,32,grid,3.0,0.01778279410038923,False,-1,68,0.09840223311338378,True,0.1662599578556059,0.14384753537975525,0.056061982485097576,0.050470801198831704,0.09840223311338378
20261261,31,0.9,16,32,grid,4.0,0.027144176165949066,False,-1,57,0.13892786058859907,True,0.11091314245134114,0.11783218618273501,0.1510050065998563,0.0951045356920692,0.13892786058859907
20261261,31,0.9,16,32,grid,5.0,0.04143366309976846,False,-1,30,0.19109210708362606,True,0.07996942332290763,0.08968360622727513,0.28821969451111995,0.18183455417393227,0.19109210708362606
20261261,31,0.9,16,32,grid,6.0,0.0632455532033676,False,-1,28,0.25899017836275673,True,0.05983977095686051,0.060265415970678506,0.4159370599208324,0.34061735810664107,0.25899017836275673
20261261,31,0.9,16,32,grid,7.0,0.096539859156753,False,-1,24,0.3905780971324615,True,0.1753016806791072,0.04789495601906463,0.49037770383394486,0.6980896074697829,0.3905780971324615
20261261,31,0.9,16,32,grid,8.0,0.1473612599456155,False,-1,19,0.7500274232733957,True,2.2056329307533553,0.1178766439744782,0.5060911854016987,1.5691219131776732,0.7500274232733957
20261261,31,0.9,16,32,grid,9.0,0.2249365300761397,False,-1,19,2.8044871001108995,True,16.521541426685584,0.5395196854370867,0.692620863721731,3.770937475993213,2.8044871001108995
20261261,31,0.9,16,32,grid,10.0,0.3433496875730229,False,-1,1980,51.467850110644704,True,50.59157283031211,1.351963263864711,0.8730987790130619,7.281748541838773,51.467850110644704
20261261,31,0.9,16,32,grid,11.0,0.524098988797363,False,-1,492,404.4488749509553,True,542.2363045495721,0.23280599874578095,163.57668676918172,56.574426003408284,404.4488749509553
20261261,31,0.9,16,32,grid,12.0,0.8,True,730,-1,1000000000000.0,True,648.6592782674572,29300059.130217187,1000000000000.0,1000000000000.0,1000000000000.0
20261261,31,0.9,32,8,joint_aware,,0.06708632967038644,False,-1,27,0.2627758268311843,True,0.026793830384004597,0.01582576507475299,0.4487277975802094,0.36883723926722933,0.2627758268311843
20261261,31,0.9,32,8,correlation_blind,,0.48450346515727244,False,-1,1961,5.718677520518526,True,341.34984270060625,585.8294410023452,6.355319554193457,25.92974877456495,5.718677520518526
20261261,31,0.9,32,8,delay_blind,,0.0681741968826708,False,-1,27,0.26629782219815284,True,0.026986338733913012,0.01503401619092823,0.452798983064964,0.37910080737875335,0.26629782219815284
20261261,31,0.9,32,8,mean_only,,2.1034893587976695,True,80,-1,1000000000000.0,True,1000000000000.0,1000000000000.0,1000000000000.0,1000000000000.0,1000000000000.0
20261261,31,0.9,32,8,worstcase_correlation,,0.061225211651951904,False,-1,28,0.24430070997830935,True,0.02800006774842749,0.020877250970103286,0.4243093629719705,0.31697789517858477,0.24430070997830935
20261261,31,0.9,32,8,grid,0.0,0.005,False,-1,276,0.02353848998188579,True,0.5120033992869268,0.33905988202986065,0.1314398068480106,0.04916758662739541,0.02353848998188579
20261261,31,0.9,32,8,grid,1.0,0.007632145998180043,False,-1,196,0.05007800387528655,True,0.3784821528788909,0.23767153308072328,0.05763181750793611,0.027711887226369712,0.05007800387528655
20261261,31,0.9,32,8,grid,2.0,0.01164993050750713,False,-1,117,0.07191016973874151,True,0.2534345077061369,0.16645962910677228,0.02833567178838344,0.029938453842875568,0.07191016973874151
20261261,31,0.9,32,8,grid,3.0,0.01778279410038923,False,-1,69,0.09700096002139134,True,0.15577619770168624,0.12012424793394313,0.05997286379776111,0.05018148372407255,0.09700096002139134
20261261,31,0.9,32,8,grid,4.0,0.027144176165949066,False,-1,57,0.13470413502084522,True,0.09255237891954386,0.08399406549849092,0.15947284471544956,0.09250735284676777,0.13470413502084522
20261261,31,0.9,32,8,grid,5.0,0.04143366309976846,False,-1,30,0.18439375034860575,True,0.05254790035712254,0.04916182569271571,0.30051832591253486,0.17457647714940902,0.18439375034860575
20261261,31,0.9,32,8,grid,6.0,0.0632455532033676,False,-1,27,0.2505793081160124,True,0.027187596406508835,0.018982835557898207,0.43322516665016897,0.3342247318288023,0.2505793081160124
20261261,31,0.9,32,8,grid,7.0,0.096539859156753,False,-1,24,0.3705240535785315,True,0.11262440257743384,0.007968803374013305,0.5229294274609626,0.7308125220904449,0.3705240535785315
20261261,31,0.9,32,8,grid,8.0,0.1473612599456155,False,-1,19,0.6581328506844976,True,1.191482574509227,0.03811265033931154,0.5617526639946118,1.7979393911010375,0.6581328506844976
20261261,31,0.9,32,8,grid,9.0,0.2249365300761397,False,-1,19,1.5698174413288608,True,5.710609329702673,0.10083972253207943,0.5430672808997214,4.2648084993744675,1.5698174413288608
20261261,31,0.9,32,8,grid,10.0,0.3433496875730229,False,-1,73,5.056864936147579,True,18.25850328177347,0.6665400658712662,0.910116458570245,9.080399607256997,5.056864936147579
20261261,31,0.9,32,8,grid,11.0,0.524098988797363,False,-1,3126,2.020343785612647,True,738.2923845898052,6837.611853160982,10.49832829090825,42.41889303551162,2.020343785612647
20261261,31,0.9,32,8,grid,12.0,0.8,True,572,-1,1000000000000.0,True,13507524.336442579,5553185196.064624,1000000000000.0,1000000000000.0,1000000000000.0
20261261,31,0.9,32,32,joint_aware,,0.061344496040986844,False,-1,28,0.18453250358029089,True,0.09819157729434025,0.049484192310968116,0.4447074372912551,0.26564754734294305,0.18453250358029089
20261261,31,0.9,32,32,correlation_blind,,0.2890855861645199,False,-1,19,9.120269595766889,True,416.3928033879035,12.601998560271774,137.86078977504283,2.897976921381199,9.120269595766889
20261261,31,0.9,32,32,delay_blind,,0.0681741968826708,False,-1,27,0.20129855380979433,True,0.1157640062790691,0.04350157021672684,0.47051153908201454,0.30351325516499084,0.20129855380979433
20261261,31,0.9,32,32,mean_only,,0.5345835420861842,True,2199,-1,1000000000000.0,True,270.3969606267628,4005.451305816625,33810599.57456264,20024064620.450714,1000000000000.0
20261261,31,0.9,32,32,worstcase_correlation,,0.056406811991134544,False,-1,29,0.17401424682945735,True,0.08971642697901451,0.054500082638954374,0.4229140722549443,0.24270993456759316,0.17401424682945735
20261261,31,0.9,32,32,grid,0.0,0.005,False,-1,274,0.02356875645910067,True,0.5058929532148968,0.33424320941528335,0.12870951758751198,0.048319727589568165,0.02356875645910067
20261261,31,0.9,32,32,grid,1.0,0.007632145998180043,False,-1,194,0.04966839089458726,True,0.36969977127263254,0.23344928170399296,0.05552584727700639,0.027388927841345903,0.04966839089458726
20261261,31,0.9,32,32,grid,2.0,0.01164993050750713,False,-1,115,0.0700109569807692,True,0.243724370188203,0.165384047150963,0.028354683937968833,0.03072276917559314,0.0700109569807692
20261261,31,0.9,32,32,grid,3.0,0.01778279410038923,False,-1,67,0.09127180550495352,True,0.15007196043088855,0.12493412130947729,0.06625010207448201,0.05377707733784264,0.09127180550495352
20261261,31,0.9,32,32,grid,4.0,0.027144176165949066,False,-1,55,0.11858772535370785,True,0.09903852035909036,0.09672614809033984,0.17771469077735455,0.10157403059234715,0.11858772535370785
20261261,31,0.9,32,32,grid,5.0,0.04143366309976846,False,-1,30,0.14787065587068032,True,0.08160453120627968,0.07182971679102164,0.32747549887028526,0.17749299953307787,0.14787065587068032
20261261,31,0.9,32,32,grid,6.0,0.0632455532033676,False,-1,28,0.18894866075119593,True,0.10236774375094686,0.04767055000815215,0.4522995794036961,0.2753304432013467,0.18894866075119593
20261261,31,0.9,32,32,grid,7.0,0.096539859156753,False,-1,24,0.2813682548017794,True,0.2568569406320017,0.07435589445567473,0.566690719458522,0.6043194778450527,0.2813682548017794
20261261,31,0.9,32,32,grid,8.0,0.1473612599456155,False,-1,19,0.4404838098915699,True,0.3872411024977157,0.44292508780794665,0.6712755173837189,1.8192601253562828,0.4404838098915699
20261261,31,0.9,32,32,grid,9.0,0.2249365300761397,False,-1,19,2.3993324837450847,True,49.984450956469175,0.6500231760842058,3.059198226778409,3.625015100568887,2.3993324837450847
20261261,31,0.9,32,32,grid,10.0,0.3433496875730229,False,-1,19,170.9833868061364,True,1482.0731491942797,155.2533411362425,1466.2579876791974,236.3973268451005,170.9833868061364
20261261,31,0.9,32,32,grid,11.0,0.524098988797363,True,2210,-1,1000000000000.0,True,316.22371048462526,4328.295146988032,19964954.06183183,13715918244.185198,1000000000000.0
20261261,31,0.9,32,32,grid,12.0,0.8,True,999,-1,1000000000000.0,True,55600.912802344465,52747476.69043981,1000000000000.0,1000000000000.0,1000000000000.0
