seed,seed_index,scenario,max_delay,policy,charged_budget,observed_messages,total_probe_cost,total_updates,finite,within_budget
20260830,0,independent,4,lyapunov_state_adaptive,15978,4886,768,2773,True,True
20260830,0,independent,4,raw_state_adaptive,15920,8720,768,1800,True,True
20260830,0,independent,4,correlation_only_adaptive,15976,4568,768,2852,True,True
20260830,0,independent,4,state_oracle,15840,14080,0,440,True,True
20260830,0,independent,4,fixed_q1_oracle_eta,16000,3200,0,3200,True,True
20260830,0,independent,4,fixed_q4_oracle_eta,16000,8000,0,2000,True,True
20260830,0,independent,4,fixed_q8_oracle_eta,15936,10624,0,1328,True,True
20260830,0,independent,4,fixed_q32_oracle_eta,15840,14080,0,440,True,True
20260830,0,global_08,4,lyapunov_state_adaptive,15968,3552,768,3104,True,True
20260830,0,global_08,4,raw_state_adaptive,15940,4836,768,2776,True,True
20260830,0,global_08,4,correlation_only_adaptive,15968,3552,768,3104,True,True
20260830,0,global_08,4,state_oracle,15960,5920,0,2510,True,True
20260830,0,global_08,4,fixed_q1_oracle_eta,16000,3200,0,3200,True,True
20260830,0,global_08,4,fixed_q4_oracle_eta,16000,8000,0,2000,True,True
20260830,0,global_08,4,fixed_q8_oracle_eta,15936,10624,0,1328,True,True
20260830,0,global_08,4,fixed_q32_oracle_eta,15840,14080,0,440,True,True
20260830,0,clustered_08,4,lyapunov_state_adaptive,15988,6348,768,2410,True,True
20260830,0,clustered_08,4,raw_state_adaptive,15990,6666,768,2331,True,True
20260830,0,clustered_08,4,correlation_only_adaptive,15988,6348,768,2410,True,True
20260830,0,clustered_08,4,state_oracle,15892,12128,0,941,True,True
20260830,0,clustered_08,4,fixed_q1_oracle_eta,16000,3200,0,3200,True,True
20260830,0,clustered_08,4,fixed_q4_oracle_eta,16000,8000,0,2000,True,True
20260830,0,clustered_08,4,fixed_q8_oracle_eta,15936,10624,0,1328,True,True
20260830,0,clustered_08,4,fixed_q32_oracle_eta,15840,14080,0,440,True,True
20260830,0,balanced_08,4,lyapunov_state_adaptive,15970,3806,768,3041,True,True
20260830,0,balanced_08,4,raw_state_adaptive,15924,7644,768,2070,True,True
20260830,0,balanced_08,4,correlation_only_adaptive,15970,3806,768,3041,True,True
20260830,0,balanced_08,4,state_oracle,15860,12720,0,785,True,True
20260830,0,balanced_08,4,fixed_q1_oracle_eta,16000,3200,0,3200,True,True
20260830,0,balanced_08,4,fixed_q4_oracle_eta,16000,8000,0,2000,True,True
20260830,0,balanced_08,4,fixed_q8_oracle_eta,15936,10624,0,1328,True,True
20260830,0,balanced_08,4,fixed_q32_oracle_eta,15840,14080,0,440,True,True
20260830,0,independent,16,lyapunov_state_adaptive,15922,10114,768,1452,True,True
20260830,0,independent,16,raw_state_adaptive,15882,11138,768,1186,True,True
20260830,0,independent,16,correlation_only_adaptive,15878,10882,768,1249,True,True
20260830,0,independent,16,state_oracle,15840,14080,0,440,True,True
20260830,0,independent,16,fixed_q1_oracle_eta,16000,3200,0,3200,True,True
20260830,0,independent,16,fixed_q4_oracle_eta,16000,8000,0,2000,True,True
20260830,0,independent,16,fixed_q8_oracle_eta,15936,10624,0,1328,True,True
20260830,0,independent,16,fixed_q32_oracle_eta,15840,14080,0,440,True,True
20260830,0,global_08,16,lyapunov_state_adaptive,15970,3806,768,3041,True,True
20260830,0,global_08,16,raw_state_adaptive,15914,6374,768,2385,True,True
20260830,0,global_08,16,correlation_only_adaptive,15970,3806,768,3041,True,True
20260830,0,global_08,16,state_oracle,15960,5920,0,2510,True,True
20260830,0,global_08,16,fixed_q1_oracle_eta,16000,3200,0,3200,True,True
20260830,0,global_08,16,fixed_q4_oracle_eta,16000,8000,0,2000,True,True
20260830,0,global_08,16,fixed_q8_oracle_eta,15936,10624,0,1328,True,True
20260830,0,global_08,16,fixed_q32_oracle_eta,15840,14080,0,440,True,True
20260830,0,clustered_08,16,lyapunov_state_adaptive,15992,6856,768,2284,True,True
20260830,0,clustered_08,16,raw_state_adaptive,15932,8916,768,1754,True,True
20260830,0,clustered_08,16,correlation_only_adaptive,15992,6856,768,2284,True,True
20260830,0,clustered_08,16,state_oracle,15920,11040,0,1220,True,True
20260830,0,clustered_08,16,fixed_q1_oracle_eta,16000,3200,0,3200,True,True
20260830,0,clustered_08,16,fixed_q4_oracle_eta,16000,8000,0,2000,True,True
20260830,0,clustered_08,16,fixed_q8_oracle_eta,15936,10624,0,1328,True,True
20260830,0,clustered_08,16,fixed_q32_oracle_eta,15840,14080,0,440,True,True
20260830,0,balanced_08,16,lyapunov_state_adaptive,15976,4632,768,2836,True,True
20260830,0,balanced_08,16,raw_state_adaptive,15946,5662,768,2571,True,True
20260830,0,balanced_08,16,correlation_only_adaptive,15982,5522,768,2615,True,True
20260830,0,balanced_08,16,state_oracle,15860,12720,0,785,True,True
20260830,0,balanced_08,16,fixed_q1_oracle_eta,16000,3200,0,3200,True,True
20260830,0,balanced_08,16,fixed_q4_oracle_eta,16000,8000,0,2000,True,True
20260830,0,balanced_08,16,fixed_q8_oracle_eta,15936,10624,0,1328,True,True
20260830,0,balanced_08,16,fixed_q32_oracle_eta,15840,14080,0,440,True,True
20260831,1,independent,4,lyapunov_state_adaptive,15890,9622,768,1567,True,True
20260831,1,independent,4,raw_state_adaptive,15828,11364,768,1116,True,True
20260831,1,independent,4,correlation_only_adaptive,15876,11768,768,1027,True,True
20260831,1,independent,4,state_oracle,15840,14080,0,440,True,True
20260831,1,independent,4,fixed_q1_oracle_eta,16000,3200,0,3200,True,True
20260831,1,independent,4,fixed_q4_oracle_eta,16000,8000,0,2000,True,True
20260831,1,independent,4,fixed_q8_oracle_eta,15936,10624,0,1328,True,True
20260831,1,independent,4,fixed_q32_oracle_eta,15840,14080,0,440,True,True
20260831,1,global_08,4,lyapunov_state_adaptive,15968,3552,768,3104,True,True
20260831,1,global_08,4,raw_state_adaptive,15968,3552,768,3104,True,True
20260831,1,global_08,4,correlation_only_adaptive,15968,3552,768,3104,True,True
20260831,1,global_08,4,state_oracle,15900,10000,0,1475,True,True
20260831,1,global_08,4,fixed_q1_oracle_eta,16000,3200,0,3200,True,True
20260831,1,global_08,4,fixed_q4_oracle_eta,16000,8000,0,2000,True,True
20260831,1,global_08,4,fixed_q8_oracle_eta,15936,10624,0,1328,True,True
20260831,1,global_08,4,fixed_q32_oracle_eta,15840,14080,0,440,True,True
20260831,1,clustered_08,4,lyapunov_state_adaptive,16000,8128,768,1968,True,True
20260831,1,clustered_08,4,raw_state_adaptive,16000,8128,768,1968,True,True
20260831,1,clustered_08,4,correlation_only_adaptive,15998,7810,768,2047,True,True
20260831,1,clustered_08,4,state_oracle,15860,13320,0,635,True,True
20260831,1,clustered_08,4,fixed_q1_oracle_eta,16000,3200,0,3200,True,True
20260831,1,clustered_08,4,fixed_q4_oracle_eta,16000,8000,0,2000,True,True
20260831,1,clustered_08,4,fixed_q8_oracle_eta,15936,10624,0,1328,True,True
20260831,1,clustered_08,4,fixed_q32_oracle_eta,15840,14080,0,440,True,True
20260831,1,balanced_08,4,lyapunov_state_adaptive,15968,3552,768,3104,True,True
20260831,1,balanced_08,4,raw_state_adaptive,15968,3552,768,3104,True,True
20260831,1,balanced_08,4,correlation_only_adaptive,15968,3552,768,3104,True,True
20260831,1,balanced_08,4,state_oracle,15900,10000,0,1475,True,True
20260831,1,balanced_08,4,fixed_q1_oracle_eta,16000,3200,0,3200,True,True
20260831,1,balanced_08,4,fixed_q4_oracle_eta,16000,8000,0,2000,True,True
20260831,1,balanced_08,4,fixed_q8_oracle_eta,15936,10624,0,1328,True,True
20260831,1,balanced_08,4,fixed_q32_oracle_eta,15840,14080,0,440,True,True
20260831,1,independent,16,lyapunov_state_adaptive,15974,4314,768,2915,True,True
20260831,1,independent,16,raw_state_adaptive,15922,8974,768,1737,True,True
20260831,1,independent,16,correlation_only_adaptive,15976,4568,768,2852,True,True
20260831,1,independent,16,state_oracle,15840,14080,0,440,True,True
20260831,1,independent,16,fixed_q1_oracle_eta,16000,3200,0,3200,True,True
20260831,1,independent,16,fixed_q4_oracle_eta,16000,8000,0,2000,True,True
20260831,1,independent,16,fixed_q8_oracle_eta,15936,10624,0,1328,True,True
20260831,1,independent,16,fixed_q32_oracle_eta,15840,14080,0,440,True,True
20260831,1,global_08,16,lyapunov_state_adaptive,15968,3552,768,3104,True,True
20260831,1,global_08,16,raw_state_adaptive,15968,3552,768,3104,True,True
20260831,1,global_08,16,correlation_only_adaptive,15968,3552,768,3104,True,True
20260831,1,global_08,16,state_oracle,15900,10000,0,1475,True,True
20260831,1,global_08,16,fixed_q1_oracle_eta,16000,3200,0,3200,True,True
20260831,1,global_08,16,fixed_q4_oracle_eta,16000,8000,0,2000,True,True
20260831,1,global_08,16,fixed_q8_oracle_eta,15936,10624,0,1328,True,True
20260831,1,global_08,16,fixed_q32_oracle_eta,15840,14080,0,440,True,True
20260831,1,clustered_08,16,lyapunov_state_adaptive,15988,6220,768,2442,True,True
20260831,1,clustered_08,16,raw_state_adaptive,15902,9946,768,1489,True,True
20260831,1,clustered_08,16,correlation_only_adaptive,15990,6538,768,2363,True,True
20260831,1,clustered_08,16,state_oracle,15860,13320,0,635,True,True
20260831,1,clustered_08,16,fixed_q1_oracle_eta,16000,3200,0,3200,True,True
20260831,1,clustered_08,16,fixed_q4_oracle_eta,16000,8000,0,2000,True,True
20260831,1,clustered_08,16,fixed_q8_oracle_eta,15936,10624,0,1328,True,True
20260831,1,clustered_08,16,fixed_q32_oracle_eta,15840,14080,0,440,True,True
20260831,1,balanced_08,16,lyapunov_state_adaptive,15978,4950,768,2757,True,True
20260831,1,balanced_08,16,raw_state_adaptive,15960,7632,768,2082,True,True
20260831,1,balanced_08,16,correlation_only_adaptive,15976,4696,768,2820,True,True
20260831,1,balanced_08,16,state_oracle,15900,10000,0,1475,True,True
20260831,1,balanced_08,16,fixed_q1_oracle_eta,16000,3200,0,3200,True,True
20260831,1,balanced_08,16,fixed_q4_oracle_eta,16000,8000,0,2000,True,True
20260831,1,balanced_08,16,fixed_q8_oracle_eta,15936,10624,0,1328,True,True
20260831,1,balanced_08,16,fixed_q32_oracle_eta,15840,14080,0,440,True,True
20260832,2,independent,4,lyapunov_state_adaptive,15950,7562,768,2097,True,True
20260832,2,independent,4,raw_state_adaptive,15916,9540,768,1594,True,True
20260832,2,independent,4,correlation_only_adaptive,15946,7054,768,2223,True,True
20260832,2,independent,4,state_oracle,15840,14080,0,440,True,True
20260832,2,independent,4,fixed_q1_oracle_eta,16000,3200,0,3200,True,True
20260832,2,independent,4,fixed_q4_oracle_eta,16000,8000,0,2000,True,True
20260832,2,independent,4,fixed_q8_oracle_eta,15936,10624,0,1328,True,True
20260832,2,independent,4,fixed_q32_oracle_eta,15840,14080,0,440,True,True
20260832,2,global_08,4,lyapunov_state_adaptive,15968,3552,768,3104,True,True
20260832,2,global_08,4,raw_state_adaptive,15940,4836,768,2776,True,True
20260832,2,global_08,4,correlation_only_adaptive,15968,3552,768,3104,True,True
20260832,2,global_08,4,state_oracle,15900,10000,0,1475,True,True
20260832,2,global_08,4,fixed_q1_oracle_eta,16000,3200,0,3200,True,True
20260832,2,global_08,4,fixed_q4_oracle_eta,16000,8000,0,2000,True,True
20260832,2,global_08,4,fixed_q8_oracle_eta,15936,10624,0,1328,True,True
20260832,2,global_08,4,fixed_q32_oracle_eta,15840,14080,0,440,True,True
20260832,2,clustered_08,4,lyapunov_state_adaptive,16000,8128,768,1968,True,True
20260832,2,clustered_08,4,raw_state_adaptive,16000,8128,768,1968,True,True
20260832,2,clustered_08,4,correlation_only_adaptive,15998,7810,768,2047,True,True
20260832,2,clustered_08,4,state_oracle,15860,13320,0,635,True,True
20260832,2,clustered_08,4,fixed_q1_oracle_eta,16000,3200,0,3200,True,True
20260832,2,clustered_08,4,fixed_q4_oracle_eta,16000,8000,0,2000,True,True
20260832,2,clustered_08,4,fixed_q8_oracle_eta,15936,10624,0,1328,True,True
20260832,2,clustered_08,4,fixed_q32_oracle_eta,15840,14080,0,440,True,True
20260832,2,balanced_08,4,lyapunov_state_adaptive,15974,4378,768,2899,True,True
20260832,2,balanced_08,4,raw_state_adaptive,15984,5648,768,2584,True,True
20260832,2,balanced_08,4,correlation_only_adaptive,15976,4632,768,2836,True,True
20260832,2,balanced_08,4,state_oracle,15860,12720,0,785,True,True
20260832,2,balanced_08,4,fixed_q1_oracle_eta,16000,3200,0,3200,True,True
20260832,2,balanced_08,4,fixed_q4_oracle_eta,16000,8000,0,2000,True,True
20260832,2,balanced_08,4,fixed_q8_oracle_eta,15936,10624,0,1328,True,True
20260832,2,balanced_08,4,fixed_q32_oracle_eta,15840,14080,0,440,True,True
20260832,2,independent,16,lyapunov_state_adaptive,15960,9152,768,1702,True,True
20260832,2,independent,16,raw_state_adaptive,15936,9552,768,1596,True,True
20260832,2,independent,16,correlation_only_adaptive,15958,8834,768,1781,True,True
20260832,2,independent,16,state_oracle,15860,13920,0,485,True,True
20260832,2,independent,16,fixed_q1_oracle_eta,16000,3200,0,3200,True,True
20260832,2,independent,16,fixed_q4_oracle_eta,16000,8000,0,2000,True,True
20260832,2,independent,16,fixed_q8_oracle_eta,15936,10624,0,1328,True,True
20260832,2,independent,16,fixed_q32_oracle_eta,15840,14080,0,440,True,True
20260832,2,global_08,16,lyapunov_state_adaptive,15968,3552,768,3104,True,True
20260832,2,global_08,16,raw_state_adaptive,15912,6120,768,2448,True,True
20260832,2,global_08,16,correlation_only_adaptive,15968,3552,768,3104,True,True
20260832,2,global_08,16,state_oracle,15880,11360,0,1130,True,True
20260832,2,global_08,16,fixed_q1_oracle_eta,16000,3200,0,3200,True,True
20260832,2,global_08,16,fixed_q4_oracle_eta,16000,8000,0,2000,True,True
20260832,2,global_08,16,fixed_q8_oracle_eta,15936,10624,0,1328,True,True
20260832,2,global_08,16,fixed_q32_oracle_eta,15840,14080,0,440,True,True
20260832,2,clustered_08,16,lyapunov_state_adaptive,15992,6856,768,2284,True,True
20260832,2,clustered_08,16,raw_state_adaptive,15962,7886,768,2019,True,True
20260832,2,clustered_08,16,correlation_only_adaptive,15994,7174,768,2205,True,True
20260832,2,clustered_08,16,state_oracle,15880,12560,0,830,True,True
20260832,2,clustered_08,16,fixed_q1_oracle_eta,16000,3200,0,3200,True,True
20260832,2,clustered_08,16,fixed_q4_oracle_eta,16000,8000,0,2000,True,True
20260832,2,clustered_08,16,fixed_q8_oracle_eta,15936,10624,0,1328,True,True
20260832,2,clustered_08,16,fixed_q32_oracle_eta,15840,14080,0,440,True,True
20260832,2,balanced_08,16,lyapunov_state_adaptive,15978,4950,768,2757,True,True
20260832,2,balanced_08,16,raw_state_adaptive,15924,7708,768,2054,True,True
20260832,2,balanced_08,16,correlation_only_adaptive,15978,4950,768,2757,True,True
20260832,2,balanced_08,16,state_oracle,15860,12720,0,785,True,True
20260832,2,balanced_08,16,fixed_q1_oracle_eta,16000,3200,0,3200,True,True
20260832,2,balanced_08,16,fixed_q4_oracle_eta,16000,8000,0,2000,True,True
20260832,2,balanced_08,16,fixed_q8_oracle_eta,15936,10624,0,1328,True,True
20260832,2,balanced_08,16,fixed_q32_oracle_eta,15840,14080,0,440,True,True
20260833,3,independent,4,lyapunov_state_adaptive,15856,12424,768,858,True,True
20260833,3,independent,4,raw_state_adaptive,15828,12568,768,815,True,True
20260833,3,independent,4,correlation_only_adaptive,15974,8746,768,1807,True,True
20260833,3,independent,4,state_oracle,15840,14080,0,440,True,True
20260833,3,independent,4,fixed_q1_oracle_eta,16000,3200,0,3200,True,True
20260833,3,independent,4,fixed_q4_oracle_eta,16000,8000,0,2000,True,True
20260833,3,independent,4,fixed_q8_oracle_eta,15936,10624,0,1328,True,True
20260833,3,independent,4,fixed_q32_oracle_eta,15840,14080,0,440,True,True
20260833,3,global_08,4,lyapunov_state_adaptive,15968,3552,768,3104,True,True
20260833,3,global_08,4,raw_state_adaptive,15912,6120,768,2448,True,True
20260833,3,global_08,4,correlation_only_adaptive,15968,3552,768,3104,True,True
20260833,3,global_08,4,state_oracle,15880,11360,0,1130,True,True
20260833,3,global_08,4,fixed_q1_oracle_eta,16000,3200,0,3200,True,True
20260833,3,global_08,4,fixed_q4_oracle_eta,16000,8000,0,2000,True,True
20260833,3,global_08,4,fixed_q8_oracle_eta,15936,10624,0,1328,True,True
20260833,3,global_08,4,fixed_q32_oracle_eta,15840,14080,0,440,True,True
20260833,3,clustered_08,4,lyapunov_state_adaptive,15994,7174,768,2205,True,True
20260833,3,clustered_08,4,raw_state_adaptive,15962,7950,768,2003,True,True
20260833,3,clustered_08,4,correlation_only_adaptive,15990,6666,768,2331,True,True
20260833,3,clustered_08,4,state_oracle,15900,11800,0,1025,True,True
20260833,3,clustered_08,4,fixed_q1_oracle_eta,16000,3200,0,3200,True,True
20260833,3,clustered_08,4,fixed_q4_oracle_eta,16000,8000,0,2000,True,True
20260833,3,clustered_08,4,fixed_q8_oracle_eta,15936,10624,0,1328,True,True
20260833,3,clustered_08,4,fixed_q32_oracle_eta,15840,14080,0,440,True,True
20260833,3,balanced_08,4,lyapunov_state_adaptive,15968,3552,768,3104,True,True
20260833,3,balanced_08,4,raw_state_adaptive,15912,6120,768,2448,True,True
20260833,3,balanced_08,4,correlation_only_adaptive,15968,3552,768,3104,True,True
20260833,3,balanced_08,4,state_oracle,15860,12720,0,785,True,True
20260833,3,balanced_08,4,fixed_q1_oracle_eta,16000,3200,0,3200,True,True
20260833,3,balanced_08,4,fixed_q4_oracle_eta,16000,8000,0,2000,True,True
20260833,3,balanced_08,4,fixed_q8_oracle_eta,15936,10624,0,1328,True,True
20260833,3,balanced_08,4,fixed_q32_oracle_eta,15840,14080,0,440,True,True
20260833,3,independent,16,lyapunov_state_adaptive,15984,8752,768,1808,True,True
20260833,3,independent,16,raw_state_adaptive,15816,12624,768,798,True,True
20260833,3,independent,16,correlation_only_adaptive,15984,8752,768,1808,True,True
20260833,3,independent,16,state_oracle,15840,14080,0,440,True,True
20260833,3,independent,16,fixed_q1_oracle_eta,16000,3200,0,3200,True,True
20260833,3,independent,16,fixed_q4_oracle_eta,16000,8000,0,2000,True,True
20260833,3,independent,16,fixed_q8_oracle_eta,15936,10624,0,1328,True,True
20260833,3,independent,16,fixed_q32_oracle_eta,15840,14080,0,440,True,True
20260833,3,global_08,16,lyapunov_state_adaptive,15964,4436,768,2882,True,True
20260833,3,global_08,16,raw_state_adaptive,15964,4436,768,2882,True,True
20260833,3,global_08,16,correlation_only_adaptive,15964,4436,768,2882,True,True
20260833,3,global_08,16,state_oracle,15900,10000,0,1475,True,True
20260833,3,global_08,16,fixed_q1_oracle_eta,16000,3200,0,3200,True,True
20260833,3,global_08,16,fixed_q4_oracle_eta,16000,8000,0,2000,True,True
20260833,3,global_08,16,fixed_q8_oracle_eta,15936,10624,0,1328,True,True
20260833,3,global_08,16,fixed_q32_oracle_eta,15840,14080,0,440,True,True
20260833,3,clustered_08,16,lyapunov_state_adaptive,15996,7556,768,2110,True,True
20260833,3,clustered_08,16,raw_state_adaptive,15996,7492,768,2126,True,True
20260833,3,clustered_08,16,correlation_only_adaptive,15996,7556,768,2110,True,True
20260833,3,clustered_08,16,state_oracle,15900,11800,0,1025,True,True
20260833,3,clustered_08,16,fixed_q1_oracle_eta,16000,3200,0,3200,True,True
20260833,3,clustered_08,16,fixed_q4_oracle_eta,16000,8000,0,2000,True,True
20260833,3,clustered_08,16,fixed_q8_oracle_eta,15936,10624,0,1328,True,True
20260833,3,clustered_08,16,fixed_q32_oracle_eta,15840,14080,0,440,True,True
20260833,3,balanced_08,16,lyapunov_state_adaptive,15976,4632,768,2836,True,True
20260833,3,balanced_08,16,raw_state_adaptive,15946,5662,768,2571,True,True
20260833,3,balanced_08,16,correlation_only_adaptive,15976,4632,768,2836,True,True
20260833,3,balanced_08,16,state_oracle,15860,12720,0,785,True,True
20260833,3,balanced_08,16,fixed_q1_oracle_eta,16000,3200,0,3200,True,True
20260833,3,balanced_08,16,fixed_q4_oracle_eta,16000,8000,0,2000,True,True
20260833,3,balanced_08,16,fixed_q8_oracle_eta,15936,10624,0,1328,True,True
20260833,3,balanced_08,16,fixed_q32_oracle_eta,15840,14080,0,440,True,True
20260834,4,independent,4,lyapunov_state_adaptive,15886,10570,768,1329,True,True
20260834,4,independent,4,raw_state_adaptive,15832,12000,768,958,True,True
20260834,4,independent,4,correlation_only_adaptive,15832,12000,768,958,True,True
20260834,4,independent,4,state_oracle,15840,14080,0,440,True,True
20260834,4,independent,4,fixed_q1_oracle_eta,16000,3200,0,3200,True,True
20260834,4,independent,4,fixed_q4_oracle_eta,16000,8000,0,2000,True,True
20260834,4,independent,4,fixed_q8_oracle_eta,15936,10624,0,1328,True,True
20260834,4,independent,4,fixed_q32_oracle_eta,15840,14080,0,440,True,True
20260834,4,global_08,4,lyapunov_state_adaptive,15972,4124,768,2962,True,True
20260834,4,global_08,4,raw_state_adaptive,15944,5408,768,2634,True,True
20260834,4,global_08,4,correlation_only_adaptive,15972,4124,768,2962,True,True
20260834,4,global_08,4,state_oracle,15960,5920,0,2510,True,True
20260834,4,global_08,4,fixed_q1_oracle_eta,16000,3200,0,3200,True,True
20260834,4,global_08,4,fixed_q4_oracle_eta,16000,8000,0,2000,True,True
20260834,4,global_08,4,fixed_q8_oracle_eta,15936,10624,0,1328,True,True
20260834,4,global_08,4,fixed_q32_oracle_eta,15840,14080,0,440,True,True
20260834,4,clustered_08,4,lyapunov_state_adaptive,15998,7810,768,2047,True,True
20260834,4,clustered_08,4,raw_state_adaptive,15966,8522,768,1861,True,True
20260834,4,clustered_08,4,correlation_only_adaptive,15998,7810,768,2047,True,True
20260834,4,clustered_08,4,state_oracle,15892,12128,0,941,True,True
20260834,4,clustered_08,4,fixed_q1_oracle_eta,16000,3200,0,3200,True,True
20260834,4,clustered_08,4,fixed_q4_oracle_eta,16000,8000,0,2000,True,True
20260834,4,clustered_08,4,fixed_q8_oracle_eta,15936,10624,0,1328,True,True
20260834,4,clustered_08,4,fixed_q32_oracle_eta,15840,14080,0,440,True,True
20260834,4,balanced_08,4,lyapunov_state_adaptive,15974,4378,768,2899,True,True
20260834,4,balanced_08,4,raw_state_adaptive,15974,4378,768,2899,True,True
20260834,4,balanced_08,4,correlation_only_adaptive,15974,4378,768,2899,True,True
20260834,4,balanced_08,4,state_oracle,15940,7280,0,2165,True,True
20260834,4,balanced_08,4,fixed_q1_oracle_eta,16000,3200,0,3200,True,True
20260834,4,balanced_08,4,fixed_q4_oracle_eta,16000,8000,0,2000,True,True
20260834,4,balanced_08,4,fixed_q8_oracle_eta,15936,10624,0,1328,True,True
20260834,4,balanced_08,4,fixed_q32_oracle_eta,15840,14080,0,440,True,True
20260834,4,independent,16,lyapunov_state_adaptive,15808,12400,768,852,True,True
20260834,4,independent,16,raw_state_adaptive,15922,7390,768,2133,True,True
20260834,4,independent,16,correlation_only_adaptive,15954,8198,768,1939,True,True
20260834,4,independent,16,state_oracle,15840,14080,0,440,True,True
20260834,4,independent,16,fixed_q1_oracle_eta,16000,3200,0,3200,True,True
20260834,4,independent,16,fixed_q4_oracle_eta,16000,8000,0,2000,True,True
20260834,4,independent,16,fixed_q8_oracle_eta,15936,10624,0,1328,True,True
20260834,4,independent,16,fixed_q32_oracle_eta,15840,14080,0,440,True,True
20260834,4,global_08,16,lyapunov_state_adaptive,15968,3552,768,3104,True,True
20260834,4,global_08,16,raw_state_adaptive,15940,4836,768,2776,True,True
20260834,4,global_08,16,correlation_only_adaptive,15968,3552,768,3104,True,True
20260834,4,global_08,16,state_oracle,15960,5920,0,2510,True,True
20260834,4,global_08,16,fixed_q1_oracle_eta,16000,3200,0,3200,True,True
20260834,4,global_08,16,fixed_q4_oracle_eta,16000,8000,0,2000,True,True
20260834,4,global_08,16,fixed_q8_oracle_eta,15936,10624,0,1328,True,True
20260834,4,global_08,16,fixed_q32_oracle_eta,15840,14080,0,440,True,True
20260834,4,clustered_08,16,lyapunov_state_adaptive,15982,5458,768,2631,True,True
20260834,4,clustered_08,16,raw_state_adaptive,15960,7568,768,2098,True,True
20260834,4,clustered_08,16,correlation_only_adaptive,15994,7174,768,2205,True,True
20260834,4,clustered_08,16,state_oracle,15900,11800,0,1025,True,True
20260834,4,clustered_08,16,fixed_q1_oracle_eta,16000,3200,0,3200,True,True
20260834,4,clustered_08,16,fixed_q4_oracle_eta,16000,8000,0,2000,True,True
20260834,4,clustered_08,16,fixed_q8_oracle_eta,15936,10624,0,1328,True,True
20260834,4,clustered_08,16,fixed_q32_oracle_eta,15840,14080,0,440,True,True
20260834,4,balanced_08,16,lyapunov_state_adaptive,15980,5268,768,2678,True,True
20260834,4,balanced_08,16,raw_state_adaptive,15924,7836,768,2022,True,True
20260834,4,balanced_08,16,correlation_only_adaptive,15980,5268,768,2678,True,True
20260834,4,balanced_08,16,state_oracle,15940,7280,0,2165,True,True
20260834,4,balanced_08,16,fixed_q1_oracle_eta,16000,3200,0,3200,True,True
20260834,4,balanced_08,16,fixed_q4_oracle_eta,16000,8000,0,2000,True,True
20260834,4,balanced_08,16,fixed_q8_oracle_eta,15936,10624,0,1328,True,True
20260834,4,balanced_08,16,fixed_q32_oracle_eta,15840,14080,0,440,True,True
20260835,5,independent,4,lyapunov_state_adaptive,15910,10994,768,1229,True,True
20260835,5,independent,4,raw_state_adaptive,15940,8760,768,1795,True,True
20260835,5,independent,4,correlation_only_adaptive,15950,8766,768,1796,True,True
20260835,5,independent,4,state_oracle,15840,14080,0,440,True,True
20260835,5,independent,4,fixed_q1_oracle_eta,16000,3200,0,3200,True,True
20260835,5,independent,4,fixed_q4_oracle_eta,16000,8000,0,2000,True,True
20260835,5,independent,4,fixed_q8_oracle_eta,15936,10624,0,1328,True,True
20260835,5,independent,4,fixed_q32_oracle_eta,15840,14080,0,440,True,True
20260835,5,global_08,4,lyapunov_state_adaptive,15968,3552,768,3104,True,True
20260835,5,global_08,4,raw_state_adaptive,15912,6120,768,2448,True,True
20260835,5,global_08,4,correlation_only_adaptive,15968,3552,768,3104,True,True
20260835,5,global_08,4,state_oracle,15880,11360,0,1130,True,True
20260835,5,global_08,4,fixed_q1_oracle_eta,16000,3200,0,3200,True,True
20260835,5,global_08,4,fixed_q4_oracle_eta,16000,8000,0,2000,True,True
20260835,5,global_08,4,fixed_q8_oracle_eta,15936,10624,0,1328,True,True
20260835,5,global_08,4,fixed_q32_oracle_eta,15840,14080,0,440,True,True
20260835,5,clustered_08,4,lyapunov_state_adaptive,15992,6856,768,2284,True,True
20260835,5,clustered_08,4,raw_state_adaptive,15994,7174,768,2205,True,True
20260835,5,clustered_08,4,correlation_only_adaptive,15994,7174,768,2205,True,True
20260835,5,clustered_08,4,state_oracle,15900,11800,0,1025,True,True
20260835,5,clustered_08,4,fixed_q1_oracle_eta,16000,3200,0,3200,True,True
20260835,5,clustered_08,4,fixed_q4_oracle_eta,16000,8000,0,2000,True,True
20260835,5,clustered_08,4,fixed_q8_oracle_eta,15936,10624,0,1328,True,True
20260835,5,clustered_08,4,fixed_q32_oracle_eta,15840,14080,0,440,True,True
20260835,5,balanced_08,4,lyapunov_state_adaptive,15970,3806,768,3041,True,True
20260835,5,balanced_08,4,raw_state_adaptive,15916,6628,768,2322,True,True
20260835,5,balanced_08,4,correlation_only_adaptive,15970,3806,768,3041,True,True
20260835,5,balanced_08,4,state_oracle,15880,11360,0,1130,True,True
20260835,5,balanced_08,4,fixed_q1_oracle_eta,16000,3200,0,3200,True,True
20260835,5,balanced_08,4,fixed_q4_oracle_eta,16000,8000,0,2000,True,True
20260835,5,balanced_08,4,fixed_q8_oracle_eta,15936,10624,0,1328,True,True
20260835,5,balanced_08,4,fixed_q32_oracle_eta,15840,14080,0,440,True,True
20260835,5,independent,16,lyapunov_state_adaptive,15892,10764,768,1282,True,True
20260835,5,independent,16,raw_state_adaptive,15776,13112,768,666,True,True
20260835,5,independent,16,correlation_only_adaptive,15800,12712,768,772,True,True
20260835,5,independent,16,state_oracle,15840,14080,0,440,True,True
20260835,5,independent,16,fixed_q1_oracle_eta,16000,3200,0,3200,True,True
20260835,5,independent,16,fixed_q4_oracle_eta,16000,8000,0,2000,True,True
20260835,5,independent,16,fixed_q8_oracle_eta,15936,10624,0,1328,True,True
20260835,5,independent,16,fixed_q32_oracle_eta,15840,14080,0,440,True,True
20260835,5,global_08,16,lyapunov_state_adaptive,15968,3552,768,3104,True,True
20260835,5,global_08,16,raw_state_adaptive,15968,3552,768,3104,True,True
20260835,5,global_08,16,correlation_only_adaptive,15968,3552,768,3104,True,True
20260835,5,global_08,16,state_oracle,15880,11360,0,1130,True,True
20260835,5,global_08,16,fixed_q1_oracle_eta,16000,3200,0,3200,True,True
20260835,5,global_08,16,fixed_q4_oracle_eta,16000,8000,0,2000,True,True
20260835,5,global_08,16,fixed_q8_oracle_eta,15936,10624,0,1328,True,True
20260835,5,global_08,16,fixed_q32_oracle_eta,15840,14080,0,440,True,True
20260835,5,clustered_08,16,lyapunov_state_adaptive,16000,8128,768,1968,True,True
20260835,5,clustered_08,16,raw_state_adaptive,15968,8840,768,1782,True,True
20260835,5,clustered_08,16,correlation_only_adaptive,16000,8128,768,1968,True,True
20260835,5,clustered_08,16,state_oracle,15880,12560,0,830,True,True
20260835,5,clustered_08,16,fixed_q1_oracle_eta,16000,3200,0,3200,True,True
20260835,5,clustered_08,16,fixed_q4_oracle_eta,16000,8000,0,2000,True,True
20260835,5,clustered_08,16,fixed_q8_oracle_eta,15936,10624,0,1328,True,True
20260835,5,clustered_08,16,fixed_q32_oracle_eta,15840,14080,0,440,True,True
20260835,5,balanced_08,16,lyapunov_state_adaptive,15968,3552,768,3104,True,True
20260835,5,balanced_08,16,raw_state_adaptive,15914,6374,768,2385,True,True
20260835,5,balanced_08,16,correlation_only_adaptive,15968,3552,768,3104,True,True
20260835,5,balanced_08,16,state_oracle,15880,11360,0,1130,True,True
20260835,5,balanced_08,16,fixed_q1_oracle_eta,16000,3200,0,3200,True,True
20260835,5,balanced_08,16,fixed_q4_oracle_eta,16000,8000,0,2000,True,True
20260835,5,balanced_08,16,fixed_q8_oracle_eta,15936,10624,0,1328,True,True
20260835,5,balanced_08,16,fixed_q32_oracle_eta,15840,14080,0,440,True,True
20260836,6,independent,4,lyapunov_state_adaptive,15892,11144,768,1187,True,True
20260836,6,independent,4,raw_state_adaptive,15916,10744,768,1293,True,True
20260836,6,independent,4,correlation_only_adaptive,15924,10432,768,1373,True,True
20260836,6,independent,4,state_oracle,15840,14080,0,440,True,True
20260836,6,independent,4,fixed_q1_oracle_eta,16000,3200,0,3200,True,True
20260836,6,independent,4,fixed_q4_oracle_eta,16000,8000,0,2000,True,True
20260836,6,independent,4,fixed_q8_oracle_eta,15936,10624,0,1328,True,True
20260836,6,independent,4,fixed_q32_oracle_eta,15840,14080,0,440,True,True
20260836,6,global_08,4,lyapunov_state_adaptive,15968,3552,768,3104,True,True
20260836,6,global_08,4,raw_state_adaptive,15940,4836,768,2776,True,True
20260836,6,global_08,4,correlation_only_adaptive,15968,3552,768,3104,True,True
20260836,6,global_08,4,state_oracle,15920,8640,0,1820,True,True
20260836,6,global_08,4,fixed_q1_oracle_eta,16000,3200,0,3200,True,True
20260836,6,global_08,4,fixed_q4_oracle_eta,16000,8000,0,2000,True,True
20260836,6,global_08,4,fixed_q8_oracle_eta,15936,10624,0,1328,True,True
20260836,6,global_08,4,fixed_q32_oracle_eta,15840,14080,0,440,True,True
20260836,6,clustered_08,4,lyapunov_state_adaptive,15984,5776,768,2552,True,True
20260836,6,clustered_08,4,raw_state_adaptive,15968,8840,768,1782,True,True
20260836,6,clustered_08,4,correlation_only_adaptive,15984,5776,768,2552,True,True
20260836,6,clustered_08,4,state_oracle,15860,13320,0,635,True,True
20260836,6,clustered_08,4,fixed_q1_oracle_eta,16000,3200,0,3200,True,True
20260836,6,clustered_08,4,fixed_q4_oracle_eta,16000,8000,0,2000,True,True
20260836,6,clustered_08,4,fixed_q8_oracle_eta,15936,10624,0,1328,True,True
20260836,6,clustered_08,4,fixed_q32_oracle_eta,15840,14080,0,440,True,True
20260836,6,balanced_08,4,lyapunov_state_adaptive,15976,4632,768,2836,True,True
20260836,6,balanced_08,4,raw_state_adaptive,15978,4886,768,2773,True,True
20260836,6,balanced_08,4,correlation_only_adaptive,15978,4886,768,2773,True,True
20260836,6,balanced_08,4,state_oracle,15920,8640,0,1820,True,True
20260836,6,balanced_08,4,fixed_q1_oracle_eta,16000,3200,0,3200,True,True
20260836,6,balanced_08,4,fixed_q4_oracle_eta,16000,8000,0,2000,True,True
20260836,6,balanced_08,4,fixed_q8_oracle_eta,15936,10624,0,1328,True,True
20260836,6,balanced_08,4,fixed_q32_oracle_eta,15840,14080,0,440,True,True
20260836,6,independent,16,lyapunov_state_adaptive,15966,9058,768,1727,True,True
20260836,6,independent,16,raw_state_adaptive,15918,9858,768,1515,True,True
20260836,6,independent,16,correlation_only_adaptive,15988,7804,768,2046,True,True
20260836,6,independent,16,state_oracle,15840,14080,0,440,True,True
20260836,6,independent,16,fixed_q1_oracle_eta,16000,3200,0,3200,True,True
20260836,6,independent,16,fixed_q4_oracle_eta,16000,8000,0,2000,True,True
20260836,6,independent,16,fixed_q8_oracle_eta,15936,10624,0,1328,True,True
20260836,6,independent,16,fixed_q32_oracle_eta,15840,14080,0,440,True,True
20260836,6,global_08,16,lyapunov_state_adaptive,15968,3552,768,3104,True,True
20260836,6,global_08,16,raw_state_adaptive,15940,4836,768,2776,True,True
20260836,6,global_08,16,correlation_only_adaptive,15968,3552,768,3104,True,True
20260836,6,global_08,16,state_oracle,15920,8640,0,1820,True,True
20260836,6,global_08,16,fixed_q1_oracle_eta,16000,3200,0,3200,True,True
20260836,6,global_08,16,fixed_q4_oracle_eta,16000,8000,0,2000,True,True
20260836,6,global_08,16,fixed_q8_oracle_eta,15936,10624,0,1328,True,True
20260836,6,global_08,16,fixed_q32_oracle_eta,15840,14080,0,440,True,True
20260836,6,clustered_08,16,lyapunov_state_adaptive,15992,6920,768,2268,True,True
20260836,6,clustered_08,16,raw_state_adaptive,15960,7632,768,2082,True,True
20260836,6,clustered_08,16,correlation_only_adaptive,15992,6920,768,2268,True,True
20260836,6,clustered_08,16,state_oracle,15880,12560,0,830,True,True
20260836,6,clustered_08,16,fixed_q1_oracle_eta,16000,3200,0,3200,True,True
20260836,6,clustered_08,16,fixed_q4_oracle_eta,16000,8000,0,2000,True,True
20260836,6,clustered_08,16,fixed_q8_oracle_eta,15936,10624,0,1328,True,True
20260836,6,clustered_08,16,fixed_q32_oracle_eta,15840,14080,0,440,True,True
20260836,6,balanced_08,16,lyapunov_state_adaptive,15972,4124,768,2962,True,True
20260836,6,balanced_08,16,raw_state_adaptive,15916,6692,768,2306,True,True
20260836,6,balanced_08,16,correlation_only_adaptive,15972,4124,768,2962,True,True
20260836,6,balanced_08,16,state_oracle,15920,8640,0,1820,True,True
20260836,6,balanced_08,16,fixed_q1_oracle_eta,16000,3200,0,3200,True,True
20260836,6,balanced_08,16,fixed_q4_oracle_eta,16000,8000,0,2000,True,True
20260836,6,balanced_08,16,fixed_q8_oracle_eta,15936,10624,0,1328,True,True
20260836,6,balanced_08,16,fixed_q32_oracle_eta,15840,14080,0,440,True,True
20260837,7,independent,4,lyapunov_state_adaptive,15988,6284,768,2426,True,True
20260837,7,independent,4,raw_state_adaptive,15968,8996,768,1743,True,True
20260837,7,independent,4,correlation_only_adaptive,15988,6284,768,2426,True,True
20260837,7,independent,4,state_oracle,15840,14080,0,440,True,True
20260837,7,independent,4,fixed_q1_oracle_eta,16000,3200,0,3200,True,True
20260837,7,independent,4,fixed_q4_oracle_eta,16000,8000,0,2000,True,True
20260837,7,independent,4,fixed_q8_oracle_eta,15936,10624,0,1328,True,True
20260837,7,independent,4,fixed_q32_oracle_eta,15840,14080,0,440,True,True
20260837,7,global_08,4,lyapunov_state_adaptive,15970,3806,768,3041,True,True
20260837,7,global_08,4,raw_state_adaptive,15912,6120,768,2448,True,True
20260837,7,global_08,4,correlation_only_adaptive,15970,3806,768,3041,True,True
20260837,7,global_08,4,state_oracle,15880,11360,0,1130,True,True
20260837,7,global_08,4,fixed_q1_oracle_eta,16000,3200,0,3200,True,True
20260837,7,global_08,4,fixed_q4_oracle_eta,16000,8000,0,2000,True,True
20260837,7,global_08,4,fixed_q8_oracle_eta,15936,10624,0,1328,True,True
20260837,7,global_08,4,fixed_q32_oracle_eta,15840,14080,0,440,True,True
20260837,7,clustered_08,4,lyapunov_state_adaptive,15996,7492,768,2126,True,True
20260837,7,clustered_08,4,raw_state_adaptive,15964,8204,768,1940,True,True
20260837,7,clustered_08,4,correlation_only_adaptive,15996,7492,768,2126,True,True
20260837,7,clustered_08,4,state_oracle,15920,11040,0,1220,True,True
20260837,7,clustered_08,4,fixed_q1_oracle_eta,16000,3200,0,3200,True,True
20260837,7,clustered_08,4,fixed_q4_oracle_eta,16000,8000,0,2000,True,True
20260837,7,clustered_08,4,fixed_q8_oracle_eta,15936,10624,0,1328,True,True
20260837,7,clustered_08,4,fixed_q32_oracle_eta,15840,14080,0,440,True,True
20260837,7,balanced_08,4,lyapunov_state_adaptive,15980,5268,768,2678,True,True
20260837,7,balanced_08,4,raw_state_adaptive,15980,5268,768,2678,True,True
20260837,7,balanced_08,4,correlation_only_adaptive,15980,5268,768,2678,True,True
20260837,7,balanced_08,4,state_oracle,15900,10000,0,1475,True,True
20260837,7,balanced_08,4,fixed_q1_oracle_eta,16000,3200,0,3200,True,True
20260837,7,balanced_08,4,fixed_q4_oracle_eta,16000,8000,0,2000,True,True
20260837,7,balanced_08,4,fixed_q8_oracle_eta,15936,10624,0,1328,True,True
20260837,7,balanced_08,4,fixed_q32_oracle_eta,15840,14080,0,440,True,True
20260837,7,independent,16,lyapunov_state_adaptive,15974,7162,768,2203,True,True
20260837,7,independent,16,raw_state_adaptive,15938,8822,768,1779,True,True
20260837,7,independent,16,correlation_only_adaptive,15968,6336,768,2408,True,True
20260837,7,independent,16,state_oracle,15840,14080,0,440,True,True
20260837,7,independent,16,fixed_q1_oracle_eta,16000,3200,0,3200,True,True
20260837,7,independent,16,fixed_q4_oracle_eta,16000,8000,0,2000,True,True
20260837,7,independent,16,fixed_q8_oracle_eta,15936,10624,0,1328,True,True
20260837,7,independent,16,fixed_q32_oracle_eta,15840,14080,0,440,True,True
20260837,7,global_08,16,lyapunov_state_adaptive,15968,3552,768,3104,True,True
20260837,7,global_08,16,raw_state_adaptive,15968,3552,768,3104,True,True
20260837,7,global_08,16,correlation_only_adaptive,15968,3552,768,3104,True,True
20260837,7,global_08,16,state_oracle,15880,11360,0,1130,True,True
20260837,7,global_08,16,fixed_q1_oracle_eta,16000,3200,0,3200,True,True
20260837,7,global_08,16,fixed_q4_oracle_eta,16000,8000,0,2000,True,True
20260837,7,global_08,16,fixed_q8_oracle_eta,15936,10624,0,1328,True,True
20260837,7,global_08,16,fixed_q32_oracle_eta,15840,14080,0,440,True,True
20260837,7,clustered_08,16,lyapunov_state_adaptive,15992,6856,768,2284,True,True
20260837,7,clustered_08,16,raw_state_adaptive,15996,7556,768,2110,True,True
20260837,7,clustered_08,16,correlation_only_adaptive,15996,7556,768,2110,True,True
20260837,7,clustered_08,16,state_oracle,15932,10608,0,1331,True,True
20260837,7,clustered_08,16,fixed_q1_oracle_eta,16000,3200,0,3200,True,True
20260837,7,clustered_08,16,fixed_q4_oracle_eta,16000,8000,0,2000,True,True
20260837,7,clustered_08,16,fixed_q8_oracle_eta,15936,10624,0,1328,True,True
20260837,7,clustered_08,16,fixed_q32_oracle_eta,15840,14080,0,440,True,True
20260837,7,balanced_08,16,lyapunov_state_adaptive,15972,4124,768,2962,True,True
20260837,7,balanced_08,16,raw_state_adaptive,15916,6692,768,2306,True,True
20260837,7,balanced_08,16,correlation_only_adaptive,15972,4124,768,2962,True,True
20260837,7,balanced_08,16,state_oracle,15900,10000,0,1475,True,True
20260837,7,balanced_08,16,fixed_q1_oracle_eta,16000,3200,0,3200,True,True
20260837,7,balanced_08,16,fixed_q4_oracle_eta,16000,8000,0,2000,True,True
20260837,7,balanced_08,16,fixed_q8_oracle_eta,15936,10624,0,1328,True,True
20260837,7,balanced_08,16,fixed_q32_oracle_eta,15840,14080,0,440,True,True
20260838,8,independent,4,lyapunov_state_adaptive,15866,10022,768,1461,True,True
20260838,8,independent,4,raw_state_adaptive,15966,8522,768,1861,True,True
20260838,8,independent,4,correlation_only_adaptive,15866,10022,768,1461,True,True
20260838,8,independent,4,state_oracle,15840,14080,0,440,True,True
20260838,8,independent,4,fixed_q1_oracle_eta,16000,3200,0,3200,True,True
20260838,8,independent,4,fixed_q4_oracle_eta,16000,8000,0,2000,True,True
20260838,8,independent,4,fixed_q8_oracle_eta,15936,10624,0,1328,True,True
20260838,8,independent,4,fixed_q32_oracle_eta,15840,14080,0,440,True,True
20260838,8,global_08,4,lyapunov_state_adaptive,15968,3552,768,3104,True,True
20260838,8,global_08,4,raw_state_adaptive,15968,3552,768,3104,True,True
20260838,8,global_08,4,correlation_only_adaptive,15968,3552,768,3104,True,True
20260838,8,global_08,4,state_oracle,15900,10000,0,1475,True,True
20260838,8,global_08,4,fixed_q1_oracle_eta,16000,3200,0,3200,True,True
20260838,8,global_08,4,fixed_q4_oracle_eta,16000,8000,0,2000,True,True
20260838,8,global_08,4,fixed_q8_oracle_eta,15936,10624,0,1328,True,True
20260838,8,global_08,4,fixed_q32_oracle_eta,15840,14080,0,440,True,True
20260838,8,clustered_08,4,lyapunov_state_adaptive,15980,5140,768,2710,True,True
20260838,8,clustered_08,4,raw_state_adaptive,15952,6424,768,2382,True,True
20260838,8,clustered_08,4,correlation_only_adaptive,15992,6920,768,2268,True,True
20260838,8,clustered_08,4,state_oracle,15900,11800,0,1025,True,True
20260838,8,clustered_08,4,fixed_q1_oracle_eta,16000,3200,0,3200,True,True
20260838,8,clustered_08,4,fixed_q4_oracle_eta,16000,8000,0,2000,True,True
20260838,8,clustered_08,4,fixed_q8_oracle_eta,15936,10624,0,1328,True,True
20260838,8,clustered_08,4,fixed_q32_oracle_eta,15840,14080,0,440,True,True
20260838,8,balanced_08,4,lyapunov_state_adaptive,15968,3552,768,3104,True,True
20260838,8,balanced_08,4,raw_state_adaptive,15940,4836,768,2776,True,True
20260838,8,balanced_08,4,correlation_only_adaptive,15968,3552,768,3104,True,True
20260838,8,balanced_08,4,state_oracle,15880,11360,0,1130,True,True
20260838,8,balanced_08,4,fixed_q1_oracle_eta,16000,3200,0,3200,True,True
20260838,8,balanced_08,4,fixed_q4_oracle_eta,16000,8000,0,2000,True,True
20260838,8,balanced_08,4,fixed_q8_oracle_eta,15936,10624,0,1328,True,True
20260838,8,balanced_08,4,fixed_q32_oracle_eta,15840,14080,0,440,True,True
20260838,8,independent,16,lyapunov_state_adaptive,15928,8280,768,1912,True,True
20260838,8,independent,16,raw_state_adaptive,15896,10196,768,1425,True,True
20260838,8,independent,16,correlation_only_adaptive,15928,8280,768,1912,True,True
20260838,8,independent,16,state_oracle,15840,14080,0,440,True,True
20260838,8,independent,16,fixed_q1_oracle_eta,16000,3200,0,3200,True,True
20260838,8,independent,16,fixed_q4_oracle_eta,16000,8000,0,2000,True,True
20260838,8,independent,16,fixed_q8_oracle_eta,15936,10624,0,1328,True,True
20260838,8,independent,16,fixed_q32_oracle_eta,15840,14080,0,440,True,True
20260838,8,global_08,16,lyapunov_state_adaptive,15968,3552,768,3104,True,True
20260838,8,global_08,16,raw_state_adaptive,15940,4836,768,2776,True,True
20260838,8,global_08,16,correlation_only_adaptive,15968,3552,768,3104,True,True
20260838,8,global_08,16,state_oracle,15900,10000,0,1475,True,True
20260838,8,global_08,16,fixed_q1_oracle_eta,16000,3200,0,3200,True,True
20260838,8,global_08,16,fixed_q4_oracle_eta,16000,8000,0,2000,True,True
20260838,8,global_08,16,fixed_q8_oracle_eta,15936,10624,0,1328,True,True
20260838,8,global_08,16,fixed_q32_oracle_eta,15840,14080,0,440,True,True
20260838,8,clustered_08,16,lyapunov_state_adaptive,15984,5712,768,2568,True,True
20260838,8,clustered_08,16,raw_state_adaptive,15956,7060,768,2224,True,True
20260838,8,clustered_08,16,correlation_only_adaptive,15980,5140,768,2710,True,True
20260838,8,clustered_08,16,state_oracle,15880,12560,0,830,True,True
20260838,8,clustered_08,16,fixed_q1_oracle_eta,16000,3200,0,3200,True,True
20260838,8,clustered_08,16,fixed_q4_oracle_eta,16000,8000,0,2000,True,True
20260838,8,clustered_08,16,fixed_q8_oracle_eta,15936,10624,0,1328,True,True
20260838,8,clustered_08,16,fixed_q32_oracle_eta,15840,14080,0,440,True,True
20260838,8,balanced_08,16,lyapunov_state_adaptive,15970,3806,768,3041,True,True
20260838,8,balanced_08,16,raw_state_adaptive,15948,5916,768,2508,True,True
20260838,8,balanced_08,16,correlation_only_adaptive,15970,3806,768,3041,True,True
20260838,8,balanced_08,16,state_oracle,15880,11360,0,1130,True,True
20260838,8,balanced_08,16,fixed_q1_oracle_eta,16000,3200,0,3200,True,True
20260838,8,balanced_08,16,fixed_q4_oracle_eta,16000,8000,0,2000,True,True
20260838,8,balanced_08,16,fixed_q8_oracle_eta,15936,10624,0,1328,True,True
20260838,8,balanced_08,16,fixed_q32_oracle_eta,15840,14080,0,440,True,True
20260839,9,independent,4,lyapunov_state_adaptive,15890,8230,768,1915,True,True
20260839,9,independent,4,raw_state_adaptive,15892,8420,768,1868,True,True
20260839,9,independent,4,correlation_only_adaptive,15920,7200,768,2180,True,True
20260839,9,independent,4,state_oracle,15840,14080,0,440,True,True
20260839,9,independent,4,fixed_q1_oracle_eta,16000,3200,0,3200,True,True
20260839,9,independent,4,fixed_q4_oracle_eta,16000,8000,0,2000,True,True
20260839,9,independent,4,fixed_q8_oracle_eta,15936,10624,0,1328,True,True
20260839,9,independent,4,fixed_q32_oracle_eta,15840,14080,0,440,True,True
20260839,9,global_08,4,lyapunov_state_adaptive,15968,3552,768,3104,True,True
20260839,9,global_08,4,raw_state_adaptive,15940,4836,768,2776,True,True
20260839,9,global_08,4,correlation_only_adaptive,15968,3552,768,3104,True,True
20260839,9,global_08,4,state_oracle,15920,8640,0,1820,True,True
20260839,9,global_08,4,fixed_q1_oracle_eta,16000,3200,0,3200,True,True
20260839,9,global_08,4,fixed_q4_oracle_eta,16000,8000,0,2000,True,True
20260839,9,global_08,4,fixed_q8_oracle_eta,15936,10624,0,1328,True,True
20260839,9,global_08,4,fixed_q32_oracle_eta,15840,14080,0,440,True,True
20260839,9,clustered_08,4,lyapunov_state_adaptive,15992,6920,768,2268,True,True
20260839,9,clustered_08,4,raw_state_adaptive,15958,7314,768,2161,True,True
20260839,9,clustered_08,4,correlation_only_adaptive,15992,6920,768,2268,True,True
20260839,9,clustered_08,4,state_oracle,15920,11040,0,1220,True,True
20260839,9,clustered_08,4,fixed_q1_oracle_eta,16000,3200,0,3200,True,True
20260839,9,clustered_08,4,fixed_q4_oracle_eta,16000,8000,0,2000,True,True
20260839,9,clustered_08,4,fixed_q8_oracle_eta,15936,10624,0,1328,True,True
20260839,9,clustered_08,4,fixed_q32_oracle_eta,15840,14080,0,440,True,True
20260839,9,balanced_08,4,lyapunov_state_adaptive,15968,3552,768,3104,True,True
20260839,9,balanced_08,4,raw_state_adaptive,15974,4314,768,2915,True,True
20260839,9,balanced_08,4,correlation_only_adaptive,15968,3552,768,3104,True,True
20260839,9,balanced_08,4,state_oracle,15920,8640,0,1820,True,True
20260839,9,balanced_08,4,fixed_q1_oracle_eta,16000,3200,0,3200,True,True
20260839,9,balanced_08,4,fixed_q4_oracle_eta,16000,8000,0,2000,True,True
20260839,9,balanced_08,4,fixed_q8_oracle_eta,15936,10624,0,1328,True,True
20260839,9,balanced_08,4,fixed_q32_oracle_eta,15840,14080,0,440,True,True
20260839,9,independent,16,lyapunov_state_adaptive,15804,11764,768,1010,True,True
20260839,9,independent,16,raw_state_adaptive,15804,11764,768,1010,True,True
20260839,9,independent,16,correlation_only_adaptive,15804,11764,768,1010,True,True
20260839,9,independent,16,state_oracle,15840,14080,0,440,True,True
20260839,9,independent,16,fixed_q1_oracle_eta,16000,3200,0,3200,True,True
20260839,9,independent,16,fixed_q4_oracle_eta,16000,8000,0,2000,True,True
20260839,9,independent,16,fixed_q8_oracle_eta,15936,10624,0,1328,True,True
20260839,9,independent,16,fixed_q32_oracle_eta,15840,14080,0,440,True,True
20260839,9,global_08,16,lyapunov_state_adaptive,15968,3552,768,3104,True,True
20260839,9,global_08,16,raw_state_adaptive,15940,4836,768,2776,True,True
20260839,9,global_08,16,correlation_only_adaptive,15968,3552,768,3104,True,True
20260839,9,global_08,16,state_oracle,15920,8640,0,1820,True,True
20260839,9,global_08,16,fixed_q1_oracle_eta,16000,3200,0,3200,True,True
20260839,9,global_08,16,fixed_q4_oracle_eta,16000,8000,0,2000,True,True
20260839,9,global_08,16,fixed_q8_oracle_eta,15936,10624,0,1328,True,True
20260839,9,global_08,16,fixed_q32_oracle_eta,15840,14080,0,440,True,True
20260839,9,clustered_08,16,lyapunov_state_adaptive,16000,8128,768,1968,True,True
20260839,9,clustered_08,16,raw_state_adaptive,15936,9552,768,1596,True,True
20260839,9,clustered_08,16,correlation_only_adaptive,16000,8128,768,1968,True,True
20260839,9,clustered_08,16,state_oracle,15920,11040,0,1220,True,True
20260839,9,clustered_08,16,fixed_q1_oracle_eta,16000,3200,0,3200,True,True
20260839,9,clustered_08,16,fixed_q4_oracle_eta,16000,8000,0,2000,True,True
20260839,9,clustered_08,16,fixed_q8_oracle_eta,15936,10624,0,1328,True,True
20260839,9,clustered_08,16,fixed_q32_oracle_eta,15840,14080,0,440,True,True
20260839,9,balanced_08,16,lyapunov_state_adaptive,15976,4632,768,2836,True,True
20260839,9,balanced_08,16,raw_state_adaptive,15978,4886,768,2773,True,True
20260839,9,balanced_08,16,correlation_only_adaptive,15976,4632,768,2836,True,True
20260839,9,balanced_08,16,state_oracle,15920,8640,0,1820,True,True
20260839,9,balanced_08,16,fixed_q1_oracle_eta,16000,3200,0,3200,True,True
20260839,9,balanced_08,16,fixed_q4_oracle_eta,16000,8000,0,2000,True,True
20260839,9,balanced_08,16,fixed_q8_oracle_eta,15936,10624,0,1328,True,True
20260839,9,balanced_08,16,fixed_q32_oracle_eta,15840,14080,0,440,True,True
20260840,10,independent,4,lyapunov_state_adaptive,15800,12712,768,772,True,True
20260840,10,independent,4,raw_state_adaptive,15956,6932,768,2256,True,True
20260840,10,independent,4,correlation_only_adaptive,15954,6614,768,2335,True,True
20260840,10,independent,4,state_oracle,15840,14080,0,440,True,True
20260840,10,independent,4,fixed_q1_oracle_eta,16000,3200,0,3200,True,True
20260840,10,independent,4,fixed_q4_oracle_eta,16000,8000,0,2000,True,True
20260840,10,independent,4,fixed_q8_oracle_eta,15936,10624,0,1328,True,True
20260840,10,independent,4,fixed_q32_oracle_eta,15840,14080,0,440,True,True
20260840,10,global_08,4,lyapunov_state_adaptive,15968,3552,768,3104,True,True
20260840,10,global_08,4,raw_state_adaptive,15940,4836,768,2776,True,True
20260840,10,global_08,4,correlation_only_adaptive,15968,3552,768,3104,True,True
20260840,10,global_08,4,state_oracle,15900,10000,0,1475,True,True
20260840,10,global_08,4,fixed_q1_oracle_eta,16000,3200,0,3200,True,True
20260840,10,global_08,4,fixed_q4_oracle_eta,16000,8000,0,2000,True,True
20260840,10,global_08,4,fixed_q8_oracle_eta,15936,10624,0,1328,True,True
20260840,10,global_08,4,fixed_q32_oracle_eta,15840,14080,0,440,True,True
20260840,10,clustered_08,4,lyapunov_state_adaptive,16000,8128,768,1968,True,True
20260840,10,clustered_08,4,raw_state_adaptive,15936,9552,768,1596,True,True
20260840,10,clustered_08,4,correlation_only_adaptive,16000,8128,768,1968,True,True
20260840,10,clustered_08,4,state_oracle,15920,11040,0,1220,True,True
20260840,10,clustered_08,4,fixed_q1_oracle_eta,16000,3200,0,3200,True,True
20260840,10,clustered_08,4,fixed_q4_oracle_eta,16000,8000,0,2000,True,True
20260840,10,clustered_08,4,fixed_q8_oracle_eta,15936,10624,0,1328,True,True
20260840,10,clustered_08,4,fixed_q32_oracle_eta,15840,14080,0,440,True,True
20260840,10,balanced_08,4,lyapunov_state_adaptive,15972,4124,768,2962,True,True
20260840,10,balanced_08,4,raw_state_adaptive,15946,5662,768,2571,True,True
20260840,10,balanced_08,4,correlation_only_adaptive,15972,4124,768,2962,True,True
20260840,10,balanced_08,4,state_oracle,15900,10000,0,1475,True,True
20260840,10,balanced_08,4,fixed_q1_oracle_eta,16000,3200,0,3200,True,True
20260840,10,balanced_08,4,fixed_q4_oracle_eta,16000,8000,0,2000,True,True
20260840,10,balanced_08,4,fixed_q8_oracle_eta,15936,10624,0,1328,True,True
20260840,10,balanced_08,4,fixed_q32_oracle_eta,15840,14080,0,440,True,True
20260840,10,independent,16,lyapunov_state_adaptive,15934,7998,768,1984,True,True
20260840,10,independent,16,raw_state_adaptive,15948,7372,768,2144,True,True
20260840,10,independent,16,correlation_only_adaptive,15934,7998,768,1984,True,True
20260840,10,independent,16,state_oracle,15840,14080,0,440,True,True
20260840,10,independent,16,fixed_q1_oracle_eta,16000,3200,0,3200,True,True
20260840,10,independent,16,fixed_q4_oracle_eta,16000,8000,0,2000,True,True
20260840,10,independent,16,fixed_q8_oracle_eta,15936,10624,0,1328,True,True
20260840,10,independent,16,fixed_q32_oracle_eta,15840,14080,0,440,True,True
20260840,10,global_08,16,lyapunov_state_adaptive,15972,4124,768,2962,True,True
20260840,10,global_08,16,raw_state_adaptive,15916,6692,768,2306,True,True
20260840,10,global_08,16,correlation_only_adaptive,15972,4124,768,2962,True,True
20260840,10,global_08,16,state_oracle,15900,10000,0,1475,True,True
20260840,10,global_08,16,fixed_q1_oracle_eta,16000,3200,0,3200,True,True
20260840,10,global_08,16,fixed_q4_oracle_eta,16000,8000,0,2000,True,True
20260840,10,global_08,16,fixed_q8_oracle_eta,15936,10624,0,1328,True,True
20260840,10,global_08,16,fixed_q32_oracle_eta,15840,14080,0,440,True,True
20260840,10,clustered_08,16,lyapunov_state_adaptive,15988,6284,768,2426,True,True
20260840,10,clustered_08,16,raw_state_adaptive,15926,8026,768,1975,True,True
20260840,10,clustered_08,16,correlation_only_adaptive,15988,6284,768,2426,True,True
20260840,10,clustered_08,16,state_oracle,15920,11040,0,1220,True,True
20260840,10,clustered_08,16,fixed_q1_oracle_eta,16000,3200,0,3200,True,True
20260840,10,clustered_08,16,fixed_q4_oracle_eta,16000,8000,0,2000,True,True
20260840,10,clustered_08,16,fixed_q8_oracle_eta,15936,10624,0,1328,True,True
20260840,10,clustered_08,16,fixed_q32_oracle_eta,15840,14080,0,440,True,True
20260840,10,balanced_08,16,lyapunov_state_adaptive,15986,6094,768,2473,True,True
20260840,10,balanced_08,16,raw_state_adaptive,15928,8408,768,1880,True,True
20260840,10,balanced_08,16,correlation_only_adaptive,15984,5840,768,2536,True,True
20260840,10,balanced_08,16,state_oracle,15900,10000,0,1475,True,True
20260840,10,balanced_08,16,fixed_q1_oracle_eta,16000,3200,0,3200,True,True
20260840,10,balanced_08,16,fixed_q4_oracle_eta,16000,8000,0,2000,True,True
20260840,10,balanced_08,16,fixed_q8_oracle_eta,15936,10624,0,1328,True,True
20260840,10,balanced_08,16,fixed_q32_oracle_eta,15840,14080,0,440,True,True
20260841,11,independent,4,lyapunov_state_adaptive,15926,8026,768,1975,True,True
20260841,11,independent,4,raw_state_adaptive,15926,8026,768,1975,True,True
20260841,11,independent,4,correlation_only_adaptive,15924,7708,768,2054,True,True
20260841,11,independent,4,state_oracle,15840,14080,0,440,True,True
20260841,11,independent,4,fixed_q1_oracle_eta,16000,3200,0,3200,True,True
20260841,11,independent,4,fixed_q4_oracle_eta,16000,8000,0,2000,True,True
20260841,11,independent,4,fixed_q8_oracle_eta,15936,10624,0,1328,True,True
20260841,11,independent,4,fixed_q32_oracle_eta,15840,14080,0,440,True,True
20260841,11,global_08,4,lyapunov_state_adaptive,15968,3552,768,3104,True,True
20260841,11,global_08,4,raw_state_adaptive,15912,6120,768,2448,True,True
20260841,11,global_08,4,correlation_only_adaptive,15968,3552,768,3104,True,True
20260841,11,global_08,4,state_oracle,15880,11360,0,1130,True,True
20260841,11,global_08,4,fixed_q1_oracle_eta,16000,3200,0,3200,True,True
20260841,11,global_08,4,fixed_q4_oracle_eta,16000,8000,0,2000,True,True
20260841,11,global_08,4,fixed_q8_oracle_eta,15936,10624,0,1328,True,True
20260841,11,global_08,4,fixed_q32_oracle_eta,15840,14080,0,440,True,True
20260841,11,clustered_08,4,lyapunov_state_adaptive,15992,6856,768,2284,True,True
20260841,11,clustered_08,4,raw_state_adaptive,15932,8916,768,1754,True,True
20260841,11,clustered_08,4,correlation_only_adaptive,15992,6856,768,2284,True,True
20260841,11,clustered_08,4,state_oracle,15920,11040,0,1220,True,True
20260841,11,clustered_08,4,fixed_q1_oracle_eta,16000,3200,0,3200,True,True
20260841,11,clustered_08,4,fixed_q4_oracle_eta,16000,8000,0,2000,True,True
20260841,11,clustered_08,4,fixed_q8_oracle_eta,15936,10624,0,1328,True,True
20260841,11,clustered_08,4,fixed_q32_oracle_eta,15840,14080,0,440,True,True
20260841,11,balanced_08,4,lyapunov_state_adaptive,15970,3806,768,3041,True,True
20260841,11,balanced_08,4,raw_state_adaptive,15942,5090,768,2713,True,True
20260841,11,balanced_08,4,correlation_only_adaptive,15970,3806,768,3041,True,True
20260841,11,balanced_08,4,state_oracle,15880,11360,0,1130,True,True
20260841,11,balanced_08,4,fixed_q1_oracle_eta,16000,3200,0,3200,True,True
20260841,11,balanced_08,4,fixed_q4_oracle_eta,16000,8000,0,2000,True,True
20260841,11,balanced_08,4,fixed_q8_oracle_eta,15936,10624,0,1328,True,True
20260841,11,balanced_08,4,fixed_q32_oracle_eta,15840,14080,0,440,True,True
20260841,11,independent,16,lyapunov_state_adaptive,15984,6852,768,2283,True,True
20260841,11,independent,16,raw_state_adaptive,15850,10710,768,1285,True,True
20260841,11,independent,16,correlation_only_adaptive,15984,6852,768,2283,True,True
20260841,11,independent,16,state_oracle,15860,13920,0,485,True,True
20260841,11,independent,16,fixed_q1_oracle_eta,16000,3200,0,3200,True,True
20260841,11,independent,16,fixed_q4_oracle_eta,16000,8000,0,2000,True,True
20260841,11,independent,16,fixed_q8_oracle_eta,15936,10624,0,1328,True,True
20260841,11,independent,16,fixed_q32_oracle_eta,15840,14080,0,440,True,True
20260841,11,global_08,16,lyapunov_state_adaptive,15968,3552,768,3104,True,True
20260841,11,global_08,16,raw_state_adaptive,15884,7404,768,2120,True,True
20260841,11,global_08,16,correlation_only_adaptive,15968,3552,768,3104,True,True
20260841,11,global_08,16,state_oracle,15880,11360,0,1130,True,True
20260841,11,global_08,16,fixed_q1_oracle_eta,16000,3200,0,3200,True,True
20260841,11,global_08,16,fixed_q4_oracle_eta,16000,8000,0,2000,True,True
20260841,11,global_08,16,fixed_q8_oracle_eta,15936,10624,0,1328,True,True
20260841,11,global_08,16,fixed_q32_oracle_eta,15840,14080,0,440,True,True
20260841,11,clustered_08,16,lyapunov_state_adaptive,16000,8128,768,1968,True,True
20260841,11,clustered_08,16,raw_state_adaptive,15968,8840,768,1782,True,True
20260841,11,clustered_08,16,correlation_only_adaptive,16000,8128,768,1968,True,True
20260841,11,clustered_08,16,state_oracle,15920,11040,0,1220,True,True
20260841,11,clustered_08,16,fixed_q1_oracle_eta,16000,3200,0,3200,True,True
20260841,11,clustered_08,16,fixed_q4_oracle_eta,16000,8000,0,2000,True,True
20260841,11,clustered_08,16,fixed_q8_oracle_eta,15936,10624,0,1328,True,True
20260841,11,clustered_08,16,fixed_q32_oracle_eta,15840,14080,0,440,True,True
20260841,11,balanced_08,16,lyapunov_state_adaptive,15968,3552,768,3104,True,True
20260841,11,balanced_08,16,raw_state_adaptive,15940,4836,768,2776,True,True
20260841,11,balanced_08,16,correlation_only_adaptive,15968,3552,768,3104,True,True
20260841,11,balanced_08,16,state_oracle,15920,8640,0,1820,True,True
20260841,11,balanced_08,16,fixed_q1_oracle_eta,16000,3200,0,3200,True,True
20260841,11,balanced_08,16,fixed_q4_oracle_eta,16000,8000,0,2000,True,True
20260841,11,balanced_08,16,fixed_q8_oracle_eta,15936,10624,0,1328,True,True
20260841,11,balanced_08,16,fixed_q32_oracle_eta,15840,14080,0,440,True,True
20260842,12,independent,4,lyapunov_state_adaptive,15924,10968,768,1239,True,True
20260842,12,independent,4,raw_state_adaptive,15954,9022,768,1733,True,True
20260842,12,independent,4,correlation_only_adaptive,15924,10968,768,1239,True,True
20260842,12,independent,4,state_oracle,15840,14080,0,440,True,True
20260842,12,independent,4,fixed_q1_oracle_eta,16000,3200,0,3200,True,True
20260842,12,independent,4,fixed_q4_oracle_eta,16000,8000,0,2000,True,True
20260842,12,independent,4,fixed_q8_oracle_eta,15936,10624,0,1328,True,True
20260842,12,independent,4,fixed_q32_oracle_eta,15840,14080,0,440,True,True
20260842,12,global_08,4,lyapunov_state_adaptive,15968,3552,768,3104,True,True
20260842,12,global_08,4,raw_state_adaptive,15912,6120,768,2448,True,True
20260842,12,global_08,4,correlation_only_adaptive,15968,3552,768,3104,True,True
20260842,12,global_08,4,state_oracle,15880,11360,0,1130,True,True
20260842,12,global_08,4,fixed_q1_oracle_eta,16000,3200,0,3200,True,True
20260842,12,global_08,4,fixed_q4_oracle_eta,16000,8000,0,2000,True,True
20260842,12,global_08,4,fixed_q8_oracle_eta,15936,10624,0,1328,True,True
20260842,12,global_08,4,fixed_q32_oracle_eta,15840,14080,0,440,True,True
20260842,12,clustered_08,4,lyapunov_state_adaptive,15994,7174,768,2205,True,True
20260842,12,clustered_08,4,raw_state_adaptive,15986,5966,768,2505,True,True
20260842,12,clustered_08,4,correlation_only_adaptive,15986,5966,768,2505,True,True
20260842,12,clustered_08,4,state_oracle,15920,11040,0,1220,True,True
20260842,12,clustered_08,4,fixed_q1_oracle_eta,16000,3200,0,3200,True,True
20260842,12,clustered_08,4,fixed_q4_oracle_eta,16000,8000,0,2000,True,True
20260842,12,clustered_08,4,fixed_q8_oracle_eta,15936,10624,0,1328,True,True
20260842,12,clustered_08,4,fixed_q32_oracle_eta,15840,14080,0,440,True,True
20260842,12,balanced_08,4,lyapunov_state_adaptive,15972,4124,768,2962,True,True
20260842,12,balanced_08,4,raw_state_adaptive,15888,7976,768,1978,True,True
20260842,12,balanced_08,4,correlation_only_adaptive,15972,4124,768,2962,True,True
20260842,12,balanced_08,4,state_oracle,15880,11360,0,1130,True,True
20260842,12,balanced_08,4,fixed_q1_oracle_eta,16000,3200,0,3200,True,True
20260842,12,balanced_08,4,fixed_q4_oracle_eta,16000,8000,0,2000,True,True
20260842,12,balanced_08,4,fixed_q8_oracle_eta,15936,10624,0,1328,True,True
20260842,12,balanced_08,4,fixed_q32_oracle_eta,15840,14080,0,440,True,True
20260842,12,independent,16,lyapunov_state_adaptive,15920,11000,768,1230,True,True
20260842,12,independent,16,raw_state_adaptive,15916,8084,768,1958,True,True
20260842,12,independent,16,correlation_only_adaptive,15862,9450,768,1603,True,True
20260842,12,independent,16,state_oracle,15860,13920,0,485,True,True
20260842,12,independent,16,fixed_q1_oracle_eta,16000,3200,0,3200,True,True
20260842,12,independent,16,fixed_q4_oracle_eta,16000,8000,0,2000,True,True
20260842,12,independent,16,fixed_q8_oracle_eta,15936,10624,0,1328,True,True
20260842,12,independent,16,fixed_q32_oracle_eta,15840,14080,0,440,True,True
20260842,12,global_08,16,lyapunov_state_adaptive,15968,3552,768,3104,True,True
20260842,12,global_08,16,raw_state_adaptive,15940,4836,768,2776,True,True
20260842,12,global_08,16,correlation_only_adaptive,15968,3552,768,3104,True,True
20260842,12,global_08,16,state_oracle,15880,11360,0,1130,True,True
20260842,12,global_08,16,fixed_q1_oracle_eta,16000,3200,0,3200,True,True
20260842,12,global_08,16,fixed_q4_oracle_eta,16000,8000,0,2000,True,True
20260842,12,global_08,16,fixed_q8_oracle_eta,15936,10624,0,1328,True,True
20260842,12,global_08,16,fixed_q32_oracle_eta,15840,14080,0,440,True,True
20260842,12,clustered_08,16,lyapunov_state_adaptive,15986,6094,768,2473,True,True
20260842,12,clustered_08,16,raw_state_adaptive,15928,8344,768,1896,True,True
20260842,12,clustered_08,16,correlation_only_adaptive,15986,6094,768,2473,True,True
20260842,12,clustered_08,16,state_oracle,15920,11040,0,1220,True,True
20260842,12,clustered_08,16,fixed_q1_oracle_eta,16000,3200,0,3200,True,True
20260842,12,clustered_08,16,fixed_q4_oracle_eta,16000,8000,0,2000,True,True
20260842,12,clustered_08,16,fixed_q8_oracle_eta,15936,10624,0,1328,True,True
20260842,12,clustered_08,16,fixed_q32_oracle_eta,15840,14080,0,440,True,True
20260842,12,balanced_08,16,lyapunov_state_adaptive,15968,3552,768,3104,True,True
20260842,12,balanced_08,16,raw_state_adaptive,15912,6120,768,2448,True,True
20260842,12,balanced_08,16,correlation_only_adaptive,15968,3552,768,3104,True,True
20260842,12,balanced_08,16,state_oracle,15880,11360,0,1130,True,True
20260842,12,balanced_08,16,fixed_q1_oracle_eta,16000,3200,0,3200,True,True
20260842,12,balanced_08,16,fixed_q4_oracle_eta,16000,8000,0,2000,True,True
20260842,12,balanced_08,16,fixed_q8_oracle_eta,15936,10624,0,1328,True,True
20260842,12,balanced_08,16,fixed_q32_oracle_eta,15840,14080,0,440,True,True
20260843,13,independent,4,lyapunov_state_adaptive,15988,7804,768,2046,True,True
20260843,13,independent,4,raw_state_adaptive,15980,8116,768,1966,True,True
20260843,13,independent,4,correlation_only_adaptive,15980,8116,768,1966,True,True
20260843,13,independent,4,state_oracle,15840,14080,0,440,True,True
20260843,13,independent,4,fixed_q1_oracle_eta,16000,3200,0,3200,True,True
20260843,13,independent,4,fixed_q4_oracle_eta,16000,8000,0,2000,True,True
20260843,13,independent,4,fixed_q8_oracle_eta,15936,10624,0,1328,True,True
20260843,13,independent,4,fixed_q32_oracle_eta,15840,14080,0,440,True,True
20260843,13,global_08,4,lyapunov_state_adaptive,15968,3552,768,3104,True,True
20260843,13,global_08,4,raw_state_adaptive,15968,3552,768,3104,True,True
20260843,13,global_08,4,correlation_only_adaptive,15968,3552,768,3104,True,True
20260843,13,global_08,4,state_oracle,15880,11360,0,1130,True,True
20260843,13,global_08,4,fixed_q1_oracle_eta,16000,3200,0,3200,True,True
20260843,13,global_08,4,fixed_q4_oracle_eta,16000,8000,0,2000,True,True
20260843,13,global_08,4,fixed_q8_oracle_eta,15936,10624,0,1328,True,True
20260843,13,global_08,4,fixed_q32_oracle_eta,15840,14080,0,440,True,True
20260843,13,clustered_08,4,lyapunov_state_adaptive,15990,6538,768,2363,True,True
20260843,13,clustered_08,4,raw_state_adaptive,15928,8280,768,1912,True,True
20260843,13,clustered_08,4,correlation_only_adaptive,15996,7492,768,2126,True,True
20260843,13,clustered_08,4,state_oracle,15900,11800,0,1025,True,True
20260843,13,clustered_08,4,fixed_q1_oracle_eta,16000,3200,0,3200,True,True
20260843,13,clustered_08,4,fixed_q4_oracle_eta,16000,8000,0,2000,True,True
20260843,13,clustered_08,4,fixed_q8_oracle_eta,15936,10624,0,1328,True,True
20260843,13,clustered_08,4,fixed_q32_oracle_eta,15840,14080,0,440,True,True
20260843,13,balanced_08,4,lyapunov_state_adaptive,15972,4060,768,2978,True,True
20260843,13,balanced_08,4,raw_state_adaptive,15942,5090,768,2713,True,True
20260843,13,balanced_08,4,correlation_only_adaptive,15970,3806,768,3041,True,True
20260843,13,balanced_08,4,state_oracle,15880,11360,0,1130,True,True
20260843,13,balanced_08,4,fixed_q1_oracle_eta,16000,3200,0,3200,True,True
20260843,13,balanced_08,4,fixed_q4_oracle_eta,16000,8000,0,2000,True,True
20260843,13,balanced_08,4,fixed_q8_oracle_eta,15936,10624,0,1328,True,True
20260843,13,balanced_08,4,fixed_q32_oracle_eta,15840,14080,0,440,True,True
20260843,13,independent,16,lyapunov_state_adaptive,15958,7314,768,2161,True,True
20260843,13,independent,16,raw_state_adaptive,15856,11600,768,1064,True,True
20260843,13,independent,16,correlation_only_adaptive,15894,8738,768,1789,True,True
20260843,13,independent,16,state_oracle,15840,14080,0,440,True,True
20260843,13,independent,16,fixed_q1_oracle_eta,16000,3200,0,3200,True,True
20260843,13,independent,16,fixed_q4_oracle_eta,16000,8000,0,2000,True,True
20260843,13,independent,16,fixed_q8_oracle_eta,15936,10624,0,1328,True,True
20260843,13,independent,16,fixed_q32_oracle_eta,15840,14080,0,440,True,True
20260843,13,global_08,16,lyapunov_state_adaptive,15968,3552,768,3104,True,True
20260843,13,global_08,16,raw_state_adaptive,15940,4836,768,2776,True,True
20260843,13,global_08,16,correlation_only_adaptive,15968,3552,768,3104,True,True
20260843,13,global_08,16,state_oracle,15880,11360,0,1130,True,True
20260843,13,global_08,16,fixed_q1_oracle_eta,16000,3200,0,3200,True,True
20260843,13,global_08,16,fixed_q4_oracle_eta,16000,8000,0,2000,True,True
20260843,13,global_08,16,fixed_q8_oracle_eta,15936,10624,0,1328,True,True
20260843,13,global_08,16,fixed_q32_oracle_eta,15840,14080,0,440,True,True
20260843,13,clustered_08,16,lyapunov_state_adaptive,15996,7556,768,2110,True,True
20260843,13,clustered_08,16,raw_state_adaptive,15922,7518,768,2101,True,True
20260843,13,clustered_08,16,correlation_only_adaptive,15996,7556,768,2110,True,True
20260843,13,clustered_08,16,state_oracle,15900,11800,0,1025,True,True
20260843,13,clustered_08,16,fixed_q1_oracle_eta,16000,3200,0,3200,True,True
20260843,13,clustered_08,16,fixed_q4_oracle_eta,16000,8000,0,2000,True,True
20260843,13,clustered_08,16,fixed_q8_oracle_eta,15936,10624,0,1328,True,True
20260843,13,clustered_08,16,fixed_q32_oracle_eta,15840,14080,0,440,True,True
20260843,13,balanced_08,16,lyapunov_state_adaptive,15976,4632,768,2836,True,True
20260843,13,balanced_08,16,raw_state_adaptive,15976,4632,768,2836,True,True
20260843,13,balanced_08,16,correlation_only_adaptive,15982,5522,768,2615,True,True
20260843,13,balanced_08,16,state_oracle,15880,11360,0,1130,True,True
20260843,13,balanced_08,16,fixed_q1_oracle_eta,16000,3200,0,3200,True,True
20260843,13,balanced_08,16,fixed_q4_oracle_eta,16000,8000,0,2000,True,True
20260843,13,balanced_08,16,fixed_q8_oracle_eta,15936,10624,0,1328,True,True
20260843,13,balanced_08,16,fixed_q32_oracle_eta,15840,14080,0,440,True,True
20260844,14,independent,4,lyapunov_state_adaptive,15980,8116,768,1966,True,True
20260844,14,independent,4,raw_state_adaptive,15952,7880,768,2018,True,True
20260844,14,independent,4,correlation_only_adaptive,15980,8116,768,1966,True,True
20260844,14,independent,4,state_oracle,15840,14080,0,440,True,True
20260844,14,independent,4,fixed_q1_oracle_eta,16000,3200,0,3200,True,True
20260844,14,independent,4,fixed_q4_oracle_eta,16000,8000,0,2000,True,True
20260844,14,independent,4,fixed_q8_oracle_eta,15936,10624,0,1328,True,True
20260844,14,independent,4,fixed_q32_oracle_eta,15840,14080,0,440,True,True
20260844,14,global_08,4,lyapunov_state_adaptive,15968,3552,768,3104,True,True
20260844,14,global_08,4,raw_state_adaptive,15912,6120,768,2448,True,True
20260844,14,global_08,4,correlation_only_adaptive,15968,3552,768,3104,True,True
20260844,14,global_08,4,state_oracle,15900,10000,0,1475,True,True
20260844,14,global_08,4,fixed_q1_oracle_eta,16000,3200,0,3200,True,True
20260844,14,global_08,4,fixed_q4_oracle_eta,16000,8000,0,2000,True,True
20260844,14,global_08,4,fixed_q8_oracle_eta,15936,10624,0,1328,True,True
20260844,14,global_08,4,fixed_q32_oracle_eta,15840,14080,0,440,True,True
20260844,14,clustered_08,4,lyapunov_state_adaptive,15994,7174,768,2205,True,True
20260844,14,clustered_08,4,raw_state_adaptive,15968,8840,768,1782,True,True
20260844,14,clustered_08,4,correlation_only_adaptive,15994,7174,768,2205,True,True
20260844,14,clustered_08,4,state_oracle,15880,12560,0,830,True,True
20260844,14,clustered_08,4,fixed_q1_oracle_eta,16000,3200,0,3200,True,True
20260844,14,clustered_08,4,fixed_q4_oracle_eta,16000,8000,0,2000,True,True
20260844,14,clustered_08,4,fixed_q8_oracle_eta,15936,10624,0,1328,True,True
20260844,14,clustered_08,4,fixed_q32_oracle_eta,15840,14080,0,440,True,True
20260844,14,balanced_08,4,lyapunov_state_adaptive,15988,6348,768,2410,True,True
20260844,14,balanced_08,4,raw_state_adaptive,15988,6348,768,2410,True,True
20260844,14,balanced_08,4,correlation_only_adaptive,15988,6348,768,2410,True,True
20260844,14,balanced_08,4,state_oracle,15900,10000,0,1475,True,True
20260844,14,balanced_08,4,fixed_q1_oracle_eta,16000,3200,0,3200,True,True
20260844,14,balanced_08,4,fixed_q4_oracle_eta,16000,8000,0,2000,True,True
20260844,14,balanced_08,4,fixed_q8_oracle_eta,15936,10624,0,1328,True,True
20260844,14,balanced_08,4,fixed_q32_oracle_eta,15840,14080,0,440,True,True
20260844,14,independent,16,lyapunov_state_adaptive,15908,11056,768,1213,True,True
20260844,14,independent,16,raw_state_adaptive,15916,10744,768,1293,True,True
20260844,14,independent,16,correlation_only_adaptive,15950,6170,768,2445,True,True
20260844,14,independent,16,state_oracle,15840,14080,0,440,True,True
20260844,14,independent,16,fixed_q1_oracle_eta,16000,3200,0,3200,True,True
20260844,14,independent,16,fixed_q4_oracle_eta,16000,8000,0,2000,True,True
20260844,14,independent,16,fixed_q8_oracle_eta,15936,10624,0,1328,True,True
20260844,14,independent,16,fixed_q32_oracle_eta,15840,14080,0,440,True,True
20260844,14,global_08,16,lyapunov_state_adaptive,15968,3552,768,3104,True,True
20260844,14,global_08,16,raw_state_adaptive,15968,3552,768,3104,True,True
20260844,14,global_08,16,correlation_only_adaptive,15968,3552,768,3104,True,True
20260844,14,global_08,16,state_oracle,15920,8640,0,1820,True,True
20260844,14,global_08,16,fixed_q1_oracle_eta,16000,3200,0,3200,True,True
20260844,14,global_08,16,fixed_q4_oracle_eta,16000,8000,0,2000,True,True
20260844,14,global_08,16,fixed_q8_oracle_eta,15936,10624,0,1328,True,True
20260844,14,global_08,16,fixed_q32_oracle_eta,15840,14080,0,440,True,True
20260844,14,clustered_08,16,lyapunov_state_adaptive,15988,6348,768,2410,True,True
20260844,14,clustered_08,16,raw_state_adaptive,15948,5916,768,2508,True,True
20260844,14,clustered_08,16,correlation_only_adaptive,15982,5458,768,2631,True,True
20260844,14,clustered_08,16,state_oracle,15880,12560,0,830,True,True
20260844,14,clustered_08,16,fixed_q1_oracle_eta,16000,3200,0,3200,True,True
20260844,14,clustered_08,16,fixed_q4_oracle_eta,16000,8000,0,2000,True,True
20260844,14,clustered_08,16,fixed_q8_oracle_eta,15936,10624,0,1328,True,True
20260844,14,clustered_08,16,fixed_q32_oracle_eta,15840,14080,0,440,True,True
20260844,14,balanced_08,16,lyapunov_state_adaptive,15968,3552,768,3104,True,True
20260844,14,balanced_08,16,raw_state_adaptive,15972,4060,768,2978,True,True
20260844,14,balanced_08,16,correlation_only_adaptive,15968,3552,768,3104,True,True
20260844,14,balanced_08,16,state_oracle,15900,10000,0,1475,True,True
20260844,14,balanced_08,16,fixed_q1_oracle_eta,16000,3200,0,3200,True,True
20260844,14,balanced_08,16,fixed_q4_oracle_eta,16000,8000,0,2000,True,True
20260844,14,balanced_08,16,fixed_q8_oracle_eta,15936,10624,0,1328,True,True
20260844,14,balanced_08,16,fixed_q32_oracle_eta,15840,14080,0,440,True,True
20260845,15,independent,4,lyapunov_state_adaptive,15992,9264,768,1682,True,True
20260845,15,independent,4,raw_state_adaptive,15992,9264,768,1682,True,True
20260845,15,independent,4,correlation_only_adaptive,15992,9264,768,1682,True,True
20260845,15,independent,4,state_oracle,15840,14080,0,440,True,True
20260845,15,independent,4,fixed_q1_oracle_eta,16000,3200,0,3200,True,True
20260845,15,independent,4,fixed_q4_oracle_eta,16000,8000,0,2000,True,True
20260845,15,independent,4,fixed_q8_oracle_eta,15936,10624,0,1328,True,True
20260845,15,independent,4,fixed_q32_oracle_eta,15840,14080,0,440,True,True
20260845,15,global_08,4,lyapunov_state_adaptive,15968,3552,768,3104,True,True
20260845,15,global_08,4,raw_state_adaptive,15912,6120,768,2448,True,True
20260845,15,global_08,4,correlation_only_adaptive,15968,3552,768,3104,True,True
20260845,15,global_08,4,state_oracle,15920,8640,0,1820,True,True
20260845,15,global_08,4,fixed_q1_oracle_eta,16000,3200,0,3200,True,True
20260845,15,global_08,4,fixed_q4_oracle_eta,16000,8000,0,2000,True,True
20260845,15,global_08,4,fixed_q8_oracle_eta,15936,10624,0,1328,True,True
20260845,15,global_08,4,fixed_q32_oracle_eta,15840,14080,0,440,True,True
20260845,15,clustered_08,4,lyapunov_state_adaptive,15990,6538,768,2363,True,True
20260845,15,clustered_08,4,raw_state_adaptive,15990,6538,768,2363,True,True
20260845,15,clustered_08,4,correlation_only_adaptive,15990,6538,768,2363,True,True
20260845,15,clustered_08,4,state_oracle,15860,13320,0,635,True,True
20260845,15,clustered_08,4,fixed_q1_oracle_eta,16000,3200,0,3200,True,True
20260845,15,clustered_08,4,fixed_q4_oracle_eta,16000,8000,0,2000,True,True
20260845,15,clustered_08,4,fixed_q8_oracle_eta,15936,10624,0,1328,True,True
20260845,15,clustered_08,4,fixed_q32_oracle_eta,15840,14080,0,440,True,True
20260845,15,balanced_08,4,lyapunov_state_adaptive,15972,4060,768,2978,True,True
20260845,15,balanced_08,4,raw_state_adaptive,15972,4060,768,2978,True,True
20260845,15,balanced_08,4,correlation_only_adaptive,15972,4060,768,2978,True,True
20260845,15,balanced_08,4,state_oracle,15900,10000,0,1475,True,True
20260845,15,balanced_08,4,fixed_q1_oracle_eta,16000,3200,0,3200,True,True
20260845,15,balanced_08,4,fixed_q4_oracle_eta,16000,8000,0,2000,True,True
20260845,15,balanced_08,4,fixed_q8_oracle_eta,15936,10624,0,1328,True,True
20260845,15,balanced_08,4,fixed_q32_oracle_eta,15840,14080,0,440,True,True
20260845,15,independent,16,lyapunov_state_adaptive,15956,8136,768,1955,True,True
20260845,15,independent,16,raw_state_adaptive,15928,9484,768,1611,True,True
20260845,15,independent,16,correlation_only_adaptive,15958,8454,768,1876,True,True
20260845,15,independent,16,state_oracle,15840,14080,0,440,True,True
20260845,15,independent,16,fixed_q1_oracle_eta,16000,3200,0,3200,True,True
20260845,15,independent,16,fixed_q4_oracle_eta,16000,8000,0,2000,True,True
20260845,15,independent,16,fixed_q8_oracle_eta,15936,10624,0,1328,True,True
20260845,15,independent,16,fixed_q32_oracle_eta,15840,14080,0,440,True,True
20260845,15,global_08,16,lyapunov_state_adaptive,15968,3552,768,3104,True,True
20260845,15,global_08,16,raw_state_adaptive,15912,6120,768,2448,True,True
20260845,15,global_08,16,correlation_only_adaptive,15968,3552,768,3104,True,True
20260845,15,global_08,16,state_oracle,15920,8640,0,1820,True,True
20260845,15,global_08,16,fixed_q1_oracle_eta,16000,3200,0,3200,True,True
20260845,15,global_08,16,fixed_q4_oracle_eta,16000,8000,0,2000,True,True
20260845,15,global_08,16,fixed_q8_oracle_eta,15936,10624,0,1328,True,True
20260845,15,global_08,16,fixed_q32_oracle_eta,15840,14080,0,440,True,True
20260845,15,clustered_08,16,lyapunov_state_adaptive,15976,4568,768,2852,True,True
20260845,15,clustered_08,16,raw_state_adaptive,16000,8128,768,1968,True,True
20260845,15,clustered_08,16,correlation_only_adaptive,15974,4314,768,2915,True,True
20260845,15,clustered_08,16,state_oracle,15880,12560,0,830,True,True
20260845,15,clustered_08,16,fixed_q1_oracle_eta,16000,3200,0,3200,True,True
20260845,15,clustered_08,16,fixed_q4_oracle_eta,16000,8000,0,2000,True,True
20260845,15,clustered_08,16,fixed_q8_oracle_eta,15936,10624,0,1328,True,True
20260845,15,clustered_08,16,fixed_q32_oracle_eta,15840,14080,0,440,True,True
20260845,15,balanced_08,16,lyapunov_state_adaptive,15968,3552,768,3104,True,True
20260845,15,balanced_08,16,raw_state_adaptive,15884,7404,768,2120,True,True
20260845,15,balanced_08,16,correlation_only_adaptive,15968,3552,768,3104,True,True
20260845,15,balanced_08,16,state_oracle,15900,10000,0,1475,True,True
20260845,15,balanced_08,16,fixed_q1_oracle_eta,16000,3200,0,3200,True,True
20260845,15,balanced_08,16,fixed_q4_oracle_eta,16000,8000,0,2000,True,True
20260845,15,balanced_08,16,fixed_q8_oracle_eta,15936,10624,0,1328,True,True
20260845,15,balanced_08,16,fixed_q32_oracle_eta,15840,14080,0,440,True,True
20260846,16,independent,4,lyapunov_state_adaptive,15852,12168,768,921,True,True
20260846,16,independent,4,raw_state_adaptive,15852,12168,768,921,True,True
20260846,16,independent,4,correlation_only_adaptive,15852,12168,768,921,True,True
20260846,16,independent,4,state_oracle,15840,14080,0,440,True,True
20260846,16,independent,4,fixed_q1_oracle_eta,16000,3200,0,3200,True,True
20260846,16,independent,4,fixed_q4_oracle_eta,16000,8000,0,2000,True,True
20260846,16,independent,4,fixed_q8_oracle_eta,15936,10624,0,1328,True,True
20260846,16,independent,4,fixed_q32_oracle_eta,15840,14080,0,440,True,True
20260846,16,global_08,4,lyapunov_state_adaptive,15968,3552,768,3104,True,True
20260846,16,global_08,4,raw_state_adaptive,15940,4836,768,2776,True,True
20260846,16,global_08,4,correlation_only_adaptive,15968,3552,768,3104,True,True
20260846,16,global_08,4,state_oracle,15920,8640,0,1820,True,True
20260846,16,global_08,4,fixed_q1_oracle_eta,16000,3200,0,3200,True,True
20260846,16,global_08,4,fixed_q4_oracle_eta,16000,8000,0,2000,True,True
20260846,16,global_08,4,fixed_q8_oracle_eta,15936,10624,0,1328,True,True
20260846,16,global_08,4,fixed_q32_oracle_eta,15840,14080,0,440,True,True
20260846,16,clustered_08,4,lyapunov_state_adaptive,16000,8128,768,1968,True,True
20260846,16,clustered_08,4,raw_state_adaptive,15936,9552,768,1596,True,True
20260846,16,clustered_08,4,correlation_only_adaptive,16000,8128,768,1968,True,True
20260846,16,clustered_08,4,state_oracle,15900,11800,0,1025,True,True
20260846,16,clustered_08,4,fixed_q1_oracle_eta,16000,3200,0,3200,True,True
20260846,16,clustered_08,4,fixed_q4_oracle_eta,16000,8000,0,2000,True,True
20260846,16,clustered_08,4,fixed_q8_oracle_eta,15936,10624,0,1328,True,True
20260846,16,clustered_08,4,fixed_q32_oracle_eta,15840,14080,0,440,True,True
20260846,16,balanced_08,4,lyapunov_state_adaptive,15980,5204,768,2694,True,True
20260846,16,balanced_08,4,raw_state_adaptive,15976,4632,768,2836,True,True
20260846,16,balanced_08,4,correlation_only_adaptive,15970,3806,768,3041,True,True
20260846,16,balanced_08,4,state_oracle,15900,10000,0,1475,True,True
20260846,16,balanced_08,4,fixed_q1_oracle_eta,16000,3200,0,3200,True,True
20260846,16,balanced_08,4,fixed_q4_oracle_eta,16000,8000,0,2000,True,True
20260846,16,balanced_08,4,fixed_q8_oracle_eta,15936,10624,0,1328,True,True
20260846,16,balanced_08,4,fixed_q32_oracle_eta,15840,14080,0,440,True,True
20260846,16,independent,16,lyapunov_state_adaptive,15864,11288,768,1144,True,True
20260846,16,independent,16,raw_state_adaptive,15864,11288,768,1144,True,True
20260846,16,independent,16,correlation_only_adaptive,15864,11288,768,1144,True,True
20260846,16,independent,16,state_oracle,15840,14080,0,440,True,True
20260846,16,independent,16,fixed_q1_oracle_eta,16000,3200,0,3200,True,True
20260846,16,independent,16,fixed_q4_oracle_eta,16000,8000,0,2000,True,True
20260846,16,independent,16,fixed_q8_oracle_eta,15936,10624,0,1328,True,True
20260846,16,independent,16,fixed_q32_oracle_eta,15840,14080,0,440,True,True
20260846,16,global_08,16,lyapunov_state_adaptive,15968,3552,768,3104,True,True
20260846,16,global_08,16,raw_state_adaptive,15940,4836,768,2776,True,True
20260846,16,global_08,16,correlation_only_adaptive,15968,3552,768,3104,True,True
20260846,16,global_08,16,state_oracle,15920,8640,0,1820,True,True
20260846,16,global_08,16,fixed_q1_oracle_eta,16000,3200,0,3200,True,True
20260846,16,global_08,16,fixed_q4_oracle_eta,16000,8000,0,2000,True,True
20260846,16,global_08,16,fixed_q8_oracle_eta,15936,10624,0,1328,True,True
20260846,16,global_08,16,fixed_q32_oracle_eta,15840,14080,0,440,True,True
20260846,16,clustered_08,16,lyapunov_state_adaptive,15998,7810,768,2047,True,True
20260846,16,clustered_08,16,raw_state_adaptive,16000,8128,768,1968,True,True
20260846,16,clustered_08,16,correlation_only_adaptive,15998,7810,768,2047,True,True
20260846,16,clustered_08,16,state_oracle,15880,12560,0,830,True,True
20260846,16,clustered_08,16,fixed_q1_oracle_eta,16000,3200,0,3200,True,True
20260846,16,clustered_08,16,fixed_q4_oracle_eta,16000,8000,0,2000,True,True
20260846,16,clustered_08,16,fixed_q8_oracle_eta,15936,10624,0,1328,True,True
20260846,16,clustered_08,16,fixed_q32_oracle_eta,15840,14080,0,440,True,True
20260846,16,balanced_08,16,lyapunov_state_adaptive,15974,4314,768,2915,True,True
20260846,16,balanced_08,16,raw_state_adaptive,15946,5598,768,2587,True,True
20260846,16,balanced_08,16,correlation_only_adaptive,15974,4314,768,2915,True,True
20260846,16,balanced_08,16,state_oracle,15920,8640,0,1820,True,True
20260846,16,balanced_08,16,fixed_q1_oracle_eta,16000,3200,0,3200,True,True
20260846,16,balanced_08,16,fixed_q4_oracle_eta,16000,8000,0,2000,True,True
20260846,16,balanced_08,16,fixed_q8_oracle_eta,15936,10624,0,1328,True,True
20260846,16,balanced_08,16,fixed_q32_oracle_eta,15840,14080,0,440,True,True
20260847,17,independent,4,lyapunov_state_adaptive,15940,9140,768,1700,True,True
20260847,17,independent,4,raw_state_adaptive,15858,11538,768,1080,True,True
20260847,17,independent,4,correlation_only_adaptive,15940,9140,768,1700,True,True
20260847,17,independent,4,state_oracle,15840,14080,0,440,True,True
20260847,17,independent,4,fixed_q1_oracle_eta,16000,3200,0,3200,True,True
20260847,17,independent,4,fixed_q4_oracle_eta,16000,8000,0,2000,True,True
20260847,17,independent,4,fixed_q8_oracle_eta,15936,10624,0,1328,True,True
20260847,17,independent,4,fixed_q32_oracle_eta,15840,14080,0,440,True,True
20260847,17,global_08,4,lyapunov_state_adaptive,15968,3552,768,3104,True,True
20260847,17,global_08,4,raw_state_adaptive,15940,4836,768,2776,True,True
20260847,17,global_08,4,correlation_only_adaptive,15968,3552,768,3104,True,True
20260847,17,global_08,4,state_oracle,15900,10000,0,1475,True,True
20260847,17,global_08,4,fixed_q1_oracle_eta,16000,3200,0,3200,True,True
20260847,17,global_08,4,fixed_q4_oracle_eta,16000,8000,0,2000,True,True
20260847,17,global_08,4,fixed_q8_oracle_eta,15936,10624,0,1328,True,True
20260847,17,global_08,4,fixed_q32_oracle_eta,15840,14080,0,440,True,True
20260847,17,clustered_08,4,lyapunov_state_adaptive,15982,5458,768,2631,True,True
20260847,17,clustered_08,4,raw_state_adaptive,15962,7950,768,2003,True,True
20260847,17,clustered_08,4,correlation_only_adaptive,15996,7556,768,2110,True,True
20260847,17,clustered_08,4,state_oracle,15932,10608,0,1331,True,True
20260847,17,clustered_08,4,fixed_q1_oracle_eta,16000,3200,0,3200,True,True
20260847,17,clustered_08,4,fixed_q4_oracle_eta,16000,8000,0,2000,True,True
20260847,17,clustered_08,4,fixed_q8_oracle_eta,15936,10624,0,1328,True,True
20260847,17,clustered_08,4,fixed_q32_oracle_eta,15840,14080,0,440,True,True
20260847,17,balanced_08,4,lyapunov_state_adaptive,15972,4124,768,2962,True,True
20260847,17,balanced_08,4,raw_state_adaptive,15944,5408,768,2634,True,True
20260847,17,balanced_08,4,correlation_only_adaptive,15972,4124,768,2962,True,True
20260847,17,balanced_08,4,state_oracle,15900,10000,0,1475,True,True
20260847,17,balanced_08,4,fixed_q1_oracle_eta,16000,3200,0,3200,True,True
20260847,17,balanced_08,4,fixed_q4_oracle_eta,16000,8000,0,2000,True,True
20260847,17,balanced_08,4,fixed_q8_oracle_eta,15936,10624,0,1328,True,True
20260847,17,balanced_08,4,fixed_q32_oracle_eta,15840,14080,0,440,True,True
20260847,17,independent,16,lyapunov_state_adaptive,15976,7480,768,2124,True,True
20260847,17,independent,16,raw_state_adaptive,15936,10088,768,1462,True,True
20260847,17,independent,16,correlation_only_adaptive,15976,7164,768,2203,True,True
20260847,17,independent,16,state_oracle,15840,14080,0,440,True,True
20260847,17,independent,16,fixed_q1_oracle_eta,16000,3200,0,3200,True,True
20260847,17,independent,16,fixed_q4_oracle_eta,16000,8000,0,2000,True,True
20260847,17,independent,16,fixed_q8_oracle_eta,15936,10624,0,1328,True,True
20260847,17,independent,16,fixed_q32_oracle_eta,15840,14080,0,440,True,True
20260847,17,global_08,16,lyapunov_state_adaptive,15968,3552,768,3104,True,True
20260847,17,global_08,16,raw_state_adaptive,15968,3552,768,3104,True,True
20260847,17,global_08,16,correlation_only_adaptive,15968,3552,768,3104,True,True
20260847,17,global_08,16,state_oracle,15900,10000,0,1475,True,True
20260847,17,global_08,16,fixed_q1_oracle_eta,16000,3200,0,3200,True,True
20260847,17,global_08,16,fixed_q4_oracle_eta,16000,8000,0,2000,True,True
20260847,17,global_08,16,fixed_q8_oracle_eta,15936,10624,0,1328,True,True
20260847,17,global_08,16,fixed_q32_oracle_eta,15840,14080,0,440,True,True
20260847,17,clustered_08,16,lyapunov_state_adaptive,15994,7174,768,2205,True,True
20260847,17,clustered_08,16,raw_state_adaptive,15952,6360,768,2398,True,True
20260847,17,clustered_08,16,correlation_only_adaptive,15980,5076,768,2726,True,True
20260847,17,clustered_08,16,state_oracle,15940,10280,0,1415,True,True
20260847,17,clustered_08,16,fixed_q1_oracle_eta,16000,3200,0,3200,True,True
20260847,17,clustered_08,16,fixed_q4_oracle_eta,16000,8000,0,2000,True,True
20260847,17,clustered_08,16,fixed_q8_oracle_eta,15936,10624,0,1328,True,True
20260847,17,clustered_08,16,fixed_q32_oracle_eta,15840,14080,0,440,True,True
20260847,17,balanced_08,16,lyapunov_state_adaptive,15974,4378,768,2899,True,True
20260847,17,balanced_08,16,raw_state_adaptive,15944,5344,768,2650,True,True
20260847,17,balanced_08,16,correlation_only_adaptive,15974,4378,768,2899,True,True
20260847,17,balanced_08,16,state_oracle,15920,8640,0,1820,True,True
20260847,17,balanced_08,16,fixed_q1_oracle_eta,16000,3200,0,3200,True,True
20260847,17,balanced_08,16,fixed_q4_oracle_eta,16000,8000,0,2000,True,True
20260847,17,balanced_08,16,fixed_q8_oracle_eta,15936,10624,0,1328,True,True
20260847,17,balanced_08,16,fixed_q32_oracle_eta,15840,14080,0,440,True,True
20260848,18,independent,4,lyapunov_state_adaptive,15896,10576,768,1330,True,True
20260848,18,independent,4,raw_state_adaptive,15894,10258,768,1409,True,True
20260848,18,independent,4,correlation_only_adaptive,15894,10258,768,1409,True,True
20260848,18,independent,4,state_oracle,15840,14080,0,440,True,True
20260848,18,independent,4,fixed_q1_oracle_eta,16000,3200,0,3200,True,True
20260848,18,independent,4,fixed_q4_oracle_eta,16000,8000,0,2000,True,True
20260848,18,independent,4,fixed_q8_oracle_eta,15936,10624,0,1328,True,True
20260848,18,independent,4,fixed_q32_oracle_eta,15840,14080,0,440,True,True
20260848,18,global_08,4,lyapunov_state_adaptive,15968,3552,768,3104,True,True
20260848,18,global_08,4,raw_state_adaptive,15940,4836,768,2776,True,True
20260848,18,global_08,4,correlation_only_adaptive,15968,3552,768,3104,True,True
20260848,18,global_08,4,state_oracle,15900,10000,0,1475,True,True
20260848,18,global_08,4,fixed_q1_oracle_eta,16000,3200,0,3200,True,True
20260848,18,global_08,4,fixed_q4_oracle_eta,16000,8000,0,2000,True,True
20260848,18,global_08,4,fixed_q8_oracle_eta,15936,10624,0,1328,True,True
20260848,18,global_08,4,fixed_q32_oracle_eta,15840,14080,0,440,True,True
20260848,18,clustered_08,4,lyapunov_state_adaptive,16000,8128,768,1968,True,True
20260848,18,clustered_08,4,raw_state_adaptive,16000,8128,768,1968,True,True
20260848,18,clustered_08,4,correlation_only_adaptive,15994,7174,768,2205,True,True
20260848,18,clustered_08,4,state_oracle,15920,11040,0,1220,True,True
20260848,18,clustered_08,4,fixed_q1_oracle_eta,16000,3200,0,3200,True,True
20260848,18,clustered_08,4,fixed_q4_oracle_eta,16000,8000,0,2000,True,True
20260848,18,clustered_08,4,fixed_q8_oracle_eta,15936,10624,0,1328,True,True
20260848,18,clustered_08,4,fixed_q32_oracle_eta,15840,14080,0,440,True,True
20260848,18,balanced_08,4,lyapunov_state_adaptive,15968,3552,768,3104,True,True
20260848,18,balanced_08,4,raw_state_adaptive,15940,4836,768,2776,True,True
20260848,18,balanced_08,4,correlation_only_adaptive,15968,3552,768,3104,True,True
20260848,18,balanced_08,4,state_oracle,15900,10000,0,1475,True,True
20260848,18,balanced_08,4,fixed_q1_oracle_eta,16000,3200,0,3200,True,True
20260848,18,balanced_08,4,fixed_q4_oracle_eta,16000,8000,0,2000,True,True
20260848,18,balanced_08,4,fixed_q8_oracle_eta,15936,10624,0,1328,True,True
20260848,18,balanced_08,4,fixed_q32_oracle_eta,15840,14080,0,440,True,True
20260848,18,independent,16,lyapunov_state_adaptive,15992,6920,768,2268,True,True
20260848,18,independent,16,raw_state_adaptive,15958,7314,768,2161,True,True
20260848,18,independent,16,correlation_only_adaptive,15982,6914,768,2267,True,True
20260848,18,independent,16,state_oracle,15840,14080,0,440,True,True
20260848,18,independent,16,fixed_q1_oracle_eta,16000,3200,0,3200,True,True
20260848,18,independent,16,fixed_q4_oracle_eta,16000,8000,0,2000,True,True
20260848,18,independent,16,fixed_q8_oracle_eta,15936,10624,0,1328,True,True
20260848,18,independent,16,fixed_q32_oracle_eta,15840,14080,0,440,True,True
20260848,18,global_08,16,lyapunov_state_adaptive,15968,3552,768,3104,True,True
20260848,18,global_08,16,raw_state_adaptive,15912,6120,768,2448,True,True
20260848,18,global_08,16,correlation_only_adaptive,15968,3552,768,3104,True,True
20260848,18,global_08,16,state_oracle,15900,10000,0,1475,True,True
20260848,18,global_08,16,fixed_q1_oracle_eta,16000,3200,0,3200,True,True
20260848,18,global_08,16,fixed_q4_oracle_eta,16000,8000,0,2000,True,True
20260848,18,global_08,16,fixed_q8_oracle_eta,15936,10624,0,1328,True,True
20260848,18,global_08,16,fixed_q32_oracle_eta,15840,14080,0,440,True,True
20260848,18,clustered_08,16,lyapunov_state_adaptive,15984,5840,768,2536,True,True
20260848,18,clustered_08,16,raw_state_adaptive,15930,8662,768,1817,True,True
20260848,18,clustered_08,16,correlation_only_adaptive,15984,5840,768,2536,True,True
20260848,18,clustered_08,16,state_oracle,15892,12128,0,941,True,True
20260848,18,clustered_08,16,fixed_q1_oracle_eta,16000,3200,0,3200,True,True
20260848,18,clustered_08,16,fixed_q4_oracle_eta,16000,8000,0,2000,True,True
20260848,18,clustered_08,16,fixed_q8_oracle_eta,15936,10624,0,1328,True,True
20260848,18,clustered_08,16,fixed_q32_oracle_eta,15840,14080,0,440,True,True
20260848,18,balanced_08,16,lyapunov_state_adaptive,15970,3806,768,3041,True,True
20260848,18,balanced_08,16,raw_state_adaptive,15970,3806,768,3041,True,True
20260848,18,balanced_08,16,correlation_only_adaptive,15970,3806,768,3041,True,True
20260848,18,balanced_08,16,state_oracle,15900,10000,0,1475,True,True
20260848,18,balanced_08,16,fixed_q1_oracle_eta,16000,3200,0,3200,True,True
20260848,18,balanced_08,16,fixed_q4_oracle_eta,16000,8000,0,2000,True,True
20260848,18,balanced_08,16,fixed_q8_oracle_eta,15936,10624,0,1328,True,True
20260848,18,balanced_08,16,fixed_q32_oracle_eta,15840,14080,0,440,True,True
20260849,19,independent,4,lyapunov_state_adaptive,15980,5076,768,2726,True,True
20260849,19,independent,4,raw_state_adaptive,15954,6614,768,2335,True,True
20260849,19,independent,4,correlation_only_adaptive,15980,5076,768,2726,True,True
20260849,19,independent,4,state_oracle,15840,14080,0,440,True,True
20260849,19,independent,4,fixed_q1_oracle_eta,16000,3200,0,3200,True,True
20260849,19,independent,4,fixed_q4_oracle_eta,16000,8000,0,2000,True,True
20260849,19,independent,4,fixed_q8_oracle_eta,15936,10624,0,1328,True,True
20260849,19,independent,4,fixed_q32_oracle_eta,15840,14080,0,440,True,True
20260849,19,global_08,4,lyapunov_state_adaptive,15968,3552,768,3104,True,True
20260849,19,global_08,4,raw_state_adaptive,15912,6120,768,2448,True,True
20260849,19,global_08,4,correlation_only_adaptive,15968,3552,768,3104,True,True
20260849,19,global_08,4,state_oracle,15900,10000,0,1475,True,True
20260849,19,global_08,4,fixed_q1_oracle_eta,16000,3200,0,3200,True,True
20260849,19,global_08,4,fixed_q4_oracle_eta,16000,8000,0,2000,True,True
20260849,19,global_08,4,fixed_q8_oracle_eta,15936,10624,0,1328,True,True
20260849,19,global_08,4,fixed_q32_oracle_eta,15840,14080,0,440,True,True
20260849,19,clustered_08,4,lyapunov_state_adaptive,15996,7492,768,2126,True,True
20260849,19,clustered_08,4,raw_state_adaptive,15996,7492,768,2126,True,True
20260849,19,clustered_08,4,correlation_only_adaptive,15996,7492,768,2126,True,True
20260849,19,clustered_08,4,state_oracle,15880,12560,0,830,True,True
20260849,19,clustered_08,4,fixed_q1_oracle_eta,16000,3200,0,3200,True,True
20260849,19,clustered_08,4,fixed_q4_oracle_eta,16000,8000,0,2000,True,True
20260849,19,clustered_08,4,fixed_q8_oracle_eta,15936,10624,0,1328,True,True
20260849,19,clustered_08,4,fixed_q32_oracle_eta,15840,14080,0,440,True,True
20260849,19,balanced_08,4,lyapunov_state_adaptive,15970,3806,768,3041,True,True
20260849,19,balanced_08,4,raw_state_adaptive,15970,3806,768,3041,True,True
20260849,19,balanced_08,4,correlation_only_adaptive,15968,3552,768,3104,True,True
20260849,19,balanced_08,4,state_oracle,15900,10000,0,1475,True,True
20260849,19,balanced_08,4,fixed_q1_oracle_eta,16000,3200,0,3200,True,True
20260849,19,balanced_08,4,fixed_q4_oracle_eta,16000,8000,0,2000,True,True
20260849,19,balanced_08,4,fixed_q8_oracle_eta,15936,10624,0,1328,True,True
20260849,19,balanced_08,4,fixed_q32_oracle_eta,15840,14080,0,440,True,True
20260849,19,independent,16,lyapunov_state_adaptive,15920,8276,768,1911,True,True
20260849,19,independent,16,raw_state_adaptive,15836,11052,768,1196,True,True
20260849,19,independent,16,correlation_only_adaptive,15916,7768,768,2037,True,True
20260849,19,independent,16,state_oracle,15840,14080,0,440,True,True
20260849,19,independent,16,fixed_q1_oracle_eta,16000,3200,0,3200,True,True
20260849,19,independent,16,fixed_q4_oracle_eta,16000,8000,0,2000,True,True
20260849,19,independent,16,fixed_q8_oracle_eta,15936,10624,0,1328,True,True
20260849,19,independent,16,fixed_q32_oracle_eta,15840,14080,0,440,True,True
20260849,19,global_08,16,lyapunov_state_adaptive,15970,3806,768,3041,True,True
20260849,19,global_08,16,raw_state_adaptive,15970,3806,768,3041,True,True
20260849,19,global_08,16,correlation_only_adaptive,15970,3806,768,3041,True,True
20260849,19,global_08,16,state_oracle,15900,10000,0,1475,True,True
20260849,19,global_08,16,fixed_q1_oracle_eta,16000,3200,0,3200,True,True
20260849,19,global_08,16,fixed_q4_oracle_eta,16000,8000,0,2000,True,True
20260849,19,global_08,16,fixed_q8_oracle_eta,15936,10624,0,1328,True,True
20260849,19,global_08,16,fixed_q32_oracle_eta,15840,14080,0,440,True,True
20260849,19,clustered_08,16,lyapunov_state_adaptive,16000,8128,768,1968,True,True
20260849,19,clustered_08,16,raw_state_adaptive,15964,9408,768,1639,True,True
20260849,19,clustered_08,16,correlation_only_adaptive,16000,8128,768,1968,True,True
20260849,19,clustered_08,16,state_oracle,15880,12560,0,830,True,True
20260849,19,clustered_08,16,fixed_q1_oracle_eta,16000,3200,0,3200,True,True
20260849,19,clustered_08,16,fixed_q4_oracle_eta,16000,8000,0,2000,True,True
20260849,19,clustered_08,16,fixed_q8_oracle_eta,15936,10624,0,1328,True,True
20260849,19,clustered_08,16,fixed_q32_oracle_eta,15840,14080,0,440,True,True
20260849,19,balanced_08,16,lyapunov_state_adaptive,15974,4378,768,2899,True,True
20260849,19,balanced_08,16,raw_state_adaptive,15946,5662,768,2571,True,True
20260849,19,balanced_08,16,correlation_only_adaptive,15974,4378,768,2899,True,True
20260849,19,balanced_08,16,state_oracle,15940,7280,0,2165,True,True
20260849,19,balanced_08,16,fixed_q1_oracle_eta,16000,3200,0,3200,True,True
20260849,19,balanced_08,16,fixed_q4_oracle_eta,16000,8000,0,2000,True,True
20260849,19,balanced_08,16,fixed_q8_oracle_eta,15936,10624,0,1328,True,True
20260849,19,balanced_08,16,fixed_q32_oracle_eta,15840,14080,0,440,True,True
20260850,20,independent,4,lyapunov_state_adaptive,15908,11056,768,1213,True,True
20260850,20,independent,4,raw_state_adaptive,15912,10108,768,1451,True,True
20260850,20,independent,4,correlation_only_adaptive,15908,11056,768,1213,True,True
20260850,20,independent,4,state_oracle,15840,14080,0,440,True,True
20260850,20,independent,4,fixed_q1_oracle_eta,16000,3200,0,3200,True,True
20260850,20,independent,4,fixed_q4_oracle_eta,16000,8000,0,2000,True,True
20260850,20,independent,4,fixed_q8_oracle_eta,15936,10624,0,1328,True,True
20260850,20,independent,4,fixed_q32_oracle_eta,15840,14080,0,440,True,True
20260850,20,global_08,4,lyapunov_state_adaptive,15968,3552,768,3104,True,True
20260850,20,global_08,4,raw_state_adaptive,15968,3552,768,3104,True,True
20260850,20,global_08,4,correlation_only_adaptive,15968,3552,768,3104,True,True
20260850,20,global_08,4,state_oracle,15960,5920,0,2510,True,True
20260850,20,global_08,4,fixed_q1_oracle_eta,16000,3200,0,3200,True,True
20260850,20,global_08,4,fixed_q4_oracle_eta,16000,8000,0,2000,True,True
20260850,20,global_08,4,fixed_q8_oracle_eta,15936,10624,0,1328,True,True
20260850,20,global_08,4,fixed_q32_oracle_eta,15840,14080,0,440,True,True
20260850,20,clustered_08,4,lyapunov_state_adaptive,15990,6538,768,2363,True,True
20260850,20,clustered_08,4,raw_state_adaptive,15934,9234,768,1675,True,True
20260850,20,clustered_08,4,correlation_only_adaptive,15986,6030,768,2489,True,True
20260850,20,clustered_08,4,state_oracle,15940,10280,0,1415,True,True
20260850,20,clustered_08,4,fixed_q1_oracle_eta,16000,3200,0,3200,True,True
20260850,20,clustered_08,4,fixed_q4_oracle_eta,16000,8000,0,2000,True,True
20260850,20,clustered_08,4,fixed_q8_oracle_eta,15936,10624,0,1328,True,True
20260850,20,clustered_08,4,fixed_q32_oracle_eta,15840,14080,0,440,True,True
20260850,20,balanced_08,4,lyapunov_state_adaptive,15968,3552,768,3104,True,True
20260850,20,balanced_08,4,raw_state_adaptive,15912,6120,768,2448,True,True
20260850,20,balanced_08,4,correlation_only_adaptive,15968,3552,768,3104,True,True
20260850,20,balanced_08,4,state_oracle,15880,11360,0,1130,True,True
20260850,20,balanced_08,4,fixed_q1_oracle_eta,16000,3200,0,3200,True,True
20260850,20,balanced_08,4,fixed_q4_oracle_eta,16000,8000,0,2000,True,True
20260850,20,balanced_08,4,fixed_q8_oracle_eta,15936,10624,0,1328,True,True
20260850,20,balanced_08,4,fixed_q32_oracle_eta,15840,14080,0,440,True,True
20260850,20,independent,16,lyapunov_state_adaptive,15986,6094,768,2473,True,True
20260850,20,independent,16,raw_state_adaptive,15896,8992,768,1726,True,True
20260850,20,independent,16,correlation_only_adaptive,15986,6094,768,2473,True,True
20260850,20,independent,16,state_oracle,15860,13920,0,485,True,True
20260850,20,independent,16,fixed_q1_oracle_eta,16000,3200,0,3200,True,True
20260850,20,independent,16,fixed_q4_oracle_eta,16000,8000,0,2000,True,True
20260850,20,independent,16,fixed_q8_oracle_eta,15936,10624,0,1328,True,True
20260850,20,independent,16,fixed_q32_oracle_eta,15840,14080,0,440,True,True
20260850,20,global_08,16,lyapunov_state_adaptive,15968,3552,768,3104,True,True
20260850,20,global_08,16,raw_state_adaptive,15968,3552,768,3104,True,True
20260850,20,global_08,16,correlation_only_adaptive,15968,3552,768,3104,True,True
20260850,20,global_08,16,state_oracle,15940,7280,0,2165,True,True
20260850,20,global_08,16,fixed_q1_oracle_eta,16000,3200,0,3200,True,True
20260850,20,global_08,16,fixed_q4_oracle_eta,16000,8000,0,2000,True,True
20260850,20,global_08,16,fixed_q8_oracle_eta,15936,10624,0,1328,True,True
20260850,20,global_08,16,fixed_q32_oracle_eta,15840,14080,0,440,True,True
20260850,20,clustered_08,16,lyapunov_state_adaptive,15976,4568,768,2852,True,True
20260850,20,clustered_08,16,raw_state_adaptive,15900,9628,768,1568,True,True
20260850,20,clustered_08,16,correlation_only_adaptive,15976,4568,768,2852,True,True
20260850,20,clustered_08,16,state_oracle,15900,11800,0,1025,True,True
20260850,20,clustered_08,16,fixed_q1_oracle_eta,16000,3200,0,3200,True,True
20260850,20,clustered_08,16,fixed_q4_oracle_eta,16000,8000,0,2000,True,True
20260850,20,clustered_08,16,fixed_q8_oracle_eta,15936,10624,0,1328,True,True
20260850,20,clustered_08,16,fixed_q32_oracle_eta,15840,14080,0,440,True,True
20260850,20,balanced_08,16,lyapunov_state_adaptive,15968,3552,768,3104,True,True
20260850,20,balanced_08,16,raw_state_adaptive,15940,4836,768,2776,True,True
20260850,20,balanced_08,16,correlation_only_adaptive,15968,3552,768,3104,True,True
20260850,20,balanced_08,16,state_oracle,15880,11360,0,1130,True,True
20260850,20,balanced_08,16,fixed_q1_oracle_eta,16000,3200,0,3200,True,True
20260850,20,balanced_08,16,fixed_q4_oracle_eta,16000,8000,0,2000,True,True
20260850,20,balanced_08,16,fixed_q8_oracle_eta,15936,10624,0,1328,True,True
20260850,20,balanced_08,16,fixed_q32_oracle_eta,15840,14080,0,440,True,True
20260851,21,independent,4,lyapunov_state_adaptive,15954,8198,768,1939,True,True
20260851,21,independent,4,raw_state_adaptive,15826,12250,768,894,True,True
20260851,21,independent,4,correlation_only_adaptive,15978,7798,768,2045,True,True
20260851,21,independent,4,state_oracle,15840,14080,0,440,True,True
20260851,21,independent,4,fixed_q1_oracle_eta,16000,3200,0,3200,True,True
20260851,21,independent,4,fixed_q4_oracle_eta,16000,8000,0,2000,True,True
20260851,21,independent,4,fixed_q8_oracle_eta,15936,10624,0,1328,True,True
20260851,21,independent,4,fixed_q32_oracle_eta,15840,14080,0,440,True,True
20260851,21,global_08,4,lyapunov_state_adaptive,15968,3552,768,3104,True,True
20260851,21,global_08,4,raw_state_adaptive,15968,3552,768,3104,True,True
20260851,21,global_08,4,correlation_only_adaptive,15968,3552,768,3104,True,True
20260851,21,global_08,4,state_oracle,15900,10000,0,1475,True,True
20260851,21,global_08,4,fixed_q1_oracle_eta,16000,3200,0,3200,True,True
20260851,21,global_08,4,fixed_q4_oracle_eta,16000,8000,0,2000,True,True
20260851,21,global_08,4,fixed_q8_oracle_eta,15936,10624,0,1328,True,True
20260851,21,global_08,4,fixed_q32_oracle_eta,15840,14080,0,440,True,True
20260851,21,clustered_08,4,lyapunov_state_adaptive,15998,7810,768,2047,True,True
20260851,21,clustered_08,4,raw_state_adaptive,15962,7886,768,2019,True,True
20260851,21,clustered_08,4,correlation_only_adaptive,15986,6030,768,2489,True,True
20260851,21,clustered_08,4,state_oracle,15920,11040,0,1220,True,True
20260851,21,clustered_08,4,fixed_q1_oracle_eta,16000,3200,0,3200,True,True
20260851,21,clustered_08,4,fixed_q4_oracle_eta,16000,8000,0,2000,True,True
20260851,21,clustered_08,4,fixed_q8_oracle_eta,15936,10624,0,1328,True,True
20260851,21,clustered_08,4,fixed_q32_oracle_eta,15840,14080,0,440,True,True
20260851,21,balanced_08,4,lyapunov_state_adaptive,15974,4378,768,2899,True,True
20260851,21,balanced_08,4,raw_state_adaptive,15938,5974,768,2491,True,True
20260851,21,balanced_08,4,correlation_only_adaptive,15972,4124,768,2962,True,True
20260851,21,balanced_08,4,state_oracle,15900,10000,0,1475,True,True
20260851,21,balanced_08,4,fixed_q1_oracle_eta,16000,3200,0,3200,True,True
20260851,21,balanced_08,4,fixed_q4_oracle_eta,16000,8000,0,2000,True,True
20260851,21,balanced_08,4,fixed_q8_oracle_eta,15936,10624,0,1328,True,True
20260851,21,balanced_08,4,fixed_q32_oracle_eta,15840,14080,0,440,True,True
20260851,21,independent,16,lyapunov_state_adaptive,15884,10252,768,1408,True,True
20260851,21,independent,16,raw_state_adaptive,15970,6590,768,2345,True,True
20260851,21,independent,16,correlation_only_adaptive,15970,6590,768,2345,True,True
20260851,21,independent,16,state_oracle,15840,14080,0,440,True,True
20260851,21,independent,16,fixed_q1_oracle_eta,16000,3200,0,3200,True,True
20260851,21,independent,16,fixed_q4_oracle_eta,16000,8000,0,2000,True,True
20260851,21,independent,16,fixed_q8_oracle_eta,15936,10624,0,1328,True,True
20260851,21,independent,16,fixed_q32_oracle_eta,15840,14080,0,440,True,True
20260851,21,global_08,16,lyapunov_state_adaptive,15968,3552,768,3104,True,True
20260851,21,global_08,16,raw_state_adaptive,15968,3552,768,3104,True,True
20260851,21,global_08,16,correlation_only_adaptive,15968,3552,768,3104,True,True
20260851,21,global_08,16,state_oracle,15900,10000,0,1475,True,True
20260851,21,global_08,16,fixed_q1_oracle_eta,16000,3200,0,3200,True,True
20260851,21,global_08,16,fixed_q4_oracle_eta,16000,8000,0,2000,True,True
20260851,21,global_08,16,fixed_q8_oracle_eta,15936,10624,0,1328,True,True
20260851,21,global_08,16,fixed_q32_oracle_eta,15840,14080,0,440,True,True
20260851,21,clustered_08,16,lyapunov_state_adaptive,16000,8128,768,1968,True,True
20260851,21,clustered_08,16,raw_state_adaptive,16000,8128,768,1968,True,True
20260851,21,clustered_08,16,correlation_only_adaptive,16000,8128,768,1968,True,True
20260851,21,clustered_08,16,state_oracle,15900,11800,0,1025,True,True
20260851,21,clustered_08,16,fixed_q1_oracle_eta,16000,3200,0,3200,True,True
20260851,21,clustered_08,16,fixed_q4_oracle_eta,16000,8000,0,2000,True,True
20260851,21,clustered_08,16,fixed_q8_oracle_eta,15936,10624,0,1328,True,True
20260851,21,clustered_08,16,fixed_q32_oracle_eta,15840,14080,0,440,True,True
20260851,21,balanced_08,16,lyapunov_state_adaptive,15976,4568,768,2852,True,True
20260851,21,balanced_08,16,raw_state_adaptive,15978,4822,768,2789,True,True
20260851,21,balanced_08,16,correlation_only_adaptive,15972,4060,768,2978,True,True
20260851,21,balanced_08,16,state_oracle,15860,12720,0,785,True,True
20260851,21,balanced_08,16,fixed_q1_oracle_eta,16000,3200,0,3200,True,True
20260851,21,balanced_08,16,fixed_q4_oracle_eta,16000,8000,0,2000,True,True
20260851,21,balanced_08,16,fixed_q8_oracle_eta,15936,10624,0,1328,True,True
20260851,21,balanced_08,16,fixed_q32_oracle_eta,15840,14080,0,440,True,True
20260852,22,independent,4,lyapunov_state_adaptive,15950,7562,768,2097,True,True
20260852,22,independent,4,raw_state_adaptive,15920,8592,768,1832,True,True
20260852,22,independent,4,correlation_only_adaptive,15950,7562,768,2097,True,True
20260852,22,independent,4,state_oracle,15840,14080,0,440,True,True
20260852,22,independent,4,fixed_q1_oracle_eta,16000,3200,0,3200,True,True
20260852,22,independent,4,fixed_q4_oracle_eta,16000,8000,0,2000,True,True
20260852,22,independent,4,fixed_q8_oracle_eta,15936,10624,0,1328,True,True
20260852,22,independent,4,fixed_q32_oracle_eta,15840,14080,0,440,True,True
20260852,22,global_08,4,lyapunov_state_adaptive,15968,3552,768,3104,True,True
20260852,22,global_08,4,raw_state_adaptive,15940,4836,768,2776,True,True
20260852,22,global_08,4,correlation_only_adaptive,15968,3552,768,3104,True,True
20260852,22,global_08,4,state_oracle,15880,11360,0,1130,True,True
20260852,22,global_08,4,fixed_q1_oracle_eta,16000,3200,0,3200,True,True
20260852,22,global_08,4,fixed_q4_oracle_eta,16000,8000,0,2000,True,True
20260852,22,global_08,4,fixed_q8_oracle_eta,15936,10624,0,1328,True,True
20260852,22,global_08,4,fixed_q32_oracle_eta,15840,14080,0,440,True,True
20260852,22,clustered_08,4,lyapunov_state_adaptive,15990,6538,768,2363,True,True
20260852,22,clustered_08,4,raw_state_adaptive,15992,6984,768,2252,True,True
20260852,22,clustered_08,4,correlation_only_adaptive,15992,6984,768,2252,True,True
20260852,22,clustered_08,4,state_oracle,15980,8760,0,1805,True,True
20260852,22,clustered_08,4,fixed_q1_oracle_eta,16000,3200,0,3200,True,True
20260852,22,clustered_08,4,fixed_q4_oracle_eta,16000,8000,0,2000,True,True
20260852,22,clustered_08,4,fixed_q8_oracle_eta,15936,10624,0,1328,True,True
20260852,22,clustered_08,4,fixed_q32_oracle_eta,15840,14080,0,440,True,True
20260852,22,balanced_08,4,lyapunov_state_adaptive,15976,4696,768,2820,True,True
20260852,22,balanced_08,4,raw_state_adaptive,15948,5980,768,2492,True,True
20260852,22,balanced_08,4,correlation_only_adaptive,15976,4696,768,2820,True,True
20260852,22,balanced_08,4,state_oracle,15900,10000,0,1475,True,True
20260852,22,balanced_08,4,fixed_q1_oracle_eta,16000,3200,0,3200,True,True
20260852,22,balanced_08,4,fixed_q4_oracle_eta,16000,8000,0,2000,True,True
20260852,22,balanced_08,4,fixed_q8_oracle_eta,15936,10624,0,1328,True,True
20260852,22,balanced_08,4,fixed_q32_oracle_eta,15840,14080,0,440,True,True
20260852,22,independent,16,lyapunov_state_adaptive,15974,4314,768,2915,True,True
20260852,22,independent,16,raw_state_adaptive,15968,8616,768,1838,True,True
20260852,22,independent,16,correlation_only_adaptive,15974,5454,768,2630,True,True
20260852,22,independent,16,state_oracle,15840,14080,0,440,True,True
20260852,22,independent,16,fixed_q1_oracle_eta,16000,3200,0,3200,True,True
20260852,22,independent,16,fixed_q4_oracle_eta,16000,8000,0,2000,True,True
20260852,22,independent,16,fixed_q8_oracle_eta,15936,10624,0,1328,True,True
20260852,22,independent,16,fixed_q32_oracle_eta,15840,14080,0,440,True,True
20260852,22,global_08,16,lyapunov_state_adaptive,15968,3552,768,3104,True,True
20260852,22,global_08,16,raw_state_adaptive,15884,7404,768,2120,True,True
20260852,22,global_08,16,correlation_only_adaptive,15968,3552,768,3104,True,True
20260852,22,global_08,16,state_oracle,15880,11360,0,1130,True,True
20260852,22,global_08,16,fixed_q1_oracle_eta,16000,3200,0,3200,True,True
20260852,22,global_08,16,fixed_q4_oracle_eta,16000,8000,0,2000,True,True
20260852,22,global_08,16,fixed_q8_oracle_eta,15936,10624,0,1328,True,True
20260852,22,global_08,16,fixed_q32_oracle_eta,15840,14080,0,440,True,True
20260852,22,clustered_08,16,lyapunov_state_adaptive,15994,7174,768,2205,True,True
20260852,22,clustered_08,16,raw_state_adaptive,15934,9234,768,1675,True,True
20260852,22,clustered_08,16,correlation_only_adaptive,15994,7174,768,2205,True,True
20260852,22,clustered_08,16,state_oracle,15980,8760,0,1805,True,True
20260852,22,clustered_08,16,fixed_q1_oracle_eta,16000,3200,0,3200,True,True
20260852,22,clustered_08,16,fixed_q4_oracle_eta,16000,8000,0,2000,True,True
20260852,22,clustered_08,16,fixed_q8_oracle_eta,15936,10624,0,1328,True,True
20260852,22,clustered_08,16,fixed_q32_oracle_eta,15840,14080,0,440,True,True
20260852,22,balanced_08,16,lyapunov_state_adaptive,15980,5204,768,2694,True,True
20260852,22,balanced_08,16,raw_state_adaptive,15946,5662,768,2571,True,True
20260852,22,balanced_08,16,correlation_only_adaptive,15980,5204,768,2694,True,True
20260852,22,balanced_08,16,state_oracle,15880,11360,0,1130,True,True
20260852,22,balanced_08,16,fixed_q1_oracle_eta,16000,3200,0,3200,True,True
20260852,22,balanced_08,16,fixed_q4_oracle_eta,16000,8000,0,2000,True,True
20260852,22,balanced_08,16,fixed_q8_oracle_eta,15936,10624,0,1328,True,True
20260852,22,balanced_08,16,fixed_q32_oracle_eta,15840,14080,0,440,True,True
20260853,23,independent,4,lyapunov_state_adaptive,15946,9714,768,1558,True,True
20260853,23,independent,4,raw_state_adaptive,15946,9714,768,1558,True,True
20260853,23,independent,4,correlation_only_adaptive,15910,10170,768,1435,True,True
20260853,23,independent,4,state_oracle,15840,14080,0,440,True,True
20260853,23,independent,4,fixed_q1_oracle_eta,16000,3200,0,3200,True,True
20260853,23,independent,4,fixed_q4_oracle_eta,16000,8000,0,2000,True,True
20260853,23,independent,4,fixed_q8_oracle_eta,15936,10624,0,1328,True,True
20260853,23,independent,4,fixed_q32_oracle_eta,15840,14080,0,440,True,True
20260853,23,global_08,4,lyapunov_state_adaptive,15968,3552,768,3104,True,True
20260853,23,global_08,4,raw_state_adaptive,15940,4836,768,2776,True,True
20260853,23,global_08,4,correlation_only_adaptive,15968,3552,768,3104,True,True
20260853,23,global_08,4,state_oracle,15900,10000,0,1475,True,True
20260853,23,global_08,4,fixed_q1_oracle_eta,16000,3200,0,3200,True,True
20260853,23,global_08,4,fixed_q4_oracle_eta,16000,8000,0,2000,True,True
20260853,23,global_08,4,fixed_q8_oracle_eta,15936,10624,0,1328,True,True
20260853,23,global_08,4,fixed_q32_oracle_eta,15840,14080,0,440,True,True
20260853,23,clustered_08,4,lyapunov_state_adaptive,15998,7810,768,2047,True,True
20260853,23,clustered_08,4,raw_state_adaptive,15934,9234,768,1675,True,True
20260853,23,clustered_08,4,correlation_only_adaptive,15998,7810,768,2047,True,True
20260853,23,clustered_08,4,state_oracle,15900,11800,0,1025,True,True
20260853,23,clustered_08,4,fixed_q1_oracle_eta,16000,3200,0,3200,True,True
20260853,23,clustered_08,4,fixed_q4_oracle_eta,16000,8000,0,2000,True,True
20260853,23,clustered_08,4,fixed_q8_oracle_eta,15936,10624,0,1328,True,True
20260853,23,clustered_08,4,fixed_q32_oracle_eta,15840,14080,0,440,True,True
20260853,23,balanced_08,4,lyapunov_state_adaptive,15968,3552,768,3104,True,True
20260853,23,balanced_08,4,raw_state_adaptive,15940,4836,768,2776,True,True
20260853,23,balanced_08,4,correlation_only_adaptive,15968,3552,768,3104,True,True
20260853,23,balanced_08,4,state_oracle,15900,10000,0,1475,True,True
20260853,23,balanced_08,4,fixed_q1_oracle_eta,16000,3200,0,3200,True,True
20260853,23,balanced_08,4,fixed_q4_oracle_eta,16000,8000,0,2000,True,True
20260853,23,balanced_08,4,fixed_q8_oracle_eta,15936,10624,0,1328,True,True
20260853,23,balanced_08,4,fixed_q32_oracle_eta,15840,14080,0,440,True,True
20260853,23,independent,16,lyapunov_state_adaptive,15800,12712,768,772,True,True
20260853,23,independent,16,raw_state_adaptive,15874,11450,768,1106,True,True
20260853,23,independent,16,correlation_only_adaptive,15800,12712,768,772,True,True
20260853,23,independent,16,state_oracle,15840,14080,0,440,True,True
20260853,23,independent,16,fixed_q1_oracle_eta,16000,3200,0,3200,True,True
20260853,23,independent,16,fixed_q4_oracle_eta,16000,8000,0,2000,True,True
20260853,23,independent,16,fixed_q8_oracle_eta,15936,10624,0,1328,True,True
20260853,23,independent,16,fixed_q32_oracle_eta,15840,14080,0,440,True,True
20260853,23,global_08,16,lyapunov_state_adaptive,15968,3552,768,3104,True,True
20260853,23,global_08,16,raw_state_adaptive,15968,3552,768,3104,True,True
20260853,23,global_08,16,correlation_only_adaptive,15968,3552,768,3104,True,True
20260853,23,global_08,16,state_oracle,15900,10000,0,1475,True,True
20260853,23,global_08,16,fixed_q1_oracle_eta,16000,3200,0,3200,True,True
20260853,23,global_08,16,fixed_q4_oracle_eta,16000,8000,0,2000,True,True
20260853,23,global_08,16,fixed_q8_oracle_eta,15936,10624,0,1328,True,True
20260853,23,global_08,16,fixed_q32_oracle_eta,15840,14080,0,440,True,True
20260853,23,clustered_08,16,lyapunov_state_adaptive,16000,8128,768,1968,True,True
20260853,23,clustered_08,16,raw_state_adaptive,15968,8840,768,1782,True,True
20260853,23,clustered_08,16,correlation_only_adaptive,16000,8128,768,1968,True,True
20260853,23,clustered_08,16,state_oracle,15900,11800,0,1025,True,True
20260853,23,clustered_08,16,fixed_q1_oracle_eta,16000,3200,0,3200,True,True
20260853,23,clustered_08,16,fixed_q4_oracle_eta,16000,8000,0,2000,True,True
20260853,23,clustered_08,16,fixed_q8_oracle_eta,15936,10624,0,1328,True,True
20260853,23,clustered_08,16,fixed_q32_oracle_eta,15840,14080,0,440,True,True
20260853,23,balanced_08,16,lyapunov_state_adaptive,15972,4124,768,2962,True,True
20260853,23,balanced_08,16,raw_state_adaptive,15944,5408,768,2634,True,True
20260853,23,balanced_08,16,correlation_only_adaptive,15972,4124,768,2962,True,True
20260853,23,balanced_08,16,state_oracle,15900,10000,0,1475,True,True
20260853,23,balanced_08,16,fixed_q1_oracle_eta,16000,3200,0,3200,True,True
20260853,23,balanced_08,16,fixed_q4_oracle_eta,16000,8000,0,2000,True,True
20260853,23,balanced_08,16,fixed_q8_oracle_eta,15936,10624,0,1328,True,True
20260853,23,balanced_08,16,fixed_q32_oracle_eta,15840,14080,0,440,True,True
20260854,24,independent,4,lyapunov_state_adaptive,15954,6614,768,2335,True,True
20260854,24,independent,4,raw_state_adaptive,15924,7708,768,2054,True,True
20260854,24,independent,4,correlation_only_adaptive,15950,6106,768,2461,True,True
20260854,24,independent,4,state_oracle,15840,14080,0,440,True,True
20260854,24,independent,4,fixed_q1_oracle_eta,16000,3200,0,3200,True,True
20260854,24,independent,4,fixed_q4_oracle_eta,16000,8000,0,2000,True,True
20260854,24,independent,4,fixed_q8_oracle_eta,15936,10624,0,1328,True,True
20260854,24,independent,4,fixed_q32_oracle_eta,15840,14080,0,440,True,True
20260854,24,global_08,4,lyapunov_state_adaptive,15968,3552,768,3104,True,True
20260854,24,global_08,4,raw_state_adaptive,15940,4836,768,2776,True,True
20260854,24,global_08,4,correlation_only_adaptive,15968,3552,768,3104,True,True
20260854,24,global_08,4,state_oracle,15920,8640,0,1820,True,True
20260854,24,global_08,4,fixed_q1_oracle_eta,16000,3200,0,3200,True,True
20260854,24,global_08,4,fixed_q4_oracle_eta,16000,8000,0,2000,True,True
20260854,24,global_08,4,fixed_q8_oracle_eta,15936,10624,0,1328,True,True
20260854,24,global_08,4,fixed_q32_oracle_eta,15840,14080,0,440,True,True
20260854,24,clustered_08,4,lyapunov_state_adaptive,15996,7556,768,2110,True,True
20260854,24,clustered_08,4,raw_state_adaptive,15990,6602,768,2347,True,True
20260854,24,clustered_08,4,correlation_only_adaptive,15996,7556,768,2110,True,True
20260854,24,clustered_08,4,state_oracle,15900,11800,0,1025,True,True
20260854,24,clustered_08,4,fixed_q1_oracle_eta,16000,3200,0,3200,True,True
20260854,24,clustered_08,4,fixed_q4_oracle_eta,16000,8000,0,2000,True,True
20260854,24,clustered_08,4,fixed_q8_oracle_eta,15936,10624,0,1328,True,True
20260854,24,clustered_08,4,fixed_q32_oracle_eta,15840,14080,0,440,True,True
20260854,24,balanced_08,4,lyapunov_state_adaptive,15968,3552,768,3104,True,True
20260854,24,balanced_08,4,raw_state_adaptive,15968,3552,768,3104,True,True
20260854,24,balanced_08,4,correlation_only_adaptive,15968,3552,768,3104,True,True
20260854,24,balanced_08,4,state_oracle,15920,8640,0,1820,True,True
20260854,24,balanced_08,4,fixed_q1_oracle_eta,16000,3200,0,3200,True,True
20260854,24,balanced_08,4,fixed_q4_oracle_eta,16000,8000,0,2000,True,True
20260854,24,balanced_08,4,fixed_q8_oracle_eta,15936,10624,0,1328,True,True
20260854,24,balanced_08,4,fixed_q32_oracle_eta,15840,14080,0,440,True,True
20260854,24,independent,16,lyapunov_state_adaptive,15876,9172,768,1676,True,True
20260854,24,independent,16,raw_state_adaptive,15984,5712,768,2568,True,True
20260854,24,independent,16,correlation_only_adaptive,15974,4378,768,2899,True,True
20260854,24,independent,16,state_oracle,15840,14080,0,440,True,True
20260854,24,independent,16,fixed_q1_oracle_eta,16000,3200,0,3200,True,True
20260854,24,independent,16,fixed_q4_oracle_eta,16000,8000,0,2000,True,True
20260854,24,independent,16,fixed_q8_oracle_eta,15936,10624,0,1328,True,True
20260854,24,independent,16,fixed_q32_oracle_eta,15840,14080,0,440,True,True
20260854,24,global_08,16,lyapunov_state_adaptive,15968,3552,768,3104,True,True
20260854,24,global_08,16,raw_state_adaptive,15940,4836,768,2776,True,True
20260854,24,global_08,16,correlation_only_adaptive,15968,3552,768,3104,True,True
20260854,24,global_08,16,state_oracle,15920,8640,0,1820,True,True
20260854,24,global_08,16,fixed_q1_oracle_eta,16000,3200,0,3200,True,True
20260854,24,global_08,16,fixed_q4_oracle_eta,16000,8000,0,2000,True,True
20260854,24,global_08,16,fixed_q8_oracle_eta,15936,10624,0,1328,True,True
20260854,24,global_08,16,fixed_q32_oracle_eta,15840,14080,0,440,True,True
20260854,24,clustered_08,16,lyapunov_state_adaptive,15994,7174,768,2205,True,True
20260854,24,clustered_08,16,raw_state_adaptive,15994,7174,768,2205,True,True
20260854,24,clustered_08,16,correlation_only_adaptive,15994,7174,768,2205,True,True
20260854,24,clustered_08,16,state_oracle,15880,12560,0,830,True,True
20260854,24,clustered_08,16,fixed_q1_oracle_eta,16000,3200,0,3200,True,True
20260854,24,clustered_08,16,fixed_q4_oracle_eta,16000,8000,0,2000,True,True
20260854,24,clustered_08,16,fixed_q8_oracle_eta,15936,10624,0,1328,True,True
20260854,24,clustered_08,16,fixed_q32_oracle_eta,15840,14080,0,440,True,True
20260854,24,balanced_08,16,lyapunov_state_adaptive,15970,3806,768,3041,True,True
20260854,24,balanced_08,16,raw_state_adaptive,15972,4124,768,2962,True,True
20260854,24,balanced_08,16,correlation_only_adaptive,15970,3806,768,3041,True,True
20260854,24,balanced_08,16,state_oracle,15900,10000,0,1475,True,True
20260854,24,balanced_08,16,fixed_q1_oracle_eta,16000,3200,0,3200,True,True
20260854,24,balanced_08,16,fixed_q4_oracle_eta,16000,8000,0,2000,True,True
20260854,24,balanced_08,16,fixed_q8_oracle_eta,15936,10624,0,1328,True,True
20260854,24,balanced_08,16,fixed_q32_oracle_eta,15840,14080,0,440,True,True
20260855,25,independent,4,lyapunov_state_adaptive,15872,10976,768,1224,True,True
20260855,25,independent,4,raw_state_adaptive,15916,10744,768,1293,True,True
20260855,25,independent,4,correlation_only_adaptive,15872,10976,768,1224,True,True
20260855,25,independent,4,state_oracle,15840,14080,0,440,True,True
20260855,25,independent,4,fixed_q1_oracle_eta,16000,3200,0,3200,True,True
20260855,25,independent,4,fixed_q4_oracle_eta,16000,8000,0,2000,True,True
20260855,25,independent,4,fixed_q8_oracle_eta,15936,10624,0,1328,True,True
20260855,25,independent,4,fixed_q32_oracle_eta,15840,14080,0,440,True,True
20260855,25,global_08,4,lyapunov_state_adaptive,15968,3552,768,3104,True,True
20260855,25,global_08,4,raw_state_adaptive,15940,4836,768,2776,True,True
20260855,25,global_08,4,correlation_only_adaptive,15968,3552,768,3104,True,True
20260855,25,global_08,4,state_oracle,15920,8640,0,1820,True,True
20260855,25,global_08,4,fixed_q1_oracle_eta,16000,3200,0,3200,True,True
20260855,25,global_08,4,fixed_q4_oracle_eta,16000,8000,0,2000,True,True
20260855,25,global_08,4,fixed_q8_oracle_eta,15936,10624,0,1328,True,True
20260855,25,global_08,4,fixed_q32_oracle_eta,15840,14080,0,440,True,True
20260855,25,clustered_08,4,lyapunov_state_adaptive,15990,6538,768,2363,True,True
20260855,25,clustered_08,4,raw_state_adaptive,15932,8980,768,1738,True,True
20260855,25,clustered_08,4,correlation_only_adaptive,15988,6348,768,2410,True,True
20260855,25,clustered_08,4,state_oracle,15900,11800,0,1025,True,True
20260855,25,clustered_08,4,fixed_q1_oracle_eta,16000,3200,0,3200,True,True
20260855,25,clustered_08,4,fixed_q4_oracle_eta,16000,8000,0,2000,True,True
20260855,25,clustered_08,4,fixed_q8_oracle_eta,15936,10624,0,1328,True,True
20260855,25,clustered_08,4,fixed_q32_oracle_eta,15840,14080,0,440,True,True
20260855,25,balanced_08,4,lyapunov_state_adaptive,15976,4632,768,2836,True,True
20260855,25,balanced_08,4,raw_state_adaptive,15950,6106,768,2461,True,True
20260855,25,balanced_08,4,correlation_only_adaptive,15976,4632,768,2836,True,True
20260855,25,balanced_08,4,state_oracle,15920,8640,0,1820,True,True
20260855,25,balanced_08,4,fixed_q1_oracle_eta,16000,3200,0,3200,True,True
20260855,25,balanced_08,4,fixed_q4_oracle_eta,16000,8000,0,2000,True,True
20260855,25,balanced_08,4,fixed_q8_oracle_eta,15936,10624,0,1328,True,True
20260855,25,balanced_08,4,fixed_q32_oracle_eta,15840,14080,0,440,True,True
20260855,25,independent,16,lyapunov_state_adaptive,15884,8796,768,1772,True,True
20260855,25,independent,16,raw_state_adaptive,15830,10226,768,1401,True,True
20260855,25,independent,16,correlation_only_adaptive,15946,6802,768,2286,True,True
20260855,25,independent,16,state_oracle,15840,14080,0,440,True,True
20260855,25,independent,16,fixed_q1_oracle_eta,16000,3200,0,3200,True,True
20260855,25,independent,16,fixed_q4_oracle_eta,16000,8000,0,2000,True,True
20260855,25,independent,16,fixed_q8_oracle_eta,15936,10624,0,1328,True,True
20260855,25,independent,16,fixed_q32_oracle_eta,15840,14080,0,440,True,True
20260855,25,global_08,16,lyapunov_state_adaptive,15968,3552,768,3104,True,True
20260855,25,global_08,16,raw_state_adaptive,15968,3552,768,3104,True,True
20260855,25,global_08,16,correlation_only_adaptive,15968,3552,768,3104,True,True
20260855,25,global_08,16,state_oracle,15920,8640,0,1820,True,True
20260855,25,global_08,16,fixed_q1_oracle_eta,16000,3200,0,3200,True,True
20260855,25,global_08,16,fixed_q4_oracle_eta,16000,8000,0,2000,True,True
20260855,25,global_08,16,fixed_q8_oracle_eta,15936,10624,0,1328,True,True
20260855,25,global_08,16,fixed_q32_oracle_eta,15840,14080,0,440,True,True
20260855,25,clustered_08,16,lyapunov_state_adaptive,15990,6602,768,2347,True,True
20260855,25,clustered_08,16,raw_state_adaptive,15986,6030,768,2489,True,True
20260855,25,clustered_08,16,correlation_only_adaptive,15986,6030,768,2489,True,True
20260855,25,clustered_08,16,state_oracle,15920,11040,0,1220,True,True
20260855,25,clustered_08,16,fixed_q1_oracle_eta,16000,3200,0,3200,True,True
20260855,25,clustered_08,16,fixed_q4_oracle_eta,16000,8000,0,2000,True,True
20260855,25,clustered_08,16,fixed_q8_oracle_eta,15936,10624,0,1328,True,True
20260855,25,clustered_08,16,fixed_q32_oracle_eta,15840,14080,0,440,True,True
20260855,25,balanced_08,16,lyapunov_state_adaptive,15968,3552,768,3104,True,True
20260855,25,balanced_08,16,raw_state_adaptive,15968,3552,768,3104,True,True
20260855,25,balanced_08,16,correlation_only_adaptive,15968,3552,768,3104,True,True
20260855,25,balanced_08,16,state_oracle,15860,12720,0,785,True,True
20260855,25,balanced_08,16,fixed_q1_oracle_eta,16000,3200,0,3200,True,True
20260855,25,balanced_08,16,fixed_q4_oracle_eta,16000,8000,0,2000,True,True
20260855,25,balanced_08,16,fixed_q8_oracle_eta,15936,10624,0,1328,True,True
20260855,25,balanced_08,16,fixed_q32_oracle_eta,15840,14080,0,440,True,True
20260856,26,independent,4,lyapunov_state_adaptive,15796,13280,768,629,True,True
20260856,26,independent,4,raw_state_adaptive,15796,13280,768,629,True,True
20260856,26,independent,4,correlation_only_adaptive,15796,13280,768,629,True,True
20260856,26,independent,4,state_oracle,15840,14080,0,440,True,True
20260856,26,independent,4,fixed_q1_oracle_eta,16000,3200,0,3200,True,True
20260856,26,independent,4,fixed_q4_oracle_eta,16000,8000,0,2000,True,True
20260856,26,independent,4,fixed_q8_oracle_eta,15936,10624,0,1328,True,True
20260856,26,independent,4,fixed_q32_oracle_eta,15840,14080,0,440,True,True
20260856,26,global_08,4,lyapunov_state_adaptive,15968,3552,768,3104,True,True
20260856,26,global_08,4,raw_state_adaptive,15968,3552,768,3104,True,True
20260856,26,global_08,4,correlation_only_adaptive,15968,3552,768,3104,True,True
20260856,26,global_08,4,state_oracle,15880,11360,0,1130,True,True
20260856,26,global_08,4,fixed_q1_oracle_eta,16000,3200,0,3200,True,True
20260856,26,global_08,4,fixed_q4_oracle_eta,16000,8000,0,2000,True,True
20260856,26,global_08,4,fixed_q8_oracle_eta,15936,10624,0,1328,True,True
20260856,26,global_08,4,fixed_q32_oracle_eta,15840,14080,0,440,True,True
20260856,26,clustered_08,4,lyapunov_state_adaptive,15996,7492,768,2126,True,True
20260856,26,clustered_08,4,raw_state_adaptive,15994,7174,768,2205,True,True
20260856,26,clustered_08,4,correlation_only_adaptive,15994,7174,768,2205,True,True
20260856,26,clustered_08,4,state_oracle,15920,11040,0,1220,True,True
20260856,26,clustered_08,4,fixed_q1_oracle_eta,16000,3200,0,3200,True,True
20260856,26,clustered_08,4,fixed_q4_oracle_eta,16000,8000,0,2000,True,True
20260856,26,clustered_08,4,fixed_q8_oracle_eta,15936,10624,0,1328,True,True
20260856,26,clustered_08,4,fixed_q32_oracle_eta,15840,14080,0,440,True,True
20260856,26,balanced_08,4,lyapunov_state_adaptive,15974,4378,768,2899,True,True
20260856,26,balanced_08,4,raw_state_adaptive,15974,4378,768,2899,True,True
20260856,26,balanced_08,4,correlation_only_adaptive,15984,5712,768,2568,True,True
20260856,26,balanced_08,4,state_oracle,15880,11360,0,1130,True,True
20260856,26,balanced_08,4,fixed_q1_oracle_eta,16000,3200,0,3200,True,True
20260856,26,balanced_08,4,fixed_q4_oracle_eta,16000,8000,0,2000,True,True
20260856,26,balanced_08,4,fixed_q8_oracle_eta,15936,10624,0,1328,True,True
20260856,26,balanced_08,4,fixed_q32_oracle_eta,15840,14080,0,440,True,True
20260856,26,independent,16,lyapunov_state_adaptive,15914,10426,768,1372,True,True
20260856,26,independent,16,raw_state_adaptive,15876,11768,768,1027,True,True
20260856,26,independent,16,correlation_only_adaptive,15884,11456,768,1107,True,True
20260856,26,independent,16,state_oracle,15840,14080,0,440,True,True
20260856,26,independent,16,fixed_q1_oracle_eta,16000,3200,0,3200,True,True
20260856,26,independent,16,fixed_q4_oracle_eta,16000,8000,0,2000,True,True
20260856,26,independent,16,fixed_q8_oracle_eta,15936,10624,0,1328,True,True
20260856,26,independent,16,fixed_q32_oracle_eta,15840,14080,0,440,True,True
20260856,26,global_08,16,lyapunov_state_adaptive,15968,3552,768,3104,True,True
20260856,26,global_08,16,raw_state_adaptive,15968,3552,768,3104,True,True
20260856,26,global_08,16,correlation_only_adaptive,15968,3552,768,3104,True,True
20260856,26,global_08,16,state_oracle,15880,11360,0,1130,True,True
20260856,26,global_08,16,fixed_q1_oracle_eta,16000,3200,0,3200,True,True
20260856,26,global_08,16,fixed_q4_oracle_eta,16000,8000,0,2000,True,True
20260856,26,global_08,16,fixed_q8_oracle_eta,15936,10624,0,1328,True,True
20260856,26,global_08,16,fixed_q32_oracle_eta,15840,14080,0,440,True,True
20260856,26,clustered_08,16,lyapunov_state_adaptive,15998,7810,768,2047,True,True
20260856,26,clustered_08,16,raw_state_adaptive,15998,7810,768,2047,True,True
20260856,26,clustered_08,16,correlation_only_adaptive,15998,7810,768,2047,True,True
20260856,26,clustered_08,16,state_oracle,15920,11040,0,1220,True,True
20260856,26,clustered_08,16,fixed_q1_oracle_eta,16000,3200,0,3200,True,True
20260856,26,clustered_08,16,fixed_q4_oracle_eta,16000,8000,0,2000,True,True
20260856,26,clustered_08,16,fixed_q8_oracle_eta,15936,10624,0,1328,True,True
20260856,26,clustered_08,16,fixed_q32_oracle_eta,15840,14080,0,440,True,True
20260856,26,balanced_08,16,lyapunov_state_adaptive,15968,3552,768,3104,True,True
20260856,26,balanced_08,16,raw_state_adaptive,15968,3552,768,3104,True,True
20260856,26,balanced_08,16,correlation_only_adaptive,15968,3552,768,3104,True,True
20260856,26,balanced_08,16,state_oracle,15880,11360,0,1130,True,True
20260856,26,balanced_08,16,fixed_q1_oracle_eta,16000,3200,0,3200,True,True
20260856,26,balanced_08,16,fixed_q4_oracle_eta,16000,8000,0,2000,True,True
20260856,26,balanced_08,16,fixed_q8_oracle_eta,15936,10624,0,1328,True,True
20260856,26,balanced_08,16,fixed_q32_oracle_eta,15840,14080,0,440,True,True
20260857,27,independent,4,lyapunov_state_adaptive,16000,8128,768,1968,True,True
20260857,27,independent,4,raw_state_adaptive,15836,12256,768,895,True,True
20260857,27,independent,4,correlation_only_adaptive,15920,11000,768,1230,True,True
20260857,27,independent,4,state_oracle,15840,14080,0,440,True,True
20260857,27,independent,4,fixed_q1_oracle_eta,16000,3200,0,3200,True,True
20260857,27,independent,4,fixed_q4_oracle_eta,16000,8000,0,2000,True,True
20260857,27,independent,4,fixed_q8_oracle_eta,15936,10624,0,1328,True,True
20260857,27,independent,4,fixed_q32_oracle_eta,15840,14080,0,440,True,True
20260857,27,global_08,4,lyapunov_state_adaptive,15968,3552,768,3104,True,True
20260857,27,global_08,4,raw_state_adaptive,15940,4836,768,2776,True,True
20260857,27,global_08,4,correlation_only_adaptive,15968,3552,768,3104,True,True
20260857,27,global_08,4,state_oracle,15960,5920,0,2510,True,True
20260857,27,global_08,4,fixed_q1_oracle_eta,16000,3200,0,3200,True,True
20260857,27,global_08,4,fixed_q4_oracle_eta,16000,8000,0,2000,True,True
20260857,27,global_08,4,fixed_q8_oracle_eta,15936,10624,0,1328,True,True
20260857,27,global_08,4,fixed_q32_oracle_eta,15840,14080,0,440,True,True
20260857,27,clustered_08,4,lyapunov_state_adaptive,15992,6856,768,2284,True,True
20260857,27,clustered_08,4,raw_state_adaptive,15992,6856,768,2284,True,True
20260857,27,clustered_08,4,correlation_only_adaptive,15992,6856,768,2284,True,True
20260857,27,clustered_08,4,state_oracle,15920,11640,0,1070,True,True
20260857,27,clustered_08,4,fixed_q1_oracle_eta,16000,3200,0,3200,True,True
20260857,27,clustered_08,4,fixed_q4_oracle_eta,16000,8000,0,2000,True,True
20260857,27,clustered_08,4,fixed_q8_oracle_eta,15936,10624,0,1328,True,True
20260857,27,clustered_08,4,fixed_q32_oracle_eta,15840,14080,0,440,True,True
20260857,27,balanced_08,4,lyapunov_state_adaptive,15968,3552,768,3104,True,True
20260857,27,balanced_08,4,raw_state_adaptive,15970,3806,768,3041,True,True
20260857,27,balanced_08,4,correlation_only_adaptive,15968,3552,768,3104,True,True
20260857,27,balanced_08,4,state_oracle,15900,10000,0,1475,True,True
20260857,27,balanced_08,4,fixed_q1_oracle_eta,16000,3200,0,3200,True,True
20260857,27,balanced_08,4,fixed_q4_oracle_eta,16000,8000,0,2000,True,True
20260857,27,balanced_08,4,fixed_q8_oracle_eta,15936,10624,0,1328,True,True
20260857,27,balanced_08,4,fixed_q32_oracle_eta,15840,14080,0,440,True,True
20260857,27,independent,16,lyapunov_state_adaptive,15982,6850,768,2283,True,True
20260857,27,independent,16,raw_state_adaptive,15958,7250,768,2177,True,True
20260857,27,independent,16,correlation_only_adaptive,15982,6850,768,2283,True,True
20260857,27,independent,16,state_oracle,15840,14080,0,440,True,True
20260857,27,independent,16,fixed_q1_oracle_eta,16000,3200,0,3200,True,True
20260857,27,independent,16,fixed_q4_oracle_eta,16000,8000,0,2000,True,True
20260857,27,independent,16,fixed_q8_oracle_eta,15936,10624,0,1328,True,True
20260857,27,independent,16,fixed_q32_oracle_eta,15840,14080,0,440,True,True
20260857,27,global_08,16,lyapunov_state_adaptive,15968,3552,768,3104,True,True
20260857,27,global_08,16,raw_state_adaptive,15940,4836,768,2776,True,True
20260857,27,global_08,16,correlation_only_adaptive,15968,3552,768,3104,True,True
20260857,27,global_08,16,state_oracle,15960,5920,0,2510,True,True
20260857,27,global_08,16,fixed_q1_oracle_eta,16000,3200,0,3200,True,True
20260857,27,global_08,16,fixed_q4_oracle_eta,16000,8000,0,2000,True,True
20260857,27,global_08,16,fixed_q8_oracle_eta,15936,10624,0,1328,True,True
20260857,27,global_08,16,fixed_q32_oracle_eta,15840,14080,0,440,True,True
20260857,27,clustered_08,16,lyapunov_state_adaptive,15992,6920,768,2268,True,True
20260857,27,clustered_08,16,raw_state_adaptive,15862,9514,768,1587,True,True
20260857,27,clustered_08,16,correlation_only_adaptive,15994,7174,768,2205,True,True
20260857,27,clustered_08,16,state_oracle,15900,11800,0,1025,True,True
20260857,27,clustered_08,16,fixed_q1_oracle_eta,16000,3200,0,3200,True,True
20260857,27,clustered_08,16,fixed_q4_oracle_eta,16000,8000,0,2000,True,True
20260857,27,clustered_08,16,fixed_q8_oracle_eta,15936,10624,0,1328,True,True
20260857,27,clustered_08,16,fixed_q32_oracle_eta,15840,14080,0,440,True,True
20260857,27,balanced_08,16,lyapunov_state_adaptive,15968,3552,768,3104,True,True
20260857,27,balanced_08,16,raw_state_adaptive,15968,3552,768,3104,True,True
20260857,27,balanced_08,16,correlation_only_adaptive,15968,3552,768,3104,True,True
20260857,27,balanced_08,16,state_oracle,15900,10000,0,1475,True,True
20260857,27,balanced_08,16,fixed_q1_oracle_eta,16000,3200,0,3200,True,True
20260857,27,balanced_08,16,fixed_q4_oracle_eta,16000,8000,0,2000,True,True
20260857,27,balanced_08,16,fixed_q8_oracle_eta,15936,10624,0,1328,True,True
20260857,27,balanced_08,16,fixed_q32_oracle_eta,15840,14080,0,440,True,True
20260858,28,independent,4,lyapunov_state_adaptive,15930,8598,768,1833,True,True
20260858,28,independent,4,raw_state_adaptive,15868,10340,768,1382,True,True
20260858,28,independent,4,correlation_only_adaptive,15928,8280,768,1912,True,True
20260858,28,independent,4,state_oracle,15840,14080,0,440,True,True
20260858,28,independent,4,fixed_q1_oracle_eta,16000,3200,0,3200,True,True
20260858,28,independent,4,fixed_q4_oracle_eta,16000,8000,0,2000,True,True
20260858,28,independent,4,fixed_q8_oracle_eta,15936,10624,0,1328,True,True
20260858,28,independent,4,fixed_q32_oracle_eta,15840,14080,0,440,True,True
20260858,28,global_08,4,lyapunov_state_adaptive,15968,3552,768,3104,True,True
20260858,28,global_08,4,raw_state_adaptive,15968,3552,768,3104,True,True
20260858,28,global_08,4,correlation_only_adaptive,15968,3552,768,3104,True,True
20260858,28,global_08,4,state_oracle,15880,11360,0,1130,True,True
20260858,28,global_08,4,fixed_q1_oracle_eta,16000,3200,0,3200,True,True
20260858,28,global_08,4,fixed_q4_oracle_eta,16000,8000,0,2000,True,True
20260858,28,global_08,4,fixed_q8_oracle_eta,15936,10624,0,1328,True,True
20260858,28,global_08,4,fixed_q32_oracle_eta,15840,14080,0,440,True,True
20260858,28,clustered_08,4,lyapunov_state_adaptive,16000,8128,768,1968,True,True
20260858,28,clustered_08,4,raw_state_adaptive,16000,8128,768,1968,True,True
20260858,28,clustered_08,4,correlation_only_adaptive,16000,8128,768,1968,True,True
20260858,28,clustered_08,4,state_oracle,15892,12128,0,941,True,True
20260858,28,clustered_08,4,fixed_q1_oracle_eta,16000,3200,0,3200,True,True
20260858,28,clustered_08,4,fixed_q4_oracle_eta,16000,8000,0,2000,True,True
20260858,28,clustered_08,4,fixed_q8_oracle_eta,15936,10624,0,1328,True,True
20260858,28,clustered_08,4,fixed_q32_oracle_eta,15840,14080,0,440,True,True
20260858,28,balanced_08,4,lyapunov_state_adaptive,15972,4124,768,2962,True,True
20260858,28,balanced_08,4,raw_state_adaptive,15944,5408,768,2634,True,True
20260858,28,balanced_08,4,correlation_only_adaptive,15972,4124,768,2962,True,True
20260858,28,balanced_08,4,state_oracle,15860,12720,0,785,True,True
20260858,28,balanced_08,4,fixed_q1_oracle_eta,16000,3200,0,3200,True,True
20260858,28,balanced_08,4,fixed_q4_oracle_eta,16000,8000,0,2000,True,True
20260858,28,balanced_08,4,fixed_q8_oracle_eta,15936,10624,0,1328,True,True
20260858,28,balanced_08,4,fixed_q32_oracle_eta,15840,14080,0,440,True,True
20260858,28,independent,16,lyapunov_state_adaptive,15964,8204,768,1940,True,True
20260858,28,independent,16,raw_state_adaptive,15866,10022,768,1461,True,True
20260858,28,independent,16,correlation_only_adaptive,15958,7250,768,2177,True,True
20260858,28,independent,16,state_oracle,15840,14080,0,440,True,True
20260858,28,independent,16,fixed_q1_oracle_eta,16000,3200,0,3200,True,True
20260858,28,independent,16,fixed_q4_oracle_eta,16000,8000,0,2000,True,True
20260858,28,independent,16,fixed_q8_oracle_eta,15936,10624,0,1328,True,True
20260858,28,independent,16,fixed_q32_oracle_eta,15840,14080,0,440,True,True
20260858,28,global_08,16,lyapunov_state_adaptive,15968,3552,768,3104,True,True
20260858,28,global_08,16,raw_state_adaptive,15968,3552,768,3104,True,True
20260858,28,global_08,16,correlation_only_adaptive,15968,3552,768,3104,True,True
20260858,28,global_08,16,state_oracle,15860,12720,0,785,True,True
20260858,28,global_08,16,fixed_q1_oracle_eta,16000,3200,0,3200,True,True
20260858,28,global_08,16,fixed_q4_oracle_eta,16000,8000,0,2000,True,True
20260858,28,global_08,16,fixed_q8_oracle_eta,15936,10624,0,1328,True,True
20260858,28,global_08,16,fixed_q32_oracle_eta,15840,14080,0,440,True,True
20260858,28,clustered_08,16,lyapunov_state_adaptive,15982,5522,768,2615,True,True
20260858,28,clustered_08,16,raw_state_adaptive,15948,5916,768,2508,True,True
20260858,28,clustered_08,16,correlation_only_adaptive,15982,5522,768,2615,True,True
20260858,28,clustered_08,16,state_oracle,15880,12560,0,830,True,True
20260858,28,clustered_08,16,fixed_q1_oracle_eta,16000,3200,0,3200,True,True
20260858,28,clustered_08,16,fixed_q4_oracle_eta,16000,8000,0,2000,True,True
20260858,28,clustered_08,16,fixed_q8_oracle_eta,15936,10624,0,1328,True,True
20260858,28,clustered_08,16,fixed_q32_oracle_eta,15840,14080,0,440,True,True
20260858,28,balanced_08,16,lyapunov_state_adaptive,15970,3806,768,3041,True,True
20260858,28,balanced_08,16,raw_state_adaptive,15944,5344,768,2650,True,True
20260858,28,balanced_08,16,correlation_only_adaptive,15970,3806,768,3041,True,True
20260858,28,balanced_08,16,state_oracle,15860,12720,0,785,True,True
20260858,28,balanced_08,16,fixed_q1_oracle_eta,16000,3200,0,3200,True,True
20260858,28,balanced_08,16,fixed_q4_oracle_eta,16000,8000,0,2000,True,True
20260858,28,balanced_08,16,fixed_q8_oracle_eta,15936,10624,0,1328,True,True
20260858,28,balanced_08,16,fixed_q32_oracle_eta,15840,14080,0,440,True,True
20260859,29,independent,4,lyapunov_state_adaptive,15862,10970,768,1223,True,True
20260859,29,independent,4,raw_state_adaptive,15858,10398,768,1365,True,True
20260859,29,independent,4,correlation_only_adaptive,15858,10398,768,1365,True,True
20260859,29,independent,4,state_oracle,15840,14080,0,440,True,True
20260859,29,independent,4,fixed_q1_oracle_eta,16000,3200,0,3200,True,True
20260859,29,independent,4,fixed_q4_oracle_eta,16000,8000,0,2000,True,True
20260859,29,independent,4,fixed_q8_oracle_eta,15936,10624,0,1328,True,True
20260859,29,independent,4,fixed_q32_oracle_eta,15840,14080,0,440,True,True
20260859,29,global_08,4,lyapunov_state_adaptive,15968,3552,768,3104,True,True
20260859,29,global_08,4,raw_state_adaptive,15968,3552,768,3104,True,True
20260859,29,global_08,4,correlation_only_adaptive,15968,3552,768,3104,True,True
20260859,29,global_08,4,state_oracle,15920,8640,0,1820,True,True
20260859,29,global_08,4,fixed_q1_oracle_eta,16000,3200,0,3200,True,True
20260859,29,global_08,4,fixed_q4_oracle_eta,16000,8000,0,2000,True,True
20260859,29,global_08,4,fixed_q8_oracle_eta,15936,10624,0,1328,True,True
20260859,29,global_08,4,fixed_q32_oracle_eta,15840,14080,0,440,True,True
20260859,29,clustered_08,4,lyapunov_state_adaptive,15990,6538,768,2363,True,True
20260859,29,clustered_08,4,raw_state_adaptive,15984,7232,768,2188,True,True
20260859,29,clustered_08,4,correlation_only_adaptive,15982,5458,768,2631,True,True
20260859,29,clustered_08,4,state_oracle,15860,13320,0,635,True,True
20260859,29,clustered_08,4,fixed_q1_oracle_eta,16000,3200,0,3200,True,True
20260859,29,clustered_08,4,fixed_q4_oracle_eta,16000,8000,0,2000,True,True
20260859,29,clustered_08,4,fixed_q8_oracle_eta,15936,10624,0,1328,True,True
20260859,29,clustered_08,4,fixed_q32_oracle_eta,15840,14080,0,440,True,True
20260859,29,balanced_08,4,lyapunov_state_adaptive,15990,6666,768,2331,True,True
20260859,29,balanced_08,4,raw_state_adaptive,15988,6412,768,2394,True,True
20260859,29,balanced_08,4,correlation_only_adaptive,15988,6412,768,2394,True,True
20260859,29,balanced_08,4,state_oracle,15920,8640,0,1820,True,True
20260859,29,balanced_08,4,fixed_q1_oracle_eta,16000,3200,0,3200,True,True
20260859,29,balanced_08,4,fixed_q4_oracle_eta,16000,8000,0,2000,True,True
20260859,29,balanced_08,4,fixed_q8_oracle_eta,15936,10624,0,1328,True,True
20260859,29,balanced_08,4,fixed_q32_oracle_eta,15840,14080,0,440,True,True
20260859,29,independent,16,lyapunov_state_adaptive,15980,8116,768,1966,True,True
20260859,29,independent,16,raw_state_adaptive,15934,9770,768,1541,True,True
20260859,29,independent,16,correlation_only_adaptive,15980,8116,768,1966,True,True
20260859,29,independent,16,state_oracle,15840,14080,0,440,True,True
20260859,29,independent,16,fixed_q1_oracle_eta,16000,3200,0,3200,True,True
20260859,29,independent,16,fixed_q4_oracle_eta,16000,8000,0,2000,True,True
20260859,29,independent,16,fixed_q8_oracle_eta,15936,10624,0,1328,True,True
20260859,29,independent,16,fixed_q32_oracle_eta,15840,14080,0,440,True,True
20260859,29,global_08,16,lyapunov_state_adaptive,15968,3552,768,3104,True,True
20260859,29,global_08,16,raw_state_adaptive,15912,6120,768,2448,True,True
20260859,29,global_08,16,correlation_only_adaptive,15968,3552,768,3104,True,True
20260859,29,global_08,16,state_oracle,15940,7280,0,2165,True,True
20260859,29,global_08,16,fixed_q1_oracle_eta,16000,3200,0,3200,True,True
20260859,29,global_08,16,fixed_q4_oracle_eta,16000,8000,0,2000,True,True
20260859,29,global_08,16,fixed_q8_oracle_eta,15936,10624,0,1328,True,True
20260859,29,global_08,16,fixed_q32_oracle_eta,15840,14080,0,440,True,True
20260859,29,clustered_08,16,lyapunov_state_adaptive,15988,6284,768,2426,True,True
20260859,29,clustered_08,16,raw_state_adaptive,15988,6284,768,2426,True,True
20260859,29,clustered_08,16,correlation_only_adaptive,15988,6284,768,2426,True,True
20260859,29,clustered_08,16,state_oracle,15860,13320,0,635,True,True
20260859,29,clustered_08,16,fixed_q1_oracle_eta,16000,3200,0,3200,True,True
20260859,29,clustered_08,16,fixed_q4_oracle_eta,16000,8000,0,2000,True,True
20260859,29,clustered_08,16,fixed_q8_oracle_eta,15936,10624,0,1328,True,True
20260859,29,clustered_08,16,fixed_q32_oracle_eta,15840,14080,0,440,True,True
20260859,29,balanced_08,16,lyapunov_state_adaptive,15970,3806,768,3041,True,True
20260859,29,balanced_08,16,raw_state_adaptive,15942,5090,768,2713,True,True
20260859,29,balanced_08,16,correlation_only_adaptive,15970,3806,768,3041,True,True
20260859,29,balanced_08,16,state_oracle,15920,8640,0,1820,True,True
20260859,29,balanced_08,16,fixed_q1_oracle_eta,16000,3200,0,3200,True,True
20260859,29,balanced_08,16,fixed_q4_oracle_eta,16000,8000,0,2000,True,True
20260859,29,balanced_08,16,fixed_q8_oracle_eta,15936,10624,0,1328,True,True
20260859,29,balanced_08,16,fixed_q32_oracle_eta,15840,14080,0,440,True,True
20260860,30,independent,4,lyapunov_state_adaptive,15928,10400,768,1382,True,True
20260860,30,independent,4,raw_state_adaptive,15988,7804,768,2046,True,True
20260860,30,independent,4,correlation_only_adaptive,15988,7804,768,2046,True,True
20260860,30,independent,4,state_oracle,15840,14080,0,440,True,True
20260860,30,independent,4,fixed_q1_oracle_eta,16000,3200,0,3200,True,True
20260860,30,independent,4,fixed_q4_oracle_eta,16000,8000,0,2000,True,True
20260860,30,independent,4,fixed_q8_oracle_eta,15936,10624,0,1328,True,True
20260860,30,independent,4,fixed_q32_oracle_eta,15840,14080,0,440,True,True
20260860,30,global_08,4,lyapunov_state_adaptive,15970,3806,768,3041,True,True
20260860,30,global_08,4,raw_state_adaptive,15942,5090,768,2713,True,True
20260860,30,global_08,4,correlation_only_adaptive,15968,3552,768,3104,True,True
20260860,30,global_08,4,state_oracle,15860,12720,0,785,True,True
20260860,30,global_08,4,fixed_q1_oracle_eta,16000,3200,0,3200,True,True
20260860,30,global_08,4,fixed_q4_oracle_eta,16000,8000,0,2000,True,True
20260860,30,global_08,4,fixed_q8_oracle_eta,15936,10624,0,1328,True,True
20260860,30,global_08,4,fixed_q32_oracle_eta,15840,14080,0,440,True,True
20260860,30,clustered_08,4,lyapunov_state_adaptive,16000,8128,768,1968,True,True
20260860,30,clustered_08,4,raw_state_adaptive,16000,8128,768,1968,True,True
20260860,30,clustered_08,4,correlation_only_adaptive,16000,8128,768,1968,True,True
20260860,30,clustered_08,4,state_oracle,15920,11040,0,1220,True,True
20260860,30,clustered_08,4,fixed_q1_oracle_eta,16000,3200,0,3200,True,True
20260860,30,clustered_08,4,fixed_q4_oracle_eta,16000,8000,0,2000,True,True
20260860,30,clustered_08,4,fixed_q8_oracle_eta,15936,10624,0,1328,True,True
20260860,30,clustered_08,4,fixed_q32_oracle_eta,15840,14080,0,440,True,True
20260860,30,balanced_08,4,lyapunov_state_adaptive,15970,3806,768,3041,True,True
20260860,30,balanced_08,4,raw_state_adaptive,15972,4124,768,2962,True,True
20260860,30,balanced_08,4,correlation_only_adaptive,15970,3806,768,3041,True,True
20260860,30,balanced_08,4,state_oracle,15880,11360,0,1130,True,True
20260860,30,balanced_08,4,fixed_q1_oracle_eta,16000,3200,0,3200,True,True
20260860,30,balanced_08,4,fixed_q4_oracle_eta,16000,8000,0,2000,True,True
20260860,30,balanced_08,4,fixed_q8_oracle_eta,15936,10624,0,1328,True,True
20260860,30,balanced_08,4,fixed_q32_oracle_eta,15840,14080,0,440,True,True
20260860,30,independent,16,lyapunov_state_adaptive,15916,9540,768,1594,True,True
20260860,30,independent,16,raw_state_adaptive,15892,9940,768,1488,True,True
20260860,30,independent,16,correlation_only_adaptive,15892,9940,768,1488,True,True
20260860,30,independent,16,state_oracle,15840,14080,0,440,True,True
20260860,30,independent,16,fixed_q1_oracle_eta,16000,3200,0,3200,True,True
20260860,30,independent,16,fixed_q4_oracle_eta,16000,8000,0,2000,True,True
20260860,30,independent,16,fixed_q8_oracle_eta,15936,10624,0,1328,True,True
20260860,30,independent,16,fixed_q32_oracle_eta,15840,14080,0,440,True,True
20260860,30,global_08,16,lyapunov_state_adaptive,15968,3552,768,3104,True,True
20260860,30,global_08,16,raw_state_adaptive,15940,4836,768,2776,True,True
20260860,30,global_08,16,correlation_only_adaptive,15968,3552,768,3104,True,True
20260860,30,global_08,16,state_oracle,15860,12720,0,785,True,True
20260860,30,global_08,16,fixed_q1_oracle_eta,16000,3200,0,3200,True,True
20260860,30,global_08,16,fixed_q4_oracle_eta,16000,8000,0,2000,True,True
20260860,30,global_08,16,fixed_q8_oracle_eta,15936,10624,0,1328,True,True
20260860,30,global_08,16,fixed_q32_oracle_eta,15840,14080,0,440,True,True
20260860,30,clustered_08,16,lyapunov_state_adaptive,15990,6602,768,2347,True,True
20260860,30,clustered_08,16,raw_state_adaptive,15960,7632,768,2082,True,True
20260860,30,clustered_08,16,correlation_only_adaptive,15988,6348,768,2410,True,True
20260860,30,clustered_08,16,state_oracle,15900,11800,0,1025,True,True
20260860,30,clustered_08,16,fixed_q1_oracle_eta,16000,3200,0,3200,True,True
20260860,30,clustered_08,16,fixed_q4_oracle_eta,16000,8000,0,2000,True,True
20260860,30,clustered_08,16,fixed_q8_oracle_eta,15936,10624,0,1328,True,True
20260860,30,clustered_08,16,fixed_q32_oracle_eta,15840,14080,0,440,True,True
20260860,30,balanced_08,16,lyapunov_state_adaptive,15986,6094,768,2473,True,True
20260860,30,balanced_08,16,raw_state_adaptive,15954,6806,768,2287,True,True
20260860,30,balanced_08,16,correlation_only_adaptive,15986,6094,768,2473,True,True
20260860,30,balanced_08,16,state_oracle,15880,11360,0,1130,True,True
20260860,30,balanced_08,16,fixed_q1_oracle_eta,16000,3200,0,3200,True,True
20260860,30,balanced_08,16,fixed_q4_oracle_eta,16000,8000,0,2000,True,True
20260860,30,balanced_08,16,fixed_q8_oracle_eta,15936,10624,0,1328,True,True
20260860,30,balanced_08,16,fixed_q32_oracle_eta,15840,14080,0,440,True,True
20260861,31,independent,4,lyapunov_state_adaptive,15978,4886,768,2773,True,True
20260861,31,independent,4,raw_state_adaptive,15948,5852,768,2524,True,True
20260861,31,independent,4,correlation_only_adaptive,15976,4568,768,2852,True,True
20260861,31,independent,4,state_oracle,15840,14080,0,440,True,True
20260861,31,independent,4,fixed_q1_oracle_eta,16000,3200,0,3200,True,True
20260861,31,independent,4,fixed_q4_oracle_eta,16000,8000,0,2000,True,True
20260861,31,independent,4,fixed_q8_oracle_eta,15936,10624,0,1328,True,True
20260861,31,independent,4,fixed_q32_oracle_eta,15840,14080,0,440,True,True
20260861,31,global_08,4,lyapunov_state_adaptive,15968,3552,768,3104,True,True
20260861,31,global_08,4,raw_state_adaptive,15968,3552,768,3104,True,True
20260861,31,global_08,4,correlation_only_adaptive,15968,3552,768,3104,True,True
20260861,31,global_08,4,state_oracle,15900,10000,0,1475,True,True
20260861,31,global_08,4,fixed_q1_oracle_eta,16000,3200,0,3200,True,True
20260861,31,global_08,4,fixed_q4_oracle_eta,16000,8000,0,2000,True,True
20260861,31,global_08,4,fixed_q8_oracle_eta,15936,10624,0,1328,True,True
20260861,31,global_08,4,fixed_q32_oracle_eta,15840,14080,0,440,True,True
20260861,31,clustered_08,4,lyapunov_state_adaptive,15982,5394,768,2647,True,True
20260861,31,clustered_08,4,raw_state_adaptive,15960,7632,768,2082,True,True
20260861,31,clustered_08,4,correlation_only_adaptive,15982,5394,768,2647,True,True
20260861,31,clustered_08,4,state_oracle,15900,11800,0,1025,True,True
20260861,31,clustered_08,4,fixed_q1_oracle_eta,16000,3200,0,3200,True,True
20260861,31,clustered_08,4,fixed_q4_oracle_eta,16000,8000,0,2000,True,True
20260861,31,clustered_08,4,fixed_q8_oracle_eta,15936,10624,0,1328,True,True
20260861,31,clustered_08,4,fixed_q32_oracle_eta,15840,14080,0,440,True,True
20260861,31,balanced_08,4,lyapunov_state_adaptive,15972,4060,768,2978,True,True
20260861,31,balanced_08,4,raw_state_adaptive,15944,5344,768,2650,True,True
20260861,31,balanced_08,4,correlation_only_adaptive,15972,4060,768,2978,True,True
20260861,31,balanced_08,4,state_oracle,15880,11360,0,1130,True,True
20260861,31,balanced_08,4,fixed_q1_oracle_eta,16000,3200,0,3200,True,True
20260861,31,balanced_08,4,fixed_q4_oracle_eta,16000,8000,0,2000,True,True
20260861,31,balanced_08,4,fixed_q8_oracle_eta,15936,10624,0,1328,True,True
20260861,31,balanced_08,4,fixed_q32_oracle_eta,15840,14080,0,440,True,True
20260861,31,independent,16,lyapunov_state_adaptive,15876,11768,768,1027,True,True
20260861,31,independent,16,raw_state_adaptive,15860,11856,768,1001,True,True
20260861,31,independent,16,correlation_only_adaptive,15860,11856,768,1001,True,True
20260861,31,independent,16,state_oracle,15840,14080,0,440,True,True
20260861,31,independent,16,fixed_q1_oracle_eta,16000,3200,0,3200,True,True
20260861,31,independent,16,fixed_q4_oracle_eta,16000,8000,0,2000,True,True
20260861,31,independent,16,fixed_q8_oracle_eta,15936,10624,0,1328,True,True
20260861,31,independent,16,fixed_q32_oracle_eta,15840,14080,0,440,True,True
20260861,31,global_08,16,lyapunov_state_adaptive,15968,3552,768,3104,True,True
20260861,31,global_08,16,raw_state_adaptive,15968,3552,768,3104,True,True
20260861,31,global_08,16,correlation_only_adaptive,15968,3552,768,3104,True,True
20260861,31,global_08,16,state_oracle,15900,10000,0,1475,True,True
20260861,31,global_08,16,fixed_q1_oracle_eta,16000,3200,0,3200,True,True
20260861,31,global_08,16,fixed_q4_oracle_eta,16000,8000,0,2000,True,True
20260861,31,global_08,16,fixed_q8_oracle_eta,15936,10624,0,1328,True,True
20260861,31,global_08,16,fixed_q32_oracle_eta,15840,14080,0,440,True,True
20260861,31,clustered_08,16,lyapunov_state_adaptive,15990,6666,768,2331,True,True
20260861,31,clustered_08,16,raw_state_adaptive,15982,5458,768,2631,True,True
20260861,31,clustered_08,16,correlation_only_adaptive,15990,6666,768,2331,True,True
20260861,31,clustered_08,16,state_oracle,15900,11800,0,1025,True,True
20260861,31,clustered_08,16,fixed_q1_oracle_eta,16000,3200,0,3200,True,True
20260861,31,clustered_08,16,fixed_q4_oracle_eta,16000,8000,0,2000,True,True
20260861,31,clustered_08,16,fixed_q8_oracle_eta,15936,10624,0,1328,True,True
20260861,31,clustered_08,16,fixed_q32_oracle_eta,15840,14080,0,440,True,True
20260861,31,balanced_08,16,lyapunov_state_adaptive,15974,4314,768,2915,True,True
20260861,31,balanced_08,16,raw_state_adaptive,15918,6882,768,2259,True,True
20260861,31,balanced_08,16,correlation_only_adaptive,15974,4314,768,2915,True,True
20260861,31,balanced_08,16,state_oracle,15880,11360,0,1130,True,True
20260861,31,balanced_08,16,fixed_q1_oracle_eta,16000,3200,0,3200,True,True
20260861,31,balanced_08,16,fixed_q4_oracle_eta,16000,8000,0,2000,True,True
20260861,31,balanced_08,16,fixed_q8_oracle_eta,15936,10624,0,1328,True,True
20260861,31,balanced_08,16,fixed_q32_oracle_eta,15840,14080,0,440,True,True
20260862,32,independent,4,lyapunov_state_adaptive,15954,7818,768,2034,True,True
20260862,32,independent,4,raw_state_adaptive,15824,11996,768,957,True,True
20260862,32,independent,4,correlation_only_adaptive,15936,8568,768,1842,True,True
20260862,32,independent,4,state_oracle,15840,14080,0,440,True,True
20260862,32,independent,4,fixed_q1_oracle_eta,16000,3200,0,3200,True,True
20260862,32,independent,4,fixed_q4_oracle_eta,16000,8000,0,2000,True,True
20260862,32,independent,4,fixed_q8_oracle_eta,15936,10624,0,1328,True,True
20260862,32,independent,4,fixed_q32_oracle_eta,15840,14080,0,440,True,True
20260862,32,global_08,4,lyapunov_state_adaptive,15968,3552,768,3104,True,True
20260862,32,global_08,4,raw_state_adaptive,15912,6120,768,2448,True,True
20260862,32,global_08,4,correlation_only_adaptive,15968,3552,768,3104,True,True
20260862,32,global_08,4,state_oracle,15860,12720,0,785,True,True
20260862,32,global_08,4,fixed_q1_oracle_eta,16000,3200,0,3200,True,True
20260862,32,global_08,4,fixed_q4_oracle_eta,16000,8000,0,2000,True,True
20260862,32,global_08,4,fixed_q8_oracle_eta,15936,10624,0,1328,True,True
20260862,32,global_08,4,fixed_q32_oracle_eta,15840,14080,0,440,True,True
20260862,32,clustered_08,4,lyapunov_state_adaptive,16000,8128,768,1968,True,True
20260862,32,clustered_08,4,raw_state_adaptive,15992,8440,768,1888,True,True
20260862,32,clustered_08,4,correlation_only_adaptive,16000,8128,768,1968,True,True
20260862,32,clustered_08,4,state_oracle,15932,10608,0,1331,True,True
20260862,32,clustered_08,4,fixed_q1_oracle_eta,16000,3200,0,3200,True,True
20260862,32,clustered_08,4,fixed_q4_oracle_eta,16000,8000,0,2000,True,True
20260862,32,clustered_08,4,fixed_q8_oracle_eta,15936,10624,0,1328,True,True
20260862,32,clustered_08,4,fixed_q32_oracle_eta,15840,14080,0,440,True,True
20260862,32,balanced_08,4,lyapunov_state_adaptive,15970,3806,768,3041,True,True
20260862,32,balanced_08,4,raw_state_adaptive,15912,6120,768,2448,True,True
20260862,32,balanced_08,4,correlation_only_adaptive,15970,3806,768,3041,True,True
20260862,32,balanced_08,4,state_oracle,15860,12720,0,785,True,True
20260862,32,balanced_08,4,fixed_q1_oracle_eta,16000,3200,0,3200,True,True
20260862,32,balanced_08,4,fixed_q4_oracle_eta,16000,8000,0,2000,True,True
20260862,32,balanced_08,4,fixed_q8_oracle_eta,15936,10624,0,1328,True,True
20260862,32,balanced_08,4,fixed_q32_oracle_eta,15840,14080,0,440,True,True
20260862,32,independent,16,lyapunov_state_adaptive,15856,11600,768,1064,True,True
20260862,32,independent,16,raw_state_adaptive,15858,11538,768,1080,True,True
20260862,32,independent,16,correlation_only_adaptive,15872,10976,768,1224,True,True
20260862,32,independent,16,state_oracle,15840,14080,0,440,True,True
20260862,32,independent,16,fixed_q1_oracle_eta,16000,3200,0,3200,True,True
20260862,32,independent,16,fixed_q4_oracle_eta,16000,8000,0,2000,True,True
20260862,32,independent,16,fixed_q8_oracle_eta,15936,10624,0,1328,True,True
20260862,32,independent,16,fixed_q32_oracle_eta,15840,14080,0,440,True,True
20260862,32,global_08,16,lyapunov_state_adaptive,15968,3552,768,3104,True,True
20260862,32,global_08,16,raw_state_adaptive,15912,6120,768,2448,True,True
20260862,32,global_08,16,correlation_only_adaptive,15968,3552,768,3104,True,True
20260862,32,global_08,16,state_oracle,15860,12720,0,785,True,True
20260862,32,global_08,16,fixed_q1_oracle_eta,16000,3200,0,3200,True,True
20260862,32,global_08,16,fixed_q4_oracle_eta,16000,8000,0,2000,True,True
20260862,32,global_08,16,fixed_q8_oracle_eta,15936,10624,0,1328,True,True
20260862,32,global_08,16,fixed_q32_oracle_eta,15840,14080,0,440,True,True
20260862,32,clustered_08,16,lyapunov_state_adaptive,15980,5140,768,2710,True,True
20260862,32,clustered_08,16,raw_state_adaptive,15996,7556,768,2110,True,True
20260862,32,clustered_08,16,correlation_only_adaptive,15980,5140,768,2710,True,True
20260862,32,clustered_08,16,state_oracle,15880,12560,0,830,True,True
20260862,32,clustered_08,16,fixed_q1_oracle_eta,16000,3200,0,3200,True,True
20260862,32,clustered_08,16,fixed_q4_oracle_eta,16000,8000,0,2000,True,True
20260862,32,clustered_08,16,fixed_q8_oracle_eta,15936,10624,0,1328,True,True
20260862,32,clustered_08,16,fixed_q32_oracle_eta,15840,14080,0,440,True,True
20260862,32,balanced_08,16,lyapunov_state_adaptive,15972,4060,768,2978,True,True
20260862,32,balanced_08,16,raw_state_adaptive,15916,6628,768,2322,True,True
20260862,32,balanced_08,16,correlation_only_adaptive,15972,4060,768,2978,True,True
20260862,32,balanced_08,16,state_oracle,15860,12720,0,785,True,True
20260862,32,balanced_08,16,fixed_q1_oracle_eta,16000,3200,0,3200,True,True
20260862,32,balanced_08,16,fixed_q4_oracle_eta,16000,8000,0,2000,True,True
20260862,32,balanced_08,16,fixed_q8_oracle_eta,15936,10624,0,1328,True,True
20260862,32,balanced_08,16,fixed_q32_oracle_eta,15840,14080,0,440,True,True
20260863,33,independent,4,lyapunov_state_adaptive,15880,11200,768,1170,True,True
20260863,33,independent,4,raw_state_adaptive,15856,11600,768,1064,True,True
20260863,33,independent,4,correlation_only_adaptive,15888,10888,768,1250,True,True
20260863,33,independent,4,state_oracle,15840,14080,0,440,True,True
20260863,33,independent,4,fixed_q1_oracle_eta,16000,3200,0,3200,True,True
20260863,33,independent,4,fixed_q4_oracle_eta,16000,8000,0,2000,True,True
20260863,33,independent,4,fixed_q8_oracle_eta,15936,10624,0,1328,True,True
20260863,33,independent,4,fixed_q32_oracle_eta,15840,14080,0,440,True,True
20260863,33,global_08,4,lyapunov_state_adaptive,15968,3552,768,3104,True,True
20260863,33,global_08,4,raw_state_adaptive,15968,3552,768,3104,True,True
20260863,33,global_08,4,correlation_only_adaptive,15968,3552,768,3104,True,True
20260863,33,global_08,4,state_oracle,15900,10000,0,1475,True,True
20260863,33,global_08,4,fixed_q1_oracle_eta,16000,3200,0,3200,True,True
20260863,33,global_08,4,fixed_q4_oracle_eta,16000,8000,0,2000,True,True
20260863,33,global_08,4,fixed_q8_oracle_eta,15936,10624,0,1328,True,True
20260863,33,global_08,4,fixed_q32_oracle_eta,15840,14080,0,440,True,True
20260863,33,clustered_08,4,lyapunov_state_adaptive,15992,6920,768,2268,True,True
20260863,33,clustered_08,4,raw_state_adaptive,15956,6996,768,2240,True,True
20260863,33,clustered_08,4,correlation_only_adaptive,15980,5204,768,2694,True,True
20260863,33,clustered_08,4,state_oracle,15892,12128,0,941,True,True
20260863,33,clustered_08,4,fixed_q1_oracle_eta,16000,3200,0,3200,True,True
20260863,33,clustered_08,4,fixed_q4_oracle_eta,16000,8000,0,2000,True,True
20260863,33,clustered_08,4,fixed_q8_oracle_eta,15936,10624,0,1328,True,True
20260863,33,clustered_08,4,fixed_q32_oracle_eta,15840,14080,0,440,True,True
20260863,33,balanced_08,4,lyapunov_state_adaptive,15974,4378,768,2899,True,True
20260863,33,balanced_08,4,raw_state_adaptive,15978,4950,768,2757,True,True
20260863,33,balanced_08,4,correlation_only_adaptive,15974,4378,768,2899,True,True
20260863,33,balanced_08,4,state_oracle,15860,12720,0,785,True,True
20260863,33,balanced_08,4,fixed_q1_oracle_eta,16000,3200,0,3200,True,True
20260863,33,balanced_08,4,fixed_q4_oracle_eta,16000,8000,0,2000,True,True
20260863,33,balanced_08,4,fixed_q8_oracle_eta,15936,10624,0,1328,True,True
20260863,33,balanced_08,4,fixed_q32_oracle_eta,15840,14080,0,440,True,True
20260863,33,independent,16,lyapunov_state_adaptive,15964,8740,768,1806,True,True
20260863,33,independent,16,raw_state_adaptive,15908,10676,768,1308,True,True
20260863,33,independent,16,correlation_only_adaptive,15964,8740,768,1806,True,True
20260863,33,independent,16,state_oracle,15840,14080,0,440,True,True
20260863,33,independent,16,fixed_q1_oracle_eta,16000,3200,0,3200,True,True
20260863,33,independent,16,fixed_q4_oracle_eta,16000,8000,0,2000,True,True
20260863,33,independent,16,fixed_q8_oracle_eta,15936,10624,0,1328,True,True
20260863,33,independent,16,fixed_q32_oracle_eta,15840,14080,0,440,True,True
20260863,33,global_08,16,lyapunov_state_adaptive,15968,3552,768,3104,True,True
20260863,33,global_08,16,raw_state_adaptive,15968,3552,768,3104,True,True
20260863,33,global_08,16,correlation_only_adaptive,15968,3552,768,3104,True,True
20260863,33,global_08,16,state_oracle,15900,10000,0,1475,True,True
20260863,33,global_08,16,fixed_q1_oracle_eta,16000,3200,0,3200,True,True
20260863,33,global_08,16,fixed_q4_oracle_eta,16000,8000,0,2000,True,True
20260863,33,global_08,16,fixed_q8_oracle_eta,15936,10624,0,1328,True,True
20260863,33,global_08,16,fixed_q32_oracle_eta,15840,14080,0,440,True,True
20260863,33,clustered_08,16,lyapunov_state_adaptive,15998,7810,768,2047,True,True
20260863,33,clustered_08,16,raw_state_adaptive,15998,7810,768,2047,True,True
20260863,33,clustered_08,16,correlation_only_adaptive,15998,7810,768,2047,True,True
20260863,33,clustered_08,16,state_oracle,15880,12560,0,830,True,True
20260863,33,clustered_08,16,fixed_q1_oracle_eta,16000,3200,0,3200,True,True
20260863,33,clustered_08,16,fixed_q4_oracle_eta,16000,8000,0,2000,True,True
20260863,33,clustered_08,16,fixed_q8_oracle_eta,15936,10624,0,1328,True,True
20260863,33,clustered_08,16,fixed_q32_oracle_eta,15840,14080,0,440,True,True
20260863,33,balanced_08,16,lyapunov_state_adaptive,15984,5776,768,2552,True,True
20260863,33,balanced_08,16,raw_state_adaptive,15980,5204,768,2694,True,True
20260863,33,balanced_08,16,correlation_only_adaptive,15984,5776,768,2552,True,True
20260863,33,balanced_08,16,state_oracle,15860,12720,0,785,True,True
20260863,33,balanced_08,16,fixed_q1_oracle_eta,16000,3200,0,3200,True,True
20260863,33,balanced_08,16,fixed_q4_oracle_eta,16000,8000,0,2000,True,True
20260863,33,balanced_08,16,fixed_q8_oracle_eta,15936,10624,0,1328,True,True
20260863,33,balanced_08,16,fixed_q32_oracle_eta,15840,14080,0,440,True,True
20260864,34,independent,4,lyapunov_state_adaptive,15912,11024,768,1222,True,True
20260864,34,independent,4,raw_state_adaptive,15918,8338,768,1895,True,True
20260864,34,independent,4,correlation_only_adaptive,15956,7060,768,2224,True,True
20260864,34,independent,4,state_oracle,15840,14080,0,440,True,True
20260864,34,independent,4,fixed_q1_oracle_eta,16000,3200,0,3200,True,True
20260864,34,independent,4,fixed_q4_oracle_eta,16000,8000,0,2000,True,True
20260864,34,independent,4,fixed_q8_oracle_eta,15936,10624,0,1328,True,True
20260864,34,independent,4,fixed_q32_oracle_eta,15840,14080,0,440,True,True
20260864,34,global_08,4,lyapunov_state_adaptive,15968,3552,768,3104,True,True
20260864,34,global_08,4,raw_state_adaptive,15940,4836,768,2776,True,True
20260864,34,global_08,4,correlation_only_adaptive,15968,3552,768,3104,True,True
20260864,34,global_08,4,state_oracle,15920,8640,0,1820,True,True
20260864,34,global_08,4,fixed_q1_oracle_eta,16000,3200,0,3200,True,True
20260864,34,global_08,4,fixed_q4_oracle_eta,16000,8000,0,2000,True,True
20260864,34,global_08,4,fixed_q8_oracle_eta,15936,10624,0,1328,True,True
20260864,34,global_08,4,fixed_q32_oracle_eta,15840,14080,0,440,True,True
20260864,34,clustered_08,4,lyapunov_state_adaptive,15992,6856,768,2284,True,True
20260864,34,clustered_08,4,raw_state_adaptive,15958,7378,768,2145,True,True
20260864,34,clustered_08,4,correlation_only_adaptive,15984,5776,768,2552,True,True
20260864,34,clustered_08,4,state_oracle,15912,11368,0,1136,True,True
20260864,34,clustered_08,4,fixed_q1_oracle_eta,16000,3200,0,3200,True,True
20260864,34,clustered_08,4,fixed_q4_oracle_eta,16000,8000,0,2000,True,True
20260864,34,clustered_08,4,fixed_q8_oracle_eta,15936,10624,0,1328,True,True
20260864,34,clustered_08,4,fixed_q32_oracle_eta,15840,14080,0,440,True,True
20260864,34,balanced_08,4,lyapunov_state_adaptive,15968,3552,768,3104,True,True
20260864,34,balanced_08,4,raw_state_adaptive,15912,6120,768,2448,True,True
20260864,34,balanced_08,4,correlation_only_adaptive,15968,3552,768,3104,True,True
20260864,34,balanced_08,4,state_oracle,15940,7280,0,2165,True,True
20260864,34,balanced_08,4,fixed_q1_oracle_eta,16000,3200,0,3200,True,True
20260864,34,balanced_08,4,fixed_q4_oracle_eta,16000,8000,0,2000,True,True
20260864,34,balanced_08,4,fixed_q8_oracle_eta,15936,10624,0,1328,True,True
20260864,34,balanced_08,4,fixed_q32_oracle_eta,15840,14080,0,440,True,True
20260864,34,independent,16,lyapunov_state_adaptive,15854,9826,768,1507,True,True
20260864,34,independent,16,raw_state_adaptive,15860,9196,768,1666,True,True
20260864,34,independent,16,correlation_only_adaptive,15862,9514,768,1587,True,True
20260864,34,independent,16,state_oracle,15840,14080,0,440,True,True
20260864,34,independent,16,fixed_q1_oracle_eta,16000,3200,0,3200,True,True
20260864,34,independent,16,fixed_q4_oracle_eta,16000,8000,0,2000,True,True
20260864,34,independent,16,fixed_q8_oracle_eta,15936,10624,0,1328,True,True
20260864,34,independent,16,fixed_q32_oracle_eta,15840,14080,0,440,True,True
20260864,34,global_08,16,lyapunov_state_adaptive,15968,3552,768,3104,True,True
20260864,34,global_08,16,raw_state_adaptive,15940,4836,768,2776,True,True
20260864,34,global_08,16,correlation_only_adaptive,15968,3552,768,3104,True,True
20260864,34,global_08,16,state_oracle,15920,8640,0,1820,True,True
20260864,34,global_08,16,fixed_q1_oracle_eta,16000,3200,0,3200,True,True
20260864,34,global_08,16,fixed_q4_oracle_eta,16000,8000,0,2000,True,True
20260864,34,global_08,16,fixed_q8_oracle_eta,15936,10624,0,1328,True,True
20260864,34,global_08,16,fixed_q32_oracle_eta,15840,14080,0,440,True,True
20260864,34,clustered_08,16,lyapunov_state_adaptive,15986,6030,768,2489,True,True
20260864,34,clustered_08,16,raw_state_adaptive,15986,6030,768,2489,True,True
20260864,34,clustered_08,16,correlation_only_adaptive,15984,5712,768,2568,True,True
20260864,34,clustered_08,16,state_oracle,15920,11040,0,1220,True,True
20260864,34,clustered_08,16,fixed_q1_oracle_eta,16000,3200,0,3200,True,True
20260864,34,clustered_08,16,fixed_q4_oracle_eta,16000,8000,0,2000,True,True
20260864,34,clustered_08,16,fixed_q8_oracle_eta,15936,10624,0,1328,True,True
20260864,34,clustered_08,16,fixed_q32_oracle_eta,15840,14080,0,440,True,True
20260864,34,balanced_08,16,lyapunov_state_adaptive,15968,3552,768,3104,True,True
20260864,34,balanced_08,16,raw_state_adaptive,15940,4836,768,2776,True,True
20260864,34,balanced_08,16,correlation_only_adaptive,15968,3552,768,3104,True,True
20260864,34,balanced_08,16,state_oracle,15940,7280,0,2165,True,True
20260864,34,balanced_08,16,fixed_q1_oracle_eta,16000,3200,0,3200,True,True
20260864,34,balanced_08,16,fixed_q4_oracle_eta,16000,8000,0,2000,True,True
20260864,34,balanced_08,16,fixed_q8_oracle_eta,15936,10624,0,1328,True,True
20260864,34,balanced_08,16,fixed_q32_oracle_eta,15840,14080,0,440,True,True
20260865,35,independent,4,lyapunov_state_adaptive,15924,10432,768,1373,True,True
20260865,35,independent,4,raw_state_adaptive,15768,13424,768,586,True,True
20260865,35,independent,4,correlation_only_adaptive,15924,10432,768,1373,True,True
20260865,35,independent,4,state_oracle,15840,14080,0,440,True,True
20260865,35,independent,4,fixed_q1_oracle_eta,16000,3200,0,3200,True,True
20260865,35,independent,4,fixed_q4_oracle_eta,16000,8000,0,2000,True,True
20260865,35,independent,4,fixed_q8_oracle_eta,15936,10624,0,1328,True,True
20260865,35,independent,4,fixed_q32_oracle_eta,15840,14080,0,440,True,True
20260865,35,global_08,4,lyapunov_state_adaptive,15968,3552,768,3104,True,True
20260865,35,global_08,4,raw_state_adaptive,15884,7404,768,2120,True,True
20260865,35,global_08,4,correlation_only_adaptive,15968,3552,768,3104,True,True
20260865,35,global_08,4,state_oracle,15900,10000,0,1475,True,True
20260865,35,global_08,4,fixed_q1_oracle_eta,16000,3200,0,3200,True,True
20260865,35,global_08,4,fixed_q4_oracle_eta,16000,8000,0,2000,True,True
20260865,35,global_08,4,fixed_q8_oracle_eta,15936,10624,0,1328,True,True
20260865,35,global_08,4,fixed_q32_oracle_eta,15840,14080,0,440,True,True
20260865,35,clustered_08,4,lyapunov_state_adaptive,16000,8128,768,1968,True,True
20260865,35,clustered_08,4,raw_state_adaptive,15964,8204,768,1940,True,True
20260865,35,clustered_08,4,correlation_only_adaptive,16000,8128,768,1968,True,True
20260865,35,clustered_08,4,state_oracle,15960,9520,0,1610,True,True
20260865,35,clustered_08,4,fixed_q1_oracle_eta,16000,3200,0,3200,True,True
20260865,35,clustered_08,4,fixed_q4_oracle_eta,16000,8000,0,2000,True,True
20260865,35,clustered_08,4,fixed_q8_oracle_eta,15936,10624,0,1328,True,True
20260865,35,clustered_08,4,fixed_q32_oracle_eta,15840,14080,0,440,True,True
20260865,35,balanced_08,4,lyapunov_state_adaptive,15972,4124,768,2962,True,True
20260865,35,balanced_08,4,raw_state_adaptive,15950,6170,768,2445,True,True
20260865,35,balanced_08,4,correlation_only_adaptive,15972,4124,768,2962,True,True
20260865,35,balanced_08,4,state_oracle,15880,11360,0,1130,True,True
20260865,35,balanced_08,4,fixed_q1_oracle_eta,16000,3200,0,3200,True,True
20260865,35,balanced_08,4,fixed_q4_oracle_eta,16000,8000,0,2000,True,True
20260865,35,balanced_08,4,fixed_q8_oracle_eta,15936,10624,0,1328,True,True
20260865,35,balanced_08,4,fixed_q32_oracle_eta,15840,14080,0,440,True,True
20260865,35,independent,16,lyapunov_state_adaptive,15832,12000,768,958,True,True
20260865,35,independent,16,raw_state_adaptive,15928,8280,768,1912,True,True
20260865,35,independent,16,correlation_only_adaptive,15928,8280,768,1912,True,True
20260865,35,independent,16,state_oracle,15840,14080,0,440,True,True
20260865,35,independent,16,fixed_q1_oracle_eta,16000,3200,0,3200,True,True
20260865,35,independent,16,fixed_q4_oracle_eta,16000,8000,0,2000,True,True
20260865,35,independent,16,fixed_q8_oracle_eta,15936,10624,0,1328,True,True
20260865,35,independent,16,fixed_q32_oracle_eta,15840,14080,0,440,True,True
20260865,35,global_08,16,lyapunov_state_adaptive,15968,3552,768,3104,True,True
20260865,35,global_08,16,raw_state_adaptive,15940,4836,768,2776,True,True
20260865,35,global_08,16,correlation_only_adaptive,15968,3552,768,3104,True,True
20260865,35,global_08,16,state_oracle,15900,10000,0,1475,True,True
20260865,35,global_08,16,fixed_q1_oracle_eta,16000,3200,0,3200,True,True
20260865,35,global_08,16,fixed_q4_oracle_eta,16000,8000,0,2000,True,True
20260865,35,global_08,16,fixed_q8_oracle_eta,15936,10624,0,1328,True,True
20260865,35,global_08,16,fixed_q32_oracle_eta,15840,14080,0,440,True,True
20260865,35,clustered_08,16,lyapunov_state_adaptive,15996,7492,768,2126,True,True
20260865,35,clustered_08,16,raw_state_adaptive,15996,7492,768,2126,True,True
20260865,35,clustered_08,16,correlation_only_adaptive,15996,7492,768,2126,True,True
20260865,35,clustered_08,16,state_oracle,15960,9520,0,1610,True,True
20260865,35,clustered_08,16,fixed_q1_oracle_eta,16000,3200,0,3200,True,True
20260865,35,clustered_08,16,fixed_q4_oracle_eta,16000,8000,0,2000,True,True
20260865,35,clustered_08,16,fixed_q8_oracle_eta,15936,10624,0,1328,True,True
20260865,35,clustered_08,16,fixed_q32_oracle_eta,15840,14080,0,440,True,True
20260865,35,balanced_08,16,lyapunov_state_adaptive,15974,4314,768,2915,True,True
20260865,35,balanced_08,16,raw_state_adaptive,15888,7912,768,1994,True,True
20260865,35,balanced_08,16,correlation_only_adaptive,15970,3806,768,3041,True,True
20260865,35,balanced_08,16,state_oracle,15880,11360,0,1130,True,True
20260865,35,balanced_08,16,fixed_q1_oracle_eta,16000,3200,0,3200,True,True
20260865,35,balanced_08,16,fixed_q4_oracle_eta,16000,8000,0,2000,True,True
20260865,35,balanced_08,16,fixed_q8_oracle_eta,15936,10624,0,1328,True,True
20260865,35,balanced_08,16,fixed_q32_oracle_eta,15840,14080,0,440,True,True
20260866,36,independent,4,lyapunov_state_adaptive,15982,5330,768,2663,True,True
20260866,36,independent,4,raw_state_adaptive,15892,8420,768,1868,True,True
20260866,36,independent,4,correlation_only_adaptive,15982,5330,768,2663,True,True
20260866,36,independent,4,state_oracle,15840,14080,0,440,True,True
20260866,36,independent,4,fixed_q1_oracle_eta,16000,3200,0,3200,True,True
20260866,36,independent,4,fixed_q4_oracle_eta,16000,8000,0,2000,True,True
20260866,36,independent,4,fixed_q8_oracle_eta,15936,10624,0,1328,True,True
20260866,36,independent,4,fixed_q32_oracle_eta,15840,14080,0,440,True,True
20260866,36,global_08,4,lyapunov_state_adaptive,15968,3552,768,3104,True,True
20260866,36,global_08,4,raw_state_adaptive,15940,4836,768,2776,True,True
20260866,36,global_08,4,correlation_only_adaptive,15968,3552,768,3104,True,True
20260866,36,global_08,4,state_oracle,15860,12720,0,785,True,True
20260866,36,global_08,4,fixed_q1_oracle_eta,16000,3200,0,3200,True,True
20260866,36,global_08,4,fixed_q4_oracle_eta,16000,8000,0,2000,True,True
20260866,36,global_08,4,fixed_q8_oracle_eta,15936,10624,0,1328,True,True
20260866,36,global_08,4,fixed_q32_oracle_eta,15840,14080,0,440,True,True
20260866,36,clustered_08,4,lyapunov_state_adaptive,16000,8128,768,1968,True,True
20260866,36,clustered_08,4,raw_state_adaptive,15934,9234,768,1675,True,True
20260866,36,clustered_08,4,correlation_only_adaptive,16000,8128,768,1968,True,True
20260866,36,clustered_08,4,state_oracle,15880,12560,0,830,True,True
20260866,36,clustered_08,4,fixed_q1_oracle_eta,16000,3200,0,3200,True,True
20260866,36,clustered_08,4,fixed_q4_oracle_eta,16000,8000,0,2000,True,True
20260866,36,clustered_08,4,fixed_q8_oracle_eta,15936,10624,0,1328,True,True
20260866,36,clustered_08,4,fixed_q32_oracle_eta,15840,14080,0,440,True,True
20260866,36,balanced_08,4,lyapunov_state_adaptive,15968,3552,768,3104,True,True
20260866,36,balanced_08,4,raw_state_adaptive,15940,4836,768,2776,True,True
20260866,36,balanced_08,4,correlation_only_adaptive,15974,4314,768,2915,True,True
20260866,36,balanced_08,4,state_oracle,15860,12720,0,785,True,True
20260866,36,balanced_08,4,fixed_q1_oracle_eta,16000,3200,0,3200,True,True
20260866,36,balanced_08,4,fixed_q4_oracle_eta,16000,8000,0,2000,True,True
20260866,36,balanced_08,4,fixed_q8_oracle_eta,15936,10624,0,1328,True,True
20260866,36,balanced_08,4,fixed_q32_oracle_eta,15840,14080,0,440,True,True
20260866,36,independent,16,lyapunov_state_adaptive,15828,12568,768,815,True,True
20260866,36,independent,16,raw_state_adaptive,15856,10144,768,1428,True,True
20260866,36,independent,16,correlation_only_adaptive,15856,10144,768,1428,True,True
20260866,36,independent,16,state_oracle,15840,14080,0,440,True,True
20260866,36,independent,16,fixed_q1_oracle_eta,16000,3200,0,3200,True,True
20260866,36,independent,16,fixed_q4_oracle_eta,16000,8000,0,2000,True,True
20260866,36,independent,16,fixed_q8_oracle_eta,15936,10624,0,1328,True,True
20260866,36,independent,16,fixed_q32_oracle_eta,15840,14080,0,440,True,True
20260866,36,global_08,16,lyapunov_state_adaptive,15968,3552,768,3104,True,True
20260866,36,global_08,16,raw_state_adaptive,15968,3552,768,3104,True,True
20260866,36,global_08,16,correlation_only_adaptive,15968,3552,768,3104,True,True
20260866,36,global_08,16,state_oracle,15880,11360,0,1130,True,True
20260866,36,global_08,16,fixed_q1_oracle_eta,16000,3200,0,3200,True,True
20260866,36,global_08,16,fixed_q4_oracle_eta,16000,8000,0,2000,True,True
20260866,36,global_08,16,fixed_q8_oracle_eta,15936,10624,0,1328,True,True
20260866,36,global_08,16,fixed_q32_oracle_eta,15840,14080,0,440,True,True
20260866,36,clustered_08,16,lyapunov_state_adaptive,16000,8128,768,1968,True,True
20260866,36,clustered_08,16,raw_state_adaptive,16000,8128,768,1968,True,True
20260866,36,clustered_08,16,correlation_only_adaptive,16000,8128,768,1968,True,True
20260866,36,clustered_08,16,state_oracle,15880,12560,0,830,True,True
20260866,36,clustered_08,16,fixed_q1_oracle_eta,16000,3200,0,3200,True,True
20260866,36,clustered_08,16,fixed_q4_oracle_eta,16000,8000,0,2000,True,True
20260866,36,clustered_08,16,fixed_q8_oracle_eta,15936,10624,0,1328,True,True
20260866,36,clustered_08,16,fixed_q32_oracle_eta,15840,14080,0,440,True,True
20260866,36,balanced_08,16,lyapunov_state_adaptive,15970,3806,768,3041,True,True
20260866,36,balanced_08,16,raw_state_adaptive,15858,8942,768,1729,True,True
20260866,36,balanced_08,16,correlation_only_adaptive,15970,3806,768,3041,True,True
20260866,36,balanced_08,16,state_oracle,15880,11360,0,1130,True,True
20260866,36,balanced_08,16,fixed_q1_oracle_eta,16000,3200,0,3200,True,True
20260866,36,balanced_08,16,fixed_q4_oracle_eta,16000,8000,0,2000,True,True
20260866,36,balanced_08,16,fixed_q8_oracle_eta,15936,10624,0,1328,True,True
20260866,36,balanced_08,16,fixed_q32_oracle_eta,15840,14080,0,440,True,True
20260867,37,independent,4,lyapunov_state_adaptive,15930,10338,768,1398,True,True
20260867,37,independent,4,raw_state_adaptive,15930,8598,768,1833,True,True
20260867,37,independent,4,correlation_only_adaptive,15930,8598,768,1833,True,True
20260867,37,independent,4,state_oracle,15840,14080,0,440,True,True
20260867,37,independent,4,fixed_q1_oracle_eta,16000,3200,0,3200,True,True
20260867,37,independent,4,fixed_q4_oracle_eta,16000,8000,0,2000,True,True
20260867,37,independent,4,fixed_q8_oracle_eta,15936,10624,0,1328,True,True
20260867,37,independent,4,fixed_q32_oracle_eta,15840,14080,0,440,True,True
20260867,37,global_08,4,lyapunov_state_adaptive,15968,3552,768,3104,True,True
20260867,37,global_08,4,raw_state_adaptive,15968,3552,768,3104,True,True
20260867,37,global_08,4,correlation_only_adaptive,15968,3552,768,3104,True,True
20260867,37,global_08,4,state_oracle,15880,11360,0,1130,True,True
20260867,37,global_08,4,fixed_q1_oracle_eta,16000,3200,0,3200,True,True
20260867,37,global_08,4,fixed_q4_oracle_eta,16000,8000,0,2000,True,True
20260867,37,global_08,4,fixed_q8_oracle_eta,15936,10624,0,1328,True,True
20260867,37,global_08,4,fixed_q32_oracle_eta,15840,14080,0,440,True,True
20260867,37,clustered_08,4,lyapunov_state_adaptive,15990,6602,768,2347,True,True
20260867,37,clustered_08,4,raw_state_adaptive,15990,6602,768,2347,True,True
20260867,37,clustered_08,4,correlation_only_adaptive,15990,6602,768,2347,True,True
20260867,37,clustered_08,4,state_oracle,15880,12560,0,830,True,True
20260867,37,clustered_08,4,fixed_q1_oracle_eta,16000,3200,0,3200,True,True
20260867,37,clustered_08,4,fixed_q4_oracle_eta,16000,8000,0,2000,True,True
20260867,37,clustered_08,4,fixed_q8_oracle_eta,15936,10624,0,1328,True,True
20260867,37,clustered_08,4,fixed_q32_oracle_eta,15840,14080,0,440,True,True
20260867,37,balanced_08,4,lyapunov_state_adaptive,15968,3552,768,3104,True,True
20260867,37,balanced_08,4,raw_state_adaptive,15968,3552,768,3104,True,True
20260867,37,balanced_08,4,correlation_only_adaptive,15968,3552,768,3104,True,True
20260867,37,balanced_08,4,state_oracle,15880,11360,0,1130,True,True
20260867,37,balanced_08,4,fixed_q1_oracle_eta,16000,3200,0,3200,True,True
20260867,37,balanced_08,4,fixed_q4_oracle_eta,16000,8000,0,2000,True,True
20260867,37,balanced_08,4,fixed_q8_oracle_eta,15936,10624,0,1328,True,True
20260867,37,balanced_08,4,fixed_q32_oracle_eta,15840,14080,0,440,True,True
20260867,37,independent,16,lyapunov_state_adaptive,15950,7310,768,2160,True,True
20260867,37,independent,16,raw_state_adaptive,15946,8574,768,1843,True,True
20260867,37,independent,16,correlation_only_adaptive,15982,5394,768,2647,True,True
20260867,37,independent,16,state_oracle,15840,14080,0,440,True,True
20260867,37,independent,16,fixed_q1_oracle_eta,16000,3200,0,3200,True,True
20260867,37,independent,16,fixed_q4_oracle_eta,16000,8000,0,2000,True,True
20260867,37,independent,16,fixed_q8_oracle_eta,15936,10624,0,1328,True,True
20260867,37,independent,16,fixed_q32_oracle_eta,15840,14080,0,440,True,True
20260867,37,global_08,16,lyapunov_state_adaptive,15968,3552,768,3104,True,True
20260867,37,global_08,16,raw_state_adaptive,15968,3552,768,3104,True,True
20260867,37,global_08,16,correlation_only_adaptive,15968,3552,768,3104,True,True
20260867,37,global_08,16,state_oracle,15880,11360,0,1130,True,True
20260867,37,global_08,16,fixed_q1_oracle_eta,16000,3200,0,3200,True,True
20260867,37,global_08,16,fixed_q4_oracle_eta,16000,8000,0,2000,True,True
20260867,37,global_08,16,fixed_q8_oracle_eta,15936,10624,0,1328,True,True
20260867,37,global_08,16,fixed_q32_oracle_eta,15840,14080,0,440,True,True
20260867,37,clustered_08,16,lyapunov_state_adaptive,15994,7174,768,2205,True,True
20260867,37,clustered_08,16,raw_state_adaptive,15968,8840,768,1782,True,True
20260867,37,clustered_08,16,correlation_only_adaptive,15994,7174,768,2205,True,True
20260867,37,clustered_08,16,state_oracle,15880,12560,0,830,True,True
20260867,37,clustered_08,16,fixed_q1_oracle_eta,16000,3200,0,3200,True,True
20260867,37,clustered_08,16,fixed_q4_oracle_eta,16000,8000,0,2000,True,True
20260867,37,clustered_08,16,fixed_q8_oracle_eta,15936,10624,0,1328,True,True
20260867,37,clustered_08,16,fixed_q32_oracle_eta,15840,14080,0,440,True,True
20260867,37,balanced_08,16,lyapunov_state_adaptive,15980,5076,768,2726,True,True
20260867,37,balanced_08,16,raw_state_adaptive,15942,5090,768,2713,True,True
20260867,37,balanced_08,16,correlation_only_adaptive,15980,5076,768,2726,True,True
20260867,37,balanced_08,16,state_oracle,15860,12720,0,785,True,True
20260867,37,balanced_08,16,fixed_q1_oracle_eta,16000,3200,0,3200,True,True
20260867,37,balanced_08,16,fixed_q4_oracle_eta,16000,8000,0,2000,True,True
20260867,37,balanced_08,16,fixed_q8_oracle_eta,15936,10624,0,1328,True,True
20260867,37,balanced_08,16,fixed_q32_oracle_eta,15840,14080,0,440,True,True
20260868,38,independent,4,lyapunov_state_adaptive,15932,8980,768,1738,True,True
20260868,38,independent,4,raw_state_adaptive,15900,9692,768,1552,True,True
20260868,38,independent,4,correlation_only_adaptive,15932,8980,768,1738,True,True
20260868,38,independent,4,state_oracle,15840,14080,0,440,True,True
20260868,38,independent,4,fixed_q1_oracle_eta,16000,3200,0,3200,True,True
20260868,38,independent,4,fixed_q4_oracle_eta,16000,8000,0,2000,True,True
20260868,38,independent,4,fixed_q8_oracle_eta,15936,10624,0,1328,True,True
20260868,38,independent,4,fixed_q32_oracle_eta,15840,14080,0,440,True,True
20260868,38,global_08,4,lyapunov_state_adaptive,15968,3552,768,3104,True,True
20260868,38,global_08,4,raw_state_adaptive,15912,6120,768,2448,True,True
20260868,38,global_08,4,correlation_only_adaptive,15968,3552,768,3104,True,True
20260868,38,global_08,4,state_oracle,15880,11360,0,1130,True,True
20260868,38,global_08,4,fixed_q1_oracle_eta,16000,3200,0,3200,True,True
20260868,38,global_08,4,fixed_q4_oracle_eta,16000,8000,0,2000,True,True
20260868,38,global_08,4,fixed_q8_oracle_eta,15936,10624,0,1328,True,True
20260868,38,global_08,4,fixed_q32_oracle_eta,15840,14080,0,440,True,True
20260868,38,clustered_08,4,lyapunov_state_adaptive,15998,7810,768,2047,True,True
20260868,38,clustered_08,4,raw_state_adaptive,15934,9234,768,1675,True,True
20260868,38,clustered_08,4,correlation_only_adaptive,15994,7174,768,2205,True,True
20260868,38,clustered_08,4,state_oracle,15900,11800,0,1025,True,True
20260868,38,clustered_08,4,fixed_q1_oracle_eta,16000,3200,0,3200,True,True
20260868,38,clustered_08,4,fixed_q4_oracle_eta,16000,8000,0,2000,True,True
20260868,38,clustered_08,4,fixed_q8_oracle_eta,15936,10624,0,1328,True,True
20260868,38,clustered_08,4,fixed_q32_oracle_eta,15840,14080,0,440,True,True
20260868,38,balanced_08,4,lyapunov_state_adaptive,15972,4124,768,2962,True,True
20260868,38,balanced_08,4,raw_state_adaptive,15972,4124,768,2962,True,True
20260868,38,balanced_08,4,correlation_only_adaptive,15972,4124,768,2962,True,True
20260868,38,balanced_08,4,state_oracle,15860,12720,0,785,True,True
20260868,38,balanced_08,4,fixed_q1_oracle_eta,16000,3200,0,3200,True,True
20260868,38,balanced_08,4,fixed_q4_oracle_eta,16000,8000,0,2000,True,True
20260868,38,balanced_08,4,fixed_q8_oracle_eta,15936,10624,0,1328,True,True
20260868,38,balanced_08,4,fixed_q32_oracle_eta,15840,14080,0,440,True,True
20260868,38,independent,16,lyapunov_state_adaptive,15972,9632,768,1585,True,True
20260868,38,independent,16,raw_state_adaptive,15920,10176,768,1436,True,True
20260868,38,independent,16,correlation_only_adaptive,15920,10176,768,1436,True,True
20260868,38,independent,16,state_oracle,15840,14080,0,440,True,True
20260868,38,independent,16,fixed_q1_oracle_eta,16000,3200,0,3200,True,True
20260868,38,independent,16,fixed_q4_oracle_eta,16000,8000,0,2000,True,True
20260868,38,independent,16,fixed_q8_oracle_eta,15936,10624,0,1328,True,True
20260868,38,independent,16,fixed_q32_oracle_eta,15840,14080,0,440,True,True
20260868,38,global_08,16,lyapunov_state_adaptive,15968,3552,768,3104,True,True
20260868,38,global_08,16,raw_state_adaptive,15940,4836,768,2776,True,True
20260868,38,global_08,16,correlation_only_adaptive,15968,3552,768,3104,True,True
20260868,38,global_08,16,state_oracle,15880,11360,0,1130,True,True
20260868,38,global_08,16,fixed_q1_oracle_eta,16000,3200,0,3200,True,True
20260868,38,global_08,16,fixed_q4_oracle_eta,16000,8000,0,2000,True,True
20260868,38,global_08,16,fixed_q8_oracle_eta,15936,10624,0,1328,True,True
20260868,38,global_08,16,fixed_q32_oracle_eta,15840,14080,0,440,True,True
20260868,38,clustered_08,16,lyapunov_state_adaptive,15998,7810,768,2047,True,True
20260868,38,clustered_08,16,raw_state_adaptive,15966,8522,768,1861,True,True
20260868,38,clustered_08,16,correlation_only_adaptive,15998,7810,768,2047,True,True
20260868,38,clustered_08,16,state_oracle,15900,11800,0,1025,True,True
20260868,38,clustered_08,16,fixed_q1_oracle_eta,16000,3200,0,3200,True,True
20260868,38,clustered_08,16,fixed_q4_oracle_eta,16000,8000,0,2000,True,True
20260868,38,clustered_08,16,fixed_q8_oracle_eta,15936,10624,0,1328,True,True
20260868,38,clustered_08,16,fixed_q32_oracle_eta,15840,14080,0,440,True,True
20260868,38,balanced_08,16,lyapunov_state_adaptive,15968,3552,768,3104,True,True
20260868,38,balanced_08,16,raw_state_adaptive,15946,5598,768,2587,True,True
20260868,38,balanced_08,16,correlation_only_adaptive,15968,3552,768,3104,True,True
20260868,38,balanced_08,16,state_oracle,15880,11360,0,1130,True,True
20260868,38,balanced_08,16,fixed_q1_oracle_eta,16000,3200,0,3200,True,True
20260868,38,balanced_08,16,fixed_q4_oracle_eta,16000,8000,0,2000,True,True
20260868,38,balanced_08,16,fixed_q8_oracle_eta,15936,10624,0,1328,True,True
20260868,38,balanced_08,16,fixed_q32_oracle_eta,15840,14080,0,440,True,True
20260869,39,independent,4,lyapunov_state_adaptive,15926,7962,768,1991,True,True
20260869,39,independent,4,raw_state_adaptive,15868,10340,768,1382,True,True
20260869,39,independent,4,correlation_only_adaptive,15926,7962,768,1991,True,True
20260869,39,independent,4,state_oracle,15840,14080,0,440,True,True
20260869,39,independent,4,fixed_q1_oracle_eta,16000,3200,0,3200,True,True
20260869,39,independent,4,fixed_q4_oracle_eta,16000,8000,0,2000,True,True
20260869,39,independent,4,fixed_q8_oracle_eta,15936,10624,0,1328,True,True
20260869,39,independent,4,fixed_q32_oracle_eta,15840,14080,0,440,True,True
20260869,39,global_08,4,lyapunov_state_adaptive,15968,3552,768,3104,True,True
20260869,39,global_08,4,raw_state_adaptive,15912,6120,768,2448,True,True
20260869,39,global_08,4,correlation_only_adaptive,15968,3552,768,3104,True,True
20260869,39,global_08,4,state_oracle,15900,10000,0,1475,True,True
20260869,39,global_08,4,fixed_q1_oracle_eta,16000,3200,0,3200,True,True
20260869,39,global_08,4,fixed_q4_oracle_eta,16000,8000,0,2000,True,True
20260869,39,global_08,4,fixed_q8_oracle_eta,15936,10624,0,1328,True,True
20260869,39,global_08,4,fixed_q32_oracle_eta,15840,14080,0,440,True,True
20260869,39,clustered_08,4,lyapunov_state_adaptive,15998,7810,768,2047,True,True
20260869,39,clustered_08,4,raw_state_adaptive,15924,9228,768,1674,True,True
20260869,39,clustered_08,4,correlation_only_adaptive,15996,7492,768,2126,True,True
20260869,39,clustered_08,4,state_oracle,15920,11040,0,1220,True,True
20260869,39,clustered_08,4,fixed_q1_oracle_eta,16000,3200,0,3200,True,True
20260869,39,clustered_08,4,fixed_q4_oracle_eta,16000,8000,0,2000,True,True
20260869,39,clustered_08,4,fixed_q8_oracle_eta,15936,10624,0,1328,True,True
20260869,39,clustered_08,4,fixed_q32_oracle_eta,15840,14080,0,440,True,True
20260869,39,balanced_08,4,lyapunov_state_adaptive,15972,4060,768,2978,True,True
20260869,39,balanced_08,4,raw_state_adaptive,15940,4836,768,2776,True,True
20260869,39,balanced_08,4,correlation_only_adaptive,15972,4060,768,2978,True,True
20260869,39,balanced_08,4,state_oracle,15900,10000,0,1475,True,True
20260869,39,balanced_08,4,fixed_q1_oracle_eta,16000,3200,0,3200,True,True
20260869,39,balanced_08,4,fixed_q4_oracle_eta,16000,8000,0,2000,True,True
20260869,39,balanced_08,4,fixed_q8_oracle_eta,15936,10624,0,1328,True,True
20260869,39,balanced_08,4,fixed_q32_oracle_eta,15840,14080,0,440,True,True
20260869,39,independent,16,lyapunov_state_adaptive,15938,7366,768,2143,True,True
20260869,39,independent,16,raw_state_adaptive,15942,8826,768,1779,True,True
20260869,39,independent,16,correlation_only_adaptive,15938,7366,768,2143,True,True
20260869,39,independent,16,state_oracle,15840,14080,0,440,True,True
20260869,39,independent,16,fixed_q1_oracle_eta,16000,3200,0,3200,True,True
20260869,39,independent,16,fixed_q4_oracle_eta,16000,8000,0,2000,True,True
20260869,39,independent,16,fixed_q8_oracle_eta,15936,10624,0,1328,True,True
20260869,39,independent,16,fixed_q32_oracle_eta,15840,14080,0,440,True,True
20260869,39,global_08,16,lyapunov_state_adaptive,15968,3552,768,3104,True,True
20260869,39,global_08,16,raw_state_adaptive,15968,3552,768,3104,True,True
20260869,39,global_08,16,correlation_only_adaptive,15968,3552,768,3104,True,True
20260869,39,global_08,16,state_oracle,15900,10000,0,1475,True,True
20260869,39,global_08,16,fixed_q1_oracle_eta,16000,3200,0,3200,True,True
20260869,39,global_08,16,fixed_q4_oracle_eta,16000,8000,0,2000,True,True
20260869,39,global_08,16,fixed_q8_oracle_eta,15936,10624,0,1328,True,True
20260869,39,global_08,16,fixed_q32_oracle_eta,15840,14080,0,440,True,True
20260869,39,clustered_08,16,lyapunov_state_adaptive,16000,8128,768,1968,True,True
20260869,39,clustered_08,16,raw_state_adaptive,15968,8840,768,1782,True,True
20260869,39,clustered_08,16,correlation_only_adaptive,16000,8128,768,1968,True,True
20260869,39,clustered_08,16,state_oracle,15940,10280,0,1415,True,True
20260869,39,clustered_08,16,fixed_q1_oracle_eta,16000,3200,0,3200,True,True
20260869,39,clustered_08,16,fixed_q4_oracle_eta,16000,8000,0,2000,True,True
20260869,39,clustered_08,16,fixed_q8_oracle_eta,15936,10624,0,1328,True,True
20260869,39,clustered_08,16,fixed_q32_oracle_eta,15840,14080,0,440,True,True
20260869,39,balanced_08,16,lyapunov_state_adaptive,15968,3552,768,3104,True,True
20260869,39,balanced_08,16,raw_state_adaptive,15884,7404,768,2120,True,True
20260869,39,balanced_08,16,correlation_only_adaptive,15968,3552,768,3104,True,True
20260869,39,balanced_08,16,state_oracle,15900,10000,0,1475,True,True
20260869,39,balanced_08,16,fixed_q1_oracle_eta,16000,3200,0,3200,True,True
20260869,39,balanced_08,16,fixed_q4_oracle_eta,16000,8000,0,2000,True,True
20260869,39,balanced_08,16,fixed_q8_oracle_eta,15936,10624,0,1328,True,True
20260869,39,balanced_08,16,fixed_q32_oracle_eta,15840,14080,0,440,True,True
20260870,40,independent,4,lyapunov_state_adaptive,15992,8440,768,1888,True,True
20260870,40,independent,4,raw_state_adaptive,15938,10026,768,1478,True,True
20260870,40,independent,4,correlation_only_adaptive,15992,8440,768,1888,True,True
20260870,40,independent,4,state_oracle,15840,14080,0,440,True,True
20260870,40,independent,4,fixed_q1_oracle_eta,16000,3200,0,3200,True,True
20260870,40,independent,4,fixed_q4_oracle_eta,16000,8000,0,2000,True,True
20260870,40,independent,4,fixed_q8_oracle_eta,15936,10624,0,1328,True,True
20260870,40,independent,4,fixed_q32_oracle_eta,15840,14080,0,440,True,True
20260870,40,global_08,4,lyapunov_state_adaptive,15968,3552,768,3104,True,True
20260870,40,global_08,4,raw_state_adaptive,15940,4836,768,2776,True,True
20260870,40,global_08,4,correlation_only_adaptive,15968,3552,768,3104,True,True
20260870,40,global_08,4,state_oracle,15880,11360,0,1130,True,True
20260870,40,global_08,4,fixed_q1_oracle_eta,16000,3200,0,3200,True,True
20260870,40,global_08,4,fixed_q4_oracle_eta,16000,8000,0,2000,True,True
20260870,40,global_08,4,fixed_q8_oracle_eta,15936,10624,0,1328,True,True
20260870,40,global_08,4,fixed_q32_oracle_eta,15840,14080,0,440,True,True
20260870,40,clustered_08,4,lyapunov_state_adaptive,15978,4886,768,2773,True,True
20260870,40,clustered_08,4,raw_state_adaptive,15986,6094,768,2473,True,True
20260870,40,clustered_08,4,correlation_only_adaptive,15976,4632,768,2836,True,True
20260870,40,clustered_08,4,state_oracle,15860,13320,0,635,True,True
20260870,40,clustered_08,4,fixed_q1_oracle_eta,16000,3200,0,3200,True,True
20260870,40,clustered_08,4,fixed_q4_oracle_eta,16000,8000,0,2000,True,True
20260870,40,clustered_08,4,fixed_q8_oracle_eta,15936,10624,0,1328,True,True
20260870,40,clustered_08,4,fixed_q32_oracle_eta,15840,14080,0,440,True,True
20260870,40,balanced_08,4,lyapunov_state_adaptive,15972,4124,768,2962,True,True
20260870,40,balanced_08,4,raw_state_adaptive,15944,5408,768,2634,True,True
20260870,40,balanced_08,4,correlation_only_adaptive,15972,4124,768,2962,True,True
20260870,40,balanced_08,4,state_oracle,15860,12720,0,785,True,True
20260870,40,balanced_08,4,fixed_q1_oracle_eta,16000,3200,0,3200,True,True
20260870,40,balanced_08,4,fixed_q4_oracle_eta,16000,8000,0,2000,True,True
20260870,40,balanced_08,4,fixed_q8_oracle_eta,15936,10624,0,1328,True,True
20260870,40,balanced_08,4,fixed_q32_oracle_eta,15840,14080,0,440,True,True
20260870,40,independent,16,lyapunov_state_adaptive,15976,7480,768,2124,True,True
20260870,40,independent,16,raw_state_adaptive,15920,9480,768,1610,True,True
20260870,40,independent,16,correlation_only_adaptive,15984,7168,768,2204,True,True
20260870,40,independent,16,state_oracle,15840,14080,0,440,True,True
20260870,40,independent,16,fixed_q1_oracle_eta,16000,3200,0,3200,True,True
20260870,40,independent,16,fixed_q4_oracle_eta,16000,8000,0,2000,True,True
20260870,40,independent,16,fixed_q8_oracle_eta,15936,10624,0,1328,True,True
20260870,40,independent,16,fixed_q32_oracle_eta,15840,14080,0,440,True,True
20260870,40,global_08,16,lyapunov_state_adaptive,15968,3552,768,3104,True,True
20260870,40,global_08,16,raw_state_adaptive,15968,3552,768,3104,True,True
20260870,40,global_08,16,correlation_only_adaptive,15968,3552,768,3104,True,True
20260870,40,global_08,16,state_oracle,15880,11360,0,1130,True,True
20260870,40,global_08,16,fixed_q1_oracle_eta,16000,3200,0,3200,True,True
20260870,40,global_08,16,fixed_q4_oracle_eta,16000,8000,0,2000,True,True
20260870,40,global_08,16,fixed_q8_oracle_eta,15936,10624,0,1328,True,True
20260870,40,global_08,16,fixed_q32_oracle_eta,15840,14080,0,440,True,True
20260870,40,clustered_08,16,lyapunov_state_adaptive,15992,6920,768,2268,True,True
20260870,40,clustered_08,16,raw_state_adaptive,15962,7950,768,2003,True,True
20260870,40,clustered_08,16,correlation_only_adaptive,15990,6602,768,2347,True,True
20260870,40,clustered_08,16,state_oracle,15900,11800,0,1025,True,True
20260870,40,clustered_08,16,fixed_q1_oracle_eta,16000,3200,0,3200,True,True
20260870,40,clustered_08,16,fixed_q4_oracle_eta,16000,8000,0,2000,True,True
20260870,40,clustered_08,16,fixed_q8_oracle_eta,15936,10624,0,1328,True,True
20260870,40,clustered_08,16,fixed_q32_oracle_eta,15840,14080,0,440,True,True
20260870,40,balanced_08,16,lyapunov_state_adaptive,15994,7238,768,2189,True,True
20260870,40,balanced_08,16,raw_state_adaptive,15994,7238,768,2189,True,True
20260870,40,balanced_08,16,correlation_only_adaptive,15986,5966,768,2505,True,True
20260870,40,balanced_08,16,state_oracle,15880,11360,0,1130,True,True
20260870,40,balanced_08,16,fixed_q1_oracle_eta,16000,3200,0,3200,True,True
20260870,40,balanced_08,16,fixed_q4_oracle_eta,16000,8000,0,2000,True,True
20260870,40,balanced_08,16,fixed_q8_oracle_eta,15936,10624,0,1328,True,True
20260870,40,balanced_08,16,fixed_q32_oracle_eta,15840,14080,0,440,True,True
20260871,41,independent,4,lyapunov_state_adaptive,15928,9864,768,1516,True,True
20260871,41,independent,4,raw_state_adaptive,15888,10888,768,1250,True,True
20260871,41,independent,4,correlation_only_adaptive,15928,9864,768,1516,True,True
20260871,41,independent,4,state_oracle,15840,14080,0,440,True,True
20260871,41,independent,4,fixed_q1_oracle_eta,16000,3200,0,3200,True,True
20260871,41,independent,4,fixed_q4_oracle_eta,16000,8000,0,2000,True,True
20260871,41,independent,4,fixed_q8_oracle_eta,15936,10624,0,1328,True,True
20260871,41,independent,4,fixed_q32_oracle_eta,15840,14080,0,440,True,True
20260871,41,global_08,4,lyapunov_state_adaptive,15968,3552,768,3104,True,True
20260871,41,global_08,4,raw_state_adaptive,15968,3552,768,3104,True,True
20260871,41,global_08,4,correlation_only_adaptive,15968,3552,768,3104,True,True
20260871,41,global_08,4,state_oracle,15880,11360,0,1130,True,True
20260871,41,global_08,4,fixed_q1_oracle_eta,16000,3200,0,3200,True,True
20260871,41,global_08,4,fixed_q4_oracle_eta,16000,8000,0,2000,True,True
20260871,41,global_08,4,fixed_q8_oracle_eta,15936,10624,0,1328,True,True
20260871,41,global_08,4,fixed_q32_oracle_eta,15840,14080,0,440,True,True
20260871,41,clustered_08,4,lyapunov_state_adaptive,15982,5522,768,2615,True,True
20260871,41,clustered_08,4,raw_state_adaptive,15984,5712,768,2568,True,True
20260871,41,clustered_08,4,correlation_only_adaptive,15984,5712,768,2568,True,True
20260871,41,clustered_08,4,state_oracle,15932,10608,0,1331,True,True
20260871,41,clustered_08,4,fixed_q1_oracle_eta,16000,3200,0,3200,True,True
20260871,41,clustered_08,4,fixed_q4_oracle_eta,16000,8000,0,2000,True,True
20260871,41,clustered_08,4,fixed_q8_oracle_eta,15936,10624,0,1328,True,True
20260871,41,clustered_08,4,fixed_q32_oracle_eta,15840,14080,0,440,True,True
20260871,41,balanced_08,4,lyapunov_state_adaptive,15978,4950,768,2757,True,True
20260871,41,balanced_08,4,raw_state_adaptive,15978,4950,768,2757,True,True
20260871,41,balanced_08,4,correlation_only_adaptive,15978,4950,768,2757,True,True
20260871,41,balanced_08,4,state_oracle,15880,11360,0,1130,True,True
20260871,41,balanced_08,4,fixed_q1_oracle_eta,16000,3200,0,3200,True,True
20260871,41,balanced_08,4,fixed_q4_oracle_eta,16000,8000,0,2000,True,True
20260871,41,balanced_08,4,fixed_q8_oracle_eta,15936,10624,0,1328,True,True
20260871,41,balanced_08,4,fixed_q32_oracle_eta,15840,14080,0,440,True,True
20260871,41,independent,16,lyapunov_state_adaptive,15954,6614,768,2335,True,True
20260871,41,independent,16,raw_state_adaptive,15892,8420,768,1868,True,True
20260871,41,independent,16,correlation_only_adaptive,15954,6678,768,2319,True,True
20260871,41,independent,16,state_oracle,15840,14080,0,440,True,True
20260871,41,independent,16,fixed_q1_oracle_eta,16000,3200,0,3200,True,True
20260871,41,independent,16,fixed_q4_oracle_eta,16000,8000,0,2000,True,True
20260871,41,independent,16,fixed_q8_oracle_eta,15936,10624,0,1328,True,True
20260871,41,independent,16,fixed_q32_oracle_eta,15840,14080,0,440,True,True
20260871,41,global_08,16,lyapunov_state_adaptive,15968,3552,768,3104,True,True
20260871,41,global_08,16,raw_state_adaptive,15940,4836,768,2776,True,True
20260871,41,global_08,16,correlation_only_adaptive,15968,3552,768,3104,True,True
20260871,41,global_08,16,state_oracle,15880,11360,0,1130,True,True
20260871,41,global_08,16,fixed_q1_oracle_eta,16000,3200,0,3200,True,True
20260871,41,global_08,16,fixed_q4_oracle_eta,16000,8000,0,2000,True,True
20260871,41,global_08,16,fixed_q8_oracle_eta,15936,10624,0,1328,True,True
20260871,41,global_08,16,fixed_q32_oracle_eta,15840,14080,0,440,True,True
20260871,41,clustered_08,16,lyapunov_state_adaptive,15996,7492,768,2126,True,True
20260871,41,clustered_08,16,raw_state_adaptive,15964,8204,768,1940,True,True
20260871,41,clustered_08,16,correlation_only_adaptive,15996,7492,768,2126,True,True
20260871,41,clustered_08,16,state_oracle,15920,11040,0,1220,True,True
20260871,41,clustered_08,16,fixed_q1_oracle_eta,16000,3200,0,3200,True,True
20260871,41,clustered_08,16,fixed_q4_oracle_eta,16000,8000,0,2000,True,True
20260871,41,clustered_08,16,fixed_q8_oracle_eta,15936,10624,0,1328,True,True
20260871,41,clustered_08,16,fixed_q32_oracle_eta,15840,14080,0,440,True,True
20260871,41,balanced_08,16,lyapunov_state_adaptive,15972,4124,768,2962,True,True
20260871,41,balanced_08,16,raw_state_adaptive,15946,5662,768,2571,True,True
20260871,41,balanced_08,16,correlation_only_adaptive,15972,4124,768,2962,True,True
20260871,41,balanced_08,16,state_oracle,15880,11360,0,1130,True,True
20260871,41,balanced_08,16,fixed_q1_oracle_eta,16000,3200,0,3200,True,True
20260871,41,balanced_08,16,fixed_q4_oracle_eta,16000,8000,0,2000,True,True
20260871,41,balanced_08,16,fixed_q8_oracle_eta,15936,10624,0,1328,True,True
20260871,41,balanced_08,16,fixed_q32_oracle_eta,15840,14080,0,440,True,True
20260872,42,independent,4,lyapunov_state_adaptive,15954,9402,768,1638,True,True
20260872,42,independent,4,raw_state_adaptive,15926,9546,768,1595,True,True
20260872,42,independent,4,correlation_only_adaptive,15954,9402,768,1638,True,True
20260872,42,independent,4,state_oracle,15840,14080,0,440,True,True
20260872,42,independent,4,fixed_q1_oracle_eta,16000,3200,0,3200,True,True
20260872,42,independent,4,fixed_q4_oracle_eta,16000,8000,0,2000,True,True
20260872,42,independent,4,fixed_q8_oracle_eta,15936,10624,0,1328,True,True
20260872,42,independent,4,fixed_q32_oracle_eta,15840,14080,0,440,True,True
20260872,42,global_08,4,lyapunov_state_adaptive,15968,3552,768,3104,True,True
20260872,42,global_08,4,raw_state_adaptive,15914,6374,768,2385,True,True
20260872,42,global_08,4,correlation_only_adaptive,15968,3552,768,3104,True,True
20260872,42,global_08,4,state_oracle,15860,12720,0,785,True,True
20260872,42,global_08,4,fixed_q1_oracle_eta,16000,3200,0,3200,True,True
20260872,42,global_08,4,fixed_q4_oracle_eta,16000,8000,0,2000,True,True
20260872,42,global_08,4,fixed_q8_oracle_eta,15936,10624,0,1328,True,True
20260872,42,global_08,4,fixed_q32_oracle_eta,15840,14080,0,440,True,True
20260872,42,clustered_08,4,lyapunov_state_adaptive,16000,8128,768,1968,True,True
20260872,42,clustered_08,4,raw_state_adaptive,15936,9552,768,1596,True,True
20260872,42,clustered_08,4,correlation_only_adaptive,16000,8128,768,1968,True,True
20260872,42,clustered_08,4,state_oracle,15920,11040,0,1220,True,True
20260872,42,clustered_08,4,fixed_q1_oracle_eta,16000,3200,0,3200,True,True
20260872,42,clustered_08,4,fixed_q4_oracle_eta,16000,8000,0,2000,True,True
20260872,42,clustered_08,4,fixed_q8_oracle_eta,15936,10624,0,1328,True,True
20260872,42,clustered_08,4,fixed_q32_oracle_eta,15840,14080,0,440,True,True
20260872,42,balanced_08,4,lyapunov_state_adaptive,15976,4632,768,2836,True,True
20260872,42,balanced_08,4,raw_state_adaptive,15950,6170,768,2445,True,True
20260872,42,balanced_08,4,correlation_only_adaptive,15976,4632,768,2836,True,True
20260872,42,balanced_08,4,state_oracle,15860,12720,0,785,True,True
20260872,42,balanced_08,4,fixed_q1_oracle_eta,16000,3200,0,3200,True,True
20260872,42,balanced_08,4,fixed_q4_oracle_eta,16000,8000,0,2000,True,True
20260872,42,balanced_08,4,fixed_q8_oracle_eta,15936,10624,0,1328,True,True
20260872,42,balanced_08,4,fixed_q32_oracle_eta,15840,14080,0,440,True,True
20260872,42,independent,16,lyapunov_state_adaptive,15958,8834,768,1781,True,True
20260872,42,independent,16,raw_state_adaptive,15960,8772,768,1797,True,True
20260872,42,independent,16,correlation_only_adaptive,15960,8772,768,1797,True,True
20260872,42,independent,16,state_oracle,15840,14080,0,440,True,True
20260872,42,independent,16,fixed_q1_oracle_eta,16000,3200,0,3200,True,True
20260872,42,independent,16,fixed_q4_oracle_eta,16000,8000,0,2000,True,True
20260872,42,independent,16,fixed_q8_oracle_eta,15936,10624,0,1328,True,True
20260872,42,independent,16,fixed_q32_oracle_eta,15840,14080,0,440,True,True
20260872,42,global_08,16,lyapunov_state_adaptive,15968,3552,768,3104,True,True
20260872,42,global_08,16,raw_state_adaptive,15942,5090,768,2713,True,True
20260872,42,global_08,16,correlation_only_adaptive,15968,3552,768,3104,True,True
20260872,42,global_08,16,state_oracle,15860,12720,0,785,True,True
20260872,42,global_08,16,fixed_q1_oracle_eta,16000,3200,0,3200,True,True
20260872,42,global_08,16,fixed_q4_oracle_eta,16000,8000,0,2000,True,True
20260872,42,global_08,16,fixed_q8_oracle_eta,15936,10624,0,1328,True,True
20260872,42,global_08,16,fixed_q32_oracle_eta,15840,14080,0,440,True,True
20260872,42,clustered_08,16,lyapunov_state_adaptive,15996,7492,768,2126,True,True
20260872,42,clustered_08,16,raw_state_adaptive,15904,10264,768,1410,True,True
20260872,42,clustered_08,16,correlation_only_adaptive,15994,7238,768,2189,True,True
20260872,42,clustered_08,16,state_oracle,15920,11040,0,1220,True,True
20260872,42,clustered_08,16,fixed_q1_oracle_eta,16000,3200,0,3200,True,True
20260872,42,clustered_08,16,fixed_q4_oracle_eta,16000,8000,0,2000,True,True
20260872,42,clustered_08,16,fixed_q8_oracle_eta,15936,10624,0,1328,True,True
20260872,42,clustered_08,16,fixed_q32_oracle_eta,15840,14080,0,440,True,True
20260872,42,balanced_08,16,lyapunov_state_adaptive,15972,4124,768,2962,True,True
20260872,42,balanced_08,16,raw_state_adaptive,15892,8548,768,1836,True,True
20260872,42,balanced_08,16,correlation_only_adaptive,15972,4124,768,2962,True,True
20260872,42,balanced_08,16,state_oracle,15860,12720,0,785,True,True
20260872,42,balanced_08,16,fixed_q1_oracle_eta,16000,3200,0,3200,True,True
20260872,42,balanced_08,16,fixed_q4_oracle_eta,16000,8000,0,2000,True,True
20260872,42,balanced_08,16,fixed_q8_oracle_eta,15936,10624,0,1328,True,True
20260872,42,balanced_08,16,fixed_q32_oracle_eta,15840,14080,0,440,True,True
20260873,43,independent,4,lyapunov_state_adaptive,16000,8128,768,1968,True,True
20260873,43,independent,4,raw_state_adaptive,15922,8974,768,1737,True,True
20260873,43,independent,4,correlation_only_adaptive,16000,8128,768,1968,True,True
20260873,43,independent,4,state_oracle,15840,14080,0,440,True,True
20260873,43,independent,4,fixed_q1_oracle_eta,16000,3200,0,3200,True,True
20260873,43,independent,4,fixed_q4_oracle_eta,16000,8000,0,2000,True,True
20260873,43,independent,4,fixed_q8_oracle_eta,15936,10624,0,1328,True,True
20260873,43,independent,4,fixed_q32_oracle_eta,15840,14080,0,440,True,True
20260873,43,global_08,4,lyapunov_state_adaptive,15968,3552,768,3104,True,True
20260873,43,global_08,4,raw_state_adaptive,15968,3552,768,3104,True,True
20260873,43,global_08,4,correlation_only_adaptive,15968,3552,768,3104,True,True
20260873,43,global_08,4,state_oracle,15900,10000,0,1475,True,True
20260873,43,global_08,4,fixed_q1_oracle_eta,16000,3200,0,3200,True,True
20260873,43,global_08,4,fixed_q4_oracle_eta,16000,8000,0,2000,True,True
20260873,43,global_08,4,fixed_q8_oracle_eta,15936,10624,0,1328,True,True
20260873,43,global_08,4,fixed_q32_oracle_eta,15840,14080,0,440,True,True
20260873,43,clustered_08,4,lyapunov_state_adaptive,16000,8128,768,1968,True,True
20260873,43,clustered_08,4,raw_state_adaptive,15966,8522,768,1861,True,True
20260873,43,clustered_08,4,correlation_only_adaptive,16000,8128,768,1968,True,True
20260873,43,clustered_08,4,state_oracle,15920,11040,0,1220,True,True
20260873,43,clustered_08,4,fixed_q1_oracle_eta,16000,3200,0,3200,True,True
20260873,43,clustered_08,4,fixed_q4_oracle_eta,16000,8000,0,2000,True,True
20260873,43,clustered_08,4,fixed_q8_oracle_eta,15936,10624,0,1328,True,True
20260873,43,clustered_08,4,fixed_q32_oracle_eta,15840,14080,0,440,True,True
20260873,43,balanced_08,4,lyapunov_state_adaptive,15990,6666,768,2331,True,True
20260873,43,balanced_08,4,raw_state_adaptive,15988,6348,768,2410,True,True
20260873,43,balanced_08,4,correlation_only_adaptive,15990,6666,768,2331,True,True
20260873,43,balanced_08,4,state_oracle,15900,10000,0,1475,True,True
20260873,43,balanced_08,4,fixed_q1_oracle_eta,16000,3200,0,3200,True,True
20260873,43,balanced_08,4,fixed_q4_oracle_eta,16000,8000,0,2000,True,True
20260873,43,balanced_08,4,fixed_q8_oracle_eta,15936,10624,0,1328,True,True
20260873,43,balanced_08,4,fixed_q32_oracle_eta,15840,14080,0,440,True,True
20260873,43,independent,16,lyapunov_state_adaptive,15924,7644,768,2070,True,True
20260873,43,independent,16,raw_state_adaptive,15952,7564,768,2097,True,True
20260873,43,independent,16,correlation_only_adaptive,15946,6990,768,2239,True,True
20260873,43,independent,16,state_oracle,15840,14080,0,440,True,True
20260873,43,independent,16,fixed_q1_oracle_eta,16000,3200,0,3200,True,True
20260873,43,independent,16,fixed_q4_oracle_eta,16000,8000,0,2000,True,True
20260873,43,independent,16,fixed_q8_oracle_eta,15936,10624,0,1328,True,True
20260873,43,independent,16,fixed_q32_oracle_eta,15840,14080,0,440,True,True
20260873,43,global_08,16,lyapunov_state_adaptive,15968,3552,768,3104,True,True
20260873,43,global_08,16,raw_state_adaptive,15968,3552,768,3104,True,True
20260873,43,global_08,16,correlation_only_adaptive,15968,3552,768,3104,True,True
20260873,43,global_08,16,state_oracle,15900,10000,0,1475,True,True
20260873,43,global_08,16,fixed_q1_oracle_eta,16000,3200,0,3200,True,True
20260873,43,global_08,16,fixed_q4_oracle_eta,16000,8000,0,2000,True,True
20260873,43,global_08,16,fixed_q8_oracle_eta,15936,10624,0,1328,True,True
20260873,43,global_08,16,fixed_q32_oracle_eta,15840,14080,0,440,True,True
20260873,43,clustered_08,16,lyapunov_state_adaptive,15992,6856,768,2284,True,True
20260873,43,clustered_08,16,raw_state_adaptive,15962,7886,768,2019,True,True
20260873,43,clustered_08,16,correlation_only_adaptive,15992,6856,768,2284,True,True
20260873,43,clustered_08,16,state_oracle,15912,11368,0,1136,True,True
20260873,43,clustered_08,16,fixed_q1_oracle_eta,16000,3200,0,3200,True,True
20260873,43,clustered_08,16,fixed_q4_oracle_eta,16000,8000,0,2000,True,True
20260873,43,clustered_08,16,fixed_q8_oracle_eta,15936,10624,0,1328,True,True
20260873,43,clustered_08,16,fixed_q32_oracle_eta,15840,14080,0,440,True,True
20260873,43,balanced_08,16,lyapunov_state_adaptive,15970,3806,768,3041,True,True
20260873,43,balanced_08,16,raw_state_adaptive,15984,5712,768,2568,True,True
20260873,43,balanced_08,16,correlation_only_adaptive,15970,3806,768,3041,True,True
20260873,43,balanced_08,16,state_oracle,15940,7280,0,2165,True,True
20260873,43,balanced_08,16,fixed_q1_oracle_eta,16000,3200,0,3200,True,True
20260873,43,balanced_08,16,fixed_q4_oracle_eta,16000,8000,0,2000,True,True
20260873,43,balanced_08,16,fixed_q8_oracle_eta,15936,10624,0,1328,True,True
20260873,43,balanced_08,16,fixed_q32_oracle_eta,15840,14080,0,440,True,True
20260874,44,independent,4,lyapunov_state_adaptive,15982,5394,768,2647,True,True
20260874,44,independent,4,raw_state_adaptive,15978,6278,768,2425,True,True
20260874,44,independent,4,correlation_only_adaptive,15978,6278,768,2425,True,True
20260874,44,independent,4,state_oracle,15840,14080,0,440,True,True
20260874,44,independent,4,fixed_q1_oracle_eta,16000,3200,0,3200,True,True
20260874,44,independent,4,fixed_q4_oracle_eta,16000,8000,0,2000,True,True
20260874,44,independent,4,fixed_q8_oracle_eta,15936,10624,0,1328,True,True
20260874,44,independent,4,fixed_q32_oracle_eta,15840,14080,0,440,True,True
20260874,44,global_08,4,lyapunov_state_adaptive,15968,3552,768,3104,True,True
20260874,44,global_08,4,raw_state_adaptive,15912,6120,768,2448,True,True
20260874,44,global_08,4,correlation_only_adaptive,15968,3552,768,3104,True,True
20260874,44,global_08,4,state_oracle,15880,11360,0,1130,True,True
20260874,44,global_08,4,fixed_q1_oracle_eta,16000,3200,0,3200,True,True
20260874,44,global_08,4,fixed_q4_oracle_eta,16000,8000,0,2000,True,True
20260874,44,global_08,4,fixed_q8_oracle_eta,15936,10624,0,1328,True,True
20260874,44,global_08,4,fixed_q32_oracle_eta,15840,14080,0,440,True,True
20260874,44,clustered_08,4,lyapunov_state_adaptive,15998,7810,768,2047,True,True
20260874,44,clustered_08,4,raw_state_adaptive,15998,7810,768,2047,True,True
20260874,44,clustered_08,4,correlation_only_adaptive,15998,7810,768,2047,True,True
20260874,44,clustered_08,4,state_oracle,15940,10280,0,1415,True,True
20260874,44,clustered_08,4,fixed_q1_oracle_eta,16000,3200,0,3200,True,True
20260874,44,clustered_08,4,fixed_q4_oracle_eta,16000,8000,0,2000,True,True
20260874,44,clustered_08,4,fixed_q8_oracle_eta,15936,10624,0,1328,True,True
20260874,44,clustered_08,4,fixed_q32_oracle_eta,15840,14080,0,440,True,True
20260874,44,balanced_08,4,lyapunov_state_adaptive,15972,4060,768,2978,True,True
20260874,44,balanced_08,4,raw_state_adaptive,15944,5344,768,2650,True,True
20260874,44,balanced_08,4,correlation_only_adaptive,15972,4060,768,2978,True,True
20260874,44,balanced_08,4,state_oracle,15880,11360,0,1130,True,True
20260874,44,balanced_08,4,fixed_q1_oracle_eta,16000,3200,0,3200,True,True
20260874,44,balanced_08,4,fixed_q4_oracle_eta,16000,8000,0,2000,True,True
20260874,44,balanced_08,4,fixed_q8_oracle_eta,15936,10624,0,1328,True,True
20260874,44,balanced_08,4,fixed_q32_oracle_eta,15840,14080,0,440,True,True
20260874,44,independent,16,lyapunov_state_adaptive,15918,9162,768,1689,True,True
20260874,44,independent,16,raw_state_adaptive,15890,10446,768,1361,True,True
20260874,44,independent,16,correlation_only_adaptive,15986,6030,768,2489,True,True
20260874,44,independent,16,state_oracle,15860,13920,0,485,True,True
20260874,44,independent,16,fixed_q1_oracle_eta,16000,3200,0,3200,True,True
20260874,44,independent,16,fixed_q4_oracle_eta,16000,8000,0,2000,True,True
20260874,44,independent,16,fixed_q8_oracle_eta,15936,10624,0,1328,True,True
20260874,44,independent,16,fixed_q32_oracle_eta,15840,14080,0,440,True,True
20260874,44,global_08,16,lyapunov_state_adaptive,15968,3552,768,3104,True,True
20260874,44,global_08,16,raw_state_adaptive,15968,3552,768,3104,True,True
20260874,44,global_08,16,correlation_only_adaptive,15968,3552,768,3104,True,True
20260874,44,global_08,16,state_oracle,15880,11360,0,1130,True,True
20260874,44,global_08,16,fixed_q1_oracle_eta,16000,3200,0,3200,True,True
20260874,44,global_08,16,fixed_q4_oracle_eta,16000,8000,0,2000,True,True
20260874,44,global_08,16,fixed_q8_oracle_eta,15936,10624,0,1328,True,True
20260874,44,global_08,16,fixed_q32_oracle_eta,15840,14080,0,440,True,True
20260874,44,clustered_08,16,lyapunov_state_adaptive,15986,6094,768,2473,True,True
20260874,44,clustered_08,16,raw_state_adaptive,15958,7314,768,2161,True,True
20260874,44,clustered_08,16,correlation_only_adaptive,15978,4950,768,2757,True,True
20260874,44,clustered_08,16,state_oracle,15940,10280,0,1415,True,True
20260874,44,clustered_08,16,fixed_q1_oracle_eta,16000,3200,0,3200,True,True
20260874,44,clustered_08,16,fixed_q4_oracle_eta,16000,8000,0,2000,True,True
20260874,44,clustered_08,16,fixed_q8_oracle_eta,15936,10624,0,1328,True,True
20260874,44,clustered_08,16,fixed_q32_oracle_eta,15840,14080,0,440,True,True
20260874,44,balanced_08,16,lyapunov_state_adaptive,15968,3552,768,3104,True,True
20260874,44,balanced_08,16,raw_state_adaptive,15968,3552,768,3104,True,True
20260874,44,balanced_08,16,correlation_only_adaptive,15968,3552,768,3104,True,True
20260874,44,balanced_08,16,state_oracle,15880,11360,0,1130,True,True
20260874,44,balanced_08,16,fixed_q1_oracle_eta,16000,3200,0,3200,True,True
20260874,44,balanced_08,16,fixed_q4_oracle_eta,16000,8000,0,2000,True,True
20260874,44,balanced_08,16,fixed_q8_oracle_eta,15936,10624,0,1328,True,True
20260874,44,balanced_08,16,fixed_q32_oracle_eta,15840,14080,0,440,True,True
20260875,45,independent,4,lyapunov_state_adaptive,15824,12312,768,878,True,True
20260875,45,independent,4,raw_state_adaptive,15832,12000,768,958,True,True
20260875,45,independent,4,correlation_only_adaptive,15832,12000,768,958,True,True
20260875,45,independent,4,state_oracle,15840,14080,0,440,True,True
20260875,45,independent,4,fixed_q1_oracle_eta,16000,3200,0,3200,True,True
20260875,45,independent,4,fixed_q4_oracle_eta,16000,8000,0,2000,True,True
20260875,45,independent,4,fixed_q8_oracle_eta,15936,10624,0,1328,True,True
20260875,45,independent,4,fixed_q32_oracle_eta,15840,14080,0,440,True,True
20260875,45,global_08,4,lyapunov_state_adaptive,15968,3552,768,3104,True,True
20260875,45,global_08,4,raw_state_adaptive,15912,6120,768,2448,True,True
20260875,45,global_08,4,correlation_only_adaptive,15968,3552,768,3104,True,True
20260875,45,global_08,4,state_oracle,15880,11360,0,1130,True,True
20260875,45,global_08,4,fixed_q1_oracle_eta,16000,3200,0,3200,True,True
20260875,45,global_08,4,fixed_q4_oracle_eta,16000,8000,0,2000,True,True
20260875,45,global_08,4,fixed_q8_oracle_eta,15936,10624,0,1328,True,True
20260875,45,global_08,4,fixed_q32_oracle_eta,15840,14080,0,440,True,True
20260875,45,clustered_08,4,lyapunov_state_adaptive,15988,6284,768,2426,True,True
20260875,45,clustered_08,4,raw_state_adaptive,15958,7378,768,2145,True,True
20260875,45,clustered_08,4,correlation_only_adaptive,15988,6284,768,2426,True,True
20260875,45,clustered_08,4,state_oracle,15920,11040,0,1220,True,True
20260875,45,clustered_08,4,fixed_q1_oracle_eta,16000,3200,0,3200,True,True
20260875,45,clustered_08,4,fixed_q4_oracle_eta,16000,8000,0,2000,True,True
20260875,45,clustered_08,4,fixed_q8_oracle_eta,15936,10624,0,1328,True,True
20260875,45,clustered_08,4,fixed_q32_oracle_eta,15840,14080,0,440,True,True
20260875,45,balanced_08,4,lyapunov_state_adaptive,15968,3552,768,3104,True,True
20260875,45,balanced_08,4,raw_state_adaptive,15940,4836,768,2776,True,True
20260875,45,balanced_08,4,correlation_only_adaptive,15968,3552,768,3104,True,True
20260875,45,balanced_08,4,state_oracle,15860,12720,0,785,True,True
20260875,45,balanced_08,4,fixed_q1_oracle_eta,16000,3200,0,3200,True,True
20260875,45,balanced_08,4,fixed_q4_oracle_eta,16000,8000,0,2000,True,True
20260875,45,balanced_08,4,fixed_q8_oracle_eta,15936,10624,0,1328,True,True
20260875,45,balanced_08,4,fixed_q32_oracle_eta,15840,14080,0,440,True,True
20260875,45,independent,16,lyapunov_state_adaptive,15946,5598,768,2587,True,True
20260875,45,independent,16,raw_state_adaptive,15940,6228,768,2428,True,True
20260875,45,independent,16,correlation_only_adaptive,15946,5598,768,2587,True,True
20260875,45,independent,16,state_oracle,15840,14080,0,440,True,True
20260875,45,independent,16,fixed_q1_oracle_eta,16000,3200,0,3200,True,True
20260875,45,independent,16,fixed_q4_oracle_eta,16000,8000,0,2000,True,True
20260875,45,independent,16,fixed_q8_oracle_eta,15936,10624,0,1328,True,True
20260875,45,independent,16,fixed_q32_oracle_eta,15840,14080,0,440,True,True
20260875,45,global_08,16,lyapunov_state_adaptive,15968,3552,768,3104,True,True
20260875,45,global_08,16,raw_state_adaptive,15912,6120,768,2448,True,True
20260875,45,global_08,16,correlation_only_adaptive,15968,3552,768,3104,True,True
20260875,45,global_08,16,state_oracle,15880,11360,0,1130,True,True
20260875,45,global_08,16,fixed_q1_oracle_eta,16000,3200,0,3200,True,True
20260875,45,global_08,16,fixed_q4_oracle_eta,16000,8000,0,2000,True,True
20260875,45,global_08,16,fixed_q8_oracle_eta,15936,10624,0,1328,True,True
20260875,45,global_08,16,fixed_q32_oracle_eta,15840,14080,0,440,True,True
20260875,45,clustered_08,16,lyapunov_state_adaptive,15994,7174,768,2205,True,True
20260875,45,clustered_08,16,raw_state_adaptive,15962,7950,768,2003,True,True
20260875,45,clustered_08,16,correlation_only_adaptive,15994,7174,768,2205,True,True
20260875,45,clustered_08,16,state_oracle,15920,11040,0,1220,True,True
20260875,45,clustered_08,16,fixed_q1_oracle_eta,16000,3200,0,3200,True,True
20260875,45,clustered_08,16,fixed_q4_oracle_eta,16000,8000,0,2000,True,True
20260875,45,clustered_08,16,fixed_q8_oracle_eta,15936,10624,0,1328,True,True
20260875,45,clustered_08,16,fixed_q32_oracle_eta,15840,14080,0,440,True,True
20260875,45,balanced_08,16,lyapunov_state_adaptive,15970,3806,768,3041,True,True
20260875,45,balanced_08,16,raw_state_adaptive,15914,6374,768,2385,True,True
20260875,45,balanced_08,16,correlation_only_adaptive,15970,3806,768,3041,True,True
20260875,45,balanced_08,16,state_oracle,15880,11360,0,1130,True,True
20260875,45,balanced_08,16,fixed_q1_oracle_eta,16000,3200,0,3200,True,True
20260875,45,balanced_08,16,fixed_q4_oracle_eta,16000,8000,0,2000,True,True
20260875,45,balanced_08,16,fixed_q8_oracle_eta,15936,10624,0,1328,True,True
20260875,45,balanced_08,16,fixed_q32_oracle_eta,15840,14080,0,440,True,True
20260876,46,independent,4,lyapunov_state_adaptive,15956,8516,768,1860,True,True
20260876,46,independent,4,raw_state_adaptive,15898,9310,768,1647,True,True
20260876,46,independent,4,correlation_only_adaptive,15926,9546,768,1595,True,True
20260876,46,independent,4,state_oracle,15840,14080,0,440,True,True
20260876,46,independent,4,fixed_q1_oracle_eta,16000,3200,0,3200,True,True
20260876,46,independent,4,fixed_q4_oracle_eta,16000,8000,0,2000,True,True
20260876,46,independent,4,fixed_q8_oracle_eta,15936,10624,0,1328,True,True
20260876,46,independent,4,fixed_q32_oracle_eta,15840,14080,0,440,True,True
20260876,46,global_08,4,lyapunov_state_adaptive,15968,3552,768,3104,True,True
20260876,46,global_08,4,raw_state_adaptive,15940,4836,768,2776,True,True
20260876,46,global_08,4,correlation_only_adaptive,15968,3552,768,3104,True,True
20260876,46,global_08,4,state_oracle,15900,10000,0,1475,True,True
20260876,46,global_08,4,fixed_q1_oracle_eta,16000,3200,0,3200,True,True
20260876,46,global_08,4,fixed_q4_oracle_eta,16000,8000,0,2000,True,True
20260876,46,global_08,4,fixed_q8_oracle_eta,15936,10624,0,1328,True,True
20260876,46,global_08,4,fixed_q32_oracle_eta,15840,14080,0,440,True,True
20260876,46,clustered_08,4,lyapunov_state_adaptive,15998,7810,768,2047,True,True
20260876,46,clustered_08,4,raw_state_adaptive,15964,8204,768,1940,True,True
20260876,46,clustered_08,4,correlation_only_adaptive,15996,7492,768,2126,True,True
20260876,46,clustered_08,4,state_oracle,15860,13320,0,635,True,True
20260876,46,clustered_08,4,fixed_q1_oracle_eta,16000,3200,0,3200,True,True
20260876,46,clustered_08,4,fixed_q4_oracle_eta,16000,8000,0,2000,True,True
20260876,46,clustered_08,4,fixed_q8_oracle_eta,15936,10624,0,1328,True,True
20260876,46,clustered_08,4,fixed_q32_oracle_eta,15840,14080,0,440,True,True
20260876,46,balanced_08,4,lyapunov_state_adaptive,15968,3552,768,3104,True,True
20260876,46,balanced_08,4,raw_state_adaptive,15968,3552,768,3104,True,True
20260876,46,balanced_08,4,correlation_only_adaptive,15968,3552,768,3104,True,True
20260876,46,balanced_08,4,state_oracle,15900,10000,0,1475,True,True
20260876,46,balanced_08,4,fixed_q1_oracle_eta,16000,3200,0,3200,True,True
20260876,46,balanced_08,4,fixed_q4_oracle_eta,16000,8000,0,2000,True,True
20260876,46,balanced_08,4,fixed_q8_oracle_eta,15936,10624,0,1328,True,True
20260876,46,balanced_08,4,fixed_q32_oracle_eta,15840,14080,0,440,True,True
20260876,46,independent,16,lyapunov_state_adaptive,15976,8304,768,1918,True,True
20260876,46,independent,16,raw_state_adaptive,15928,8280,768,1912,True,True
20260876,46,independent,16,correlation_only_adaptive,15984,7992,768,1998,True,True
20260876,46,independent,16,state_oracle,15860,13920,0,485,True,True
20260876,46,independent,16,fixed_q1_oracle_eta,16000,3200,0,3200,True,True
20260876,46,independent,16,fixed_q4_oracle_eta,16000,8000,0,2000,True,True
20260876,46,independent,16,fixed_q8_oracle_eta,15936,10624,0,1328,True,True
20260876,46,independent,16,fixed_q32_oracle_eta,15840,14080,0,440,True,True
20260876,46,global_08,16,lyapunov_state_adaptive,15968,3552,768,3104,True,True
20260876,46,global_08,16,raw_state_adaptive,15912,6120,768,2448,True,True
20260876,46,global_08,16,correlation_only_adaptive,15968,3552,768,3104,True,True
20260876,46,global_08,16,state_oracle,15900,10000,0,1475,True,True
20260876,46,global_08,16,fixed_q1_oracle_eta,16000,3200,0,3200,True,True
20260876,46,global_08,16,fixed_q4_oracle_eta,16000,8000,0,2000,True,True
20260876,46,global_08,16,fixed_q8_oracle_eta,15936,10624,0,1328,True,True
20260876,46,global_08,16,fixed_q32_oracle_eta,15840,14080,0,440,True,True
20260876,46,clustered_08,16,lyapunov_state_adaptive,16000,8128,768,1968,True,True
20260876,46,clustered_08,16,raw_state_adaptive,15964,8204,768,1940,True,True
20260876,46,clustered_08,16,correlation_only_adaptive,16000,8128,768,1968,True,True
20260876,46,clustered_08,16,state_oracle,15860,13320,0,635,True,True
20260876,46,clustered_08,16,fixed_q1_oracle_eta,16000,3200,0,3200,True,True
20260876,46,clustered_08,16,fixed_q4_oracle_eta,16000,8000,0,2000,True,True
20260876,46,clustered_08,16,fixed_q8_oracle_eta,15936,10624,0,1328,True,True
20260876,46,clustered_08,16,fixed_q32_oracle_eta,15840,14080,0,440,True,True
20260876,46,balanced_08,16,lyapunov_state_adaptive,15970,3806,768,3041,True,True
20260876,46,balanced_08,16,raw_state_adaptive,15912,6120,768,2448,True,True
20260876,46,balanced_08,16,correlation_only_adaptive,15970,3806,768,3041,True,True
20260876,46,balanced_08,16,state_oracle,15900,10000,0,1475,True,True
20260876,46,balanced_08,16,fixed_q1_oracle_eta,16000,3200,0,3200,True,True
20260876,46,balanced_08,16,fixed_q4_oracle_eta,16000,8000,0,2000,True,True
20260876,46,balanced_08,16,fixed_q8_oracle_eta,15936,10624,0,1328,True,True
20260876,46,balanced_08,16,fixed_q32_oracle_eta,15840,14080,0,440,True,True
20260877,47,independent,4,lyapunov_state_adaptive,15952,6360,768,2398,True,True
20260877,47,independent,4,raw_state_adaptive,15916,10364,768,1388,True,True
20260877,47,independent,4,correlation_only_adaptive,15974,5454,768,2630,True,True
20260877,47,independent,4,state_oracle,15840,14080,0,440,True,True
20260877,47,independent,4,fixed_q1_oracle_eta,16000,3200,0,3200,True,True
20260877,47,independent,4,fixed_q4_oracle_eta,16000,8000,0,2000,True,True
20260877,47,independent,4,fixed_q8_oracle_eta,15936,10624,0,1328,True,True
20260877,47,independent,4,fixed_q32_oracle_eta,15840,14080,0,440,True,True
20260877,47,global_08,4,lyapunov_state_adaptive,15968,3552,768,3104,True,True
20260877,47,global_08,4,raw_state_adaptive,15912,6120,768,2448,True,True
20260877,47,global_08,4,correlation_only_adaptive,15968,3552,768,3104,True,True
20260877,47,global_08,4,state_oracle,15880,11360,0,1130,True,True
20260877,47,global_08,4,fixed_q1_oracle_eta,16000,3200,0,3200,True,True
20260877,47,global_08,4,fixed_q4_oracle_eta,16000,8000,0,2000,True,True
20260877,47,global_08,4,fixed_q8_oracle_eta,15936,10624,0,1328,True,True
20260877,47,global_08,4,fixed_q32_oracle_eta,15840,14080,0,440,True,True
20260877,47,clustered_08,4,lyapunov_state_adaptive,15992,6856,768,2284,True,True
20260877,47,clustered_08,4,raw_state_adaptive,15994,7174,768,2205,True,True
20260877,47,clustered_08,4,correlation_only_adaptive,15992,6856,768,2284,True,True
20260877,47,clustered_08,4,state_oracle,15860,13320,0,635,True,True
20260877,47,clustered_08,4,fixed_q1_oracle_eta,16000,3200,0,3200,True,True
20260877,47,clustered_08,4,fixed_q4_oracle_eta,16000,8000,0,2000,True,True
20260877,47,clustered_08,4,fixed_q8_oracle_eta,15936,10624,0,1328,True,True
20260877,47,clustered_08,4,fixed_q32_oracle_eta,15840,14080,0,440,True,True
20260877,47,balanced_08,4,lyapunov_state_adaptive,15978,4950,768,2757,True,True
20260877,47,balanced_08,4,raw_state_adaptive,15950,6234,768,2429,True,True
20260877,47,balanced_08,4,correlation_only_adaptive,15974,4378,768,2899,True,True
20260877,47,balanced_08,4,state_oracle,15880,11360,0,1130,True,True
20260877,47,balanced_08,4,fixed_q1_oracle_eta,16000,3200,0,3200,True,True
20260877,47,balanced_08,4,fixed_q4_oracle_eta,16000,8000,0,2000,True,True
20260877,47,balanced_08,4,fixed_q8_oracle_eta,15936,10624,0,1328,True,True
20260877,47,balanced_08,4,fixed_q32_oracle_eta,15840,14080,0,440,True,True
20260877,47,independent,16,lyapunov_state_adaptive,15884,11076,768,1202,True,True
20260877,47,independent,16,raw_state_adaptive,15952,9084,768,1717,True,True
20260877,47,independent,16,correlation_only_adaptive,15884,11076,768,1202,True,True
20260877,47,independent,16,state_oracle,15840,14080,0,440,True,True
20260877,47,independent,16,fixed_q1_oracle_eta,16000,3200,0,3200,True,True
20260877,47,independent,16,fixed_q4_oracle_eta,16000,8000,0,2000,True,True
20260877,47,independent,16,fixed_q8_oracle_eta,15936,10624,0,1328,True,True
20260877,47,independent,16,fixed_q32_oracle_eta,15840,14080,0,440,True,True
20260877,47,global_08,16,lyapunov_state_adaptive,15968,3552,768,3104,True,True
20260877,47,global_08,16,raw_state_adaptive,15968,3552,768,3104,True,True
20260877,47,global_08,16,correlation_only_adaptive,15968,3552,768,3104,True,True
20260877,47,global_08,16,state_oracle,15880,11360,0,1130,True,True
20260877,47,global_08,16,fixed_q1_oracle_eta,16000,3200,0,3200,True,True
20260877,47,global_08,16,fixed_q4_oracle_eta,16000,8000,0,2000,True,True
20260877,47,global_08,16,fixed_q8_oracle_eta,15936,10624,0,1328,True,True
20260877,47,global_08,16,fixed_q32_oracle_eta,15840,14080,0,440,True,True
20260877,47,clustered_08,16,lyapunov_state_adaptive,15988,6348,768,2410,True,True
20260877,47,clustered_08,16,raw_state_adaptive,15988,6348,768,2410,True,True
20260877,47,clustered_08,16,correlation_only_adaptive,15988,6348,768,2410,True,True
20260877,47,clustered_08,16,state_oracle,15860,13320,0,635,True,True
20260877,47,clustered_08,16,fixed_q1_oracle_eta,16000,3200,0,3200,True,True
20260877,47,clustered_08,16,fixed_q4_oracle_eta,16000,8000,0,2000,True,True
20260877,47,clustered_08,16,fixed_q8_oracle_eta,15936,10624,0,1328,True,True
20260877,47,clustered_08,16,fixed_q32_oracle_eta,15840,14080,0,440,True,True
20260877,47,balanced_08,16,lyapunov_state_adaptive,15968,3552,768,3104,True,True
20260877,47,balanced_08,16,raw_state_adaptive,15940,4836,768,2776,True,True
20260877,47,balanced_08,16,correlation_only_adaptive,15968,3552,768,3104,True,True
20260877,47,balanced_08,16,state_oracle,15880,11360,0,1130,True,True
20260877,47,balanced_08,16,fixed_q1_oracle_eta,16000,3200,0,3200,True,True
20260877,47,balanced_08,16,fixed_q4_oracle_eta,16000,8000,0,2000,True,True
20260877,47,balanced_08,16,fixed_q8_oracle_eta,15936,10624,0,1328,True,True
20260877,47,balanced_08,16,fixed_q32_oracle_eta,15840,14080,0,440,True,True
20260878,48,independent,4,lyapunov_state_adaptive,15888,10888,768,1250,True,True
20260878,48,independent,4,raw_state_adaptive,15860,10336,768,1381,True,True
20260878,48,independent,4,correlation_only_adaptive,15886,10570,768,1329,True,True
20260878,48,independent,4,state_oracle,15840,14080,0,440,True,True
20260878,48,independent,4,fixed_q1_oracle_eta,16000,3200,0,3200,True,True
20260878,48,independent,4,fixed_q4_oracle_eta,16000,8000,0,2000,True,True
20260878,48,independent,4,fixed_q8_oracle_eta,15936,10624,0,1328,True,True
20260878,48,independent,4,fixed_q32_oracle_eta,15840,14080,0,440,True,True
20260878,48,global_08,4,lyapunov_state_adaptive,15968,3552,768,3104,True,True
20260878,48,global_08,4,raw_state_adaptive,15940,4836,768,2776,True,True
20260878,48,global_08,4,correlation_only_adaptive,15968,3552,768,3104,True,True
20260878,48,global_08,4,state_oracle,15920,8640,0,1820,True,True
20260878,48,global_08,4,fixed_q1_oracle_eta,16000,3200,0,3200,True,True
20260878,48,global_08,4,fixed_q4_oracle_eta,16000,8000,0,2000,True,True
20260878,48,global_08,4,fixed_q8_oracle_eta,15936,10624,0,1328,True,True
20260878,48,global_08,4,fixed_q32_oracle_eta,15840,14080,0,440,True,True
20260878,48,clustered_08,4,lyapunov_state_adaptive,15988,6220,768,2442,True,True
20260878,48,clustered_08,4,raw_state_adaptive,15980,5140,768,2710,True,True
20260878,48,clustered_08,4,correlation_only_adaptive,15980,5140,768,2710,True,True
20260878,48,clustered_08,4,state_oracle,15900,11800,0,1025,True,True
20260878,48,clustered_08,4,fixed_q1_oracle_eta,16000,3200,0,3200,True,True
20260878,48,clustered_08,4,fixed_q4_oracle_eta,16000,8000,0,2000,True,True
20260878,48,clustered_08,4,fixed_q8_oracle_eta,15936,10624,0,1328,True,True
20260878,48,clustered_08,4,fixed_q32_oracle_eta,15840,14080,0,440,True,True
20260878,48,balanced_08,4,lyapunov_state_adaptive,15976,4632,768,2836,True,True
20260878,48,balanced_08,4,raw_state_adaptive,15974,4378,768,2899,True,True
20260878,48,balanced_08,4,correlation_only_adaptive,15976,4632,768,2836,True,True
20260878,48,balanced_08,4,state_oracle,15920,8640,0,1820,True,True
20260878,48,balanced_08,4,fixed_q1_oracle_eta,16000,3200,0,3200,True,True
20260878,48,balanced_08,4,fixed_q4_oracle_eta,16000,8000,0,2000,True,True
20260878,48,balanced_08,4,fixed_q8_oracle_eta,15936,10624,0,1328,True,True
20260878,48,balanced_08,4,fixed_q32_oracle_eta,15840,14080,0,440,True,True
20260878,48,independent,16,lyapunov_state_adaptive,15860,10652,768,1302,True,True
20260878,48,independent,16,raw_state_adaptive,15862,10970,768,1223,True,True
20260878,48,independent,16,correlation_only_adaptive,15914,7766,768,2037,True,True
20260878,48,independent,16,state_oracle,15860,13920,0,485,True,True
20260878,48,independent,16,fixed_q1_oracle_eta,16000,3200,0,3200,True,True
20260878,48,independent,16,fixed_q4_oracle_eta,16000,8000,0,2000,True,True
20260878,48,independent,16,fixed_q8_oracle_eta,15936,10624,0,1328,True,True
20260878,48,independent,16,fixed_q32_oracle_eta,15840,14080,0,440,True,True
20260878,48,global_08,16,lyapunov_state_adaptive,15968,3552,768,3104,True,True
20260878,48,global_08,16,raw_state_adaptive,15940,4836,768,2776,True,True
20260878,48,global_08,16,correlation_only_adaptive,15968,3552,768,3104,True,True
20260878,48,global_08,16,state_oracle,15920,8640,0,1820,True,True
20260878,48,global_08,16,fixed_q1_oracle_eta,16000,3200,0,3200,True,True
20260878,48,global_08,16,fixed_q4_oracle_eta,16000,8000,0,2000,True,True
20260878,48,global_08,16,fixed_q8_oracle_eta,15936,10624,0,1328,True,True
20260878,48,global_08,16,fixed_q32_oracle_eta,15840,14080,0,440,True,True
20260878,48,clustered_08,16,lyapunov_state_adaptive,15982,5522,768,2615,True,True
20260878,48,clustered_08,16,raw_state_adaptive,15952,6488,768,2366,True,True
20260878,48,clustered_08,16,correlation_only_adaptive,15982,5522,768,2615,True,True
20260878,48,clustered_08,16,state_oracle,15920,11040,0,1220,True,True
20260878,48,clustered_08,16,fixed_q1_oracle_eta,16000,3200,0,3200,True,True
20260878,48,clustered_08,16,fixed_q4_oracle_eta,16000,8000,0,2000,True,True
20260878,48,clustered_08,16,fixed_q8_oracle_eta,15936,10624,0,1328,True,True
20260878,48,clustered_08,16,fixed_q32_oracle_eta,15840,14080,0,440,True,True
20260878,48,balanced_08,16,lyapunov_state_adaptive,15976,4696,768,2820,True,True
20260878,48,balanced_08,16,raw_state_adaptive,15940,4836,768,2776,True,True
20260878,48,balanced_08,16,correlation_only_adaptive,15978,4950,768,2757,True,True
20260878,48,balanced_08,16,state_oracle,15920,8640,0,1820,True,True
20260878,48,balanced_08,16,fixed_q1_oracle_eta,16000,3200,0,3200,True,True
20260878,48,balanced_08,16,fixed_q4_oracle_eta,16000,8000,0,2000,True,True
20260878,48,balanced_08,16,fixed_q8_oracle_eta,15936,10624,0,1328,True,True
20260878,48,balanced_08,16,fixed_q32_oracle_eta,15840,14080,0,440,True,True
20260879,49,independent,4,lyapunov_state_adaptive,15864,11824,768,1010,True,True
20260879,49,independent,4,raw_state_adaptive,15848,11912,768,984,True,True
20260879,49,independent,4,correlation_only_adaptive,15872,11512,768,1090,True,True
20260879,49,independent,4,state_oracle,15840,14080,0,440,True,True
20260879,49,independent,4,fixed_q1_oracle_eta,16000,3200,0,3200,True,True
20260879,49,independent,4,fixed_q4_oracle_eta,16000,8000,0,2000,True,True
20260879,49,independent,4,fixed_q8_oracle_eta,15936,10624,0,1328,True,True
20260879,49,independent,4,fixed_q32_oracle_eta,15840,14080,0,440,True,True
20260879,49,global_08,4,lyapunov_state_adaptive,15968,3552,768,3104,True,True
20260879,49,global_08,4,raw_state_adaptive,15940,4836,768,2776,True,True
20260879,49,global_08,4,correlation_only_adaptive,15968,3552,768,3104,True,True
20260879,49,global_08,4,state_oracle,15940,7280,0,2165,True,True
20260879,49,global_08,4,fixed_q1_oracle_eta,16000,3200,0,3200,True,True
20260879,49,global_08,4,fixed_q4_oracle_eta,16000,8000,0,2000,True,True
20260879,49,global_08,4,fixed_q8_oracle_eta,15936,10624,0,1328,True,True
20260879,49,global_08,4,fixed_q32_oracle_eta,15840,14080,0,440,True,True
20260879,49,clustered_08,4,lyapunov_state_adaptive,16000,8128,768,1968,True,True
20260879,49,clustered_08,4,raw_state_adaptive,15936,9552,768,1596,True,True
20260879,49,clustered_08,4,correlation_only_adaptive,16000,8128,768,1968,True,True
20260879,49,clustered_08,4,state_oracle,15920,11040,0,1220,True,True
20260879,49,clustered_08,4,fixed_q1_oracle_eta,16000,3200,0,3200,True,True
20260879,49,clustered_08,4,fixed_q4_oracle_eta,16000,8000,0,2000,True,True
20260879,49,clustered_08,4,fixed_q8_oracle_eta,15936,10624,0,1328,True,True
20260879,49,clustered_08,4,fixed_q32_oracle_eta,15840,14080,0,440,True,True
20260879,49,balanced_08,4,lyapunov_state_adaptive,15970,3806,768,3041,True,True
20260879,49,balanced_08,4,raw_state_adaptive,15970,3806,768,3041,True,True
20260879,49,balanced_08,4,correlation_only_adaptive,15970,3806,768,3041,True,True
20260879,49,balanced_08,4,state_oracle,15900,10000,0,1475,True,True
20260879,49,balanced_08,4,fixed_q1_oracle_eta,16000,3200,0,3200,True,True
20260879,49,balanced_08,4,fixed_q4_oracle_eta,16000,8000,0,2000,True,True
20260879,49,balanced_08,4,fixed_q8_oracle_eta,15936,10624,0,1328,True,True
20260879,49,balanced_08,4,fixed_q32_oracle_eta,15840,14080,0,440,True,True
20260879,49,independent,16,lyapunov_state_adaptive,15944,6800,768,2286,True,True
20260879,49,independent,16,raw_state_adaptive,15952,6488,768,2366,True,True
20260879,49,independent,16,correlation_only_adaptive,15982,5522,768,2615,True,True
20260879,49,independent,16,state_oracle,15840,14080,0,440,True,True
20260879,49,independent,16,fixed_q1_oracle_eta,16000,3200,0,3200,True,True
20260879,49,independent,16,fixed_q4_oracle_eta,16000,8000,0,2000,True,True
20260879,49,independent,16,fixed_q8_oracle_eta,15936,10624,0,1328,True,True
20260879,49,independent,16,fixed_q32_oracle_eta,15840,14080,0,440,True,True
20260879,49,global_08,16,lyapunov_state_adaptive,15968,3552,768,3104,True,True
20260879,49,global_08,16,raw_state_adaptive,15940,4836,768,2776,True,True
20260879,49,global_08,16,correlation_only_adaptive,15968,3552,768,3104,True,True
20260879,49,global_08,16,state_oracle,15940,7280,0,2165,True,True
20260879,49,global_08,16,fixed_q1_oracle_eta,16000,3200,0,3200,True,True
20260879,49,global_08,16,fixed_q4_oracle_eta,16000,8000,0,2000,True,True
20260879,49,global_08,16,fixed_q8_oracle_eta,15936,10624,0,1328,True,True
20260879,49,global_08,16,fixed_q32_oracle_eta,15840,14080,0,440,True,True
20260879,49,clustered_08,16,lyapunov_state_adaptive,15996,7556,768,2110,True,True
20260879,49,clustered_08,16,raw_state_adaptive,15994,7238,768,2189,True,True
20260879,49,clustered_08,16,correlation_only_adaptive,15994,7238,768,2189,True,True
20260879,49,clustered_08,16,state_oracle,15920,11040,0,1220,True,True
20260879,49,clustered_08,16,fixed_q1_oracle_eta,16000,3200,0,3200,True,True
20260879,49,clustered_08,16,fixed_q4_oracle_eta,16000,8000,0,2000,True,True
20260879,49,clustered_08,16,fixed_q8_oracle_eta,15936,10624,0,1328,True,True
20260879,49,clustered_08,16,fixed_q32_oracle_eta,15840,14080,0,440,True,True
20260879,49,balanced_08,16,lyapunov_state_adaptive,15968,3552,768,3104,True,True
20260879,49,balanced_08,16,raw_state_adaptive,15940,4836,768,2776,True,True
20260879,49,balanced_08,16,correlation_only_adaptive,15968,3552,768,3104,True,True
20260879,49,balanced_08,16,state_oracle,15900,10000,0,1475,True,True
20260879,49,balanced_08,16,fixed_q1_oracle_eta,16000,3200,0,3200,True,True
20260879,49,balanced_08,16,fixed_q4_oracle_eta,16000,8000,0,2000,True,True
20260879,49,balanced_08,16,fixed_q8_oracle_eta,15936,10624,0,1328,True,True
20260879,49,balanced_08,16,fixed_q32_oracle_eta,15840,14080,0,440,True,True
20260880,50,independent,4,lyapunov_state_adaptive,15916,9160,768,1689,True,True
20260880,50,independent,4,raw_state_adaptive,15886,10190,768,1424,True,True
20260880,50,independent,4,correlation_only_adaptive,15916,9160,768,1689,True,True
20260880,50,independent,4,state_oracle,15840,14080,0,440,True,True
20260880,50,independent,4,fixed_q1_oracle_eta,16000,3200,0,3200,True,True
20260880,50,independent,4,fixed_q4_oracle_eta,16000,8000,0,2000,True,True
20260880,50,independent,4,fixed_q8_oracle_eta,15936,10624,0,1328,True,True
20260880,50,independent,4,fixed_q32_oracle_eta,15840,14080,0,440,True,True
20260880,50,global_08,4,lyapunov_state_adaptive,15940,4836,768,2776,True,True
20260880,50,global_08,4,raw_state_adaptive,15940,4836,768,2776,True,True
20260880,50,global_08,4,correlation_only_adaptive,15940,4836,768,2776,True,True
20260880,50,global_08,4,state_oracle,15920,8640,0,1820,True,True
20260880,50,global_08,4,fixed_q1_oracle_eta,16000,3200,0,3200,True,True
20260880,50,global_08,4,fixed_q4_oracle_eta,16000,8000,0,2000,True,True
20260880,50,global_08,4,fixed_q8_oracle_eta,15936,10624,0,1328,True,True
20260880,50,global_08,4,fixed_q32_oracle_eta,15840,14080,0,440,True,True
20260880,50,clustered_08,4,lyapunov_state_adaptive,16000,8128,768,1968,True,True
20260880,50,clustered_08,4,raw_state_adaptive,15998,7810,768,2047,True,True
20260880,50,clustered_08,4,correlation_only_adaptive,16000,8128,768,1968,True,True
20260880,50,clustered_08,4,state_oracle,15940,10280,0,1415,True,True
20260880,50,clustered_08,4,fixed_q1_oracle_eta,16000,3200,0,3200,True,True
20260880,50,clustered_08,4,fixed_q4_oracle_eta,16000,8000,0,2000,True,True
20260880,50,clustered_08,4,fixed_q8_oracle_eta,15936,10624,0,1328,True,True
20260880,50,clustered_08,4,fixed_q32_oracle_eta,15840,14080,0,440,True,True
20260880,50,balanced_08,4,lyapunov_state_adaptive,15978,4950,768,2757,True,True
20260880,50,balanced_08,4,raw_state_adaptive,15976,4696,768,2820,True,True
20260880,50,balanced_08,4,correlation_only_adaptive,15976,4696,768,2820,True,True
20260880,50,balanced_08,4,state_oracle,15920,8640,0,1820,True,True
20260880,50,balanced_08,4,fixed_q1_oracle_eta,16000,3200,0,3200,True,True
20260880,50,balanced_08,4,fixed_q4_oracle_eta,16000,8000,0,2000,True,True
20260880,50,balanced_08,4,fixed_q8_oracle_eta,15936,10624,0,1328,True,True
20260880,50,balanced_08,4,fixed_q32_oracle_eta,15840,14080,0,440,True,True
20260880,50,independent,16,lyapunov_state_adaptive,15930,9802,768,1532,True,True
20260880,50,independent,16,raw_state_adaptive,15864,10908,768,1239,True,True
20260880,50,independent,16,correlation_only_adaptive,15892,9560,768,1583,True,True
20260880,50,independent,16,state_oracle,15840,14080,0,440,True,True
20260880,50,independent,16,fixed_q1_oracle_eta,16000,3200,0,3200,True,True
20260880,50,independent,16,fixed_q4_oracle_eta,16000,8000,0,2000,True,True
20260880,50,independent,16,fixed_q8_oracle_eta,15936,10624,0,1328,True,True
20260880,50,independent,16,fixed_q32_oracle_eta,15840,14080,0,440,True,True
20260880,50,global_08,16,lyapunov_state_adaptive,15968,3552,768,3104,True,True
20260880,50,global_08,16,raw_state_adaptive,15940,4836,768,2776,True,True
20260880,50,global_08,16,correlation_only_adaptive,15968,3552,768,3104,True,True
20260880,50,global_08,16,state_oracle,15920,8640,0,1820,True,True
20260880,50,global_08,16,fixed_q1_oracle_eta,16000,3200,0,3200,True,True
20260880,50,global_08,16,fixed_q4_oracle_eta,16000,8000,0,2000,True,True
20260880,50,global_08,16,fixed_q8_oracle_eta,15936,10624,0,1328,True,True
20260880,50,global_08,16,fixed_q32_oracle_eta,15840,14080,0,440,True,True
20260880,50,clustered_08,16,lyapunov_state_adaptive,15984,5712,768,2568,True,True
20260880,50,clustered_08,16,raw_state_adaptive,15984,5712,768,2568,True,True
20260880,50,clustered_08,16,correlation_only_adaptive,15984,5712,768,2568,True,True
20260880,50,clustered_08,16,state_oracle,15940,10280,0,1415,True,True
20260880,50,clustered_08,16,fixed_q1_oracle_eta,16000,3200,0,3200,True,True
20260880,50,clustered_08,16,fixed_q4_oracle_eta,16000,8000,0,2000,True,True
20260880,50,clustered_08,16,fixed_q8_oracle_eta,15936,10624,0,1328,True,True
20260880,50,clustered_08,16,fixed_q32_oracle_eta,15840,14080,0,440,True,True
20260880,50,balanced_08,16,lyapunov_state_adaptive,15968,3552,768,3104,True,True
20260880,50,balanced_08,16,raw_state_adaptive,15940,4836,768,2776,True,True
20260880,50,balanced_08,16,correlation_only_adaptive,15968,3552,768,3104,True,True
20260880,50,balanced_08,16,state_oracle,15920,8640,0,1820,True,True
20260880,50,balanced_08,16,fixed_q1_oracle_eta,16000,3200,0,3200,True,True
20260880,50,balanced_08,16,fixed_q4_oracle_eta,16000,8000,0,2000,True,True
20260880,50,balanced_08,16,fixed_q8_oracle_eta,15936,10624,0,1328,True,True
20260880,50,balanced_08,16,fixed_q32_oracle_eta,15840,14080,0,440,True,True
20260881,51,independent,4,lyapunov_state_adaptive,15896,11112,768,1196,True,True
20260881,51,independent,4,raw_state_adaptive,15910,10170,768,1435,True,True
20260881,51,independent,4,correlation_only_adaptive,15910,10170,768,1435,True,True
20260881,51,independent,4,state_oracle,15840,14080,0,440,True,True
20260881,51,independent,4,fixed_q1_oracle_eta,16000,3200,0,3200,True,True
20260881,51,independent,4,fixed_q4_oracle_eta,16000,8000,0,2000,True,True
20260881,51,independent,4,fixed_q8_oracle_eta,15936,10624,0,1328,True,True
20260881,51,independent,4,fixed_q32_oracle_eta,15840,14080,0,440,True,True
20260881,51,global_08,4,lyapunov_state_adaptive,15968,3552,768,3104,True,True
20260881,51,global_08,4,raw_state_adaptive,15940,4836,768,2776,True,True
20260881,51,global_08,4,correlation_only_adaptive,15968,3552,768,3104,True,True
20260881,51,global_08,4,state_oracle,15860,12720,0,785,True,True
20260881,51,global_08,4,fixed_q1_oracle_eta,16000,3200,0,3200,True,True
20260881,51,global_08,4,fixed_q4_oracle_eta,16000,8000,0,2000,True,True
20260881,51,global_08,4,fixed_q8_oracle_eta,15936,10624,0,1328,True,True
20260881,51,global_08,4,fixed_q32_oracle_eta,15840,14080,0,440,True,True
20260881,51,clustered_08,4,lyapunov_state_adaptive,15994,7174,768,2205,True,True
20260881,51,clustered_08,4,raw_state_adaptive,15934,9234,768,1675,True,True
20260881,51,clustered_08,4,correlation_only_adaptive,15994,7174,768,2205,True,True
20260881,51,clustered_08,4,state_oracle,15920,11040,0,1220,True,True
20260881,51,clustered_08,4,fixed_q1_oracle_eta,16000,3200,0,3200,True,True
20260881,51,clustered_08,4,fixed_q4_oracle_eta,16000,8000,0,2000,True,True
20260881,51,clustered_08,4,fixed_q8_oracle_eta,15936,10624,0,1328,True,True
20260881,51,clustered_08,4,fixed_q32_oracle_eta,15840,14080,0,440,True,True
20260881,51,balanced_08,4,lyapunov_state_adaptive,15968,3552,768,3104,True,True
20260881,51,balanced_08,4,raw_state_adaptive,15940,4836,768,2776,True,True
20260881,51,balanced_08,4,correlation_only_adaptive,15968,3552,768,3104,True,True
20260881,51,balanced_08,4,state_oracle,15860,12720,0,785,True,True
20260881,51,balanced_08,4,fixed_q1_oracle_eta,16000,3200,0,3200,True,True
20260881,51,balanced_08,4,fixed_q4_oracle_eta,16000,8000,0,2000,True,True
20260881,51,balanced_08,4,fixed_q8_oracle_eta,15936,10624,0,1328,True,True
20260881,51,balanced_08,4,fixed_q32_oracle_eta,15840,14080,0,440,True,True
20260881,51,independent,16,lyapunov_state_adaptive,15820,12880,768,735,True,True
20260881,51,independent,16,raw_state_adaptive,15892,9940,768,1488,True,True
20260881,51,independent,16,correlation_only_adaptive,15976,7480,768,2124,True,True
20260881,51,independent,16,state_oracle,15840,14080,0,440,True,True
20260881,51,independent,16,fixed_q1_oracle_eta,16000,3200,0,3200,True,True
20260881,51,independent,16,fixed_q4_oracle_eta,16000,8000,0,2000,True,True
20260881,51,independent,16,fixed_q8_oracle_eta,15936,10624,0,1328,True,True
20260881,51,independent,16,fixed_q32_oracle_eta,15840,14080,0,440,True,True
20260881,51,global_08,16,lyapunov_state_adaptive,15968,3552,768,3104,True,True
20260881,51,global_08,16,raw_state_adaptive,15968,3552,768,3104,True,True
20260881,51,global_08,16,correlation_only_adaptive,15968,3552,768,3104,True,True
20260881,51,global_08,16,state_oracle,15860,12720,0,785,True,True
20260881,51,global_08,16,fixed_q1_oracle_eta,16000,3200,0,3200,True,True
20260881,51,global_08,16,fixed_q4_oracle_eta,16000,8000,0,2000,True,True
20260881,51,global_08,16,fixed_q8_oracle_eta,15936,10624,0,1328,True,True
20260881,51,global_08,16,fixed_q32_oracle_eta,15840,14080,0,440,True,True
20260881,51,clustered_08,16,lyapunov_state_adaptive,16000,8128,768,1968,True,True
20260881,51,clustered_08,16,raw_state_adaptive,16000,8128,768,1968,True,True
20260881,51,clustered_08,16,correlation_only_adaptive,16000,8128,768,1968,True,True
20260881,51,clustered_08,16,state_oracle,15920,11040,0,1220,True,True
20260881,51,clustered_08,16,fixed_q1_oracle_eta,16000,3200,0,3200,True,True
20260881,51,clustered_08,16,fixed_q4_oracle_eta,16000,8000,0,2000,True,True
20260881,51,clustered_08,16,fixed_q8_oracle_eta,15936,10624,0,1328,True,True
20260881,51,clustered_08,16,fixed_q32_oracle_eta,15840,14080,0,440,True,True
20260881,51,balanced_08,16,lyapunov_state_adaptive,15968,3552,768,3104,True,True
20260881,51,balanced_08,16,raw_state_adaptive,15970,3806,768,3041,True,True
20260881,51,balanced_08,16,correlation_only_adaptive,15968,3552,768,3104,True,True
20260881,51,balanced_08,16,state_oracle,15860,12720,0,785,True,True
20260881,51,balanced_08,16,fixed_q1_oracle_eta,16000,3200,0,3200,True,True
20260881,51,balanced_08,16,fixed_q4_oracle_eta,16000,8000,0,2000,True,True
20260881,51,balanced_08,16,fixed_q8_oracle_eta,15936,10624,0,1328,True,True
20260881,51,balanced_08,16,fixed_q32_oracle_eta,15840,14080,0,440,True,True
20260882,52,independent,4,lyapunov_state_adaptive,15954,8198,768,1939,True,True
20260882,52,independent,4,raw_state_adaptive,15954,8198,768,1939,True,True
20260882,52,independent,4,correlation_only_adaptive,15954,8198,768,1939,True,True
20260882,52,independent,4,state_oracle,15840,14080,0,440,True,True
20260882,52,independent,4,fixed_q1_oracle_eta,16000,3200,0,3200,True,True
20260882,52,independent,4,fixed_q4_oracle_eta,16000,8000,0,2000,True,True
20260882,52,independent,4,fixed_q8_oracle_eta,15936,10624,0,1328,True,True
20260882,52,independent,4,fixed_q32_oracle_eta,15840,14080,0,440,True,True
20260882,52,global_08,4,lyapunov_state_adaptive,15968,3552,768,3104,True,True
20260882,52,global_08,4,raw_state_adaptive,15968,3552,768,3104,True,True
20260882,52,global_08,4,correlation_only_adaptive,15968,3552,768,3104,True,True
20260882,52,global_08,4,state_oracle,15880,11360,0,1130,True,True
20260882,52,global_08,4,fixed_q1_oracle_eta,16000,3200,0,3200,True,True
20260882,52,global_08,4,fixed_q4_oracle_eta,16000,8000,0,2000,True,True
20260882,52,global_08,4,fixed_q8_oracle_eta,15936,10624,0,1328,True,True
20260882,52,global_08,4,fixed_q32_oracle_eta,15840,14080,0,440,True,True
20260882,52,clustered_08,4,lyapunov_state_adaptive,16000,8128,768,1968,True,True
20260882,52,clustered_08,4,raw_state_adaptive,15966,8522,768,1861,True,True
20260882,52,clustered_08,4,correlation_only_adaptive,16000,8128,768,1968,True,True
20260882,52,clustered_08,4,state_oracle,15900,11800,0,1025,True,True
20260882,52,clustered_08,4,fixed_q1_oracle_eta,16000,3200,0,3200,True,True
20260882,52,clustered_08,4,fixed_q4_oracle_eta,16000,8000,0,2000,True,True
20260882,52,clustered_08,4,fixed_q8_oracle_eta,15936,10624,0,1328,True,True
20260882,52,clustered_08,4,fixed_q32_oracle_eta,15840,14080,0,440,True,True
20260882,52,balanced_08,4,lyapunov_state_adaptive,15974,4378,768,2899,True,True
20260882,52,balanced_08,4,raw_state_adaptive,15974,4378,768,2899,True,True
20260882,52,balanced_08,4,correlation_only_adaptive,15974,4378,768,2899,True,True
20260882,52,balanced_08,4,state_oracle,15880,11360,0,1130,True,True
20260882,52,balanced_08,4,fixed_q1_oracle_eta,16000,3200,0,3200,True,True
20260882,52,balanced_08,4,fixed_q4_oracle_eta,16000,8000,0,2000,True,True
20260882,52,balanced_08,4,fixed_q8_oracle_eta,15936,10624,0,1328,True,True
20260882,52,balanced_08,4,fixed_q32_oracle_eta,15840,14080,0,440,True,True
20260882,52,independent,16,lyapunov_state_adaptive,15958,8834,768,1781,True,True
20260882,52,independent,16,raw_state_adaptive,15838,11370,768,1117,True,True
20260882,52,independent,16,correlation_only_adaptive,15964,8204,768,1940,True,True
20260882,52,independent,16,state_oracle,15840,14080,0,440,True,True
20260882,52,independent,16,fixed_q1_oracle_eta,16000,3200,0,3200,True,True
20260882,52,independent,16,fixed_q4_oracle_eta,16000,8000,0,2000,True,True
20260882,52,independent,16,fixed_q8_oracle_eta,15936,10624,0,1328,True,True
20260882,52,independent,16,fixed_q32_oracle_eta,15840,14080,0,440,True,True
20260882,52,global_08,16,lyapunov_state_adaptive,15968,3552,768,3104,True,True
20260882,52,global_08,16,raw_state_adaptive,15970,3806,768,3041,True,True
20260882,52,global_08,16,correlation_only_adaptive,15968,3552,768,3104,True,True
20260882,52,global_08,16,state_oracle,15880,11360,0,1130,True,True
20260882,52,global_08,16,fixed_q1_oracle_eta,16000,3200,0,3200,True,True
20260882,52,global_08,16,fixed_q4_oracle_eta,16000,8000,0,2000,True,True
20260882,52,global_08,16,fixed_q8_oracle_eta,15936,10624,0,1328,True,True
20260882,52,global_08,16,fixed_q32_oracle_eta,15840,14080,0,440,True,True
20260882,52,clustered_08,16,lyapunov_state_adaptive,15984,5648,768,2584,True,True
20260882,52,clustered_08,16,raw_state_adaptive,15966,8522,768,1861,True,True
20260882,52,clustered_08,16,correlation_only_adaptive,15990,6602,768,2347,True,True
20260882,52,clustered_08,16,state_oracle,15900,11800,0,1025,True,True
20260882,52,clustered_08,16,fixed_q1_oracle_eta,16000,3200,0,3200,True,True
20260882,52,clustered_08,16,fixed_q4_oracle_eta,16000,8000,0,2000,True,True
20260882,52,clustered_08,16,fixed_q8_oracle_eta,15936,10624,0,1328,True,True
20260882,52,clustered_08,16,fixed_q32_oracle_eta,15840,14080,0,440,True,True
20260882,52,balanced_08,16,lyapunov_state_adaptive,15972,4124,768,2962,True,True
20260882,52,balanced_08,16,raw_state_adaptive,15972,4124,768,2962,True,True
20260882,52,balanced_08,16,correlation_only_adaptive,15972,4124,768,2962,True,True
20260882,52,balanced_08,16,state_oracle,15900,10000,0,1475,True,True
20260882,52,balanced_08,16,fixed_q1_oracle_eta,16000,3200,0,3200,True,True
20260882,52,balanced_08,16,fixed_q4_oracle_eta,16000,8000,0,2000,True,True
20260882,52,balanced_08,16,fixed_q8_oracle_eta,15936,10624,0,1328,True,True
20260882,52,balanced_08,16,fixed_q32_oracle_eta,15840,14080,0,440,True,True
20260883,53,independent,4,lyapunov_state_adaptive,15952,6360,768,2398,True,True
20260883,53,independent,4,raw_state_adaptive,15948,5852,768,2524,True,True
20260883,53,independent,4,correlation_only_adaptive,15948,5852,768,2524,True,True
20260883,53,independent,4,state_oracle,15840,14080,0,440,True,True
20260883,53,independent,4,fixed_q1_oracle_eta,16000,3200,0,3200,True,True
20260883,53,independent,4,fixed_q4_oracle_eta,16000,8000,0,2000,True,True
20260883,53,independent,4,fixed_q8_oracle_eta,15936,10624,0,1328,True,True
20260883,53,independent,4,fixed_q32_oracle_eta,15840,14080,0,440,True,True
20260883,53,global_08,4,lyapunov_state_adaptive,15968,3552,768,3104,True,True
20260883,53,global_08,4,raw_state_adaptive,15968,3552,768,3104,True,True
20260883,53,global_08,4,correlation_only_adaptive,15968,3552,768,3104,True,True
20260883,53,global_08,4,state_oracle,15940,7280,0,2165,True,True
20260883,53,global_08,4,fixed_q1_oracle_eta,16000,3200,0,3200,True,True
20260883,53,global_08,4,fixed_q4_oracle_eta,16000,8000,0,2000,True,True
20260883,53,global_08,4,fixed_q8_oracle_eta,15936,10624,0,1328,True,True
20260883,53,global_08,4,fixed_q32_oracle_eta,15840,14080,0,440,True,True
20260883,53,clustered_08,4,lyapunov_state_adaptive,15998,7810,768,2047,True,True
20260883,53,clustered_08,4,raw_state_adaptive,15966,8522,768,1861,True,True
20260883,53,clustered_08,4,correlation_only_adaptive,15998,7810,768,2047,True,True
20260883,53,clustered_08,4,state_oracle,15900,11800,0,1025,True,True
20260883,53,clustered_08,4,fixed_q1_oracle_eta,16000,3200,0,3200,True,True
20260883,53,clustered_08,4,fixed_q4_oracle_eta,16000,8000,0,2000,True,True
20260883,53,clustered_08,4,fixed_q8_oracle_eta,15936,10624,0,1328,True,True
20260883,53,clustered_08,4,fixed_q32_oracle_eta,15840,14080,0,440,True,True
20260883,53,balanced_08,4,lyapunov_state_adaptive,15974,4378,768,2899,True,True
20260883,53,balanced_08,4,raw_state_adaptive,15944,5344,768,2650,True,True
20260883,53,balanced_08,4,correlation_only_adaptive,15972,4124,768,2962,True,True
20260883,53,balanced_08,4,state_oracle,15940,7280,0,2165,True,True
20260883,53,balanced_08,4,fixed_q1_oracle_eta,16000,3200,0,3200,True,True
20260883,53,balanced_08,4,fixed_q4_oracle_eta,16000,8000,0,2000,True,True
20260883,53,balanced_08,4,fixed_q8_oracle_eta,15936,10624,0,1328,True,True
20260883,53,balanced_08,4,fixed_q32_oracle_eta,15840,14080,0,440,True,True
20260883,53,independent,16,lyapunov_state_adaptive,15984,5584,768,2600,True,True
20260883,53,independent,16,raw_state_adaptive,15954,6678,768,2319,True,True
20260883,53,independent,16,correlation_only_adaptive,15984,5584,768,2600,True,True
20260883,53,independent,16,state_oracle,15840,14080,0,440,True,True
20260883,53,independent,16,fixed_q1_oracle_eta,16000,3200,0,3200,True,True
20260883,53,independent,16,fixed_q4_oracle_eta,16000,8000,0,2000,True,True
20260883,53,independent,16,fixed_q8_oracle_eta,15936,10624,0,1328,True,True
20260883,53,independent,16,fixed_q32_oracle_eta,15840,14080,0,440,True,True
20260883,53,global_08,16,lyapunov_state_adaptive,15968,3552,768,3104,True,True
20260883,53,global_08,16,raw_state_adaptive,15884,7404,768,2120,True,True
20260883,53,global_08,16,correlation_only_adaptive,15968,3552,768,3104,True,True
20260883,53,global_08,16,state_oracle,15940,7280,0,2165,True,True
20260883,53,global_08,16,fixed_q1_oracle_eta,16000,3200,0,3200,True,True
20260883,53,global_08,16,fixed_q4_oracle_eta,16000,8000,0,2000,True,True
20260883,53,global_08,16,fixed_q8_oracle_eta,15936,10624,0,1328,True,True
20260883,53,global_08,16,fixed_q32_oracle_eta,15840,14080,0,440,True,True
20260883,53,clustered_08,16,lyapunov_state_adaptive,16000,8128,768,1968,True,True
20260883,53,clustered_08,16,raw_state_adaptive,15996,7492,768,2126,True,True
20260883,53,clustered_08,16,correlation_only_adaptive,15996,7492,768,2126,True,True
20260883,53,clustered_08,16,state_oracle,15892,12128,0,941,True,True
20260883,53,clustered_08,16,fixed_q1_oracle_eta,16000,3200,0,3200,True,True
20260883,53,clustered_08,16,fixed_q4_oracle_eta,16000,8000,0,2000,True,True
20260883,53,clustered_08,16,fixed_q8_oracle_eta,15936,10624,0,1328,True,True
20260883,53,clustered_08,16,fixed_q32_oracle_eta,15840,14080,0,440,True,True
20260883,53,balanced_08,16,lyapunov_state_adaptive,15970,3806,768,3041,True,True
20260883,53,balanced_08,16,raw_state_adaptive,15918,6882,768,2259,True,True
20260883,53,balanced_08,16,correlation_only_adaptive,15970,3806,768,3041,True,True
20260883,53,balanced_08,16,state_oracle,15940,7280,0,2165,True,True
20260883,53,balanced_08,16,fixed_q1_oracle_eta,16000,3200,0,3200,True,True
20260883,53,balanced_08,16,fixed_q4_oracle_eta,16000,8000,0,2000,True,True
20260883,53,balanced_08,16,fixed_q8_oracle_eta,15936,10624,0,1328,True,True
20260883,53,balanced_08,16,fixed_q32_oracle_eta,15840,14080,0,440,True,True
20260884,54,independent,4,lyapunov_state_adaptive,15958,8834,768,1781,True,True
20260884,54,independent,4,raw_state_adaptive,15954,9402,768,1638,True,True
20260884,54,independent,4,correlation_only_adaptive,15958,8834,768,1781,True,True
20260884,54,independent,4,state_oracle,15840,14080,0,440,True,True
20260884,54,independent,4,fixed_q1_oracle_eta,16000,3200,0,3200,True,True
20260884,54,independent,4,fixed_q4_oracle_eta,16000,8000,0,2000,True,True
20260884,54,independent,4,fixed_q8_oracle_eta,15936,10624,0,1328,True,True
20260884,54,independent,4,fixed_q32_oracle_eta,15840,14080,0,440,True,True
20260884,54,global_08,4,lyapunov_state_adaptive,15968,3552,768,3104,True,True
20260884,54,global_08,4,raw_state_adaptive,15968,3552,768,3104,True,True
20260884,54,global_08,4,correlation_only_adaptive,15968,3552,768,3104,True,True
20260884,54,global_08,4,state_oracle,15880,11360,0,1130,True,True
20260884,54,global_08,4,fixed_q1_oracle_eta,16000,3200,0,3200,True,True
20260884,54,global_08,4,fixed_q4_oracle_eta,16000,8000,0,2000,True,True
20260884,54,global_08,4,fixed_q8_oracle_eta,15936,10624,0,1328,True,True
20260884,54,global_08,4,fixed_q32_oracle_eta,15840,14080,0,440,True,True
20260884,54,clustered_08,4,lyapunov_state_adaptive,15998,7810,768,2047,True,True
20260884,54,clustered_08,4,raw_state_adaptive,15998,7810,768,2047,True,True
20260884,54,clustered_08,4,correlation_only_adaptive,15998,7810,768,2047,True,True
20260884,54,clustered_08,4,state_oracle,15940,10280,0,1415,True,True
20260884,54,clustered_08,4,fixed_q1_oracle_eta,16000,3200,0,3200,True,True
20260884,54,clustered_08,4,fixed_q4_oracle_eta,16000,8000,0,2000,True,True
20260884,54,clustered_08,4,fixed_q8_oracle_eta,15936,10624,0,1328,True,True
20260884,54,clustered_08,4,fixed_q32_oracle_eta,15840,14080,0,440,True,True
20260884,54,balanced_08,4,lyapunov_state_adaptive,15972,4124,768,2962,True,True
20260884,54,balanced_08,4,raw_state_adaptive,15890,8230,768,1915,True,True
20260884,54,balanced_08,4,correlation_only_adaptive,15972,4124,768,2962,True,True
20260884,54,balanced_08,4,state_oracle,15920,8640,0,1820,True,True
20260884,54,balanced_08,4,fixed_q1_oracle_eta,16000,3200,0,3200,True,True
20260884,54,balanced_08,4,fixed_q4_oracle_eta,16000,8000,0,2000,True,True
20260884,54,balanced_08,4,fixed_q8_oracle_eta,15936,10624,0,1328,True,True
20260884,54,balanced_08,4,fixed_q32_oracle_eta,15840,14080,0,440,True,True
20260884,54,independent,16,lyapunov_state_adaptive,15928,9864,768,1516,True,True
20260884,54,independent,16,raw_state_adaptive,15904,10264,768,1410,True,True
20260884,54,independent,16,correlation_only_adaptive,15928,9864,768,1516,True,True
20260884,54,independent,16,state_oracle,15840,14080,0,440,True,True
20260884,54,independent,16,fixed_q1_oracle_eta,16000,3200,0,3200,True,True
20260884,54,independent,16,fixed_q4_oracle_eta,16000,8000,0,2000,True,True
20260884,54,independent,16,fixed_q8_oracle_eta,15936,10624,0,1328,True,True
20260884,54,independent,16,fixed_q32_oracle_eta,15840,14080,0,440,True,True
20260884,54,global_08,16,lyapunov_state_adaptive,15968,3552,768,3104,True,True
20260884,54,global_08,16,raw_state_adaptive,15940,4836,768,2776,True,True
20260884,54,global_08,16,correlation_only_adaptive,15968,3552,768,3104,True,True
20260884,54,global_08,16,state_oracle,15880,11360,0,1130,True,True
20260884,54,global_08,16,fixed_q1_oracle_eta,16000,3200,0,3200,True,True
20260884,54,global_08,16,fixed_q4_oracle_eta,16000,8000,0,2000,True,True
20260884,54,global_08,16,fixed_q8_oracle_eta,15936,10624,0,1328,True,True
20260884,54,global_08,16,fixed_q32_oracle_eta,15840,14080,0,440,True,True
20260884,54,clustered_08,16,lyapunov_state_adaptive,15996,7492,768,2126,True,True
20260884,54,clustered_08,16,raw_state_adaptive,15996,7492,768,2126,True,True
20260884,54,clustered_08,16,correlation_only_adaptive,15998,7810,768,2047,True,True
20260884,54,clustered_08,16,state_oracle,15932,10608,0,1331,True,True
20260884,54,clustered_08,16,fixed_q1_oracle_eta,16000,3200,0,3200,True,True
20260884,54,clustered_08,16,fixed_q4_oracle_eta,16000,8000,0,2000,True,True
20260884,54,clustered_08,16,fixed_q8_oracle_eta,15936,10624,0,1328,True,True
20260884,54,clustered_08,16,fixed_q32_oracle_eta,15840,14080,0,440,True,True
20260884,54,balanced_08,16,lyapunov_state_adaptive,15974,4314,768,2915,True,True
20260884,54,balanced_08,16,raw_state_adaptive,15972,4060,768,2978,True,True
20260884,54,balanced_08,16,correlation_only_adaptive,15972,4060,768,2978,True,True
20260884,54,balanced_08,16,state_oracle,15920,8640,0,1820,True,True
20260884,54,balanced_08,16,fixed_q1_oracle_eta,16000,3200,0,3200,True,True
20260884,54,balanced_08,16,fixed_q4_oracle_eta,16000,8000,0,2000,True,True
20260884,54,balanced_08,16,fixed_q8_oracle_eta,15936,10624,0,1328,True,True
20260884,54,balanced_08,16,fixed_q32_oracle_eta,15840,14080,0,440,True,True
20260885,55,independent,4,lyapunov_state_adaptive,15864,11288,768,1144,True,True
20260885,55,independent,4,raw_state_adaptive,15870,10658,768,1303,True,True
20260885,55,independent,4,correlation_only_adaptive,15862,10970,768,1223,True,True
20260885,55,independent,4,state_oracle,15840,14080,0,440,True,True
20260885,55,independent,4,fixed_q1_oracle_eta,16000,3200,0,3200,True,True
20260885,55,independent,4,fixed_q4_oracle_eta,16000,8000,0,2000,True,True
20260885,55,independent,4,fixed_q8_oracle_eta,15936,10624,0,1328,True,True
20260885,55,independent,4,fixed_q32_oracle_eta,15840,14080,0,440,True,True
20260885,55,global_08,4,lyapunov_state_adaptive,15968,3552,768,3104,True,True
20260885,55,global_08,4,raw_state_adaptive,15940,4836,768,2776,True,True
20260885,55,global_08,4,correlation_only_adaptive,15968,3552,768,3104,True,True
20260885,55,global_08,4,state_oracle,15860,12720,0,785,True,True
20260885,55,global_08,4,fixed_q1_oracle_eta,16000,3200,0,3200,True,True
20260885,55,global_08,4,fixed_q4_oracle_eta,16000,8000,0,2000,True,True
20260885,55,global_08,4,fixed_q8_oracle_eta,15936,10624,0,1328,True,True
20260885,55,global_08,4,fixed_q32_oracle_eta,15840,14080,0,440,True,True
20260885,55,clustered_08,4,lyapunov_state_adaptive,15990,6666,768,2331,True,True
20260885,55,clustered_08,4,raw_state_adaptive,15950,6170,768,2445,True,True
20260885,55,clustered_08,4,correlation_only_adaptive,15990,6666,768,2331,True,True
20260885,55,clustered_08,4,state_oracle,15880,12560,0,830,True,True
20260885,55,clustered_08,4,fixed_q1_oracle_eta,16000,3200,0,3200,True,True
20260885,55,clustered_08,4,fixed_q4_oracle_eta,16000,8000,0,2000,True,True
20260885,55,clustered_08,4,fixed_q8_oracle_eta,15936,10624,0,1328,True,True
20260885,55,clustered_08,4,fixed_q32_oracle_eta,15840,14080,0,440,True,True
20260885,55,balanced_08,4,lyapunov_state_adaptive,15968,3552,768,3104,True,True
20260885,55,balanced_08,4,raw_state_adaptive,15940,4836,768,2776,True,True
20260885,55,balanced_08,4,correlation_only_adaptive,15968,3552,768,3104,True,True
20260885,55,balanced_08,4,state_oracle,15860,12720,0,785,True,True
20260885,55,balanced_08,4,fixed_q1_oracle_eta,16000,3200,0,3200,True,True
20260885,55,balanced_08,4,fixed_q4_oracle_eta,16000,8000,0,2000,True,True
20260885,55,balanced_08,4,fixed_q8_oracle_eta,15936,10624,0,1328,True,True
20260885,55,balanced_08,4,fixed_q32_oracle_eta,15840,14080,0,440,True,True
20260885,55,independent,16,lyapunov_state_adaptive,15906,10738,768,1292,True,True
20260885,55,independent,16,raw_state_adaptive,15916,9540,768,1594,True,True
20260885,55,independent,16,correlation_only_adaptive,15924,9228,768,1674,True,True
20260885,55,independent,16,state_oracle,15840,14080,0,440,True,True
20260885,55,independent,16,fixed_q1_oracle_eta,16000,3200,0,3200,True,True
20260885,55,independent,16,fixed_q4_oracle_eta,16000,8000,0,2000,True,True
20260885,55,independent,16,fixed_q8_oracle_eta,15936,10624,0,1328,True,True
20260885,55,independent,16,fixed_q32_oracle_eta,15840,14080,0,440,True,True
20260885,55,global_08,16,lyapunov_state_adaptive,15968,3552,768,3104,True,True
20260885,55,global_08,16,raw_state_adaptive,15940,4836,768,2776,True,True
20260885,55,global_08,16,correlation_only_adaptive,15968,3552,768,3104,True,True
20260885,55,global_08,16,state_oracle,15860,12720,0,785,True,True
20260885,55,global_08,16,fixed_q1_oracle_eta,16000,3200,0,3200,True,True
20260885,55,global_08,16,fixed_q4_oracle_eta,16000,8000,0,2000,True,True
20260885,55,global_08,16,fixed_q8_oracle_eta,15936,10624,0,1328,True,True
20260885,55,global_08,16,fixed_q32_oracle_eta,15840,14080,0,440,True,True
20260885,55,clustered_08,16,lyapunov_state_adaptive,15992,6856,768,2284,True,True
20260885,55,clustered_08,16,raw_state_adaptive,15992,6856,768,2284,True,True
20260885,55,clustered_08,16,correlation_only_adaptive,15992,6856,768,2284,True,True
20260885,55,clustered_08,16,state_oracle,15880,12560,0,830,True,True
20260885,55,clustered_08,16,fixed_q1_oracle_eta,16000,3200,0,3200,True,True
20260885,55,clustered_08,16,fixed_q4_oracle_eta,16000,8000,0,2000,True,True
20260885,55,clustered_08,16,fixed_q8_oracle_eta,15936,10624,0,1328,True,True
20260885,55,clustered_08,16,fixed_q32_oracle_eta,15840,14080,0,440,True,True
20260885,55,balanced_08,16,lyapunov_state_adaptive,15970,3806,768,3041,True,True
20260885,55,balanced_08,16,raw_state_adaptive,15970,3806,768,3041,True,True
20260885,55,balanced_08,16,correlation_only_adaptive,15970,3806,768,3041,True,True
20260885,55,balanced_08,16,state_oracle,15860,12720,0,785,True,True
20260885,55,balanced_08,16,fixed_q1_oracle_eta,16000,3200,0,3200,True,True
20260885,55,balanced_08,16,fixed_q4_oracle_eta,16000,8000,0,2000,True,True
20260885,55,balanced_08,16,fixed_q8_oracle_eta,15936,10624,0,1328,True,True
20260885,55,balanced_08,16,fixed_q32_oracle_eta,15840,14080,0,440,True,True
20260886,56,independent,4,lyapunov_state_adaptive,15896,11936,768,990,True,True
20260886,56,independent,4,raw_state_adaptive,15860,10336,768,1381,True,True
20260886,56,independent,4,correlation_only_adaptive,15896,11936,768,990,True,True
20260886,56,independent,4,state_oracle,15840,14080,0,440,True,True
20260886,56,independent,4,fixed_q1_oracle_eta,16000,3200,0,3200,True,True
20260886,56,independent,4,fixed_q4_oracle_eta,16000,8000,0,2000,True,True
20260886,56,independent,4,fixed_q8_oracle_eta,15936,10624,0,1328,True,True
20260886,56,independent,4,fixed_q32_oracle_eta,15840,14080,0,440,True,True
20260886,56,global_08,4,lyapunov_state_adaptive,15968,3552,768,3104,True,True
20260886,56,global_08,4,raw_state_adaptive,15912,6120,768,2448,True,True
20260886,56,global_08,4,correlation_only_adaptive,15968,3552,768,3104,True,True
20260886,56,global_08,4,state_oracle,15960,5920,0,2510,True,True
20260886,56,global_08,4,fixed_q1_oracle_eta,16000,3200,0,3200,True,True
20260886,56,global_08,4,fixed_q4_oracle_eta,16000,8000,0,2000,True,True
20260886,56,global_08,4,fixed_q8_oracle_eta,15936,10624,0,1328,True,True
20260886,56,global_08,4,fixed_q32_oracle_eta,15840,14080,0,440,True,True
20260886,56,clustered_08,4,lyapunov_state_adaptive,16000,8128,768,1968,True,True
20260886,56,clustered_08,4,raw_state_adaptive,16000,8128,768,1968,True,True
20260886,56,clustered_08,4,correlation_only_adaptive,16000,8128,768,1968,True,True
20260886,56,clustered_08,4,state_oracle,15880,12560,0,830,True,True
20260886,56,clustered_08,4,fixed_q1_oracle_eta,16000,3200,0,3200,True,True
20260886,56,clustered_08,4,fixed_q4_oracle_eta,16000,8000,0,2000,True,True
20260886,56,clustered_08,4,fixed_q8_oracle_eta,15936,10624,0,1328,True,True
20260886,56,clustered_08,4,fixed_q32_oracle_eta,15840,14080,0,440,True,True
20260886,56,balanced_08,4,lyapunov_state_adaptive,15974,4378,768,2899,True,True
20260886,56,balanced_08,4,raw_state_adaptive,15946,5662,768,2571,True,True
20260886,56,balanced_08,4,correlation_only_adaptive,15974,4378,768,2899,True,True
20260886,56,balanced_08,4,state_oracle,15960,5920,0,2510,True,True
20260886,56,balanced_08,4,fixed_q1_oracle_eta,16000,3200,0,3200,True,True
20260886,56,balanced_08,4,fixed_q4_oracle_eta,16000,8000,0,2000,True,True
20260886,56,balanced_08,4,fixed_q8_oracle_eta,15936,10624,0,1328,True,True
20260886,56,balanced_08,4,fixed_q32_oracle_eta,15840,14080,0,440,True,True
20260886,56,independent,16,lyapunov_state_adaptive,15948,10032,768,1479,True,True
20260886,56,independent,16,raw_state_adaptive,15914,10426,768,1372,True,True
20260886,56,independent,16,correlation_only_adaptive,15978,4886,768,2773,True,True
20260886,56,independent,16,state_oracle,15840,14080,0,440,True,True
20260886,56,independent,16,fixed_q1_oracle_eta,16000,3200,0,3200,True,True
20260886,56,independent,16,fixed_q4_oracle_eta,16000,8000,0,2000,True,True
20260886,56,independent,16,fixed_q8_oracle_eta,15936,10624,0,1328,True,True
20260886,56,independent,16,fixed_q32_oracle_eta,15840,14080,0,440,True,True
20260886,56,global_08,16,lyapunov_state_adaptive,15972,4124,768,2962,True,True
20260886,56,global_08,16,raw_state_adaptive,15944,5408,768,2634,True,True
20260886,56,global_08,16,correlation_only_adaptive,15972,4124,768,2962,True,True
20260886,56,global_08,16,state_oracle,15960,5920,0,2510,True,True
20260886,56,global_08,16,fixed_q1_oracle_eta,16000,3200,0,3200,True,True
20260886,56,global_08,16,fixed_q4_oracle_eta,16000,8000,0,2000,True,True
20260886,56,global_08,16,fixed_q8_oracle_eta,15936,10624,0,1328,True,True
20260886,56,global_08,16,fixed_q32_oracle_eta,15840,14080,0,440,True,True
20260886,56,clustered_08,16,lyapunov_state_adaptive,15982,5522,768,2615,True,True
20260886,56,clustered_08,16,raw_state_adaptive,15994,7174,768,2205,True,True
20260886,56,clustered_08,16,correlation_only_adaptive,15994,7174,768,2205,True,True
20260886,56,clustered_08,16,state_oracle,15880,12560,0,830,True,True
20260886,56,clustered_08,16,fixed_q1_oracle_eta,16000,3200,0,3200,True,True
20260886,56,clustered_08,16,fixed_q4_oracle_eta,16000,8000,0,2000,True,True
20260886,56,clustered_08,16,fixed_q8_oracle_eta,15936,10624,0,1328,True,True
20260886,56,clustered_08,16,fixed_q32_oracle_eta,15840,14080,0,440,True,True
20260886,56,balanced_08,16,lyapunov_state_adaptive,15974,4378,768,2899,True,True
20260886,56,balanced_08,16,raw_state_adaptive,15974,4378,768,2899,True,True
20260886,56,balanced_08,16,correlation_only_adaptive,15974,4378,768,2899,True,True
20260886,56,balanced_08,16,state_oracle,15960,5920,0,2510,True,True
20260886,56,balanced_08,16,fixed_q1_oracle_eta,16000,3200,0,3200,True,True
20260886,56,balanced_08,16,fixed_q4_oracle_eta,16000,8000,0,2000,True,True
20260886,56,balanced_08,16,fixed_q8_oracle_eta,15936,10624,0,1328,True,True
20260886,56,balanced_08,16,fixed_q32_oracle_eta,15840,14080,0,440,True,True
20260887,57,independent,4,lyapunov_state_adaptive,15918,6882,768,2259,True,True
20260887,57,independent,4,raw_state_adaptive,15886,10190,768,1424,True,True
20260887,57,independent,4,correlation_only_adaptive,15918,6882,768,2259,True,True
20260887,57,independent,4,state_oracle,15840,14080,0,440,True,True
20260887,57,independent,4,fixed_q1_oracle_eta,16000,3200,0,3200,True,True
20260887,57,independent,4,fixed_q4_oracle_eta,16000,8000,0,2000,True,True
20260887,57,independent,4,fixed_q8_oracle_eta,15936,10624,0,1328,True,True
20260887,57,independent,4,fixed_q32_oracle_eta,15840,14080,0,440,True,True
20260887,57,global_08,4,lyapunov_state_adaptive,15968,3552,768,3104,True,True
20260887,57,global_08,4,raw_state_adaptive,15912,6120,768,2448,True,True
20260887,57,global_08,4,correlation_only_adaptive,15968,3552,768,3104,True,True
20260887,57,global_08,4,state_oracle,15900,10000,0,1475,True,True
20260887,57,global_08,4,fixed_q1_oracle_eta,16000,3200,0,3200,True,True
20260887,57,global_08,4,fixed_q4_oracle_eta,16000,8000,0,2000,True,True
20260887,57,global_08,4,fixed_q8_oracle_eta,15936,10624,0,1328,True,True
20260887,57,global_08,4,fixed_q32_oracle_eta,15840,14080,0,440,True,True
20260887,57,clustered_08,4,lyapunov_state_adaptive,15986,6030,768,2489,True,True
20260887,57,clustered_08,4,raw_state_adaptive,15934,9234,768,1675,True,True
20260887,57,clustered_08,4,correlation_only_adaptive,15986,6030,768,2489,True,True
20260887,57,clustered_08,4,state_oracle,15980,8760,0,1805,True,True
20260887,57,clustered_08,4,fixed_q1_oracle_eta,16000,3200,0,3200,True,True
20260887,57,clustered_08,4,fixed_q4_oracle_eta,16000,8000,0,2000,True,True
20260887,57,clustered_08,4,fixed_q8_oracle_eta,15936,10624,0,1328,True,True
20260887,57,clustered_08,4,fixed_q32_oracle_eta,15840,14080,0,440,True,True
20260887,57,balanced_08,4,lyapunov_state_adaptive,15976,4696,768,2820,True,True
20260887,57,balanced_08,4,raw_state_adaptive,15918,6946,768,2243,True,True
20260887,57,balanced_08,4,correlation_only_adaptive,15976,4696,768,2820,True,True
20260887,57,balanced_08,4,state_oracle,15880,11360,0,1130,True,True
20260887,57,balanced_08,4,fixed_q1_oracle_eta,16000,3200,0,3200,True,True
20260887,57,balanced_08,4,fixed_q4_oracle_eta,16000,8000,0,2000,True,True
20260887,57,balanced_08,4,fixed_q8_oracle_eta,15936,10624,0,1328,True,True
20260887,57,balanced_08,4,fixed_q32_oracle_eta,15840,14080,0,440,True,True
20260887,57,independent,16,lyapunov_state_adaptive,15882,11138,768,1186,True,True
20260887,57,independent,16,raw_state_adaptive,15882,11138,768,1186,True,True
20260887,57,independent,16,correlation_only_adaptive,15882,11138,768,1186,True,True
20260887,57,independent,16,state_oracle,15840,14080,0,440,True,True
20260887,57,independent,16,fixed_q1_oracle_eta,16000,3200,0,3200,True,True
20260887,57,independent,16,fixed_q4_oracle_eta,16000,8000,0,2000,True,True
20260887,57,independent,16,fixed_q8_oracle_eta,15936,10624,0,1328,True,True
20260887,57,independent,16,fixed_q32_oracle_eta,15840,14080,0,440,True,True
20260887,57,global_08,16,lyapunov_state_adaptive,15968,3552,768,3104,True,True
20260887,57,global_08,16,raw_state_adaptive,15968,3552,768,3104,True,True
20260887,57,global_08,16,correlation_only_adaptive,15968,3552,768,3104,True,True
20260887,57,global_08,16,state_oracle,15900,10000,0,1475,True,True
20260887,57,global_08,16,fixed_q1_oracle_eta,16000,3200,0,3200,True,True
20260887,57,global_08,16,fixed_q4_oracle_eta,16000,8000,0,2000,True,True
20260887,57,global_08,16,fixed_q8_oracle_eta,15936,10624,0,1328,True,True
20260887,57,global_08,16,fixed_q32_oracle_eta,15840,14080,0,440,True,True
20260887,57,clustered_08,16,lyapunov_state_adaptive,15994,7174,768,2205,True,True
20260887,57,clustered_08,16,raw_state_adaptive,15964,8204,768,1940,True,True
20260887,57,clustered_08,16,correlation_only_adaptive,15994,7174,768,2205,True,True
20260887,57,clustered_08,16,state_oracle,15980,8760,0,1805,True,True
20260887,57,clustered_08,16,fixed_q1_oracle_eta,16000,3200,0,3200,True,True
20260887,57,clustered_08,16,fixed_q4_oracle_eta,16000,8000,0,2000,True,True
20260887,57,clustered_08,16,fixed_q8_oracle_eta,15936,10624,0,1328,True,True
20260887,57,clustered_08,16,fixed_q32_oracle_eta,15840,14080,0,440,True,True
20260887,57,balanced_08,16,lyapunov_state_adaptive,15974,4314,768,2915,True,True
20260887,57,balanced_08,16,raw_state_adaptive,15914,6374,768,2385,True,True
20260887,57,balanced_08,16,correlation_only_adaptive,15976,4632,768,2836,True,True
20260887,57,balanced_08,16,state_oracle,15900,10000,0,1475,True,True
20260887,57,balanced_08,16,fixed_q1_oracle_eta,16000,3200,0,3200,True,True
20260887,57,balanced_08,16,fixed_q4_oracle_eta,16000,8000,0,2000,True,True
20260887,57,balanced_08,16,fixed_q8_oracle_eta,15936,10624,0,1328,True,True
20260887,57,balanced_08,16,fixed_q32_oracle_eta,15840,14080,0,440,True,True
20260888,58,independent,4,lyapunov_state_adaptive,15792,13024,768,692,True,True
20260888,58,independent,4,raw_state_adaptive,15792,13024,768,692,True,True
20260888,58,independent,4,correlation_only_adaptive,15792,13024,768,692,True,True
20260888,58,independent,4,state_oracle,15840,14080,0,440,True,True
20260888,58,independent,4,fixed_q1_oracle_eta,16000,3200,0,3200,True,True
20260888,58,independent,4,fixed_q4_oracle_eta,16000,8000,0,2000,True,True
20260888,58,independent,4,fixed_q8_oracle_eta,15936,10624,0,1328,True,True
20260888,58,independent,4,fixed_q32_oracle_eta,15840,14080,0,440,True,True
20260888,58,global_08,4,lyapunov_state_adaptive,15968,3552,768,3104,True,True
20260888,58,global_08,4,raw_state_adaptive,15940,4836,768,2776,True,True
20260888,58,global_08,4,correlation_only_adaptive,15968,3552,768,3104,True,True
20260888,58,global_08,4,state_oracle,15880,11360,0,1130,True,True
20260888,58,global_08,4,fixed_q1_oracle_eta,16000,3200,0,3200,True,True
20260888,58,global_08,4,fixed_q4_oracle_eta,16000,8000,0,2000,True,True
20260888,58,global_08,4,fixed_q8_oracle_eta,15936,10624,0,1328,True,True
20260888,58,global_08,4,fixed_q32_oracle_eta,15840,14080,0,440,True,True
20260888,58,clustered_08,4,lyapunov_state_adaptive,15998,7810,768,2047,True,True
20260888,58,clustered_08,4,raw_state_adaptive,15968,8840,768,1782,True,True
20260888,58,clustered_08,4,correlation_only_adaptive,15998,7810,768,2047,True,True
20260888,58,clustered_08,4,state_oracle,15900,11800,0,1025,True,True
20260888,58,clustered_08,4,fixed_q1_oracle_eta,16000,3200,0,3200,True,True
20260888,58,clustered_08,4,fixed_q4_oracle_eta,16000,8000,0,2000,True,True
20260888,58,clustered_08,4,fixed_q8_oracle_eta,15936,10624,0,1328,True,True
20260888,58,clustered_08,4,fixed_q32_oracle_eta,15840,14080,0,440,True,True
20260888,58,balanced_08,4,lyapunov_state_adaptive,15982,5394,768,2647,True,True
20260888,58,balanced_08,4,raw_state_adaptive,15952,6488,768,2366,True,True
20260888,58,balanced_08,4,correlation_only_adaptive,15978,4950,768,2757,True,True
20260888,58,balanced_08,4,state_oracle,15880,11360,0,1130,True,True
20260888,58,balanced_08,4,fixed_q1_oracle_eta,16000,3200,0,3200,True,True
20260888,58,balanced_08,4,fixed_q4_oracle_eta,16000,8000,0,2000,True,True
20260888,58,balanced_08,4,fixed_q8_oracle_eta,15936,10624,0,1328,True,True
20260888,58,balanced_08,4,fixed_q32_oracle_eta,15840,14080,0,440,True,True
20260888,58,independent,16,lyapunov_state_adaptive,15968,9376,768,1648,True,True
20260888,58,independent,16,raw_state_adaptive,15968,9376,768,1648,True,True
20260888,58,independent,16,correlation_only_adaptive,15980,8116,768,1966,True,True
20260888,58,independent,16,state_oracle,15840,14080,0,440,True,True
20260888,58,independent,16,fixed_q1_oracle_eta,16000,3200,0,3200,True,True
20260888,58,independent,16,fixed_q4_oracle_eta,16000,8000,0,2000,True,True
20260888,58,independent,16,fixed_q8_oracle_eta,15936,10624,0,1328,True,True
20260888,58,independent,16,fixed_q32_oracle_eta,15840,14080,0,440,True,True
20260888,58,global_08,16,lyapunov_state_adaptive,15968,3552,768,3104,True,True
20260888,58,global_08,16,raw_state_adaptive,15968,3552,768,3104,True,True
20260888,58,global_08,16,correlation_only_adaptive,15968,3552,768,3104,True,True
20260888,58,global_08,16,state_oracle,15880,11360,0,1130,True,True
20260888,58,global_08,16,fixed_q1_oracle_eta,16000,3200,0,3200,True,True
20260888,58,global_08,16,fixed_q4_oracle_eta,16000,8000,0,2000,True,True
20260888,58,global_08,16,fixed_q8_oracle_eta,15936,10624,0,1328,True,True
20260888,58,global_08,16,fixed_q32_oracle_eta,15840,14080,0,440,True,True
20260888,58,clustered_08,16,lyapunov_state_adaptive,15982,5458,768,2631,True,True
20260888,58,clustered_08,16,raw_state_adaptive,15982,5458,768,2631,True,True
20260888,58,clustered_08,16,correlation_only_adaptive,15982,5458,768,2631,True,True
20260888,58,clustered_08,16,state_oracle,15920,11040,0,1220,True,True
20260888,58,clustered_08,16,fixed_q1_oracle_eta,16000,3200,0,3200,True,True
20260888,58,clustered_08,16,fixed_q4_oracle_eta,16000,8000,0,2000,True,True
20260888,58,clustered_08,16,fixed_q8_oracle_eta,15936,10624,0,1328,True,True
20260888,58,clustered_08,16,fixed_q32_oracle_eta,15840,14080,0,440,True,True
20260888,58,balanced_08,16,lyapunov_state_adaptive,15968,3552,768,3104,True,True
20260888,58,balanced_08,16,raw_state_adaptive,15968,3552,768,3104,True,True
20260888,58,balanced_08,16,correlation_only_adaptive,15968,3552,768,3104,True,True
20260888,58,balanced_08,16,state_oracle,15880,11360,0,1130,True,True
20260888,58,balanced_08,16,fixed_q1_oracle_eta,16000,3200,0,3200,True,True
20260888,58,balanced_08,16,fixed_q4_oracle_eta,16000,8000,0,2000,True,True
20260888,58,balanced_08,16,fixed_q8_oracle_eta,15936,10624,0,1328,True,True
20260888,58,balanced_08,16,fixed_q32_oracle_eta,15840,14080,0,440,True,True
20260889,59,independent,4,lyapunov_state_adaptive,15926,8026,768,1975,True,True
20260889,59,independent,4,raw_state_adaptive,15930,9802,768,1532,True,True
20260889,59,independent,4,correlation_only_adaptive,15910,9790,768,1530,True,True
20260889,59,independent,4,state_oracle,15840,14080,0,440,True,True
20260889,59,independent,4,fixed_q1_oracle_eta,16000,3200,0,3200,True,True
20260889,59,independent,4,fixed_q4_oracle_eta,16000,8000,0,2000,True,True
20260889,59,independent,4,fixed_q8_oracle_eta,15936,10624,0,1328,True,True
20260889,59,independent,4,fixed_q32_oracle_eta,15840,14080,0,440,True,True
20260889,59,global_08,4,lyapunov_state_adaptive,15968,3552,768,3104,True,True
20260889,59,global_08,4,raw_state_adaptive,15912,6120,768,2448,True,True
20260889,59,global_08,4,correlation_only_adaptive,15968,3552,768,3104,True,True
20260889,59,global_08,4,state_oracle,15880,11360,0,1130,True,True
20260889,59,global_08,4,fixed_q1_oracle_eta,16000,3200,0,3200,True,True
20260889,59,global_08,4,fixed_q4_oracle_eta,16000,8000,0,2000,True,True
20260889,59,global_08,4,fixed_q8_oracle_eta,15936,10624,0,1328,True,True
20260889,59,global_08,4,fixed_q32_oracle_eta,15840,14080,0,440,True,True
20260889,59,clustered_08,4,lyapunov_state_adaptive,15996,7556,768,2110,True,True
20260889,59,clustered_08,4,raw_state_adaptive,15996,7556,768,2110,True,True
20260889,59,clustered_08,4,correlation_only_adaptive,15996,7556,768,2110,True,True
20260889,59,clustered_08,4,state_oracle,15972,9688,0,1571,True,True
20260889,59,clustered_08,4,fixed_q1_oracle_eta,16000,3200,0,3200,True,True
20260889,59,clustered_08,4,fixed_q4_oracle_eta,16000,8000,0,2000,True,True
20260889,59,clustered_08,4,fixed_q8_oracle_eta,15936,10624,0,1328,True,True
20260889,59,clustered_08,4,fixed_q32_oracle_eta,15840,14080,0,440,True,True
20260889,59,balanced_08,4,lyapunov_state_adaptive,15974,4378,768,2899,True,True
20260889,59,balanced_08,4,raw_state_adaptive,15920,7200,768,2180,True,True
20260889,59,balanced_08,4,correlation_only_adaptive,15978,4886,768,2773,True,True
20260889,59,balanced_08,4,state_oracle,15880,11360,0,1130,True,True
20260889,59,balanced_08,4,fixed_q1_oracle_eta,16000,3200,0,3200,True,True
20260889,59,balanced_08,4,fixed_q4_oracle_eta,16000,8000,0,2000,True,True
20260889,59,balanced_08,4,fixed_q8_oracle_eta,15936,10624,0,1328,True,True
20260889,59,balanced_08,4,fixed_q32_oracle_eta,15840,14080,0,440,True,True
20260889,59,independent,16,lyapunov_state_adaptive,15944,8256,768,1922,True,True
20260889,59,independent,16,raw_state_adaptive,15798,12394,768,851,True,True
20260889,59,independent,16,correlation_only_adaptive,15944,8256,768,1922,True,True
20260889,59,independent,16,state_oracle,15840,14080,0,440,True,True
20260889,59,independent,16,fixed_q1_oracle_eta,16000,3200,0,3200,True,True
20260889,59,independent,16,fixed_q4_oracle_eta,16000,8000,0,2000,True,True
20260889,59,independent,16,fixed_q8_oracle_eta,15936,10624,0,1328,True,True
20260889,59,independent,16,fixed_q32_oracle_eta,15840,14080,0,440,True,True
20260889,59,global_08,16,lyapunov_state_adaptive,15968,3552,768,3104,True,True
20260889,59,global_08,16,raw_state_adaptive,15912,6120,768,2448,True,True
20260889,59,global_08,16,correlation_only_adaptive,15968,3552,768,3104,True,True
20260889,59,global_08,16,state_oracle,15880,11360,0,1130,True,True
20260889,59,global_08,16,fixed_q1_oracle_eta,16000,3200,0,3200,True,True
20260889,59,global_08,16,fixed_q4_oracle_eta,16000,8000,0,2000,True,True
20260889,59,global_08,16,fixed_q8_oracle_eta,15936,10624,0,1328,True,True
20260889,59,global_08,16,fixed_q32_oracle_eta,15840,14080,0,440,True,True
20260889,59,clustered_08,16,lyapunov_state_adaptive,15998,7810,768,2047,True,True
20260889,59,clustered_08,16,raw_state_adaptive,15956,7060,768,2224,True,True
20260889,59,clustered_08,16,correlation_only_adaptive,15998,7810,768,2047,True,True
20260889,59,clustered_08,16,state_oracle,15920,11040,0,1220,True,True
20260889,59,clustered_08,16,fixed_q1_oracle_eta,16000,3200,0,3200,True,True
20260889,59,clustered_08,16,fixed_q4_oracle_eta,16000,8000,0,2000,True,True
20260889,59,clustered_08,16,fixed_q8_oracle_eta,15936,10624,0,1328,True,True
20260889,59,clustered_08,16,fixed_q32_oracle_eta,15840,14080,0,440,True,True
20260889,59,balanced_08,16,lyapunov_state_adaptive,15970,3806,768,3041,True,True
20260889,59,balanced_08,16,raw_state_adaptive,15972,4124,768,2962,True,True
20260889,59,balanced_08,16,correlation_only_adaptive,15970,3806,768,3041,True,True
20260889,59,balanced_08,16,state_oracle,15880,11360,0,1130,True,True
20260889,59,balanced_08,16,fixed_q1_oracle_eta,16000,3200,0,3200,True,True
20260889,59,balanced_08,16,fixed_q4_oracle_eta,16000,8000,0,2000,True,True
20260889,59,balanced_08,16,fixed_q8_oracle_eta,15936,10624,0,1328,True,True
20260889,59,balanced_08,16,fixed_q32_oracle_eta,15840,14080,0,440,True,True
20260890,60,independent,4,lyapunov_state_adaptive,15882,9934,768,1487,True,True
20260890,60,independent,4,raw_state_adaptive,15968,7476,768,2123,True,True
20260890,60,independent,4,correlation_only_adaptive,15882,9934,768,1487,True,True
20260890,60,independent,4,state_oracle,15840,14080,0,440,True,True
20260890,60,independent,4,fixed_q1_oracle_eta,16000,3200,0,3200,True,True
20260890,60,independent,4,fixed_q4_oracle_eta,16000,8000,0,2000,True,True
20260890,60,independent,4,fixed_q8_oracle_eta,15936,10624,0,1328,True,True
20260890,60,independent,4,fixed_q32_oracle_eta,15840,14080,0,440,True,True
20260890,60,global_08,4,lyapunov_state_adaptive,15968,3552,768,3104,True,True
20260890,60,global_08,4,raw_state_adaptive,15968,3552,768,3104,True,True
20260890,60,global_08,4,correlation_only_adaptive,15968,3552,768,3104,True,True
20260890,60,global_08,4,state_oracle,15880,11360,0,1130,True,True
20260890,60,global_08,4,fixed_q1_oracle_eta,16000,3200,0,3200,True,True
20260890,60,global_08,4,fixed_q4_oracle_eta,16000,8000,0,2000,True,True
20260890,60,global_08,4,fixed_q8_oracle_eta,15936,10624,0,1328,True,True
20260890,60,global_08,4,fixed_q32_oracle_eta,15840,14080,0,440,True,True
20260890,60,clustered_08,4,lyapunov_state_adaptive,15992,6856,768,2284,True,True
20260890,60,clustered_08,4,raw_state_adaptive,15992,6856,768,2284,True,True
20260890,60,clustered_08,4,correlation_only_adaptive,15990,6538,768,2363,True,True
20260890,60,clustered_08,4,state_oracle,15892,12128,0,941,True,True
20260890,60,clustered_08,4,fixed_q1_oracle_eta,16000,3200,0,3200,True,True
20260890,60,clustered_08,4,fixed_q4_oracle_eta,16000,8000,0,2000,True,True
20260890,60,clustered_08,4,fixed_q8_oracle_eta,15936,10624,0,1328,True,True
20260890,60,clustered_08,4,fixed_q32_oracle_eta,15840,14080,0,440,True,True
20260890,60,balanced_08,4,lyapunov_state_adaptive,15974,4378,768,2899,True,True
20260890,60,balanced_08,4,raw_state_adaptive,15954,6806,768,2287,True,True
20260890,60,balanced_08,4,correlation_only_adaptive,15974,4378,768,2899,True,True
20260890,60,balanced_08,4,state_oracle,15880,11360,0,1130,True,True
20260890,60,balanced_08,4,fixed_q1_oracle_eta,16000,3200,0,3200,True,True
20260890,60,balanced_08,4,fixed_q4_oracle_eta,16000,8000,0,2000,True,True
20260890,60,balanced_08,4,fixed_q8_oracle_eta,15936,10624,0,1328,True,True
20260890,60,balanced_08,4,fixed_q32_oracle_eta,15840,14080,0,440,True,True
20260890,60,independent,16,lyapunov_state_adaptive,15912,7512,768,2100,True,True
20260890,60,independent,16,raw_state_adaptive,15928,8408,768,1880,True,True
20260890,60,independent,16,correlation_only_adaptive,15912,7512,768,2100,True,True
20260890,60,independent,16,state_oracle,15840,14080,0,440,True,True
20260890,60,independent,16,fixed_q1_oracle_eta,16000,3200,0,3200,True,True
20260890,60,independent,16,fixed_q4_oracle_eta,16000,8000,0,2000,True,True
20260890,60,independent,16,fixed_q8_oracle_eta,15936,10624,0,1328,True,True
20260890,60,independent,16,fixed_q32_oracle_eta,15840,14080,0,440,True,True
20260890,60,global_08,16,lyapunov_state_adaptive,15968,3552,768,3104,True,True
20260890,60,global_08,16,raw_state_adaptive,15940,4836,768,2776,True,True
20260890,60,global_08,16,correlation_only_adaptive,15968,3552,768,3104,True,True
20260890,60,global_08,16,state_oracle,15880,11360,0,1130,True,True
20260890,60,global_08,16,fixed_q1_oracle_eta,16000,3200,0,3200,True,True
20260890,60,global_08,16,fixed_q4_oracle_eta,16000,8000,0,2000,True,True
20260890,60,global_08,16,fixed_q8_oracle_eta,15936,10624,0,1328,True,True
20260890,60,global_08,16,fixed_q32_oracle_eta,15840,14080,0,440,True,True
20260890,60,clustered_08,16,lyapunov_state_adaptive,15992,6856,768,2284,True,True
20260890,60,clustered_08,16,raw_state_adaptive,15962,7886,768,2019,True,True
20260890,60,clustered_08,16,correlation_only_adaptive,15992,6856,768,2284,True,True
20260890,60,clustered_08,16,state_oracle,15860,13320,0,635,True,True
20260890,60,clustered_08,16,fixed_q1_oracle_eta,16000,3200,0,3200,True,True
20260890,60,clustered_08,16,fixed_q4_oracle_eta,16000,8000,0,2000,True,True
20260890,60,clustered_08,16,fixed_q8_oracle_eta,15936,10624,0,1328,True,True
20260890,60,clustered_08,16,fixed_q32_oracle_eta,15840,14080,0,440,True,True
20260890,60,balanced_08,16,lyapunov_state_adaptive,15968,3552,768,3104,True,True
20260890,60,balanced_08,16,raw_state_adaptive,15884,7404,768,2120,True,True
20260890,60,balanced_08,16,correlation_only_adaptive,15968,3552,768,3104,True,True
20260890,60,balanced_08,16,state_oracle,15880,11360,0,1130,True,True
20260890,60,balanced_08,16,fixed_q1_oracle_eta,16000,3200,0,3200,True,True
20260890,60,balanced_08,16,fixed_q4_oracle_eta,16000,8000,0,2000,True,True
20260890,60,balanced_08,16,fixed_q8_oracle_eta,15936,10624,0,1328,True,True
20260890,60,balanced_08,16,fixed_q32_oracle_eta,15840,14080,0,440,True,True
20260891,61,independent,4,lyapunov_state_adaptive,15918,9542,768,1594,True,True
20260891,61,independent,4,raw_state_adaptive,15844,12480,768,841,True,True
20260891,61,independent,4,correlation_only_adaptive,15918,9542,768,1594,True,True
20260891,61,independent,4,state_oracle,15840,14080,0,440,True,True
20260891,61,independent,4,fixed_q1_oracle_eta,16000,3200,0,3200,True,True
20260891,61,independent,4,fixed_q4_oracle_eta,16000,8000,0,2000,True,True
20260891,61,independent,4,fixed_q8_oracle_eta,15936,10624,0,1328,True,True
20260891,61,independent,4,fixed_q32_oracle_eta,15840,14080,0,440,True,True
20260891,61,global_08,4,lyapunov_state_adaptive,15968,3552,768,3104,True,True
20260891,61,global_08,4,raw_state_adaptive,15940,4836,768,2776,True,True
20260891,61,global_08,4,correlation_only_adaptive,15968,3552,768,3104,True,True
20260891,61,global_08,4,state_oracle,15900,10000,0,1475,True,True
20260891,61,global_08,4,fixed_q1_oracle_eta,16000,3200,0,3200,True,True
20260891,61,global_08,4,fixed_q4_oracle_eta,16000,8000,0,2000,True,True
20260891,61,global_08,4,fixed_q8_oracle_eta,15936,10624,0,1328,True,True
20260891,61,global_08,4,fixed_q32_oracle_eta,15840,14080,0,440,True,True
20260891,61,clustered_08,4,lyapunov_state_adaptive,16000,8128,768,1968,True,True
20260891,61,clustered_08,4,raw_state_adaptive,15930,8598,768,1833,True,True
20260891,61,clustered_08,4,correlation_only_adaptive,16000,8128,768,1968,True,True
20260891,61,clustered_08,4,state_oracle,15880,12560,0,830,True,True
20260891,61,clustered_08,4,fixed_q1_oracle_eta,16000,3200,0,3200,True,True
20260891,61,clustered_08,4,fixed_q4_oracle_eta,16000,8000,0,2000,True,True
20260891,61,clustered_08,4,fixed_q8_oracle_eta,15936,10624,0,1328,True,True
20260891,61,clustered_08,4,fixed_q32_oracle_eta,15840,14080,0,440,True,True
20260891,61,balanced_08,4,lyapunov_state_adaptive,15972,4124,768,2962,True,True
20260891,61,balanced_08,4,raw_state_adaptive,15972,4124,768,2962,True,True
20260891,61,balanced_08,4,correlation_only_adaptive,15972,4124,768,2962,True,True
20260891,61,balanced_08,4,state_oracle,15920,8640,0,1820,True,True
20260891,61,balanced_08,4,fixed_q1_oracle_eta,16000,3200,0,3200,True,True
20260891,61,balanced_08,4,fixed_q4_oracle_eta,16000,8000,0,2000,True,True
20260891,61,balanced_08,4,fixed_q8_oracle_eta,15936,10624,0,1328,True,True
20260891,61,balanced_08,4,fixed_q32_oracle_eta,15840,14080,0,440,True,True
20260891,61,independent,16,lyapunov_state_adaptive,15986,7170,768,2204,True,True
20260891,61,independent,16,raw_state_adaptive,15924,9228,768,1674,True,True
20260891,61,independent,16,correlation_only_adaptive,15928,8280,768,1912,True,True
20260891,61,independent,16,state_oracle,15840,14080,0,440,True,True
20260891,61,independent,16,fixed_q1_oracle_eta,16000,3200,0,3200,True,True
20260891,61,independent,16,fixed_q4_oracle_eta,16000,8000,0,2000,True,True
20260891,61,independent,16,fixed_q8_oracle_eta,15936,10624,0,1328,True,True
20260891,61,independent,16,fixed_q32_oracle_eta,15840,14080,0,440,True,True
20260891,61,global_08,16,lyapunov_state_adaptive,15968,3552,768,3104,True,True
20260891,61,global_08,16,raw_state_adaptive,15940,4836,768,2776,True,True
20260891,61,global_08,16,correlation_only_adaptive,15968,3552,768,3104,True,True
20260891,61,global_08,16,state_oracle,15920,8640,0,1820,True,True
20260891,61,global_08,16,fixed_q1_oracle_eta,16000,3200,0,3200,True,True
20260891,61,global_08,16,fixed_q4_oracle_eta,16000,8000,0,2000,True,True
20260891,61,global_08,16,fixed_q8_oracle_eta,15936,10624,0,1328,True,True
20260891,61,global_08,16,fixed_q32_oracle_eta,15840,14080,0,440,True,True
20260891,61,clustered_08,16,lyapunov_state_adaptive,15978,4950,768,2757,True,True
20260891,61,clustered_08,16,raw_state_adaptive,15980,5204,768,2694,True,True
20260891,61,clustered_08,16,correlation_only_adaptive,15978,4950,768,2757,True,True
20260891,61,clustered_08,16,state_oracle,15860,13320,0,635,True,True
20260891,61,clustered_08,16,fixed_q1_oracle_eta,16000,3200,0,3200,True,True
20260891,61,clustered_08,16,fixed_q4_oracle_eta,16000,8000,0,2000,True,True
20260891,61,clustered_08,16,fixed_q8_oracle_eta,15936,10624,0,1328,True,True
20260891,61,clustered_08,16,fixed_q32_oracle_eta,15840,14080,0,440,True,True
20260891,61,balanced_08,16,lyapunov_state_adaptive,15968,3552,768,3104,True,True
20260891,61,balanced_08,16,raw_state_adaptive,15914,6374,768,2385,True,True
20260891,61,balanced_08,16,correlation_only_adaptive,15978,4950,768,2757,True,True
20260891,61,balanced_08,16,state_oracle,15920,8640,0,1820,True,True
20260891,61,balanced_08,16,fixed_q1_oracle_eta,16000,3200,0,3200,True,True
20260891,61,balanced_08,16,fixed_q4_oracle_eta,16000,8000,0,2000,True,True
20260891,61,balanced_08,16,fixed_q8_oracle_eta,15936,10624,0,1328,True,True
20260891,61,balanced_08,16,fixed_q32_oracle_eta,15840,14080,0,440,True,True
20260892,62,independent,4,lyapunov_state_adaptive,15828,12568,768,815,True,True
20260892,62,independent,4,raw_state_adaptive,15828,12568,768,815,True,True
20260892,62,independent,4,correlation_only_adaptive,15828,12568,768,815,True,True
20260892,62,independent,4,state_oracle,15840,14080,0,440,True,True
20260892,62,independent,4,fixed_q1_oracle_eta,16000,3200,0,3200,True,True
20260892,62,independent,4,fixed_q4_oracle_eta,16000,8000,0,2000,True,True
20260892,62,independent,4,fixed_q8_oracle_eta,15936,10624,0,1328,True,True
20260892,62,independent,4,fixed_q32_oracle_eta,15840,14080,0,440,True,True
20260892,62,global_08,4,lyapunov_state_adaptive,15968,3552,768,3104,True,True
20260892,62,global_08,4,raw_state_adaptive,15940,4836,768,2776,True,True
20260892,62,global_08,4,correlation_only_adaptive,15968,3552,768,3104,True,True
20260892,62,global_08,4,state_oracle,15880,11360,0,1130,True,True
20260892,62,global_08,4,fixed_q1_oracle_eta,16000,3200,0,3200,True,True
20260892,62,global_08,4,fixed_q4_oracle_eta,16000,8000,0,2000,True,True
20260892,62,global_08,4,fixed_q8_oracle_eta,15936,10624,0,1328,True,True
20260892,62,global_08,4,fixed_q32_oracle_eta,15840,14080,0,440,True,True
20260892,62,clustered_08,4,lyapunov_state_adaptive,15990,6538,768,2363,True,True
20260892,62,clustered_08,4,raw_state_adaptive,15930,8598,768,1833,True,True
20260892,62,clustered_08,4,correlation_only_adaptive,15990,6538,768,2363,True,True
20260892,62,clustered_08,4,state_oracle,15940,10280,0,1415,True,True
20260892,62,clustered_08,4,fixed_q1_oracle_eta,16000,3200,0,3200,True,True
20260892,62,clustered_08,4,fixed_q4_oracle_eta,16000,8000,0,2000,True,True
20260892,62,clustered_08,4,fixed_q8_oracle_eta,15936,10624,0,1328,True,True
20260892,62,clustered_08,4,fixed_q32_oracle_eta,15840,14080,0,440,True,True
20260892,62,balanced_08,4,lyapunov_state_adaptive,15972,4060,768,2978,True,True
20260892,62,balanced_08,4,raw_state_adaptive,15944,5344,768,2650,True,True
20260892,62,balanced_08,4,correlation_only_adaptive,15972,4060,768,2978,True,True
20260892,62,balanced_08,4,state_oracle,15880,11360,0,1130,True,True
20260892,62,balanced_08,4,fixed_q1_oracle_eta,16000,3200,0,3200,True,True
20260892,62,balanced_08,4,fixed_q4_oracle_eta,16000,8000,0,2000,True,True
20260892,62,balanced_08,4,fixed_q8_oracle_eta,15936,10624,0,1328,True,True
20260892,62,balanced_08,4,fixed_q32_oracle_eta,15840,14080,0,440,True,True
20260892,62,independent,16,lyapunov_state_adaptive,15932,10656,768,1319,True,True
20260892,62,independent,16,raw_state_adaptive,15910,10994,768,1229,True,True
20260892,62,independent,16,correlation_only_adaptive,15924,10968,768,1239,True,True
20260892,62,independent,16,state_oracle,15840,14080,0,440,True,True
20260892,62,independent,16,fixed_q1_oracle_eta,16000,3200,0,3200,True,True
20260892,62,independent,16,fixed_q4_oracle_eta,16000,8000,0,2000,True,True
20260892,62,independent,16,fixed_q8_oracle_eta,15936,10624,0,1328,True,True
20260892,62,independent,16,fixed_q32_oracle_eta,15840,14080,0,440,True,True
20260892,62,global_08,16,lyapunov_state_adaptive,15968,3552,768,3104,True,True
20260892,62,global_08,16,raw_state_adaptive,15940,4836,768,2776,True,True
20260892,62,global_08,16,correlation_only_adaptive,15968,3552,768,3104,True,True
20260892,62,global_08,16,state_oracle,15880,11360,0,1130,True,True
20260892,62,global_08,16,fixed_q1_oracle_eta,16000,3200,0,3200,True,True
20260892,62,global_08,16,fixed_q4_oracle_eta,16000,8000,0,2000,True,True
20260892,62,global_08,16,fixed_q8_oracle_eta,15936,10624,0,1328,True,True
20260892,62,global_08,16,fixed_q32_oracle_eta,15840,14080,0,440,True,True
20260892,62,clustered_08,16,lyapunov_state_adaptive,16000,8128,768,1968,True,True
20260892,62,clustered_08,16,raw_state_adaptive,16000,8128,768,1968,True,True
20260892,62,clustered_08,16,correlation_only_adaptive,16000,8128,768,1968,True,True
20260892,62,clustered_08,16,state_oracle,15980,8760,0,1805,True,True
20260892,62,clustered_08,16,fixed_q1_oracle_eta,16000,3200,0,3200,True,True
20260892,62,clustered_08,16,fixed_q4_oracle_eta,16000,8000,0,2000,True,True
20260892,62,clustered_08,16,fixed_q8_oracle_eta,15936,10624,0,1328,True,True
20260892,62,clustered_08,16,fixed_q32_oracle_eta,15840,14080,0,440,True,True
20260892,62,balanced_08,16,lyapunov_state_adaptive,15974,4378,768,2899,True,True
20260892,62,balanced_08,16,raw_state_adaptive,15916,6692,768,2306,True,True
20260892,62,balanced_08,16,correlation_only_adaptive,15974,4378,768,2899,True,True
20260892,62,balanced_08,16,state_oracle,15880,11360,0,1130,True,True
20260892,62,balanced_08,16,fixed_q1_oracle_eta,16000,3200,0,3200,True,True
20260892,62,balanced_08,16,fixed_q4_oracle_eta,16000,8000,0,2000,True,True
20260892,62,balanced_08,16,fixed_q8_oracle_eta,15936,10624,0,1328,True,True
20260892,62,balanced_08,16,fixed_q32_oracle_eta,15840,14080,0,440,True,True
20260893,63,independent,4,lyapunov_state_adaptive,15978,6214,768,2441,True,True
20260893,63,independent,4,raw_state_adaptive,15888,10508,768,1345,True,True
20260893,63,independent,4,correlation_only_adaptive,15950,9146,768,1701,True,True
20260893,63,independent,4,state_oracle,15840,14080,0,440,True,True
20260893,63,independent,4,fixed_q1_oracle_eta,16000,3200,0,3200,True,True
20260893,63,independent,4,fixed_q4_oracle_eta,16000,8000,0,2000,True,True
20260893,63,independent,4,fixed_q8_oracle_eta,15936,10624,0,1328,True,True
20260893,63,independent,4,fixed_q32_oracle_eta,15840,14080,0,440,True,True
20260893,63,global_08,4,lyapunov_state_adaptive,15968,3552,768,3104,True,True
20260893,63,global_08,4,raw_state_adaptive,15940,4836,768,2776,True,True
20260893,63,global_08,4,correlation_only_adaptive,15968,3552,768,3104,True,True
20260893,63,global_08,4,state_oracle,15940,7280,0,2165,True,True
20260893,63,global_08,4,fixed_q1_oracle_eta,16000,3200,0,3200,True,True
20260893,63,global_08,4,fixed_q4_oracle_eta,16000,8000,0,2000,True,True
20260893,63,global_08,4,fixed_q8_oracle_eta,15936,10624,0,1328,True,True
20260893,63,global_08,4,fixed_q32_oracle_eta,15840,14080,0,440,True,True
20260893,63,clustered_08,4,lyapunov_state_adaptive,16000,8128,768,1968,True,True
20260893,63,clustered_08,4,raw_state_adaptive,16000,8128,768,1968,True,True
20260893,63,clustered_08,4,correlation_only_adaptive,16000,8128,768,1968,True,True
20260893,63,clustered_08,4,state_oracle,15900,11800,0,1025,True,True
20260893,63,clustered_08,4,fixed_q1_oracle_eta,16000,3200,0,3200,True,True
20260893,63,clustered_08,4,fixed_q4_oracle_eta,16000,8000,0,2000,True,True
20260893,63,clustered_08,4,fixed_q8_oracle_eta,15936,10624,0,1328,True,True
20260893,63,clustered_08,4,fixed_q32_oracle_eta,15840,14080,0,440,True,True
20260893,63,balanced_08,4,lyapunov_state_adaptive,15970,3806,768,3041,True,True
20260893,63,balanced_08,4,raw_state_adaptive,15922,7518,768,2101,True,True
20260893,63,balanced_08,4,correlation_only_adaptive,15970,3806,768,3041,True,True
20260893,63,balanced_08,4,state_oracle,15900,10000,0,1475,True,True
20260893,63,balanced_08,4,fixed_q1_oracle_eta,16000,3200,0,3200,True,True
20260893,63,balanced_08,4,fixed_q4_oracle_eta,16000,8000,0,2000,True,True
20260893,63,balanced_08,4,fixed_q8_oracle_eta,15936,10624,0,1328,True,True
20260893,63,balanced_08,4,fixed_q32_oracle_eta,15840,14080,0,440,True,True
20260893,63,independent,16,lyapunov_state_adaptive,15928,10020,768,1477,True,True
20260893,63,independent,16,raw_state_adaptive,15824,13136,768,672,True,True
20260893,63,independent,16,correlation_only_adaptive,15956,8516,768,1860,True,True
20260893,63,independent,16,state_oracle,15840,14080,0,440,True,True
20260893,63,independent,16,fixed_q1_oracle_eta,16000,3200,0,3200,True,True
20260893,63,independent,16,fixed_q4_oracle_eta,16000,8000,0,2000,True,True
20260893,63,independent,16,fixed_q8_oracle_eta,15936,10624,0,1328,True,True
20260893,63,independent,16,fixed_q32_oracle_eta,15840,14080,0,440,True,True
20260893,63,global_08,16,lyapunov_state_adaptive,15968,3552,768,3104,True,True
20260893,63,global_08,16,raw_state_adaptive,15940,4836,768,2776,True,True
20260893,63,global_08,16,correlation_only_adaptive,15968,3552,768,3104,True,True
20260893,63,global_08,16,state_oracle,15940,7280,0,2165,True,True
20260893,63,global_08,16,fixed_q1_oracle_eta,16000,3200,0,3200,True,True
20260893,63,global_08,16,fixed_q4_oracle_eta,16000,8000,0,2000,True,True
20260893,63,global_08,16,fixed_q8_oracle_eta,15936,10624,0,1328,True,True
20260893,63,global_08,16,fixed_q32_oracle_eta,15840,14080,0,440,True,True
20260893,63,clustered_08,16,lyapunov_state_adaptive,15996,7492,768,2126,True,True
20260893,63,clustered_08,16,raw_state_adaptive,15968,8840,768,1782,True,True
20260893,63,clustered_08,16,correlation_only_adaptive,15996,7492,768,2126,True,True
20260893,63,clustered_08,16,state_oracle,15912,11368,0,1136,True,True
20260893,63,clustered_08,16,fixed_q1_oracle_eta,16000,3200,0,3200,True,True
20260893,63,clustered_08,16,fixed_q4_oracle_eta,16000,8000,0,2000,True,True
20260893,63,clustered_08,16,fixed_q8_oracle_eta,15936,10624,0,1328,True,True
20260893,63,clustered_08,16,fixed_q32_oracle_eta,15840,14080,0,440,True,True
20260893,63,balanced_08,16,lyapunov_state_adaptive,15976,4696,768,2820,True,True
20260893,63,balanced_08,16,raw_state_adaptive,15948,5980,768,2492,True,True
20260893,63,balanced_08,16,correlation_only_adaptive,15976,4696,768,2820,True,True
20260893,63,balanced_08,16,state_oracle,15900,10000,0,1475,True,True
20260893,63,balanced_08,16,fixed_q1_oracle_eta,16000,3200,0,3200,True,True
20260893,63,balanced_08,16,fixed_q4_oracle_eta,16000,8000,0,2000,True,True
20260893,63,balanced_08,16,fixed_q8_oracle_eta,15936,10624,0,1328,True,True
20260893,63,balanced_08,16,fixed_q32_oracle_eta,15840,14080,0,440,True,True
